Date,Actual,Forecast,Set,Pair
2023-01-04,0.02271014078188292,0.008440249372639526,val,USDMYR_RET
2023-01-05,-0.03407256167215794,-0.004209650968747373,val,USDMYR_RET
2023-01-06,-0.38692938180072256,0.005832668860997148,val,USDMYR_RET
2023-01-09,0.3642115008945383,0.07244783315978826,val,USDMYR_RET
2023-01-10,-0.638248745032509,-0.059279711096672294,val,USDMYR_RET
2023-01-11,-0.06863226596618241,0.1105597873640814,val,USDMYR_RET
2023-01-12,-0.0228842554757167,0.02630105241477451,val,USDMYR_RET
2023-01-13,-0.27504221221724123,0.005702112953219929,val,USDMYR_RET
2023-01-16,-0.5638980037512071,0.051469901249534766,val,USDMYR_RET
2023-01-17,-0.4395115473593273,0.11037826575125065,val,USDMYR_RET
2023-01-18,0.24312496966887956,0.09346700637351463,val,USDMYR_RET
2023-01-19,-0.3011006749061135,-0.03571586930983045,val,USDMYR_RET
2023-01-20,-0.11604126970002256,0.050640726529718114,val,USDMYR_RET
2023-01-23,-0.5355756130324211,0.02791599121108157,val,USDMYR_RET
2023-01-24,-0.02334915396647861,0.10174547545977847,val,USDMYR_RET
2023-01-25,0,0.01572275228991049,val,USDMYR_RET
2023-01-26,0.02334915396648738,4.967654522442834e-4,val,USDMYR_RET
2023-01-27,-0.9383123439272896,-0.004328101245980265,val,USDMYR_RET
2023-01-30,-0.03536165307276066,0.17343291228679578,val,USDMYR_RET
2023-01-31,0,0.026517876043407444,val,USDMYR_RET
2023-02-01,0.512653780128457,7.523376481226585e-4,val,USDMYR_RET
2023-02-02,0.00469746218573713,-0.09502774566115356,val,USDMYR_RET
2023-02-03,-0.4819895892414131,-0.011777719195482927,val,USDMYR_RET
2023-02-06,0.29416528727753155,0.08924375623240904,val,USDMYR_RET
2023-02-07,0.16435715770361203,-0.04427318315674761,val,USDMYR_RET
2023-02-08,0.8991783434058345,-0.03672448141986484,val,USDMYR_RET
2023-02-09,-0.08140919537196324,-0.1701724127534751,val,USDMYR_RET
2023-02-10,0.3368297376391082,-0.004040124820889945,val,USDMYR_RET
2023-02-13,0.4165737675367382,-0.06070420938752563,val,USDMYR_RET
2023-02-14,0.6904563588962702,-0.08438416321610931,val,USDMYR_RET
2023-02-15,-0.2986107895350274,-0.1368488334885149,val,USDMYR_RET
2023-02-16,0.9843216585613552,0.0406619814246898,val,USDMYR_RET
2023-02-17,0.26162463792371565,-0.17610506482839067,val,USDMYR_RET
2023-02-20,0.6341291069409256,-0.06943784419654253,val,USDMYR_RET
2023-02-21,-0.03387253064925078,-0.12311114413676971,val,USDMYR_RET
2023-02-22,0.04515364913674324,-0.0072126677791015115,val,USDMYR_RET
2023-02-23,0.20296097628271825,-0.007649221994895428,val,USDMYR_RET
2023-02-24,-0.16910373427626654,-0.0385824012536603,val,USDMYR_RET
2023-02-27,0.03384578275775543,0.027027706560834433,val,USDMYR_RET
2023-02-28,0.8982759982528895,-0.0026760319273546607,val,USDMYR_RET
2023-03-01,0.26791897423887717,-0.16722845240795464,val,USDMYR_RET
2023-03-02,-0.3350163591371596,-0.06877392350242278,val,USDMYR_RET
2023-03-03,0.06709738489827696,0.056399980611408,val,USDMYR_RET
2023-03-06,0.01117141568475921,-0.005309816458537635,val,USDMYR_RET
2023-03-07,0,-0.0034983143721276414,val,USDMYR_RET
2023-03-08,0.04470515003709369,-2.376777065591154e-4,val,USDMYR_RET
2023-03-09,1.0336236386879836,-0.00828674203163815,val,USDMYR_RET
2023-03-10,-0.06635953343751774,-0.19254812140126207,val,USDMYR_RET
2023-03-13,-0.04426416596801047,-0.009690189858466161,val,USDMYR_RET
2023-03-14,-0.5038198162742905,0.009616833048406437,val,USDMYR_RET
2023-03-15,-0.2740555132827049,0.0943319867671844,val,USDMYR_RET
2023-03-16,-0.01561917974605407,0.06151915780115776,val,USDMYR_RET
2023-03-17,0.4164241281793671,0.00872591369299669,val,USDMYR_RET
2023-03-20,-0.3784975851078337,-0.07685789051349978,val,USDMYR_RET
2023-03-21,0.0111571335599588,0.06130032597324707,val,USDMYR_RET
2023-03-22,-0.3015630572309957,0.005984598867165236,val,USDMYR_RET
2023-03-23,-0.3922655493196805,0.055661672671729334,val,USDMYR_RET
2023-03-24,-0.8344591119439662,0.07912796857320892,val,USDMYR_RET
2023-03-27,0.22621323873617555,0.16302464323098736,val,USDMYR_RET
2023-03-28,-0.16960923855124738,-0.024178321112499068,val,USDMYR_RET
2023-03-29,-0.23795673903861447,0.026626705008296614,val,USDMYR_RET
2023-03-30,0.28094702480270584,0.04771722651772792,val,USDMYR_RET
2023-03-31,0.00226554153410409,-0.047014914655815844,val,USDMYR_RET
2023-04-03,-0.21516403901311867,-0.006397245449827393,val,USDMYR_RET
2023-04-04,0.14726181991262405,0.039835546243476544,val,USDMYR_RET
2023-04-05,-0.2947516474892205,-0.022719367299707693,val,USDMYR_RET
2023-04-06,-0.15907217915422203,0.05150338166049234,val,USDMYR_RET
2023-04-07,-0.01136578939830135,0.03575730981350734,val,USDMYR_RET
2023-04-10,0.3179277961291258,0.0054911561445618595,val,USDMYR_RET
2023-04-11,0.01132971381901041,-0.05869067294748885,val,USDMYR_RET
2023-04-12,0.11329138248271456,-0.008864205282079804,val,USDMYR_RET
2023-04-13,-0.13596290652410187,-0.02124123147259281,val,USDMYR_RET
2023-04-14,-0.27248165027537613,0.022792345326236252,val,USDMYR_RET
2023-04-17,0.03410354698013767,0.05340107168770002,val,USDMYR_RET
2023-04-18,0.4535665209498724,-5.243930451307999e-4,val,USDMYR_RET
2023-04-19,0.2824446560219901,-0.08480064379371971,val,USDMYR_RET
2023-04-20,-0.10159466157434492,-0.062005040852007504,val,USDMYR_RET
2023-04-21,0.1805342680589065,0.0128228729182992,val,USDMYR_RET
2023-04-24,-0.01127788004143538,-0.03130314158595805,val,USDMYR_RET
2023-04-25,0.00676258026990745,-0.0017504437512903702,val,USDMYR_RET
2023-04-26,0.17345592309400548,-0.0010135986488869764,val,USDMYR_RET
2023-04-27,0.2697255904145789,-0.0322964255661804,val,USDMYR_RET
2023-04-28,0.11217307877978408,-0.0536878799045826,val,USDMYR_RET
2023-05-01,-0.04484985479728456,-0.026531445114695445,val,USDMYR_RET
2023-05-02,0,0.005927024269020547,val,USDMYR_RET
2023-05-03,0.08967960351702353,9.542040980778099e-4,val,USDMYR_RET
2023-05-04,-0.2580620084036688,-0.016623403326653352,val,USDMYR_RET
2023-05-05,0.01123860398436108,0.04592752152189352,val,USDMYR_RET
2023-05-08,-0.3713919160536957,0.003407167322557192,val,USDMYR_RET
2023-05-09,0.01126839919496217,0.06860372186192307,val,USDMYR_RET
2023-05-10,0.27021146737321716,0.005812797360334243,val,USDMYR_RET
2023-05-11,0,-0.050327319855997324,val,USDMYR_RET
2023-05-12,0.34794509433553755,-0.0057488901732353215,val,USDMYR_RET
2023-05-15,0.3132330284909511,-0.06449662366729941,val,USDMYR_RET
2023-05-16,0.4124143702460033,-0.06546495711286177,val,USDMYR_RET
2023-05-17,-0.06675826588370429,-0.08311112683411939,val,USDMYR_RET
2023-05-18,0.62139298191994,0.0036002727432447035,val,USDMYR_RET
2023-05-19,0.30925447925693095,-0.11376380244701134,val,USDMYR_RET
2023-05-22,0.04409823905624917,-0.07054522253980001,val,USDMYR_RET
2023-05-23,0.20921721326007864,-0.014753793013058403,val,USDMYR_RET
2023-05-24,0.471882605148055,-0.03971963028684211,val,USDMYR_RET
2023-05-25,0.4805669466060325,-0.0919214279858156,val,USDMYR_RET
2023-05-26,0.7381691904409325,-0.09911953895447079,val,USDMYR_RET
2023-05-29,-0.5313761945009456,-0.14705458083767542,val,USDMYR_RET
2023-05-30,0.08695114197649585,0.08279327895803418,val,USDMYR_RET
2023-05-31,-0.0978188710435019,-0.004812337548330284,val,USDMYR_RET
2023-06-01,0.3256949256548231,0.016282202550991665,val,USDMYR_RET
2023-06-02,-0.04336199214660949,-0.058291087539086614,val,USDMYR_RET
2023-06-05,-0.7838109424624053,0.0011084386714150796,val,USDMYR_RET
2023-06-06,0,0.14621317163026276,val,USDMYR_RET
2023-06-07,0.6536016812374804,0.01667598739831677,val,USDMYR_RET
2023-06-08,0,-0.12115446473987672,val,USDMYR_RET
2023-06-09,0.26024919838446525,-0.013905717322079458,val,USDMYR_RET
2023-06-12,-0.1192028463370108,-0.04824092904650225,val,USDMYR_RET
2023-06-13,0.13002585453455526,0.01655902297697079,val,USDMYR_RET
2023-06-14,-0.07582700608333608,-0.02156605793400316,val,USDMYR_RET
2023-06-15,0.1083096509724738,0.01128925730907604,val,USDMYR_RET
2023-06-16,0.09737436193885514,-0.0184634911815255,val,USDMYR_RET
2023-06-19,-0.24903660578382844,-0.020354081808017316,val,USDMYR_RET
2023-06-20,0.2814771038948801,0.0440908234328197,val,USDMYR_RET
2023-06-21,0.2806870336413945,-0.046877442478460096,val,USDMYR_RET
2023-06-22,0.12928340347911227,-0.05801794800749385,val,USDMYR_RET
2023-06-23,0.08608933294991558,-0.02993630012855232,val,USDMYR_RET
2023-06-26,0.5578221747026683,-0.01870846704896101,val,USDMYR_RET
2023-06-27,-0.06420080754716383,-0.10523195227154435,val,USDMYR_RET
2023-06-28,-0.19286032651741447,3.2584060679324844e-5,val,USDMYR_RET
2023-06-29,0.15003687813638694,0.037115338908623646,val,USDMYR_RET
2023-06-30,0,-0.02370828736138258,val,USDMYR_RET
2023-07-03,-0.0857121730802056,-0.00319211298738048,val,USDMYR_RET
2023-07-04,-0.01071279986386137,0.01588798307795493,val,USDMYR_RET
2023-07-05,-0.32210341599723635,0.003809342684939321,val,USDMYR_RET
2023-07-06,0.01075761449654331,0.05993441762343422,val,USDMYR_RET
2023-07-07,0.2148175284981716,0.004858840049362129,val,USDMYR_RET
2023-07-10,0.1501012340222543,-0.04004838998980073,val,USDMYR_RET
2023-07-11,0.021433408840951,-0.03239377605608029,val,USDMYR_RET
2023-07-12,-0.2681459405285357,-0.007166472547648239,val,USDMYR_RET
2023-07-13,-0.16123337516254982,0.04924869671597301,val,USDMYR_RET
2023-07-14,-1.3210776335761985,0.035591868233923796,val,USDMYR_RET
2023-07-17,-1.3940169435430774,0.2483110493326186,val,USDMYR_RET
2023-07-18,0.29800173053981543,0.28650769136909976,val,USDMYR_RET
2023-07-19,0.0660963451541371,-0.02558046448771946,val,USDMYR_RET
2023-07-20,0,-0.01859205001092025,val,USDMYR_RET
2023-07-21,0,-0.0014062342832347663,val,USDMYR_RET
2023-07-24,0.5162853441573699,0,val,USDMYR_RET
2023-07-25,0.16421639553186085,-0.09570090824430133,val,USDMYR_RET
2023-07-26,0,-0.04142410941216958,val,USDMYR_RET
2023-07-27,-0.46047461651236743,-0.0034937896297839166,val,USDMYR_RET
2023-07-28,-0.7057828973802529,0.08535558780116659,val,USDMYR_RET
2023-07-31,0.7497260971543727,0.14062384116249294,val,USDMYR_RET
2023-08-01,-0.5286392938459261,-0.12395660670139796,val,USDMYR_RET
2023-08-02,-0.1878994640633382,0.08204007585909515,val,USDMYR_RET
2023-08-03,0.771445851576966,0.04607694325701439,val,USDMYR_RET
2023-08-04,-0.28584036977555577,-0.13900091600033798,val,USDMYR_RET
2023-08-07,0.2419108224277727,0.036571706814812616,val,USDMYR_RET
2023-08-08,0.08782934013066065,-0.03876024427709179,val,USDMYR_RET
2023-08-09,0.5144205723171325,-0.02142720958015798,val,USDMYR_RET
2023-08-10,-0.2514048826489126,-0.097223861092879,val,USDMYR_RET
2023-08-11,0.02188504100438563,0.03565694152268915,val,USDMYR_RET
2023-08-14,0.3277229676547623,0.0012920633882257393,val,USDMYR_RET
2023-08-15,0.7064153104893643,-0.06121377755212454,val,USDMYR_RET
2023-08-16,0.34594183703580494,-0.13791670731917893,val,USDMYR_RET
2023-08-17,-0.12959056073487166,-0.07915464602065339,val,USDMYR_RET
2023-08-18,0.4958561512357651,0.016661379457982628,val,USDMYR_RET
2023-08-21,-0.10758719488283702,-0.08915695684170458,val,USDMYR_RET
2023-08-22,0.03229036642005356,0.009393234004190683,val,USDMYR_RET
2023-08-23,-0.0107657181256148,-0.003696509678165938,val,USDMYR_RET
2023-08-24,0,0.0013085861526033241,val,USDMYR_RET
2023-08-25,-0.0645878491861498,2.290462789822506e-4,val,USDMYR_RET
2023-08-28,-0.11853493459033082,0.011972286059657,val,USDMYR_RET
2023-08-29,0.3121837191516689,0.02334629387366466,val,USDMYR_RET
2023-08-30,-0.19364878456134504,-0.05534584616219276,val,USDMYR_RET
2023-08-31,-0.11853493459033082,0.029253713444827772,val,USDMYR_RET
2023-09-01,0,0.026092132717366413,val,USDMYR_RET
2023-09-04,0.16159813548202767,0.002521892676413451,val,USDMYR_RET
2023-09-05,0.1613374171674045,-0.029954536790999353,val,USDMYR_RET
2023-09-06,-0.2151744520318176,-0.03334429368351127,val,USDMYR_RET
2023-09-07,0.633423301797264,0.036453139165579795,val,USDMYR_RET
2023-09-08,0.106965770240809,-0.11283616320951406,val,USDMYR_RET
2023-09-11,-0.0641698119178788,-0.03330405450887413,val,USDMYR_RET
2023-09-12,-0.04279595832293078,0.009619044185074005,val,USDMYR_RET
2023-09-13,0.06419727106604915,0.009298092191684038,val,USDMYR_RET
2023-09-14,0,-0.010989380414693316,val,USDMYR_RET
2023-09-15,0.08551871472364433,-0.0013658304896082968,val,USDMYR_RET
2023-09-18,0.05341717467236485,-0.015852122791313282,val,USDMYR_RET
2023-09-19,0.10674882364314645,-0.011721096346534454,val,USDMYR_RET
2023-09-20,0.15989971857026208,-0.020923906889807914,val,USDMYR_RET
2023-09-21,-0.22393940989564545,-0.0319108478148252,val,USDMYR_RET
2023-09-22,0.11737140111797682,0.0381084378586576,val,USDMYR_RET
2023-09-25,-0.08534642910280539,-0.016992048009895566,val,USDMYR_RET
2023-09-26,-0.04269545400018448,0.01332304928175862,val,USDMYR_RET
2023-09-27,0.09604423596906488,0.009730005867993163,val,USDMYR_RET
2023-09-28,0.3938867395127798,-0.016894811324553283,val,USDMYR_RET
2023-09-29,0,-0.07505595915348125,val,USDMYR_RET
2023-10-02,-0.2808829858588303,-0.008380146217203732,val,USDMYR_RET
2023-10-03,0.4613426571687695,0.05206569808975198,val,USDMYR_RET
2023-10-04,0.15896091099649176,-0.07954055930607506,val,USDMYR_RET
2023-10-05,0.14813185068681958,-0.039280995448083306,val,USDMYR_RET
2023-10-06,-0.08462422594668906,-0.030840343825771818,val,USDMYR_RET
2023-10-09,-0.29673483319015403,0.012534733908637796,val,USDMYR_RET
2023-10-10,0.3919257525258413,0.05680449043391339,val,USDMYR_RET
2023-10-11,-0.11635564654487808,-0.0663358820818754,val,USDMYR_RET
2023-10-12,-0.1694893828340696,0.01322976607766338,val,USDMYR_RET
2023-10-13,-0.12730835342184643,0.0338928200797968,val,USDMYR_RET
2023-10-16,0.33912271216539125,0.027204408086677845,val,USDMYR_RET
2023-10-17,0.15857441435772712,-0.06015271659594246,val,USDMYR_RET
2023-10-18,0.01056672127459201,-0.03660905954298603,val,USDMYR_RET
2023-10-19,0.16884547578889542,-0.005332447178000993,val,USDMYR_RET
2023-10-20,0.4313691040166338,-0.03152274798775051,val,USDMYR_RET
2023-10-23,0.05248086828496661,-0.08355273850656716,val,USDMYR_RET
2023-10-24,0,-0.018905686265506053,val,USDMYR_RET
2023-10-25,0.4710825500321066,-0.001116557897780035,val,USDMYR_RET
2023-10-26,-0.2195610560064361,-0.08732192072911577,val,USDMYR_RET
2023-10-27,0.14225118831299963,0.030676269687846813,val,USDMYR_RET
2023-10-30,-0.16318550271055252,-0.02169702588901007,val,USDMYR_RET
2023-10-31,-0.33556645548874203,0.027222309751570972,val,USDMYR_RET
2023-11-01,0,0.06567392190589288,val,USDMYR_RET
2023-11-02,0.18889341868645437,0.0071393516980614025,val,USDMYR_RET
2023-11-03,-0.4202565685624607,-0.03501410980233943,val,USDMYR_RET
2023-11-06,-0.4854941579861591,0.07388178843408105,val,USDMYR_RET
2023-11-07,-1.987455904574427,0.09893449748767069,val,USDMYR_RET
2023-11-08,0,0.37873265620526625,val,USDMYR_RET
2023-11-09,1.0371299807707384,0.04228416295806314,val,USDMYR_RET
2023-11-10,0.1856710647624041,-0.1922469468683979,val,USDMYR_RET
2023-11-13,0,-0.05648228250871068,val,USDMYR_RET
2023-11-14,0.3405664032944831,-0.003950248929267042,val,USDMYR_RET
2023-11-15,0.2440784043388095,-0.06312887724126925,val,USDMYR_RET
2023-11-16,-1.0119954717206152,-0.05248916817485494,val,USDMYR_RET
2023-11-17,0,0.18239500879896794,val,USDMYR_RET
2023-11-20,0,0.021530732501066185,val,USDMYR_RET
2023-11-21,-0.16073235020462093,0,val,USDMYR_RET
2023-11-22,-0.26845244074031094,0.02979405104735,val,USDMYR_RET
2023-11-23,0.5468850835377568,0.053181182653407655,val,USDMYR_RET
2023-11-24,0.0213842504332368,-0.09566154373486824,val,USDMYR_RET
2023-11-27,0.13890154887386952,-0.015599144076766297,val,USDMYR_RET
2023-11-28,-0.0213545648281227,-0.02620235938591487,val,USDMYR_RET
2023-11-29,-0.24593134295309424,0.001003172445982331,val,USDMYR_RET
2023-11-30,0,0.04604123830174663,val,USDMYR_RET
2023-12-01,-0.2894611933543872,0.005232317838090972,val,USDMYR_RET
2023-12-04,0.2894611933543937,0.05365579212926558,val,USDMYR_RET
2023-12-05,-0.0107001841187232,-0.047497353976419694,val,USDMYR_RET
2023-12-06,-0.171450894636549,-0.0041750052506129565,val,USDMYR_RET
2023-12-07,0.09647665713344142,0.032008539306238204,val,USDMYR_RET
2023-12-08,0.11778851860821957,-0.01423562751834559,val,USDMYR_RET
2023-12-11,-0.20354663130972292,-0.023886385997661047,val,USDMYR_RET
2023-12-12,0.37463087339803475,0.03522428106181236,val,USDMYR_RET
2023-12-13,0.04273300387838684,-0.06511265537772372,val,USDMYR_RET
2023-12-14,0.33050977411049426,-0.015891644001808924,val,USDMYR_RET
2023-12-15,-0.5871413011823111,-0.06217390348349727,val,USDMYR_RET
2023-12-18,0,0.10180331001363581,val,USDMYR_RET
2023-12-19,0.4593312572430666,0.01249173800609088,val,USDMYR_RET
2023-12-20,-0.20269973017125872,-0.08514364972901349,val,USDMYR_RET
2023-12-21,-0.5568663364339019,0.027800795519674737,val,USDMYR_RET
2023-12-22,-0.06445932964615464,0.10753572104994508,val,USDMYR_RET
2023-12-25,0,0.02379608542615095,val,USDMYR_RET
2023-12-26,-0.5063294673738817,0.0013714059228444597,val,USDMYR_RET
2023-12-27,0.14031072600243746,0.09385544340333588,val,USDMYR_RET
2023-12-28,-0.19432806180101053,-0.015236185503828714,val,USDMYR_RET
2023-12-29,-0.4766004746853967,0.03303631498852888,val,USDMYR_RET
2024-01-01,-0.27180900570383826,0.0924791784286596,val,USDMYR_RET
2024-01-02,0,0.06052362961976142,val,USDMYR_RET
2024-01-03,0.18490509007130235,0.00578287863604765,val,USDMYR_RET
2024-01-04,0,-0.03427481577595228,val,USDMYR_RET
2024-01-05,0.693094951052815,-0.003933952417437103,val,USDMYR_RET
2024-01-08,0.4092639792877103,-0.1284751098707847,val,USDMYR_RET
2024-01-09,-0.06450451839864668,-0.09060891750230617,val,USDMYR_RET
2024-01-10,-0.17223629388515016,0.0032495344714934815,val,USDMYR_RET
2024-01-11,0,0.033298839672623336,val,USDMYR_RET
2024-01-12,0.05385443214847262,0.0036644171582221954,val,USDMYR_RET
2024-01-15,0.02153160130170498,-0.009982692958293533,val,USDMYR_RET
2024-01-16,0.4832751525672368,-0.005136972925683658,val,USDMYR_RET
2024-01-17,-0.4940352398000387,-0.09004009090236154,val,USDMYR_RET
2024-01-18,1.5172873112051517,0.08129460022138413,val,USDMYR_RET
2024-01-19,0,-0.2707401506661155,val,USDMYR_RET
2024-01-22,-0.063652476634028,-0.032281080437323265,val,USDMYR_RET
2024-01-23,0.2543469808725463,0.011798901314577809,val,USDMYR_RET
2024-01-24,0,-0.04579262850460615,val,USDMYR_RET
2024-01-25,0.05290846570556085,-0.005411364932601637,val,USDMYR_RET
2024-01-26,0.05288048745033336,-0.009807344483308167,val,USDMYR_RET
2024-01-29,-0.08462422594668906,-0.010927813567970651,val,USDMYR_RET
2024-01-30,0.14803787510990749,0.014561256437162357,val,USDMYR_RET
2024-01-31,-0.1374521457026616,-0.025640523022868428,val,USDMYR_RET
2024-02-01,0.03174037890114242,0.02232914742214548,val,USDMYR_RET
2024-02-02,-0.02963143989061903,-0.002959169152215741,val,USDMYR_RET
2024-02-05,-0.22455389986549756,0.004817320079047921,val,USDMYR_RET
2024-02-06,0.6932377738339139,0.04225471684548299,val,USDMYR_RET
2024-02-07,0.3196398035445561,-0.12372408256065881,val,USDMYR_RET
2024-02-08,-0.08401989549250617,-0.0739988271394131,val,USDMYR_RET
2024-02-09,0.1784517223006967,0.00877379125167177,val,USDMYR_RET
2024-02-12,-0.10493420860084984,-0.03129102413319769,val,USDMYR_RET
2024-02-13,0,0.015654409962065574,val,USDMYR_RET
2024-02-14,0.03149382778045751,0.002232530123632521,val,USDMYR_RET
2024-02-15,0.3980324421745448,-0.005837833587158114,val,USDMYR_RET
2024-02-16,-0.10459397478477808,-0.07445108105465159,val,USDMYR_RET
2024-02-19,-0.01045942840576507,0.010919648172656084,val,USDMYR_RET
2024-02-20,0.1464122679735361,0.0041640968422577695,val,USDMYR_RET
2024-02-21,0.24632219049773335,-0.026917088202121353,val,USDMYR_RET
2024-02-22,-0.07925737383364931,-0.04877435549717997,val,USDMYR_RET
2024-02-23,-0.3658206012593685,0.009450859949735657,val,USDMYR_RET
2024-02-26,-0.04190054330745759,0.06949634781633271,val,USDMYR_RET
2024-02-27,0.04190054330744883,0.015549892327676208,val,USDMYR_RET
2024-02-28,-0.3146277577183601,-0.006875411913477236,val,USDMYR_RET
2024-02-29,0.13645658234347777,0.0574293205561114,val,USDMYR_RET
2024-03-01,-0.5153272787844508,-0.01860031863830003,val,USDMYR_RET
2024-03-04,0.02108439663429253,0.09262013196105358,val,USDMYR_RET
2024-03-05,-0.4649170556134663,0.007055561224706353,val,USDMYR_RET
2024-03-06,0.24329374490729125,0.08573047617578974,val,USDMYR_RET
2024-03-07,-0.05284136863269546,-0.035206638761487115,val,USDMYR_RET
2024-03-08,0,0.004618705515246341,val,USDMYR_RET
2024-03-11,-1.0199803247733874,0.0011242277310652415,val,USDMYR_RET
2024-03-12,-0.02135912597654085,0.18906801166600032,val,USDMYR_RET
2024-03-13,-0.1261291291427749,0.025659835381125984,val,USDMYR_RET
2024-03-14,0.2328791670111723,0.023834273296209546,val,USDMYR_RET
2024-03-15,0,-0.04048403725380457,val,USDMYR_RET
2024-03-18,0.34086677282235534,-0.004954625974228577,val,USDMYR_RET
2024-03-19,0.29730195259904685,-0.06318455504996862,val,USDMYR_RET
2024-03-20,0.29642068746012606,-0.062361308256496495,val,USDMYR_RET
2024-03-21,0.17954483481606082,-0.061271088782055616,val,USDMYR_RET
2024-03-22,-0.5544580729027975,-0.039587720457201714,val,USDMYR_RET
2024-03-25,0.4805680679957104,0.09895686192421232,val,USDMYR_RET
2024-03-26,-0.27492903206597946,-0.07728381255802241,val,USDMYR_RET
2024-03-27,-0.06355808717853273,0.04073771041015045,val,USDMYR_RET
2024-03-28,0.2434068290895415,0.0176306636998399,val,USDMYR_RET
2024-03-29,0,-0.04376672233213482,val,USDMYR_RET
2024-04-01,-0.17984874191101508,-0.005178607486404335,val,USDMYR_RET
2024-04-02,0.10583373304853576,0.03333754897801777,val,USDMYR_RET
2024-04-03,0.5274749710402942,-0.01579142742355033,val,USDMYR_RET
2024-04-04,0.01052558649133791,-0.10002673437314459,val,USDMYR_RET
2024-04-05,-0.3266785894802284,-0.013173374375182012,val,USDMYR_RET
2024-04-08,0.16873864179580544,0.06033063401152727,val,USDMYR_RET
2024-04-09,0.10532101028713248,-0.024327874550615664,val,USDMYR_RET
2024-04-10,-0.09477989694588317,-0.023112765641488384,val,USDMYR_RET
2024-04-11,0,0.015328056480029694,val,USDMYR_RET
2024-04-12,0,0.0020164918368170397,val,USDMYR_RET
2024-04-15,0.4625223412421003,0,val,USDMYR_RET
2024-04-16,0.18860653580903344,-0.08573516300834125,val,USDMYR_RET
2024-04-17,-0.04188738107302973,-0.04480133644914144,val,USDMYR_RET
2024-04-18,0.3345590313016871,0.0037517254492956398,val,USDMYR_RET
2024-04-19,-0.16714458876345473,-0.06112414858701687,val,USDMYR_RET
2024-04-22,-0.03136200943600866,0.023864733394566913,val,USDMYR_RET
2024-04-23,-0.1151115419114,0.009369487633587248,val,USDMYR_RET
2024-04-24,0.04187861223675249,0.022004821738366005,val,USDMYR_RET
2024-04-25,-0.03140481885135912,-0.005313744421049094,val,USDMYR_RET
2024-04-26,-0.02093869777038488,0.0049303451430582935,val,USDMYR_RET
2024-04-29,-0.20964848185773063,0.004549442480914823,val,USDMYR_RET
2024-04-30,-0.04197848649230226,0.039306840775940315,val,USDMYR_RET
2024-05-01,0.04197848649230734,0.012241696765731797,val,USDMYR_RET
2024-05-02,0.10487918152622835,-0.006888201520949183,val,USDMYR_RET
2024-05-03,-0.3780749346006072,-0.02033397778563606,val,USDMYR_RET
2024-05-06,-0.3055940886408187,0.06785026317230747,val,USDMYR_RET
2024-05-07,-0.0105589143480776,0.06468999792659032,val,USDMYR_RET
2024-05-08,-0.03167336471708248,0.008458920450671904,val,USDMYR_RET
2024-05-09,0.0949799541127344,0.0060957597590906715,val,USDMYR_RET
2024-05-10,-0.20061354858454697,-0.016932032096671573,val,USDMYR_RET
2024-05-13,0.12674692981637029,0.0351658561551666,val,USDMYR_RET
2024-05-14,-0.14789712765156843,-0.01922620688174645,val,USDMYR_RET
2024-05-15,-0.3600876944229508,0.024718250921776652,val,USDMYR_RET
2024-05-16,-0.16990333817765915,0.06989401777640264,val,USDMYR_RET
2024-05-17,-0.45805906926346784,0.03915507933789858,val,USDMYR_RET
2024-05-20,0.04269545400017968,0.08852261371037595,val,USDMYR_RET
2024-05-21,-0.07473410433295236,0.0018312300780938678,val,USDMYR_RET
2024-05-22,0.18140322252015317,0.012944672170961707,val,USDMYR_RET
2024-05-23,0,-0.03203568717525565,val,USDMYR_RET
2024-05-24,0.25553854769869694,-0.0038594483553094916,val,USDMYR_RET
2024-05-27,0.14876146182260724,-0.04736774224360077,val,USDMYR_RET
2024-05-28,-0.3083990538169209,-0.03301179098771739,val,USDMYR_RET
2024-05-29,-0.0681892717078075,0.05400121888934488,val,USDMYR_RET
2024-05-30,0.2490906064392296,0.01920121251183929,val,USDMYR_RET
2024-05-31,-0.03190238101362877,-0.044721761276327515,val,USDMYR_RET
2024-06-03,0.0637945876538862,6.140319806777067e-4,val,USDMYR_RET
2024-06-04,0,-0.011146503807085309,val,USDMYR_RET
2024-06-05,-0.1063401693324661,-0.0013572631895835685,val,USDMYR_RET
2024-06-06,-0.08515566088376104,0.01971167863496001,val,USDMYR_RET
2024-06-07,-0.07456692355784277,0.018047268217438975,val,USDMYR_RET
2024-06-10,-0.07462256731314323,0.015633782092218135,val,USDMYR_RET
2024-06-11,0.6378295165047101,0.015418815541954012,val,USDMYR_RET
2024-06-12,-0.03179756640983585,-0.11664323322451434,val,USDMYR_RET
2024-06-13,-0.04240574719045827,-0.007676020368062447,val,USDMYR_RET
2024-06-14,-0.21231916258062436,0.008537024510425567,val,USDMYR_RET
2024-06-17,0.25472490977106493,0.04025861252363555,val,USDMYR_RET
2024-06-18,0.01060368154953185,-0.04269972162476679,val,USDMYR_RET
2024-06-19,-0.11666190537402082,-0.007384950331577378,val,USDMYR_RET
2024-06-20,-0.169921389592668,0.021399361881140222,val,USDMYR_RET
2024-06-21,0.08500185050617419,0.033979414557644964,val,USDMYR_RET
2024-06-24,0.05307810067756011,-0.012141148220885148,val,USDMYR_RET
2024-06-25,-0.03184145432902538,-0.011647247552329355,val,USDMYR_RET
2024-06-26,-0.148761461822609,0.0047730068347602295,val,USDMYR_RET
2024-06-27,0.16999359917720558,0.028252518428504014,val,USDMYR_RET
2024-06-28,0.14850897920784478,-0.028345778802033733,val,USDMYR_RET
2024-07-01,-0.04240574719045827,-0.031144976223396053,val,USDMYR_RET
2024-07-02,-0.09549391504295984,0.00470090852930849,val,USDMYR_RET
2024-07-03,0.1272948561840157,0.018603373958870226,val,USDMYR_RET
2024-07-04,-0.04241024542995134,-0.021564248044562254,val,USDMYR_RET
2024-07-05,-0.15921399907323047,0.00515308389587682,val,USDMYR_RET
2024-07-08,0.02125128764161357,0.030414902978345364,val,USDMYR_RET
2024-07-09,0,-5.51870542529447e-4,val,USDMYR_RET
2024-07-10,-0.0637471468600961,-4.5213224989718026e-4,val,USDMYR_RET
2024-07-11,-0.14888803289169783,0.011816449801516166,val,USDMYR_RET
2024-07-12,-0.18109404373567684,0.02895479047676469,val,USDMYR_RET
2024-07-15,-0.4809508321971248,0.036736054272302365,val,USDMYR_RET
2024-07-16,0.0428520119243447,0.09300401906379874,val,USDMYR_RET
2024-07-17,0.09633208475021753,0.002289244035906385,val,USDMYR_RET
2024-07-18,-0.26782995970440976,-0.018768235275138878,val,USDMYR_RET
2024-07-19,0.08578570187398664,0.04759661665925875,val,USDMYR_RET
2024-07-22,0.4278077354804962,-0.010203390343515584,val,USDMYR_RET
2024-07-23,-0.00426465383212941,-0.08112544757207933,val,USDMYR_RET
2024-07-24,-0.16663684072207918,-0.008311318256056383,val,USDMYR_RET
2024-07-25,-0.1497800513459177,0.03097926595898204,val,USDMYR_RET
2024-07-26,-0.20363388580467248,0.031309170920899465,val,USDMYR_RET
2024-07-29,-0.11807933591518104,0.040933116085955026,val,USDMYR_RET
2024-07-30,-0.39822100478600864,0.02622011920225381,val,USDMYR_RET
2024-07-31,-0.3565065429894657,0.07632818577728484,val,USDMYR_RET
2024-08-01,-0.6079019644166881,0.07455597119052648,val,USDMYR_RET
2024-08-02,-0.5568572596205927,0.12026822846397389,val,USDMYR_RET
2024-08-05,-1.5781445618533114,0.11615492781295078,val,USDMYR_RET
2024-08-06,-1.6260465222373792,0.3043792037649806,val,USDMYR_RET
2024-08-07,1.1018727647107878,0.3349869415876915,val,USDMYR_RET
2024-08-08,0.5019259537158225,-0.16965296282478648,val,USDMYR_RET
2024-08-09,-0.49074012764929326,-0.11648210773924977,val,USDMYR_RET
2024-08-12,-1.1696049798698955,0.08028699828829677,val,USDMYR_RET
2024-08-13,0.7550544284777254,0.2272438444554089,val,USDMYR_RET
2024-08-14,0,-0.11507623230209657,val,USDMYR_RET
2024-08-15,-0.822956647578226,-0.016064177535951907,val,USDMYR_RET
2024-08-16,0.3796362747278631,0.15254684160648058,val,USDMYR_RET
2024-08-19,-0.25518766653479574,-0.052862206666191736,val,USDMYR_RET
2024-08-20,-1.0227378992243563,0.039225741245229484,test,USDMYR_RET
2024-08-21,-0.05712784397846999,0.195008418679872,test,USDMYR_RET
2024-08-22,-0.1372379444689545,0.03234875014414751,test,USDMYR_RET
2024-08-23,0.3997475262421784,0.02665445003252931,test,USDMYR_RET
2024-08-26,-0.30823100480027427,-0.0711791399055609,test,USDMYR_RET
2024-08-27,-0.5503377226667032,0.048630208910277584,test,USDMYR_RET
2024-08-28,-0.20715450818271053,0.10857078167875278,test,USDMYR_RET
2024-08-29,0.05758841774150717,0.05010778781719384,test,USDMYR_RET
2024-08-30,-0.7744405273383348,-0.006267520435610963,test,USDMYR_RET
2024-09-02,0.3359433418496616,0.14232845779753187,test,USDMYR_RET
2024-09-03,0.6685088302483431,-0.04579529944311245,test,USDMYR_RET
2024-09-04,0.17217040876871817,-0.13106508919687096,test,USDMYR_RET
2024-09-05,-0.4597704712699258,-0.04613713428960814,test,USDMYR_RET
2024-09-06,-0.23068588762635167,0.0815620489430392,test,USDMYR_RET
2024-09-09,0.11540946377187336,0.052542801572835834,test,USDMYR_RET
2024-09-10,0.5750468951244189,-0.016484839887915825,test,USDMYR_RET
2024-09-11,-0.5404478135575265,-0.1090486028488879,test,USDMYR_RET
2024-09-12,-0.03459908156688296,0.08794534599731833,test,USDMYR_RET
2024-09-13,-0.173164181658998,0.01791174665926265,test,USDMYR_RET
2024-09-16,-0.6607589392869337,0.03283458321015209,test,USDMYR_RET
2024-09-17,-0.01162489912715334,0.12616532383412674,test,USDMYR_RET
2024-09-18,-0.86449556010854,0.01621283384568939,test,USDMYR_RET
2024-09-19,-0.4704226348538744,0.16049400181698098,test,USDMYR_RET
2024-09-20,-0.7098038254262499,0.105592190769212,test,USDMYR_RET
2024-09-23,-0.21393640972506023,0.14158082725065285,test,USDMYR_RET
2024-09-24,-0.04759859831758686,0.05475763540166725,test,USDMYR_RET
2024-09-25,-1.2095211324513508,0.013374693167131912,test,USDMYR_RET
2024-09-26,-0.5194216043328941,0.22521480937464178,test,USDMYR_RET
2024-09-27,0.27816144079847044,0.1220154532944866,test,USDMYR_RET
2024-09-30,-0.5085350320766759,-0.04051025453338297,test,USDMYR_RET
2024-10-01,0.06067732067871247,0.08834624650559816,test,USDMYR_RET
2024-10-02,0.9778592576087476,-4.280648478698357e-4,test,USDMYR_RET
2024-10-03,0.21600450799099705,-0.18255120823715884,test,USDMYR_RET
2024-10-04,1.1086769055690069,-0.060844006534441775,test,USDMYR_RET
2024-10-07,0.3786489816194477,-0.21010480638925677,test,USDMYR_RET
2024-10-08,0.9755049695625552,-0.09377571096010395,test,USDMYR_RET
2024-10-09,0.17527775272166632,-0.1888798203630678,test,USDMYR_RET
2024-10-10,0.1749821823746323,-0.05324462843934763,test,USDMYR_RET
2024-10-11,-0.05829337989319936,-0.0361645880133875,test,USDMYR_RET
2024-10-14,-0.05832738089589101,0.007082678345581975,test,USDMYR_RET
2024-10-15,0.23310567596852577,0.012052040410529319,test,USDMYR_RET
2024-10-16,0.3022206460794223,-0.04196854156951235,test,USDMYR_RET
2024-10-17,-0.3604461427507581,-0.060980385132762605,test,USDMYR_RET
2024-10-18,0.3836543941906708,0.06038397047039512,test,USDMYR_RET
2024-10-21,-0.30215040803163523,-0.06344717553943835,test,USDMYR_RET
2024-10-22,0.15118378116223669,0.04784547270718639,test,USDMYR_RET
2024-10-23,0.5215900377144466,-0.021595678723620115,test,USDMYR_RET
2024-10-24,0.553383206934491,-0.09990072337917777,test,USDMYR_RET
2024-10-25,-0.20715450818271053,-0.11367463087607793,test,USDMYR_RET
2024-10-28,-0.05762160111079292,0.026625548266588424,test,USDMYR_RET
2024-10-29,0.48297950850202215,0.015088312279344929,test,USDMYR_RET
2024-10-30,0.29782407845989256,-0.08830126328152621,test,USDMYR_RET
2024-10-31,0.10973829730096744,-0.06548161450412597,test,USDMYR_RET
2024-11-01,-0.14406031826886292,-0.02667793339319878,test,USDMYR_RET
2024-11-04,0.1372065637135205,0.024368910707651112,test,USDMYR_RET
2024-11-05,-0.13720656371351203,-0.022368249871471402,test,USDMYR_RET
2024-11-06,-0.7464815659940222,0.022514067081213063,test,USDMYR_RET
2024-11-07,1.4079113262521377,0.14129022752983245,test,USDMYR_RET
2024-11-08,-0.14787568122508463,-0.24509481246610565,test,USDMYR_RET
2024-11-11,-0.2849773193557619,-0.0025431665160335903,test,USDMYR_RET
2024-11-12,0.705261958232115,0.055970774038119786,test,USDMYR_RET
2024-11-13,0.5313548768833984,-0.12466739811710792,test,USDMYR_RET
2024-11-14,0.36015331206932605,-0.11349907941557058,test,USDMYR_RET
2024-11-15,0.6606598696102074,-0.07806444494925202,test,USDMYR_RET
2024-11-18,-0.26821839917055634,-0.1301252513104934,test,USDMYR_RET
2024-11-19,0.16324850700677593,0.03566225097206391,test,USDMYR_RET
2024-11-20,-0.185630768480302,-0.024553970265435154,test,USDMYR_RET
2024-11-21,0.04475951441176819,0.03093613340239942,test,USDMYR_RET
2024-11-22,-0.14554707454350255,-0.004347427644964541,test,USDMYR_RET
2024-11-25,0.06719943288784677,0.02602695991185571,test,USDMYR_RET
2024-11-26,-0.08960928262886314,-0.009359790560988485,test,USDMYR_RET
2024-11-27,-0.14580261818924084,0.015180665288216544,test,USDMYR_RET
2024-11-28,-0.39358889957735826,0.028933094973466467,test,USDMYR_RET
2024-11-29,0.11261520056116513,0.07605938582515362,test,USDMYR_RET
2024-12-02,0,-0.012501036336780803,test,USDMYR_RET
2024-12-03,0.33707596690477853,-0.0023959472414573635,test,USDMYR_RET
2024-12-04,0.2240948538508274,-0.06248187469423999,test,USDMYR_RET
2024-12-05,-0.3924961698320787,-0.04871066904360444,test,USDMYR_RET
2024-12-06,-0.5633731752565043,0.06798707064728204,test,USDMYR_RET
2024-12-09,-0.1809630404140575,0.11277987557364824,test,USDMYR_RET
2024-12-10,0.11313757476391743,0.045530158925972175,test,USDMYR_RET
2024-12-11,0.05652082314256397,-0.017121592168429928,test,USDMYR_RET
2024-12-12,0.1355176254546186,-0.012884007874220171,test,USDMYR_RET
2024-12-13,0.10151514662362016,-0.02632264949446181,test,USDMYR_RET
2024-12-16,0.2814589161361356,-0.02170049963312859,test,USDMYR_RET
2024-12-17,0.05618612954969114,-0.05433224283689385,test,USDMYR_RET
2024-12-18,0.314122218089348,-0.01640309210445673,test,USDMYR_RET
2024-12-19,0.33545521683293233,-0.05942245674295604,test,USDMYR_RET
2024-12-20,0.5343965366522574,-0.06886455971733385,test,USDMYR_RET
2024-12-23,0.05550441004495228,-0.10619506309260017,test,USDMYR_RET
2024-12-24,-0.40030408145888013,-0.02165810565156734,test,USDMYR_RET
2024-12-25,-0.06688050535952267,0.0730212290699167,test,USDMYR_RET
2024-12-26,0,0.020913941350528174,test,USDMYR_RET
2024-12-27,-0.40219306621330714,0.0014229177013843075,test,USDMYR_RET
2024-12-30,0.05595786197866666,0.07455226487010569,test,USDMYR_RET
2024-12-31,-0.14554707454350255,-0.001815726247985927,test,USDMYR_RET
2025-01-01,0,0.025788709215430243,test,USDMYR_RET
2025-01-02,0.1679193211875208,0.003096590069697508,test,USDMYR_RET
2025-01-03,0.2792581829065963,-0.03112625940532987,test,USDMYR_RET
2025-01-06,0.33407306022740124,-0.055337088820135605,test,USDMYR_RET
2025-01-07,0.27755301446131914,-0.06786660655960447,test,USDMYR_RET
2025-01-08,-0.5558678984581509,-0.05855601896859064,test,USDMYR_RET
2025-01-09,0.3338871496417061,0.09713301811370356,test,USDMYR_RET
2025-01-10,0.01111498623929214,-0.050064401566460026,test,USDMYR_RET
2025-01-13,-0.1445382212794922,-0.009163946025145975,test,USDMYR_RET
2025-01-14,0.2999549752962455,0.026555759379361,test,USDMYR_RET
2025-01-15,-0.11099034022635204,-0.05252583923243753,test,USDMYR_RET
2025-01-16,-0.13334910106567222,0.014191955791847594,test,USDMYR_RET
2025-01-17,0.07780770103595434,0.027079549774587333,test,USDMYR_RET
2025-01-20,0.07774720771795958,-0.011585703777171566,test,USDMYR_RET
2025-01-21,-0.28908206711136236,-0.016066961780596578,test,USDMYR_RET
2025-01-22,-0.4016545898515815,0.05193140315888295,test,USDMYR_RET
2025-01-23,-0.8870926728885086,0.08060282258174689,test,USDMYR_RET
2025-01-24,0.1915623757597183,0.17298078690985821,test,USDMYR_RET
2025-01-27,-1.508567950295859,-0.01663547916707664,test,USDMYR_RET
2025-01-28,0.02285287472026802,0.2755591600590257,test,USDMYR_RET
2025-01-29,0.3194148116995121,0.027859462721983752,test,USDMYR_RET
2025-01-30,-0.05696513541257857,-0.05969433261467332,test,USDMYR_RET
2025-01-31,0,0.003763589477171379,test,USDMYR_RET
2025-02-03,1.4706160875638854,0.0012119630242710677,test,USDMYR_RET
2025-02-04,0.3788449357491908,-0.272599826532449,test,USDMYR_RET
2025-02-05,-0.6261956240244266,-0.10151247911029282,test,USDMYR_RET
2025-02-06,-0.485248596185614,0.10801423419235612,test,USDMYR_RET
2025-02-07,0.05654638909258314,0.10327044010177013,test,USDMYR_RET
2025-02-10,0.3498692825116824,-1.5776840383341373e-4,test,USDMYR_RET
2025-02-11,0.6625144947979084,-0.06605635357637074,test,USDMYR_RET
2025-02-12,0,-0.1302502346394742,test,USDMYR_RET
2025-02-13,0.04475450404885056,-0.014095342088161829,test,USDMYR_RET
2025-02-14,-0.6081793918660549,-0.008295890506999859,test,USDMYR_RET
2025-02-17,-0.2343780541438296,0.11178261516530011,test,USDMYR_RET
2025-02-18,-0.01128678677299969,0.05638467503816411,test,USDMYR_RET
2025-02-19,0.25916701658003627,0.007078683715713963,test,USDMYR_RET
2025-02-20,-0.09006328230377218,-0.047800198809913284,test,USDMYR_RET
2025-02-21,-0.2594116090776149,0.011180609992657131,test,USDMYR_RET
2025-02-24,-0.2600755055781666,0.050001813226745684,test,USDMYR_RET
2025-02-25,-0.15863957171110846,0.05372785013295486,test,USDMYR_RET
2025-02-26,0.29441787008591314,0.03493936676685522,test,USDMYR_RET
2025-02-27,0.10171018284114414,-0.0511994436067616,test,USDMYR_RET
2025-02-28,0.5856537459562701,-0.025117338140279943,test,USDMYR_RET
2025-03-03,0.1683068389816961,-0.1107232757244194,test,USDMYR_RET
2025-03-04,0,-0.043658180888927166,test,USDMYR_RET
2025-03-05,-0.1683068389817007,-0.0035808159517292104,test,USDMYR_RET
2025-03-06,-0.6760528953682635,0.031198091397625416,test,USDMYR_RET
2025-03-07,0.05651443222099141,0.1288969358844529,test,USDMYR_RET
2025-03-10,-0.29421795354863367,0.003907616435619599,test,USDMYR_RET
2025-03-11,0.2037773678635185,0.053335151913872836,test,USDMYR_RET
2025-03-12,-0.2377842746415594,-0.03151342297265866,test,USDMYR_RET
2025-03-13,0.3846966018798983,0.03974126259043803,test,USDMYR_RET
2025-03-14,0.1805342680589065,-0.06625005905618869,test,USDMYR_RET
2025-03-17,0.19144377554889508,-0.04164924233800704,test,USDMYR_RET
2025-03-18,-0.06752465413511315,-0.039327815993856916,test,USDMYR_RET
2025-03-19,0.01126264384615655,0.008443598694822186,test,USDMYR_RET
2025-03-20,-0.3157160333188273,-6.51070592806946e-4,test,USDMYR_RET
2025-03-21,-0.10168720044857513,0.05828288540015958,test,USDMYR_RET
2025-03-24,-0.05653999848563664,0.025566207576127743,test,USDMYR_RET
2025-03-25,0.21467783172912225,0.012643949602433119,test,USDMYR_RET
2025-03-26,0.09025693281373516,-0.03859070330200472,test,USDMYR_RET
2025-03-27,-0.1579950545162201,-0.021297802663386045,test,USDMYR_RET
2025-03-28,0.04516384569912937,0.02736639054160509,test,USDMYR_RET
2025-03-31,0.06771830478281156,-0.0050103405160817766,test,USDMYR_RET
2025-04-01,0.06766172644311781,-0.013513445411891922,test,USDMYR_RET
2025-04-02,-0.13538003122592068,-0.01398281570685167,test,USDMYR_RET
2025-04-03,0.7535365929346771,0.023655095790037772,test,USDMYR_RET
2025-04-04,-0.5167443638353303,-0.13679855590999046,test,USDMYR_RET
2025-04-07,-0.2706685858908867,0.07975410934673688,test,USDMYR_RET
2025-04-08,1.3460757338639069,0.06116631863781241,test,USDMYR_RET
2025-04-09,0.0222800242973785,-0.2437558665556209,test,USDMYR_RET
2025-04-10,0.111336334047031,-0.032768387356060996,test,USDMYR_RET
2025-04-11,-0.9166253706142596,-0.02111180872615126,test,USDMYR_RET
2025-04-14,-0.7325992844608415,0.16754094687684784,test,USDMYR_RET
2025-04-15,-0.16983127042809962,0.1552994895599076,test,USDMYR_RET
2025-04-16,-0.05667457880739187,0.04706709928688552,test,USDMYR_RET
2025-04-17,-0.04535847385183592,0.014118696698146027,test,USDMYR_RET
2025-04-18,0,0.009613626270488942,test,USDMYR_RET
2025-04-21,0,9.650252342533186e-4,test,USDMYR_RET
2025-04-22,-0.06807631020740007,0,test,USDMYR_RET
2025-04-23,-0.375277528978006,0.012618922443754566,test,USDMYR_RET
2025-04-24,0,0.07101144230601263,test,USDMYR_RET
2025-04-25,-0.4110092614490453,0.007984225538429313,test,USDMYR_RET
2025-04-28,0.1029080696115168,0.07618647335746118,test,USDMYR_RET
2025-04-29,-0.3319822493393947,-0.010331052808716379,test,USDMYR_RET
2025-04-30,-0.8174601032888562,0.059348257982191455,test,USDMYR_RET
2025-05-01,-0.3010309564113039,0.1585910739690481,test,USDMYR_RET
2025-05-02,0.12747708258065288,0.07319230486369518,test,USDMYR_RET
2025-05-05,-1.3994383670523651,-0.017225118363057845,test,USDMYR_RET
2025-05-06,-1.4193009376775425,0.25669387156962764,test,USDMYR_RET
2025-05-07,0.7712833069595263,0.29286160860024096,test,USDMYR_RET
2025-05-08,0.1535408664677421,-0.11277207617279075,test,USDMYR_RET
2025-05-09,0.9865093367544352,-0.044870461591970945,test,USDMYR_RET
2025-05-12,0.3732605311557874,-0.18613034518443905,test,USDMYR_RET
2025-05-13,0,-0.09017770535964291,test,USDMYR_RET
2025-05-14,0.5920337081383111,-0.007941312855735627,test,USDMYR_RET
2025-05-15,-0.7551651743522658,-0.10974195611256377,test,USDMYR_RET
2025-05-16,-0.17507316345786345,0.12738489127000757,test,USDMYR_RET
2025-05-19,0.314918007730839,0.0485188605926391,test,USDMYR_RET
2025-05-20,-0.11652563821016716,-0.054649805481257085,test,USDMYR_RET
2025-05-21,0.17473757849750746,0.014899656488413265,test,USDMYR_RET
2025-05-22,-0.6656200285971623,-0.029910977539207018,test,USDMYR_RET
2025-05-23,0.11709871275418418,0.11966460484712498,test,USDMYR_RET
2025-05-26,-1.0351850858007314,-0.007544515330099921,test,USDMYR_RET
2025-05-27,-0.28419401855925885,0.1893950963286679,test,USDMYR_RET
2025-05-28,0.5557861369801194,0.07470354924356215,test,USDMYR_RET
2025-05-29,-0.1770362211406507,-0.09697657161614502,test,USDMYR_RET
2025-05-30,0.11806646668514756,0.020991567331211977,test,USDMYR_RET
2025-06-02,0.3886243000160019,-0.018118778252826484,test,USDMYR_RET
2025-06-03,0,-0.07454902483120207,test,USDMYR_RET
2025-06-04,-0.27070830539776586,-0.00826818506690774,test,USDMYR_RET
2025-06-05,0.04713872789913121,0.050179674842648875,test,USDMYR_RET
2025-06-06,-0.4131487405764229,-0.002978380000265235,test,USDMYR_RET
2025-06-09,-0.04733393001906491,0.07558015549145161,test,USDMYR_RET
2025-06-10,0.07098685676167733,0.017563979535958937,test,USDMYR_RET
2025-06-11,0.11818078728165146,-0.01215137997947316,test,USDMYR_RET
2025-06-12,0.00709654534837583,-0.023416789810544434,test,USDMYR_RET
2025-06-13,-0.3502232953324458,-0.0038298046744385528,test,USDMYR_RET
2025-06-16,0.5790926235084483,0.06476793825210392,test,USDMYR_RET
2025-06-17,-0.07073581503409299,-0.09989195647089295,test,USDMYR_RET
2025-06-18,-0.1534140261030897,7.914017014234997e-4,test,USDMYR_RET
2025-06-19,0.34192430623079817,0.029942435930499944,test,USDMYR_RET
2025-06-20,0.22338558108882645,-0.06011662049020622,test,USDMYR_RET
2025-06-23,-0.11751151308632722,-0.04868234609674389,test,USDMYR_RET
2025-06-24,0.5861703712821713,0.017029802774104374,test,USDMYR_RET
2025-06-25,-1.0339687455154831,-0.10615498351325114,test,USDMYR_RET
2025-06-26,0.05903671465681746,0.17918988551761061,test,USDMYR_RET
2025-06-27,-0.2363562671597049,0.011054921886179375,test,USDMYR_RET
2025-06-30,0,0.04255599391566003,test,USDMYR_RET
2025-07-01,-0.39120426477531994,0.0050286030969228235,test,USDMYR_RET
2025-07-02,-0.3450455988846925,0.07251533259993242,test,USDMYR_RET
2025-07-03,0.7480854670303745,0.07228223568127112,test,USDMYR_RET
2025-07-04,-0.1539157179642855,-0.13132736686648744,test,USDMYR_RET
2025-07-07,-0.03554311527445172,0.012614581058185727,test,USDMYR_RET
2025-07-08,0.3549427823712608,0.009863064549489597,test,USDMYR_RET
2025-07-09,0.11803859653995212,-0.06503754735948254,test,USDMYR_RET
2025-07-10,0.22388570969082877,-0.02943174341778021,test,USDMYR_RET
2025-07-11,0.27034707061989144,-0.04401176665062373,test,USDMYR_RET
2025-07-14,-0.22328058334503448,-0.054876000255159124,test,USDMYR_RET
2025-07-15,0,0.035636489757772914,test,USDMYR_RET
2025-07-16,-0.23557676740256497,0.004750411090783169,test,USDMYR_RET
2025-07-17,0.05894624016272432,0.04366753938847047,test,USDMYR_RET
2025-07-18,0.0706941459479565,-0.00591451391752032,test,USDMYR_RET
2025-07-21,-0.12964038611068426,-0.01435828798313607,test,USDMYR_RET
2025-07-22,-0.16523005849029024,0.022526653771998417,test,USDMYR_RET
2025-07-23,-0.0945334538255326,0.0333859328770324,test,USDMYR_RET
2025-07-24,-0.09463419021779172,0.021038490076534327,test,USDMYR_RET
2025-07-25,-0.296291991933098,0.019553055806266317,test,USDMYR_RET
2025-07-28,0.15417822744138418,0.056935370663494106,test,USDMYR_RET
2025-07-29,0.22491934860447288,-0.02227538323956116,test,USDMYR_RET
2025-07-30,0.0945558972802026,-0.044972256011005865,test,USDMYR_RET
2025-07-31,0.23598246130337852,-0.022312571132513614,test,USDMYR_RET
2025-08-01,0.4703120198524973,-0.045754466710219155,test,USDMYR_RET
2025-08-04,0.29283268344423624,-0.09219974206877429,test,USDMYR_RET
2025-08-05,-0.9755049695625432,-0.06428688026432172,test,USDMYR_RET
2025-08-06,-0.20098367643051823,0.1745936970415098,test,USDMYR_RET
2025-08-07,-0.1421137644917132,0.058009590826979984,test,USDMYR_RET
2025-08-08,0.20126921750217416,0.0306188613561508,test,USDMYR_RET
2025-08-11,0.24806472764573712,-0.034284597365271285,test,USDMYR_RET
2025-08-12,-0.15348647570026247,-0.050264470068043035,test,USDMYR_RET
2025-08-13,-0.09457825194548268,0.02317321736287266,test,USDMYR_RET
2025-08-14,-0.5336517485782722,0.020796943191153328,test,USDMYR_RET
2025-08-15,0.17820430363471362,0.10093222261602582,test,USDMYR_RET
2025-08-18,-0.04749690014928887,-0.021679008888434898,test,USDMYR_RET
2025-08-19,0.22537290141609537,0.005012843351725832,test,USDMYR_RET
2025-08-20,0.01185243036376006,-0.04076558481358613,test,USDMYR_RET
2025-08-21,0.07105122622264684,-0.006991944554188903,test,USDMYR_RET
2025-08-22,-0.03551365571249888,-0.013422532530400821,test,USDMYR_RET
2025-08-25,0.07102598979238062,0.005071314497369667,test,USDMYR_RET
2025-08-26,-0.4744962955678033,-0.012410116361920742,test,USDMYR_RET
2025-08-27,0.22566734073410977,0.0864435924751992,test,USDMYR_RET
2025-08-28,0.4143716121385612,-0.03173552809732777,test,USDMYR_RET
2025-08-29,-0.580602226039974,-0.08161092398068681,test,USDMYR_RET
2025-09-01,0.355869101334484,0.09880699403295456,test,USDMYR_RET
2025-09-02,0,-0.05361283647773606,test,USDMYR_RET
2025-09-03,0.08995160840079636,-0.0075713010980180545,test,USDMYR_RET
2025-09-04,-0.03076114100016761,-0.016673823340931364,test,USDMYR_RET
2025-09-05,-0.0876071116132872,0.0037882520878579073,test,USDMYR_RET
2025-09-08,-0.09005819357564153,0.016893696517520873,test,USDMYR_RET
2025-09-09,-0.05929575300960223,0.018557467515430484,test,USDMYR_RET
2025-09-10,-0.27321650670351405,0.012907355109083696,test,USDMYR_RET
2025-09-11,0.2138855729689499,0.05190615413240937,test,USDMYR_RET
2025-09-12,0.166033466733619,-0.03383394081364821,test,USDMYR_RET
2025-09-15,-0.4037098454568876,-0.03532721651553622,test,USDMYR_RET
2025-09-16,0.03568975769074482,0.0713009729318802,test,USDMYR_RET
2025-09-17,-0.03568975769075826,0.001973528432337515,test,USDMYR_RET
2025-09-18,-0.3933961490755777,0.005856291251778389,test,USDMYR_RET
2025-09-19,0.17901244090446236,0.07368094810059672,test,USDMYR_RET
2025-09-22,0.3332925100923884,-0.02481281991841572,test,USDMYR_RET
2025-09-23,-0.17841626733539043,-0.06558913982785496,test,USDMYR_RET
2025-09-24,-0.09527657049041773,0.025981046907412902,test,USDMYR_RET
2025-09-25,0.21425611099308972,0.02145678091386155,test,USDMYR_RET
2025-09-26,0.17820430363471362,-0.03768839049085648,test,USDMYR_RET
2025-09-29,0.11862668674418192,-0.037591139436309096,test,USDMYR_RET
2025-09-30,-0.11862668674417252,-0.02578055089511981,test,USDMYR_RET
2025-10-01,-0.15442764087833646,0.019465316459327087,test,USDMYR_RET
2025-10-02,-0.02377666275637555,0.03114922731812675,test,USDMYR_RET
2025-10-03,-0.04757029212729501,0.007692874903257908,test,USDMYR_RET
2025-10-06,0.2257745957619897,0.009323698219099869,test,USDMYR_RET
2025-10-07,0,-0.04083848318079319,test,USDMYR_RET
2025-10-08,-0.01187494047652191,-0.004803472508254235,test,USDMYR_RET
2025-10-09,0.03560927495107161,0.002201190875958242,test,USDMYR_RET
2025-10-10,0,-0.006348045300516311,test,USDMYR_RET
2025-10-13,0.09489235226964413,-7.576059329839624e-4,test,USDMYR_RET
2025-10-14,0.16583678663950727,-0.017589661222060654,test,USDMYR_RET
2025-10-15,0.08281537531107466,-0.0327591160806697,test,USDMYR_RET
2025-10-16,0.03546326648886767,-0.01887928427799252,test,USDMYR_RET
2025-10-17,-0.10645012325053056,-0.008335566484573592,test,USDMYR_RET
2025-10-20,-0.03551233407988549,0.01897756064720612,test,USDMYR_RET
2025-10-21,0,0.008847503480997769,test,USDMYR_RET
2025-10-22,0.07101206137787859,7.555434652909143e-4,test,USDMYR_RET
2025-10-23,0.0236557257124599,-0.013163106113838426,test,USDMYR_RET
2025-10-24,-0.02365572571247044,-0.005895747439647769,test,USDMYR_RET
2025-10-27,-0.11837393588718056,0.003881640798594835,test,USDMYR_RET
2025-10-28,-0.36071466127463325,0.02244559813339847,test,USDMYR_RET
2025-10-29,-0.23325468124446697,0.06938211375993436,test,USDMYR_RET
2025-10-30,-0.21469055746961416,0.05091150026550831,test,USDMYR_RET
2025-10-31,0.23852673465049823,0.04475859545065164,test,USDMYR_RET
2025-11-03,-0.28629587462206857,-0.03964670441143542,test,USDMYR_RET
2025-11-04,0.27437849623581373,0.047994273885390126,test,USDMYR_RET
2025-11-05,0.0714489162431842,-0.04476890311727727,test,USDMYR_RET
2025-11-06,-0.262240694938801,-0.019081629331164807,test,USDMYR_RET
2025-11-07,-0.21508674575217743,0.04708996852303707,test,USDMYR_RET
2025-11-10,-0.1556178536241471,0.045448727231193364,test,USDMYR_RET
2025-11-11,-0.3841145313190088,0.033422088518191395,test,USDMYR_RET
2025-11-12,-0.5426497791946095,0.0745119997722804,test,USDMYR_RET
2025-11-13,-0.04838732189730493,0.10876017255153289,test,USDMYR_RET
2025-11-14,-0.15738891274730876,0.02051444312941017,test,USDMYR_RET
2025-11-17,0.08478132010813022,0.030203762424220168,test,USDMYR_RET
2025-11-18,0.3866557248797427,-0.012366904736296536,test,USDMYR_RET
2025-11-19,0.3683577342457829,-0.07347596225136016,test,USDMYR_RET
2025-11-20,-0.32013359247188206,-0.07650670243351801,test,USDMYR_RET
2025-11-21,0.14454452705059925,0.05150435881931262,test,USDMYR_RET
2025-11-24,0.2644587840220197,-0.019982395912676365,test,USDMYR_RET
2025-11-25,-0.6745358694556532,-0.05209649658963145,test,USDMYR_RET
2025-11-26,-0.20567665859306197,0.11940841854939907,test,USDMYR_RET
2025-11-27,0.18150338416844689,0.05247622763246859,test,USDMYR_RET
2025-11-28,-0.1936199515678251,-0.029268382307463453,test,USDMYR_RET
2025-12-01,0.04844591772182588,0.03202866125172544,test,USDMYR_RET
2025-12-02,-0.03632935032246066,-0.004860781431877459,test,USDMYR_RET
2025-12-03,0.03632935032245288,0.005703454967188649,test,USDMYR_RET
2025-12-04,-0.24242990980935905,-0.00596124127038411,test,USDMYR_RET
2025-12-05,-0.13358043952613746,0.04416494190950887,test,USDMYR_RET
2025-12-08,-0.1459331871656866,0.029918877212354755,test,USDMYR_RET
2025-12-09,0.0851526052173234,0.029892807150772374,test,USDMYR_RET
2025-12-10,0.02431434741088044,-0.012679454315331816,test,USDMYR_RET
2025-12-11,0.06076580983165235,-0.00631867989634928,test,USDMYR_RET
2025-12-12,-0.18240831631895552,-0.011781116584685974,test,USDMYR_RET
2025-12-15,-0.3218368833439438,0.03251917852034458,test,USDMYR_RET
2025-12-16,-0.04396932793865754,0.06353792380152169,test,USDMYR_RET
2025-12-17,-0.22012542760455517,0.014997594706948836,test,USDMYR_RET
2025-12-18,0.04895606028813849,0.041738881929697755,test,USDMYR_RET
2025-12-19,-0.09794778073317752,-0.004391425834274848,test,USDMYR_RET
2025-12-22,-0.18389498103325416,0.01711446303265099,test,USDMYR_RET
2025-12-23,0.01963564074022762,0.03617146776898247,test,USDMYR_RET
2025-12-24,-0.33920354284416854,2.727136184125234e-4,test,USDMYR_RET
2025-12-25,0,0.06245849295291347,test,USDMYR_RET
2025-12-26,-0.46890641669446304,0.007216732632187084,test,USDMYR_RET
2025-12-29,0.08654225010202753,0.08691854314106302,test,USDMYR_RET
2025-12-30,0.28382525134376174,-0.006065620730851262,test,USDMYR_RET
2025-12-31,-0.30854228300715747,-0.05445232087709173,test,USDMYR_RET
2026-01-01,0,0.051154215775569736,test,USDMYR_RET
2026-01-02,0.18523487767710525,0.006564398306447533,test,USDMYR_RET
2026-01-05,-0.02467738335058314,-0.03433594664817288,test,USDMYR_RET
2026-01-06,0.4432989970844449,6.333388296509979e-4,test,USDMYR_RET
2026-01-07,-0.6409493939927161,-0.08164681567729748,test,USDMYR_RET
2026-01-08,1.1434367016328206,0.10937776365043228,test,USDMYR_RET
2026-01-09,-0.8594362128148928,-0.19831589204945377,test,USDMYR_RET
2026-01-12,0.883881329482541,0.1349816399278856,test,USDMYR_RET
2026-01-13,-0.7483304088944384,-0.14555515242118688,test,USDMYR_RET
2026-01-14,-0.11088307801738638,0.11990875861234941,test,USDMYR_RET
2026-01-15,-0.23449627995787595,0.036474892552864374,test,USDMYR_RET
2026-01-16,0.13582368234229686,0.04582635094174081,test,USDMYR_RET
2026-01-19,0.07400475504487058,-0.020187840591267353,test,USDMYR_RET
2026-01-20,-0.06167270855908492,-0.016607564713437308,test,USDMYR_RET
2026-01-21,-0.01233204648578906,0.009857433013624234,test,USDMYR_RET
2026-01-22,-0.19762597368168777,0.003598041147002823,test,USDMYR_RET
2026-01-23,-0.16086730184896894,0.03689518510246012,test,USDMYR_RET
2026-01-26,-0.8581639236620109,0.03402366213788599,test,USDMYR_RET
2026-01-27,-1.0042696563478648,0.16249555211537348,test,USDMYR_RET
2026-01-28,-0.3538976769459122,0.20441369941830329,test,USDMYR_RET
2026-01-29,-0.8263931157483431,0.08696638214235297,test,USDMYR_RET
2026-01-30,0.2167917884337512,0.16071319838235498,test,USDMYR_RET
2026-02-02,0.3687496341795118,-0.022603528184339083,test,USDMYR_RET
2026-02-03,0.5821327843440001,-0.07296540270437901,test,USDMYR_RET
2026-02-04,-0.82357204031542,-0.11575201876318775,test,USDMYR_RET
2026-02-05,-0.01272253324643154,0.14027573430128223,test,USDMYR_RET
2026-02-06,0.4139521268653101,0.01988022991005739,test,USDMYR_RET
2026-02-09,-0.02028014280642552,-0.0764612972119888,test,USDMYR_RET
2026-02-10,-0.5082598290205386,-0.005047831897028177,test,USDMYR_RET
2026-02-11,-0.12746658205421577,0.094644734312435,test,USDMYR_RET
2026-02-12,-0.19151417739032517,0.034441256312113144,test,USDMYR_RET
2026-02-13,-0.31999539024208395,0.038211823235512254,test,USDMYR_RET
2026-02-16,0.12811983762979529,0.06339030854315403,test,USDMYR_RET
2026-02-17,-0.19224442277424103,-0.016940784008631915,test,USDMYR_RET
2026-02-18,0,0.03290945007100393,test,USDMYR_RET
2026-02-19,0.12820196763359676,0.0040901005560198544,test,USDMYR_RET
2026-02-20,0.09733003895655676,-0.023764077133094016,test,USDMYR_RET
2026-02-23,-0.1485886597981584,-0.02076908533839575,test,USDMYR_RET
2026-02-24,-0.3081292429034287,0.025472296068858313,test,USDMYR_RET
2026-02-25,0.07198097473214567,0.06027748478323369,test,USDMYR_RET
2026-02-26,-0.07198097473214717,-0.006787097466223413,test,USDMYR_RET
2026-02-27,-0.16729958907137366,0.01181127527597342,test,USDMYR_RET
2026-03-02,0.17501256342619678,0.0325428160038779,test,USDMYR_RET
2026-03-03,0.9010945502282204,-0.028881707610034724,test,USDMYR_RET
2026-03-04,0.4957116474566559,-0.170754308551398,test,USDMYR_RET
2026-03-05,-0.12687427381387076,-0.11105853533216258,test,USDMYR_RET
2026-03-06,0.22825429732782704,0.012971445658361225,test,USDMYR_RET
2026-03-09,-0.10138002351396276,-0.03961089785021981,test,USDMYR_RET
2026-03-10,0.4301615907164087,0.013936014868740965,test,USDMYR_RET
2026-03-11,-0.9896055001707186,-0.07757971985293255,test,USDMYR_RET
2026-03-12,-0.20420931063903977,0.1742856887666321,test,USDMYR_RET
2026-03-13,0.26794157263668616,0.05890750464139605,test,USDMYR_RET
2026-03-16,0.30534587896115595,-0.04532216136591022,test,USDMYR_RET
2026-03-17,-0.20346231175375745,-0.062300843867000355,test,USDMYR_RET
2026-03-18,-0.14012048132962532,0.031218270366650064,test,USDMYR_RET
2026-03-19,0.2673336877005904,0.030302111937703297,test,USDMYR_RET
2026-03-20,0.08895062966454678,-0.0465730044914599,test,USDMYR_RET
2026-03-23,0,-0.022175941453630214,test,USDMYR_RET
2026-03-24,-0.3562843173651396,-0.0018924711291963825,test,USDMYR_RET
2026-03-25,0.7998544902818606,0.0660424185015247,test,USDMYR_RET
2026-03-26,0.2021197533711501,-0.14068438970692657,test,USDMYR_RET
2026-03-27,0.7418153938013796,-0.054483123278188716,test,USDMYR_RET
2026-03-30,0.6492724383745773,-0.14180634748661003,test,USDMYR_RET
2026-03-31,0.3106628381088441,-0.13613448751314683,test,USDMYR_RET
2026-04-01,0.40859328400262895,-0.07139943209807342,test,USDMYR_RET
2026-04-02,-0.545170784891214,-0.08234815144134766,test,USDMYR_RET
2026-04-03,0.08692915395456641,0.09236220416994093,test,USDMYR_RET
2023-01-04,-0.22346986928725912,-0.03948552274151779,val,CNYMYR_RET
2023-01-05,0.3470341635733094,0.047814765793878,val,CNYMYR_RET
2023-01-06,-0.2954149283661731,-0.07776262325801592,val,CNYMYR_RET
2023-01-09,1.0071196132879507,0.05656456208711691,val,CNYMYR_RET
2023-01-10,0.33762760661856567,-0.24703496792351226,val,CNYMYR_RET
2023-01-11,-0.1631099732790041,-0.15194501377444639,val,CNYMYR_RET
2023-01-12,0.10113340843505048,0.0029016051301724993,val,CNYMYR_RET
2023-01-13,0.18694711445592807,-0.02552896894065551,val,CNYMYR_RET
2023-01-16,-0.0281627452794556,-0.055219339879451775,val,CNYMYR_RET
2023-01-17,-0.8965544944618782,-0.007031602189358499,val,CNYMYR_RET
2023-01-18,-0.34777081197068616,0.2311736273266557,val,CNYMYR_RET
2023-01-19,0.07317434839981764,0.15045895638620657,val,CNYMYR_RET
2023-01-20,-0.5405122720112693,0.02008510778074335,val,CNYMYR_RET
2023-01-23,-0.635877984532888,0.14569083143577466,val,CNYMYR_RET
2023-01-24,-0.02924740215684735,0.20311798579043375,val,CNYMYR_RET
2023-01-25,-0.00737407838854676,0.06038827113229768,val,CNYMYR_RET
2023-01-26,0.03219951928531601,0.017610415955558224,val,CNYMYR_RET
2023-01-27,-0.9324140086586472,-0.003791488634505291,val,CNYMYR_RET
2023-01-30,-0.03389228777491859,0.24133503278680352,val,CNYMYR_RET
2023-01-31,0.511453389985518,0.07152744306681308,val,CNYMYR_RET
2023-02-01,0.42673309706099566,-0.11433014010970904,val,CNYMYR_RET
2023-02-02,0.19440905352282176,-0.140614201429157,val,CNYMYR_RET
2023-02-03,-0.3439321448971434,-0.08706750749063835,val,CNYMYR_RET
2023-02-06,-0.3381596683257458,0.0667552577646488,val,CNYMYR_RET
2023-02-07,-0.12750469648569268,0.10523130212408699,val,CNYMYR_RET
2023-02-08,0.9403994924323492,0.06048458727201711,val,CNYMYR_RET
2023-02-09,-0.03722080067982662,-0.22867665591498385,val,CNYMYR_RET
2023-02-10,0.46212695356249894,-0.049756498581577546,val,CNYMYR_RET
2023-02-13,-0.00438970795127432,-0.13303081396626185,val,CNYMYR_RET
2023-02-14,0.49090129451216485,-0.033431889565902984,val,CNYMYR_RET
2023-02-15,-0.35723103666472,-0.1362663121366041,val,CNYMYR_RET
2023-02-16,0.6041427721180503,0.05742541009810265,val,CNYMYR_RET
2023-02-17,0.14785085656265334,-0.14208362347788922,val,CNYMYR_RET
2023-02-20,0.6647472431279752,-0.07534961271969809,val,CNYMYR_RET
2023-02-21,0.01717853821970597,-0.19234004681123282,val,CNYMYR_RET
2023-02-22,-0.22293497026869105,-0.05445073051488322,val,CNYMYR_RET
2023-02-23,-0.07022332066512718,0.043786521054849925,val,CNYMYR_RET
2023-02-24,-0.3966661137864245,0.029629443930342836,val,CNYMYR_RET
2023-02-27,-0.6586957082334067,0.11078780686448364,val,CNYMYR_RET
2023-02-28,1.0579982453776111,0.19997719777485734,val,CNYMYR_RET
2023-03-01,0.4351120109971053,-0.22298677147049462,val,CNYMYR_RET
2023-03-02,0.5968550496877446,-0.17102998023313576,val,CNYMYR_RET
2023-03-03,-0.5975458619306697,-0.1995617755076987,val,CNYMYR_RET
2023-03-06,0.11246904828950036,0.10343008108721805,val,CNYMYR_RET
2023-03-07,-0.3266821011666475,-0.0023490916912772275,val,CNYMYR_RET
2023-03-08,-0.4160332013848629,0.08428927339985925,val,CNYMYR_RET
2023-03-09,1.1931989246072088,0.13002628974904296,val,CNYMYR_RET
2023-03-10,-0.25753448378935306,-0.27630258491346654,val,CNYMYR_RET
2023-03-13,0.797921150826493,-0.004877547337551302,val,CNYMYR_RET
2023-03-14,0.3776503927188878,-0.20863531301996208,val,CNYMYR_RET
2023-03-15,-0.6517402159522899,-0.15236684117163257,val,CNYMYR_RET
2023-03-16,-0.5295414159250831,0.12977963292599615,val,CNYMYR_RET
2023-03-17,0.5381327563676109,0.1713476288916278,val,CNYMYR_RET
2023-03-20,-0.2130803428924648,-0.09532194067706548,val,CNYMYR_RET
2023-03-21,0.13321593454217012,0.030603638450245815,val,CNYMYR_RET
2023-03-22,-0.3785946816714176,-0.026667393163187503,val,CNYMYR_RET
2023-03-23,-0.33704304937372953,0.0914606116902017,val,CNYMYR_RET
2023-03-24,0.0532945870420375,0.11136165972955374,val,CNYMYR_RET
2023-03-27,-0.4840385787023683,0.015090759257605668,val,CNYMYR_RET
2023-03-28,-0.4226714314379279,0.12971621142495476,val,CNYMYR_RET
2023-03-29,-0.07659520616366279,0.14355724422650573,val,CNYMYR_RET
2023-03-30,0.10215340577090716,0.05721431226072914,val,CNYMYR_RET
2023-03-31,0.22326211367811843,-0.011678994824943612,val,CNYMYR_RET
2023-04-03,-0.1802266162460816,-0.06105766218342454,val,CNYMYR_RET
2023-04-04,0.01194637914602637,0.03097021967024098,val,CNYMYR_RET
2023-04-05,-0.31656204052602094,0.004944010163056234,val,CNYMYR_RET
2023-04-06,-0.15471186754168068,0.08355458930953666,val,CNYMYR_RET
2023-04-07,0.04098665677795703,0.06192187022848545,val,CNYMYR_RET
2023-04-10,0.3994163658027016,0.005440747252554945,val,CNYMYR_RET
2023-04-11,-0.1603059039658208,-0.10238834054716765,val,CNYMYR_RET
2023-04-12,0.04937180079430557,0.015051904046230809,val,CNYMYR_RET
2023-04-13,0.03555600630876796,-0.008919225226974907,val,CNYMYR_RET
2023-04-14,-0.1866117472977944,-0.011558444071117446,val,CNYMYR_RET
2023-04-17,-0.00374298578307834,0.04549372189740783,val,CNYMYR_RET
2023-04-18,0.3313781099135015,0.012795880140916094,val,CNYMYR_RET
2023-04-19,0.3391574138107676,-0.08279473220772315,val,CNYMYR_RET
2023-04-20,-0.2498508491211992,-0.10965901945947554,val,CNYMYR_RET
2023-04-21,0.3695264399590286,0.03643374899735846,val,CNYMYR_RET
2023-04-24,-0.3076913251816688,-0.08656578293211048,val,CNYMYR_RET
2023-04-25,-0.02805067649661969,0.05746720420630065,val,CNYMYR_RET
2023-04-26,-0.3574135676882257,0.0222248115873398,val,CNYMYR_RET
2023-04-27,0.3534389501505123,0.09866230759428024,val,CNYMYR_RET
2023-04-28,0.16272131123613404,-0.06621261929230565,val,CNYMYR_RET
2023-05-01,0.11707640777230265,-0.05949648693492425,val,CNYMYR_RET
2023-05-02,0.00144892318102954,-0.045888640878881094,val,CNYMYR_RET
2023-05-03,0.0954617060208318,-0.012302321264133192,val,CNYMYR_RET
2023-05-04,-0.25806200840367993,-0.02800625065325671,val,CNYMYR_RET
2023-05-05,0.08216900798621976,0.059788032965265504,val,CNYMYR_RET
2023-05-08,-0.42640256112726355,-0.0058164789502866965,val,CNYMYR_RET
2023-05-09,-0.017670969028890562,0.10930400000337612,val,CNYMYR_RET
2023-05-10,0.155971052266495,0.0329988856114633,val,CNYMYR_RET
2023-05-11,-0.184812488429154,-0.031958617448546056,val,CNYMYR_RET
2023-05-12,0.12459946314670092,0.03972442318514506,val,CNYMYR_RET
2023-05-15,0.1751508438579147,-0.0220577469426122,val,CNYMYR_RET
2023-05-16,0.4943778842742982,-0.05125154807299648,val,CNYMYR_RET
2023-05-17,-0.4257439463881447,-0.14180088691103032,val,CNYMYR_RET
2023-05-18,0.32798864511292697,0.07379253258548285,val,CNYMYR_RET
2023-05-19,-0.23235980909146492,-0.06606174826504732,val,CNYMYR_RET
2023-05-22,0.445753100412297,0.043218366016884835,val,CNYMYR_RET
2023-05-23,-0.1327194365386144,-0.10461272608445733,val,CNYMYR_RET
2023-05-24,0.10985654083619376,0.007304511513253897,val,CNYMYR_RET
2023-05-25,0.43239072569558135,-0.0266517307359308,val,CNYMYR_RET
2023-05-26,0.4891797419023087,-0.11929823354978913,val,CNYMYR_RET
2023-05-29,-0.21153649748551215,-0.1581342784492909,val,CNYMYR_RET
2023-05-30,-0.16079868167595124,0.013878433921309025,val,CNYMYR_RET
2023-05-31,-0.1925103754646885,0.045395956387826064,val,CNYMYR_RET
2023-06-01,-0.12251219437846993,0.0618282791551535,val,CNYMYR_RET
2023-06-02,0.2072732454890185,0.04790731784430052,val,CNYMYR_RET
2023-06-05,-0.654020050745797,-0.041416808815101236,val,CNYMYR_RET
2023-06-06,-0.2988300073592563,0.15920637319112513,val,CNYMYR_RET
2023-06-07,0.4595586217350815,0.11903676955282255,val,CNYMYR_RET
2023-06-08,-0.14037106083109424,-0.08849651024927982,val,CNYMYR_RET
2023-06-09,0.5074411752678428,0.013481415855753132,val,CNYMYR_RET
2023-06-12,-0.3495641747572045,-0.12837271567566452,val,CNYMYR_RET
2023-06-13,-0.10819571520731182,0.057484334999991824,val,CNYMYR_RET
2023-06-14,-0.38188585673620273,0.043057754347653965,val,CNYMYR_RET
2023-06-15,0.1627450471567981,0.11043645625867345,val,CNYMYR_RET
2023-06-16,0.6953080607034106,-0.013594216408947535,val,CNYMYR_RET
2023-06-19,-0.32905674998418377,-0.1842330447522454,val,CNYMYR_RET
2023-06-20,-0.20571486060737892,0.037637503826148416,val,CNYMYR_RET
2023-06-21,-0.0038088417344877,0.06324362115166522,val,CNYMYR_RET
2023-06-22,0.1627103553908478,0.017425927091069188,val,CNYMYR_RET
2023-06-23,0.08469438276255523,-0.03775723882533835,val,CNYMYR_RET
2023-06-26,0.5578221747026683,-0.03182333561105466,val,CNYMYR_RET
2023-06-27,-0.8689170620494242,-0.15324000387203007,val,CNYMYR_RET
2023-06-28,0.05341594253273243,0.1859937085044139,val,CNYMYR_RET
2023-06-29,-0.19154821341009695,0.03445496830805386,val,CNYMYR_RET
2023-06-30,-0.11589994243778484,0.05873482937766131,val,CNYMYR_RET
2023-07-03,0.04399339285037471,0.045384951875495086,val,CNYMYR_RET
2023-07-04,0.02519601268474644,3.6164527104454516e-4,val,CNYMYR_RET
2023-07-05,0.04182707032270082,-0.00645407875082489,val,CNYMYR_RET
2023-07-06,-0.44429274631130383,-0.012547544824070112,val,CNYMYR_RET
2023-07-07,0.17618528317240825,0.11220408735484666,val,CNYMYR_RET
2023-07-10,0.674288619110802,-0.0166277509509124,val,CNYMYR_RET
2023-07-11,-0.24584438378351,-0.1795587778955094,val,CNYMYR_RET
2023-07-12,0.02825692942970058,0.017226632485563546,val,CNYMYR_RET
2023-07-13,0.44957256694205217,-0.0028666083551283084,val,CNYMYR_RET
2023-07-14,-1.107323078705853,-0.1175821400514181,val,CNYMYR_RET
2023-07-17,-1.258256324490596,0.2572187909834449,val,CNYMYR_RET
2023-07-18,-0.1254543235202945,0.3938492000721717,val,CNYMYR_RET
2023-07-19,-0.05515739400062002,0.13495917898828502,val,CNYMYR_RET
2023-07-20,-0.6469955896586833,0.04940843925947358,val,CNYMYR_RET
2023-07-21,0.6860040446645393,0.18098493793522918,val,CNYMYR_RET
2023-07-24,0.49677921457999663,-0.13124687378603717,val,CNYMYR_RET
2023-07-25,0.06117477998821987,-0.16321453912494438,val,CNYMYR_RET
2023-07-26,0.6968969109266355,-0.058315410748143615,val,CNYMYR_RET
2023-07-27,-0.6648830631614824,-0.1962683291458865,val,CNYMYR_RET
2023-07-28,-1.0283376400645723,0.12178592459193527,val,CNYMYR_RET
2023-07-31,1.7346121085222908,0.2988998244173937,val,CNYMYR_RET
2023-08-01,-0.4286272357031733,-0.37312003928987647,val,CNYMYR_RET
2023-08-02,-1.3201835100462196,0.014425485897066492,val,CNYMYR_RET
2023-08-03,0.5779415553424221,0.3468448146025604,val,CNYMYR_RET
2023-08-04,0.09874735267598246,-0.060058568794915765,val,CNYMYR_RET
2023-08-07,0.6840550882568057,-0.04127127162920985,val,CNYMYR_RET
2023-08-08,-0.7653193745471027,-0.18850141695860834,val,CNYMYR_RET
2023-08-09,0.18959648446455135,0.14990631575790056,val,CNYMYR_RET
2023-08-10,-0.1529584309848369,-0.010314878176639869,val,CNYMYR_RET
2023-08-11,-0.06270278585917316,0.03707091498588405,val,CNYMYR_RET
2023-08-14,0.638688430706871,0.025929684931695007,val,CNYMYR_RET
2023-08-15,-0.19327044995407247,-0.15924678630258524,val,CNYMYR_RET
2023-08-16,0.01303973561970203,0.008842238698503004,val,CNYMYR_RET
2023-08-17,-0.34223349003656217,-0.0010908663480115877,val,CNYMYR_RET
2023-08-18,0.7236078692477091,0.08865783943158323,val,CNYMYR_RET
2023-08-21,-0.111713358559802,-0.16501396741883115,val,CNYMYR_RET
2023-08-22,1.174674019712043,-0.013852026963782738,val,CNYMYR_RET
2023-08-23,-1.313714782414556,-0.3088800521820465,val,CNYMYR_RET
2023-08-24,1.6857334416939898,0.2611414405066088,val,CNYMYR_RET
2023-08-25,-1.5320527270598288,-0.370230044933044,val,CNYMYR_RET
2023-08-28,-0.2901708154198392,0.30194024917275347,val,CNYMYR_RET
2023-08-29,0.3108099351631014,0.15388076436393933,val,CNYMYR_RET
2023-08-30,-0.06048065174179526,-0.04078353234319267,val,CNYMYR_RET
2023-08-31,-0.17621510880044045,0.005118985220974148,val,CNYMYR_RET
2023-09-01,0.3672507880761443,0.04712600500458003,val,CNYMYR_RET
2023-09-04,1.7841916661860278,-0.08319561862061642,val,CNYMYR_RET
2023-09-05,-1.6677473398137448,-0.48530588251591755,val,CNYMYR_RET
2023-09-06,-0.6474113355941983,0.30729875887354974,val,CNYMYR_RET
2023-09-07,0.4624190484278238,0.24811480120498944,val,CNYMYR_RET
2023-09-08,-0.05556079104161594,-0.055694452174743087,val,CNYMYR_RET
2023-09-11,1.246268554227907,-3.47365191453175e-5,val,CNYMYR_RET
2023-09-12,-0.8086211129982637,-0.3238954893393298,val,CNYMYR_RET
2023-09-13,0.02441205315023539,0.12597290261202299,val,CNYMYR_RET
2023-09-14,0.30358407884252187,0.02639413799062179,val,CNYMYR_RET
2023-09-15,-0.0121128075664239,-0.07203749857576824,val,CNYMYR_RET
2023-09-18,0.08090696924291818,-0.015573526333502244,val,CNYMYR_RET
2023-09-19,-0.1225731364555072,-0.02507383038978761,val,CNYMYR_RET
2023-09-20,0.09134019355494076,0.025338603919975264,val,CNYMYR_RET
2023-09-21,-0.09226436624393504,-0.017152820931072663,val,CNYMYR_RET
2023-09-22,-0.1635975482314829,0.019520361459978236,val,CNYMYR_RET
2023-09-25,0.03790508564390026,0.04758959188076852,val,CNYMYR_RET
2023-09-26,-0.21246798697248387,0.0025168575818491357,val,CNYMYR_RET
2023-09-27,0.08509895648495958,0.05587132918964423,val,CNYMYR_RET
2023-09-28,0.429453491707134,-0.00759582094930461,val,CNYMYR_RET
2023-09-29,0.11226956892963974,-0.11358254610996238,val,CNYMYR_RET
2023-10-02,1.6039183659425236,-0.058695569418921956,val,CNYMYR_RET
2023-10-03,0.23405910326780224,-0.4320883673936957,val,CNYMYR_RET
2023-10-04,-0.04139820204113739,-0.1731217132971957,val,CNYMYR_RET
2023-10-05,0.06476667004935574,-0.034232960349644834,val,CNYMYR_RET
2023-10-06,-0.04850541766013734,-0.025728515659520192,val,CNYMYR_RET
2023-10-09,-1.7148641965574651,0.005919374420251922,val,CNYMYR_RET
2023-10-10,0.5303666917353829,0.4472057812146359,val,CNYMYR_RET
2023-10-11,-0.1794330826760899,-0.02161227046979558,val,CNYMYR_RET
2023-10-12,-0.22019317429170543,0.04101525654068333,val,CNYMYR_RET
2023-10-13,-0.1656638264282972,0.0678841443749234,val,CNYMYR_RET
2023-10-16,2.1830402441613623,0.06069560663855267,val,CNYMYR_RET
2023-10-17,-1.7921148630228194,-0.551565465662138,val,CNYMYR_RET
2023-10-18,-0.02226169633666801,0.32240013894763836,val,CNYMYR_RET
2023-10-19,0.14422960309562952,0.08957242962031065,val,CNYMYR_RET
2023-10-20,0.46281980894805774,-0.014204577714050204,val,CNYMYR_RET
2023-10-23,-0.00494849641564954,-0.12397146689077901,val,CNYMYR_RET
2023-10-24,0.01777688836450222,-0.03093228073044294,val,CNYMYR_RET
2023-10-25,0.5408321063111006,-0.012658780793126767,val,CNYMYR_RET
2023-10-26,-0.3111874052218159,-0.14384396081954057,val,CNYMYR_RET
2023-10-27,0.15318898653861587,0.04349004549279058,val,CNYMYR_RET
2023-10-30,1.995309931880895,-0.028509105651759903,val,CNYMYR_RET
2023-10-31,-2.455776693458612,-0.5259601433796832,val,CNYMYR_RET
2023-11-01,-0.04648539835894246,0.5015303100485938,val,CNYMYR_RET
2023-11-02,0.18342481847175973,0.14242104418572343,val,CNYMYR_RET
2023-11-03,-0.3956487718995916,-0.010656264519027625,val,CNYMYR_RET
2023-11-06,-0.27198343823401,0.10005376499909419,val,CNYMYR_RET
2023-11-07,-1.5769402096604193,0.09668687621083927,val,CNYMYR_RET
2023-11-08,-0.130614201887383,0.4349505196483089,val,CNYMYR_RET
2023-11-09,1.0206407847434995,0.1469817688799182,val,CNYMYR_RET
2023-11-10,0.14446978795513696,-0.22705084433278924,val,CNYMYR_RET
2023-11-13,1.389671323931863,-0.09655262718790159,val,CNYMYR_RET
2023-11-14,-1.1410670567325762,-0.38624726219508054,val,CNYMYR_RET
2023-11-15,0.7516070319006954,0.19616631724384526,val,CNYMYR_RET
2023-11-16,-0.925086706634095,-0.14435069168832093,val,CNYMYR_RET
2023-11-17,0.06626505433776722,0.2029015533242488,val,CNYMYR_RET
2023-11-20,0.4331986164943237,0.035509772002857876,val,CNYMYR_RET
2023-11-21,0.42631115368788497,-0.10335335214765062,val,CNYMYR_RET
2023-11-22,0.8624354593355104,-0.1376518425145472,val,CNYMYR_RET
2023-11-23,-0.3982714333833259,-0.25990765523904685,val,CNYMYR_RET
2023-11-24,0.9820644614244468,0.035958665889437524,val,CNYMYR_RET
2023-11-27,0.1939570785002356,-0.2458786732625118,val,CNYMYR_RET
2023-11-28,-0.7024611039858383,-0.1143066997445975,val,CNYMYR_RET
2023-11-29,0.6910871920040962,0.1528524878198868,val,CNYMYR_RET
2023-11-30,-0.21353784393642783,-0.13987910822786714,val,CNYMYR_RET
2023-12-01,-0.24000647107465933,0.01914279808419661,val,CNYMYR_RET
2023-12-04,0.48185964426470473,0.06734899921176019,val,CNYMYR_RET
2023-12-05,-1.044730957751734,-0.10772508522809765,val,CNYMYR_RET
2023-12-06,-0.31709848239973076,0.24351374007281273,val,CNYMYR_RET
2023-12-07,0.11047124838356914,0.14569468882531164,val,CNYMYR_RET
2023-12-08,0.05902038973854064,0.009154042649806675,val,CNYMYR_RET
2023-12-11,0.10747969315017018,-0.012959513957624971,val,CNYMYR_RET
2023-12-12,-0.29107238258833074,-0.031300339340705086,val,CNYMYR_RET
2023-12-13,0.01764540566302873,0.06751084883514438,val,CNYMYR_RET
2023-12-14,0.3904513338832433,0.012959279043284644,val,CNYMYR_RET
2023-12-15,0.8835263332723464,-0.09810451013958921,val,CNYMYR_RET
2023-12-18,-0.04951349050305449,-0.25511109915059804,val,CNYMYR_RET
2023-12-19,-0.40671989509249135,-0.05343172769765847,val,CNYMYR_RET
2023-12-20,0.7043770720674251,0.09181428365446609,val,CNYMYR_RET
2023-12-21,-1.4933834323790116,-0.15919585993001117,val,CNYMYR_RET
2023-12-22,-0.1261194810086729,0.346735292971739,val,CNYMYR_RET
2023-12-25,0.7762783314996807,0.12288784723742485,val,CNYMYR_RET
2023-12-26,-1.2405696959126724,-0.16980636431035245,val,CNYMYR_RET
2023-12-27,0.04366017737930453,0.2782752928848148,val,CNYMYR_RET
2023-12-28,-0.163526249251764,0.06097294150407856,val,CNYMYR_RET
2023-12-29,-0.01053943750438037,0.058343964736353365,val,CNYMYR_RET
2024-01-01,0.26996404283795844,0.017901760704448433,val,CNYMYR_RET
2024-01-02,0,-0.06550719782396155,val,CNYMYR_RET
2024-01-03,-0.11174170762245347,-0.0170243359316834,val,CNYMYR_RET
2024-01-04,-0.13108864891544977,0.024615620997299942,val,CNYMYR_RET
2024-01-05,0.5368507029593761,0.0404651990169933,val,CNYMYR_RET
2024-01-08,0.6556985103834619,-0.12900313021238663,val,CNYMYR_RET
2024-01-09,-0.0292489966997694,-0.2039321598146622,val,CNYMYR_RET
2024-01-10,-0.3357135602570944,-0.04539752804674524,val,CNYMYR_RET
2024-01-11,-0.9641326228727004,0.075448772392681,val,CNYMYR_RET
2024-01-12,0.9968721723577302,0.2701715763951097,val,CNYMYR_RET
2024-01-15,0.05673450362516599,-0.1888585602557531,val,CNYMYR_RET
2024-01-16,0.5339829315276421,-0.06382594525316088,val,CNYMYR_RET
2024-01-17,-0.7684193246502721,-0.15536154009530867,val,CNYMYR_RET
2024-01-18,1.54539292658249,0.1593245019859424,val,CNYMYR_RET
2024-01-19,-0.00702379350551127,-0.3602183465096933,val,CNYMYR_RET
2024-01-22,0.04743888306701397,-0.09178995468165979,val,CNYMYR_RET
2024-01-23,-0.9428854592994684,-0.036183481876006174,val,CNYMYR_RET
2024-01-24,1.6131742667181106,0.23563821330077372,val,CNYMYR_RET
2024-01-25,-0.00923702807082193,-0.3580009115090534,val,CNYMYR_RET
2024-01-26,0.06558662852990797,-0.09063849026860811,val,CNYMYR_RET
2024-01-29,-0.16226336470948077,-0.04060055981237887,val,CNYMYR_RET
2024-01-30,0.17767553076220616,0.03161833401155645,val,CNYMYR_RET
2024-01-31,-0.27286980450198556,-0.037958069728537575,val,CNYMYR_RET
2024-02-01,-0.06125006307407732,0.06105002839267898,val,CNYMYR_RET
2024-02-02,0.1423286672873834,0.03178395521055356,val,CNYMYR_RET
2024-02-05,-0.5639621170371253,-0.02872890882807355,val,CNYMYR_RET
2024-02-06,0.7508964084267857,0.13909906454601106,val,CNYMYR_RET
2024-02-07,0.43787755154721586,-0.1589969324031767,val,CNYMYR_RET
2024-02-08,-0.0981021916620234,-0.1551187054455987,val,CNYMYR_RET
2024-02-09,0.09540182029917674,-0.014817734791732873,val,CNYMYR_RET
2024-02-12,-1.112922973282492,-0.028644405415582774,val,CNYMYR_RET
2024-02-13,-0.18370472451914244,0.2817876996127404,val,CNYMYR_RET
2024-02-14,0.08016928922032898,0.1209744831914652,val,CNYMYR_RET
2024-02-15,0.5762513957270541,0.010604656480482477,val,CNYMYR_RET
2024-02-16,0.06277358716375336,-0.14700308404998721,val,CNYMYR_RET
2024-02-19,0.6238855313056065,-0.054517803233932405,val,CNYMYR_RET
2024-02-20,-0.9516852353889113,-0.17630682807425357,val,CNYMYR_RET
2024-02-21,0.3505794735897713,0.20150919164290526,val,CNYMYR_RET
2024-02-22,-0.05699714610902278,-0.03874112527472377,val,CNYMYR_RET
2024-02-23,-0.4381349735742614,0.004744465368433648,val,CNYMYR_RET
2024-02-26,-0.05719226271213527,0.11509770828630969,val,CNYMYR_RET
2024-02-27,0.01549187514655472,0.04477557339301461,val,CNYMYR_RET
2024-02-28,-0.3299131022333808,0.007610392946581279,val,CNYMYR_RET
2024-02-29,0.15590985790312334,0.08771728233928142,val,CNYMYR_RET
2024-03-01,-0.3929618698417462,-0.017722225236459388,val,CNYMYR_RET
2024-03-04,-0.09849787736384656,0.09751914258053003,val,CNYMYR_RET
2024-03-05,-0.507993955302014,0.05094187672060524,val,CNYMYR_RET
2024-03-06,0.2835875096512363,0.14525902014888817,val,CNYMYR_RET
2024-03-07,-0.05144981084270018,-0.03594949490190084,val,CNYMYR_RET
2024-03-08,0.05004268314386115,0.004028299093674116,val,CNYMYR_RET
2024-03-11,-0.9212200535539417,-0.011958446671234912,val,CNYMYR_RET
2024-03-12,-0.00187281713746602,0.23630342251781153,val,CNYMYR_RET
2024-03-13,-0.08714511627668141,0.06189842413551379,val,CNYMYR_RET
2024-03-14,0.15492633288943763,0.03873417555187364,val,CNYMYR_RET
2024-03-15,-0.0778921150074287,-0.030196594952167907,val,CNYMYR_RET
2024-03-18,0.30194345544125695,0.012395348646100868,val,CNYMYR_RET
2024-03-19,0.2667347032699957,-0.07524920012164815,val,CNYMYR_RET
2024-03-20,0.28530402684054074,-0.08887647537929166,val,CNYMYR_RET
2024-03-21,0.18510301065067675,-0.09724388739684908,val,CNYMYR_RET
2024-03-22,-0.5627985330062258,-0.07337771422534578,val,CNYMYR_RET
2024-03-25,0.06605235878666728,0.12719311324041252,val,CNYMYR_RET
2024-03-26,-0.00200882101969735,0.015889562941377847,val,CNYMYR_RET
2024-03-27,-0.19249429815238647,0.004651520921509195,val,CNYMYR_RET
2024-03-28,0.1312451836153351,0.05123523464490495,val,CNYMYR_RET
2024-03-29,-0.00968699716053931,-0.020793382931901378,val,CNYMYR_RET
2024-04-01,-0.09401884169740712,-0.0028863826974655643,val,CNYMYR_RET
2024-04-02,-0.02426857891614692,0.023683956081660767,val,CNYMYR_RET
2024-04-03,0.4901380418847953,0.012462142965911915,val,CNYMYR_RET
2024-04-04,-0.01712192492424364,-0.12414078513200132,val,CNYMYR_RET
2024-04-05,-0.31977072405535367,-0.027812592932135782,val,CNYMYR_RET
2024-04-08,0.20330491046606144,0.07587552921413523,val,CNYMYR_RET
2024-04-09,0.128831316763078,-0.03311698051608333,val,CNYMYR_RET
2024-04-10,-0.108609770464156,-0.042087927861815505,val,CNYMYR_RET
2024-04-11,-0.01106515942475197,0.017288026856226858,val,CNYMYR_RET
2024-04-12,-0.06082332100965917,0.007368566875324632,val,CNYMYR_RET
2024-04-15,0.4666674619858093,0.017722046519062173,val,CNYMYR_RET
2024-04-16,0.1692597162676296,-0.11667416439387646,val,CNYMYR_RET
2024-04-17,-0.03083063120589162,-0.07430991708289451,val,CNYMYR_RET
2024-04-18,0.3179743649111435,-0.011299612766660583,val,CNYMYR_RET
2024-04-19,-0.15747218159025853,-0.08557335675711178,val,CNYMYR_RET
2024-04-22,-0.06866282978163729,0.018685423704767584,val,CNYMYR_RET
2024-04-23,-0.15792247789133312,0.022700497957408472,val,CNYMYR_RET
2024-04-24,0.01426306874321875,0.04694119608188356,val,CNYMYR_RET
2024-04-25,-0.02726461904763617,0.008492554038516086,val,CNYMYR_RET
2024-04-26,0.05640066615916693,0.009292751740379523,val,CNYMYR_RET
2024-04-29,-0.292503686123657,-0.012242638774774106,val,CNYMYR_RET
2024-04-30,0.0533079568808002,0.07283563298577787,val,CNYMYR_RET
2024-05-01,5.4044560049397e-4,0.005074949456235832,val,CNYMYR_RET
2024-05-02,0.1159236951753186,0.001178449384006866,val,CNYMYR_RET
2024-05-03,-0.35735247830017425,-0.029820564393006677,val,CNYMYR_RET
2024-05-06,-0.2751942615025485,0.08512062057191533,val,CNYMYR_RET
2024-05-07,0.3799051951381928,0.09364042116569965,val,CNYMYR_RET
2024-05-08,-0.17585098475863478,-0.07439591128003496,val,CNYMYR_RET
2024-05-09,0.02019659701239538,0.02636664840274271,val,CNYMYR_RET
2024-05-10,-0.12998518901047593,0.0016035036007386871,val,CNYMYR_RET
2024-05-13,0.02843814969276317,0.03419792301060553,val,CNYMYR_RET
2024-05-14,-0.23780891152828432,0.0014968784974866978,val,CNYMYR_RET
2024-05-15,-0.3600876944229508,0.06219197729604914,val,CNYMYR_RET
2024-05-16,0.03217009117325124,0.10974413846527872,val,CNYMYR_RET
2024-05-17,-0.4483602608615089,0.020160328705080055,val,CNYMYR_RET
2024-05-20,-0.03625510086242562,0.12176145786493064,val,CNYMYR_RET
2024-05-21,-0.19926124690511188,0.04106612811881083,val,CNYMYR_RET
2024-05-22,0.09985253838570585,0.06245747187937783,val,CNYMYR_RET
2024-05-23,-0.03730276977948869,-0.009718415617504896,val,CNYMYR_RET
2024-05-24,0.2389698575329715,0.007168758965604344,val,CNYMYR_RET
2024-05-27,0.14876146182260724,-0.0602416208055328,val,CNYMYR_RET
2024-05-28,-0.3083990538169209,-0.05431675919004619,val,CNYMYR_RET
2024-05-29,-0.1165099131453324,0.06603216870373654,val,CNYMYR_RET
2024-05-30,0.1883740065983707,0.04743994288106554,val,CNYMYR_RET
2024-05-31,0.18766885501967565,-0.036626644470251546,val,CNYMYR_RET
2024-06-03,-0.03983831489509002,-0.058291028438473363,val,CNYMYR_RET
2024-06-04,-0.01380829252384878,-0.004795582846603955,val,CNYMYR_RET
2024-06-05,-0.1063401693324661,0.002342267755254604,val,CNYMYR_RET
2024-06-06,-0.1500297658661379,0.028244931554355257,val,CNYMYR_RET
2024-06-07,-0.0386860028127839,0.046330913820519536,val,CNYMYR_RET
2024-06-10,-0.1118852910031144,0.02209461855673911,val,CNYMYR_RET
2024-06-11,0.6378295165047322,0.03481936434791566,val,CNYMYR_RET
2024-06-12,-0.03041576346491526,-0.15671327337372495,val,CNYMYR_RET
2024-06-13,0.07633609585363568,-0.03282282416965489,val,CNYMYR_RET
2024-06-14,-0.3986548471080238,-0.02836876230624691,val,CNYMYR_RET
2024-06-17,0.21749414331651748,0.09623178685544986,val,CNYMYR_RET
2024-06-18,9.5474000726137e-4,-0.03151426348305229,val,CNYMYR_RET
2024-06-19,-0.0849509866788251,-0.008438205894130121,val,CNYMYR_RET
2024-06-20,-0.21954742394183335,0.01988452149405534,val,CNYMYR_RET
2024-06-21,0.04642230270662692,0.0622247631906193,val,CNYMYR_RET
2024-06-24,0.05169865814178451,0.004106821918250833,val,CNYMYR_RET
2024-06-25,-0.0111740983703498,-0.012368402776934687,val,CNYMYR_RET
2024-06-26,-0.19973233990109815,-3.103817610551618e-4,val,CNYMYR_RET
2024-06-27,0.1410778641805421,0.05182676897054428,val,CNYMYR_RET
2024-06-28,0.09758535491161492,-0.02319501791557131,val,CNYMYR_RET
2024-07-01,-0.02313933417800411,-0.031389003182362575,val,CNYMYR_RET
2024-07-02,-0.11063306085065076,-0.0021439649553139928,val,CNYMYR_RET
2024-07-03,0.09289742060895542,0.028194685084991372,val,CNYMYR_RET
2024-07-04,-0.03140277884040178,-0.016815268273556182,val,CNYMYR_RET
2024-07-05,-0.12068488428001872,0.0037910746993686933,val,CNYMYR_RET
2024-07-08,-0.00626914878546916,0.0323494304668363,val,CNYMYR_RET
2024-07-09,0.0096319474185889,0.010036388186873402,val,CNYMYR_RET
2024-07-10,-0.1270267613228993,1.0510807563843261e-4,val,CNYMYR_RET
2024-07-11,-0.1873858930382569,0.03303966165794267,val,CNYMYR_RET
2024-07-12,0.0900829955473852,0.05728528796423514,val,CNYMYR_RET
2024-07-15,-0.4064937199707524,-0.008523631146384159,val,CNYMYR_RET
2024-07-16,-0.08810789187284154,0.1034264433217699,val,CNYMYR_RET
2024-07-17,0.07291634113870174,0.04977689434323482,val,CNYMYR_RET
2024-07-18,-0.25129829122635344,-0.0060135943622251775,val,CNYMYR_RET
2024-07-19,0.09266977700745194,0.06374580530123976,val,CNYMYR_RET
2024-07-22,0.2887664518427006,-0.007516905426611709,val,CNYMYR_RET
2024-07-23,-0.05514975831445379,-0.07699959046751828,val,CNYMYR_RET
2024-07-24,-0.1886381539404484,-0.005678442903698788,val,CNYMYR_RET
2024-07-25,0.03047038034901368,0.047548478428640906,val,CNYMYR_RET
2024-07-26,0.225587009679809,0.004438340952442055,val,CNYMYR_RET
2024-07-29,-0.39431852105113574,-0.057473214430218134,val,CNYMYR_RET
2024-07-30,-0.5112547323672066,0.08754103132812963,val,CNYMYR_RET
2024-07-31,-0.25174630569666756,0.15561801716832813,val,CNYMYR_RET
2024-08-01,-0.14480428079390978,0.10586786352353583,val,CNYMYR_RET
2024-08-02,-0.9109438437102204,0.06514592190378532,val,CNYMYR_RET
2024-08-05,-0.3892364526486752,0.2536710563310433,val,CNYMYR_RET
2024-08-06,-1.10774787909408,0.16708199662707823,val,CNYMYR_RET
2024-08-07,0.5961467519272692,0.33130911992826106,val,CNYMYR_RET
2024-08-08,0.16711589054795223,-0.06882731919962315,val,CNYMYR_RET
2024-08-09,-0.39877439869641834,-0.06131809323208576,val,CNYMYR_RET
2024-08-12,-1.0663966579402615,0.08769982074226568,val,CNYMYR_RET
2024-08-13,0.6476652192974015,0.29993232504714756,val,CNYMYR_RET
2024-08-14,0.29454498404927987,-0.09037055167771874,val,CNYMYR_RET
2024-08-15,-0.6046222588351613,-0.10003376122346275,val,CNYMYR_RET
2024-08-16,-0.1248811487576064,0.1311349649498026,val,CNYMYR_RET
2024-08-19,-0.12406358165220188,0.06653473921127961,val,CNYMYR_RET
2024-08-20,-0.694170152850617,0.049533638289864235,test,CNYMYR_RET
2024-08-21,0.06198373653475989,0.1932774350700563,test,CNYMYR_RET
2024-08-22,-0.13443652034241688,0.03412125848497913,test,CNYMYR_RET
2024-08-23,0.2232306929106168,0.043805632754547935,test,CNYMYR_RET
2024-08-26,-0.02228358353927681,-0.046629875801863334,test,CNYMYR_RET
2024-08-27,-0.4674860870649776,-0.006327235356381078,test,CNYMYR_RET
2024-08-28,-0.277368223594423,0.11984825286611123,test,CNYMYR_RET
2024-08-29,0.04074044342626799,0.10323059079761432,test,CNYMYR_RET
2024-08-30,-0.3693708347972847,0.016240249874969637,test,CNYMYR_RET
2024-09-02,0.3838703904064851,0.10021452393800878,test,CNYMYR_RET
2024-09-03,0.3236508607108979,-0.0737178954399676,test,CNYMYR_RET
2024-09-04,0.11878956439127768,-0.1032701659998805,test,CNYMYR_RET
2024-09-05,-0.34032245078936985,-0.05770998566046587,test,CNYMYR_RET
2024-09-06,0.05938757066435465,0.07344673111747309,test,CNYMYR_RET
2024-09-09,0.16336490500693476,0.003653764447603597,test,CNYMYR_RET
2024-09-10,0.21311831514729215,-0.0415065244619546,test,CNYMYR_RET
2024-09-11,-0.641614589907747,-0.06617316798846817,test,CNYMYR_RET
2024-09-12,-0.01914929640168346,0.1495485748312066,test,CNYMYR_RET
2024-09-13,-0.1296146861257717,0.04384204066469877,test,CNYMYR_RET
2024-09-16,-0.3243587716094667,0.045078795683289596,test,CNYMYR_RET
2024-09-17,-0.00880795236178125,0.09601126991078827,test,CNYMYR_RET
2024-09-18,-0.8644955601085287,0.02724094010037592,test,CNYMYR_RET
2024-09-19,-0.30814287253910844,0.23174891075171278,test,CNYMYR_RET
2024-09-20,-0.5118967888363962,0.14030975817647506,test,CNYMYR_RET
2024-09-23,0.01414194341413444,0.16949867681760206,test,CNYMYR_RET
2024-09-24,-0.05327241339539375,0.04037487950281653,test,CNYMYR_RET
2024-09-25,-0.90983629827515,0.02433752360582142,test,CNYMYR_RET
2024-09-26,-0.5492881410132269,0.24277773268556602,test,CNYMYR_RET
2024-09-27,0.6100422863589106,0.20584601329013308,test,CNYMYR_RET
2024-09-30,-0.5270856720606257,-0.10504453500742283,test,CNYMYR_RET
2024-10-01,-0.041972629295300067,0.10968214689157724,test,CNYMYR_RET
2024-10-02,0.7942036290655896,0.03941279647448559,test,CNYMYR_RET
2024-10-03,0.11221824602153592,-0.19615879046936874,test,CNYMYR_RET
2024-10-04,1.0035836523071262,-0.08014255589051933,test,CNYMYR_RET
2024-10-07,0.7711841253939881,-0.28164414963843176,test,CNYMYR_RET
2024-10-08,0.9527036430733788,-0.2736142413035787,test,CNYMYR_RET
2024-10-09,-0.374555298645748,-0.31870158266834037,test,CNYMYR_RET
2024-10-10,-0.14048563205557163,0.01451554112248113,test,CNYMYR_RET
2024-10-11,-0.05829337989321046,0.040282474745438966,test,CNYMYR_RET
2024-10-14,0.15234631458984968,0.02561838271011041,test,CNYMYR_RET
2024-10-15,-0.07780032585163374,-0.03293468436928019,test,CNYMYR_RET
2024-10-16,-0.12861522049723842,0.011659905747130994,test,CNYMYR_RET
2024-10-17,-0.3688734074893654,0.03645539652697394,test,CNYMYR_RET
2024-10-18,0.31905332762355226,0.10533886277513069,test,CNYMYR_RET
2024-10-21,0.01000422457636481,-0.055541176601949224,test,CNYMYR_RET
2024-10-22,-0.0907494542858314,-0.017034264409160976,test,CNYMYR_RET
2024-10-23,0.4696257458377624,0.019157469673801608,test,CNYMYR_RET
2024-10-24,0.5028445575822238,-0.11706993299561386,test,CNYMYR_RET
2024-10-25,-0.1144852636103481,-0.16110645680305885,test,CNYMYR_RET
2024-10-28,-0.0772860938516824,-0.012116147245093994,test,CNYMYR_RET
2024-10-29,0.3791018521562279,0.016936689410252892,test,CNYMYR_RET
2024-10-30,0.2613562823901673,-0.09412128129658714,test,CNYMYR_RET
2024-10-31,0.3245492571551317,-0.09238327483710562,test,CNYMYR_RET
2024-11-01,-0.1960546748365216,-0.10835449723491063,test,CNYMYR_RET
2024-11-04,0.0922693103633256,0.022791957744405164,test,CNYMYR_RET
2024-11-05,0.19895230604054215,-0.018056119478764704,test,CNYMYR_RET
2024-11-06,-0.8084569673439685,-0.05639722746154485,test,CNYMYR_RET
2024-11-07,0.3616190464096178,0.1954490205314439,test,CNYMYR_RET
2024-11-08,0.3507926951689812,-0.04318509165861123,test,CNYMYR_RET
2024-11-11,-0.8017557489848288,-0.10238890404987966,test,CNYMYR_RET
2024-11-12,0.2479722911121993,0.1817549292773897,test,CNYMYR_RET
2024-11-13,0.24747831413909135,-0.017208896882065644,test,CNYMYR_RET
2024-11-14,0.47222495305495527,-0.06878822704878818,test,CNYMYR_RET
2024-11-15,0.5817803271259745,-0.1406011923499717,test,CNYMYR_RET
2024-11-18,-0.29311515443414665,-0.18773609720640433,test,CNYMYR_RET
2024-11-19,0.10241438950627242,0.027386432789114873,test,CNYMYR_RET
2024-11-20,-0.22293828876352575,-0.01949863804055857,test,CNYMYR_RET
2024-11-21,-0.03671908994542473,0.05287090687407273,test,CNYMYR_RET
2024-11-22,-0.00325705105436679,0.02328309334910481,test,CNYMYR_RET
2024-11-25,-0.04747972430578106,0.006897384547180488,test,CNYMYR_RET
2024-11-26,-0.05508168231657125,0.014131793128966855,test,CNYMYR_RET
2024-11-27,-0.3183149523257135,0.01798754176832079,test,CNYMYR_RET
2024-11-28,-0.3135821306169432,0.08739996251260151,test,CNYMYR_RET
2024-11-29,0.15816930721631087,0.10420921796062406,test,CNYMYR_RET
2024-12-02,0.03038093728212655,-0.014023416004773897,test,CNYMYR_RET
2024-12-03,-0.07914345937269074,-0.011540023879770142,test,CNYMYR_RET
2024-12-04,0.04682763505857585,0.01756911658868708,test,CNYMYR_RET
2024-12-05,-0.10652086724587442,-0.007603849101183044,test,CNYMYR_RET
2024-12-06,-0.5110406722983197,0.025707045976551712,test,CNYMYR_RET
2024-12-09,-0.31999858323278174,0.13949266294418583,test,CNYMYR_RET
2024-12-10,0.2480414726004459,0.1194148672578873,test,CNYMYR_RET
2024-12-11,0.2054005830779721,-0.033428121059130234,test,CNYMYR_RET
2024-12-12,-0.03539688083622153,-0.06206798984571143,test,CNYMYR_RET
2024-12-13,0.01203371152853321,-0.006931420279467613,test,CNYMYR_RET
2024-12-16,0.17831201526582033,-0.004928752650292106,test,CNYMYR_RET
2024-12-17,-0.04410444898471239,-0.04762152088640321,test,CNYMYR_RET
2024-12-18,0.28392176719678447,-9.140341144063813e-4,test,CNYMYR_RET
2024-12-19,0.3244719255628045,-0.0740245427673934,test,CNYMYR_RET
2024-12-20,0.397226691223846,-0.103563241442167,test,CNYMYR_RET
2024-12-23,0.05550441004497447,-0.13014777502500302,test,CNYMYR_RET
2024-12-24,-0.42223040836970827,-0.04824821195337792,test,CNYMYR_RET
2024-12-25,-0.03398594343979705,0.09719235069968957,test,CNYMYR_RET
2024-12-26,-0.03563909885378677,0.03409126661740547,test,CNYMYR_RET
2024-12-27,-0.4035587720014236,0.01812187371547752,test,CNYMYR_RET
2024-12-30,0.04910347685369537,0.10958846061261054,test,CNYMYR_RET
2024-12-31,-0.1496568666268161,0.015719137996123095,test,CNYMYR_RET
2025-01-01,0,0.04297873747105553,test,CNYMYR_RET
2025-01-02,0.16791932118749864,0.011169527760798825,test,CNYMYR_RET
2025-01-03,0.2724045492416181,-0.04073691486070552,test,CNYMYR_RET
2025-01-06,0.04676104562758128,-0.08138075900213713,test,CNYMYR_RET
2025-01-07,0.2406745764333364,-0.03330212864196885,test,CNYMYR_RET
2025-01-08,-0.6118434602530932,-0.07120242690264522,test,CNYMYR_RET
2025-01-09,0.26429668306903414,0.1405044770033465,test,CNYMYR_RET
2025-01-10,0.00293335080644068,-0.032171733363559586,test,CNYMYR_RET
2025-01-13,-0.1390817041106129,-0.009123283634054291,test,CNYMYR_RET
2025-01-14,0.32586936675522593,0.03377423979101446,test,CNYMYR_RET
2025-01-15,-0.12599730854215904,-0.0759111323737237,test,CNYMYR_RET
2025-01-16,-0.12243398288112375,0.013016644230704977,test,CNYMYR_RET
2025-01-17,0.06553315514052285,0.035201581730083885,test,CNYMYR_RET
2025-01-20,0.17327733589694833,-0.007882719948783201,test,CNYMYR_RET
2025-01-21,-0.14288364406714416,-0.047080775099070576,test,CNYMYR_RET
2025-01-22,0.17567159519820183,0.02489772542117416,test,CNYMYR_RET
2025-01-23,-0.8870926728885197,-0.039183862141407344,test,CNYMYR_RET
2025-01-24,-0.01451661582717944,0.22035875313098596,test,CNYMYR_RET
2025-01-27,-0.9152839516413996,0.061040577463981616,test,CNYMYR_RET
2025-01-28,-0.08201722474761908,0.2537320678332054,test,CNYMYR_RET
2025-01-29,0.32631372399236924,0.08725619375570692,test,CNYMYR_RET
2025-01-30,1.0693179408929026,-0.062127458308998795,test,CNYMYR_RET
2025-01-31,-0.1658541264290031,-0.2940456500083264,test,CNYMYR_RET
2025-02-03,1.4024030843149158,-0.03331504984953626,test,CNYMYR_RET
2025-02-04,0.2508952079543204,-0.37312155963240967,test,CNYMYR_RET
2025-02-05,-0.4439567450696197,-0.1621725769273219,test,CNYMYR_RET
2025-02-06,-1.7113600709764956,0.07323146918260792,test,CNYMYR_RET
2025-02-07,-0.1811140550606268,0.4637885131669569,test,CNYMYR_RET
2025-02-10,0.3635907917120664,0.167600482533475,test,CNYMYR_RET
2025-02-11,0.4199013762731151,-0.05093493499412599,test,CNYMYR_RET
2025-02-12,-0.03695465975564864,-0.12236327912222415,test,CNYMYR_RET
2025-02-13,0.02285705618196619,-0.02219641620857123,test,CNYMYR_RET
2025-02-14,-0.3341553015797024,-0.011708720176468512,test,CNYMYR_RET
2025-02-17,0.25799639205502256,0.08379901910296028,test,CNYMYR_RET
2025-02-18,-0.01128678677298859,-0.04527127848640593,test,CNYMYR_RET
2025-02-19,-0.09317491186516096,-0.008832058500678197,test,CNYMYR_RET
2025-02-20,-0.15461127603551253,0.02191943964650009,test,CNYMYR_RET
2025-02-21,0.1230149666433901,0.0458776791843136,test,CNYMYR_RET
2025-02-24,-0.184244405553868,-0.020046821390393765,test,CNYMYR_RET
2025-02-25,-0.1255317272934281,0.042672483709070286,test,CNYMYR_RET
2025-02-26,0.29441787008591314,0.043713745792112624,test,CNYMYR_RET
2025-02-27,-0.04168023492604937,-0.06515423301887863,test,CNYMYR_RET
2025-02-28,0.21022432269065497,-0.006100539215033285,test,CNYMYR_RET
2025-03-03,0.2026226442276576,-0.05621957955451348,test,CNYMYR_RET
2025-03-04,-0.02058958698571153,-0.06726920273423413,test,CNYMYR_RET
2025-03-05,0.09561963928435732,-0.012131330389071562,test,CNYMYR_RET
2025-03-06,-0.4762671998352193,-0.028002857176316176,test,CNYMYR_RET
2025-03-07,0.05651443222099141,0.1164971638098211,test,CNYMYR_RET
2025-03-10,-0.065013662901188915,0.01558861020757489,test,CNYMYR_RET
2025-03-11,-0.14259130604603631,0.02094731907092745,test,CNYMYR_RET
2025-03-12,-0.23778427464154825,0.04250123015914495,test,CNYMYR_RET
2025-03-13,0.6882223911140725,0.07284198910982964,test,CNYMYR_RET
2025-03-14,0.1805342680589065,-0.15992811534463902,test,CNYMYR_RET
2025-03-17,0.19144377554889508,-0.08848105520769822,test,CNYMYR_RET
2025-03-18,-0.00670483032372172,-0.07274825534785286,test,CNYMYR_RET
2025-03-19,0.08594734946488763,-0.01716369331979707,test,CNYMYR_RET
2025-03-20,-0.3530653583846056,-0.02679700993087747,test,CNYMYR_RET
2025-03-21,-0.346203993115509,0.08479223890599774,test,CNYMYR_RET
2025-03-24,-0.0675726264908453,0.11200944145011149,test,CNYMYR_RET
2025-03-25,0.15261649305222852,0.04667067976482636,test,CNYMYR_RET
2025-03-26,0.03649982471493847,-0.027533724168863627,test,CNYMYR_RET
2025-03-27,-0.1579950545162201,-0.016641356725794254,test,CNYMYR_RET
2025-03-28,-0.04299070934477318,0.03673570105741294,test,CNYMYR_RET
2025-03-31,0.07459868336392296,0.02071969552050658,test,CNYMYR_RET
2025-04-01,0.15168911053259285,-0.014002338966938505,test,CNYMYR_RET
2025-04-02,-0.31436470512620746,-0.04306071685233609,test,CNYMYR_RET
2025-04-03,0.7838055122406342,0.07050782798543709,test,CNYMYR_RET
2025-04-04,-0.5167443638353192,-0.18537534499163744,test,CNYMYR_RET
2025-04-07,-0.46037699266433657,0.08611782646095184,test,CNYMYR_RET
2025-04-08,0.9786831714641244,0.142025787925099,test,CNYMYR_RET
2025-04-09,-0.3969182293248843,-0.21743467634455244,test,CNYMYR_RET
2025-04-10,-0.04116017282283729,0.046645077207554994,test,CNYMYR_RET
2025-04-11,-0.42562909168220553,0.02281926448907068,test,CNYMYR_RET
2025-04-14,-0.4258687241504104,0.11654498615537506,test,CNYMYR_RET
2025-04-15,-0.4478457746927627,0.1409651690950326,test,CNYMYR_RET
2025-04-16,-0.05667457880739187,0.15302311257814644,test,CNYMYR_RET
2025-04-17,-0.04535847385184703,0.054497277563902095,test,CNYMYR_RET
2025-04-18,0,0.02595100864153522,test,CNYMYR_RET
2025-04-21,0,0.006744277019248579,test,CNYMYR_RET
2025-04-22,0.10850905956778754,0.0017527362092417537,test,CNYMYR_RET
2025-04-23,-0.5504933985274797,-0.027744363551794327,test,CNYMYR_RET
2025-04-24,0.35348142015344025,0.13585461559972414,test,CNYMYR_RET
2025-04-25,-0.4110092614490453,-0.05655793487637256,test,CNYMYR_RET
2025-04-28,0.09741732839706944,0.09211657123878293,test,CNYMYR_RET
2025-04-29,-0.4362360168376608,-0.001377587098099542,test,CNYMYR_RET
2025-04-30,-0.4741226099302296,0.11301316857584565,test,CNYMYR_RET
2025-05-01,-0.3230369082081817,0.15258776230452104,test,CNYMYR_RET
2025-05-02,0.12747708258065288,0.12360770170576052,test,CNYMYR_RET
2025-05-05,-1.3994383670523538,-0.0010055939202104902,test,CNYMYR_RET
2025-05-06,-1.4110500931090617,0.36343165481837825,test,CNYMYR_RET
2025-05-07,1.5126764335777247,0.4611611301484697,test,CNYMYR_RET
2025-05-08,0.03028266518022637,-0.27327301972208,test,CNYMYR_RET
2025-05-09,0.9865093367544352,-0.07888955909298245,test,CNYMYR_RET
2025-05-12,0.21975200963953043,-0.27688115667674784,test,CNYMYR_RET
2025-05-13,0.4779048221761823,-0.12906749394020417,test,CNYMYR_RET
2025-05-14,0.5378945268924769,-0.15774298022281652,test,CNYMYR_RET
2025-05-15,-0.7551651743522882,-0.18078573044194002,test,CNYMYR_RET
2025-05-16,-0.1861767111983476,0.14927258271161264,test,CNYMYR_RET
2025-05-19,0.28023232610931714,0.08717822861108915,test,CNYMYR_RET
2025-05-20,-0.11652563821017826,-0.05017185771905508,test,CNYMYR_RET
2025-05-21,0.03057994226842544,0.0172443500400327,test,CNYMYR_RET
2025-05-22,-0.4229243995569219,-0.0034657199435427777,test,CNYMYR_RET
2025-05-23,0.09210759440130722,0.10901100502556459,test,CNYMYR_RET
2025-05-26,-1.03518508580072,0.0043929423089028585,test,CNYMYR_RET
2025-05-27,-0.28419401855925885,0.2701707013219472,test,CNYMYR_RET
2025-05-28,0.5557861369801194,0.144071056821775,test,CNYMYR_RET
2025-05-29,-0.1770362211406507,-0.1069985599382754,test,CNYMYR_RET
2025-05-30,0.11806646668514756,0.018201735256373988,test,CNYMYR_RET
2025-06-02,0.3886243000160241,-0.02595334241192193,test,CNYMYR_RET
2025-06-03,0,-0.1077424968386756,test,CNYMYR_RET
2025-06-04,-0.27070830539776586,-0.028000655213937575,test,CNYMYR_RET
2025-06-05,0.04713872789913121,0.06307606961028629,test,CNYMYR_RET
2025-06-06,-0.01394836112753171,0.004141875521494042,test,CNYMYR_RET
2025-06-09,-0.23669977719652172,0.00470138055094782,test,CNYMYR_RET
2025-06-10,0.1879063523405361,0.06273653186683792,test,CNYMYR_RET
2025-06-11,0.11818078728165146,-0.0325297546382495,test,CNYMYR_RET
2025-06-12,-0.1682314748138682,-0.03916740418336037,test,CNYMYR_RET
2025-06-13,-0.3502232953324347,0.033541811710965375,test,CNYMYR_RET
2025-06-16,0.7432776648978796,0.09973478210321929,test,CNYMYR_RET
2025-06-17,-0.04287603964409378,-0.16724712072988038,test,CNYMYR_RET
2025-06-18,-0.23000144342401715,-0.032322174278939714,test,CNYMYR_RET
2025-06-19,0.28209614204893974,0.05137387029894383,test,CNYMYR_RET
2025-06-20,0.23450983560692384,-0.059961249933916605,test,CNYMYR_RET
2025-06-23,-0.11751151308632722,-0.07652860828953062,test,CNYMYR_RET
2025-06-24,0.7114616982668786,0.010650840852509447,test,CNYMYR_RET
2025-06-25,-0.9266543721845824,-0.18213020641266353,test,CNYMYR_RET
2025-06-26,-0.0120583098650281,0.19349063810391154,test,CNYMYR_RET
2025-06-27,-0.11225938174279912,0.05341908151881497,test,CNYMYR_RET
2025-06-30,-0.06415866823794032,0.04305734192432613,test,CNYMYR_RET
2025-07-01,-0.2726177966231954,0.027863829241518034,test,CNYMYR_RET
2025-07-02,-0.35761207375609716,0.07809065736205428,test,CNYMYR_RET
2025-07-03,0.7425082685861574,0.11323258981159023,test,CNYMYR_RET
2025-07-04,-0.1539157179642855,-0.16353928888678046,test,CNYMYR_RET
2025-07-07,-0.03554311527444061,-0.0025010214096962413,test,CNYMYR_RET
2025-07-08,0.22243940625631012,0.008587143467062824,test,CNYMYR_RET
2025-07-09,0.12640007953958324,-0.055576988215225914,test,CNYMYR_RET
2025-07-10,0.13749970467081493,-0.04729310421193694,test,CNYMYR_RET
2025-07-11,0.3427954436954762,-0.04802487300149155,test,CNYMYR_RET
2025-07-14,-0.12985401701622096,-0.10156832502980824,test,CNYMYR_RET
2025-07-15,0.01534782944490398,0.0073510261228220825,test,CNYMYR_RET
2025-07-16,-0.3178699956912733,-0.0020782489658704995,test,CNYMYR_RET
2025-07-17,-0.01909458823984127,0.08206952761364836,test,CNYMYR_RET
2025-07-18,0.00524636218929499,0.02629103289000055,test,CNYMYR_RET
2025-07-21,-0.05304574259621672,0.005469193546383332,test,CNYMYR_RET
2025-07-22,-0.13457310852101037,0.015207152236761362,test,CNYMYR_RET
2025-07-23,-0.07781235271402183,0.03892563809442516,test,CNYMYR_RET
2025-07-24,0.11187178376980585,0.03033844886562702,test,CNYMYR_RET
2025-07-25,-0.2124515360065966,-0.02118928803471823,test,CNYMYR_RET
2025-07-28,0.15417822744138418,0.04970618296438796,test,CNYMYR_RET
2025-07-29,-0.11420021861772518,-0.027150713810499452,test,CNYMYR_RET
2025-07-30,0.11406229771358932,0.022622857666838275,test,CNYMYR_RET
2025-07-31,0.23598246130337852,-0.023763735840819256,test,CNYMYR_RET
2025-08-01,0.13921958433445528,-0.0675041318214131,test,CNYMYR_RET
2025-08-04,0.13463248094731803,-0.05372438611007341,test,CNYMYR_RET
2025-08-05,-0.5085022030127302,-0.0489511181418833,test,CNYMYR_RET
2025-08-06,-0.27618777941845174,0.11943041843485952,test,CNYMYR_RET
2025-08-07,-0.1337561196897485,0.10281522221483802,test,CNYMYR_RET
2025-08-08,0.22632642295418365,0.06148133533685701,test,CNYMYR_RET
2025-08-11,0.24806472764573712,-0.04284076012267801,test,CNYMYR_RET
2025-08-12,-0.2467386494590577,-0.07560196303081942,test,CNYMYR_RET
2025-08-13,0.03349487205051397,0.04447585207077476,test,CNYMYR_RET
2025-08-14,-0.4751268377416771,0.0028537916280039766,test,CNYMYR_RET
2025-08-15,0.10575088600084284,0.12421997999509,test,CNYMYR_RET
2025-08-18,-0.07813677166698822,0.004799839879532877,test,CNYMYR_RET
2025-08-19,0.1850055587181739,0.02155397853832547,test,CNYMYR_RET
2025-08-20,0.04943781358400756,-0.04247860848855255,test,CNYMYR_RET
2025-08-21,0.15741436525313,-0.02388769629876117,test,CNYMYR_RET
2025-08-22,-0.09402715155835065,-0.04711768024730137,test,CNYMYR_RET
2025-08-25,0.2438817437791415,0.012191066394307754,test,CNYMYR_RET
2025-08-26,-0.24402517861387263,-0.060212924000176,test,CNYMYR_RET
2025-08-27,0.2116852736957552,0.04777004168783189,test,CNYMYR_RET
2025-08-28,0.4003914998088899,-0.04259910462849886,test,CNYMYR_RET
2025-08-29,-0.5806022260399629,-0.11512659852720752,test,CNYMYR_RET
2025-09-01,0.6723163881054248,0.12097011800266089,test,CNYMYR_RET
2025-09-02,0,-0.14328660710131516,test,CNYMYR_RET
2025-09-03,-0.03058266938502718,-0.037238035129502065,test,CNYMYR_RET
2025-09-04,-0.0643725450722175,-0.001729629505548988,test,CNYMYR_RET
2025-09-05,-0.08760711161327608,0.01627995203233913,test,CNYMYR_RET
2025-09-08,0.03464059027404859,0.026998686086556995,test,CNYMYR_RET
2025-09-09,-0.01441987258043351,-0.001986016016059947,test,CNYMYR_RET
2025-09-10,-0.15532392706664103,0.0032313724004361666,test,CNYMYR_RET
2025-09-11,0.21669806041339823,0.04120613873806736,test,CNYMYR_RET
2025-09-12,0.19833586839297213,-0.0456077122383744,test,CNYMYR_RET
2025-09-15,-0.4851524288391731,-0.06339726935360745,test,CNYMYR_RET
2025-09-16,0.11572563313935055,0.10960782562090611,test,CNYMYR_RET
2025-09-17,0.02473612802883786,-0.0015899262038236578,test,CNYMYR_RET
2025-09-18,-0.24006367045295104,-0.0068417457302471785,test,CNYMYR_RET
2025-09-19,0.0439596530634189,0.060610872163741954,test,CNYMYR_RET
2025-09-22,0.3332925100923884,0.004327401523077701,test,CNYMYR_RET
2025-09-23,-0.1938808218799606,-0.08549308631910524,test,CNYMYR_RET
2025-09-24,-0.06153568814422569,0.028168343057829767,test,CNYMYR_RET
2025-09-25,-0.06517545243940874,0.02331272917083002,test,CNYMYR_RET
2025-09-26,0.1459545436740696,0.02299674814002617,test,CNYMYR_RET
2025-09-29,0.13264442766547507,-0.03195488261024512,test,CNYMYR_RET
2025-09-30,0.06941560355898109,-0.04277688628641428,test,CNYMYR_RET
2025-10-01,-0.14880809968928382,-0.02915714149875205,test,CNYMYR_RET
2025-10-02,-0.02377666275638666,0.03109548529701147,test,CNYMYR_RET
2025-10-03,-0.0475702921272839,0.014260446375137341,test,CNYMYR_RET
2025-10-06,0.2257745957619897,0.01606887942296098,test,CNYMYR_RET
2025-10-07,0,-0.05449936312867353,test,CNYMYR_RET
2025-10-08,-0.01187494047651081,-0.014163565177351508,test,CNYMYR_RET
2025-10-09,0.04262912162790461,-5.947791543971168e-4,test,CNYMYR_RET
2025-10-10,-0.12634880721678626,-0.011233242019802775,test,CNYMYR_RET
2025-10-13,0.4814702740274112,0.029916804839455302,test,CNYMYR_RET
2025-10-14,0.16583678663952942,-0.11735195834862708,test,CNYMYR_RET
2025-10-15,-0.456574813703487,-0.07359649758956283,test,CNYMYR_RET
2025-10-16,0.20651442011884583,0.09953030696863334,test,CNYMYR_RET
2025-10-17,-0.06153456104036497,-0.027803562694239205,test,CNYMYR_RET
2025-10-20,-0.08323152182636358,0.008766179385335443,test,CNYMYR_RET
2025-10-21,0.09686764815259873,0.023908819525137875,test,CNYMYR_RET
2025-10-22,0.03871465008986849,-0.018960902755661466,test,CNYMYR_RET
2025-10-23,-0.03109144017654264,-0.014989009136469285,test,CNYMYR_RET
2025-10-24,-0.02365572571245933,0.004184779756259107,test,CNYMYR_RET
2025-10-27,-0.05379735388233399,0.007235328839451008,test,CNYMYR_RET
2025-10-28,-0.20753086464496673,0.015861476722905277,test,CNYMYR_RET
2025-10-29,-0.07279654487595096,0.05805631121990733,test,CNYMYR_RET
2025-10-30,-0.21750500431428463,0.03400669016224142,test,CNYMYR_RET
2025-10-31,0.08650985780937741,0.06536410836900544,test,CNYMYR_RET
2025-11-03,-0.38610968893471376,-0.005495462391285788,test,CNYMYR_RET
2025-11-04,-0.49406704649544103,0.09891591562909113,test,CNYMYR_RET
2025-11-05,0.663008390069017,0.15410735742508097,test,CNYMYR_RET
2025-11-06,-0.2131370528235092,-0.13225572797348226,test,CNYMYR_RET
2025-11-07,-0.1111872102399222,0.021019840423441266,test,CNYMYR_RET
2025-11-10,-0.1556178536241471,0.034358624972459145,test,CNYMYR_RET
2025-11-11,-0.39394739936289097,0.04937203083298208,test,CNYMYR_RET
2025-11-12,-0.5426497791946095,0.11521205539853441,test,CNYMYR_RET
2025-11-13,-0.04838732189729383,0.17096840104264932,test,CNYMYR_RET
2025-11-14,-0.05479953920905978,0.05700725477377816,test,CNYMYR_RET
2025-11-17,0.26492402940955867,0.029056904942316164,test,CNYMYR_RET
2025-11-18,0.2698051480957181,-0.06129831981153244,test,CNYMYR_RET
2025-11-19,0.3683577342457829,-0.08604881376465356,test,CNYMYR_RET
2025-11-20,-0.3201335924718709,-0.11809343064368705,test,CNYMYR_RET
2025-11-21,0.14454452705059925,0.052507200749114094,test,CNYMYR_RET
2025-11-24,0.27712604488602804,-0.023919117490281416,test,CNYMYR_RET
2025-11-25,-0.6126055635999786,-0.07823711202966133,test,CNYMYR_RET
2025-11-26,0.04385571556757924,0.13887432729566293,test,CNYMYR_RET
2025-11-27,0.3043806562950569,0.0246939087543962,test,CNYMYR_RET
2025-11-28,-0.19361995156783623,-0.07268638109918442,test,CNYMYR_RET
2025-12-01,0.05833923835017483,0.0314288169463288,test,CNYMYR_RET
2025-12-02,0.01173592229809003,-0.006993613973129838,test,CNYMYR_RET
2025-12-03,0.06037065292388042,-0.004867524912037409,test,CNYMYR_RET
2025-12-04,-0.15186404310235804,-0.01695442168102196,test,CNYMYR_RET
2025-12-05,-0.24394623930447437,0.03506098248417125,test,CNYMYR_RET
2025-12-08,-0.12047444665987918,0.07250978257168182,test,CNYMYR_RET
2025-12-09,0.06535155178513945,0.050153700006891906,test,CNYMYR_RET
2025-12-10,0.1332686934490354,-0.003949693204830962,test,CNYMYR_RET
2025-12-11,0.05085596243250498,-0.035660995859977854,test,CNYMYR_RET
2025-12-12,-0.09601515238141552,-0.02248445683353452,test,CNYMYR_RET
2025-12-15,-0.26656365639461155,0.019109522371289267,test,CNYMYR_RET
2025-12-16,0.05531398729776114,0.07424216457941028,test,CNYMYR_RET
2025-12-17,-0.14488718231516687,0.004919148724438077,test,CNYMYR_RET
2025-12-18,0.03049155732844271,0.03893241336875387,test,CNYMYR_RET
2025-12-19,-0.06244443031141124,0.0021936515918052762,test,CNYMYR_RET
2025-12-22,-0.18957717690346176,0.016798465769474663,test,CNYMYR_RET
2025-12-23,0.01963564074022762,0.05363392704451744,test,CNYMYR_RET
2025-12-24,-0.15581527518787838,0.008835643507469126,test,CNYMYR_RET
2025-12-25,0,0.04279029853883576,test,CNYMYR_RET
2025-12-26,-0.46890641669446304,0.011120555315154934,test,CNYMYR_RET
2025-12-29,0.08654225010202753,0.12475179368413275,test,CNYMYR_RET
2025-12-30,0.603057972820629,0.009930085965303093,test,CNYMYR_RET
2025-12-31,-0.172844071905538,-0.15414502118393192,test,CNYMYR_RET
2026-01-01,0,0.004859602175988134,test,CNYMYR_RET
2026-01-02,0.18523487767710525,0.0012629375501710116,test,CNYMYR_RET
2026-01-05,0.01820973790771156,-0.04781154155213818,test,CNYMYR_RET
2026-01-06,0.5162582126014267,-0.017157938020558983,test,CNYMYR_RET
2026-01-07,-0.5750998971277691,-0.13862683859532154,test,CNYMYR_RET
2026-01-08,0.956022611530382,0.11343278632608023,test,CNYMYR_RET
2026-01-09,-0.673456024353368,-0.21897642874977952,test,CNYMYR_RET
2026-01-12,0.974134295966797,0.11811241461500821,test,CNYMYR_RET
2026-01-13,-0.6895525196649807,-0.22246721821573356,test,CNYMYR_RET
2026-01-14,-0.17395959885774634,0.1213884480602059,test,CNYMYR_RET
2026-01-15,-0.16998371891219866,0.07675651736790678,test,CNYMYR_RET
2026-01-16,0.2362608730407736,0.06412407811403803,test,CNYMYR_RET
2026-01-19,0.04386300440637036,-0.04473576523470376,test,CNYMYR_RET
2026-01-20,-0.0616727085590738,-0.023025488306748366,test,CNYMYR_RET
2026-01-21,0.10541880895387772,0.010043831552212737,test,CNYMYR_RET
2026-01-22,-0.2522083443972501,-0.02478652283564378,test,CNYMYR_RET
2026-01-23,-0.2885936983101442,0.059103512546279824,test,CNYMYR_RET
2026-01-26,-0.858163923662022,0.09036127810009797,test,CNYMYR_RET
2026-01-27,-0.7400280033404969,0.24650744056952179,test,CNYMYR_RET
2026-01-28,-0.3582173820218071,0.2563857310882127,test,CNYMYR_RET
2026-01-29,-0.8263931157483544,0.1597261096461693,test,CNYMYR_RET
2026-01-30,0.31030366821015387,0.2562775621531316,test,CNYMYR_RET
2026-02-02,0.32557732811746254,-0.014040572778997285,test,CNYMYR_RET
2026-02-03,0.649774469639779,-0.08826158689938046,test,CNYMYR_RET
2026-02-04,-0.6996850308942519,-0.19180447605135698,test,CNYMYR_RET
2026-02-05,-0.01272253324645375,0.1319905211340379,test,CNYMYR_RET
2026-02-06,0.4125087798838558,0.037608747333293724,test,CNYMYR_RET
2026-02-09,-0.03469185082872574,-0.09743088251296281,test,CNYMYR_RET
2026-02-10,-0.26585051296782725,-0.016304931166362446,test,CNYMYR_RET
2026-02-11,0.03735779551437815,0.06485314524172082,test,CNYMYR_RET
2026-02-12,-0.21900033082721723,0.00714562805106253,test,CNYMYR_RET
2026-02-13,-0.14045386046665304,0.0587719350151813,test,CNYMYR_RET
2026-02-16,0.01369769506199293,0.05177578924462821,test,CNYMYR_RET
2026-02-17,-0.19224442277424103,0.00989592424248592,test,CNYMYR_RET
2026-02-18,0,0.05253323737351254,test,CNYMYR_RET
2026-02-19,0.12820196763359676,0.013652598650745598,test,CNYMYR_RET
2026-02-20,0.09588048658867102,-0.029769658955142886,test,CNYMYR_RET
2026-02-23,-0.14713910743025432,-0.03265458390315004,test,CNYMYR_RET
2026-02-24,-0.3081292429034287,0.029752806596028913,test,CNYMYR_RET
2026-02-25,0.4330832301813885,0.08781046521669977,test,CNYMYR_RET
2026-02-26,0.1301642319540006,-0.08973120106001434,test,CNYMYR_RET
2026-02-27,0.24553948832698175,-0.057147517308460294,test,CNYMYR_RET
2026-03-02,-0.07318738085425464,-0.07866380241055289,test,CNYMYR_RET
2026-03-03,0.5502935788869318,-0.001423239634344875,test,CNYMYR_RET
2026-03-04,0.23884631339522688,-0.1433829070647583,test,CNYMYR_RET
2026-03-05,-0.08772971227036834,-0.0993356282694789,test,CNYMYR_RET
2026-03-06,0.22825429732782704,-0.0030162030941199014,test,CNYMYR_RET
2026-03-09,-0.0941342143436882,-0.06010372632412577,test,CNYMYR_RET
2026-03-10,0.22013559387752488,0.008844012249173666,test,CNYMYR_RET
2026-03-11,-0.48915628928806776,-0.054911505676739414,test,CNYMYR_RET
2026-03-12,-0.04411385627077352,0.11285369117218247,test,CNYMYR_RET
2026-03-13,0.218433053035587,0.04079350585599098,test,CNYMYR_RET
2026-03-16,-0.0898630957222839,-0.046165847821250564,test,CNYMYR_RET
2026-03-17,-1.0611313900568924,0.011356257820039461,test,CNYMYR_RET
2026-03-18,0.8597583548338297,0.27872341676259604,test,CNYMYR_RET
2026-03-19,0.466477700014784,-0.15100224559065617,test,CNYMYR_RET
2026-03-20,-0.30603907052672763,-0.16047375516373266,test,CNYMYR_RET
2026-03-23,0.2045570025993411,0.03783023715043707,test,CNYMYR_RET
2026-03-24,-0.27346816454984685,-0.04332977990346701,test,CNYMYR_RET
2026-03-25,0.6284925017386016,0.059809506453378014,test,CNYMYR_RET
2026-03-26,0.06871540431385384,-0.14779216134979054,test,CNYMYR_RET
2026-03-27,0.6013573305638733,-0.05626706151458427,test,CNYMYR_RET
2026-03-30,0.6362461177370013,-0.170906693302603,test,CNYMYR_RET
2026-03-31,0.3106628381088441,-0.20976688150007328,test,CNYMYR_RET
2026-04-01,0.6606652248174688,-0.13525186040263149,test,CNYMYR_RET
2026-04-02,-0.20081480231446375,-0.2068468852684903,test,CNYMYR_RET
2026-04-03,-0.07885643426721568,-0.0015676476782459092,test,CNYMYR_RET
2023-01-04,-1.2104010811850832,0.060191275622181406,val,EURMYR_RET
2023-01-05,0.5285900174840484,0.28072886462785923,val,EURMYR_RET
2023-01-06,-1.1834607761911,-0.05476326034379331,val,EURMYR_RET
2023-01-09,1.630658265349157,0.2493781506196826,val,EURMYR_RET
2023-01-10,0.08042625812674022,-0.3051845828157019,val,EURMYR_RET
2023-01-11,-0.01495731855234826,-0.08519813060892391,val,EURMYR_RET
2023-01-12,0.2287282000524722,-0.015519236609238013,val,EURMYR_RET
2023-01-13,0.5964834538104946,-0.053964833972874104,val,EURMYR_RET
2023-01-16,-0.8924200207398654,-0.14371218931884266,val,EURMYR_RET
2023-01-17,-0.3886233703303133,0.1654219768651521,val,EURMYR_RET
2023-01-18,-0.0974443880845345,0.12241260577181663,val,EURMYR_RET
2023-01-19,-0.25899594348685845,0.048575929120869055,val,EURMYR_RET
2023-01-20,0.21707899151229051,0.06795594364001781,val,EURMYR_RET
2023-01-23,-0.24805301681983505,-0.03294773787575933,val,EURMYR_RET
2023-01-24,0.06142679202785512,0.04752606956110415,val,EURMYR_RET
2023-01-25,0.12731397801450267,-0.00307127145436617,val,EURMYR_RET
2023-01-26,0.3341435909061584,-0.028807746915455457,val,EURMYR_RET
2023-01-27,-1.1913917946412336,-0.08019166527796129,val,EURMYR_RET
2023-01-30,-0.246484739617524,0.24551222035865009,val,EURMYR_RET
2023-01-31,-0.19115507750811753,0.10870343051766099,val,EURMYR_RET
2023-02-01,0.6071025737198896,0.0662517274372757,val,EURMYR_RET
2023-02-02,1.3936400921929482,-0.11949736923607701,val,EURMYR_RET
2023-02-03,-1.4649992586289726,-0.33431757974700793,val,EURMYR_RET
2023-02-06,-0.7591571787289882,0.24981653814261395,val,EURMYR_RET
2023-02-07,-0.3941241890015928,0.22292597972843126,val,EURMYR_RET
2023-02-08,0.8895240573814057,0.13633309877708066,val,EURMYR_RET
2023-02-09,-0.21116032235476487,-0.16641249376650757,val,EURMYR_RET
2023-02-10,0.5836026229348127,0.009886732787933061,val,EURMYR_RET
2023-02-13,-0.18639758294632316,-0.12675868038794286,val,EURMYR_RET
2023-02-14,1.1828385421524654,0.01317681576877705,val,EURMYR_RET
2023-02-15,-0.24923027188878047,-0.25842891836013376,val,EURMYR_RET
2023-02-16,0.5739880975668255,-0.0020323792805624352,val,EURMYR_RET
2023-02-17,0.01814357177184581,-0.12726786337208723,val,EURMYR_RET
2023-02-20,0.8091948571274945,-0.032127681921870765,val,EURMYR_RET
2023-02-21,-0.05095577771058456,-0.18588457573177625,val,EURMYR_RET
2023-02-22,-0.2418031317047989,-0.02981161351329978,val,EURMYR_RET
2023-02-23,-0.2317553649095292,0.04683810499393948,val,EURMYR_RET
2023-02-24,-0.2422579595919814,0.06155335980082552,val,EURMYR_RET
2023-02-27,-0.3754589805569534,0.06712507461366068,val,EURMYR_RET
2023-02-28,1.4316504865160546,0.09778598040888986,val,EURMYR_RET
2023-03-01,-0.05202793599439724,-0.29470842191101365,val,EURMYR_RET
2023-03-02,0.5275768607251952,-0.05361862670880457,val,EURMYR_RET
2023-03-03,-0.5837261624901254,-0.12841124727380315,val,EURMYR_RET
2023-03-06,0.26057617060997107,0.10059877860275612,val,EURMYR_RET
2023-03-07,0.5829571489454962,-0.03534593245717421,val,EURMYR_RET
2023-03-08,-1.25084416813231,-0.13660992143399775,val,EURMYR_RET
2023-03-09,1.022019245434722,0.24618258824654904,val,EURMYR_RET
2023-03-10,0.26650270512381,-0.17141590907755422,val,EURMYR_RET
2023-03-13,0.88620785660372,-0.09675518249855386,val,EURMYR_RET
2023-03-14,-0.11739218401077448,-0.21717909482135303,val,EURMYR_RET
2023-03-15,-0.24938309233407388,-0.02204724908543146,val,EURMYR_RET
2023-03-16,-1.3698960685649495,0.05022833076438005,val,EURMYR_RET
2023-03-17,0.7068345744311664,0.3137669671300543,val,EURMYR_RET
2023-03-20,0.2294143057825845,-0.08684565315417578,val,EURMYR_RET
2023-03-21,0.3877603829377067,-0.06987551807935011,val,EURMYR_RET
2023-03-22,0.2110515721999827,-0.10111158485817454,val,EURMYR_RET
2023-03-23,0.4962323458626832,-0.06897035716458161,val,EURMYR_RET
2023-03-24,-1.160044225577396,-0.12487774875660573,val,EURMYR_RET
2023-03-27,-0.30006132456017304,0.22871309447267724,val,EURMYR_RET
2023-03-28,0.0980439306234391,0.11682916358190013,val,EURMYR_RET
2023-03-29,0.06184834802295425,0.004150471307296358,val,EURMYR_RET
2023-03-30,0.31889272574131416,-0.012747959119261243,val,EURMYR_RET
2023-03-31,0.5633677458874482,-0.07327378637729165,val,EURMYR_RET
2023-04-03,-1.1485931411860664,-0.14066167923181627,val,EURMYR_RET
2023-04-04,1.150510891804132,0.2226957004905361,val,EURMYR_RET
2023-04-05,0.1426948033433235,-0.204994547501009,val,EURMYR_RET
2023-04-06,-0.6783316887704682,-0.07681963155436544,val,EURMYR_RET
2023-04-07,0.14248917671171618,0.1329000571879396,val,EURMYR_RET
2023-04-10,0.2578910166125796,-0.002118651684207329,val,EURMYR_RET
2023-04-11,-0.39492439356696857,-0.05744739340053767,val,EURMYR_RET
2023-04-12,0.5555631474285023,0.07456328112408833,val,EURMYR_RET
2023-04-13,0.6158010017877035,-0.10627369638291706,val,EURMYR_RET
2023-04-14,0.22373961008596768,-0.1595375645917654,val,EURMYR_RET
2023-04-17,-0.5830485528027315,-0.08468252268998577,val,EURMYR_RET
2023-04-18,-0.10518283777809875,0.1101106338733209,val,EURMYR_RET
2023-04-19,0.739071897165562,0.04756764947836156,val,EURMYR_RET
2023-04-20,-0.3131943365941996,-0.15278322846704834,val,EURMYR_RET
2023-04-21,0.3515362184380326,0.035441759126733696,val,EURMYR_RET
2023-04-24,0.18308751861650308,-0.06983895204642604,val,EURMYR_RET
2023-04-25,0.6164939659366826,-0.055882408361052516,val,EURMYR_RET
2023-04-26,-0.5625998519507217,-0.14855705305319405,val,EURMYR_RET
2023-04-27,0.8952473110627492,0.09147998114353162,val,EURMYR_RET
2023-04-28,-0.02581803832305243,-0.17758700400195718,val,EURMYR_RET
2023-05-01,-0.23662995762575792,-0.03353233567990552,val,EURMYR_RET
2023-05-02,-0.3791571102515303,0.04487305823304738,val,EURMYR_RET
2023-05-03,0.4688367137685672,0.09368662350980289,val,EURMYR_RET
2023-05-04,0.267435761445465,-0.0828868978623622,val,EURMYR_RET
2023-05-05,-0.40518786462793355,-0.07740144340866412,val,EURMYR_RET
2023-05-08,-0.4099644556747905,0.07242221266035292,val,EURMYR_RET
2023-05-09,-0.19347120016295768,0.10658010099606027,val,EURMYR_RET
2023-05-10,-0.01637985125684258,0.06629432378779863,val,EURMYR_RET
2023-05-11,0.17668981432014086,0.018266304822300766,val,EURMYR_RET
2023-05-12,-0.30894344996016554,-0.03500261253219217,val,EURMYR_RET
2023-05-15,-0.2330482420430488,0.06052539184133099,val,EURMYR_RET
2023-05-16,0.6057707002782624,0.0648631266223949,val,EURMYR_RET
2023-05-17,-0.1406657850522488,-0.11950990276896149,val,EURMYR_RET
2023-05-18,0.3696276557052208,0.004674250385474976,val,EURMYR_RET
2023-05-19,-0.27324374461408935,-0.080634008672086,val,EURMYR_RET
2023-05-22,0.482550886738025,0.042555830119378246,val,EURMYR_RET
2023-05-23,0.10104945796027064,-0.09721395853253974,val,EURMYR_RET
2023-05-24,0.08882386727214096,-0.04380497294122303,val,EURMYR_RET
2023-05-25,0.3653947451399627,-0.02930345325196637,val,EURMYR_RET
2023-05-26,0.43205690458605667,-0.08720592132606025,val,EURMYR_RET
2023-05-29,-0.5442489686015303,-0.11472764083679621,val,EURMYR_RET
2023-05-30,-0.05664032072088627,0.09489985834625553,val,EURMYR_RET
2023-05-31,0.13911266261971963,0.03348178681156219,val,EURMYR_RET
2023-06-01,-0.0278790417009814,-0.0233384339803396,val,EURMYR_RET
2023-06-02,0.568132733614272,0.001003216840796406,val,EURMYR_RET
2023-06-05,-1.3632101409609478,-0.1253034653386591,val,EURMYR_RET
2023-06-06,0.1231044453519269,0.2735071824577387,val,EURMYR_RET
2023-06-07,0.5251486966539161,0.033230476634325934,val,EURMYR_RET
2023-06-08,0.08775787233301165,-0.10868603345203708,val,EURMYR_RET
2023-06-09,0.9608247689386782,-0.04340296424627721,val,EURMYR_RET
2023-06-12,-0.4142137372033816,-0.22187738644455335,val,EURMYR_RET
2023-06-13,0.24189915759296016,0.0424954274956196,val,EURMYR_RET
2023-06-14,0.1687939168759767,-0.04405691758877614,val,EURMYR_RET
2023-06-15,0.6047681552663795,-0.047027965164634145,val,EURMYR_RET
2023-06-16,1.0419082654771417,-0.1440099839079998,val,EURMYR_RET
2023-06-19,-0.2840564108488538,-0.26202068815203006,val,EURMYR_RET
2023-06-20,0.11856919782227732,0.004868645227394552,val,EURMYR_RET
2023-06-21,0.24464812607499492,-0.02512137497641459,val,EURMYR_RET
2023-06-22,0.7888672539529721,-0.059603763028832746,val,EURMYR_RET
2023-06-23,-0.2212375139477384,-0.1874639840156681,val,EURMYR_RET
2023-06-26,0.08005892434344256,0.007462035059088046,val,EURMYR_RET
2023-06-27,-0.02928573741669447,-0.016039796080248796,val,EURMYR_RET
2023-06-28,0.23464891202471264,0.002926601952534552,val,EURMYR_RET
2023-06-29,-0.2283714763297853,-0.05119749120714637,val,EURMYR_RET
2023-06-30,-0.4389391468143035,0.039145404439589526,val,EURMYR_RET
2023-07-03,0.2768507574697858,0.10562957706346687,val,EURMYR_RET
2023-07-04,0.04056435251399894,-0.03783017213836348,val,EURMYR_RET
2023-07-05,-0.5804062193244219,-0.017320744754044437,val,EURMYR_RET
2023-07-06,-0.25014664652661567,0.12440996132055243,val,EURMYR_RET
2023-07-07,0.527980868070227,0.08275577190155237,val,EURMYR_RET
2023-07-10,0.8736699616505845,-0.09836950071487072,val,EURMYR_RET
2023-07-11,0.3510760317517444,-0.21476560376061027,val,EURMYR_RET
2023-07-12,-0.19438995493274697,-0.12501891660650832,val,EURMYR_RET
2023-07-13,1.0164762212263054,0.015327065933495643,val,EURMYR_RET
2023-07-14,-0.6153804879248514,-0.221197195294575,val,EURMYR_RET
2023-07-17,-1.355840194503335,0.08709215634936673,val,EURMYR_RET
2023-07-18,0.3856097730105296,0.31880623114052936,val,EURMYR_RET
2023-07-19,-0.01140446724109018,-0.014759794801071327,val,EURMYR_RET
2023-07-20,-0.2108921140657835,-7.413371340710406e-4,val,EURMYR_RET
2023-07-21,-0.6099333142796828,0.04643140555082936,val,EURMYR_RET
2023-07-24,0.4105294002548377,0.14501938532261527,val,EURMYR_RET
2023-07-25,-0.3960368501181817,-0.05866265812155763,val,EURMYR_RET
2023-07-26,-0.11498495492449896,0.07454056634807875,val,EURMYR_RET
2023-07-27,-0.2082092782428184,0.04187439356124237,val,EURMYR_RET
2023-07-28,-1.6090117132359232,0.05525431100808165,val,EURMYR_RET
2023-07-31,1.163380323503086,0.36770842270666293,val,EURMYR_RET
2023-08-01,-0.7708812978916126,-0.17579837319984215,val,EURMYR_RET
2023-08-02,-0.0943759392020714,0.1314795834502941,val,EURMYR_RET
2023-08-03,0.19082113122711417,0.04990126385102128,val,EURMYR_RET
2023-08-04,-0.2179595034204309,-0.031135300129937676,val,EURMYR_RET
2023-08-07,0.7073404510295105,0.041277555459669824,val,EURMYR_RET
2023-08-08,0.09222808053147873,-0.1471621322466597,val,EURMYR_RET
2023-08-09,0.11141538808083096,-0.052891662913113646,val,EURMYR_RET
2023-08-10,-0.0803013910286473,-0.036302541589173606,val,EURMYR_RET
2023-08-11,0.0581157984253901,0.009721250865315258,val,EURMYR_RET
2023-08-14,-0.01212596185872163,-0.010692450901292144,val,EURMYR_RET
2023-08-15,0.3906185980389876,3.167246374140009e-4,val,EURMYR_RET
2023-08-16,0.29358912810665894,-0.08623458278741292,val,EURMYR_RET
2023-08-17,-0.398562158388904,-0.08391950301508644,val,EURMYR_RET
2023-08-18,0.4936856733523609,0.06951818569768498,val,EURMYR_RET
2023-08-21,-0.098883643642084,-0.09371696326000428,val,EURMYR_RET
2023-08-22,0.24132056575340627,0.0011415433988607726,val,EURMYR_RET
2023-08-23,-0.4859033433247969,-0.0530659451017369,val,EURMYR_RET
2023-08-24,0.1758781883683745,0.0956325218868509,val,EURMYR_RET
2023-08-25,-0.6798693011286016,-0.017729742133244297,val,EURMYR_RET
2023-08-28,-0.13474117694356377,0.146295297328122,val,EURMYR_RET
2023-08-29,0.5727436582907551,0.062093125240855196,val,EURMYR_RET
2023-08-30,0.20879388556645895,-0.11282481245592352,val,EURMYR_RET
2023-08-31,0.4624831122883278,-0.07105949556141505,val,EURMYR_RET
2023-09-01,-0.8122741160144649,-0.1178826629404679,val,EURMYR_RET
2023-09-04,-0.4696848237408599,0.1534211371447139,val,EURMYR_RET
2023-09-05,0.3338870439438841,0.13767108546269374,val,EURMYR_RET
2023-09-06,-0.8500249092963997,-0.043352600817389675,val,EURMYR_RET
2023-09-07,0.6151837578486588,0.17822883954306495,val,EURMYR_RET
2023-09-08,-0.13937694482646898,-0.09654226034990657,val,EURMYR_RET
2023-09-11,0.12535446709656836,0.009464036420000294,val,EURMYR_RET
2023-09-12,0.25776386361819076,-0.025605213860106335,val,EURMYR_RET
2023-09-13,0.09108411360011412,-0.06260849828423223,val,EURMYR_RET
2023-09-14,-0.17727594378955902,-0.03395735241505751,val,EURMYR_RET
2023-09-15,-0.8227509188061841,0.03166528211906361,val,EURMYR_RET
2023-09-18,0.34529944489214615,0.188777532558208,val,EURMYR_RET
2023-09-19,0.3353127236773878,-0.03458246738497661,val,EURMYR_RET
2023-09-20,0.06050435339182808,-0.08172586310779617,val,EURMYR_RET
2023-09-21,-0.4959603594737336,-0.031424812985689,val,EURMYR_RET
2023-09-22,0.1972932620424709,0.10263601527759895,val,EURMYR_RET
2023-09-25,-0.2078783665614611,-0.02091388419797685,val,EURMYR_RET
2023-09-26,-0.5779451238745862,0.04130854918057558,val,EURMYR_RET
2023-09-27,-0.11345101743948369,0.13681994828792846,val,EURMYR_RET
2023-09-28,-0.21516052367245597,0.05529569234504039,val,EURMYR_RET
2023-09-29,0.5424924814573403,0.05975548809763209,val,EURMYR_RET
2023-10-02,-0.2544769071615219,-0.10665750296205662,val,EURMYR_RET
2023-10-03,-0.34155458090932916,0.0326597065443997,val,EURMYR_RET
2023-10-04,0.07828589458508997,0.08268013850514924,val,EURMYR_RET
2023-10-05,0.4796098277591725,9.708787401144781e-4,val,EURMYR_RET
2023-10-06,0.2911846444252862,-0.10575206753362681,val,EURMYR_RET
2023-10-09,-0.0993183016857825,-0.08770050589423169,val,EURMYR_RET
2023-10-10,0.4997681966695454,0.002566874107629402,val,EURMYR_RET
2023-10-11,0.12832448607024005,-0.10985329954684223,val,EURMYR_RET
2023-10-12,0.01413355160777444,-0.05262378525861354,val,EURMYR_RET
2023-10-13,-0.954695948221812,-0.01474958611522903,val,EURMYR_RET
2023-10-16,0.19488248487698345,0.20767484837412253,val,EURMYR_RET
2023-10-17,0.4694393515684986,0.0028263869692106702,val,EURMYR_RET
2023-10-18,0.18803184076920584,-0.10309500688462556,val,EURMYR_RET
2023-10-19,-0.1583770831123961,-0.06432252560523237,val,EURMYR_RET
2023-10-20,0.8855556467927067,0.02078072404623077,val,EURMYR_RET
2023-10-23,0.08529986685026386,-0.19106622271149715,val,EURMYR_RET
2023-10-24,0.7515330568956493,-0.061061235044154394,val,EURMYR_RET
2023-10-25,-0.22960514824301903,-0.17953726209447318,val,EURMYR_RET
2023-10-26,-0.4851466701019997,0.011062163846252582,val,EURMYR_RET
2023-10-27,0.11583884866646452,0.10963401584017016,val,EURMYR_RET
2023-10-30,-0.18220083900328576,-0.0013709162228145721,val,EURMYR_RET
2023-10-31,0.16104128475978505,0.03995315935983197,val,EURMYR_RET
2023-11-01,-0.339109615520483,-0.026753609669793565,val,EURMYR_RET
2023-11-02,0.2640365261303127,0.06901296581265226,val,EURMYR_RET
2023-11-03,-0.11806966193782632,-0.04308914843564138,val,EURMYR_RET
2023-11-06,0.5735128682073084,0.01656644187406775,val,EURMYR_RET
2023-11-07,-2.086151921709903,-0.12305357976176712,val,EURMYR_RET
2023-11-08,-0.23773226566195144,0.4337334202707855,val,EURMYR_RET
2023-11-09,1.1709266978020274,0.14835584256316858,val,EURMYR_RET
2023-11-10,-0.21517336087000935,-0.2259301763108973,val,EURMYR_RET
2023-11-13,0.21144041770807376,-0.002376646270185273,val,EURMYR_RET
2023-11-14,0.44966708035036457,-0.047241447099137635,val,EURMYR_RET
2023-11-15,1.879779408456049,-0.10978860842932048,val,EURMYR_RET
2023-11-16,-1.2304052618628545,-0.43958171752551645,val,EURMYR_RET
2023-11-17,-0.0076001053068522,0.17472716133808486,val,EURMYR_RET
2023-11-20,0.489606998426919,0.04028398745019235,val,EURMYR_RET
2023-11-21,0.1954725158874378,-0.09927490752394114,val,EURMYR_RET
2023-11-22,-0.5220702100988367,-0.06512246755063295,val,EURMYR_RET
2023-11-23,0.2960813902262086,0.10095954085711459,val,EURMYR_RET
2023-11-24,0.16306474141958127,-0.0431108647427374,val,EURMYR_RET
2023-11-27,0.45130382263724467,-0.04555311821436375,val,EURMYR_RET
2023-11-28,0.14289064922999997,-0.10977721071629379,val,EURMYR_RET
2023-11-29,0.18677379150291157,-0.05582527005664453,val,EURMYR_RET
2023-11-30,-0.29343993658465467,-0.05360063654288852,val,EURMYR_RET
2023-12-01,-1.0361638953081225,0.05299088573384103,val,EURMYR_RET
2023-12-04,0.2535235991520789,0.24064144841404483,val,EURMYR_RET
2023-12-05,-0.4745471261437587,-0.002846224858254698,val,EURMYR_RET
2023-12-06,-0.5792054087682837,0.10421915239169366,val,EURMYR_RET
2023-12-07,-0.1536155879747519,0.15099807588590436,val,EURMYR_RET
2023-12-08,0.3538534130104045,0.06730234724582551,val,EURMYR_RET
2023-12-11,-0.4482259431739034,-0.06331153726764915,val,EURMYR_RET
2023-12-12,0.38216022513992537,0.08504425795578807,val,EURMYR_RET
2023-12-13,0.34034116611922444,-0.065645781421195315,val,EURMYR_RET
2023-12-14,1.1371646858761293,-0.08970009478346053,val,EURMYR_RET
2023-12-15,0.39525468296050464,-0.27106754977805875,val,EURMYR_RET
2023-12-18,-0.8985279259387994,-0.14721943105578705,val,EURMYR_RET
2023-12-19,0.7211547477940059,0.16599657602518325,val,EURMYR_RET
2023-12-20,0.31972468854132,-0.12265847690218734,val,EURMYR_RET
2023-12-21,-0.8791870880212111,-0.0977415951702223,val,EURMYR_RET
2023-12-22,0.4865401211376511,0.17265514372198665,val,EURMYR_RET
2023-12-25,0.18507322966524103,-0.06935078183144389,val,EURMYR_RET
2023-12-26,-0.5636554844596597,-0.05621327997045711,val,EURMYR_RET
2023-12-27,0.3465998599484711,0.11211595376542985,val,EURMYR_RET
2023-12-28,0.3982314243719311,-0.051807647357236364,val,EURMYR_RET
2023-12-29,-0.8414075743472668,-0.09943311634753449,val,EURMYR_RET
2024-01-01,-0.38353931968870786,0.16393428314060915,val,EURMYR_RET
2024-01-02,-0.15466483428338856,0.12096062290362974,val,EURMYR_RET
2024-01-03,-0.6975980008242005,0.06089759728531363,val,EURMYR_RET
2024-01-04,-0.12793338874625212,0.167584518308898,val,EURMYR_RET
2024-01-05,0.8724716929314081,0.06529270074727656,val,EURMYR_RET
2024-01-08,0.3622002779018374,-0.17834078791147923,val,EURMYR_RET
2024-01-09,0.02197065053586937,-0.11942892531780237,val,EURMYR_RET
2024-01-10,-0.34840183434412997,-0.031241288502637687,val,EURMYR_RET
2024-01-11,0.3899577242395891,0.07007449671943844,val,EURMYR_RET
2024-01-12,0.11313117618901446,-0.070676054986571,val,EURMYR_RET
2024-01-15,-0.30628209185707306,-0.04061097569323702,val,EURMYR_RET
2024-01-16,0.4832751525672368,0.058698252358842906,val,EURMYR_RET
2024-01-17,-1.1072867882610886,-0.09380742021951138,val,EURMYR_RET
2024-01-18,1.5814803218488196,0.22392147315366695,val,EURMYR_RET
2024-01-19,-0.06093855084178445,-0.2999435280858561,val,EURMYR_RET
2024-01-22,0.05718063595527575,-0.05280654770404326,val,EURMYR_RET
2024-01-23,0.1433094818284894,-0.024300931000311443,val,EURMYR_RET
2024-01-24,-0.2054265784688464,-0.03703239724459753,val,EURMYR_RET
2024-01-25,0.2724789182927469,0.037205565618078223,val,EURMYR_RET
2024-01-26,-0.2665284293379101,-0.05198207026800841,val,EURMYR_RET
2024-01-29,-0.11715998644163322,0.04740257996126973,val,EURMYR_RET
2024-01-30,0.06457262742309187,0.03635899600609773,val,EURMYR_RET
2024-01-31,-0.05507527026994596,-0.0062336127494296775,val,EURMYR_RET
2024-02-01,-0.33301402636863825,0.010791236850134112,val,EURMYR_RET
2024-02-02,0.622886882640384,0.07596146842801188,val,EURMYR_RET
2024-02-05,-1.0983146109568174,-0.12083950430314994,val,EURMYR_RET
2024-02-06,0.3381332254346032,0.21596657293170232,val,EURMYR_RET
2024-02-07,0.4626087077682759,-0.026991903003968643,val,EURMYR_RET
2024-02-08,0.0882425173773524,-0.10817397322345738,val,EURMYR_RET
2024-02-09,0.19245617188897157,-0.04339690704507995,val,EURMYR_RET
2024-02-12,0.08924440761635759,-0.052110156899192364,val,EURMYR_RET
2024-02-13,-0.24050255479935756,-0.03123134354918461,val,EURMYR_RET
2024-02-14,-0.5581614565953066,0.04623707140910294,val,EURMYR_RET
2024-02-15,0.6145888739057276,0.1335378035609927,val,EURMYR_RET
2024-02-16,0.2835760660146982,-0.10628500957241216,val,EURMYR_RET
2024-02-19,0.09195782548290068,-0.08613719146491541,val,EURMYR_RET
2024-02-20,0.05800187924191793,-0.0393489002478107,val,EURMYR_RET
2024-02-21,0.5960671740154271,-0.02150900219914842,val,EURMYR_RET
2024-02-22,-0.01219593670934187,-0.13644931660503534,val,EURMYR_RET
2024-02-23,-0.3171149190795012,-0.027452951434354667,val,EURMYR_RET
2024-02-26,-0.09385631807393,0.06399887018620601,val,EURMYR_RET
2024-02-27,0.32687889523669,0.03487704576410183,val,EURMYR_RET
2024-02-28,-0.3710352607193847,-0.06451585139206784,val,EURMYR_RET
2024-02-29,0.08116108014000789,0.0677234089327301,val,EURMYR_RET
2024-03-01,-0.8280815113847003,-0.0029689633823555273,val,EURMYR_RET
2024-03-04,0.3696099218508885,0.18230308686331448,val,EURMYR_RET
2024-03-05,-0.3499154562555202,-0.04138418969812491,val,EURMYR_RET
2024-03-06,0.25089286038267944,0.06816791530250904,val,EURMYR_RET
2024-03-07,0.3474580174239623,-0.04037185183487235,val,EURMYR_RET
2024-03-08,0.4632161004990791,-0.08568841004158417,val,EURMYR_RET
2024-03-11,-1.0856586678147802,-0.12127677237127088,val,EURMYR_RET
2024-03-12,-0.12745468143065616,0.2130737156768416,val,EURMYR_RET
2024-03-13,-0.15891573217180777,0.07523746682511606,val,EURMYR_RET
2024-03-14,0.4845346764266057,0.05173457982114926,val,EURMYR_RET
2024-03-15,-0.6584324557311425,-0.09562428034446913,val,EURMYR_RET
2024-03-18,0.33324298067215874,0.12434869392461195,val,EURMYR_RET
2024-03-19,0.2178967227169913,-0.04615379246672169,val,EURMYR_RET
2024-03-20,0.1985952525828167,-0.058340191434953864,val,EURMYR_RET
2024-03-21,0.8575478628372598,-0.05676816415219854,val,EURMYR_RET
2024-03-22,-1.2411525486107846,-0.20201199762666344,val,EURMYR_RET
2024-03-25,-0.02541740554635482,0.22959113952138363,val,EURMYR_RET
2024-03-26,0.00862995744628212,0.05634242874493196,val,EURMYR_RET
2024-03-27,-0.1177316593481895,0.010541750723195215,val,EURMYR_RET
2024-03-28,0.06807682614710496,0.028341150155955147,val,EURMYR_RET
2024-03-29,-0.17503055199580492,-0.008779331267383061,val,EURMYR_RET
2024-04-01,-0.19602885029781256,0.03673209286049958,val,EURMYR_RET
2024-04-02,-0.4098084509258232,0.05142697022571058,val,EURMYR_RET
2024-04-03,0.8188775543722113,0.10190687470479065,val,EURMYR_RET
2024-04-04,0.6565683141803171,-0.15840986591502904,val,EURMYR_RET
2024-04-05,-0.3386020479308764,-0.18006396620356044,val,EURMYR_RET
2024-04-08,0.1080653779940772,0.03502792649833268,val,EURMYR_RET
2024-04-09,0.4112168440568532,-0.016137135347826514,val,EURMYR_RET
2024-04-10,-0.13497188391605602,-0.09442099725354443,val,EURMYR_RET
2024-04-11,-1.0886717095524747,0.008959446600973697,val,EURMYR_RET
2024-04-12,-0.13847416017447753,0.24251424667893154,val,EURMYR_RET
2024-04-15,-0.2599924835498631,0.08417683478050253,val,EURMYR_RET
2024-04-16,-0.03585604753610454,0.07604190396470625,val,EURMYR_RET
2024-04-17,-0.0822499308980669,0.02472310234727068,val,EURMYR_RET
2024-04-18,0.7848604293552348,0.023634974669784814,val,EURMYR_RET
2024-04-19,-0.4037333921947481,-0.16818766182149164,val,EURMYR_RET
2024-04-22,0.10071573360432452,0.0520422502948005,val,EURMYR_RET
2024-04-23,-0.15453416874972714,-0.01075407988546434,val,EURMYR_RET
2024-04-24,0.5128249786672564,0.03176724689607108,val,EURMYR_RET
2024-04-25,-0.07314211343365629,-0.10628648136993575,val,EURMYR_RET
2024-04-26,0.2565814813332443,-0.0073230259333058045,val,EURMYR_RET
2024-04-29,-0.4218803744477513,-0.05830793196432804,val,EURMYR_RET
2024-04-30,0.04050089430506958,0.08032889418980763,val,EURMYR_RET
2024-05-01,-0.4177380963850981,0.008799729612836815,val,EURMYR_RET
2024-05-02,0.6192588705991023,0.0942406736288901,val,EURMYR_RET
2024-05-03,-0.2707930474582632,-0.11599925149460866,val,EURMYR_RET
2024-05-06,-0.0724249115715524,0.03420065165629271,val,EURMYR_RET
2024-05-07,0.07662053490083488,0.023558203498464353,val,EURMYR_RET
2024-05-08,-0.18982875268922936,-0.011723766453723639,val,EURMYR_RET
2024-05-09,0.06166386262050506,0.039351102895102935,val,EURMYR_RET
2024-05-10,0.15465505093545473,-0.004929854701917202,val,EURMYR_RET
2024-05-13,-0.01012864247733404,-0.03525921522454048,val,EURMYR_RET
2024-05-14,0.06667355558183825,-0.005552431601665325,val,EURMYR_RET
2024-05-15,-0.1656175673740177,-0.015957847747172405,val,EURMYR_RET
2024-05-16,0.52353850649355,0.033066311902693934,val,EURMYR_RET
2024-05-17,-0.6603975966786488,-0.10836654382607114,val,EURMYR_RET
2024-05-20,0.11335499420124465,0.12196756093829812,val,EURMYR_RET
2024-05-21,-0.20949533162014605,0.0019028888916820808,val,EURMYR_RET
2024-05-22,0.12928621069184512,0.0467070198484103,val,EURMYR_RET
2024-05-23,-0.27643117547025264,-0.018245318699710467,val,EURMYR_RET
2024-05-24,0.1397884524801747,0.05704443446857588,val,EURMYR_RET
2024-05-27,0.47149169390844087,-0.018281736157702067,val,EURMYR_RET
2024-05-28,-0.17705179775559912,-0.10821215648805986,val,EURMYR_RET
2024-05-29,-0.16047674190357292,0.015209657315258723,val,EURMYR_RET
2024-05-30,-0.21320926033038667,0.03881673230523042,val,EURMYR_RET
2024-05-31,0.2785885711146323,0.05568345377670028,val,EURMYR_RET
2024-06-03,0.2264562277460126,-0.049249391572964984,val,EURMYR_RET
2024-06-04,0.4993990868639649,-0.06091530857105404,val,EURMYR_RET
2024-06-05,-0.34057624857367447,-0.12379770995976358,val,EURMYR_RET
2024-06-06,-0.15259458650343485,0.04789576506952101,val,EURMYR_RET
2024-06-07,0.10828052964610232,0.044296999320336566,val,EURMYR_RET
2024-06-10,-1.1409168694163598,-0.014136732152528753,val,EURMYR_RET
2024-06-11,0.5021034710005933,0.24895451867359297,val,EURMYR_RET
2024-06-12,-0.25437761679250526,-0.055931564193464484,val,EURMYR_RET
2024-06-13,0.633302059642442,0.043845325164709514,val,EURMYR_RET
2024-06-14,-0.9019796624807288,-0.13023651443409445,val,EURMYR_RET
2024-06-17,-0.08726335138443599,0.17051147567096936,val,EURMYR_RET
2024-06-18,0.369774456675657,0.05695362020809297,val,EURMYR_RET
2024-06-19,-0.10162407855247715,-0.06911566702175394,val,EURMYR_RET
2024-06-20,-0.08394401960410987,0.0071825156282279284,val,EURMYR_RET
2024-06-21,-0.33557126668004855,0.02013379715074526,val,EURMYR_RET
2024-06-24,-0.12128241744987817,0.07859064961048412,val,EURMYR_RET
2024-06-25,0.38799794738499493,0.044160614444853585,val,EURMYR_RET
2024-06-26,-0.3642599393225152,-0.07596855401798935,val,EURMYR_RET
2024-06-27,-0.10593583077544422,0.06369604920487393,val,EURMYR_RET
2024-06-28,0.4137297675770727,0.03747902686210436,val,EURMYR_RET
2024-07-01,0.2074122505093788,-0.08313007920314933,val,EURMYR_RET
2024-07-02,-0.07831678385811244,-0.06419338028404611,val,EURMYR_RET
2024-07-03,0.2325804742060887,0.0031204713524261574,val,EURMYR_RET
2024-07-04,0.3744132415440676,-0.05069764959115464,val,EURMYR_RET
2024-07-05,0.00173291183365937,-0.09392540193552505,val,EURMYR_RET
2024-07-08,0.16297980840235587,-0.02113506324256295,val,EURMYR_RET
2024-07-09,0.04547759228130968,-0.04067894679286377,val,EURMYR_RET
2024-07-10,-0.2131048046413592,-0.01903570981281083,val,EURMYR_RET
2024-07-11,0.02212778611711093,0.042878265683475136,val,EURMYR_RET
2024-07-12,0.18248666224189697,0.004584679372530376,val,EURMYR_RET
2024-07-15,-0.3634525317620361,-0.03930625066205862,val,EURMYR_RET
2024-07-16,0.1899164703025869,0.07161794810036222,val,EURMYR_RET
2024-07-17,0.1050469537601713,-0.02613726554158842,val,EURMYR_RET
2024-07-18,0.07728865336357732,-0.02898427394464595,val,EURMYR_RET
2024-07-19,-0.2680477802039438,-0.023480290955694788,val,EURMYR_RET
2024-07-22,0.4060008334330438,0.05403554744660066,val,EURMYR_RET
2024-07-23,-0.09033568426411948,-0.07776437076299987,val,EURMYR_RET
2024-07-24,-0.5264392231841901,0.0027775474542584,val,EURMYR_RET
2024-07-25,-0.25280796290614865,0.1169268982041341,val,EURMYR_RET
2024-07-26,-0.0951788752878725,0.08169043927955372,val,EURMYR_RET
2024-07-29,-0.09528653941664308,0.03907808952258082,val,EURMYR_RET
2024-07-30,-0.7146536931729695,0.0296869641361881,val,EURMYR_RET
2024-07-31,-0.38787981827454726,0.16445707901771273,val,EURMYR_RET
2024-08-01,-0.5354068092172487,0.12203513521721199,val,EURMYR_RET
2024-08-02,-0.8929147870335875,0.14525739087836687,val,EURMYR_RET
2024-08-05,-0.44225529821681053,0.22937718398196216,val,EURMYR_RET
2024-08-06,-1.258774635884827,0.14839269508013642,val,EURMYR_RET
2024-08-07,0.8754549910138162,0.31090418972442435,val,EURMYR_RET
2024-08-08,0.5194028734804783,-0.12473371543723188,val,EURMYR_RET
2024-08-09,-0.6043182960050097,-0.14231766176093918,val,EURMYR_RET
2024-08-12,-1.187079917031901,0.10207594340846682,val,EURMYR_RET
2024-08-13,0.9604430391522704,0.2848303463269394,val,EURMYR_RET
2024-08-14,0.5538161093435715,-0.14927209593926105,val,EURMYR_RET
2024-08-15,-0.6754872575209762,-0.15534262625210238,val,EURMYR_RET
2024-08-16,0.01136904943648856,0.11492246981974963,val,EURMYR_RET
2024-08-19,0.21996554658505985,0.022879434129111448,val,EURMYR_RET
2024-08-20,-0.46663591126052584,-0.04354485550558812,test,EURMYR_RET
2024-08-21,0.3160777407855524,0.09347913284693454,test,EURMYR_RET
2024-08-22,0.10898826208146134,-0.049181670375677555,test,EURMYR_RET
2024-08-23,0.05675023885606339,-0.03494658638474183,test,EURMYR_RET
2024-08-26,0.32634333299785434,-0.02025979890553936,test,EURMYR_RET
2024-08-27,-0.758222815466012,-0.07657963876014362,test,EURMYR_RET
2024-08-28,-0.08872756001457198,0.15060449093114797,test,EURMYR_RET
2024-08-29,-0.417466830473652,0.05287881244609166,test,EURMYR_RET
2024-08-30,-1.1752517472824753,0.10391971713989245,test,EURMYR_RET
2024-09-02,0.01402572356253805,0.28262436095081833,test,EURMYR_RET
2024-09-03,0.8730466860576442,0.05934506855060506,test,EURMYR_RET
2024-09-04,0.00408536854991637,-0.17978191825630038,test,EURMYR_RET
2024-09-05,-0.1743056685732705,-0.04062424458228023,test,EURMYR_RET
2024-09-06,0.04560891897081779,0.029536014582306196,test,EURMYR_RET
2024-09-09,-0.09991388571969616,-0.00355120049013756,test,EURMYR_RET
2024-09-10,0.125908748666251,0.021290689395426,test,EURMYR_RET
2024-09-11,-0.6904476795555206,-0.023114658955188272,test,EURMYR_RET
2024-09-12,-0.1260301056466371,0.14744275785867053,test,EURMYR_RET
2024-09-13,0.4331707725275523,0.060421996139883916,test,EURMYR_RET
2024-09-16,-0.5654401983570972,-0.08235634365822564,test,EURMYR_RET
2024-09-17,0.35830133636135825,0.10673413964998013,test,EURMYR_RET
2024-09-18,-0.9223520929533948,-0.0555820858924867,test,EURMYR_RET
2024-09-19,-0.5449139839865418,0.19150702321799062,test,EURMYR_RET
2024-09-20,-0.2865489887262294,0.1627072854114393,test,EURMYR_RET
2024-09-23,-0.22398675706059856,0.09926016246667929,test,EURMYR_RET
2024-09-24,-0.4885960961333899,0.07141924018917317,test,EURMYR_RET
2024-09-25,-0.49694295842780695,0.12373163485341926,test,EURMYR_RET
2024-09-26,-1.0585030706755043,0.1371338910876414,test,EURMYR_RET
2024-09-27,0.6919707532143123,0.2641679725087356,test,EURMYR_RET
2024-09-30,-0.5744476992219721,-0.0945201568927232,test,EURMYR_RET
2024-10-01,-0.23711074961304343,0.10603677358824684,test,EURMYR_RET
2024-10-02,0.32294033044847203,0.0758161451798916,test,EURMYR_RET
2024-10-03,0.07669952663797742,-0.05460043229510529,test,EURMYR_RET
2024-10-04,0.9916272303073216,-0.029009845840399673,test,EURMYR_RET
2024-10-07,-0.17599492938875952,-0.22550292078257014,test,EURMYR_RET
2024-10-08,0.9864753413149164,-0.010938458853092636,test,EURMYR_RET
2024-10-09,0.17527775272166632,-0.22037189361733042,test,EURMYR_RET
2024-10-10,-0.12092213728475376,-0.08741613737253795,test,EURMYR_RET
2024-10-11,-0.14471493586423637,0.007402926094418727,test,EURMYR_RET
2024-10-14,-0.13591973157010184,0.03360942197431177,test,EURMYR_RET
2024-10-15,0.08462464711628946,0.03745633014465269,test,EURMYR_RET
2024-10-16,0.07230548406161574,-0.010421523472034525,test,EURMYR_RET
2024-10-17,-0.5594225584553361,-0.01827797780661833,test,EURMYR_RET
2024-10-18,0.07995988049026516,0.11956226787540593,test,EURMYR_RET
2024-10-21,0.05803536586468807,0.008749882043300877,test,EURMYR_RET
2024-10-22,-0.31723405471209204,-0.010889297296403866,test,EURMYR_RET
2024-10-23,0.3313744069396689,0.06768482076352389,test,EURMYR_RET
2024-10-24,0.39801947341072225,-0.05826044658999008,test,EURMYR_RET
2024-10-25,0.19685630394340525,-0.10081198994157059,test,EURMYR_RET
2024-10-28,-0.31274977327794107,-0.06576781430357445,test,EURMYR_RET
2024-10-29,0.6699343379471967,0.05456900834872236,test,EURMYR_RET
2024-10-30,0.3335250317900828,-0.13596084486421361,test,EURMYR_RET
2024-10-31,0.4652911090900407,-0.10372975754643876,test,EURMYR_RET
2024-11-01,0.10382801962562654,-0.12572134641342747,test,EURMYR_RET
2024-11-04,0.03058978971394179,-0.050717393787977544,test,EURMYR_RET
2024-11-05,-0.1415586706519356,-0.01796427720369577,test,EURMYR_RET
2024-11-06,-0.19254832302292657,0.027307352795886808,test,EURMYR_RET
2024-11-07,-0.4510509672010738,0.048575637909309743,test,EURMYR_RET
2024-11-08,0.4290729131670143,0.11038914946958528,test,EURMYR_RET
2024-11-11,-1.0313692563954642,-0.07041104149478439,test,EURMYR_RET
2024-11-12,0.232779601364702,0.21231727640937104,test,EURMYR_RET
2024-11-13,0.0833904802118392,-0.004521013542683958,test,EURMYR_RET
2024-11-14,-0.13653314280014983,-0.01942345528621027,test,EURMYR_RET
2024-11-15,0.3379149660139777,0.025874600485809918,test,EURMYR_RET
2024-11-18,-0.23345817391250295,-0.06894322719908547,test,EURMYR_RET
2024-11-19,0.7421714912874692,0.03634847475489422,test,EURMYR_RET
2024-11-20,-0.0658395908704818,-0.15594686446666306,test,EURMYR_RET
2024-11-21,-0.5359099144231986,-0.01990859812420931,test,EURMYR_RET
2024-11-22,-0.8768751212594112,0.11400703214923347,test,EURMYR_RET
2024-11-25,0.16774870665824057,0.2189287700465936,test,EURMYR_RET
2024-11-26,-0.4296301509221355,0.01130789195261439,test,EURMYR_RET
2024-11-27,0.3022230651114822,0.0974223050251164,test,EURMYR_RET
2024-11-28,0.28328051970251594,-0.04524935518928924,test,EURMYR_RET
2024-11-29,0.11789697415487112,-0.07258647376603027,test,EURMYR_RET
2024-12-02,-0.1699239975441809,-0.04208604103333677,test,EURMYR_RET
2024-12-03,-0.0796357899124487,0.028244939610540018,test,EURMYR_RET
2024-12-04,0.3154929704680803,0.023835524078166415,test,EURMYR_RET
2024-12-05,-0.360960231613855,-0.06443975783943823,test,EURMYR_RET
2024-12-06,0.11392742198956314,0.06551421114382937,test,EURMYR_RET
2024-12-09,-0.3713277045136721,-0.010696574429160999,test,EURMYR_RET
2024-12-10,0.01598958182095527,0.07967903093048714,test,EURMYR_RET
2024-12-11,-0.1543662733092028,0.0140717568789884,test,EURMYR_RET
2024-12-12,-0.11275045377174446,0.037215253752747604,test,EURMYR_RET
2024-12-13,-0.21109767860378875,0.03313391787768352,test,EURMYR_RET
2024-12-16,0.6245420875772726,0.053961334191225174,test,EURMYR_RET
2024-12-17,0.12557757729871277,-0.12606599293503462,test,EURMYR_RET
2024-12-18,0.10189596369828456,-0.055598960110332815,test,EURMYR_RET
2024-12-19,-1.0538369505729106,-0.03479744774834259,test,EURMYR_RET
2024-12-20,0.6762953770185387,0.2251499476651373,test,EURMYR_RET
2024-12-23,0.7106354257624214,-0.09967755864884353,test,EURMYR_RET
2024-12-24,-0.6618348039138702,-0.17903322248733833,test,EURMYR_RET
2024-12-25,-0.09809155624971744,0.10667177326249622,test,EURMYR_RET
2024-12-26,-0.0291115945742718,0.045241085154822405,test,EURMYR_RET
2024-12-27,-0.1752326941647228,0.016427726210188176,test,EURMYR_RET
2024-12-30,0.11538940866117944,0.04234608520796301,test,EURMYR_RET
2024-12-31,-0.3684889050322146,-0.016138432717471007,test,EURMYR_RET
2025-01-01,0,0.07784947510038599,test,EURMYR_RET
2025-01-02,-0.35517132102711646,0.017200319708928713,test,EURMYR_RET
2025-01-03,-0.5321415303858377,0.08227301806388876,test,EURMYR_RET
2025-01-06,0.6951393181856588,0.1357507761423552,test,EURMYR_RET
2025-01-07,1.0607240141806344,-0.12359314885873407,test,EURMYR_RET
2025-01-08,-0.9497689976615422,-0.2616669388557967,test,EURMYR_RET
2025-01-09,0.03534791115960861,0.15203153763810276,test,EURMYR_RET
2025-01-10,-0.15481093183022415,0.025780465155857746,test,EURMYR_RET
2025-01-13,-0.6622070108378562,0.03990045868436776,test,EURMYR_RET
2025-01-14,0.503003373919785,0.155125939259535,test,EURMYR_RET
2025-01-15,0.29326076914821064,-0.07686118741279202,test,EURMYR_RET
2025-01-16,-0.2456374273166985,-0.08177596542474183,test,EURMYR_RET
2025-01-17,0.14268715052733402,0.03620409166381286,test,EURMYR_RET
2025-01-20,-0.16096880065169572,-0.023526718114354472,test,EURMYR_RET
2025-01-21,1.0955670383965253,0.030366906880936906,test,EURMYR_RET
2025-01-22,-0.5432751260696451,-0.2353488291659679,test,EURMYR_RET
2025-01-23,-0.846501223771957,0.06803425131254981,test,EURMYR_RET
2025-01-24,0.24779507712888563,0.2020604832123334,test,EURMYR_RET
2025-01-27,-1.01467579681791,-0.010104751973065262,test,EURMYR_RET
2025-01-28,-0.1925403814701805,0.2219532388546343,test,EURMYR_RET
2025-01-29,0.16598663684019108,0.09157958711609568,test,EURMYR_RET
2025-01-30,-0.09345795626672466,-0.016439738896148956,test,EURMYR_RET
2025-01-31,-0.2686179136486122,0.017016658885335212,test,EURMYR_RET
2025-02-03,0.02242666106113842,0.06310904423147125,test,EURMYR_RET
2025-02-04,1.1524657692134477,0.008988499872973454,test,EURMYR_RET
2025-02-05,-0.18735875414985995,-0.25264363808730944,test,EURMYR_RET
2025-02-06,-0.21519526269173783,-0.014424257510232935,test,EURMYR_RET
2025-02-07,-0.08895996729796582,0.044359007853962296,test,EURMYR_RET
2025-02-10,-0.36625315661539815,0.02945593394076096,test,EURMYR_RET
2025-02-11,0.5646054322857713,0.08742927117387345,test,EURMYR_RET
2025-02-12,0.6137893242324767,-0.10542887435040926,test,EURMYR_RET
2025-02-13,0.30526195143706625,-0.15890644015458583,test,EURMYR_RET
2025-02-14,0.0601697184071544,-0.10255489486423064,test,EURMYR_RET
2025-02-17,0.02855417636232351,-0.03595291258124009,test,EURMYR_RET
2025-02-18,-0.04799090307595091,-0.01425240891978849,test,EURMYR_RET
2025-02-19,-0.0946166947220986,0.007454294139241258,test,EURMYR_RET
2025-02-20,-0.3519664979441989,0.022551900820880932,test,EURMYR_RET
2025-02-21,0.5010810875005044,0.08274732986097522,test,EURMYR_RET
2025-02-24,-0.5054916399243812,-0.09242803971586083,test,EURMYR_RET
2025-02-25,-0.2874023515432,0.09126363375663182,test,EURMYR_RET
2025-02-26,0.892504153322141,0.08366371130511718,test,EURMYR_RET
2025-02-27,-0.2344925891923675,-0.17870787411558325,test,EURMYR_RET
2025-02-28,-0.31130335653947006,0.012325258878815804,test,EURMYR_RET
2025-03-03,0.34831556664000257,0.07150357333783547,test,EURMYR_RET
2025-03-04,0.6812887153838506,-0.061159754486764584,test,EURMYR_RET
2025-03-05,1.176497506834648,-0.16403901288624323,test,EURMYR_RET
2025-03-06,0.8919575392632353,-0.29618255859736164,test,EURMYR_RET
2025-03-07,-0.00822996912818913,-0.2625115906799321,test,EURMYR_RET
2025-03-10,0.3768816000010854,-0.056181819866542804,test,EURMYR_RET
2025-03-11,0.00848279920445039,-0.09568245985422573,test,EURMYR_RET
2025-03-12,0.4496169461848384,-0.02301461578337255,test,EURMYR_RET
2025-03-13,0.1285436038970444,-0.10442477563144503,test,EURMYR_RET
2025-03-14,-0.10102539513984456,-0.05147280190128333,test,EURMYR_RET
2025-03-17,0.4272967830005326,0.010948313331730186,test,EURMYR_RET
2025-03-18,0.2801877782559191,-0.09198940364584546,test,EURMYR_RET
2025-03-19,0.19705735721765535,-0.08223005368788569,test,EURMYR_RET
2025-03-20,-0.568096450720202,-0.061706681413840725,test,EURMYR_RET
2025-03-21,-0.6088940375558601,0.11188342526611172,test,EURMYR_RET
2025-03-24,-0.249605294963468,0.15925094913667454,test,EURMYR_RET
2025-03-25,-0.08285901477515299,0.09033404662582466,test,EURMYR_RET
2025-03-26,-0.05871704781673392,0.03826584602688173,test,EURMYR_RET
2025-03-27,-0.5799821666540851,0.02142772033152751,test,EURMYR_RET
2025-03-28,0.5923543385484752,0.132877483360346,test,EURMYR_RET
2025-03-31,0.27964436369891366,-0.10151833134260618,test,EURMYR_RET
2025-04-01,0.02112984349795436,-0.08421534258743546,test,EURMYR_RET
2025-04-02,-0.3472060747311908,-0.023275312751033672,test,EURMYR_RET
2025-04-03,1.7920907192897146,0.07157033059543338,test,EURMYR_RET
2025-04-04,0.7136567561901359,-0.38013744746655553,test,EURMYR_RET
2025-04-07,-0.8081545080657597,-0.2416664977433467,test,EURMYR_RET
2025-04-08,0.7142616970391819,0.12516172878822773,test,EURMYR_RET
2025-04-09,0.616754641898052,-0.1301576893276435,test,EURMYR_RET
2025-04-10,-0.14747004924207605,-0.16502527313198942,test,EURMYR_RET
2025-04-11,1.837053998040611,-0.0038787090481851028,test,EURMYR_RET
2025-04-14,0.02227231159664934,-0.4067417421083406,test,EURMYR_RET
2025-04-15,-0.20046026878187512,-0.09478777954294447,test,EURMYR_RET
2025-04-16,-0.4719736187242811,0.023347628188939762,test,EURMYR_RET
2025-04-17,0.8724183539363387,0.10943790943415577,test,EURMYR_RET
2025-04-18,0,-0.16857541505803944,test,EURMYR_RET
2025-04-21,0,-0.037245608018868386,test,EURMYR_RET
2025-04-22,0.9445070504361224,-0.00822916743949631,test,EURMYR_RET
2025-04-23,-1.7882294695677328,-0.21050068127761778,test,EURMYR_RET
2025-04-24,-0.21091061414329867,0.34858860047003837,test,EURMYR_RET
2025-04-25,-0.01830872560025757,0.12361760122125978,test,EURMYR_RET
2025-04-28,-0.15036206166527236,0.03135767059824268,test,EURMYR_RET
2025-04-29,0.2481933275572827,0.040149756800837905,test,EURMYR_RET
2025-04-30,-0.9918629835355752,-0.045965832470721946,test,EURMYR_RET
2025-05-01,-0.8677580251277007,0.2089896353071189,test,EURMYR_RET
2025-05-02,-0.12361647140012816,0.2379001782791476,test,EURMYR_RET
2025-05-05,-1.1630616637341953,0.07987468054943236,test,EURMYR_RET
2025-05-06,-1.5064463252615088,0.27461845403527274,test,EURMYR_RET
2025-05-07,1.0306948229779151,0.39351432474931713,test,EURMYR_RET
2025-05-08,-0.16920770487180775,-0.14078076014891486,test,EURMYR_RET
2025-05-09,0.2587878736380261,0.006280742894557767,test,EURMYR_RET
2025-05-12,0.4215306391250424,-0.055789758016626334,test,EURMYR_RET
2025-05-13,-1.201066032481111,-0.10546074233439251,test,EURMYR_RET
2025-05-14,1.399709478815593,0.24206664516385046,test,EURMYR_RET
2025-05-15,-0.7875903334897963,-0.2557734245720227,test,EURMYR_RET
2025-05-16,-0.0788623169460509,0.11750138132857578,test,EURMYR_RET
2025-05-19,0.26903520047691853,0.0433852429344696,test,EURMYR_RET
2025-05-20,0.29264994242533576,-0.04985584561786033,test,EURMYR_RET
2025-05-21,0.6589461970170097,-0.07567435809817469,test,EURMYR_RET
2025-05-22,-0.28335537350155865,-0.1623094875904847,test,EURMYR_RET
2025-05-23,-0.3193255795883115,0.026744277137851324,test,EURMYR_RET
2025-05-26,-0.23209099442562856,0.07646181518420583,test,EURMYR_RET
2025-05-27,-0.14648263559801908,0.06817267509554528,test,EURMYR_RET
2025-05-28,0.10355179020935124,0.04742665209222999,test,EURMYR_RET
2025-05-29,-1.0934066088061984,-0.012400473067768703,test,EURMYR_RET
2025-05-30,1.3978776125114662,0.23884105985349624,test,EURMYR_RET
2025-06-02,0.1681270353310281,-0.25608135744453864,test,EURMYR_RET
2025-06-03,0.8780564361130163,-0.09372600097228356,test,EURMYR_RET
2025-06-04,-0.8747766268374575,-0.21470881574776568,test,EURMYR_RET
2025-06-05,0.3766900082364675,0.1458375585150112,test,EURMYR_RET
2025-06-06,-0.13520747269456898,-0.05100530139321065,test,EURMYR_RET
2025-06-09,-0.44969629147139256,0.018603905353270167,test,EURMYR_RET
2025-06-10,0.24796416658038817,0.10346778953553273,test,EURMYR_RET
2025-06-11,0.20050192892781551,-0.03192550596839022,test,EURMYR_RET
2025-06-12,0.6335361237493186,-0.051353283810658956,test,EURMYR_RET
2025-06-13,0.4366482993970372,-0.15132172387931708,test,EURMYR_RET
2025-06-16,0.20279199716547236,-0.12990803555937397,test,EURMYR_RET
2025-06-17,-0.1169481840257793,-0.07350784218723683,test,EURMYR_RET
2025-06-18,-0.7499905521178859,0.0095978523544904,test,EURMYR_RET
2025-06-19,0.297148398409739,0.16782596654983917,test,EURMYR_RET
2025-06-20,0.530308453900264,-0.028572924488676432,test,EURMYR_RET
2025-06-23,-0.2210688877446645,-0.123481094448752,test,EURMYR_RET
2025-06-24,1.436239174530571,0.021561368810953274,test,EURMYR_RET
2025-06-25,-0.9202408584238814,-0.3125635787797687,test,EURMYR_RET
2025-06-26,0.6728828822700811,0.13426222175875635,test,EURMYR_RET
2025-06-27,-0.16389018624684148,-0.11900462463854423,test,EURMYR_RET
2025-06-30,0.30093924011487483,0.009917163975505072,test,EURMYR_RET
2025-07-01,0.11670800968983765,-0.06429937704138138,test,EURMYR_RET
2025-07-02,-0.18932831433903485,-0.039992368830232855,test,EURMYR_RET
2025-07-03,0.7032313363830829,0.03299477618152635,test,EURMYR_RET
2025-07-04,-0.39787987834434224,-0.14808427547152786,test,EURMYR_RET
2025-07-07,0.04335518755481767,0.05519066410860992,test,EURMYR_RET
2025-07-08,-0.02132949254610743,0.002614969212961938,test,EURMYR_RET
2025-07-09,0.01597869631891807,0.005290368329177961,test,EURMYR_RET
2025-07-10,0.28018752753934073,-0.002361514426916289,test,EURMYR_RET
2025-07-11,0.02779687132309964,-0.062427316934434096,test,EURMYR_RET
2025-07-14,-0.3998348289351458,-0.019934429634971995,test,EURMYR_RET
2025-07-15,-0.1354126490910551,0.08393644680438267,test,EURMYR_RET
2025-07-16,-0.7417810243531572,0.04846371247077663,test,EURMYR_RET
2025-07-17,0.30299485833975504,0.17459927769766664,test,EURMYR_RET
2025-07-18,-0.10368572243525365,-0.02836814292465932,test,EURMYR_RET
2025-07-21,0.00169061561126495,0.0166409143493179,test,EURMYR_RET
2025-07-22,0.381752556599067,0.003303168296342529,test,EURMYR_RET
2025-07-23,0.28626613509786153,-0.08361585565042667,test,EURMYR_RET
2025-07-24,0.2039897677698938,-0.08172294658688095,test,EURMYR_RET
2025-07-25,-0.4504154367836372,-0.06312630914345091,test,EURMYR_RET
2025-07-28,0.1600492192427093,0.08556893680546176,test,EURMYR_RET
2025-07-29,-1.1458958354778792,-0.016455919173250955,test,EURMYR_RET
2025-07-30,-0.30126904775366864,0.24954217902451797,test,EURMYR_RET
2025-07-31,-0.8222372549900001,0.12169804854349064,test,EURMYR_RET
2025-08-01,0.4211741895477498,0.20855617824506298,test,EURMYR_RET
2025-08-04,1.709084478599477,-0.046976524447557955,test,EURMYR_RET
2025-08-05,-0.997524733521456,-0.3879899079838658,test,EURMYR_RET
2025-08-06,-0.24383321566104812,0.1346726340730414,test,EURMYR_RET
2025-08-07,0.5807154587881829,0.08362833042523343,test,EURMYR_RET
2025-08-08,0.3168020157688818,-0.10982806910400883,test,EURMYR_RET
2025-08-11,0.0019960854686596,-0.09426105760891275,test,EURMYR_RET
2025-08-12,-0.40709786152452215,-0.02126737056437944,test,EURMYR_RET
2025-08-13,0.4086034713412469,0.08524666080805049,test,EURMYR_RET
2025-08-14,-0.22724376454243095,-0.07144351987034636,test,EURMYR_RET
2025-08-15,-0.3486512832396985,0.03442301975233075,test,EURMYR_RET
2025-08-18,0.4255046175275056,0.08463769955085099,test,EURMYR_RET
2025-08-19,-0.1018866153075018,-0.0753122607420967,test,EURMYR_RET
2025-08-20,-0.20959970726051635,0.005871425516922074,test,EURMYR_RET
2025-08-21,0.15025020104193265,0.047606902513316895,test,EURMYR_RET
2025-08-22,-0.36819598190242087,-0.02267834880575126,test,EURMYR_RET
2025-08-25,0.8989707275031612,0.07633980507474958,test,EURMYR_RET
2025-08-26,-1.2559816656850105,-0.1817547883267545,test,EURMYR_RET
2025-08-27,0.4059226705473483,0.23734322815484887,test,EURMYR_RET
2025-08-28,0.487727668149588,-0.03724649783142264,test,EURMYR_RET
2025-08-29,-0.292490716361026,-0.11598952314267835,test,EURMYR_RET
2025-09-01,0.44352148046871814,0.0389967555779695,test,EURMYR_RET
2025-09-02,0.20599100288224464,-0.08937702649009643,test,EURMYR_RET
2025-09-03,-0.5942504691132355,-0.06525958627786965,test,EURMYR_RET
2025-09-04,0.17890505885538335,0.11687698980813836,test,EURMYR_RET
2025-09-05,-0.11792405271175524,-0.01370468609023194,test,EURMYR_RET
2025-09-08,0.39136905585165993,0.02302657048670792,test,EURMYR_RET
2025-09-09,0.4173838214756494,-0.08138280319152918,test,EURMYR_RET
2025-09-10,-0.8388859080107272,-0.11019914255499175,test,EURMYR_RET
2025-09-11,0.21974260108094176,0.16099845653861888,test,EURMYR_RET
2025-09-12,0.43322758005687223,-0.0129791249825712,test,EURMYR_RET
2025-09-15,-0.4740934736719976,-0.09858638061527558,test,EURMYR_RET
2025-09-16,0.35280699133276144,0.08296577523762949,test,EURMYR_RET
2025-09-17,0.8754260007894558,-0.05961960798704691,test,EURMYR_RET
2025-09-18,-0.7737455698541205,-0.206592059774928,test,EURMYR_RET
2025-09-19,-0.1197403273954257,0.12530876649873335,test,EURMYR_RET
2025-09-22,-0.1266832268459237,0.05414195476498368,test,EURMYR_RET
2025-09-23,0.3664890096712246,0.03995211183019626,test,EURMYR_RET
2025-09-24,0.01807943945006577,-0.07214613884531675,test,EURMYR_RET
2025-09-25,-0.3782516777144368,-0.019934736754517457,test,EURMYR_RET
2025-09-26,-0.5216710702669741,0.07916772635510527,test,EURMYR_RET
2025-09-29,0.5077522421221081,0.13275130477246483,test,EURMYR_RET
2025-09-30,0.0794344302810017,-0.08285394352684369,test,EURMYR_RET
2025-10-01,-0.1168777161059115,-0.03585652839582512,test,EURMYR_RET
2025-10-02,-0.03903469882887517,0.017901088350481383,test,EURMYR_RET
2025-10-03,-0.12380391012748548,0.012579580544398561,test,EURMYR_RET
2025-10-06,0.11795643696663365,0.030133018103862194,test,EURMYR_RET
2025-10-07,-0.01873939838782744,-0.01940399572923181,test,EURMYR_RET
2025-10-08,-0.4885213507679663,-1.4683832787720785e-4,test,EURMYR_RET
2025-10-09,-0.15882936781189505,0.10790307501533891,test,EURMYR_RET
2025-10-10,-0.5648764894055418,0.05893274537119164,test,EURMYR_RET
2025-10-13,0.4053563410332273,0.1378264691149957,test,EURMYR_RET
2025-10-14,-0.14115397951062217,-0.05910893198378821,test,EURMYR_RET
2025-10-15,0.3886451129152484,0.018127303314197873,test,EURMYR_RET
2025-10-16,0.4144131567035304,-0.08186342650059103,test,EURMYR_RET
2025-10-17,0.34996448725269413,-0.10964898458414035,test,EURMYR_RET
2025-10-20,-0.39638059490842886,-0.10154851587541469,test,EURMYR_RET
2025-10-21,-0.11185328701258218,0.06514117164279803,test,EURMYR_RET
2025-10-22,-0.30787643036938667,0.039105739269990336,test,EURMYR_RET
2025-10-23,0.0932843617754788,0.07666338460727046,test,EURMYR_RET
2025-10-24,0.05880247130636328,-0.003672293497153846,test,EURMYR_RET
2025-10-27,-9.6811994561372e-4,-0.01380338052343904,test,EURMYR_RET
2025-10-28,-0.1884192015401329,-0.0028358647916549573,test,EURMYR_RET
2025-10-29,-0.18080377656290145,0.0410033943145722,test,EURMYR_RET
2025-10-30,-0.6833961810854638,0.04900680766191334,test,EURMYR_RET
2025-10-31,-0.02799900172994137,0.16181953116556508,test,EURMYR_RET
2025-11-03,-0.6709158617543262,0.04193913251531123,test,EURMYR_RET
2025-11-04,0.19716489366143475,0.15750053281327137,test,EURMYR_RET
2025-11-05,-0.22071003689104568,-0.00876357466455599,test,EURMYR_RET
2025-11-06,-0.164559039090611,0.04682815018047473,test,EURMYR_RET
2025-11-07,0.24006784788447663,0.04670458256970919,test,EURMYR_RET
2025-11-10,-0.20180849936344247,-0.042722317383485,test,EURMYR_RET
2025-11-11,-0.26860569395072026,0.035149025575311965,test,EURMYR_RET
2025-11-12,-0.2811121028163992,0.06711256925247805,test,EURMYR_RET
2025-11-13,-0.00783090541771598,0.07693790719074282,test,EURMYR_RET
2025-11-14,0.1851665107371167,0.018729100951953986,test,EURMYR_RET
2025-11-17,-0.05819410321814238,-0.036773230084586425,test,EURMYR_RET
2025-11-18,0.1731610600566657,0.004732798337643979,test,EURMYR_RET
2025-11-19,0.28725832561697234,-0.03721309547496138,test,EURMYR_RET
2025-11-20,-0.6704222907152524,-0.0716897856022155,test,EURMYR_RET
2025-11-21,0.0914678807837579,0.13228593378172898,test,EURMYR_RET
2025-11-24,0.0305842121229075,0.009018475212013561,test,EURMYR_RET
2025-11-25,-0.56631007275516,-0.0047648050182445,test,EURMYR_RET
2025-11-26,0.18214667949039637,0.12406966294449709,test,EURMYR_RET
2025-11-27,0.5035290913580894,-0.012831727523430092,test,EURMYR_RET
2025-11-28,-0.21333917516700612,-0.11408646183514633,test,EURMYR_RET
2025-12-01,0.06235972897967992,0.021929221733161995,test,EURMYR_RET
2025-12-02,0.01705746491611825,-0.008932849575896736,test,EURMYR_RET
2025-12-03,0.2105908009986251,-0.00574238577744815,test,EURMYR_RET
2025-12-04,0.09185129557613704,-0.047797367566083895,test,EURMYR_RET
2025-12-05,-0.33986536825127994,-0.030854436075173686,test,EURMYR_RET
2025-12-08,-0.168051625759638,0.06827389420582947,test,EURMYR_RET
2025-12-09,0.09561851324833032,0.052214539578375366,test,EURMYR_RET
2025-12-10,-0.08853352804241962,-0.009589817051411903,test,EURMYR_RET
2025-12-11,0.6859821385437568,0.01744208379444645,test,EURMYR_RET
2025-12-12,0.14342471057161452,-0.14770944396330063,test,EURMYR_RET
2025-12-15,-0.33710041928896367,-0.06432414001163078,test,EURMYR_RET
2025-12-16,0.10050927324119432,0.06026809052382274,test,EURMYR_RET
2025-12-17,-0.26361145790831547,-0.008891019590198557,test,EURMYR_RET
2025-12-18,-0.01212063294669254,0.056278773489743666,test,EURMYR_RET
2025-12-19,-0.23992414263786696,0.015112390380161017,test,EURMYR_RET
2025-12-22,-0.3338721452881825,0.05634861249494899,test,EURMYR_RET
2025-12-23,0.512581396295296,0.08621666083522517,test,EURMYR_RET
2025-12-24,-0.08826220455216392,-0.09420243043475143,test,EURMYR_RET
2025-12-25,0,-0.0013124530922271013,test,EURMYR_RET
2025-12-26,-0.5549887044989622,-2.899777135320081e-4,test,EURMYR_RET
2025-12-29,-0.02064343583826749,0.12255696561270436,test,EURMYR_RET
2025-12-30,0.2850099717915271,0.03163916884767076,test,EURMYR_RET
2025-12-31,-0.526107882397419,-0.05598058060022415,test,EURMYR_RET
2026-01-01,0,0.10387147613237621,test,EURMYR_RET
2026-01-02,0.21225484486659177,0.022949706414993776,test,EURMYR_RET
2026-01-05,-0.41520232282506325,-0.04182570145414316,test,EURMYR_RET
2026-01-06,0.5311243858738675,0.08249506179891508,test,EURMYR_RET
2026-01-07,-0.869127628418687,-0.09912164205268359,test,EURMYR_RET
2026-01-08,1.0452939067143514,0.17012766144159375,test,EURMYR_RET
2026-01-09,-1.021606219896499,-0.19336211577204976,test,EURMYR_RET
2026-01-12,0.59052739458743575,0.18299498319809637,test,EURMYR_RET
2026-01-13,-0.37683189315156257,-0.09004155466184433,test,EURMYR_RET
2026-01-14,-0.3206775383659964,0.06336440297245594,test,EURMYR_RET
2026-01-15,-0.2018899848113396,0.0848514927575442,test,EURMYR_RET
2026-01-16,-0.18510155578279225,0.06335360747950569,test,EURMYR_RET
2026-01-19,0.21109015903362535,0.05489450296145171,test,EURMYR_RET
2026-01-20,0.06045700380943143,-0.03451038325079132,test,EURMYR_RET
2026-01-21,0.7470866835399387,-0.020982407617406107,test,EURMYR_RET
2026-01-22,-0.6668056094958251,-0.16969971742798717,test,EURMYR_RET
2026-01-23,0.5360959385216401,0.10983221481883337,test,EURMYR_RET
2026-01-26,0.02141223738695405,-0.09418011256405208,test,EURMYR_RET
2026-01-27,-0.8523684414627817,-0.02553935492178827,test,EURMYR_RET
2026-01-28,0.8276458009620272,0.18268234454770327,test,EURMYR_RET
2026-01-29,-1.158732988657203,-0.14250035259193505,test,EURMYR_RET
2026-01-30,0.11623048783183408,0.22452978926871822,test,EURMYR_RET
2026-02-02,-0.6100343437334379,0.023928004736910702,test,EURMYR_RET
2026-02-03,0.1552997266158371,0.1400697315306522,test,EURMYR_RET
2026-02-04,-0.6759868254341219,-0.003364965329474612,test,EURMYR_RET
2026-02-05,-0.1355267299172878,0.14861129149677316,test,EURMYR_RET
2026-02-06,0.21234360960683524,0.06277839129271207,test,EURMYR_RET
2026-02-09,0.3856965630870371,-0.033045432471077496,test,EURMYR_RET
2026-02-10,0.1514321479134851,-0.09251823714760873,test,EURMYR_RET
2026-02-11,-0.24881184783051857,-0.05389920241281462,test,EURMYR_RET
2026-02-12,-0.3055886748517792,0.04306464253194353,test,EURMYR_RET
2026-02-13,-0.3841172017866822,0.07703261349990637,test,EURMYR_RET
2026-02-16,0.11982296966256752,0.10188796066273553,test,EURMYR_RET
2026-02-17,-0.34048861803000413,-0.003962620022573471,test,EURMYR_RET
2026-02-18,0.01659754547238278,0.07435316357149606,test,EURMYR_RET
2026-02-19,-0.4048872511107699,0.012760716690903062,test,EURMYR_RET
2026-02-20,-0.06994168729833532,0.092276519047943,test,EURMYR_RET
2026-02-23,0.40728128425620896,0.03584102536551487,test,EURMYR_RET
2026-02-24,-0.6542860969843144,-0.08206723548808492,test,EURMYR_RET
2026-02-25,-0.08593582327493908,0.12642792194196228,test,EURMYR_RET
2026-02-26,0.2665498295560917,0.046920346060214724,test,EURMYR_RET
2026-02-27,-0.27004344844403555,-0.04852566223169347,test,EURMYR_RET
2026-03-02,-0.1949126182651173,0.048942870059858756,test,EURMYR_RET
2026-03-03,0.3709698534549312,0.0538782356150494,test,EURMYR_RET
2026-03-04,-0.2338716151349715,-0.07005926753949768,test,EURMYR_RET
2026-03-05,0.07421574909115645,0.03619324018921146,test,EURMYR_RET
2026-03-06,-0.00882392573781498,-0.008400818482150544,test,EURMYR_RET
2026-03-09,-0.8346356209503991,9.348271210840586e-5,test,EURMYR_RET
2026-03-10,1.2423791727600093,0.1844278003779556,test,EURMYR_RET
2026-03-11,-1.040710150497367,-0.23374726442286542,test,EURMYR_RET
2026-03-12,-0.7923260084452797,0.17829304071508645,test,EURMYR_RET
2026-03-13,0.08111298180015031,0.21445177298378343,test,EURMYR_RET
2026-03-16,-0.448772863094571,0.029460312160142,test,EURMYR_RET
2026-03-17,0.3584298078560027,0.10566241454024144,test,EURMYR_RET
2026-03-18,0.20661563841580408,-0.05584726128746967,test,EURMYR_RET
2026-03-19,-0.3848179215979309,-0.05798941843612265,test,EURMYR_RET
2026-03-20,1.070517101983694,0.07221056708635198,test,EURMYR_RET
2026-03-23,-0.1503916726087964,-0.2205691373718964,test,EURMYR_RET
2026-03-24,0.0491474269652421,-0.01550524044935292,test,EURMYR_RET
2026-03-25,0.8648755171152664,-0.01428457350717005,test,EURMYR_RET
2026-03-26,-0.25676353255478723,-0.1942445291318561,test,EURMYR_RET
2026-03-27,0.5131576978024939,0.013813154749873102,test,EURMYR_RET
2026-03-30,0.2750743392048566,-0.1103268297485464,test,EURMYR_RET
2026-03-31,0.0317944886083092,-0.0851518049883487,test,EURMYR_RET
2026-04-01,1.4002020289636672,-0.025838499694993855,test,EURMYR_RET
2026-04-02,-0.40386795236289974,-0.31507409625035543,test,EURMYR_RET
2026-04-03,-0.4828561488484709,0.019618407334859478,test,EURMYR_RET
2023-01-04,-0.3237955280198017,-0.025879703591770165,val,JPYMYR_RET
2023-01-05,-0.7915895134956586,0.047548377111135576,val,JPYMYR_RET
2023-01-06,-1.186024288255155,0.12341085191033874,val,JPYMYR_RET
2023-01-09,1.4540987753625003,0.19014595860802141,val,JPYMYR_RET
2023-01-10,-0.5373381562567853,-0.1962378632648012,val,JPYMYR_RET
2023-01-11,-0.3506276891442481,0.055141349208332524,val,JPYMYR_RET
2023-01-12,0.1278755250107169,0.061401480270251704,val,JPYMYR_RET
2023-01-13,1.8163918971208317,-0.013044147068807188,val,JPYMYR_RET
2023-01-16,0.3272470957050643,-0.27265906704607823,val,JPYMYR_RET
2023-01-17,-0.6696669999495143,-0.07979749372776646,val,JPYMYR_RET
2023-01-18,0.27429642248421665,0.09412011255398184,val,JPYMYR_RET
2023-01-19,-0.5020162460444382,-0.029390115359767766,val,JPYMYR_RET
2023-01-20,0.01552778726916634,0.07006158620041596,val,JPYMYR_RET
2023-01-23,-1.299193727257473,0.006274535721456864,val,JPYMYR_RET
2023-01-24,-0.9796875947284742,0.19319227053584997,val,JPYMYR_RET
2023-01-25,0.2745034702238398,0.16810346432948509,val,JPYMYR_RET
2023-01-26,0.7956779166083415,-0.02411821049278673,val,JPYMYR_RET
2023-01-27,-1.373002693946731,-0.12317652591574024,val,JPYMYR_RET
2023-01-30,-0.07695612404079542,0.1908388271853847,val,JPYMYR_RET
2023-01-31,-0.48015517204461744,0.03494370858891005,val,JPYMYR_RET
2023-02-01,0.7958610806204296,0.07281432492822215,val,JPYMYR_RET
2023-02-02,1.1549402065293153,-0.11029576995049051,val,JPYMYR_RET
2023-02-03,-0.5783560296154827,-0.18559041223004225,val,JPYMYR_RET
2023-02-06,-2.208698138443552,0.06636610699385104,val,JPYMYR_RET
2023-02-07,-0.29968309902395546,0.3387810843622308,val,JPYMYR_RET
2023-02-08,2.098436909804481,0.08240323387709525,val,JPYMYR_RET
2023-02-09,-0.3443269060815949,-0.3073441282751801,val,JPYMYR_RET
2023-02-10,0.23641072856988968,0.015379740342899795,val,JPYMYR_RET
2023-02-13,0.3922474043733451,-0.029313471940788427,val,JPYMYR_RET
2023-02-14,0.09473918705018872,-0.06245170774837161,val,JPYMYR_RET
2023-02-15,-0.7915802585945952,-0.020816423309184207,val,JPYMYR_RET
2023-02-16,0.30089968371273645,0.11625066259555736,val,JPYMYR_RET
2023-02-17,0.13399781245616968,-0.031266242390649485,val,JPYMYR_RET
2023-02-20,0.4604940454883638,-0.025099818292912357,val,JPYMYR_RET
2023-02-21,-0.05545634169339981,-0.07086233074520538,val,JPYMYR_RET
2023-02-22,-0.4301319696551226,3.8128431840661614e-4,val,JPYMYR_RET
2023-02-23,0.2355580749094948,0.06499782297119355,val,JPYMYR_RET
2023-02-24,0.05644973724715397,-0.027718857149088304,val,JPYMYR_RET
2023-02-27,-1.2701197562326536,-0.012434804137862798,val,JPYMYR_RET
2023-02-28,0.9554813505722556,0.18816303108959243,val,JPYMYR_RET
2023-03-01,0.24517615170061705,-0.12055228173114466,val,JPYMYR_RET
2023-03-02,-0.22200113932359247,-0.05285121803604012,val,JPYMYR_RET
2023-03-03,-0.3074017376778374,0.02886371659911724,val,JPYMYR_RET
2023-03-06,0.6312098801163706,0.04957120254195291,val,JPYMYR_RET
2023-03-07,-0.10225324524009424,-0.08873305717826344,val,JPYMYR_RET
2023-03-08,-0.9736390340934864,0.004429625962078743,val,JPYMYR_RET
2023-03-09,1.1537972347433594,0.14672977358046957,val,JPYMYR_RET
2023-03-10,0.5410472084276214,-0.15515386898033268,val,JPYMYR_RET
2023-03-13,0.9985889847769014,-0.10030030835035753,val,JPYMYR_RET
2023-03-14,0.8882497479699596,-0.15795030806184052,val,JPYMYR_RET
2023-03-15,-1.233279313922823,-0.14934612915657408,val,JPYMYR_RET
2023-03-16,1.0826780706151231,0.16844977285340657,val,JPYMYR_RET
2023-03-17,0.08672025330930774,-0.14012278460188785,val,JPYMYR_RET
2023-03-20,0.4376119715177521,-0.031431800413676436,val,JPYMYR_RET
2023-03-21,0.6877463651395824,-0.06664639323525334,val,JPYMYR_RET
2023-03-22,-1.0265293712876014,-0.10989474321615167,val,JPYMYR_RET
2023-03-23,0.49494067998819374,0.141092948716587,val,JPYMYR_RET
2023-03-24,-0.5948081342442502,-0.056141451265858566,val,JPYMYR_RET
2023-03-27,0.2407425869957168,0.08010486259230584,val,JPYMYR_RET
2023-03-28,-0.4649468703706941,-0.02567416537133116,val,JPYMYR_RET
2023-03-29,-0.09536317517344342,0.0651156505230105,val,JPYMYR_RET
2023-03-30,-0.8798179374808381,0.022152824210568856,val,JPYMYR_RET
2023-03-31,-0.4680544132711445,0.13264138948269688,val,JPYMYR_RET
2023-04-03,-0.3247098664638397,0.08474496771009443,val,JPYMYR_RET
2023-04-04,0.9362890236917122,0.0563570973344345,val,JPYMYR_RET
2023-04-05,0.3224184277414875,-0.13386515497646462,val,JPYMYR_RET
2023-04-06,0.2608636253671692,-0.06402478932544886,val,JPYMYR_RET
2023-04-07,-0.5711480430922559,-0.044358977666003274,val,JPYMYR_RET
2023-04-10,-0.0065978360909494,0.08058549293125185,val,JPYMYR_RET
2023-04-11,-1.0219397972418314,0.010751638110280126,val,JPYMYR_RET
2023-04-12,0.01968050069592093,0.1522859172939075,val,JPYMYR_RET
2023-04-13,0.24576047115196348,0.014549184096404127,val,JPYMYR_RET
2023-04-14,0.17787320555188918,-0.03693185652221043,val,JPYMYR_RET
2023-04-17,-1.079774749244305,-0.030690005183576563,val,JPYMYR_RET
2023-04-18,0.11525264935039456,0.15774261621492688,val,JPYMYR_RET
2023-04-19,0.566274034114329,0.0013071443682619588,val,JPYMYR_RET
2023-04-20,-0.592753462683017,-0.0862929898808037,val,JPYMYR_RET
2023-04-21,0.7075117151707886,0.078578790815368,val,JPYMYR_RET
2023-04-24,0.01484844784909638,-0.0952140777142753,val,JPYMYR_RET
2023-04-25,-0.08501388122469998,-0.014312631762519845,val,JPYMYR_RET
2023-04-26,0.45202822085790006,0.012405110386270068,val,JPYMYR_RET
2023-04-27,0.4538755675868265,-0.06585564062500088,val,JPYMYR_RET
2023-04-28,-0.14001353310785747,-0.07531653813553402,val,JPYMYR_RET
2023-05-01,-1.9576501166185172,0.013085571027816822,val,JPYMYR_RET
2023-05-02,-0.8287491832114938,0.29390089104327,val,JPYMYR_RET
2023-05-03,0.8597875952549093,0.15689035724409595,val,JPYMYR_RET
2023-05-04,1.1603574041984794,-0.11385230455284767,val,JPYMYR_RET
2023-05-05,0.2828980509660244,-0.18749049463417783,val,JPYMYR_RET
2023-05-08,-1.1286988414112724,-0.061972533473768854,val,JPYMYR_RET
2023-05-09,0.1045130473481039,0.16323131825041268,val,JPYMYR_RET
2023-05-10,0.11116753039377689,0.003743156851683957,val,JPYMYR_RET
2023-05-11,0.8916913055822475,-0.018341162342289996,val,JPYMYR_RET
2023-05-12,0.04189986178772129,-0.13467973136103106,val,JPYMYR_RET
2023-05-15,-0.6663583289236846,-0.02149104502285204,val,JPYMYR_RET
2023-05-16,0.24836945875458416,0.09850814224063786,val,JPYMYR_RET
2023-05-17,-0.34934916484919154,-0.025586025465786866,val,JPYMYR_RET
2023-05-18,-0.24271142688989208,0.04777199402670454,val,JPYMYR_RET
2023-05-19,-0.41911434947554976,0.042116640443590425,val,JPYMYR_RET
2023-05-22,0.71580071700529,0.06656012969273162,val,JPYMYR_RET
2023-05-23,-0.4999922646743365,-0.09941836425579803,val,JPYMYR_RET
2023-05-24,0.525252871516727,0.062208509531060274,val,JPYMYR_RET
2023-05-25,-0.01244906859014207,-0.0696612553716247,val,JPYMYR_RET
2023-05-26,0.21257290546001711,-0.007130425680036745,val,JPYMYR_RET
2023-05-29,-1.1394523929934255,-0.03144046669934464,val,JPYMYR_RET
2023-05-30,0.3926674106708543,0.166035461418685,val,JPYMYR_RET
2023-05-31,0.3653585368221814,-0.03898085052287864,val,JPYMYR_RET
2023-06-01,0.8025428921895408,-0.06112047798271103,val,JPYMYR_RET
2023-06-02,0.2294211209413483,-0.1257527896741853,val,JPYMYR_RET
2023-06-05,-1.829867064947459,-0.04788926784729397,val,JPYMYR_RET
2023-06-06,0.5894399109482982,0.26855423470428647,val,JPYMYR_RET
2023-06-07,0.5503445652042139,-0.05647230356214039,val,JPYMYR_RET
2023-06-08,-0.26626692144533115,-0.09203171294566143,val,JPYMYR_RET
2023-06-09,1.0035357445154582,0.030235419784673034,val,JPYMYR_RET
2023-06-12,-0.4843603424657687,-0.1448782367397533,val,JPYMYR_RET
2023-06-13,0.06618466271581286,0.054959268137693376,val,JPYMYR_RET
2023-06-14,-0.5886323846750027,-0.001570576537207602,val,JPYMYR_RET
2023-06-15,0.25108610767105466,0.08651889691881542,val,JPYMYR_RET
2023-06-16,-0.11030139322196812,-0.027320011521844212,val,JPYMYR_RET
2023-06-19,-1.382547930959192,0.012129856940892303,val,JPYMYR_RET
2023-06-20,0.25892494467203725,0.20775645999575842,val,JPYMYR_RET
2023-06-21,0.6789415435319259,-0.014907763698476129,val,JPYMYR_RET
2023-06-22,-0.1201641653924497,-0.10552730611842402,val,JPYMYR_RET
2023-06-23,-0.8566014463635163,0.00628024671396743,val,JPYMYR_RET
2023-06-26,0.2011900451140308,0.12960852004260992,val,JPYMYR_RET
2023-06-27,-0.00775943452350727,-0.015306716994589452,val,JPYMYR_RET
2023-06-28,-0.48658512713164936,-0.0022858204202447774,val,JPYMYR_RET
2023-06-29,-0.2017184402853528,0.0725882122746842,val,JPYMYR_RET
2023-06-30,-0.2704241745337427,0.03835988219909792,val,JPYMYR_RET
2023-07-03,0.17848774157968064,0.043718093341294895,val,JPYMYR_RET
2023-07-04,-0.13944377121551663,-0.021952452595519284,val,JPYMYR_RET
2023-07-05,-0.19892005772307397,0.01771109066306456,val,JPYMYR_RET
2023-07-06,-0.04669755417485582,0.03200551978626854,val,JPYMYR_RET
2023-07-07,0.5878552514860765,0.01035597105655428,val,JPYMYR_RET
2023-07-10,1.3676200284372706,-0.08673649356108593,val,JPYMYR_RET
2023-07-11,0.6648100710495878,-0.21370190622602425,val,JPYMYR_RET
2023-07-12,0.569768016259721,-0.12238667685589388,val,JPYMYR_RET
2023-07-13,1.1338853678553735,-0.09621314925262592,val,JPYMYR_RET
2023-07-14,-1.1474059710564637,-0.1785880181477827,val,JPYMYR_RET
2023-07-17,-1.832676744558224,0.15146124350577295,val,JPYMYR_RET
2023-07-18,0.26411910227902696,0.29252250004331637,val,JPYMYR_RET
2023-07-19,-0.1484725638634884,-0.007981994159290351,val,JPYMYR_RET
2023-07-20,-0.4098808102127755,0.017590854551466584,val,JPYMYR_RET
2023-07-21,-0.1903595379086098,0.06357329434693645,val,JPYMYR_RET
2023-07-24,-0.8231578617062455,0.035356486311555524,val,JPYMYR_RET
2023-07-25,0.3251902106993165,0.12582922053209214,val,JPYMYR_RET
2023-07-26,0.4312565639527253,-0.03434313199934863,val,JPYMYR_RET
2023-07-27,-0.07225598856974778,-0.06977893467708451,val,JPYMYR_RET
2023-07-28,0.3707598089371029,0.0033829455345351644,val,JPYMYR_RET
2023-07-31,-0.6049786104381634,-0.05397249562565676,val,JPYMYR_RET
2023-08-01,-1.6343429058713506,0.08374335550183121,val,JPYMYR_RET
2023-08-02,-0.6414712549643516,0.2537114542819091,val,JPYMYR_RET
2023-08-03,0.5101990116115863,0.12347353625209062,val,JPYMYR_RET
2023-08-04,0.2359358138092029,-0.06499972183547478,val,JPYMYR_RET
2023-08-07,0.7495154795075538,-0.043858960476463094,val,JPYMYR_RET
2023-08-08,-0.3678641166860602,-0.11564297863636552,val,JPYMYR_RET
2023-08-09,-0.01321712571534999,0.04195715005267596,val,JPYMYR_RET
2023-08-10,-0.5642952403980296,0.008260228451649643,val,JPYMYR_RET
2023-08-11,-0.7591813466504855,0.08425307268036453,val,JPYMYR_RET
2023-08-14,0.35327096038258365,0.12269869656296112,val,JPYMYR_RET
2023-08-15,0.27920599393886547,-0.03961881067022621,val,JPYMYR_RET
2023-08-16,0.2284306138383404,-0.04761798412649343,val,JPYMYR_RET
2023-08-17,-0.6262610176577122,-0.03879037912033778,val,JPYMYR_RET
2023-08-18,0.9197529693464448,0.08934689999405887,val,JPYMYR_RET
2023-08-21,0.1735024343655513,-0.1262449654319932,val,JPYMYR_RET
2023-08-22,-0.6077641734507007,-0.0415674499055253,val,JPYMYR_RET
2023-08-23,0.31458009301387957,0.08753212411574512,val,JPYMYR_RET
2023-08-24,0.7505966463987532,-0.03644741399785245,val,JPYMYR_RET
2023-08-25,-1.0235256274404283,-0.11714913907559954,val,JPYMYR_RET
2023-08-28,-0.4356969754373848,0.13957065269037278,val,JPYMYR_RET
2023-08-29,0.35791920376308384,0.08238479073524801,val,JPYMYR_RET
2023-08-30,0.13187357606513103,-0.045843988634305693,val,JPYMYR_RET
2023-08-31,-0.19453450653237897,-0.02575879477043483,val,JPYMYR_RET
2023-09-01,0.4293915531971567,0.02671174717817315,val,JPYMYR_RET
2023-09-04,-0.23904700350697952,-0.06061161143950025,val,JPYMYR_RET
2023-09-05,-0.17085182986762185,0.028251044308678974,val,JPYMYR_RET
2023-09-06,-0.8464347867897801,0.02952964929327173,val,JPYMYR_RET
2023-09-07,0.47216125878529064,0.12896162770291747,val,JPYMYR_RET
2023-09-08,0.36320641346011134,-0.055829877609752776,val,JPYMYR_RET
2023-09-11,0.08389712114375417,-0.0621597132145886,val,JPYMYR_RET
2023-09-12,0.25334186397504876,-0.01870524307923771,val,JPYMYR_RET
2023-09-13,-0.262523359296641,-0.03915916288013152,val,JPYMYR_RET
2023-09-14,-0.1276643496759373,0.03475805203212426,val,JPYMYR_RET
2023-09-15,-0.00673955263764593,0.023500320691013654,val,JPYMYR_RET
2023-09-18,-0.20796885454818984,0.003187190507813964,val,JPYMYR_RET
2023-09-19,0.28476885586876466,0.031083106501441027,val,JPYMYR_RET
2023-09-20,0.06712161229976288,-0.038846622988650936,val,JPYMYR_RET
2023-09-21,-0.615069326290269,-0.014865635323264459,val,JPYMYR_RET
2023-09-22,0.5748600516559801,0.09043949264814055,val,JPYMYR_RET
2023-09-25,-0.618996623945008,-0.07507973561800452,val,JPYMYR_RET
2023-09-26,-0.296357645361246,0.08233969827536736,val,JPYMYR_RET
2023-09-27,-0.06107435570251186,0.054717064129847885,val,JPYMYR_RET
2023-09-28,0.09041067176375718,0.014163381967538802,val,JPYMYR_RET
2023-09-29,0.10774875456852108,-0.012418056100215291,val,JPYMYR_RET
2023-10-02,-0.41671659155968255,-0.01759087223360223,val,JPYMYR_RET
2023-10-03,0.25358440146372513,0.060208656005727584,val,JPYMYR_RET
2023-10-04,0.5996986312535839,-0.03063254987640407,val,JPYMYR_RET
2023-10-05,0.29972796045233474,-0.09363620635022052,val,JPYMYR_RET
2023-10-06,0.25361209905757687,-0.054888842803969884,val,JPYMYR_RET
2023-10-09,-0.7651176512320642,-0.0428910729586337,val,JPYMYR_RET
2023-10-10,0.9519569411395936,0.10959278334695155,val,JPYMYR_RET
2023-10-11,-0.3190868570486378,-0.12866526508842743,val,JPYMYR_RET
2023-10-12,-0.44361709423695495,0.031231266456311857,val,JPYMYR_RET
2023-10-13,-0.6319494697880105,0.07151509839608339,val,JPYMYR_RET
2023-10-16,0.4887766857357097,0.10168895979297127,val,JPYMYR_RET
2023-10-17,0.1505457277644237,-0.06197267195110023,val,JPYMYR_RET
2023-10-18,-0.1103670587280972,-0.030777438822092842,val,JPYMYR_RET
2023-10-19,0.1801965501639563,0.013859324060363332,val,JPYMYR_RET
2023-10-20,0.3913098418549992,-0.02494459549287631,val,JPYMYR_RET
2023-10-23,4.237346101254e-4,-0.06135058568630401,val,JPYMYR_RET
2023-10-24,0.07409181725228974,-0.006756241055671214,val,JPYMYR_RET
2023-10-25,0.4143400997954229,-0.011039970954570322,val,JPYMYR_RET
2023-10-26,-0.3822559809840136,-0.06296506707948002,val,JPYMYR_RET
2023-10-27,-0.0361330303224059,0.049833180974500256,val,JPYMYR_RET
2023-10-30,0.2586729815129858,0.011918711425875,val,JPYMYR_RET
2023-10-31,0.08071105903832448,-0.0378999475905491,val,JPYMYR_RET
2023-11-01,-1.453406136968443,-0.016442830878728554,val,JPYMYR_RET
2023-11-02,0.6652661176224506,0.21504051350875558,val,JPYMYR_RET
2023-11-03,-0.36843977140219714,-0.07420244962433525,val,JPYMYR_RET
2023-11-06,0.21329372987665407,0.04348390857249165,val,JPYMYR_RET
2023-11-07,-2.348127472724992,-0.025458772337085822,val,JPYMYR_RET
2023-11-08,-0.27098419505885124,0.3460022187341664,val,JPYMYR_RET
2023-11-09,0.726433104751204,0.0805146559223382,val,JPYMYR_RET
2023-11-10,-0.1352952939555074,-0.10353527822240256,val,JPYMYR_RET
2023-11-13,-0.07925230744340697,0.007721046373434265,val,JPYMYR_RET
2023-11-14,0.22377773962148256,0.014115304884401852,val,JPYMYR_RET
2023-11-15,1.012620004263623,-0.03196630133074496,val,JPYMYR_RET
2023-11-16,-1.4959180169744966,-0.15461288875786616,val,JPYMYR_RET
2023-11-17,0.33783452238028305,0.20543099025918204,val,JPYMYR_RET
2023-11-20,0.5075734122270686,-0.024718746449870488,val,JPYMYR_RET
2023-11-21,0.8986008146051936,-0.08135925271139455,val,JPYMYR_RET
2023-11-22,-0.12680195919231924,-0.14248890878268078,val,JPYMYR_RET
2023-11-23,-0.33212674411296783,0.0035115009763626026,val,JPYMYR_RET
2023-11-24,-0.09562727581777689,0.051624575931069144,val,JPYMYR_RET
2023-11-27,0.18167834055693777,0.019920333580391275,val,JPYMYR_RET
2023-11-28,0.7295999409471591,-0.025417359173657172,val,JPYMYR_RET
2023-11-29,0.6941241812982931,-0.1117493886541544,val,JPYMYR_RET
2023-11-30,0.01632227923653403,-0.11583873609618542,val,JPYMYR_RET
2023-12-01,-0.940221340336511,-0.014303107672815396,val,JPYMYR_RET
2023-12-04,1.3805258213407454,0.13972550471512135,val,JPYMYR_RET
2023-12-05,-0.6466756864232288,-0.18948672918613085,val,JPYMYR_RET
2023-12-06,-0.07502133984955671,0.0726807997062938,val,JPYMYR_RET
2023-12-07,0.0971505197194732,0.02223217460152238,val,JPYMYR_RET
2023-12-08,2.1119435743317023,-0.013183104879505692,val,JPYMYR_RET
2023-12-11,-0.6909979110477205,-0.3161429785729697,val,JPYMYR_RET
2023-12-12,-0.3825875350488307,0.06677014181938767,val,JPYMYR_RET
2023-12-13,0.5953113628123866,0.06878876359474839,val,JPYMYR_RET
2023-12-14,2.071208284831734,-0.0821015365115012,val,JPYMYR_RET
2023-12-15,-0.2405459233277535,-0.3185980189705896,val,JPYMYR_RET
2023-12-18,-0.02389145228180647,3.918504188666974e-4,val,JPYMYR_RET
2023-12-19,0.17235116183292443,0.0076719915180777365,val,JPYMYR_RET
2023-12-20,-1.017053585647217,-0.025255488089937272,val,JPYMYR_RET
2023-12-21,-0.3021707998262753,0.14849750423789315,val,JPYMYR_RET
2023-12-22,0.9530727496373572,0.062391228508364316,val,JPYMYR_RET
2023-12-25,-0.19126337531633297,-0.13674987268469962,val,JPYMYR_RET
2023-12-26,-0.4276151026037423,0.012178485597519773,val,JPYMYR_RET
2023-12-27,-0.02197249543389293,0.06694595239609102,val,JPYMYR_RET
2023-12-28,0.553929116154471,0.010585964848148888,val,JPYMYR_RET
2023-12-29,-0.4985152014532538,-0.08210759405172435,val,JPYMYR_RET
2024-01-01,0.06673757455774386,0.06475729248852735,val,JPYMYR_RET
2024-01-02,-0.12337810870397838,-0.00141079723047427,val,JPYMYR_RET
2024-01-03,-0.5415793572478406,0.017230242094875448,val,JPYMYR_RET
2024-01-04,-0.5919584713939589,0.08275478358568955,val,JPYMYR_RET
2024-01-05,-0.5343196583446891,0.09740964819672138,val,JPYMYR_RET
2024-01-08,0.4431148860293163,0.08968858525927831,val,JPYMYR_RET
2024-01-09,0.2718961586787765,-0.05684325706884963,val,JPYMYR_RET
2024-01-10,-0.30942153394656896,-0.048066237128546796,val,JPYMYR_RET
2024-01-11,-0.9001927421669103,0.04142411486474906,val,JPYMYR_RET
2024-01-12,0.5270572438473368,0.13933667519260806,val,JPYMYR_RET
2024-01-15,-0.04945296279979003,-0.06308472347945564,val,JPYMYR_RET
2024-01-16,0.03988568419129232,-0.0016511831000469226,val,JPYMYR_RET
2024-01-17,-1.4850314794300878,-0.005093355160220359,val,JPYMYR_RET
2024-01-18,0.9268317670933848,0.2204480158476988,val,JPYMYR_RET
2024-01-19,-0.00675773887551554,-0.11261023468206954,val,JPYMYR_RET
2024-01-22,-0.0589241676860565,-0.014846690395402554,val,JPYMYR_RET
2024-01-23,0.24017302479262276,0.008889755218915385,val,JPYMYR_RET
2024-01-24,-0.07355692745924157,-0.034755361124788234,val,JPYMYR_RET
2024-01-25,0.4990957776164728,0.006845044432992553,val,JPYMYR_RET
2024-01-26,-0.03651844942647031,-0.07306025175036084,val,JPYMYR_RET
2024-01-29,-0.3665063499832608,-0.003098945139735576,val,JPYMYR_RET
2024-01-30,0.6026928397958665,0.055199657921761625,val,JPYMYR_RET
2024-01-31,-0.0702970564346392,-0.0834757434484939,val,JPYMYR_RET
2024-02-01,0.28516812425634136,1.5892330341155114e-4,val,JPYMYR_RET
2024-02-02,0.3418147047314979,-0.04126087854887667,val,JPYMYR_RET
2024-02-05,-1.6146349876711326,-0.05577594039878253,val,JPYMYR_RET
2024-02-06,0.599684668283772,0.23458243468730622,val,JPYMYR_RET
2024-02-07,0.8741927944042632,-0.061679239299444744,val,JPYMYR_RET
2024-02-08,-0.26516340953469614,-0.14042991929543006,val,JPYMYR_RET
2024-02-09,-0.6105376540595188,0.024531850347542017,val,JPYMYR_RET
2024-02-12,-0.04328057316119317,0.09544825561889618,val,JPYMYR_RET
2024-02-13,-0.15941975700956235,0.016887659363889335,val,JPYMYR_RET
2024-02-14,-0.8474673826661354,0.02447886445926095,val,JPYMYR_RET
2024-02-15,0.5175225267425934,0.12891984806510237,val,JPYMYR_RET
2024-02-16,0.2934279099318548,-0.06256678490277906,val,JPYMYR_RET
2024-02-19,-0.10711702897600651,-0.05254514880922035,val,JPYMYR_RET
2024-02-20,0.02722177979407747,0.010931451939691774,val,JPYMYR_RET
2024-02-21,0.46684125932928927,-0.002221309766094026,val,JPYMYR_RET
2024-02-22,-0.35631961594921024,-0.069981122962338,val,JPYMYR_RET
2024-02-23,-0.4509202165082186,0.04507309403297233,val,JPYMYR_RET
2024-02-26,-0.05186754422840341,0.07323942413347138,val,JPYMYR_RET
2024-02-27,-0.00326803630756452,0.015436141272747842,val,JPYMYR_RET
2024-02-28,-0.26746180176354495,0.0013737969743720657,val,JPYMYR_RET
2024-02-29,0.0295263333938782,0.03988259055039913,val,JPYMYR_RET
2024-03-01,-0.14225767892203048,1.7813925730705837e-4,val,JPYMYR_RET
2024-03-04,0.01442583105051894,0.02067800344434331,val,JPYMYR_RET
2024-03-05,-0.7051317569983893,2.851469150528807e-4,val,JPYMYR_RET
2024-03-06,0.520822463801773,0.10475167053687512,val,JPYMYR_RET
2024-03-07,0.4683438342139967,-0.06549273997070071,val,JPYMYR_RET
2024-03-08,0.9430070235424148,-0.07864763975140376,val,JPYMYR_RET
2024-03-11,-0.27738478557144464,-0.14843026313000357,val,JPYMYR_RET
2024-03-12,0.00726546571672659,0.025174657353050894,val,JPYMYR_RET
2024-03-13,-0.7288186788165123,0.003662645442697343,val,JPYMYR_RET
2024-03-14,0.231525081297834,0.10840127177290829,val,JPYMYR_RET
2024-03-15,-0.4562118469059204,-0.02200944429836832,val,JPYMYR_RET
2024-03-18,-0.10252796494777108,0.0639726127639452,val,JPYMYR_RET
2024-03-19,0.17050153577776872,0.023070297201162326,val,JPYMYR_RET
2024-03-20,-0.9635152039561148,-0.023635032239655795,val,JPYMYR_RET
2024-03-21,0.36179386681564774,0.14055694972959665,val,JPYMYR_RET
2024-03-22,-1.1318547405306298,-0.03739290265419526,val,JPYMYR_RET
2024-03-25,0.69711605507641,0.1623517803673803,val,JPYMYR_RET
2024-03-26,-0.3198668375192002,-0.08444506314496081,val,JPYMYR_RET
2024-03-27,-0.1672201141549728,0.03570632659938203,val,JPYMYR_RET
2024-03-28,0.4038973345105096,0.030371244481199766,val,JPYMYR_RET
2024-03-29,-0.10108109843347064,-0.05728256487302329,val,JPYMYR_RET
2024-04-01,-0.15210622154429954,0.008143144996598989,val,JPYMYR_RET
2024-04-02,-0.01496585130348102,0.024378481348488384,val,JPYMYR_RET
2024-04-03,0.5545271173631757,0.004830201593955752,val,JPYMYR_RET
2024-04-04,-0.01652655983154928,-0.08231648495622233,val,JPYMYR_RET
2024-04-05,-0.1358485764356036,-0.007023982611426227,val,JPYMYR_RET
2024-04-08,-0.0939800748579464,0.020511358988912334,val,JPYMYR_RET
2024-04-09,0.00450832205355053,0.016317822822087633,val,JPYMYR_RET
2024-04-10,-0.05129822670943865,9.361620023581457e-4,val,JPYMYR_RET
2024-04-11,-0.7790338237742832,0.007561506211928415,val,JPYMYR_RET
2024-04-12,-0.14894162711600326,0.11688031339637137,val,JPYMYR_RET
2024-04-15,0.40313516849978553,0.035503270697174794,val,JPYMYR_RET
2024-04-16,-0.41173472419097584,-0.057481717398590815,val,JPYMYR_RET
2024-04-17,-0.36043607179656306,0.054414399843833394,val,JPYMYR_RET
2024-04-18,0.5649518431226515,0.06071362907933153,val,JPYMYR_RET
2024-04-19,-0.34063784462103786,-0.07795970784417133,val,JPYMYR_RET
2024-04-22,-0.05076299853282839,0.04105985392720502,val,JPYMYR_RET
2024-04-23,-0.22692442902321935,0.013385347027406402,val,JPYMYR_RET
2024-04-24,0.08645860478070047,0.03465870444621043,val,JPYMYR_RET
2024-04-25,-0.3636595734710718,-0.008992792931201032,val,JPYMYR_RET
2024-04-26,-0.23840116699704797,0.052672299174788634,val,JPYMYR_RET
2024-04-29,-1.8838897036888296,0.04171958831615452,val,JPYMYR_RET
2024-04-30,1.1725184412701757,0.2846003835274862,val,JPYMYR_RET
2024-05-01,-0.8547430460052404,-0.14237222259433857,val,JPYMYR_RET
2024-05-02,1.3926046989501042,0.10722115214942773,val,JPYMYR_RET
2024-05-03,1.344400205149635,-0.1927474079390774,val,JPYMYR_RET
2024-05-06,-0.6454361739129981,-0.22400913949228474,val,JPYMYR_RET
2024-05-07,-0.44655617593631936,0.0731141379740543,val,JPYMYR_RET
2024-05-08,-0.3624350856949955,0.07753477512249063,val,JPYMYR_RET
2024-05-09,-0.33769423735257387,0.06160689663775121,val,JPYMYR_RET
2024-05-10,-0.1813098124858191,0.05648398750995237,val,JPYMYR_RET
2024-05-13,-0.14894472648019158,0.032774214529997625,val,JPYMYR_RET
2024-05-14,-0.4138849286333493,0.0252799844681324,val,JPYMYR_RET
2024-05-15,-0.5295620674118661,0.06417760807374862,val,JPYMYR_RET
2024-05-16,1.2562122318166196,0.08593429879351588,val,JPYMYR_RET
2024-05-17,-1.166578855214409,-0.17799978397658855,val,JPYMYR_RET
2024-05-20,-0.1983591347975077,0.15222386760385806,val,JPYMYR_RET
2024-05-21,-0.4694478259245356,0.049490588138394465,val,JPYMYR_RET
2024-05-22,0.2575260946361484,0.07329646903191661,val,JPYMYR_RET
2024-05-23,-0.2894908115243513,-0.030317552611915433,val,JPYMYR_RET
2024-05-24,0.08401655823228348,0.0387021010289109,val,JPYMYR_RET
2024-05-27,0.21440707947154308,-0.007558992992063446,val,JPYMYR_RET
2024-05-28,-0.2924649117905478,-0.033363579054879855,val,JPYMYR_RET
2024-05-29,-0.33369907543550215,0.03988249025061541,val,JPYMYR_RET
2024-05-30,0.0293120023023709,0.0546922813556689,val,JPYMYR_RET
2024-05-31,0.3845508450967994,0.0013430074054661678,val,JPYMYR_RET
2024-06-03,-0.08072368249019686,-0.05776333082881679,val,JPYMYR_RET
2024-06-04,0.70485049270663,0.005442712974178865,val,JPYMYR_RET
2024-06-05,0.5054940771586325,-0.10357579947708273,val,JPYMYR_RET
2024-06-06,-0.6027586082577252,-0.08732723782823504,val,JPYMYR_RET
2024-06-07,0.0743260869706172,0.08110822645083074,val,JPYMYR_RET
2024-06-10,-0.8015872333733314,-7.577455742675543e-4,val,JPYMYR_RET
2024-06-11,0.5059285426891917,0.11808991723401452,val,JPYMYR_RET
2024-06-12,-0.07318128705300415,-0.06162512528646844,val,JPYMYR_RET
2024-06-13,0.15191595710904784,0.002243504082713066,val,JPYMYR_RET
2024-06-14,-0.42128621209990186,-0.0213694854329613,val,JPYMYR_RET
2024-06-17,-0.01094654609618327,0.06013364411214024,val,JPYMYR_RET
2024-06-18,-0.0870925368916696,0.008835881516866359,val,JPYMYR_RET
2024-06-19,-0.2250402203806877,0.01315584438343484,val,JPYMYR_RET
2024-06-20,-0.22500838926078912,0.0349995315092492,val,JPYMYR_RET
2024-06-21,-0.5290997961928797,0.037354312596093675,val,JPYMYR_RET
2024-06-24,-0.5303715070630264,0.08263483216753242,val,JPYMYR_RET
2024-06-25,0.07768097089467636,0.08802551763574423,val,JPYMYR_RET
2024-06-26,-0.14876146182259786,-0.002495450674114552,val,JPYMYR_RET
2024-06-27,-0.4138214247481053,0.020822797185083508,val,JPYMYR_RET
2024-06-28,0.10743047266639444,0.06416501731475528,val,JPYMYR_RET
2024-07-01,-0.17922500316586823,-0.008918859295219933,val,JPYMYR_RET
2024-07-02,-0.47077977246494834,0.024850154948195702,val,JPYMYR_RET
2024-07-03,0.13224545038860389,0.07316752495964038,val,JPYMYR_RET
2024-07-04,-0.1148307635855013,-0.01163971882902852,val,JPYMYR_RET
2024-07-05,0.00364522287641177,0.014837013323525702,val,JPYMYR_RET
2024-07-08,0.4684633125009752,0.001421322547398074,val,JPYMYR_RET
2024-07-09,-0.13623488876780537,-0.06981939224047196,val,JPYMYR_RET
2024-07-10,-0.35798491030994617,0.012273392322419974,val,JPYMYR_RET
2024-07-11,-0.3198193285450365,0.05563635967865249,val,JPYMYR_RET
2024-07-12,1.9490086418251504,0.05374618677872567,val,JPYMYR_RET
2024-07-15,-0.5517214860798708,-0.2847489289842105,val,JPYMYR_RET
2024-07-16,0.1515547502739385,0.04881794759809448,val,JPYMYR_RET
2024-07-17,-0.03574096368810166,-0.013130526799199703,val,JPYMYR_RET
2024-07-18,1.4288323845898687,0.0027297848518736956,val,JPYMYR_RET
2024-07-19,-0.8501679299879809,-0.21215052128978806,val,JPYMYR_RET
2024-07-22,0.25487228704378423,0.10215577733877296,val,JPYMYR_RET
2024-07-23,0.33360943966677137,-0.023410371865705826,val,JPYMYR_RET
2024-07-24,0.5517214252256973,-0.054035932415238075,val,JPYMYR_RET
2024-07-25,1.062535313758618,-0.08786089317554491,val,JPYMYR_RET
2024-07-26,-0.07749095314279923,-0.16765488295783615,val,JPYMYR_RET
2024-07-29,-0.4052462863134782,-0.00663521983085652,val,JPYMYR_RET
2024-07-30,-0.19949182470472865,0.06166908321361819,val,JPYMYR_RET
2024-07-31,0.40237673149940606,0.036637068440934895,val,JPYMYR_RET
2024-08-01,1.327250620601718,-0.05650414756363342,val,JPYMYR_RET
2024-08-02,-0.1935798330437916,-0.20451814500525903,val,JPYMYR_RET
2024-08-05,0.875973444194607,0.0061233090313682625,val,JPYMYR_RET
2024-08-06,-1.7674412188599342,-0.12712670624366407,val,JPYMYR_RET
2024-08-07,1.830219243371812,0.24819971595812906,val,JPYMYR_RET
2024-08-08,-0.45525490446880296,-0.24229966962627172,val,JPYMYR_RET
2024-08-09,-1.5425199008450758,0.03648531437469127,val,JPYMYR_RET
2024-08-12,-0.7441035102860549,0.2374775056774725,val,JPYMYR_RET
2024-08-13,0.7958761422103732,0.13718552152916008,val,JPYMYR_RET
2024-08-14,0.00748526967278022,-0.10578331834495264,val,JPYMYR_RET
2024-08-15,-1.014656187216454,-0.014727635651238358,val,JPYMYR_RET
2024-08-16,-0.9486531594616816,0.15096045941535086,val,JPYMYR_RET
2024-08-19,0.5968364772439536,0.15861538616202997,val,JPYMYR_RET
2024-08-20,-0.16953930712656837,-0.07264638728404846,test,JPYMYR_RET
2024-08-21,0.8687637205274166,0.015036869276152665,test,JPYMYR_RET
2024-08-22,0.0204429854781751,-0.12646433471033228,test,JPYMYR_RET
2024-08-23,-0.3444544964809235,-0.017903821342527493,test,JPYMYR_RET
2024-08-26,1.2093589100610045,0.050941707813368264,test,JPYMYR_RET
2024-08-27,-0.9080350485245688,-0.1741892042269736,test,JPYMYR_RET
2024-08-28,0.1679011967132019,0.11452651975118061,test,JPYMYR_RET
2024-08-29,-0.26001229453588565,-0.009470060458850404,test,JPYMYR_RET
2024-08-30,-1.0903511985103105,0.035845555845055443,test,JPYMYR_RET
2024-09-02,-0.6878526129608261,0.16680730995147308,test,JPYMYR_RET
2024-09-03,0.4358236816709664,0.12107531758377099,test,JPYMYR_RET
2024-09-04,1.1096099950224712,-0.053131453682564,test,JPYMYR_RET
2024-09-05,0.945970268671532,-0.17268222136210476,test,JPYMYR_RET
2024-09-06,-0.2788171410548348,-0.15984002118447085,test,JPYMYR_RET
2024-09-09,0.7499548412304188,0.02533725910095641,test,JPYMYR_RET
2024-09-10,0.09125243601407627,-0.10690382982806991,test,JPYMYR_RET
2024-09-11,0.12036194450894112,-0.026415618151144862,test,JPYMYR_RET
2024-09-12,-0.2845801264725214,-0.01948345102189969,test,JPYMYR_RET
2024-09-13,0.5949111910376861,0.0403169891103794,test,JPYMYR_RET
2024-09-16,-0.1584360295933325,-0.08371831250811634,test,JPYMYR_RET
2024-09-17,-0.01162489912716444,0.013416454558555318,test,JPYMYR_RET
2024-09-18,-1.7308266341177103,0.0044409814131016745,test,JPYMYR_RET
2024-09-19,-0.9586190978940708,0.25792947340407835,test,JPYMYR_RET
2024-09-20,-0.8134533968079126,0.17234908546134398,test,JPYMYR_RET
2024-09-23,-1.012928393522572,0.13752483314269615,test,JPYMYR_RET
2024-09-24,0.2068826764241972,0.16474489477319154,test,JPYMYR_RET
2024-09-25,-0.738479995313593,-0.013480496140164,test,JPYMYR_RET
2024-09-26,-1.7153511456722466,0.10642555565771894,test,JPYMYR_RET
2024-09-27,0.00689766059334552,0.26805754434729606,test,JPYMYR_RET
2024-09-30,1.0846391943294766,0.02831305508534343,test,JPYMYR_RET
2024-10-01,-0.586462505532443,-0.16162736802980215,test,JPYMYR_RET
2024-10-02,0.9597788404719736,0.06877567167358911,test,JPYMYR_RET
2024-10-03,-1.74467277719466,-0.13288579375828635,test,JPYMYR_RET
2024-10-04,0.9328239194052128,0.24337590998246683,test,JPYMYR_RET
2024-10-07,-0.960754767902522,-0.10906147792821186,test,JPYMYR_RET
2024-10-08,1.429437325502212,0.12710678959818456,test,JPYMYR_RET
2024-10-09,0.16650268067702342,-0.196418737051719,test,JPYMYR_RET
2024-10-10,-0.4983759692975845,-0.049243020707571805,test,JPYMYR_RET
2024-10-11,0.24789284591401195,0.07136328078380894,test,JPYMYR_RET
2024-10-14,-0.4810961775190464,-0.028388302825317346,test,JPYMYR_RET
2024-10-15,0.00836040229059429,0.06739807945931955,test,JPYMYR_RET
2024-10-16,0.6844556477576628,0.006983976511418688,test,JPYMYR_RET
2024-10-17,-0.6798604931748541,-0.10206261810983186,test,JPYMYR_RET
2024-10-18,0.03394164340636238,0.08952812565998373,test,JPYMYR_RET
2024-10-21,0.03151688828173763,0.006574530502750704,test,JPYMYR_RET
2024-10-22,-0.5183542826323633,-0.005273610326430145,test,JPYMYR_RET
2024-10-23,0.1683057382973829,0.07664703279393827,test,JPYMYR_RET
2024-10-24,-0.5199796149496884,-0.01619557908778213,test,JPYMYR_RET
2024-10-25,0.4403512512532009,0.0745493549715997,test,JPYMYR_RET
2024-10-28,-0.8248434960084801,-0.056677013735320525,test,JPYMYR_RET
2024-10-29,0.3346736858743189,0.11529225291643827,test,JPYMYR_RET
2024-10-30,0.23582356103099217,-0.03572644738952474,test,JPYMYR_RET
2024-10-31,0.15542335538758467,-0.040839979058423875,test,JPYMYR_RET
2024-11-01,0.6580824052220565,-0.027177120151846035,test,JPYMYR_RET
2024-11-04,-0.06459444779863566,-0.10065091426187311,test,JPYMYR_RET
2024-11-05,-0.12998205726265705,-0.0016376386085179828,test,JPYMYR_RET
2024-11-06,-0.19266193377658908,0.020459973897420936,test,JPYMYR_RET
2024-11-07,-0.479282893810999,0.03091180945695482,test,JPYMYR_RET
2024-11-08,0.5936006579474999,0.07466352302868873,test,JPYMYR_RET
2024-11-11,-0.10464395145933912,-0.08019288002320987,test,JPYMYR_RET
2024-11-12,0.3292701028842228,0.005428902208323039,test,JPYMYR_RET
2024-11-13,-0.23130354751903312,-0.04724044681525463,test,JPYMYR_RET
2024-11-14,-0.13906863011311452,0.0288105200732231,test,JPYMYR_RET
2024-11-15,-0.00558911489510908,0.024664489471092985,test,JPYMYR_RET
2024-11-18,0.8914315559362196,0.0032109473990593607,test,JPYMYR_RET
2024-11-19,0.19363968511589447,-0.13264399343224487,test,JPYMYR_RET
2024-11-20,-0.2509307999681619,-0.04408158674070323,test,JPYMYR_RET
2024-11-21,-0.32748069161289567,0.03405302294796325,test,JPYMYR_RET
2024-11-22,0.5503850476456861,0.05305590745675004,test,JPYMYR_RET
2024-11-25,0.1139015299324342,-0.07635430726229346,test,JPYMYR_RET
2024-11-26,-0.24000920605064643,-0.026374672302983015,test,JPYMYR_RET
2024-11-27,0.744939221198589,0.033790609302456254,test,JPYMYR_RET
2024-11-28,0.7058351063650465,-0.1068207622899775,test,JPYMYR_RET
2024-11-29,0.21972080494133103,-0.11784493435930257,test,JPYMYR_RET
2024-12-02,0.8476435237345512,-0.04479069700355398,test,JPYMYR_RET
2024-12-03,0.5975915360408022,-0.12997749353739674,test,JPYMYR_RET
2024-12-04,0.1311613719225597,-0.10348350881730187,test,JPYMYR_RET
2024-12-05,-1.0053929934463592,-0.029752209574770982,test,JPYMYR_RET
2024-12-06,-0.3239902633156151,0.14746570018777588,test,JPYMYR_RET
2024-12-09,-0.06305487192115192,0.06544083146020871,test,JPYMYR_RET
2024-12-10,-0.801156949884378,0.014930933973015037,test,JPYMYR_RET
2024-12-11,-0.2066602795338252,0.12037567281497502,test,JPYMYR_RET
2024-12-12,-0.152583476584854,0.04447633402943879,test,JPYMYR_RET
2024-12-13,-0.12287772599682688,0.02625542264283838,test,JPYMYR_RET
2024-12-16,-0.2844799164792116,0.020907100683638824,test,JPYMYR_RET
2024-12-17,-0.3554666990921888,0.0444625509756324,test,JPYMYR_RET
2024-12-18,0.648254780753335,0.057797034148425075,test,JPYMYR_RET
2024-12-19,-0.37891326923363994,-0.09044902146263312,test,JPYMYR_RET
2024-12-20,-1.368210527001805,0.045334446006934925,test,JPYMYR_RET
2024-12-23,0.7627471780680188,0.21021599482897224,test,JPYMYR_RET
2024-12-24,-0.8032326206019144,-0.0901751987909235,test,JPYMYR_RET
2024-12-25,-0.02997065649276424,0.10655985290710503,test,JPYMYR_RET
2024-12-26,-0.01654848359844356,0.01820167541069098,test,JPYMYR_RET
2024-12-27,-0.7928208155104368,0.0029768020364520087,test,JPYMYR_RET
2024-12-30,-0.02325106623920575,0.11833890483526957,test,JPYMYR_RET
2024-12-31,0.4121521948033169,0.017022999137525696,test,JPYMYR_RET
2025-01-01,0,-0.06097427702131851,test,JPYMYR_RET
2025-01-02,-0.2921811671027634,-0.007049641627107361,test,JPYMYR_RET
2025-01-03,0.5058632710343206,0.04350755671835438,test,JPYMYR_RET
2025-01-06,0.25847773132444496,-0.07032852273237516,test,JPYMYR_RET
2025-01-07,0.11132616032473762,-0.04714142888389698,test,JPYMYR_RET
2025-01-08,-0.8679118213541904,-0.020998266419549383,test,JPYMYR_RET
2025-01-09,0.361691952008195,0.12733318629850932,test,JPYMYR_RET
2025-01-10,0.10218328868899391,-0.03901297135985342,test,JPYMYR_RET
2025-01-13,-0.04261171274371494,-0.021402260838084136,test,JPYMYR_RET
2025-01-14,0.6317512192315934,0.00459735356294011,test,JPYMYR_RET
2025-01-15,-0.5459778278882341,-0.09334275683843885,test,JPYMYR_RET
2025-01-16,1.0088647606261087,0.07049366164583304,test,JPYMYR_RET
2025-01-17,0.6548120733100661,-0.140887455100973,test,JPYMYR_RET
2025-01-20,-0.5318875136672202,-0.1147615981425048,test,JPYMYR_RET
2025-01-21,0.3894568209170423,0.06800108446704572,test,JPYMYR_RET
2025-01-22,-0.7392564150355205,-0.048894844637374923,test,JPYMYR_RET
2025-01-23,-1.3137240006033917,0.10341833673789469,test,JPYMYR_RET
2025-01-24,0.37390933586283015,0.2082660946436583,test,JPYMYR_RET
2025-01-27,-1.2450238423978783,-0.03320683672669822,test,JPYMYR_RET
2025-01-28,0.5604357888635332,0.17899612085486033,test,JPYMYR_RET
2025-01-29,-0.09931439720918148,-0.062156841773878396,test,JPYMYR_RET
2025-01-30,0.19341881117749193,0.005202566343999404,test,JPYMYR_RET
2025-01-31,0.6939003244346277,-0.027102520582563905,test,JPYMYR_RET
2025-02-03,0.6524079151734313,-0.10663431259063638,test,JPYMYR_RET
2025-02-04,0.43422337787676224,-0.10901630705597343,test,JPYMYR_RET
2025-02-05,0.11327785664497143,-0.075817594203808,test,JPYMYR_RET
2025-02-06,0.5103896629904203,-0.024294920662034647,test,JPYMYR_RET
2025-02-07,0.9867797681724224,-0.07793768862037509,test,JPYMYR_RET
2025-02-10,-0.0810989548131574,-0.15566746290215333,test,JPYMYR_RET
2025-02-11,0.7198194535765824,-0.004802208526063723,test,JPYMYR_RET
2025-02-12,-0.6436818026066539,-0.105798350159922,test,JPYMYR_RET
2025-02-13,-0.9428991809038824,0.08353601923474308,test,JPYMYR_RET
2025-02-14,0.21593018962378124,0.151413266352324,test,JPYMYR_RET
2025-02-17,0.3990440202036208,-0.01602553802154949,test,JPYMYR_RET
2025-02-18,0.3703003133830379,-0.0631134566692611,test,JPYMYR_RET
2025-02-19,-0.06188773746076471,-0.06196540711088537,test,JPYMYR_RET
2025-02-20,0.37900977801116614,0.002881673628943371,test,JPYMYR_RET
2025-02-21,0.9460771459149302,-0.05537830966589263,test,JPYMYR_RET
2025-02-24,-0.24601144647245984,-0.14735941207921596,test,JPYMYR_RET
2025-02-25,-0.4774391225333913,0.0204504631387748,test,JPYMYR_RET
2025-02-26,0.8202705713253942,0.07530148896914135,test,JPYMYR_RET
2025-02-27,0.2628331468923702,-0.11397694846617168,test,JPYMYR_RET
2025-02-28,-0.20002605782429117,-0.05316774458554366,test,JPYMYR_RET
2025-03-03,-0.3363788135110138,0.025289479612375987,test,JPYMYR_RET
2025-03-04,0.9770958932373291,0.053510193807630335,test,JPYMYR_RET
2025-03-05,-0.49862924445453594,-0.13974195551918944,test,JPYMYR_RET
2025-03-06,-0.07276345052540412,0.05753623405344521,test,JPYMYR_RET
2025-03-07,0.5884869566357211,0.019363706351538945,test,JPYMYR_RET
2025-03-10,0.04394465564095026,-0.08638471517007795,test,JPYMYR_RET
2025-03-11,0.5696030430165818,-0.016609379972860272,test,JPYMYR_RET
2025-03-12,-0.8972044267893633,-0.08556901471640455,test,JPYMYR_RET
2025-03-13,0.22473524191311617,0.12385645418899983,test,JPYMYR_RET
2025-03-14,0.4033369430966912,-0.01811824817044483,test,JPYMYR_RET
2025-03-17,-0.2462629518049169,-0.06390330473861186,test,JPYMYR_RET
2025-03-18,-0.5917210691725009,0.029771193086727377,test,JPYMYR_RET
2025-03-19,-0.03759309727681086,0.09232306927181112,test,JPYMYR_RET
2025-03-20,0.33004300371647277,0.01571891197324099,test,JPYMYR_RET
2025-03-21,-0.17303862989813268,-0.048502405259540665,test,JPYMYR_RET
2025-03-24,-0.7813884844920268,0.020121298643292818,test,JPYMYR_RET
2025-03-25,-0.5155610306085636,0.11931324085137829,test,JPYMYR_RET
2025-03-26,0.6382725164356092,0.09013540974378265,test,JPYMYR_RET
2025-03-27,-0.5061779666485281,-0.08622427402251576,test,JPYMYR_RET
2025-03-28,-0.2030726489781212,0.06445567643311126,test,JPYMYR_RET
2025-03-31,0.8864537139344084,0.038896657110235044,test,JPYMYR_RET
2025-04-01,-0.12997462903760304,-0.12852491277738362,test,JPYMYR_RET
2025-04-02,-0.04863237190070208,0.004191700478734392,test,JPYMYR_RET
2025-04-03,2.037598347296319,0.009464802732044308,test,JPYMYR_RET
2025-04-04,0.5991968257042313,-0.3025789831539507,test,JPYMYR_RET
2025-04-07,0.27654062584199013,-0.12407608350467408,test,JPYMYR_RET
2025-04-08,-0.2609343194028736,-0.05142752423230221,test,JPYMYR_RET
2025-04-09,1.3463968701021258,0.034124631961338636,test,JPYMYR_RET
2025-04-10,-0.9485423910401984,-0.19602355947669858,test,JPYMYR_RET
2025-04-11,1.5922187560779524,0.11821434935252784,test,JPYMYR_RET
2025-04-14,-0.6971175543128609,-0.2208667704069528,test,JPYMYR_RET
2025-04-15,0.16127950406377978,0.0765710074989078,test,JPYMYR_RET
2025-04-16,-0.02874650051291196,-0.012091680364211675,test,JPYMYR_RET
2025-04-17,0.8336134821733979,0.001521929968242297,test,JPYMYR_RET
2025-04-18,0,-0.12363843520307521,test,JPYMYR_RET
2025-04-21,0,-0.01425851027592347,test,JPYMYR_RET
2025-04-22,0.675895870804336,0,test,JPYMYR_RET
2025-04-23,-1.6533107460660383,-0.10064501496216738,test,JPYMYR_RET
2025-04-24,-0.37424531860936994,0.23462721218422322,test,JPYMYR_RET
2025-04-25,-0.17052890186935998,0.08400640020730216,test,JPYMYR_RET
2025-04-28,-0.5681363089225742,0.031794057813020915,test,JPYMYR_RET
2025-04-29,0.8308974197869086,0.08751576452139331,test,JPYMYR_RET
2025-04-30,-0.9025300449182048,-0.11400802438196034,test,JPYMYR_RET
2025-05-01,-0.7987444329987378,0.1201801714052293,test,JPYMYR_RET
2025-05-02,-1.5636266041569824,0.1343752056905576,test,JPYMYR_RET
2025-05-05,-0.8312984782874041,0.24649562610153153,test,JPYMYR_RET
2025-05-06,-0.7463466207001016,0.1505304025539831,test,JPYMYR_RET
2025-05-07,1.2031130840930355,0.12535447442079706,test,JPYMYR_RET
2025-05-08,-0.4132446772553075,-0.1663850140321862,test,JPYMYR_RET
2025-05-09,-0.5087022012290312,0.04095604905919714,test,JPYMYR_RET
2025-05-12,0.5123860852127281,0.08281718641592134,test,JPYMYR_RET
2025-05-13,-1.6986564855993411,-0.0675963336834593,test,JPYMYR_RET
2025-05-14,1.1207010928366468,0.24417621614056817,test,JPYMYR_RET
2025-05-15,-0.1582418101993342,-0.13782461814213853,test,JPYMYR_RET
2025-05-16,0.5345559408845412,0.0043941806186851284,test,JPYMYR_RET
2025-05-19,0.5314808416466945,-0.07689199682812575,test,JPYMYR_RET
2025-05-20,0.1060222176192854,-0.08828402873750787,test,JPYMYR_RET
2025-05-21,0.6220224198630999,-0.02487804839615848,test,JPYMYR_RET
2025-05-22,-0.2678188484118018,-0.09443638275244298,test,JPYMYR_RET
2025-05-23,0.04547689578893912,0.029240500015538302,test,JPYMYR_RET
2025-05-26,-0.343929534692009,-0.0021908896161567104,test,JPYMYR_RET
2025-05-27,-0.13569011914710116,0.05043534623114204,test,JPYMYR_RET
2025-05-28,-0.5054744300787236,0.026087815532886638,test,JPYMYR_RET
2025-05-29,-1.2257802693818558,0.07758913017618685,test,JPYMYR_RET
2025-05-30,1.4432383276698224,0.1911720219005606,test,JPYMYR_RET
2025-06-02,0.36359214885155455,-0.19394067173000895,test,JPYMYR_RET
2025-06-03,0.952269664267112,-0.07882690256106817,test,JPYMYR_RET
2025-06-04,-1.2382764367395285,-0.14801780555239974,test,JPYMYR_RET
2025-06-05,0.8183431932462144,0.1680988486629923,test,JPYMYR_RET
2025-06-06,-0.9790506200327396,-0.10067623705864848,test,JPYMYR_RET
2025-06-09,-0.8446006522299898,0.131789284749949,test,JPYMYR_RET
2025-06-10,0.1754023563327054,0.14251231952506596,test,JPYMYR_RET
2025-06-11,-0.08778114851841003,-0.011672040080268245,test,JPYMYR_RET
2025-06-12,0.44647748272970395,0.010070985098675322,test,JPYMYR_RET
2025-06-13,0.351946052344409,-0.06498176926544708,test,JPYMYR_RET
2025-06-16,-0.04537860010946088,-0.06004366963289242,test,JPYMYR_RET
2025-06-17,-0.5125345200004875,7.373022126320183e-4,test,JPYMYR_RET
2025-06-18,-0.5994623341653307,0.07709569063751098,test,JPYMYR_RET
2025-06-19,0.6319419283185811,0.09803022278166951,test,JPYMYR_RET
2025-06-20,0.04211402478520762,-0.08384652419167796,test,JPYMYR_RET
2025-06-23,-0.8078723361185344,-0.017080061799709667,test,JPYMYR_RET
2025-06-24,0.7888082841555776,0.11957677734175487,test,JPYMYR_RET
2025-06-25,-0.3663532501543239,-0.10364013973024827,test,JPYMYR_RET
2025-06-26,0.09560167068640654,0.041060090525967013,test,JPYMYR_RET
2025-06-27,-0.09132298277496624,-0.007969396177047353,test,JPYMYR_RET
2025-06-30,0.12240334988716486,0.011963333617399638,test,JPYMYR_RET
2025-07-01,0.10616267090103931,-0.016664574380634983,test,JPYMYR_RET
2025-07-02,-0.06788143258310347,-0.017901912260728944,test,JPYMYR_RET
2025-07-03,0.6616469255685649,0.008292103681437846,test,JPYMYR_RET
2025-07-04,-0.9561224765950862,-0.09736218476860081,test,JPYMYR_RET
2025-07-07,0.091717246499766,0.1310553498215278,test,JPYMYR_RET
2025-07-08,-0.6051508181539142,0.0026967036878484674,test,JPYMYR_RET
2025-07-09,-0.5357845101595116,0.0885418712353,test,JPYMYR_RET
2025-07-10,0.7256570315998511,0.09013235861942026,test,JPYMYR_RET
2025-07-11,0.1513355751429077,-0.09889044922570475,test,JPYMYR_RET
2025-07-14,-0.9092928926130396,-0.034946762827384625,test,JPYMYR_RET
2025-07-15,-0.33685641038676734,0.1328107405172133,test,JPYMYR_RET
2025-07-16,-0.8890839379175909,0.06571293864245242,test,JPYMYR_RET
2025-07-17,0.5697880097306768,0.13815176533460138,test,JPYMYR_RET
2025-07-18,-0.2254792901921508,-0.0696376050991489,test,JPYMYR_RET
2025-07-21,-0.12222874080889012,0.02382932321605377,test,JPYMYR_RET
2025-07-22,0.5256888517860502,0.022057306520079423,test,JPYMYR_RET
2025-07-23,0.32967224386755256,-0.07618761739690416,test,JPYMYR_RET
2025-07-24,0.202844066283668,-0.05808183165076983,test,JPYMYR_RET
2025-07-25,-0.7435379433369792,-0.03584358429444723,test,JPYMYR_RET
2025-07-28,-0.3939569998397653,0.10724779320259203,test,JPYMYR_RET
2025-07-29,-0.22463816299851483,0.071380415197668,test,JPYMYR_RET
2025-07-30,0.11948007779554223,0.04018841431428298,test,JPYMYR_RET
2025-07-31,-0.2907778198133864,-0.013948996890193244,test,JPYMYR_RET
2025-08-01,-0.5603741377410383,0.04125494728158241,test,JPYMYR_RET
2025-08-04,2.59338919681586,0.08841672298834835,test,JPYMYR_RET
2025-08-05,-0.6015257967848033,-0.3765865606905521,test,JPYMYR_RET
2025-08-06,-0.7221266817295968,0.045212330204788764,test,JPYMYR_RET
2025-08-07,0.1069114164177464,0.11781783973986176,test,JPYMYR_RET
2025-08-08,0.44341302884548967,-0.003568173049028789,test,JPYMYR_RET
2025-08-11,-0.31356189061073675,-0.06785556501632947,test,JPYMYR_RET
2025-08-12,-0.46519442030630515,0.03910693539037552,test,JPYMYR_RET
2025-08-13,0.15349587748848037,0.07463359218898072,test,JPYMYR_RET
2025-08-14,-0.10092939974734036,-0.014899571397025468,test,JPYMYR_RET
2025-08-15,-0.20916243646529664,0.012403538388236962,test,JPYMYR_RET
2025-08-18,0.24202997002147833,0.03287190480148641,test,JPYMYR_RET
2025-08-19,-0.2163872724708767,-0.03246212680218846,test,JPYMYR_RET
2025-08-20,0.1370000427210006,0.028081591351983626,test,JPYMYR_RET
2025-08-21,0.3510114490668634,-0.01669895350228423,test,JPYMYR_RET
2025-08-22,-0.757866471910684,-0.05461105634095442,test,JPYMYR_RET
2025-08-25,0.8633178851710779,0.10684707504948254,test,JPYMYR_RET
2025-08-26,-0.8859773904102537,-0.1155903968940355,test,JPYMYR_RET
2025-08-27,0.469500920799626,0.11716084563140516,test,JPYMYR_RET
2025-08-28,0.5134369186002044,-0.054757382100085294,test,JPYMYR_RET
2025-08-29,-0.22290700073926145,-0.08448444748200484,test,JPYMYR_RET
2025-09-01,0.14694053048906383,0.024410148744463442,test,JPYMYR_RET
2025-09-02,0.00883842824690167,-0.018067636275800394,test,JPYMYR_RET
2025-09-03,-0.9004800536172398,-0.003829434584975422,test,JPYMYR_RET
2025-09-04,0.3523454241875248,0.13393579213308157,test,JPYMYR_RET
2025-09-05,-0.354182342044146,-0.037064154300399055,test,JPYMYR_RET
2025-09-08,-0.06915905324411797,0.0467132306027328,test,JPYMYR_RET
2025-09-09,0.6035198218243555,0.01635630304757485,test,JPYMYR_RET
2025-09-10,-0.2922151892253226,-0.08868485170370813,test,JPYMYR_RET
2025-09-11,0.25459997669674744,0.03318974085442222,test,JPYMYR_RET
2025-09-12,0.23936533837348165,-0.032913304746043065,test,JPYMYR_RET
2025-09-15,-0.7034837778993582,-0.039997753562989624,test,JPYMYR_RET
2025-09-16,0.21259745498383403,0.10065880710899631,test,JPYMYR_RET
2025-09-17,0.639563757720023,-0.01962434522482759,test,JPYMYR_RET
2025-09-18,-0.7193463623576353,-0.09887130699583646,test,JPYMYR_RET
2025-09-19,-0.5373160010854083,0.09617566389537324,test,JPYMYR_RET
2025-09-22,0.23331007265224363,0.0923136603198027,test,JPYMYR_RET
2025-09-23,0.07173267523931379,-0.025550790699139278,test,JPYMYR_RET
2025-09-24,-0.01943159810398607,-0.014672075889660342,test,JPYMYR_RET
2025-09-25,-0.5537224754514953,0.001666534568955269,test,JPYMYR_RET
2025-09-26,-0.5652289580665892,0.08278501874339494,test,JPYMYR_RET
2025-09-29,0.42336830031008144,0.09363716224344965,test,JPYMYR_RET
2025-09-30,0.4249971745936454,-0.05337418314555614,test,JPYMYR_RET
2025-10-01,0.2488253275843676,-0.07052615686889685,test,JPYMYR_RET
2025-10-02,0.5957193583412136,-0.04432095604458486,test,JPYMYR_RET
2025-10-03,-0.09311334611309632,-0.09296226695947371,test,JPYMYR_RET
2025-10-06,-1.4295011295816795,0.0036756855588275794,test,JPYMYR_RET
2025-10-07,-0.4834296970552339,0.21445408516359626,test,JPYMYR_RET
2025-10-08,-1.149521914654238,0.09643647655129306,test,JPYMYR_RET
2025-10-09,-0.37721299894173,0.17943962476059527,test,JPYMYR_RET
2025-10-10,-0.18649332065418417,0.07583126888575381,test,JPYMYR_RET
2025-10-13,0.6909164192283888,0.03422201765426769,test,JPYMYR_RET
2025-10-14,-0.08245128115704038,-0.0996917982281495,test,JPYMYR_RET
2025-10-15,0.545067220022001,4.597445709189074e-4,test,JPYMYR_RET
2025-10-16,0.5356237248252166,-0.0797535465986342,test,JPYMYR_RET
2025-10-17,0.4608187117170317,-0.08908071907141157,test,JPYMYR_RET
2025-10-20,-0.5537506926424451,-0.07778027075294536,test,JPYMYR_RET
2025-10-21,0.08352846469821298,0.07457479719537964,test,JPYMYR_RET
2025-10-22,-0.6684199658421968,-0.002966289748319806,test,JPYMYR_RET
2025-10-23,-0.0164890712922095,0.09810309768017786,test,JPYMYR_RET
2025-10-24,-0.44920060568100634,0.013888287245502173,test,JPYMYR_RET
2025-10-27,-0.4187046689604702,0.0671707449021125,test,JPYMYR_RET
2025-10-28,-0.1193410899053192,0.07003101211545933,test,JPYMYR_RET
2025-10-29,0.39810478521327203,0.024932333882135616,test,JPYMYR_RET
2025-10-30,-0.865694689364717,-0.05723896393458339,test,JPYMYR_RET
2025-10-31,-0.5298457846609592,0.12209784768862819,test,JPYMYR_RET
2025-11-03,-0.47780402420572926,0.09370450898480093,test,JPYMYR_RET
2025-11-04,0.26855005535248705,0.08021065875437217,test,JPYMYR_RET
2025-11-05,0.49189781315282527,-0.03181615927966758,test,JPYMYR_RET
2025-11-06,-0.5977032224166988,-0.07783998691578031,test,JPYMYR_RET
2025-11-07,0.5177654365819259,0.08058800546835748,test,JPYMYR_RET
2025-11-10,-0.7221789816202073,-0.0668750372905802,test,JPYMYR_RET
2025-11-11,-0.5977732363389592,0.09868075294638878,test,JPYMYR_RET
2025-11-12,-0.496579493025675,0.1013645615840913,test,JPYMYR_RET
2025-11-13,-0.4616167270230426,0.08416830303208533,test,JPYMYR_RET
2025-11-14,-0.10566570660421708,0.07723126951012811,test,JPYMYR_RET
2025-11-17,0.11582019341231756,0.023629973626869888,test,JPYMYR_RET
2025-11-18,-0.05741182091619055,-0.015438977677856465,test,JPYMYR_RET
2025-11-19,0.19140107572378723,0.006567927960119541,test,JPYMYR_RET
2025-11-20,-1.2441820211506551,-0.027518788506085468,test,JPYMYR_RET
2025-11-21,-0.09530651864481292,0.18199247417248748,test,JPYMYR_RET
2025-11-24,0.6981385353913344,0.03547278587148206,test,JPYMYR_RET
2025-11-25,-0.8345934383204165,-0.10232691655189208,test,JPYMYR_RET
2025-11-26,0.2471145597512198,0.11233476590446573,test,JPYMYR_RET
2025-11-27,0.1757410936895954,-0.02252159228968917,test,JPYMYR_RET
2025-11-28,-0.2224166609152306,-0.030395681688614062,test,JPYMYR_RET
2025-12-01,0.2764979931732614,0.03011323962034282,test,JPYMYR_RET
2025-12-02,0.2018760933876589,-0.03736791916221974,test,JPYMYR_RET
2025-12-03,-0.12425443119744475,-0.03478993027034881,test,JPYMYR_RET
2025-12-04,0.20786398917678828,0.015049260171657725,test,JPYMYR_RET
2025-12-05,-0.1561453232528855,-0.028826909766553166,test,JPYMYR_RET
2025-12-08,-0.273475574254526,0.019695588646756468,test,JPYMYR_RET
2025-12-09,-0.23877038493844957,0.04339296170240556,test,JPYMYR_RET
2025-12-10,-0.6114796356697989,0.04023201831457568,test,JPYMYR_RET
2025-12-11,0.7312163818669477,0.09513708393140474,test,JPYMYR_RET
2025-12-12,-0.03916953554138414,-0.0984235459552156,test,JPYMYR_RET
2025-12-15,-0.5279657027744535,-0.006674480353878631,test,JPYMYR_RET
2025-12-16,0.5176228042751982,0.07928728510044275,test,JPYMYR_RET
2025-12-17,-0.06712031869969312,-0.06804662123774552,test,JPYMYR_RET
2025-12-18,-0.4132153352820712,0.0011409648963995878,test,JPYMYR_RET
2025-12-19,-0.15645564358670064,0.06267833905433737,test,JPYMYR_RET
2025-12-22,-1.518258799539988,0.030365025049974737,test,JPYMYR_RET
2025-12-23,0.5276566775145491,0.2287540791578283,test,JPYMYR_RET
2025-12-24,0.10864727726137784,-0.052602295305126515,test,JPYMYR_RET
2025-12-25,0,-0.02520352550667974,test,JPYMYR_RET
2025-12-26,-0.41382610711800893,-0.001858353244531874,test,JPYMYR_RET
2025-12-29,-0.1521380909213597,0.06162122975106113,test,JPYMYR_RET
2025-12-30,0.5718456191880326,0.029732562065021062,test,JPYMYR_RET
2025-12-31,-0.5645991550955105,-0.08254905805544333,test,JPYMYR_RET
2026-01-01,0,0.07429114384000843,test,JPYMYR_RET
2026-01-02,-0.01787202203968336,0.009657164893396616,test,JPYMYR_RET
2026-01-05,-0.18915249658902225,0.002661253017343601,test,JPYMYR_RET
2026-01-06,0.6747875985521771,0.028471651011481414,test,JPYMYR_RET
2026-01-07,-0.67541129148557,-0.09724463474499234,test,JPYMYR_RET
2026-01-08,1.1108851108964102,0.0890309791911148,test,JPYMYR_RET
2026-01-09,-0.9544597182105696,-0.15386501732005198,test,JPYMYR_RET
2026-01-12,0.07823865649524218,0.1231237774137102,test,JPYMYR_RET
2026-01-13,-0.6452037947365634,0.00467530730789989,test,JPYMYR_RET
2026-01-14,-0.8631817709118951,0.09473654761696348,test,JPYMYR_RET
2026-01-15,0.25483376345515396,0.13956889095847458,test,JPYMYR_RET
2026-01-16,0.01342525899170622,-0.023182040718687028,test,JPYMYR_RET
2026-01-19,0.7452412833128664,-0.00635789736346648,test,JPYMYR_RET
2026-01-20,-0.46837195629584993,-0.11120060140157761,test,JPYMYR_RET
2026-01-21,-0.00284893536415942,0.05699648782483718,test,JPYMYR_RET
2026-01-22,-0.3833331519671368,0.008435474252033004,test,JPYMYR_RET
2026-01-23,-0.1892707937630055,0.057129372372057396,test,JPYMYR_RET
2026-01-26,1.2683793933575978,0.03474028225568904,test,JPYMYR_RET
2026-01-27,-0.46792170142942546,-0.18563204771197278,test,JPYMYR_RET
2026-01-28,0.8736686585064997,0.04798144611426647,test,JPYMYR_RET
2026-01-29,-1.2472690275814784,-0.12209103949498545,test,JPYMYR_RET
2026-01-30,0.17368465428297025,0.17078232818214054,test,JPYMYR_RET
2026-02-02,-0.9543769679754504,-0.004528837779122941,test,JPYMYR_RET
2026-02-03,0.42697344083278166,0.13914176516155663,test,JPYMYR_RET
2026-02-04,-1.0523348520811395,-0.04725484312718797,test,JPYMYR_RET
2026-02-05,-0.7277586847889971,0.14939592271986812,test,JPYMYR_RET
2026-02-06,0.4987531766042071,0.12636732575953374,test,JPYMYR_RET
2026-02-09,-0.31325213452414713,-0.061819467157115726,test,JPYMYR_RET
2026-02-10,0.2014334173546906,0.03811424735682212,test,JPYMYR_RET
2026-02-11,0.9349611798049048,-0.024636654357813148,test,JPYMYR_RET
2026-02-12,0.5967878916604281,-0.14266682882575277,test,JPYMYR_RET
2026-02-13,-0.02727209177996782,-0.10485736281622121,test,JPYMYR_RET
2026-02-16,0.15560163535597493,-0.006146755222416728,test,JPYMYR_RET
2026-02-17,-0.7340336581207864,-0.0227035574834209,test,JPYMYR_RET
2026-02-18,0.2999053367434193,0.10664060357521613,test,JPYMYR_RET
2026-02-19,-0.8749126558354084,-0.03210248171726737,test,JPYMYR_RET
2026-02-20,-0.20411022882169572,0.12515010783467662,test,JPYMYR_RET
2026-02-23,0.38194685050666566,0.04535816761780015,test,JPYMYR_RET
2026-02-24,-0.4997247051204868,-0.053383018438683205,test,JPYMYR_RET
2026-02-25,-0.7299236354325157,0.06787905911474323,test,JPYMYR_RET
2026-02-26,-0.2770515820721202,0.1172376007491972,test,JPYMYR_RET
2026-02-27,0.05125111070352176,0.05373962050190263,test,JPYMYR_RET
2026-03-02,-0.32036247652062155,-0.002892784468925158,test,JPYMYR_RET
2026-03-03,0.5034973015299821,0.046827302780131475,test,JPYMYR_RET
2026-03-04,0.16812908429542,-0.06949418931081458,test,JPYMYR_RET
2026-03-05,0.3750986533028089,-0.03364749600175787,test,JPYMYR_RET
2026-03-06,-0.12212131971199168,-0.05873023338503579,test,JPYMYR_RET
2026-03-09,-0.6666445675798632,0.011768748145242758,test,JPYMYR_RET
2026-03-10,0.7962957341181046,0.10135625901641754,test,JPYMYR_RET
2026-03-11,-1.157974651553923,-0.10717069169333415,test,JPYMYR_RET
2026-03-12,-0.8101581232746888,0.1588092735728458,test,JPYMYR_RET
2026-03-13,0.18562643892350883,0.14044401635517756,test,JPYMYR_RET
2026-03-16,0.07822592419699652,-0.013783589230850463,test,JPYMYR_RET
2026-03-17,0.08711629292429705,-0.014823357328301673,test,JPYMYR_RET
2026-03-18,-0.00427628920286834,-0.01431015937949906,test,JPYMYR_RET
2026-03-19,-0.3012502544306136,-8.533118096643588e-4,test,JPYMYR_RET
2026-03-20,1.2667359432071543,0.04493114272735843,test,JPYMYR_RET
2026-03-23,-0.8260898679733867,-0.1834719795176526,test,JPYMYR_RET
2026-03-24,0.11898175688623468,0.10134297959201394,test,JPYMYR_RET
2026-03-25,0.6491604713453837,-0.0035872859304459936,test,JPYMYR_RET
2026-03-26,-0.21661469586934995,-0.09869906998239454,test,JPYMYR_RET
2026-03-27,0.5412486690923329,0.02115170782130882,test,JPYMYR_RET
2026-03-30,0.3179586941361532,-0.07689014803746941,test,JPYMYR_RET
2026-03-31,0.5562242306140046,-0.056603755004562495,test,JPYMYR_RET
2026-04-01,1.2012666601952813,-0.08826369075892138,test,JPYMYR_RET
2026-04-02,-0.6138881705249151,-0.18838984411820459,test,JPYMYR_RET
2026-04-03,-0.5086909276157318,0.07086467028040244,test,JPYMYR_RET
2023-01-04,-0.28549466408142793,0.08260041495124842,val,SGDMYR_RET
2023-01-05,0.2562417842105164,0.16147907195289798,val,SGDMYR_RET
2023-01-06,-0.6906227979643069,-0.04157131051931651,val,SGDMYR_RET
2023-01-09,1.239821264893447,0.28473141264939617,val,SGDMYR_RET
2023-01-10,-0.3837656579030621,-0.4189869187528824,val,SGDMYR_RET
2023-01-11,-0.16254700821267357,-0.015451161504212968,val,SGDMYR_RET
2023-01-12,0.09132787448602254,0.06452925390099926,val,SGDMYR_RET
2023-01-13,0.3025083277224552,-0.011756246220567479,val,SGDMYR_RET
2023-01-16,-0.3693821192639491,-0.13786424931664812,val,SGDMYR_RET
2023-01-17,-0.4463302414032478,0.10156422323777697,val,SGDMYR_RET
2023-01-18,0.24994366371281543,0.2403549917343737,val,SGDMYR_RET
2023-01-19,-0.3177627561524013,-0.004206439967653242,val,SGDMYR_RET
2023-01-20,-0.19025088678464028,0.13755354479484308,val,SGDMYR_RET
2023-01-23,-0.35071210897738014,0.14380402892808908,val,SGDMYR_RET
2023-01-24,0.00395592860121672,0.2169385345344911,val,SGDMYR_RET
2023-01-25,-0.11144282817853518,0.09343301637879783,val,SGDMYR_RET
2023-01-26,0.6305979102673234,0.08987667352582962,val,SGDMYR_RET
2023-01-27,-0.8864632461798783,-0.2372081792663372,val,SGDMYR_RET
2023-01-30,-0.11008161915373456,0.28482072061769775,val,SGDMYR_RET
2023-01-31,-0.1614464877982196,0.17323910850940247,val,SGDMYR_RET
2023-02-01,0.5354877498261811,0.14682271664642232,val,SGDMYR_RET
2023-02-02,0.6713437791211316,-0.17050287394045371,val,SGDMYR_RET
2023-02-03,-0.8918145359395476,-0.3693084314527618,val,SGDMYR_RET
2023-02-06,-0.7888267400074178,0.22921741052332867,val,SGDMYR_RET
2023-02-07,-0.01664142591198081,0.4466042443892273,val,SGDMYR_RET
2023-02-08,1.2010249087377924,0.20322054052723892,val,SGDMYR_RET
2023-02-09,-0.2822379399170449,-0.43772528497965774,val,SGDMYR_RET
2023-02-10,0.37379894808586817,-0.06821050758709507,val,SGDMYR_RET
2023-02-13,0.0971710071031825,-0.19390445773967985,val,SGDMYR_RET
2023-02-14,0.8086048381632235,-0.12769145421504347,val,SGDMYR_RET
2023-02-15,-0.33022941053640975,-0.41074240047843785,val,SGDMYR_RET
2023-02-16,0.45803159817497713,-0.0353201214483978,val,SGDMYR_RET
2023-02-17,0.14637101659877194,-0.21642771764432323,val,SGDMYR_RET
2023-02-20,0.6326312116175777,-0.1591556264898083,val,SGDMYR_RET
2023-02-21,0.0476884132464629,-0.3473477671532526,val,SGDMYR_RET
2023-02-22,-0.27545291856099663,-0.17329782285163586,val,SGDMYR_RET
2023-02-23,0.20520246303605888,0.04481426400417235,val,SGDMYR_RET
2023-02-24,-0.36515046474043633,-0.07036045578204159,val,SGDMYR_RET
2023-02-27,-0.4683058631298539,0.12932098193945796,val,SGDMYR_RET
2023-02-28,1.1274898714909931,0.26217201427831094,val,SGDMYR_RET
2023-03-01,0.1321046895205524,-0.379604978404425,val,SGDMYR_RET
2023-03-02,0.1415203750336729,-0.22448113814234325,val,SGDMYR_RET
2023-03-03,-0.33524254568861667,-0.16056064872242673,val,SGDMYR_RET
2023-03-06,0.17161365037642243,0.07663093645043834,val,SGDMYR_RET
2023-03-07,0.00223325497454284,-0.04166782271754836,val,SGDMYR_RET
2023-03-08,-0.6457717923603209,-0.019258897190586044,val,SGDMYR_RET
2023-03-09,1.1266960554774903,0.27484399178710883,val,SGDMYR_RET
2023-03-10,-0.06783950779874885,-0.3736976898668962,val,SGDMYR_RET
2023-03-13,0.3882288302691955,-0.13417646201453437,val,SGDMYR_RET
2023-03-14,-0.4607586689576525,-0.22917318537086603,val,SGDMYR_RET
2023-03-15,-0.14626735990727804,0.10159388456273724,val,SGDMYR_RET
2023-03-16,-0.4555122470519155,0.10873387342012086,val,SGDMYR_RET
2023-03-17,0.790170778969251,0.2475282748312948,val,SGDMYR_RET
2023-03-20,0.03469891298626366,-0.2380510171466192,val,SGDMYR_RET
2023-03-21,0.2516665118974466,-0.11965225318637279,val,SGDMYR_RET
2023-03-22,-0.2701422133798948,-0.16289326589750072,val,SGDMYR_RET
2023-03-23,0.14553870035315622,0.047048878112941867,val,SGDMYR_RET
2023-03-24,-0.6756395758486664,-0.043206350744895095,val,SGDMYR_RET
2023-03-27,-0.08441536480938458,0.2774411723468584,val,SGDMYR_RET
2023-03-28,-0.09448158002096438,0.15874229547875143,val,SGDMYR_RET
2023-03-29,0.00507869659275499,0.11108639789335623,val,SGDMYR_RET
2023-03-30,0.14317984243738352,0.046504357707975535,val,SGDMYR_RET
2023-03-31,0.10011267480438464,-0.04241042177397743,val,SGDMYR_RET
2023-04-03,-0.6644791704230707,-0.06252324108164486,val,SGDMYR_RET
2023-04-04,0.7344790939326472,0.2640711336919796,val,SGDMYR_RET
2023-04-05,-0.21705249522222517,-0.20636255463816067,val,SGDMYR_RET
2023-04-06,-0.39500448540577177,0.004689553822025183,val,SGDMYR_RET
2023-04-07,-0.17987768023262107,0.175341171876629,val,SGDMYR_RET
2023-04-10,0.30665657533377655,0.1558304194924688,val,SGDMYR_RET
2023-04-11,-0.10209124077788272,-0.06616569755694963,val,SGDMYR_RET
2023-04-12,0.09452714398797536,0.015760122069453195,val,SGDMYR_RET
2023-04-13,0.2377652210738558,-0.03455418538417196,val,SGDMYR_RET
2023-04-14,0.201749402158257,-0.11946338740840032,val,SGDMYR_RET
2023-04-17,-0.7680618395429627,-0.1409123514906344,val,SGDMYR_RET
2023-04-18,0.2862617868574546,0.27512325775329105,val,SGDMYR_RET
2023-04-19,0.4212253675612913,-0.004886344439559875,val,SGDMYR_RET
2023-04-20,-0.30333057368471417,-0.18693030067932473,val,SGDMYR_RET
2023-04-21,0.4138019161648662,0.051063459227352725,val,SGDMYR_RET
2023-04-24,-0.15685122974618257,-0.15912918353004163,val,SGDMYR_RET
2023-04-25,0.10729235763462924,-9.993120906039016e-4,val,SGDMYR_RET
2023-04-26,-0.24075670749769956,-0.04750630835221803,val,SGDMYR_RET
2023-04-27,0.5226888163665251,0.08477672450972723,val,SGDMYR_RET
2023-04-28,0.07471419134586554,-0.19210699142139465,val,SGDMYR_RET
2023-05-01,-0.01862832055154404,-0.11705137999632682,val,SGDMYR_RET
2023-05-02,-0.1602226323025612,-0.04317706267542243,val,SGDMYR_RET
2023-05-03,0.2941175230840677,0.051346543423664875,val,SGDMYR_RET
2023-05-04,0.04825573198553713,-0.10650083287089437,val,SGDMYR_RET
2023-05-05,0.23178842197329577,-0.067889922726776325,val,SGDMYR_RET
2023-05-08,-0.29600203452442286,-0.1314654385321258,val,SGDMYR_RET
2023-05-09,0.06708578974375992,0.07218030975297676,val,SGDMYR_RET
2023-05-10,0.1352402351235237,0.0022349072562873884,val,SGDMYR_RET
2023-05-11,0.22254148651303615,-0.05834790556079575,val,SGDMYR_RET
2023-05-12,-0.1718069641767381,-0.12322294140060916,val,SGDMYR_RET
2023-05-15,-0.25689543019271993,0.02131325126715783,val,SGDMYR_RET
2023-05-16,0.5918687792787222,0.12204694452704823,val,SGDMYR_RET
2023-05-17,-0.3350674195542692,-0.20610542813633576,val,SGDMYR_RET
2023-05-18,0.44241899008746266,0.05657414042613934,val,SGDMYR_RET
2023-05-19,-0.1197129669801987,-0.1692656919099561,val,SGDMYR_RET
2023-05-22,0.3040844723476489,-0.021738209745760073,val,SGDMYR_RET
2023-05-23,0.11034103212455258,-0.1429346582516448,val,SGDMYR_RET
2023-05-24,0.4050368512448545,-0.11110912848293536,val,SGDMYR_RET
2023-05-25,0.31140758810301006,-0.22642729703882836,val,SGDMYR_RET
2023-05-26,0.30691834186830436,-0.23594197006064244,val,SGDMYR_RET
2023-05-29,-0.3947317040715321,-0.2381465669161127,val,SGDMYR_RET
2023-05-30,0.00937396275641033,0.06869209633533231,val,SGDMYR_RET
2023-05-31,0.14027367772813268,0.026022182055446735,val,SGDMYR_RET
2023-06-01,0.2879480451256695,-0.05012081535819202,val,SGDMYR_RET
2023-06-02,0.29020872002537873,-0.14830691567670096,val,SGDMYR_RET
2023-06-05,-1.0729715614219906,-0.19237175915552218,val,SGDMYR_RET
2023-06-06,0.10592967829238537,0.38630899170285193,val,SGDMYR_RET
2023-06-07,0.7744769644444335,0.12299917576538344,val,SGDMYR_RET
2023-06-08,-0.06008018594936762,-0.2857958030579388,val,SGDMYR_RET
2023-06-09,0.7099213148353236,-0.09901884173988684,val,SGDMYR_RET
2023-06-12,-0.18995388978137911,-0.35487273041648304,val,SGDMYR_RET
2023-06-13,0.13151670272337088,-0.07234799607560197,val,SGDMYR_RET
2023-06-14,0.01205693524821324,-0.08943309552663936,val,SGDMYR_RET
2023-06-15,0.21864008690096623,-0.04452250767671748,val,SGDMYR_RET
2023-06-16,0.4096424286169984,-0.11544639949220492,val,SGDMYR_RET
2023-06-19,-0.3021475142166727,-0.23035042163218356,val,SGDMYR_RET
2023-06-20,0.01710061297344717,0.03149655765550293,val,SGDMYR_RET
2023-06-21,0.10258394254899254,0.006315335139096656,val,SGDMYR_RET
2023-06-22,0.3819945920676896,-0.04223192937976733,val,SGDMYR_RET
2023-06-23,-0.284933047885257,-0.18610328929461276,val,SGDMYR_RET
2023-06-26,0.04083378493474648,0.043355476906903924,val,SGDMYR_RET
2023-06-27,-0.19284419301584216,0.0011062372267652831,val,SGDMYR_RET
2023-06-28,0.08682135105881282,0.08508382009002978,val,SGDMYR_RET
2023-06-29,-0.07051724497807615,-7.622348254854028e-4,val,SGDMYR_RET
2023-06-30,-0.26210295316047244,0.030600719610558602,val,SGDMYR_RET
2023-07-03,0.18600638716100104,0.1284057302816455,val,SGDMYR_RET
2023-07-04,0.12171699631907595,-0.025268744806908827,val,SGDMYR_RET
2023-07-05,-0.2072772526719505,-0.06448095185001354,val,SGDMYR_RET
2023-07-06,-0.28972071390203874,0.0626430926369061,val,SGDMYR_RET
2023-07-07,0.23181212379084615,0.1545779438813097,val,SGDMYR_RET
2023-07-10,0.6829330516384748,-0.033881745248020456,val,SGDMYR_RET
2023-07-11,0.12849383171571577,-0.3144583960957027,val,SGDMYR_RET
2023-07-12,0.03282146675676595,-0.19431804101925226,val,SGDMYR_RET
2023-07-13,0.6523187611132691,-0.09964348617725882,val,SGDMYR_RET
2023-07-14,-0.7961790445762167,-0.329877177807397,val,SGDMYR_RET
2023-07-17,-1.3123173273693869,0.2045612587204637,val,SGDMYR_RET
2023-07-18,0.26167954323274883,0.6654371663720858,val,SGDMYR_RET
2023-07-19,-4.5257571522339e-4,0.17712381933978613,val,SGDMYR_RET
2023-07-20,-0.151080589742562,0.07790071942710924,val,SGDMYR_RET
2023-07-21,-0.11467310006239656,0.10045146323728965,val,SGDMYR_RET
2023-07-24,0.1542801714097114,0.0943726684072895,val,SGDMYR_RET
2023-07-25,0.10863529224863068,-0.0262807316339803,val,SGDMYR_RET
2023-07-26,0.3022993683114251,-0.059186105897941266,val,SGDMYR_RET
2023-07-27,-0.30747548211861003,-0.15857951443735527,val,SGDMYR_RET
2023-07-28,-1.0859661594917616,0.06531894624041779,val,SGDMYR_RET
2023-07-31,0.7174220465303656,0.5050555169478997,val,SGDMYR_RET
2023-08-01,-0.41289828093498976,-0.09316275077882802,val,SGDMYR_RET
2023-08-02,-0.5557136667402851,0.14026429480031566,val,SGDMYR_RET
2023-08-03,0.26398996674537634,0.305317516399803,val,SGDMYR_RET
2023-08-04,-0.21649092935023623,0.018129920078860134,val,SGDMYR_RET
2023-08-07,0.32251294776604134,0.10292546460054108,val,SGDMYR_RET
2023-08-08,0.01468863407786612,-0.09633049995457793,val,SGDMYR_RET
2023-08-09,-0.03390886392258005,-0.04870281553256524,val,SGDMYR_RET
2023-08-10,-0.12965111260858445,-0.0064899361946765405,val,SGDMYR_RET
2023-08-11,-0.2259267666266936,0.054029389689775,val,SGDMYR_RET
2023-08-14,0.05391512323714507,0.12281354162159469,val,SGDMYR_RET
2023-08-15,0.525523478405001,0.030224942666934596,val,SGDMYR_RET
2023-08-16,0.15948687177823145,-0.21728176345305683,val,SGDMYR_RET
2023-08-17,-0.2921812063513022,-0.16528406116699945,val,SGDMYR_RET
2023-08-18,0.6775919832152463,0.05566831616353751,val,SGDMYR_RET
2023-08-21,-0.0228602094879915,-0.27283075026422166,val,SGDMYR_RET
2023-08-22,-0.00750433561189372,-0.10965919741764987,val,SGDMYR_RET
2023-08-23,-0.03286119103227955,-0.0448141613933548,val,SGDMYR_RET
2023-08-24,0.4266651832157734,-0.005243630439339786,val,SGDMYR_RET
2023-08-25,-0.4337823444494514,-0.18947342241191312,val,SGDMYR_RET
2023-08-28,-0.0182532708112147,0.10717551047981408,val,SGDMYR_RET
2023-08-29,0.33432287637879043,0.05502416183417752,val,SGDMYR_RET
2023-08-30,0.22341509579163232,-0.12252512948780225,val,SGDMYR_RET
2023-08-31,-0.1311396728491379,-0.15175999276083935,val,SGDMYR_RET
2023-09-01,-0.04665991813203882,-0.009045896868449643,val,SGDMYR_RET
2023-09-04,-0.10613383470274856,0.016500837941171617,val,SGDMYR_RET
2023-09-05,0.08159816907103773,0.05379841854943609,val,SGDMYR_RET
2023-09-06,-0.6437775763348869,-0.012195430394090767,val,SGDMYR_RET
2023-09-07,0.3956153477186569,0.277067813719634,val,SGDMYR_RET
2023-09-08,0.00365072680053774,-0.05200543789602656,val,SGDMYR_RET
2023-09-11,0.08021089030035791,-0.02441571848033597,val,SGDMYR_RET
2023-09-12,0.1745259451993807,-0.04589848832503837,val,SGDMYR_RET
2023-09-13,0.05464724548402264,-0.09669766043817912,val,SGDMYR_RET
2023-09-14,-0.02792640097563538,-0.0663932672431796,val,SGDMYR_RET
2023-09-15,-0.1537170525338845,-0.016874971222497287,val,SGDMYR_RET
2023-09-18,0.167824110177681,0.06003104511023419,val,SGDMYR_RET
2023-09-19,0.05759882894174122,-0.04728757623109782,val,SGDMYR_RET
2023-09-20,0.09244963962368856,-0.04601245801029079,val,SGDMYR_RET
2023-09-21,-0.3631096368896,-0.06074172761380958,val,SGDMYR_RET
2023-09-22,0.09395529062236269,0.13264531953674483,val,SGDMYR_RET
2023-09-25,-0.03118616812028016,0.01697287010558108,val,SGDMYR_RET
2023-09-26,-0.07124079090397498,0.021126815439349744,val,SGDMYR_RET
2023-09-27,-0.10065414614371072,0.04052060513828991,val,SGDMYR_RET
2023-09-28,0.09991436581255107,0.061931737528539345,val,SGDMYR_RET
2023-09-29,0.503114159503115,-0.016662541595916402,val,SGDMYR_RET
2023-10-02,-0.3467473657225052,-0.2280200526906788,val,SGDMYR_RET
2023-10-03,-0.00503380111228423,0.052084304887266945,val,SGDMYR_RET
2023-10-04,0.15167839679159917,0.025057055293303737,val,SGDMYR_RET
2023-10-05,0.2683394810232707,-0.055547324262818054,val,SGDMYR_RET
2023-10-06,0.2373758245724248,-0.1420854113910709,val,SGDMYR_RET
2023-10-09,-0.19649569708316972,-0.1664652740985039,val,SGDMYR_RET
2023-10-10,0.5318545272316589,0.013174000713783829,val,SGDMYR_RET
2023-10-11,-0.01807980249493034,-0.22753917352617425,val,SGDMYR_RET
2023-10-12,-0.15700563541909213,-0.09188741380310722,val,SGDMYR_RET
2023-10-13,-0.6302344597594184,0.02856661387977677,val,SGDMYR_RET
2023-10-16,0.3697947882580675,0.2890084438303135,val,SGDMYR_RET
2023-10-17,0.2031409959515481,-0.03544003891316036,val,SGDMYR_RET
2023-10-18,0.03395099974048057,-0.10466275234311168,val,SGDMYR_RET
2023-10-19,-0.18138924524459785,-0.060808256674304964,val,SGDMYR_RET
2023-10-20,0.451767616689303,0.05289749099787722,val,SGDMYR_RET
2023-10-23,0.05757897536410245,-0.1749797304969391,val,SGDMYR_RET
2023-10-24,0.4249324437799814,-0.10202082596620177,val,SGDMYR_RET
2023-10-25,0.38185909586996886,-0.2311683307062224,val,SGDMYR_RET
2023-10-26,-0.5385148102580769,-0.2689280720224165,val,SGDMYR_RET
2023-10-27,0.4071202771409526,0.11826459733040556,val,SGDMYR_RET
2023-10-30,-0.26322773214496625,-0.1267176600858332,val,SGDMYR_RET
2023-10-31,0.05056396346014463,0.05988539647490152,val,SGDMYR_RET
2023-11-01,-0.3087309399598942,0.0040892053119798155,val,SGDMYR_RET
2023-11-02,0.38484452665905405,0.1372305950935811,val,SGDMYR_RET
2023-11-03,-0.31773946998328406,-0.10862538009711203,val,SGDMYR_RET
2023-11-06,0.35027549354198223,0.09173594294124304,val,SGDMYR_RET
2023-11-07,-1.7685363237056897,-0.11341832334145541,val,SGDMYR_RET
2023-11-08,-0.28465173115975695,0.7260812053606052,val,SGDMYR_RET
2023-11-09,0.93012816057365,0.4433968990034959,val,SGDMYR_RET
2023-11-10,-0.16109472297094649,-0.21352339894181133,val,SGDMYR_RET
2023-11-13,0.04631503516568187,-0.022999856346199367,val,SGDMYR_RET
2023-11-14,0.4288390555728789,-0.030407644631567532,val,SGDMYR_RET
2023-11-15,0.9471768139211446,-0.20146623840049116,val,SGDMYR_RET
2023-11-16,-1.0668291142046278,-0.5038964785442739,val,SGDMYR_RET
2023-11-17,0.21801961282132848,0.24695206417134227,val,SGDMYR_RET
2023-11-20,0.26238916123494593,0.012692333202606765,val,SGDMYR_RET
2023-11-21,0.2838699878914244,-0.10953912278915617,val,SGDMYR_RET
2023-11-22,-0.28042104806900314,-0.1725840461042286,val,SGDMYR_RET
2023-11-23,0.22298500627438017,0.04730685084195005,val,SGDMYR_RET
2023-11-24,0.1309743154129746,-0.07706798356602718,val,SGDMYR_RET
2023-11-27,0.1888883950136478,-0.09126576061369818,val,SGDMYR_RET
2023-11-28,0.24917652255834125,-0.12290040163898971,val,SGDMYR_RET
2023-11-29,0.21310458626380063,-0.16322586156915225,val,SGDMYR_RET
2023-11-30,-0.16826000945423214,-0.1650918334017965,val,SGDMYR_RET
2023-12-01,-0.6273723296725758,0.0013898423474585364,val,SGDMYR_RET
2023-12-04,0.6206177554253755,0.27583072363722205,val,SGDMYR_RET
2023-12-05,-0.3942011844780365,-0.1512541000571293,val,SGDMYR_RET
2023-12-06,-0.3775668914342531,0.1065780880011924,val,SGDMYR_RET
2023-12-07,0.00475497221592109,0.21238882675459653,val,SGDMYR_RET
2023-12-08,0.2714463514920787,0.09108658074163484,val,SGDMYR_RET
2023-12-11,-0.3333531865708802,-0.0791217542895587,val,SGDMYR_RET
2023-12-12,0.1869337031360608,0.11152840144977728,val,SGDMYR_RET
2023-12-13,0.2423579466038962,-0.03307943743401265,val,SGDMYR_RET
2023-12-14,0.9565597478839626,-0.1208312082640669,val,SGDMYR_RET
2023-12-15,-0.25269682916066916,-0.4726390045376974,val,SGDMYR_RET
2023-12-18,-0.3667017507019314,-0.09648609934291252,val,SGDMYR_RET
2023-12-19,0.5418687507612233,0.11854049427465652,val,SGDMYR_RET
2023-12-20,0.08372609452661416,-0.185709230801265,val,SGDMYR_RET
2023-12-21,-0.8132551185020662,-0.11819817423153,val,SGDMYR_RET
2023-12-22,0.32752846551527975,0.30491347673045055,val,SGDMYR_RET
2023-12-25,0.34284755573754444,-0.009920935131206232,val,SGDMYR_RET
2023-12-26,-0.705834473739869,-0.15475547423619151,val,SGDMYR_RET
2023-12-27,0.26872807656808034,0.2417520105034759,val,SGDMYR_RET
2023-12-28,0.05771743077162166,-0.01183408950888392,val,SGDMYR_RET
2023-12-29,-0.49403447844399306,-0.03051145094719454,val,SGDMYR_RET
2024-01-01,-0.21420199181223465,0.20334221393472135,val,SGDMYR_RET
2024-01-02,-0.01971805536842569,0.1831718343546314,val,SGDMYR_RET
2024-01-03,-0.34728531895141196,0.08900545801156096,val,SGDMYR_RET
2024-01-04,-0.1544445264850922,0.19139573924957456,val,SGDMYR_RET
2024-01-05,0.6178406592784527,0.1517161416597479,val,SGDMYR_RET
2024-01-08,0.3919677137181371,-0.2044834576907748,val,SGDMYR_RET
2024-01-09,0.00772206759465612,-0.26165625978330453,val,SGDMYR_RET
2024-01-10,-0.3436904534432301,-0.11817316988732562,val,SGDMYR_RET
2024-01-11,0.01051580565073473,0.09893183509446826,val,SGDMYR_RET
2024-01-12,0.15159503338332947,0.03878709386133025,val,SGDMYR_RET
2024-01-15,-0.15957953069800124,-0.049487543899803144,val,SGDMYR_RET
2024-01-16,0.3302266858984443,0.048296086718523035,val,SGDMYR_RET
2024-01-17,-1.1277256027485458,-0.1236797069668425,val,SGDMYR_RET
2024-01-18,1.372131837703541,0.44046337124369117,val,SGDMYR_RET
2024-01-19,0.04910991810816355,-0.40871222654503614,val,SGDMYR_RET
2024-01-22,0.1837269610617341,-0.20084130228625344,val,SGDMYR_RET
2024-01-23,0.1164229670457182,-0.16870566819628147,val,SGDMYR_RET
2024-01-24,0.10435645568928165,-0.1250826485566443,val,SGDMYR_RET
2024-01-25,0.1409550283564373,-0.10065229266498124,val,SGDMYR_RET
2024-01-26,0.00661057665188204,-0.10599034922741031,val,SGDMYR_RET
2024-01-29,-0.2113853352381807,-0.04939672939884937,val,SGDMYR_RET
2024-01-30,0.324049906116045,0.0710625358171576,val,SGDMYR_RET
2024-01-31,-0.11281758565785108,-0.1109826457854982,val,SGDMYR_RET
2024-02-01,-0.05110125290443611,8.049669896581513e-4,val,SGDMYR_RET
2024-02-02,0.2565077404418818,0.022770660882258986,val,SGDMYR_RET
2024-02-05,-0.7402107051272228,-0.10253776493686295,val,SGDMYR_RET
2024-02-06,0.43157534062189434,0.27973977501142916,val,SGDMYR_RET
2024-02-07,0.5686499883127082,-0.06660851399766943,val,SGDMYR_RET
2024-02-08,-0.05424996096304942,-0.2786805889196943,val,SGDMYR_RET
2024-02-09,-0.08547713089476561,-0.09845513179769509,val,SGDMYR_RET
2024-02-12,0.01616199193323725,-0.0056932995331428725,val,SGDMYR_RET
2024-02-13,0.03123441739082335,-0.009587664666763623,val,SGDMYR_RET
2024-02-14,-0.435904090011806,-0.017908177265415215,val,SGDMYR_RET
2024-02-15,0.6425891309194345,0.18336999301313628,val,SGDMYR_RET
2024-02-16,0.05877376436110258,-0.20145414713771856,val,SGDMYR_RET
2024-02-19,0.00737624659754629,-0.11415898782319828,val,SGDMYR_RET
2024-02-20,0.07210465114193788,-0.05331610766276383,val,SGDMYR_RET
2024-02-21,0.4433506791545086,-0.055020642461817926,val,SGDMYR_RET
2024-02-22,-0.09711494841352648,-0.2186297592296789,val,SGDMYR_RET
2024-02-23,-0.24595494470986545,-0.053307148062640586,val,SGDMYR_RET
2024-02-26,-0.118602716008174,0.08451236973369843,val,SGDMYR_RET
2024-02-27,-0.02879266421353442,0.0891042489115136,val,SGDMYR_RET
2024-02-28,-0.28784313923726984,0.05172001801158055,val,SGDMYR_RET
2024-02-29,-0.01522519922301129,0.14896244645822276,val,SGDMYR_RET
2024-03-01,-0.5123513421546837,0.07202722927024874,val,SGDMYR_RET
2024-03-04,0.17797783304565823,0.25636014920612804,val,SGDMYR_RET
2024-03-05,-0.4329142630146377,0.03438541939863238,val,SGDMYR_RET
2024-03-06,0.27456114475322924,0.20499898895220003,val,SGDMYR_RET
2024-03-07,0.28653622542544743,-0.030516116627562817,val,SGDMYR_RET
2024-03-08,0.4087829009050206,-0.1390872110807762,val,SGDMYR_RET
2024-03-11,-0.8953677095314077,-0.240344308504986,val,SGDMYR_RET
2024-03-12,0.06280304995429185,0.28735122236118754,val,SGDMYR_RET
2024-03-13,-0.28762757578834625,0.09850669719430288,val,SGDMYR_RET
2024-03-14,0.26666167376623,0.16939265858783734,val,SGDMYR_RET
2024-03-15,-0.3320672768324926,-0.04267079674647012,val,SGDMYR_RET
2024-03-18,0.2055131860976138,0.12695490293848186,val,SGDMYR_RET
2024-03-19,0.21662095073465612,-0.03446261409439674,val,SGDMYR_RET
2024-03-20,0.05626826367864444,-0.11014746825132518,val,SGDMYR_RET
2024-03-21,0.43463525304022554,-0.07300466504750047,val,SGDMYR_RET
2024-03-22,-0.8609341425396096,-0.22269578575858728,val,SGDMYR_RET
2024-03-25,0.00666622266009019,0.2799878167580532,val,SGDMYR_RET
2024-03-26,-0.0055709765492078,0.11990303558420501,val,SGDMYR_RET
2024-03-27,-0.02120118781266513,0.055044004083824025,val,SGDMYR_RET
2024-03-28,-0.01122600489890772,0.03344788759651614,val,SGDMYR_RET
2024-03-29,-0.0815308693116001,0.019597922144577742,val,SGDMYR_RET
2024-04-01,-0.0226647975657653,0.04436403614787826,val,SGDMYR_RET
2024-04-02,-0.25413788021146094,0.029404777403186755,val,SGDMYR_RET
2024-04-03,0.616241567864581,0.12438689843665934,val,SGDMYR_RET
2024-04-04,0.26688903355682897,-0.21577097896456693,val,SGDMYR_RET
2024-04-05,-0.368953488984094,-0.21173738887123325,val,SGDMYR_RET
2024-04-08,0.14352899142233408,0.06896889251818823,val,SGDMYR_RET
2024-04-09,0.21436396739668212,-0.03270865670738554,val,SGDMYR_RET
2024-04-10,0.09837741897636386,-0.10838791474783703,val,SGDMYR_RET
2024-04-11,-0.6832999694254966,-0.09070557066276697,val,SGDMYR_RET
2024-04-12,0.08423343649221234,0.2599643380404889,val,SGDMYR_RET
2024-04-15,-0.05284635216849362,0.07709112267959098,val,SGDMYR_RET
2024-04-16,-0.04498034719640975,0.05700207377265455,val,SGDMYR_RET
2024-04-17,-0.16140305835890986,0.04473851358423722,val,SGDMYR_RET
2024-04-18,0.6531005521634206,0.0904319335530589,val,SGDMYR_RET
2024-04-19,-0.2942418594438512,-0.24683624293210016,val,SGDMYR_RET
2024-04-22,0.02004598591943254,0.020796298010256703,val,SGDMYR_RET
2024-04-23,-0.16358740086345405,3.291532731698743e-4,val,SGDMYR_RET
2024-04-24,0.15649182537419273,0.07190830453169218,val,SGDMYR_RET
2024-04-25,-0.0901947647572674,-0.03710581647559355,val,SGDMYR_RET
2024-04-26,0.13345539798311523,0.02328951020483236,val,SGDMYR_RET
2024-04-29,-0.3809434365128331,-0.04832850622739521,val,SGDMYR_RET
2024-04-30,0.05870698122596694,0.14591433930960654,val,SGDMYR_RET
2024-05-01,-0.335972013504036,0.03825686365549069,val,SGDMYR_RET
2024-05-02,0.489447477303756,0.1641698985503986,val,SGDMYR_RET
2024-05-03,0.08181535575381084,-0.14269552769412347,val,SGDMYR_RET
2024-05-06,-0.0941061675878898,-0.0984903389574501,val,SGDMYR_RET
2024-05-07,-0.06902264845109136,-0.0019232854889000561,val,SGDMYR_RET
2024-05-08,-0.23418376021232049,0.02943571777226464,val,SGDMYR_RET
2024-05-09,0.01527775228513721,0.11564682898105061,val,SGDMYR_RET
2024-05-10,0.07124552346391592,0.04403075803191211,val,SGDMYR_RET
2024-05-13,-0.05063971335274994,-0.01193880417234719,val,SGDMYR_RET
2024-05-14,-0.02227966562612944,0.01697764315298021,val,SGDMYR_RET
2024-05-15,-0.3245962499479705,0.01722172924907872,val,SGDMYR_RET
2024-05-16,0.45779627531772943,0.14995161087892356,val,SGDMYR_RET
2024-05-17,-0.6246460832153108,-0.13504790895293872,val,SGDMYR_RET
2024-05-20,0.11479797295407344,0.21478108052268421,val,SGDMYR_RET
2024-05-21,-0.26119723975304443,0.04386143782083218,val,SGDMYR_RET
2024-05-22,0.19031330488588605,0.13382572860050376,val,SGDMYR_RET
2024-05-23,-0.19873525673426615,-0.02478044916928196,val,SGDMYR_RET
2024-05-24,0.11636218600516846,0.0763119707037567,val,SGDMYR_RET
2024-05-27,0.3101678503327464,-0.017569568208793185,val,SGDMYR_RET
2024-05-28,-0.23205335787456388,-0.1437746310801082,val,SGDMYR_RET
2024-05-29,-0.05558309158646227,0.03872686077035732,val,SGDMYR_RET
2024-05-30,-0.01827746394507335,0.04137268996510911,val,SGDMYR_RET
2024-05-31,0.13910325527221382,0.026167835551011875,val,SGDMYR_RET
2024-06-03,-0.00360832191098991,-0.04954346799504973,val,SGDMYR_RET
2024-06-04,0.41623210843572417,-0.020151219568508016,val,SGDMYR_RET
2024-06-05,-0.22893976163561228,-0.19143634032549794,val,SGDMYR_RET
2024-06-06,-0.17348014715976554,0.016452319015322125,val,SGDMYR_RET
2024-06-07,0.13635715502130588,0.08332118552705702,val,SGDMYR_RET
2024-06-10,-0.5937167557794752,-0.023266269020926655,val,SGDMYR_RET
2024-06-11,0.5860679928127648,0.250250058867731,val,SGDMYR_RET
2024-06-12,-0.0510162016189739,-0.1473194601272292,val,SGDMYR_RET
2024-06-13,0.3256099547746979,-0.04224713041755335,val,SGDMYR_RET
2024-06-14,-0.4405476315282216,-0.16137466679599305,val,SGDMYR_RET
2024-06-17,0.07577164664348231,0.12246996449332459,val,SGDMYR_RET
2024-06-18,0.2021397965079631,0.020486014232981853,val,SGDMYR_RET
2024-06-19,-0.1351650324508524,-0.07968942224270757,val,SGDMYR_RET
2024-06-20,-0.1299461084325422,0.024336511305647512,val,SGDMYR_RET
2024-06-21,-0.18266873788004895,0.06768200846165928,val,SGDMYR_RET
2024-06-24,-0.01852411788805737,0.10982598922053426,val,SGDMYR_RET
2024-06-25,0.14319356367809066,0.056305713826482764,val,SGDMYR_RET
2024-06-26,-0.2861494495434915,-0.03811669907375989,val,SGDMYR_RET
2024-06-27,-0.13662063175147593,0.10880911112702352,val,SGDMYR_RET
2024-06-28,0.21107866461410263,0.10766720167465291,val,SGDMYR_RET
2024-07-01,0.2008996223108268,-0.04536541783888251,val,SGDMYR_RET
2024-07-02,-0.31891446280892055,-0.10803363696771418,val,SGDMYR_RET
2024-07-03,0.2562690331055738,0.09251098965785357,val,SGDMYR_RET
2024-07-04,0.1598639443517316,-0.07183876771798078,val,SGDMYR_RET
2024-07-05,-0.0379526779990646,-0.10164531134811855,val,SGDMYR_RET
2024-07-08,0.2345665630080445,-0.027941224725061914,val,SGDMYR_RET
2024-07-09,-0.05781488785235504,-0.11515914327066398,val,SGDMYR_RET
2024-07-10,-0.14745453405024905,-0.025156264438831177,val,SGDMYR_RET
2024-07-11,-0.00514721993187753,0.05365084241331015,val,SGDMYR_RET
2024-07-12,0.3035127780647314,0.025794032794680954,val,SGDMYR_RET
2024-07-15,-0.5427759153579034,-0.12183201516299003,val,SGDMYR_RET
2024-07-16,0.00488622504938122,0.18466324115589114,val,SGDMYR_RET
2024-07-17,0.05987081145220455,0.07886610653864068,val,SGDMYR_RET
2024-07-18,0.0824812409926997,0.008333017192432651,val,SGDMYR_RET
2024-07-19,-0.23624477250836773,-0.03252797184273146,val,SGDMYR_RET
2024-07-22,0.39208557508885994,0.0893682143188343,val,SGDMYR_RET
2024-07-23,-0.1366101249134238,-0.13279861988275854,val,SGDMYR_RET
2024-07-24,-0.16069338302126068,0.0016720633612192226,val,SGDMYR_RET
2024-07-25,0.00638214969637305,0.07122785142349976,val,SGDMYR_RET
2024-07-26,-0.14407805022829098,0.028447062543048324,val,SGDMYR_RET
2024-07-29,-0.12105308802582208,0.0756847800630658,val,SGDMYR_RET
2024-07-30,-0.4041771199360704,0.08630663697127311,val,SGDMYR_RET
2024-07-31,-0.27233352059993254,0.21516957543009613,val,SGDMYR_RET
2024-08-01,-0.14554937438093643,0.21386199383041823,val,SGDMYR_RET
2024-08-02,-0.6361855958248924,0.15766962802276085,val,SGDMYR_RET
2024-08-05,-0.7450631928324232,0.3482551441566526,val,SGDMYR_RET
2024-08-06,-1.5958725341175282,0.4796261630827432,val,SGDMYR_RET
2024-08-07,1.0852781929505058,0.9104973756891679,val,SGDMYR_RET
2024-08-08,0.414447490190718,-0.07667433164469023,val,SGDMYR_RET
2024-08-09,-0.4522917518936281,-0.21544948716567366,val,SGDMYR_RET
2024-08-12,-1.0307604399014807,0.10389997390890837,val,SGDMYR_RET
2024-08-13,0.7920671952435192,0.4977624560624125,val,SGDMYR_RET
2024-08-14,0.508154207822943,-0.12910809967683934,val,SGDMYR_RET
2024-08-15,-0.7948587348582673,-0.2795596351791819,val,SGDMYR_RET
2024-08-16,-0.0379494153506708,0.22605578051467484,val,SGDMYR_RET
2024-08-19,0.23609296777159464,0.11581603897316603,val,SGDMYR_RET
2024-08-20,-0.422046038233117,-0.05276410347770749,test,SGDMYR_RET
2024-08-21,0.19934194471304356,0.16199973188987019,test,SGDMYR_RET
2024-08-22,-0.19701068104759828,-0.016381598708681333,test,SGDMYR_RET
2024-08-23,0.03269615687122731,0.07923989818185707,test,SGDMYR_RET
2024-08-26,0.3788007038924045,0.020418203285431757,test,SGDMYR_RET
2024-08-27,-0.750736839661451,-0.15721827565381696,test,SGDMYR_RET
2024-08-28,-0.0244363170329455,0.26036975869014944,test,SGDMYR_RET
2024-08-29,-0.10748112718277364,0.12494114541050289,test,SGDMYR_RET
2024-08-30,-0.7053796974105653,0.1019609742628862,test,SGDMYR_RET
2024-09-02,0.07221569107800817,0.35417105481077416,test,SGDMYR_RET
2024-09-03,0.6424808788926961,0.12369057089097102,test,SGDMYR_RET
2024-09-04,0.13389826379470404,-0.2275873333988253,test,SGDMYR_RET
2024-09-05,-0.16090430602733463,-0.15857956838909118,test,SGDMYR_RET
2024-09-06,0.01750948842131615,0.0010198356287294992,test,SGDMYR_RET
2024-09-09,-0.15350587194188986,-0.007233820774702693,test,SGDMYR_RET
2024-09-10,0.3726837117470137,0.0641678642843998,test,SGDMYR_RET
2024-09-11,-0.40481670858372326,-0.1353423492157097,test,SGDMYR_RET
2024-09-12,-0.06679706093976093,0.11821529801539593,test,SGDMYR_RET
2024-09-13,0.12468996108885784,0.08116279115278001,test,SGDMYR_RET
2024-09-16,-0.41057673326628785,-0.01909486816418421,test,SGDMYR_RET
2024-09-17,0.12489329090787876,0.17173858566434544,test,SGDMYR_RET
2024-09-18,-0.8806966121635729,0.020550491309237695,test,SGDMYR_RET
2024-09-19,-0.48663026027354017,0.3953667249545265,test,SGDMYR_RET
2024-09-20,-0.4277919811553838,0.38692191977725104,test,SGDMYR_RET
2024-09-23,-0.04124046018309647,0.35740560557194634,test,SGDMYR_RET
2024-09-24,-0.10261450591588558,0.17488143798326564,test,SGDMYR_RET
2024-09-25,-0.5449908297081125,0.12173427476749987,test,SGDMYR_RET
2024-09-26,-1.0963795976272526,0.29248462490003435,test,SGDMYR_RET
2024-09-27,0.7366552330327288,0.6092787393726078,test,SGDMYR_RET
2024-09-30,-0.2605389716764813,-0.055878600819394914,test,SGDMYR_RET
2024-10-01,-0.2799594872799588,0.08978214769506465,test,SGDMYR_RET
2024-10-02,0.7268190549702209,0.16220139708201264,test,SGDMYR_RET
2024-10-03,-0.07387633094492914,-0.24769126401690655,test,SGDMYR_RET
2024-10-04,0.7949355085125411,-0.07625060937455885,test,SGDMYR_RET
2024-10-07,-0.28115311613523236,-0.38217931677964284,test,SGDMYR_RET
2024-10-08,1.033770647431167,-0.04431903074025745,test,SGDMYR_RET
2024-10-09,0.14767158397540558,-0.4729455258424303,test,SGDMYR_RET
2024-10-10,-0.05552411719532384,-0.2722575786528717,test,SGDMYR_RET
2024-10-11,0.04502137771414215,-0.09507847350004152,test,SGDMYR_RET
2024-10-14,-0.17312206153014215,-0.06146019124802582,test,SGDMYR_RET
2024-10-15,0.19487308589391333,0.04898477652313407,test,SGDMYR_RET
2024-10-16,0.17462016822417523,-0.063999521177732,test,SGDMYR_RET
2024-10-17,-0.6456167603986461,-0.10467970964341033,test,SGDMYR_RET
2024-10-18,0.3212350222874956,0.2373028543887134,test,SGDMYR_RET
2024-10-21,0.0171889292411131,-0.036820075440582085,test,SGDMYR_RET
2024-10-22,-0.35669226790135145,-0.023693128351562842,test,SGDMYR_RET
2024-10-23,0.5610913187143296,0.14608288748907716,test,SGDMYR_RET
2024-10-24,0.03200569099433361,-0.1820594192755639,test,SGDMYR_RET
2024-10-25,0.11687245321559332,-0.09390789856446101,test,SGDMYR_RET
2024-10-28,-0.4043253200245618,-0.09246691284434982,test,SGDMYR_RET
2024-10-29,0.5457247994261275,0.13680869166876092,test,SGDMYR_RET
2024-10-30,0.2184596385357732,-0.17938678713330228,test,SGDMYR_RET
2024-10-31,0.22994482039280484,-0.17453064508671928,test,SGDMYR_RET
2024-11-01,0.02704455907869895,-0.17743872850729397,test,SGDMYR_RET
2024-11-04,-0.0361707617695835,-0.08970446330344033,test,SGDMYR_RET
2024-11-05,0.03465319621929464,-0.023484618334501668,test,SGDMYR_RET
2024-11-06,-0.2649096185275318,-0.025504389692434126,test,SGDMYR_RET
2024-11-07,-0.08767510357159682,0.10502431674597566,test,SGDMYR_RET
2024-11-08,0.792663793572511,0.0845350164433486,test,SGDMYR_RET
2024-11-11,-0.813609278891315,-0.3106479392619287,test,SGDMYR_RET
2024-11-12,0.3083601206530142,0.22064334727042034,test,SGDMYR_RET
2024-11-13,0.08671969128021073,-0.03848033828038905,test,SGDMYR_RET
2024-11-14,0.05737364052838369,-0.054923811084489765,test,SGDMYR_RET
2024-11-15,0.4560932620283379,-0.04926359873317543,test,SGDMYR_RET
2024-11-18,-0.0219404801336181,-0.2216942348027285,test,SGDMYR_RET
2024-11-19,0.4594209847333051,-0.08762967168113484,test,SGDMYR_RET
2024-11-20,-0.06227684373599022,-0.23998482278320704,test,SGDMYR_RET
2024-11-21,-0.3941419938969268,-0.07795844380908507,test,SGDMYR_RET
2024-11-22,-0.44004422494928536,0.13870608205122165,test,SGDMYR_RET
2024-11-25,0.32819414548708753,0.2538910944218313,test,SGDMYR_RET
2024-11-26,-0.535345261927509,-0.032595892780792224,test,SGDMYR_RET
2024-11-27,0.09315749446873374,0.22055035826086106,test,SGDMYR_RET
2024-11-28,-0.02661184251687637,0.055885782207777124,test,SGDMYR_RET
2024-11-29,0.08502471711179754,0.03619075787121,test,SGDMYR_RET
2024-12-02,0.01044331147068792,-0.021422895515687403,test,SGDMYR_RET
2024-12-03,0.06157800068428754,-0.013979338013269255,test,SGDMYR_RET
2024-12-04,0.2248394271744302,-0.033146134319902626,test,SGDMYR_RET
2024-12-05,-0.3017408119724019,-0.11317529470056839,test,SGDMYR_RET
2024-12-06,-0.18308698799146764,0.08272152078585868,test,SGDMYR_RET
2024-12-09,-0.3772511926418921,0.11660713157954522,test,SGDMYR_RET
2024-12-10,0.17280534946857137,0.21664995924711009,test,SGDMYR_RET
2024-12-11,-0.00464018972638833,0.019234125367231236,test,SGDMYR_RET
2024-12-12,0.0058687207459865,0.010473387079664057,test,SGDMYR_RET
2024-12-13,-0.14094289454933248,0.0020200140902970343,test,SGDMYR_RET
2024-12-16,0.13596689045196628,0.06271618156776548,test,SGDMYR_RET
2024-12-17,-0.01869837839055141,-0.03213424238540992,test,SGDMYR_RET
2024-12-18,0.29707067388050473,-0.005894158798527449,test,SGDMYR_RET
2024-12-19,-0.6379982934076838,-0.13290718295919468,test,SGDMYR_RET
2024-12-20,0.6151530563839231,0.22157765320095563,test,SGDMYR_RET
2024-12-23,0.5067582670587243,-0.17265699670989476,test,SGDMYR_RET
2024-12-24,-0.5293362666939084,-0.2980516516338724,test,SGDMYR_RET
2024-12-25,-0.26415866515871067,0.10146189700504649,test,SGDMYR_RET
2024-12-26,0.06032417123527779,0.1603935299006246,test,SGDMYR_RET
2024-12-27,-0.3874813932638528,0.04389927518364739,test,SGDMYR_RET
2024-12-30,0.12074304021680515,0.18924173119179183,test,SGDMYR_RET
2024-12-31,-0.24638384747714773,0.030049586855920157,test,SGDMYR_RET
2025-01-01,0,0.12126816405739987,test,SGDMYR_RET
2025-01-02,-0.28644292276435473,0.0531989469701179,test,SGDMYR_RET
2025-01-03,-0.01836099359210844,0.14899697671916182,test,SGDMYR_RET
2025-01-06,0.2523199972430625,0.07341801417395624,test,SGDMYR_RET
2025-01-07,0.7859031188918185,-0.07848223962257272,test,SGDMYR_RET
2025-01-08,-0.624771720933299,-0.3791959019647371,test,SGDMYR_RET
2025-01-09,0.0850493825000384,0.10773128357305747,test,SGDMYR_RET
2025-01-10,0.02134559854078636,0.009950288781430356,test,SGDMYR_RET
2025-01-13,-0.38914118697215616,-0.004998991155742316,test,SGDMYR_RET
2025-01-14,0.5284804896407588,0.16851875727704674,test,SGDMYR_RET
2025-01-15,-0.0327572925075058,-0.15791106643805392,test,SGDMYR_RET
2025-01-16,-0.07700083520159585,-0.054903519272295566,test,SGDMYR_RET
2025-01-17,0.0338951917728705,0.009693838011337937,test,SGDMYR_RET
2025-01-20,0.04264154069593581,-0.010616855176890684,test,SGDMYR_RET
2025-01-21,0.6233834931750188,-0.023363844911604037,test,SGDMYR_RET
2025-01-22,-0.3890988804738043,-0.28372060886194045,test,SGDMYR_RET
2025-01-23,-0.9129238682827138,0.04622823415244193,test,SGDMYR_RET
2025-01-24,0.12369051641574597,0.42076898112824457,test,SGDMYR_RET
2025-01-27,-0.9391223001292214,0.13032490112346073,test,SGDMYR_RET
2025-01-28,-0.0297913868834754,0.46915417075047877,test,SGDMYR_RET
2025-01-29,0.16017474371938387,0.2188816699573423,test,SGDMYR_RET
2025-01-30,0.13563842002693197,0.025754052434021305,test,SGDMYR_RET
2025-01-31,-0.23625645813998972,-0.048205006564239206,test,SGDMYR_RET
2025-02-03,0.2610523435159216,0.08249600608529695,test,SGDMYR_RET
2025-02-04,1.0049629814551135,-0.07833060886164733,test,SGDMYR_RET
2025-02-05,-0.09748097087045816,-0.47522842216900346,test,SGDMYR_RET
2025-02-06,-0.19054844048256753,-0.16571345650303224,test,SGDMYR_RET
2025-02-07,-0.06277290617966164,0.010894821456236978,test,SGDMYR_RET
2025-02-10,-0.15693354559403214,0.03231718370912465,test,SGDMYR_RET
2025-02-11,0.7458187619963209,0.08302211541265947,test,SGDMYR_RET
2025-02-12,0.23555001142441304,-0.2907612556654732,test,SGDMYR_RET
2025-02-13,0.041062054108352,-0.23088669153461872,test,SGDMYR_RET
2025-02-14,0.06084131784075084,-0.11930078277760217,test,SGDMYR_RET
2025-02-17,0.0779253331165914,-0.07902626490943913,test,SGDMYR_RET
2025-02-18,-0.11275816593017653,-0.06885285849887128,test,SGDMYR_RET
2025-02-19,0.18386832771881503,0.019260752728466862,test,SGDMYR_RET
2025-02-20,-0.16008557818492233,-0.07221144742198218,test,SGDMYR_RET
2025-02-21,0.46930544318552714,0.038549369150918555,test,SGDMYR_RET
2025-02-24,-0.44893646690870126,-0.1889677288160857,test,SGDMYR_RET
2025-02-25,-0.42930132563921586,0.11404529143470288,test,SGDMYR_RET
2025-02-26,0.5658293595314374,0.23835990338261026,test,SGDMYR_RET
2025-02-27,-0.04567431793398061,-0.14365707906445183,test,SGDMYR_RET
2025-02-28,-0.1829327424013363,-0.042983908875691396,test,SGDMYR_RET
2025-03-03,0.05708371937938619,0.06139394152728031,test,SGDMYR_RET
2025-03-04,0.23074259233410577,0.001890844817001719,test,SGDMYR_RET
2025-03-05,0.45085493220337675,-0.10039462603242338,test,SGDMYR_RET
2025-03-06,-0.13046406747785744,-0.2418268326549945,test,SGDMYR_RET
2025-03-07,-0.10192347863889543,-0.04885356255826566,test,SGDMYR_RET
2025-03-10,-0.05307783768237887,0.023281160997421356,test,SGDMYR_RET
2025-03-11,-0.10410897316086944,0.033497813321682876,test,SGDMYR_RET
2025-03-12,-0.03363222472481199,0.060366512461989694,test,SGDMYR_RET
2025-03-13,0.2818124300502526,0.04123616345417552,test,SGDMYR_RET
2025-03-14,-0.04812066594276608,-0.10553803752529628,test,SGDMYR_RET
2025-03-17,0.3323195439389273,-0.025188339658022474,test,SGDMYR_RET
2025-03-18,0.18476050930869228,-0.15683459124416968,test,SGDMYR_RET
2025-03-19,-0.04434918648384043,-0.14985383658453186,test,SGDMYR_RET
2025-03-20,-0.20520568811011652,-0.04628367494003499,test,SGDMYR_RET
2025-03-21,-0.4883199136179986,0.06971725693000336,test,SGDMYR_RET
2025-03-24,-0.08052047019059191,0.24480448000586577,test,SGDMYR_RET
2025-03-25,-0.08302237795262717,0.1427163090006517,test,SGDMYR_RET
2025-03-26,0.2988555575870729,0.09902896221507304,test,SGDMYR_RET
2025-03-27,-0.5419665226474987,-0.08766162605861227,test,SGDMYR_RET
2025-03-28,0.1854357271413096,0.19929832606732112,test,SGDMYR_RET
2025-03-31,-0.1850752648548356,0.006081362498271431,test,SGDMYR_RET
2025-04-01,0.03043406644795996,0.08385821093762978,test,SGDMYR_RET
2025-04-02,-0.185988837421923,0.023436556920945928,test,SGDMYR_RET
2025-04-03,0.6070539013072065,0.09187250862121443,test,SGDMYR_RET
2025-04-04,0.2762039564375676,-0.22600414381239392,test,SGDMYR_RET
2025-04-07,-1.1193225547499033,-0.22031290982945395,test,SGDMYR_RET
2025-04-08,0.94069954767259,0.39438517765561176,test,SGDMYR_RET
2025-04-09,0.01341098074474382,-0.23966182242018644,test,SGDMYR_RET
2025-04-10,0.851364716791897,-0.11102012419993157,test,SGDMYR_RET
2025-04-11,0.09949754714549092,-0.4221871463027688,test,SGDMYR_RET
2025-04-14,-0.09611824399974352,-0.22885706696062308,test,SGDMYR_RET
2025-04-15,0.15943732691177945,-0.05823099292761827,test,SGDMYR_RET
2025-04-16,-0.24268219709534308,-0.09548858510573108,test,SGDMYR_RET
2025-04-17,0.5686415709165102,0.06457214240391274,test,SGDMYR_RET
2025-04-18,0,-0.22112945310202367,test,SGDMYR_RET
2025-04-21,0,-0.09700694440741717,test,SGDMYR_RET
2025-04-22,0.3341656771057898,-0.04255582931741808,test,SGDMYR_RET
2025-04-23,-1.05112699376131,-0.16526338630166015,test,SGDMYR_RET
2025-04-24,-0.1627460632753914,0.3886181624197479,test,SGDMYR_RET
2025-04-25,-0.12641112993668635,0.24187713594882265,test,SGDMYR_RET
2025-04-28,-0.118597568145159,0.16156382080037213,test,SGDMYR_RET
2025-04-29,0.1275546416668896,0.12290357481237399,test,SGDMYR_RET
2025-04-30,-0.749453716119895,-0.002040369464410552,test,SGDMYR_RET
2025-05-01,-0.099034732277337,0.32788162748685723,test,SGDMYR_RET
2025-05-02,-0.26390386186016207,0.18728329038626418,test,SGDMYR_RET
2025-05-05,-0.2978400301703278,0.19793060753022496,test,SGDMYR_RET
2025-05-06,-0.9430140741886928,0.21748886914697096,test,SGDMYR_RET
2025-05-07,0.8914942910864369,0.5090992761460253,test,SGDMYR_RET
2025-05-08,-0.2877928573862712,-0.16775228914839874,test,SGDMYR_RET
2025-05-09,0.5148073801702807,0.052660414821871115,test,SGDMYR_RET
2025-05-12,0.5903351190339757,-0.20273855131783636,test,SGDMYR_RET
2025-05-13,-0.5770484054262229,-0.3479122856388978,test,SGDMYR_RET
2025-05-14,0.9220288922263292,0.10051937687235613,test,SGDMYR_RET
2025-05-15,-0.7397874688240959,-0.3603867633559384,test,SGDMYR_RET
2025-05-16,0.1390923111484182,0.16643872006730698,test,SGDMYR_RET
2025-05-19,0.19159423775160553,0.011996554653952912,test,SGDMYR_RET
2025-05-20,0.1287277140130233,-0.0787874352129688,test,SGDMYR_RET
2025-05-21,0.20717228598083584,-0.09103450608804706,test,SGDMYR_RET
2025-05-22,-0.2693500708158178,-0.13081988534016592,test,SGDMYR_RET
2025-05-23,-0.07968252351464035,0.060771596965808125,test,SGDMYR_RET
2025-05-26,-0.466254420942357,0.061615605095144355,test,SGDMYR_RET
2025-05-27,-0.1899576761209352,0.2315705011332709,test,SGDMYR_RET
2025-05-28,0.1871637023165544,0.18491955677289396,test,SGDMYR_RET
2025-05-29,-0.5984284379400908,-9.84480804986143e-4,test,SGDMYR_RET
2025-05-30,0.6940493872393371,0.2620917834478289,test,SGDMYR_RET
2025-06-02,0.12075900167815128,-0.18949482608285112,test,SGDMYR_RET
2025-06-03,0.3775469996778422,-0.13610478115691826,test,SGDMYR_RET
2025-06-04,-0.595509057353715,-0.2253331207092486,test,SGDMYR_RET
2025-06-05,0.32057959430207056,0.16239192022270096,test,SGDMYR_RET
2025-06-06,-0.46913500014270343,-0.06939511082802746,test,SGDMYR_RET
2025-06-09,-0.20892392369172555,0.17536128578170393,test,SGDMYR_RET
2025-06-10,0.27923452601632615,0.1685814957213426,test,SGDMYR_RET
2025-06-11,0.08706707177861724,-0.04854221003922647,test,SGDMYR_RET
2025-06-12,0.1868849430505216,-0.05949023017012536,test,SGDMYR_RET
2025-06-13,0.08305674010586536,-0.10808195107757154,test,SGDMYR_RET
2025-06-16,0.3259248067316295,-0.08385034254655993,test,SGDMYR_RET
2025-06-17,-0.05435180049243208,-0.17976363875521478,test,SGDMYR_RET
2025-06-18,-0.5499136749817861,-0.055016729122812746,test,SGDMYR_RET
2025-06-19,0.4212599529609113,0.21710559059806503,test,SGDMYR_RET
2025-06-20,0.25140034041191683,-0.08956016759615948,test,SGDMYR_RET
2025-06-23,-0.5175260092807256,-0.14957544814350865,test,SGDMYR_RET
2025-06-24,1.146632342268305,0.16141567361652065,test,SGDMYR_RET
2025-06-25,-0.8209319748833732,-0.43220320615123764,test,SGDMYR_RET
2025-06-26,0.32343043818768236,0.17053083399326194,test,SGDMYR_RET
2025-06-27,-0.1235100365348622,-0.06707529547030065,test,SGDMYR_RET
2025-06-30,-0.04390548820901679,0.024757270966392138,test,SGDMYR_RET
2025-07-01,0.01090725199985967,0.030121561685930883,test,SGDMYR_RET
2025-07-02,-0.4881653914616504,0.008429096374980127,test,SGDMYR_RET
2025-07-03,0.7300167115732831,0.21785028271368234,test,SGDMYR_RET
2025-07-04,-0.23873620788952124,-0.22468151390401092,test,SGDMYR_RET
2025-07-07,-0.05988061219274509,0.006165632388583801,test,SGDMYR_RET
2025-07-08,-0.01480786090746151,0.02897372686696622,test,SGDMYR_RET
2025-07-09,0.03440550945160618,0.01920647833982952,test,SGDMYR_RET
2025-07-10,0.24811310077968324,-0.006667639906957401,test,SGDMYR_RET
2025-07-11,0.2922322165488291,-0.11176937672100329,test,SGDMYR_RET
2025-07-14,-0.30298133301325547,-0.17723084622631816,test,SGDMYR_RET
2025-07-15,-0.15062170339104644,0.05516529033026599,test,SGDMYR_RET
2025-07-16,-0.41322137137952625,0.09027638417069,test,SGDMYR_RET
2025-07-17,0.1617551379114954,0.22087866675717907,test,SGDMYR_RET
2025-07-18,-0.0873704247987482,0.02593681120016786,test,SGDMYR_RET
2025-07-21,-0.08527869418041933,0.049706579514008475,test,SGDMYR_RET
2025-07-22,0.16300043080541185,0.05921648499286011,test,SGDMYR_RET
2025-07-23,0.05708213242386106,-0.04552882178556098,test,SGDMYR_RET
2025-07-24,0.07836366500374618,-0.045014243878190724,test,SGDMYR_RET
2025-07-25,-0.3526875112539624,-0.05412446772746937,test,SGDMYR_RET
2025-07-28,-0.11170301522228562,0.1309761687517995,test,SGDMYR_RET
2025-07-29,-0.2324465987040489,0.10646056316048472,test,SGDMYR_RET
2025-07-30,-0.00101642914602801,0.14867466883798608,test,SGDMYR_RET
2025-07-31,-0.3926634231495572,0.06566776074700836,test,SGDMYR_RET
2025-08-01,0.3176127530711074,0.20106461193989603,test,SGDMYR_RET
2025-08-04,1.012842195811167,-0.051128327271206864,test,SGDMYR_RET
2025-08-05,-0.8512396943683002,-0.4667516151100988,test,SGDMYR_RET
2025-08-06,-0.2382739192492268,0.16867049235954357,test,SGDMYR_RET
2025-08-07,0.02270374393393156,0.17852182674022904,test,SGDMYR_RET
2025-08-08,0.40690468019963183,0.06835559842626182,test,SGDMYR_RET
2025-08-11,0.050212051552511,-0.14851758322587233,test,SGDMYR_RET
2025-08-12,-0.2709245156527281,-0.08718040207949362,test,SGDMYR_RET
2025-08-13,0.19187424228090263,0.08060642650965695,test,SGDMYR_RET
2025-08-14,-0.28155889426259384,-0.04881190934739929,test,SGDMYR_RET
2025-08-15,-0.18607680242701888,0.10210342181891649,test,SGDMYR_RET
2025-08-18,0.07560112849614514,0.12642134550861706,test,SGDMYR_RET
2025-08-19,0.09448766241973092,0.02229424392519616,test,SGDMYR_RET
2025-08-20,-0.0550795730631668,-0.031670421267896876,test,SGDMYR_RET
2025-08-21,0.07727492247044974,0.010269325297796603,test,SGDMYR_RET
2025-08-22,-0.29505873349525913,-0.029394583800261165,test,SGDMYR_RET
2025-08-25,0.5549103840365787,0.11654380291265942,test,SGDMYR_RET
2025-08-26,-0.7602857566581199,-0.19230637062869127,test,SGDMYR_RET
2025-08-27,0.2715543339028567,0.2491660154366451,test,SGDMYR_RET
2025-08-28,0.4377172477168239,-0.00982149747290928,test,SGDMYR_RET
2025-08-29,-0.36404539369667094,-0.1963300933718466,test,SGDMYR_RET
2025-09-01,0.256883815465598,0.07357477073566107,test,SGDMYR_RET
2025-09-02,-0.00312044325922094,-0.08041556681863382,test,SGDMYR_RET
2025-09-03,-0.3290666643261029,-0.03390848052535517,test,SGDMYR_RET
2025-09-04,0.0538296053315357,0.1294824960026608,test,SGDMYR_RET
2025-09-05,-0.16444768647549693,0.03318805187026927,test,SGDMYR_RET
2025-09-08,0.16863134542236352,0.08670052231251656,test,SGDMYR_RET
2025-09-09,0.17355373535349855,-0.03594210853044488,test,SGDMYR_RET
2025-09-10,-0.31375022914064904,-0.09190341402354177,test,SGDMYR_RET
2025-09-11,0.29809367008234583,0.09732164286183381,test,SGDMYR_RET
2025-09-12,0.19957844435742736,-0.08807637612235572,test,SGDMYR_RET
2025-09-15,-0.48638483019924705,-0.12619085692729237,test,SGDMYR_RET
2025-09-16,0.21751233630587252,0.1580129478498649,test,SGDMYR_RET
2025-09-17,0.3430430981851485,-0.02610169648257693,test,SGDMYR_RET
2025-09-18,-0.5187513216987619,-0.1619395701127963,test,SGDMYR_RET
2025-09-19,-0.1852134714821084,0.15652920614805313,test,SGDMYR_RET
2025-09-22,0.04737835604966799,0.14991857694875102,test,SGDMYR_RET
2025-09-23,0.10125748765458362,0.04498321398955511,test,SGDMYR_RET
2025-09-24,-0.21144798353997687,-0.024686875766262356,test,SGDMYR_RET
2025-09-25,-0.17305264741390272,0.08192994711976961,test,SGDMYR_RET
2025-09-26,-0.2903032101796398,0.11185792767901792,test,SGDMYR_RET
2025-09-29,0.3553155448073126,0.17642345963329936,test,SGDMYR_RET
2025-09-30,0.00613480602133697,-0.07847789752998591,test,SGDMYR_RET
2025-10-01,-0.19473857717482604,-0.03711861859386714,test,SGDMYR_RET
2025-10-02,0.17406160940628876,0.06914606057705004,test,SGDMYR_RET
2025-10-03,-0.11744244282130066,-0.0460252429967163,test,SGDMYR_RET
2025-10-06,-0.01993537679192058,0.0313299030768211,test,SGDMYR_RET
2025-10-07,0.04723417331116307,0.02248948787461273,test,SGDMYR_RET
2025-10-08,-0.1999038038358358,-0.01085520852536534,test,SGDMYR_RET
2025-10-09,-0.11656381565676968,0.08293344155797255,test,SGDMYR_RET
2025-10-10,-0.2813493475824639,0.08751714920189252,test,SGDMYR_RET
2025-10-13,0.25435725996295505,0.16181748403641902,test,SGDMYR_RET
2025-10-14,-0.00132632397682021,-0.040596133951629476,test,SGDMYR_RET
2025-10-15,0.15134012445734113,-0.01722721337966035,test,SGDMYR_RET
2025-10-16,0.260614607951684,-0.07394854977964338,test,SGDMYR_RET
2025-10-17,0.09832167296604008,-0.14676900425308292,test,SGDMYR_RET
2025-10-20,-0.2387381685784718,-0.10751845747478178,test,SGDMYR_RET
2025-10-21,0.13904100062816774,0.05756457605093451,test,SGDMYR_RET
2025-10-22,-0.2954974759355296,-0.03574276912733182,test,SGDMYR_RET
2025-10-23,0.06757041914302045,0.11395139837515017,test,SGDMYR_RET
2025-10-24,-0.08373740940656042,0.020346801436066153,test,SGDMYR_RET
2025-10-27,-0.07601840395258647,0.045660544596210384,test,SGDMYR_RET
2025-10-28,-0.21114699543956028,0.053379153395636425,test,SGDMYR_RET
2025-10-29,-0.01311952620711946,0.11604457504141158,test,SGDMYR_RET
2025-10-30,-0.521198600597609,0.05666280368119625,test,SGDMYR_RET
2025-10-31,0.08677582673574757,0.2535011430349939,test,SGDMYR_RET
2025-11-03,-0.4869847590919956,0.07314047614493019,test,SGDMYR_RET
2025-11-04,0.03423574400621733,0.24572048993740608,test,SGDMYR_RET
2025-11-05,-0.13295295750625963,0.0927759224461982,test,SGDMYR_RET
2025-11-06,-0.1466942714814463,0.09902465999675655,test,SGDMYR_RET
2025-11-07,-0.06413812309698298,0.10779406538286161,test,SGDMYR_RET
2025-11-10,-0.03977206682585824,0.07542467100488306,test,SGDMYR_RET
2025-11-11,-0.37796453341739766,0.05053548220691667,test,SGDMYR_RET
2025-11-12,-0.422814095216253,0.1879780219737035,test,SGDMYR_RET
2025-11-13,-0.10832311462436112,0.2679474675379302,test,SGDMYR_RET
2025-11-14,-0.1128275159091632,0.16506557102152872,test,SGDMYR_RET
2025-11-17,0.2555440605488988,0.12190849684168314,test,SGDMYR_RET
2025-11-18,0.08302772395817203,-0.05862438276559499,test,SGDMYR_RET
2025-11-19,0.5150580120753702,-0.06214114786331115,test,SGDMYR_RET
2025-11-20,-0.7021828750124649,-0.2532106240698116,test,SGDMYR_RET
2025-11-21,0.04045785485516475,0.1969589558364821,test,SGDMYR_RET
2025-11-24,0.27899466716088245,0.06865523063356815,test,SGDMYR_RET
2025-11-25,-0.4945957233487343,-0.09227348840083527,test,SGDMYR_RET
2025-11-26,0.01759646718885372,0.17649413107105225,test,SGDMYR_RET
2025-11-27,0.608720014391406,0.06970657517783108,test,SGDMYR_RET
2025-11-28,-0.22293197792827613,-0.2364589881589296,test,SGDMYR_RET
2025-12-01,0.13177047276960396,-0.005934143602472269,test,SGDMYR_RET
2025-12-02,-0.10113720686856308,-0.06040942930785215,test,SGDMYR_RET
2025-12-03,0.07412729583340276,0.017866806968706697,test,SGDMYR_RET
2025-12-04,-0.0686699675809844,-0.02468082853311112,test,SGDMYR_RET
2025-12-05,-0.34205800756112203,0.019297528693196675,test,SGDMYR_RET
2025-12-08,-0.10967023187825184,0.1585225121529246,test,SGDMYR_RET
2025-12-09,-0.0359178042379653,0.1176530681270287,test,SGDMYR_RET
2025-12-10,0.07056487806487675,0.06736977308597701,test,SGDMYR_RET
2025-12-11,0.4315513851972543,-0.0014016557573675592,test,SGDMYR_RET
2025-12-12,-0.1522171855646479,-0.18993151290221705,test,SGDMYR_RET
2025-12-15,-0.3202957100930185,-0.01654484106063764,test,SGDMYR_RET
2025-12-16,0.13424702287285914,0.13325200805491053,test,SGDMYR_RET
2025-12-17,-0.1890940071179006,-4.365015414059814e-4,test,SGDMYR_RET
2025-12-18,-0.11615054940846364,0.08276187499571724,test,SGDMYR_RET
2025-12-19,0.01518941495057754,0.08726058978320857,test,SGDMYR_RET
2025-12-22,-0.432476855870825,0.03161679438125603,test,SGDMYR_RET
2025-12-23,0.409442055877468,0.2035925395658066,test,SGDMYR_RET
2025-12-24,-0.0709684586434754,-0.09030381211102585,test,SGDMYR_RET
2025-12-25,0,-0.008482196887897349,test,SGDMYR_RET
2025-12-26,-0.44398354635118015,-0.003721042088307369,test,SGDMYR_RET
2025-12-29,0.06940652939721356,0.19313809027508472,test,SGDMYR_RET
2025-12-30,0.2394586799222672,0.0542796107852028,test,SGDMYR_RET
2025-12-31,-0.2306905559792108,-0.0812359249896416,test,SGDMYR_RET
2026-01-01,0,0.06556402539985075,test,SGDMYR_RET
2026-01-02,0.1229430806042708,0.028762182865596758,test,SGDMYR_RET
2026-01-05,-0.2695696318890131,-0.04131607519040431,test,SGDMYR_RET
2026-01-06,0.8315176445560721,0.10013220660949829,test,SGDMYR_RET
2026-01-07,-0.460717733912104,-0.32085036852392257,test,SGDMYR_RET
2026-01-08,0.987377658128886,0.061358202393614336,test,SGDMYR_RET
2026-01-09,-1.0580619437636116,-0.40623407059779004,test,SGDMYR_RET
2026-01-12,0.7174923101383106,0.2859493810904883,test,SGDMYR_RET
2026-01-13,-0.6200688485943959,-0.18931291304845616,test,SGDMYR_RET
2026-01-14,-0.3656880568927864,0.1889676680627016,test,SGDMYR_RET
2026-01-15,-0.13047269782366036,0.24332107876732353,test,SGDMYR_RET
2026-01-16,0.10786613985403154,0.16397902494187575,test,SGDMYR_RET
2026-01-19,0.1625607121870034,0.024616076456105862,test,SGDMYR_RET
2026-01-20,0.05729696922859918,-0.06051472303635037,test,SGDMYR_RET
2026-01-21,0.09899759212276342,-0.051682632601713366,test,SGDMYR_RET
2026-01-22,-0.31440012347071605,-0.06610167925663213,test,SGDMYR_RET
2026-01-23,0.24375125038006723,0.1089256679127715,test,SGDMYR_RET
2026-01-26,-0.15418127384830682,-0.05914643029062375,test,SGDMYR_RET
2026-01-27,-0.9239968144573328,0.04169069138661652,test,SGDMYR_RET
2026-01-28,0.3889546536666912,0.42363598733779,test,SGDMYR_RET
2026-01-29,-0.8755606506438431,0.01521430166905513,test,SGDMYR_RET
2026-01-30,0.01482625048626119,0.3907727128446744,test,SGDMYR_RET
2026-02-02,-0.2873865672110401,0.16492338339633866,test,SGDMYR_RET
2026-02-03,0.6277301744327601,0.19842316624030965,test,SGDMYR_RET
2026-02-04,-0.6960890003834832,-0.18833204031950146,test,SGDMYR_RET
2026-02-05,-0.23216632345982272,0.2227471307256403,test,SGDMYR_RET
2026-02-06,0.1941944678215147,0.19956529327640016,test,SGDMYR_RET
2026-02-09,0.3291972050739356,0.0023561192731916814,test,SGDMYR_RET
2026-02-10,-0.09517904537995722,-0.14338142022946318,test,SGDMYR_RET
2026-02-11,-0.08638104160832956,-0.021145826717050356,test,SGDMYR_RET
2026-02-12,0.07992153690702838,0.02861793748227888,test,SGDMYR_RET
2026-02-13,-0.3524766626752355,-0.022506298222520815,test,SGDMYR_RET
2026-02-16,0.11306812353786032,0.14475419873530512,test,SGDMYR_RET
2026-02-17,-0.18274529855613653,0.013900316271978519,test,SGDMYR_RET
2026-02-18,-0.02059288344231782,0.0862661665282197,test,SGDMYR_RET
2026-02-19,-0.2291228183772993,0.04687783456479988,test,SGDMYR_RET
2026-02-20,3.1260723184823e-4,0.12107830784536966,test,SGDMYR_RET
2026-02-23,0.19019674780867812,0.05297852204397935,test,SGDMYR_RET
2026-02-24,-0.47016680723662474,-0.06019605534998146,test,SGDMYR_RET
2026-02-25,0.06330090378358844,0.17984944736685854,test,SGDMYR_RET
2026-02-26,0.2087517727752908,0.05112850382229003,test,SGDMYR_RET
2026-02-27,-0.202930940412208,-0.06914751279914044,test,SGDMYR_RET
2026-03-02,-0.326413515323609,0.05868924895819677,test,SGDMYR_RET
2026-03-03,0.6784267546960575,0.1689401476002924,test,SGDMYR_RET
2026-03-04,0.13248948350965603,-0.2235059069587604,test,SGDMYR_RET
2026-03-05,0.0518271252513789,-0.1561710779275219,test,SGDMYR_RET
2026-03-06,-0.16087987007075372,-0.09124641629402934,test,SGDMYR_RET
2026-03-09,-0.4578593899029601,0.030547394228387093,test,SGDMYR_RET
2026-03-10,1.1483222173810417,0.2142584313930156,test,SGDMYR_RET
2026-03-11,-0.8263481320669696,-0.40976302563601297,test,SGDMYR_RET
2026-03-12,-0.44508133983764425,0.18275108853030458,test,SGDMYR_RET
2026-03-13,0.07925433824133668,0.2754228558045756,test,SGDMYR_RET
2026-03-16,0.0015466496165473,0.08605686945267628,test,SGDMYR_RET
2026-03-17,0.1199012084025144,0.03707366016827969,test,SGDMYR_RET
2026-03-18,0.01881095961374392,-0.03633549151525279,test,SGDMYR_RET
2026-03-19,-0.2890137817654349,-0.024192113008432048,test,SGDMYR_RET
2026-03-20,0.5434868159489098,0.11617421622771118,test,SGDMYR_RET
2026-03-23,-0.3492906870972751,-0.18745711629204886,test,SGDMYR_RET
2026-03-24,0.17399491257289057,0.07099452373317845,test,SGDMYR_RET
2026-03-25,0.6259114411299284,-0.04518508436552027,test,SGDMYR_RET
2026-03-26,-0.08163997034902705,-0.29440231695735164,test,SGDMYR_RET
2026-03-27,0.3693712642899995,-0.09333639114958986,test,SGDMYR_RET
2026-03-30,0.3386737697337269,-0.2029845196035706,test,SGDMYR_RET
2026-03-31,0.1417819714295489,-0.23761925344841833,test,SGDMYR_RET
2026-04-01,1.0032394607239306,-0.16643894792640856,test,SGDMYR_RET
2026-04-02,-0.4096024420498104,-0.5131244471090369,test,SGDMYR_RET
2026-04-03,-0.23999427660093295,-0.04541391139375475,test,SGDMYR_RET
