Date,USDMYR_RET,CNYMYR_RET,EURMYR_RET,JPYMYR_RET,SGDMYR_RET
2010-01-04,-1.0616276712351895,0,-0.8236623973514839,-0.6145910061067597,-0.5833112372197645
2010-01-05,1.5576220943377548,1.7487607976638155,1.1718821320703179,2.6513160053309512,1.5106581313378133
2010-01-06,-0.12606402158631624,0.006229052911357739,0.09508836217383408,-0.8687612862695474,0.47395210726463277
2010-01-07,-0.3978387124096068,-0.3468283739916847,-0.9336218685774428,-1.6108185840555578,-0.44204820996533317
2010-01-08,-0.2058292682120532,-0.21650506103672468,0.31078821581600896,0.41353810845912947,-0.11682724808628706
2010-01-11,-0.7211659588746948,-0.7309546691448301,0.071997709846708,-0.0022248130018231865,-0.2733891639915897
2010-01-12,0.24305699955428292,0.1821951905187703,0.15038511957969247,1.4787019291309151,0.02341349703370732
2010-01-13,-0.4238954154737559,-0.43407324314569384,-0.11901683780873934,-0.6464042504686421,-0.20190928161810837
2010-01-14,-0.22174147246965986,-0.25673636028688335,-0.3327259676898801,-0.06283551245812818,-0.186311784445302
2010-01-15,0.03870587819016961,0.008299682344991028,-0.7525324023598076,0.6343633716241853,-0.258762182708443
2010-01-18,0.0618928380566512,0.056074114339601785,-0.005847788393381088,0.1970413938835856,0.160679332786686
2010-01-19,-0.05493750240651195,-0.05141184612125232,-0.9436825885862897,-0.5831475220801933,-0.204317764176054
2010-01-20,0.7301309231946113,0.7205856817035582,-0.6695685232291397,0.6599669877055204,-0.029387005020293937
2010-01-21,0.44226094657036175,0.4876595500870996,0.06383284052294691,1.2874009917021156,-0.006247040555318674
2010-01-22,0.9592536791571686,1.0237164823126197,1.2128421965415244,1.7232209261661071,0.8412451598019168
2010-01-25,-1.2874791508891785,-1.1908425491863135,-1.1267306572279625,-1.8810715055751885,-0.7112399347703914
2010-01-26,1.8083332408923951,1.7547137672280082,1.3308964377287662,2.6409113216718003,1.5193383105349176
2010-01-27,0.820603434660506,0.919972926076434,0.39839707370143335,0.5135669806886166,0.9653424284759545
2010-01-28,-0.46183935592349545,-0.3521940568176707,-0.9540947639899485,-0.3343153995964382,-0.10517677389032169
2010-01-29,-0.20243227726016905,-0.19408308981268163,-1.0398514258631937,-0.706895584811312,-0.27682092924495716
2010-02-01,-0.1636275441870107,-0.18391497697443926,0.070443764422221,-0.7768765905682887,-0.48793331292779885
2010-02-02,0.21084123490799098,0.21903631860123499,0.6060292927372575,0.49259428826902524,0.15838560415044362
2010-02-03,-0.41667994305437206,-0.4288414967003147,-0.8634160999164491,-0.8340483915532293,-0.7147958530547408
2010-02-04,0.6325232846314207,0.6008982968064509,-0.6077405453342024,2.173516980937086,-0.2015290250014493
2010-02-05,0.12814490223064237,0.13853515818433065,-0.6015065778157836,0.5453125176719527,-0.18812944619606953
2010-02-08,0.8017872107611402,0.8435550673144551,0.4667713182674441,0.8574200134647745,0.6116218952060272
2010-02-09,-0.37144616793377205,-0.29208708540935474,0.5146707814515474,-1.0088011838932793,0.22166518938047403
2010-02-10,-0.36796806773601987,-0.3999235486015936,-0.38437132490467774,-0.623874049146435,-0.26779916885315724
2010-02-11,-0.2575413658095748,-0.36730785069877037,-0.799189170150389,-0.1486473752298051,0.16333731999889217
2010-02-12,-0.07120098102278306,-0.12034290922036332,-0.5486812426821508,-0.20192309232014477,0.02110631814742927
2010-02-15,0.2156744572679383,0.19540046844138317,-0.130262834824689,0.08551904289899555,0.1636258693093511
2010-02-16,-0.13139373926373785,-0.12173472238565772,0.9974860026443285,-0.373897083588038,0.46032550745770884
2010-02-17,-0.6348054214349578,-0.6392554812279262,-1.5574489707510195,-1.5525700045790018,-0.5266828324099478
2010-02-18,0.6316910666323159,0.5818593662455422,-0.6707109615011726,-0.4944880344196588,-0.08587335605891691
2010-02-19,-0.8521835646310078,-0.7636507522785867,0.00838823515862877,-0.5667182873685672,-0.8174057576247986
2010-02-22,0.04100576668213485,0.02549476383808033,0.13880145044633824,0.4608728168944341,-0.009723156756222762
2010-02-23,0.2703951343888698,0.25517528333334355,-0.29566043581865525,1.5100621660340803,0.18768855116625308
2010-02-24,0.08652131137036116,0.11916384950174283,0.08903054399821801,0.12674507196578266,0.20837529942361593
2010-02-25,-0.4885417058126772,-0.4680183383115476,-0.5335948426723119,0.6336936562769255,-0.4040780859480423
2010-02-26,0.4554131941781425,0.4287301041530163,1.1290841813204715,1.0303316992410234,0.5904249622610968
2010-03-01,-0.9002762167351126,-0.8752822463354324,-1.2487850408403522,-1.0977994369868025,-0.6253392327726529
2010-03-02,-2.1721313135562603,-2.2436729046838577,-1.8451258929452234,-1.7089162061933159,-2.032004625684177
2010-03-03,1.581552605875107,1.4137580663607183,2.158594441934789,1.914598939724578,1.213382982884541
2010-03-04,0.0887194477808631,0.1226225639621017,-0.6198109057643663,-0.6023818318016296,0.13638175800851704
2010-03-05,-0.3468497281503724,-0.3120325353627531,-0.151666030623857,-1.623974314823222,-0.2555609428570546
2010-03-08,-0.7272933711975105,-0.7467093270345467,-0.7803517494093757,-0.9741960644004081,-0.680418320588134
2010-03-09,-0.04235089871850645,-0.11290739377802571,-0.1588973289636466,0.2814871549472207,-0.11927218782313931
2010-03-10,-0.35846571755703394,-0.3708650224403159,-0.12863629359493267,-0.8441679793407918,-0.3700015678697466
2010-03-11,-0.3393036019523583,-0.3721586701373025,0.004703011797338688,-0.5968229140802249,-0.42088574057474765
2010-03-12,-0.4062585784728976,-0.4327247791477368,0.2696679847120265,-0.3139253890152737,-0.2507920224611861
2010-03-15,0.2865046453632429,0.2340702457036529,-0.2574509297849561,0.5580001723948523,-0.0040345645771494715
2010-03-16,-0.1376442166350919,-0.134083296355086,0.4123063231546622,-0.07771714479767805,0.023967845301598168
2010-03-17,-0.18014209124002672,-0.2008460850199914,-0.2816721558772329,-0.29043559131913377,-0.0331697901476029
2010-03-18,0.0010840741469006765,-0.026220631358695366,-0.9383621428439697,-0.09577721601173986,-0.16059258235513987
2010-03-19,0.06651936263747588,0.0714176538654656,-0.7112151930771404,0.006927109108335289,-0.19307613461699846
2010-03-22,0.4382380484674424,0.43990721556769813,0.49085959104963717,0.6267943818592611,0.16376725388842814
2010-03-23,0.369103287322266,0.4060958706138861,-0.33536342148107645,0.35342285626258213,0.2664459479059083
2010-03-24,-0.1810531644436373,-0.14544995177308867,-1.340109962530569,-2.0015075719727102,-0.4430712479355158
2010-03-25,0.08137431704271145,0.07819352182260916,-0.3554972940369537,-0.7213969286499544,-0.15644329565092757
2010-03-26,-0.7407551365607336,-0.7316981798115793,-0.06565223127999309,-0.8490933056756438,-0.5489720855817822
2010-03-29,-1.2963635650775849,-1.3441970826628735,-0.6445348992052657,-1.2591349731239256,-1.0995039184014102
2010-03-30,-0.17568585685735488,-0.28536432290624575,-0.5109973108053186,-0.48360373149172264,-0.45932089625989825
2010-03-31,-0.11252820200647029,-0.1693323636004717,0.41246985926005997,-0.9137431033363906,-0.28317436723901174
2010-04-01,-0.2412006539000202,-0.2755340270820673,0.427745590886325,-0.7080678141447488,-0.21110148527964578
2010-04-02,-1.7396739345808827,-1.7676371917277867,-2.1852808905635754,-2.5183421608104424,-1.9673900185228999
2010-04-05,2.081515026540972,1.9412859655566392,1.8004200575706548,2.2425508909462035,1.7099081413473622
2010-04-06,-1.7824593222477871,-1.6809933818502243,-2.4416526880831704,-1.273878671259788,-1.3489017614688295
2010-04-07,-0.20857212876438327,-0.28150872293641094,-0.7928343585798494,0.4682166292108425,-0.3735355292969068
2010-04-08,-0.4629015239031896,-0.5180671167138304,-0.5238009307859008,-0.491048619842431,-0.5069095386044371
2010-04-09,-0.6881152000012858,-0.7128554559973914,0.3161296271617112,-0.4026999102739767,-0.5295999354896552
2010-04-12,0.8522207779171227,0.7526016407455327,1.746193617405924,0.8910603368648976,0.6530171581509258
2010-04-13,0.35461795479732383,0.3795804911424454,0.6652329603729052,0.32593755244336775,0.4547069935474932
2010-04-14,-0.3281948100274543,-0.2819932768689954,0.11102562657773507,-0.48700922896197396,1.1183749952222208
2010-04-15,-0.508656649036199,-0.5133554648599402,-1.0187841787105285,-0.21908293029978593,-0.012071038095651576
2010-04-16,-0.1559316443338546,-0.20374032739149056,-0.8082010013667481,0.8648424179556662,-0.17016987856806207
2010-04-19,0.6887315912908621,0.6588659121372622,0.4076114107733025,0.5053649622373944,0.4707646798991845
2010-04-20,0.08972263360781689,0.1321509296749879,-0.3381599352595932,-0.7355066395413721,0.3672720785124629
2010-04-21,-0.3455182103957955,-0.33637834115405796,-0.7644862814732521,-0.34116392581137645,-0.0026891327250997132
2010-04-22,0.1962962634667293,0.18546299988062626,-0.8060514204482717,-0.15405119558076097,0.2687237776854155
2010-04-23,-0.5726829562628457,-0.5891174083442267,0.06363895135442099,-1.2228547676023462,-0.3281825691403297
2010-04-26,-0.7384786701342054,-0.7775148791505953,-0.48765176082492645,-0.7580229706439003,-0.5476725301988357
2010-04-27,0.995516726365633,0.9380116708841317,-0.7173947522268141,1.8272779747748258,0.3523983901632563
2010-04-28,0.019993692916838557,0.09203955243146708,-0.014473358231939848,-0.7693751399933084,-0.030800166890552594
2010-04-29,-0.2970390770174116,-0.2763258983660798,0.0869009382555196,-0.4677945217045329,0.1458411662674777
2010-04-30,-0.07290889868534862,-0.09044687687760163,0.26777690353524036,0.10986595091574225,-0.10512538850678567
2010-05-03,0.5172494006813814,0.5174638045812587,-0.15514433671104538,-0.3674140778259874,0.4874816643514451
2010-05-04,0.9899570719605143,1.0081436122584824,-0.9454507462769465,0.818989674892123,0.3647635042236638
2010-05-05,0.6709347027631677,0.7445198543073694,-0.8707877123249419,1.6034525329188203,-0.24306944118054138
2010-05-06,1.0338628347856038,1.1211412306254551,-0.6992726644743236,4.355836973984473,0.025525496949114337
2010-05-07,-0.38170952446376655,-0.25585651456821734,0.2519883565133233,-0.7468071486022873,0.09827547055263235
2010-05-10,-1.2801505449847141,-1.2750599063795225,-0.9583881786010112,-3.0632426956998002,-0.18234160129776059
2010-05-11,0.09836803674729544,-0.015573501147460256,-1.0549609816241001,0.6155855015740517,0.12458145781124855
2010-05-12,-0.6850094195983937,-0.7236843199722459,-0.8821826141886628,-1.342527123522953,-0.45578769692507504
2010-05-13,-2.286578371865426,-2.34804775783004,-3.132937499786879,-1.936250735366335,-2.519952998775457
2010-05-14,1.5037640864807336,1.3239336589430293,-0.22688484710750895,1.9780584377167125,0.445688284167554
2010-05-17,-1.4344809381535792,-1.4163973255300957,-1.52836833634629,-1.5345719260624187,-1.642481196192444
2010-05-18,3.2807148138088302,3.205381038777838,1.483476655324583,4.031385143365078,2.282491836700686
2010-05-19,-3.271308480412148,-3.068996718755204,-1.8211584875020956,-2.897230521838549,-2.836075210791206
2010-05-20,2.8393390210277847,2.6820123452049365,3.770811820333587,5.436210488417456,1.2785603464117867
2010-05-21,2.707538331220004,2.8648075572395753,3.6812416359927145,2.27377960333102,3.0037358720181873
2010-05-24,-1.0610088580821928,-0.7881238285969207,-2.4621494318820814,-1.44142170570469,-0.42825875455773343
2010-05-25,2.2343005197858083,2.194626756438603,1.896671496082473,2.07844575236834,2.0649421608331475
2010-05-26,-0.12283200242745501,0.07015398300688558,-1.5405519424649459,0.1676569514159451,0.2793473731550721
2010-05-27,-0.9519335309561306,-0.9212841104129551,0.18384713549687604,-1.8904080966988244,0.13462564227380364
2010-05-28,0.3775425392868596,0.3200725563808027,-0.0035834512187953166,0.0797390862771849,0.05543208582629552
2010-05-31,-1.7393932269963126,-1.7079072254875207,-1.7111666588433239,-1.95288095987498,-1.2709963698768891
2010-06-01,1.5424422663991253,1.4144599735107553,1.043009367729589,1.6795406998433808,0.43531431086054373
2010-06-02,-0.7776767631775547,-0.7543137504548236,-0.8058609320522635,-2.015473466827829,-0.29684663474771544
2010-06-03,-0.5492546476206092,-0.5648196286800662,-1.1358293309909606,-1.1614817657151792,-0.7607439595657968
2010-06-04,0.2806664561445655,0.24792814924725096,-1.519193697683215,1.0146301971388283,-0.397795533693981
2010-06-07,1.8259410099275737,1.801130068548764,1.0262844500353985,2.3227337156278227,1.18749591458192
2010-06-08,0.07717678232207603,0.2263144404124715,0.37984378976783073,0.20005075722006418,0.6939021573965141
2010-06-09,-0.01327074970802333,0.06020709358236041,0.24747369484631188,0.062065242972660584,0.2589385757355055
2010-06-10,-0.9534029515167061,-0.9302432187376926,0.0785791395626961,-0.8815910359457497,-0.137931927801134
2010-06-11,-1.0219747879521035,-1.1349773158263814,-0.7877710158432425,-1.3174792645751008,-0.707113785044169
2010-06-14,-0.49241302829935274,-0.6250020363569397,0.3658340242579302,-0.5071902951617979,-0.3181240667893602
2010-06-15,0.13185877364662263,0.04589644377776653,1.1123620743567872,0.300556098724257,0.4605413041104697
2010-06-16,-0.27460725161504124,-0.29458556857544294,-0.11862851600325705,-0.1718372863471234,-0.23811401115119385
2010-06-17,0.042740128844613055,0.07720180029777589,0.6368762708011227,0.6786837039525,0.08835508128638173
2010-06-18,-0.638112937082846,-0.6188953571542655,-0.4205630966402337,-0.3937444944726749,-0.08155142964315351
2010-06-21,-1.2514311471742166,-0.8309064538891695,-1.8486982569356472,-1.519481122347927,-0.6836489070135683
2010-06-22,-0.005545466969508833,-0.2169309483057837,-0.5233610104835884,0.49404192793085067,-0.6390682731009362
2010-06-23,0.10977350143562355,0.0605670231934853,0.33563126543657734,0.8738848080566695,-0.38888347793511685
2010-06-24,0.9389971253397532,1.0710983956167746,1.1403554579021755,1.359144898442217,0.5161353855846369
2010-06-25,-0.05650044661774517,0.17955627563044613,0.3113620158060588,0.5050350605713467,0.350816913980527
2010-06-28,-0.1279850304331852,-0.08649405619978692,-0.8152910860385187,-0.22086034959483575,0.03432549696047621
2010-06-29,0.5772154389241848,0.506886567026874,-0.31979766901208945,1.3102170301170675,-0.5023059161172764
2010-06-30,0.08465931767116537,0.35784157805871175,0.2624408151585117,0.4185090970159928,-0.05220282201317672
2010-07-01,-0.7576505762210095,-0.658122553304041,1.5355936253694524,0.2333634602244141,-0.021181954275709555
2010-07-02,-0.21691950396618653,-0.10654167513041483,0.7714360995476666,-0.26090309593179717,-0.31390669385653885
2010-07-05,-0.6493868749332055,-0.7179461711624462,-0.7200217351606706,-0.47148480767243833,-0.7641805458735861
2010-07-06,0.045821625203000205,-0.08496283064073765,0.6950454179023439,0.2586289145915953,0.165198721963003
2010-07-07,-0.011164137842986276,-0.013202494683226998,0.1974884404228014,-0.21497551245458785,0.31872776830289973
2010-07-08,-0.4955312405607041,-0.4617468487578451,0.03107328466894954,-1.3554863814495732,8.67392771137232e-4
2010-07-09,-0.0889967676373573,-0.0902617888439414,-0.3852801089624703,-0.37905274507059444,-0.15595690475710558
2010-07-12,0.14034019626930683,0.15786017294272578,-0.3625755536459492,0.023306179190422327,-0.026733296835678766
2010-07-13,0.13422302957291674,0.13845699289728625,1.0601274300220838,-0.05954394503076538,0.6386695110153428
2010-07-14,-2.2270868030583526,-2.225837156064162,-1.8617235335081208,-1.668014446877389,-1.8897661065738118
2010-07-15,1.5566821936013093,1.357547409586042,3.025805934969302,2.782442879728585,1.2196695537644913
2010-07-16,0.6085672984656327,0.6571071032413565,0.9853852779949248,1.610969227545171,0.6615276764719142
2010-07-19,1.1247582499432152,1.1346191794337281,1.3048028120646997,1.0268296750142238,1.1591826709572506
2010-07-20,-0.43594844663854204,-0.3305957234582023,-0.703647739025048,-1.0477074952487695,0.16656957206788492
2010-07-21,0.28663461592089984,0.29613689183710795,-0.7485087767804668,0.6566415114080602,0.04228915985852501
2010-07-22,-0.6363904463864055,-0.6108728454534247,0.19336900211903535,-0.894310002236509,-0.13846038611995434
2010-07-23,-0.759348499214083,-0.818320953254536,-0.518710749439148,-1.2266716377479503,-0.5901763244685228
2010-07-26,0.11157735139022795,0.030614440536055998,0.7935015015155168,0.6632807089511813,0.6751932062020924
2010-07-27,-0.329299537443579,-0.3235750386677062,-0.24813838066665275,-1.190096633960231,-0.16847147967464438
2010-07-28,0.3494879391033344,0.31677624390111186,0.3667831318783627,0.6478709177625993,-0.007237119917796325
2010-07-29,-0.15725569603933132,-0.12426520321142867,0.5135160704729637,0.7583350378406746,0.05684008802803657
2010-07-30,-0.0362500109848142,-0.008834486738968639,-0.18872901567745476,0.38961155520117086,0.25690772368064896
2010-08-02,-0.8377217830826489,-0.8213227691790662,0.17060982535244096,-0.9623726026264298,0.078008548005979
2010-08-03,-0.15118949130855044,-0.20141834179717288,0.4131113690511498,0.8058632154713613,-0.021920079187271
2010-08-04,0.23582319484429184,0.200599714294806,0.3442195013280497,0.3773806218811151,0.24332922707202329
2010-08-05,-0.5294318895992388,-0.5139035203220913,-1.0082013854687337,-1.1268103007547494,-0.6636112613150538
2010-08-06,-0.1904303439695591,-0.20034233229148712,-0.13526101320420908,0.2821415942674007,-0.46732287406856354
2010-08-09,-0.14007931595025788,-0.11605163110117855,0.6475030521774003,0.5073668143690345,0.20229906669531236
2010-08-10,-0.3285121434969603,-0.2947047961099857,-0.5831910831396061,-0.8756028166096623,-0.35086225535997206
2010-08-11,1.5401337776764124,1.4116697786167323,1.1296132536787382,2.0924838167996147,1.0750681986348092
2010-08-12,0.5252687098439381,0.5918620245012333,-2.1345982148001217,0.7710673738606109,-0.25952667953286934
2010-08-13,-0.5858599737769661,-0.6736659807266725,-1.2455298129654704,-1.6110168737948392,-0.41509872425555583
2010-08-16,0.34159274262624234,0.11931950565611252,-0.27642925851590894,0.13505439129034305,0.20403640449880978
2010-08-17,-0.8248589404439375,-0.9842149239106611,-0.6359510748679931,0.10345719927837128,-0.7550227038816988
2010-08-18,-0.4164792963733608,-0.34213755577763827,0.12856023825031693,-0.5793835833086739,-0.05378568008440182
2010-08-19,-0.4556562094788373,-0.4433681136784042,-0.5426821057561445,-0.2947512910481582,-0.23457461077824918
2010-08-20,-0.13175835411468378,-0.16945829020582331,-0.5514051894501433,0.0171336386658655,-0.3640548786063388
2010-08-23,0.04867717024548474,0.011159534537648036,-0.8229201322656003,-0.18065366655474138,-0.29184296686899747
2010-08-24,0.47896163030110994,0.3350109221549576,-0.3059300052888072,0.9319459037588305,0.36545894459899325
2010-08-25,-0.20751724573641733,-0.1629080859854643,-0.3796575404613861,0.9814359429765799,-0.4700627826657073
2010-08-26,-0.10216557558184067,-0.13795748251661355,0.10418569485435353,-0.5148631885504432,0.015970041338341984
2010-08-27,0.13904929330261043,0.10980084304943835,0.5138714399009555,0.4725150007053641,0.36203085797320833
2010-08-30,0.030867781278486203,0.06411948274139093,0.4897118054176595,-1.2853456816831554,0.44283524612428093
2010-08-31,0.22311370220799026,0.15782110145344183,-0.36529020888670993,1.166458772475476,0.12525293382008046
2010-09-01,-0.7974028120212359,-0.8780151732634808,-0.7502097450490952,-0.19414276526460936,-0.7610117635662095
2010-09-02,-0.18590014269780758,-0.29427519347976033,0.7064840452993255,-0.3843744404037317,0.20091189204015553
2010-09-03,-0.4831879027606047,-0.46323301146415513,-0.12333419081337968,-0.3314612025984058,-0.2518462557886364
2010-09-06,0.15511155602914262,0.16025910697945844,0.7434856959395169,-0.019132389920526106,0.30896403396253874
2010-09-07,0.5564694919363924,0.8034574669688404,0.48618635004051425,0.8888454896954328,0.5306178417366996
2010-09-08,-0.8763819059825511,-0.8298604983777167,-2.3613467333838627,-0.38296578179410495,-1.0794788666629251
2010-09-09,-0.07358374814191393,-0.20157547140026313,5.337216109430054e-4,-0.22497297922543852,0.053865566459194714
2010-09-10,-0.01899675296096514,0.13653400564531243,-0.3223464350673035,-0.025426903314777118,0.0968870903252806
2010-09-13,-0.0943567618423935,0.12234741184387785,0.023383138209554524,-0.5432496381713992,0.2848856123405494
2010-09-14,-0.024108759308467186,0.1867070626780028,1.210327860685808,0.6583299958705696,0.20079124418050032
2010-09-15,0.3025842439756062,0.5574679308248945,1.499087790218093,1.1658455984866325,0.6635353981804881
2010-09-16,0.1400604272919052,0.3249434518101447,0.5941782336767419,-2.88865246059414,0.052567371709541094
2010-09-17,-0.4124388626536169,-0.12683181460755782,0.1638857209168243,-1.0443935302045126,-0.43379780539899465
2010-09-20,-0.0432796672188111,-0.03322719944206121,-0.17385001610449735,0.07696284727147357,-0.005211331859220847
2010-09-21,-1.0363996314970272,-0.8471512428415161,-0.8958962015586314,-1.0254060165236616,-0.8711741197657576
2010-09-22,0.34192094791750943,0.4185892713408298,1.7786600323220274,1.0701696249339963,0.49616615459329244
2010-09-23,0.4874068309773878,0.5597574305710946,1.8095668482216996,1.3212380862717905,0.8769342136910436
2010-09-24,-0.29727413124617935,-0.23925503876404133,-0.5231193201640892,-0.2270181940163823,-0.21855687416338904
2010-09-27,0.2382126283035404,0.23861202539754955,1.3790435507632528,0.4878307584609573,0.7710624540810986
2010-09-28,-0.09785761358615311,0.09151492266826325,-0.13817953235149333,-0.024965604523612392,0.22084293412270034
2010-09-29,-0.2666581440948678,-0.20136408659093538,0.699764901088649,0.20406714736675455,0.057715232125924235
2010-09-30,-0.20445026511580278,-0.1706414867187963,0.41908203952489465,0.02409337466449237,-0.11524866512927778
2010-10-01,-0.08607336186045215,-0.16667047236704322,-0.002964556761185219,0.18506191650939569,0.07217345070332015
2010-10-04,0.4279213118387455,0.4439551376817187,1.5703933537220804,0.7519158901883471,0.7694616666422237
2010-10-05,0.13235616620215576,0.16711789302617724,-0.350699959234724,-0.04099544493808166,0.1836281960040331
2010-10-06,-0.023061353677682656,0.0013995095708028982,1.042677375516188,0.32326150147605104,0.4579133580567111
2010-10-07,-0.17177409592120002,-0.1916633538469505,0.6855891208344749,0.15039686771444497,0.051074567389650466
2010-10-08,0.7365695581714855,0.7451973989720639,0.9766198297023473,1.4991880593884197,0.9434411155274572
2010-10-11,-1.66147229276583,-1.3368467156792847,-1.2287574013995133,-0.8963720945941558,-1.2715777535990977
2010-10-12,0.7861331977911464,0.8011287981645421,0.13279916528550134,0.6340515329109362,0.3389933503255863
2010-10-13,0.18567346161109063,0.14506078412493367,0.3128378954308602,0.49287110225338715,0.3978131424119603
2010-10-14,-0.3360928042671221,-0.1978478119143725,0.06704560304609589,-0.31286630757967165,-0.04292498986179713
2010-10-15,0.17319158902246384,0.3781611100136309,1.0021510314416102,0.5913132145816021,0.76002638372201
2010-10-18,0.5765092964829156,0.8248369384857005,-0.007038271951764985,0.7417152268237616,0.7343267045346625
2010-10-19,0.8949378713274163,0.9558982402865639,0.5845569213450086,1.1193917553093349,0.8963739821515092
2010-10-20,-0.18808133451962405,-0.10356858783387488,-1.6392532010489242,-0.6069839972577267,-1.0083555354838525
2010-10-21,-0.053745121232961005,-0.12222186693814169,1.2491400471485008,0.49543759602328996,0.47621156297988054
2010-10-22,-0.34607756841492965,-0.34368817125614826,-0.3933137723573184,-0.5642440619375755,-0.09021453806583285
2010-10-25,-0.24963637267562028,-0.4297783480192329,-0.07880186800256979,-0.2830628540903817,0.004242832393623608
2010-10-26,-0.10960099064000808,-0.16742729326353514,-0.05031403557251124,0.48885266701238356,0.29667288619758303
2010-10-27,0.28644886485587395,0.20984806854498828,-0.38931249870773066,-0.25305767992659356,0.14758443716791403
2010-10-28,0.05472134910992612,-0.21421425558172297,-0.6372758814730943,-0.45945503694404005,-0.4502596398567692
2010-10-29,-0.2061932947478026,-0.3747047460436736,-0.3534413559724084,-0.2807382735736693,-0.41016324006165006
2010-11-01,-0.6086853387489884,-0.429718283140422,0.7721710667935842,0.9627064964547519,0.19598191632927453
2010-11-02,0.01313560867386225,-0.3212411160938999,-0.1663269831679302,0.07857790176073046,0.28890577410592655
2010-11-03,-0.8253631159991539,-0.7053646158755696,0.02285233641536305,-0.9641337838830415,-0.4145633147855884
2010-11-04,0.3429779902114455,0.3630199176307356,1.1481396774037378,-0.12287233517303946,0.45340516828684685
2010-11-05,0.3110511990862749,0.5251002255202496,1.2009944462198685,0.5624567039194264,0.6462043310919842
2010-11-08,0.646202996642713,0.8259495962328424,-0.21844146531494701,0.22822545812183276,0.7739065895579025
2010-11-09,0.5746948953587188,0.29315550038352134,-1.0637666932873233,0.5526193507067035,0.4108190681483858
2010-11-10,-1.1973691975517586,-0.652319237225466,-2.2364892643193124,-1.8212486176791571,-1.1925421990336775
2010-11-11,0.4759127793815534,0.6724580731484269,0.23824910619667,-0.32629466110530353,0.43919781465896657
2010-11-12,0.5092640506784829,0.7241856750195004,-0.670170282462655,0.11535071791077339,0.29594731760710713
2010-11-15,1.2442106141694762,1.142796661732287,1.534409238480877,1.1034495084201592,0.7867890946775369
2010-11-16,-0.16914097913750875,-0.16858028535172437,-0.9211344828216614,-1.0636166055472582,-0.6667842095575705
2010-11-17,-0.22049935259310144,-0.16196880325805868,-0.9984647251467917,-0.598492072063584,-0.407478478875602
2010-11-18,-0.6912208328662277,-0.7503172600795321,-0.4023056764376779,-0.4001988465997162,-0.4956163802161331
2010-11-19,-0.26919309079591014,-0.19050991477403445,0.525439140876865,-0.7272203499631592,0.015345974411442115
2010-11-22,-0.08581484972459191,-0.1640438902050218,0.7066849313619629,-0.08484155834717642,-0.015219410802229888
2010-11-23,0.7623165349767702,0.6662714378667592,-0.11197096204046528,0.9991873636592246,0.45093618073645925
2010-11-24,0.41076037832937107,0.41129048333087254,-1.3540936947535356,0.44390714871298326,-0.6820920570227216
2010-11-25,-0.21808984887389107,-0.3234960424168853,-0.7960699683904129,-0.5243220295386801,0.011910497603968173
2010-11-26,0.6701591559846618,0.7008273467507843,0.40510024457085175,0.5033993615025599,0.5158654706234791
2010-11-29,0.0887682689381,-0.13422822048867458,-0.7140424567837788,-0.5891188603488143,-0.530500310542311
2010-11-30,0.8844040374568292,0.9540405053708264,-0.2996513482189008,0.6718168141339443,0.44191292357119566
2010-12-01,-0.47343176671256487,-0.48629564605819886,-1.5584920213152853,0.15287455104127107,-0.380593021437827
2010-12-02,-0.14345404552486637,-0.11216118158022162,0.6285182554963114,-0.5541695729843473,0.5490573828256566
2010-12-03,-0.641979066514237,-0.6208256778667062,0.21007321798146766,-0.25937817076702163,-0.142478919712524
2010-12-06,0.05303827082598879,-0.022452691047622098,1.717349536999749,1.2968902267209421,0.543515689207251
2010-12-07,0.6689753578353326,0.8752411382320832,0.06366716316226423,0.9792889341174529,0.544082725688057
2010-12-08,-0.5202425200412244,-0.38236834366584727,-0.9488060337711482,-1.4788003474993432,-0.7040255661228423
2010-12-09,-0.40545403260091595,-0.6340210306205816,-0.46310055673672845,-1.268555936067395,-0.9745084562373014
2010-12-10,0.026501394769834458,0.02578249785886086,-0.07275292683807229,0.2513632912693563,-0.006349550973973772
2010-12-13,0.06880251417953932,0.02952244821844526,-0.2983972242578805,-0.08288424229725042,0.20205062082231576
2010-12-14,-0.054323039860005085,-0.19614386368628067,1.3588596756420568,0.5578510487200672,0.40300210547876847
2010-12-15,0.6663627024254352,0.7980004890889236,0.7195957432414932,0.34159681254365765,0.9403320685285537
2010-12-16,-0.7770682764088377,-0.6938501106610496,-1.7724050679478411,-1.4229650172894086,-1.5937922045735755
2010-12-17,-0.23584856526027637,-0.4289312399333251,-0.3543908537698747,-0.03764509652226852,-0.6402652311607834
2010-12-20,0.6100514013660732,0.6835332667870804,-0.001361775642137894,0.6934444373361165,0.34855945948751704
2010-12-21,0.0540801920002629,-0.16848598679397125,-0.42138745984311704,0.3273571398126408,-0.055114716149567256
2010-12-22,-0.59829411681487,-0.39912785016170843,-0.9069067002697311,-0.5781009717752982,-0.35826179491709553
2010-12-23,-0.5812386782019167,-0.3841676019418679,-0.47508587583664086,-0.28271680194697113,-0.022483504018122186
2010-12-24,-2.512531069565971,-2.5353301314979038,-2.428636066487248,-1.804058650850758,-2.407434291156405
2010-12-27,1.1123946983053994,0.9107354711557154,0.6713836348278269,1.4252918243907144,0.7904650280048446
2010-12-28,0.8283927861776446,1.0532159182783893,1.5737884785224896,1.0507254997640332,1.1963097537962875
2010-12-29,-0.6183447887546545,-0.39047953497153254,-1.2001122835218525,-0.16748869024339957,-0.31305864175981846
2010-12-30,-0.2293229807924003,-0.14785950539288026,0.6851277536859157,0.7658968925641643,0.3152157748020927
2010-12-31,-1.72126454960147,-1.7248163812027275,-0.9567589777925843,-1.4036187932536097,-1.2372884855197033
2011-01-03,1.0784102368017598,1.2599558057883917,1.6069770825424556,1.6200171489797577,1.295415788758265
2011-01-04,0.04600835621074681,0.32722693011496606,0.170683028773039,-0.6014870698605446,0.1971781218971661
2011-01-05,0.290705498347603,0.120767983384141,0.06334953356861545,-0.25081913263696565,0.21849903073849206
2011-01-06,0.4345415366319027,0.7112581099605183,-0.8426180562615122,-1.0471317910420264,0.06717966697058193
2011-01-07,-0.12409708107782237,-0.6078322420891437,-1.7415145813595525,-0.48781340105148774,-0.5273527165364864
2011-01-10,-0.07148765506025175,-0.21538159394254808,-1.0830070346925216,0.21523238440810782,-0.16563964153220279
2011-01-11,-2.2201388210129327,-2.3923510841633524,-1.9068127316959018,-1.7855456634758196,-2.4349339873486158
2011-01-12,0.9119270254546111,0.9421392985709012,1.0474196128818094,0.2968485941114293,0.5317783669331286
2011-01-13,0.48663138498807246,0.7727009518362761,1.6257886975547435,0.665748848711353,0.9695310637883214
2011-01-14,-0.20035447546919588,-0.10389333193697023,1.7759535385578173,0.19041092038013926,0.37418808719827046
2011-01-17,0.39286631510407344,0.6624703156262491,1.0332191455019246,0.3118841550025245,0.4515352897220667
2011-01-18,0.05576389858662588,0.09025197804818347,-0.5139144973729437,0.2869644762520041,0.10080483021043855
2011-01-19,0.03185439049402822,0.18184322147360557,0.6191341923353837,0.13737391118503572,0.46709045520671655
2011-01-20,-1.9529525295202488,-1.8812179501808433,-1.2692337688250208,-1.3841646937698864,-1.7758591645189221
2011-01-21,-1.0110352651103056,-1.1969824235605921,-0.8107440509777437,-1.7828365320597874,-1.7157080524368937
2011-01-24,2.310140916917565,2.2065956220898912,3.4116146937453773,2.617042469003298,2.0228664438692947
2011-01-25,-0.03459462527037477,0.11269280115361324,0.4546889861048758,-0.024477851679611917,0.6190350340982955
2011-01-26,-1.714348731511926,-1.6519020918044824,-1.2702234335006506,-1.350130319285464,-1.360489169796748
2011-01-27,1.40949711983026,1.3105802306642809,1.6254421980107792,1.642537192747565,1.2645002728675019
2011-01-28,0.5837951297064071,0.640801617876289,0.7524522109814131,-0.3237855462776695,0.7548640473766323
2011-01-31,0.3540238619334036,0.41923706149127954,-0.6732728478272726,1.1726696763457924,-0.026480613256465058
2011-02-01,-0.21022890410579514,-0.4948799026786569,0.6202703654961839,-0.06914417224668995,0.3896386882670579
2011-02-02,-0.6781193424968048,-0.6114051737224471,0.34531953902749307,0.1811917923480985,0.18360940565295397
2011-02-03,0.37682498412277643,0.8939830342908016,0.4892959517479919,0.39993081688749926,0.4547825495502409
2011-02-04,-0.17711448780536768,-0.023979895472018203,-1.5573206509536632,-0.3896146157224561,-0.20604348697945166
2011-02-07,-2.424234876977773,-2.393595288751443,-3.0959235319905787,-3.1434548415834773,-2.567975742332381
2011-02-08,2.1004688083295204,1.8638068404682886,1.9894017203695311,1.9978082002717852,1.5537448975554289
2011-02-09,-0.10537661936402382,0.08109059420009351,0.16978530920122248,-0.22973305385584109,0.22454396025636447
2011-02-10,0.6705836644730415,0.19110225512656875,1.439357873346463,0.5343584777870185,0.7913371784597215
2011-02-11,-0.08562977143021358,-0.07044953985312087,-0.7603491138999596,-1.241988033851003,-0.275137535239121
2011-02-14,0.17052131086998337,0.09476718211983168,-0.6521414940915379,-0.11751765062387491,-0.2784734676822215
2011-02-15,0.028222214937026157,-0.062199164769839596,-0.3619300259114685,0.021601057094457886,-0.0630593594190112
2011-02-16,-0.44676826503308525,-0.4072047091757631,-0.40075009405524087,-0.8066533654355941,-0.4155167308118037
2011-02-17,0.06787337727848464,0.08813579345010719,0.6300585106530976,0.1576484028052237,0.17228934533677426
2011-02-18,-0.3901996899482133,-0.3112690577303657,0.10318151633615866,0.0022863040506569607,-0.11385836700071256
2011-02-21,-0.013102969211890261,0.10335724552151952,0.7219702855061754,0.31288104282445683,0.25277627910143347
2011-02-22,0.22322260004267272,0.33309248560750954,0.1530302306638533,0.28376309388291676,0.10417015271018211
2011-02-23,0.23632905797316311,0.1420582568244949,0.1650120240603066,0.6039165984467347,-0.13579803401400106
2011-02-24,0.5063475505562697,0.5482602878427365,1.1606195822821095,0.9434267659864966,0.7111772802848007
2011-02-25,-0.16506785328511475,-0.0901814089813468,0.40640175514884014,0.356938429439511,0.16621292726272205
2011-02-28,-0.27390183595716966,-0.23703491880804362,-0.7679949680754854,0.33027057647703,-0.12430939566097955
2011-03-01,-0.08215419887873307,-0.041147927708713616,0.42982611488187267,-0.29404624970495674,0.2190530414911202
2011-03-02,-0.24161674033000033,-0.2640431359329884,-0.4956132501986491,-0.30680126320286655,-0.3568776632434379
2011-03-03,-0.30749105177120645,-0.35859375085364714,0.31185818328503934,-0.22324050896560946,-0.0721440039828535
2011-03-04,-0.04063795747425558,-0.07540839371972957,0.7457487282014076,-0.6743699638464217,0.09194915531087212
2011-03-07,0.1487383636725475,0.18413097281508717,0.5444601320816472,0.08219447663864027,0.24749096569977413
2011-03-08,0.12409139589763055,0.3342617195177591,0.0244591070702576,0.17356510624496982,0.29898471641905566
2011-03-09,-0.028503576852336836,-0.12743232986099498,-0.5177097236637523,-0.6383204771044171,-0.08408270331143791
2011-03-10,0.16093624908561843,0.23871037341115564,0.08426850217269564,0.03191698578137114,0.12329563817208616
2011-03-11,-0.2534739187520093,-0.4167561039870468,-0.9935512395206066,-0.37841693770663737,-0.6387778861776966
2011-03-14,0.11268109351266074,0.019852733844064357,0.9031794467027896,2.096665640365005,0.18037873309414088
2011-03-15,1.0537885099198354,1.11271878325532,1.641314302894102,0.6864351572520115,1.2351193024303397
2011-03-16,-0.06703707712981652,-0.002675111873505831,0.059302342642684636,0.7690593491344966,-0.43481982005497366
2011-03-17,-0.2918833751113208,-0.2538535189002679,-0.9796725391323992,2.2491533670295807,-1.0884828232497696
2011-03-18,-0.0645850858381917,-0.16111976782664367,0.8345619441162669,-0.14833018682357557,0.09963216358214877
2011-03-21,-0.8111358759241357,-0.7266951537964672,0.356547695224654,-2.7260639848308985,-0.3850590636160637
2011-03-22,0.2633424718465889,0.29077151502081466,0.8191849242041837,-0.23560888632317106,0.7872799795794182
2011-03-23,-0.2341774993874104,-0.02710571772522699,-0.4574409007074032,-0.1042150148587058,0.16249599475048582
2011-03-24,-0.03572209557252397,-0.08115807351603849,-0.5308122441911056,0.2128471108954314,0.14449659946167753
2011-03-25,-0.29216292078331335,-0.34702027123322055,0.06155257290619025,-0.43769574221273483,-0.013624683815124314
2011-03-28,0.26434779956225385,0.23492020480037606,-0.7037697609501047,-0.2841172070914869,0.21954702211168442
2011-03-29,-0.1687366711037769,-0.22908848002096074,0.005274990114967432,-0.6430700770687505,-0.18456756119115697
2011-03-30,-0.15018088834127086,-0.15100286188170486,0.1079959571897193,-1.002421272169486,-0.034372263895402135
2011-03-31,0.3243552306659143,0.37694021659426047,0.44639257705237717,-0.6878357059129865,0.31167159779772285
2011-04-01,-0.2747891282031377,-0.03909624440506619,0.025752088603618592,-0.6858198786688835,-0.12917615815715458
2011-04-04,0.11042420913245432,0.09873501289848322,0.6267056318008241,-0.9579547630343931,0.12469758235342662
2011-04-05,0.07639836727343538,0.2193416769882104,0.16860743614307788,0.021547253033658842,0.06791769692328739
2011-04-06,-0.10573700949807759,-0.06971229550867189,-0.08891153288859685,-1.3268592927036134,-0.07339684946599792
2011-04-07,0.031989036007825516,-0.046308890495636676,0.8470745334210255,-0.3309618408783884,0.04454788388708186
2011-04-08,-0.4568339632314484,-0.45472514893720195,-0.5089127648035688,-0.08419655840365507,-0.4683827360645845
2011-04-11,0.3064229148837252,0.3956528977982413,1.3920313127795518,0.28875516103753324,0.4480648798391242
2011-04-12,0.003067034032656485,0.026373317333128962,0.08034470096961474,0.46724947742638784,0.20062466441532306
2011-04-13,0.2816889870889819,0.22694225965632775,0.568176457881503,1.5771133782590536,0.3724221510775421
2011-04-14,-0.37547188978812585,-0.24539152935242647,-0.5385254560448075,-0.41364491041577645,-0.21575995054279387
2011-04-15,0.1819686155513022,-0.06377356945891437,0.06676819011221499,-0.07032154305372676,-0.0946514054733143
2011-04-18,-0.1505474269108153,0.10033841137709021,-0.30667631517921606,0.8172618586709145,1.0575829371948475
2011-04-19,0.013520526254879175,0.09216602740950944,-1.3447996920812473,1.1490220804635856,0.057366583351738276
2011-04-20,-0.17509306357747195,-0.20725057183867637,0.3221156103866626,-0.3105051293583493,0.2555293514204541
2011-04-21,-0.07874971940221562,0.008575219260832337,1.2450994986981243,0.06965682854462091,0.4525088169079407
2011-04-22,-0.06556551134370887,-0.05091258902743008,0.5039258162568536,0.6178772170964876,0.4041172658295854
2011-04-25,-0.11719842892297633,0.360438803381393,0.019524715097889583,0.01921216847812722,0.20055274564302084
2011-04-26,-1.141201158926943,-1.0266827231209132,-0.965982741626324,-1.0842304784063597,-1.186286471030517
2011-04-27,-0.9458064787783844,-1.5241491722752194,-0.20446454197980207,-0.4956863211827697,-0.9644507609244752
2011-04-28,-0.19413145677216478,-0.1826781767677965,0.5456486735720706,-0.948621481114654,-0.23755506766558948
2011-04-29,0.3805647551238229,0.36733477707268414,0.9555761418324531,1.0889913556492092,0.4855963914573005
2011-05-02,0.28294716436181294,0.6064694552563942,0.08231605149272911,0.7488634499724758,0.7241388965395358
2011-05-03,0.4372980611615535,0.38418218520348524,0.6095687258983701,0.5553981422606454,0.7321791666871195
2011-05-04,0.009611709420903891,-0.12119523174532792,0.13131382832296334,0.2697610685946048,-0.15398993487978163
2011-05-05,0.9049814816621777,1.0238463097696358,0.9144129937596415,1.3527043095370042,0.5975302225286216
2011-05-06,1.245926820800101,1.474380713918342,-0.6621145516464297,1.555061789925894,0.636592970063065
2011-05-09,-2.0510877702795893,-1.8625626148668062,-3.7416033415301437,-2.439434924164886,-1.6517116752436962
2011-05-10,-0.2263237997146174,-0.47431874394563234,-0.49421589891879575,0.4093837112700684,-0.21243459091305272
2011-05-11,0.47974805409863536,0.39608622581491704,0.6303001451638577,-0.38653739269902637,0.39493162449703867
2011-05-12,0.7424177846523152,0.7266110896186201,-0.6121016100886605,0.5932733739612798,0.495667496379668
2011-05-13,-0.012553184222686281,-0.0388342060992935,-0.08905759730460078,-0.09135809903282395,-0.16813083627759975
2011-05-16,1.627690148782421,1.8151744547039914,0.49098316775214446,1.900265471700465,0.906607427395162
2011-05-17,-2.3898575366936874,-2.5454596024647915,-2.0148735185976734,-2.36534891425789,-2.5975924249647786
2011-05-18,1.4909799741681593,1.4732991440023768,2.2900174316882347,0.8055013687243029,1.2803466931092315
2011-05-19,-0.2836514438437749,-0.34433263072019765,-0.17978479321437502,-0.7546192839265526,0.36744758998507165
2011-05-20,-0.15383351114112173,-0.16040238260199985,0.30112876476392075,-0.26270116497707874,0.2606396624857922
2011-05-23,1.3170521692963881,1.6087823124451865,-0.0686239512390819,1.276144856618646,1.2016034738677825
2011-05-24,0.15910202934964052,0.02471962667582045,-0.5947260289712561,-0.16056997256551755,-0.23066555799024557
2011-05-25,0.41796964647092993,0.5121600422137618,0.7174772177821116,0.26459273981216846,0.4351670080173224
2011-05-26,-0.8617056276601504,-0.7326507491390915,-0.8765693547991279,-0.8655021323786213,-0.7120554201886811
2011-05-27,-0.6073528119806206,-0.5868499601520352,-0.2807599223019339,0.34892859447276514,-0.44171355055748496
2011-05-30,-0.6430711595543914,-0.5579589695289987,0.5383839033860366,0.056294890438273196,-0.1781573908640085
2011-05-31,-0.3596996595277612,-0.28073966865449923,0.04355124857587926,-0.30231500843328285,-0.09320939354246321
2011-06-01,0.9515235543218159,0.8561228779584107,1.753561479078691,0.257169222543927,1.0415049275914956
2011-06-02,-0.6308885524380945,-0.5747439441932385,-1.0021231148086096,-0.08414685526239168,-0.8657928441518332
2011-06-03,-0.17914066133724638,-0.2734095622108562,0.7074017201168952,-0.15716295069462424,0.02992003301333479
2011-06-06,0.2828636659660172,0.4390944115107659,1.625507672155648,1.216456110306702,0.7876388728733705
2011-06-07,-0.2864509709404056,-0.22089699231526538,-0.4762549881748395,-0.03582673532189937,-0.2576781742984604
2011-06-08,0.3422556490936152,0.16110388983973084,0.9978908279424349,0.3255703199062403,0.6036938212816103
2011-06-09,0.4279395688661699,0.4957235443171577,0.007665528479611883,0.7575270311872575,0.2029211707272579
2011-06-10,0.04567489986057435,0.08361122890494688,-0.6206274823928227,-0.4175707968292832,0.22177450893077116
2011-06-13,0.22692726849724762,0.3036379107162238,-1.1816426953740398,0.09587150598188693,-0.18904127525652167
2011-06-14,0.18619638372251174,0.058898529796035645,0.47057098580978285,0.3646476072327302,0.18369033167807508
2011-06-15,0.16677301268597047,0.3557508909860405,0.4685427387114611,-0.26306701220170814,0.6053045275534955
2011-06-16,-0.0410360157565701,-0.01534474430225681,-1.8380716332467275,-0.53177901960512,-0.4360227946206636
2011-06-17,0.05921737513948595,0.03736777636289996,-0.21632117891331165,0.3660247646598173,-0.3158907322999276
2011-06-20,0.09691326506694055,0.2808056627518116,0.6416313536596829,0.7670782738324837,0.48889917671598426
2011-06-21,-0.3088710677173462,-0.5005254762670328,0.09737503150966004,-0.41010842296038674,-0.24545721446120247
2011-06-22,0.28728808954946783,0.4012704944069673,0.7592975415333231,0.2963438651429945,0.40443522376561986
2011-06-23,-1.027445804659016,-0.932392031577505,-1.3860454200491492,-1.2413977944127843,-1.0450368091569577
2011-06-24,-0.8340944460942293,-0.946133892689727,-1.256779162839067,-0.8966414307975383,-1.115053210310328
2011-06-27,-0.41655182046710915,-0.47270798771708433,-1.2464022353990698,-0.4275415773574579,-1.111642695970596
2011-06-28,2.1750519363542247,1.8448469808545138,2.9855003088395304,1.699285810783908,1.5986908560936108
2011-06-29,-0.40442993702645647,-0.14123260992511838,0.13265231144332845,-0.841441229416739,0.016644310652307648
2011-06-30,-2.205777688340736,-2.0465008968589284,-1.2341476294728069,-1.7786365152978088,-1.60178509182156
2011-07-01,1.0350968855779576,0.9025607248436436,1.2940691871246082,1.3147807038658919,1.2109779989451424
2011-07-04,-0.07086151952883288,0.06805945523090962,0.2886470692166461,-0.4333291876764318,0.3682555583847885
2011-07-05,0.6452931576442927,0.7548745433987144,0.822967159117273,0.7825806713554521,0.8795215609528968
2011-07-06,-0.10806252601056864,-0.26345089834578284,-0.9061839117313077,-0.5266274507364609,-0.10901470435553234
2011-07-07,-0.18068667199721183,-0.23698958449438318,-1.0248019190214546,-0.07120954965523243,-0.16587007740399656
2011-07-08,-0.5573363039308932,-0.5548211499566178,-0.5210218283904869,-0.8937952448128109,-0.15043997524746644
2011-07-11,0.5435512572339386,0.6359893095547429,-0.6094860554799639,1.2290481691914643,0.6188805081014958
2011-07-12,1.203072548878409,1.0930000962289403,-0.18220071589303816,1.7296983480115307,0.9172459795107784
2011-07-13,-0.991355260611708,-0.8481512605690975,-1.7594329799867654,0.2629148254530696,-0.6670239809829022
2011-07-14,-0.05422834283404171,-0.5772335586541841,1.63871590261804,0.6773103615241034,0.6647621945854589
2011-07-15,-0.12498322918689764,0.6656737270232597,-0.30663558407028546,-0.3584512243835963,0.10764563177135522
2011-07-18,-0.2736462756314952,0.17299859444750013,-0.5628725086905808,-0.22536525339363303,-0.3867883902157926
2011-07-19,0.07376254972383284,-0.6274828067378443,-0.08000624146882813,0.17016502734449318,0.14263640794931803
2011-07-20,-0.7051186230474047,-0.8021628522702092,-0.30893402617933574,-0.7913424803275633,-0.544872330738782
2011-07-21,0.002888899777875764,0.1844474779066214,0.7485702149641634,0.4870200298612168,0.07641394751361538
2011-07-22,-0.285997883530297,-0.3219929869924003,0.9156239443329364,-0.003255859827469232,-0.030843022675410725
2011-07-25,-0.28085887680435523,-0.08140293848080532,-0.24557882173754503,0.029528204453047865,-0.08531468637214752
2011-07-26,-0.6030369641677468,-0.690362968017444,-0.7264878955240652,-0.4489440001184648,-0.5172219619219981
2011-07-27,-0.45734206857028453,-0.4282200457384633,0.4355505072631866,0.07767011913334151,-0.25303189268433085
2011-07-28,-0.07661918642781965,-0.19513909142243036,-0.8394914721325697,-0.006753247391795312,-0.16085099512377202
2011-07-29,0.6705045774749766,0.6256845760094203,0.2068439708404013,0.9343254728446765,0.7570026669054907
2011-08-01,-1.1253236460109246,-0.8661935545906188,-0.9843328521055115,-0.4447753589692982,-0.9854313509575106
2011-08-02,1.3000524451766333,1.340638813278,0.5901270525350051,1.1272158689616876,1.1850358482579109
2011-08-03,-0.08958019188828703,-0.05185867140218248,-0.8380311536198217,-0.01432816161402961,-0.35556165680153795
2011-08-04,1.26839545028477,1.3206721308164313,2.3741678101230774,1.5819747123558594,1.3809538092359113
2011-08-05,-0.3185288303662075,-0.22138985388780186,-2.039608225177427,-3.104035989843926,-1.7682893601908556
2011-08-08,1.615638871080681,1.5876971006396239,2.84060872409626,2.535748100924853,1.9793951794215237
2011-08-09,-0.9801975844221623,-0.7851562047499743,-1.5208999139719854,-0.03273741096506794,-1.1027551239379214
2011-08-10,0.5707268687179986,0.635256929602903,1.9239285742075458,1.4527015032833088,1.5560007347342295
2011-08-11,-0.5195305482802113,-0.2629876096336694,-2.023347546097084,-0.04622969414640399,-1.0319631663926168
2011-08-12,-0.09467758146149695,0.3370865846713398,0.276906223303049,-0.13804364902959054,0.22809241472959635
2011-08-15,-3.392658360755637,-3.2786735612732985,-2.9843110200511815,-3.351301610107392,-2.9663761648835987
2011-08-16,2.2554312340163003,2.045483524597006,3.3666854514485607,2.3581215431413165,2.2614192144645924
2011-08-17,0.21378196725449883,0.38815834586565073,0.215633680972957,0.23180942478065572,0.718565197091059
2011-08-18,0.15971916432847283,0.17946990496902535,0.40832145453541424,0.4430461004298546,0.3348340784560035
2011-08-19,0.10539390708647162,-0.02142861408983323,-0.5547755320878207,0.02578108740685539,-1.0010866519308133
2011-08-22,-0.46222868328489247,-0.4002833996359112,-0.2906736387514385,-0.673006075354005,-0.3679615337915091
2011-08-23,-0.2594047835566135,-0.5577323645865482,-0.29373782254090197,-0.3330423606437951,-0.20118866237978716
2011-08-24,0.28149873485866467,0.256833380661147,0.7871706332987632,0.5016498096198029,0.6831203434950491
2011-08-25,0.5933867613110463,0.7133264312937154,0.5393228708767734,0.10331233909936469,0.6126071374255049
2011-08-26,-0.26584243487818204,-0.21819804861463715,-0.526579554092397,-0.8536137976947028,-0.4842402301475009
2011-08-29,-0.01055094189981224,0.20651453602990388,0.7765024984855778,0.8955817865881011,0.44774554945488865
2011-08-30,0.10821409973445657,0.32118518644812794,0.48067047515554484,-0.0816881887669236,0.21245126958451627
2011-08-31,0.23874418740982933,0.07692666373059029,-0.30579143217526383,0.5047045693098122,0.18655522585669487
2011-09-01,0.14638327511485766,0.1597707293257322,-0.37003068593205846,0.1395653532871859,0.3764880707501292
2011-09-02,-0.9743176208612047,-1.003685716742794,-1.8660019443051117,-1.1487503795836205,-0.8745509035570174
2011-09-05,0.5474713325985769,0.6184392982326201,-0.4166332018523665,0.5029476058844318,0.2802116362697784
2011-09-06,-0.05702250857193705,-0.1076911103316866,-0.9334501339647836,-0.09051431075041212,-0.32175605266930934
2011-09-07,-0.09011535329947819,-0.29458779849753675,-0.7067678271198445,-1.0145978868931023,-0.37223174579058005
2011-09-08,0.7761374611139642,0.6856240888547603,1.2243743785482248,1.0507876316744738,0.8287358830506875
2011-09-09,0.4019661573697921,0.6225514617191288,-0.7703171059007925,0.15100480135373243,0.0914360512711957
2011-09-12,0.572036478659285,0.7070321547972654,-1.8683017537885738,0.5846379866221448,-0.7778829311707024
2011-09-13,1.1988261286659656,0.9011675747316144,1.1226644385518332,1.549325271910508,0.44961761999653244
2011-09-14,0.6163640532001093,0.6906827019383512,0.8385370324291668,0.951507863800609,0.17045823738785565
2011-09-15,0.6116387626017384,0.7323503614482403,1.1365835154783779,0.9785983045110732,0.2743560149166606
2011-09-16,0.07458781135760167,0.28628601006459,1.1124973556601097,0.034814577176359204,0.244106038227921
2011-09-19,1.1570915123297745,1.3199449199928928,0.1815472623505141,0.9215223143520219,1.0172668757773144
2011-09-20,0.21283937426524635,0.36654224099071736,-0.661681826334435,0.5446997277802137,-1.1641042760996463
2011-09-21,1.1946639909070775,1.210583142638396,1.670969703533812,1.4206542916231892,0.9683874957788564
2011-09-22,-0.3138692736234333,-0.1707327176940035,-0.9526987014181678,-0.4216994955761687,-2.283409901500035
2011-09-23,0.836943131757127,0.8754718741216179,-0.07687310649567852,1.1433673823466022,-1.2603392389190498
2011-09-26,0.5073809666862503,0.5837037496061774,0.822124909995829,0.2137377178556268,0.4126396851560541
2011-09-27,-0.8960727292299214,-1.1556575800555065,-1.0124748935501533,-0.6861424509357887,-0.6138519222855323
2011-09-28,0.9129727668089431,0.849416276076969,1.3378037927813642,0.3653417518452138,1.563126720879336
2011-09-29,0.3659692683415178,0.46858474103098713,0.1513637533370207,0.5927253455279002,-0.2985886165436533
2011-09-30,0.586341419458843,0.7367153533110753,0.9176205532682112,0.3230239723651752,0.4918668095025651
2011-10-03,0.8544411737404645,1.0222306670808758,-0.7140648188801368,0.24454211426177347,0.32134021860549716
2011-10-04,-3.284081431323606,-3.364804891083268,-4.842015247978008,-2.6232272739808757,-4.064342318535257
2011-10-05,1.4637519974153326,1.6801963660936967,2.033178882225233,1.473102677574952,0.9188988172487336
2011-10-06,-0.24399356521330862,-0.12063830891710475,-0.034729724585259525,-0.3536356480032556,0.2749409368865715
2011-10-07,0.5548433045139632,0.5196197417618886,1.271314574969731,0.7200805826422185,0.949663425230212
2011-10-10,-1.5879951988218668,-1.4920466090472018,-1.7294588702134746,-1.730467685065371,-1.1655087854131945
2011-10-11,0.002545735437364749,0.332180870673381,1.7674373947643363,0.1860004890898177,1.532239500612365
2011-10-12,-0.4966362946345135,-0.8555331162501862,-0.051268834675131936,-0.49089783597604303,-0.462029785221609
2011-10-13,0.18532620691541923,0.15450273135640502,1.329290722418736,-0.4629008310231789,0.6267038354621001
2011-10-14,-0.442870615370597,-0.803674503337419,-0.5992586902737767,-0.1607277980924909,-0.27835217143696617
2011-10-17,-0.6171071910132406,-0.5666747622124528,0.37381296799172103,-0.9953424501407606,0.33578045969697645
2011-10-18,0.6356080865303051,0.6100539024805337,-0.15049170243615947,1.1030519774531498,0.2615063187061587
2011-10-19,-0.5987265449798754,-0.7707596521634222,-0.7875408331246435,-0.48569030509895933,-0.2722735172837768
2011-10-20,-0.32824377095435436,-0.37859318420630445,-0.2020843833963672,-0.31575030954934874,-0.20284792919381367
2011-10-21,1.3084134472284388,1.394468401159632,1.4199688862272497,1.237732340457314,0.8287083502455475
2011-10-24,0.018581468052482453,0.12029858981599872,0.5814551476954624,0.8069250775120935,0.035799670805948036
2011-10-25,-0.19246645756031372,-0.21822205465755656,0.486908817188492,0.0377428393160196,0.6408397634608969
2011-10-26,-0.4514001238082737,-0.28174799932433553,-0.4337787675431468,-0.3839273649536812,-0.14805457133560118
2011-10-27,-0.576128996249571,-0.3802431513552622,-0.7901709946837342,-0.652551809449463,-0.9318810208931848
2011-10-28,-1.2299769555530427,-1.3382223993471487,0.8137992567610904,-0.8903718629091257,0.5088784076350482
2011-10-31,0.31391136983357193,0.37798125762887386,0.47434044154149746,0.6557421787840146,0.6363952761299567
2011-11-01,1.4098615631079339,1.4898957174631449,-0.560724238792903,-1.8962046691355485,0.8933640122929665
2011-11-02,0.7413059091156645,0.852364560873536,-1.1244543584680657,0.20074494854953312,-1.0773697092527286
2011-11-03,-0.0640180551489054,0.027059497196206816,-0.18144332029586524,0.06966424834480238,-0.7952490626451066
2011-11-04,-1.0248063286170324,-0.8792516704636287,-0.02461657804623606,-0.8782354986558365,-0.08175859444309513
2011-11-07,0.35095691666345835,0.46189834931571044,0.24086528840958596,0.309675488171692,0.28085585791592155
2011-11-08,0.02431462415875677,-0.24523854012360108,-0.21347464787346881,0.06384029267427656,-0.16796498334987803
2011-11-09,0.45936273962562674,0.44149598834829545,0.8922038913668513,0.9412495350987843,0.5656478648316863
2011-11-10,0.5873187005687709,0.6813695728343273,-1.4914744430546247,0.5782250807565769,-0.9075443589946068
2011-11-11,0.11262582630341957,0.12356807152920965,0.29465293088367767,0.22729700684434154,-0.5359634266847222
2011-11-14,-0.3824835220918222,-0.1388698606075267,0.9618677650497345,0.2750801974692105,0.5236492642233082
2011-11-15,0.5569221071259487,0.39349784201485616,-0.34579588514085846,0.7688765274401942,-0.2708259361094514
2011-11-16,0.4344915727312068,0.5655893787590265,-0.6130354225155047,0.4636597417169251,-0.01725207908720948
2011-11-17,0.23810439838190128,0.33176045793667663,-0.46165631586385186,0.22766956278400097,-0.16767593172133816
2011-11-18,-0.2850441103170853,-0.32140970513722367,-0.2980003731814588,-0.1584183824148046,-0.42681778358042716
2011-11-21,0.9706030708881151,0.8377377516377146,1.494049282774192,1.1563202883293113,0.8088132497168771
2011-11-22,-0.4799456964369276,-0.5008400300637871,-0.6710096999354543,-0.5700688171225728,-0.7545300754596569
2011-11-23,0.2547176469073107,0.21624164107282967,0.4857530431221133,0.17446616523606454,0.3013837952329527
2011-11-24,0.09898397978064498,0.16948105508524017,-1.1099288555223488,-0.31772355636791916,-0.6067895972970248
2011-11-25,0.37072683780756216,0.3197220096954435,-0.04824240365692031,0.4449323880327965,0.21500781380091438
2011-11-28,-1.349033896316098,-1.6422774286842443,-1.5582788560492253,-1.9955592658340102,-0.8848810229302893
2011-11-29,0.7718665172751356,0.5340600784388116,0.7090871221827222,0.19635565262842297,0.9075572934412943
2011-11-30,0.07215848733012176,0.22812435345912135,0.12190766153619154,0.10548798135885129,0.5103798427783932
2011-12-01,-1.181184120604623,-1.329883065908562,-0.26439867166340153,-0.6835032446688646,0.20062323811145105
2011-12-02,-0.7837016161584681,-0.7819632747053497,-0.4493886550337893,-0.8802553930386491,-0.5518230648555088
2011-12-05,0.693155309786457,0.8944326840779583,0.36703397928694514,0.27132134247645856,0.6584518421083856
2011-12-06,-0.4677723659653537,-0.1788768878203691,-0.7684548775849188,-0.21832835165262227,-0.36623171471886923
2011-12-07,-0.5274417291600361,-0.383991310407795,-0.41303352669808185,-0.385034306415683,-0.6162337135365589
2011-12-08,0.18888126249143777,-0.3532073929286937,0.1289923021469982,0.3240140645682831,-0.08970459734741892
2011-12-09,0.6681646839484738,0.7376602620782068,0.2175953282767965,0.6667901716798381,-0.16686124864070473
2011-12-12,-0.6633255054188438,-0.5856167746104928,-0.5407499500019748,-0.599361289996979,-0.8197415016732997
2011-12-13,2.248895034989039,2.055991410277545,0.7501183957157008,1.867355262388126,1.281925660844877
2011-12-14,-0.15272635380269706,0.01978271370966389,-1.5718739611454637,-0.32559012047629327,-0.3139367869157268
2011-12-15,-0.009176959689932353,-0.09689128294687206,-0.5393632586927051,-0.19783344326598762,-0.3198525257739794
2011-12-16,-0.3122845467166589,-0.36532095962627864,-0.107901048026431,0.0035808899890922494,-0.1584963111242702
2011-12-19,0.3437069947547517,0.8478111840051359,0.43213446439807196,0.4412715896549171,0.5481087412793046
2011-12-20,-0.20623548329064706,0.5557819254453902,-0.40229861410118883,-0.4646222439258257,-0.37350458701594
2011-12-21,-0.4907451956898471,-1.0473234175268606,0.07715912599810262,-0.3018317811118988,0.10146887466915591
2011-12-22,-0.057305554475699946,0.008719069021766335,-0.3183964822346779,-0.3067631554668443,0.2704699425187622
2011-12-23,-0.22861390402748036,-0.07725441144717067,-0.17263378083770883,-0.3833197477020355,0.038919139208157816
2011-12-26,-0.08226575314312554,-0.34563815709818513,-0.16420841460973437,0.00600847597971943,-0.03962977874095652
2011-12-27,0.6138621565961544,0.7354018140021139,0.6330627981705911,0.6936439022134652,0.7868112424692881
2011-12-28,-0.2037686042929368,-0.010842971971409987,-0.014536323152286673,-0.009884605179849598,-0.30616012677100035
2011-12-29,0.3929265544739339,0.4833958293340914,-0.6785243021898482,0.3360569157364161,0.050118835540075596
2011-12-30,-0.0704409484141846,0.10736900847010727,-0.07230379985585236,0.27276620947888774,-0.11530391660666876
2012-01-02,-0.18484187512119457,0.24173851082442682,-0.15218241107570965,0.6981066944191658,0.021011801204689817
2012-01-03,-0.5757895328182794,-0.4629579594811367,-0.7229463376976777,-0.3228283661021796,-0.5479078186377413
2012-01-04,-0.6262673841966365,-0.8492742394801254,0.2031548487157348,-0.30353647179623505,0.1829384943701101
2012-01-05,0.23909893330639884,0.14260613549424922,-0.5665974018562612,0.31835882652689795,0.1322085477308197
2012-01-06,0.16142219883612538,-0.053146187207262365,-1.0692940057098346,-0.4153547029932111,-0.10526056113284771
2012-01-09,-0.06796663462584221,0.03513912695711609,-1.23987516250854,0.15440907901850212,-0.512585771615014
2012-01-10,-0.16184469263533532,-0.3529953284168063,0.3305489787403073,-0.05699972400727586,-0.23235791071884604
2012-01-11,-0.36109894497200873,-0.40781073840970755,-0.44779002668349477,-0.3273114235136576,-0.07164694036187375
2012-01-12,0.23222151744626307,0.1275256701906869,-0.02116746807474973,0.23757042603865555,0.21272472513521867
2012-01-13,-0.1274869314669474,-0.17080705874745922,0.5759879986904501,-0.03541073481825466,0.01865974089786418
2012-01-16,0.19067637214542144,0.5181471796688364,-1.0183367942714927,0.04049085599520174,-0.10794180014315838
2012-01-17,-0.564306228643489,-0.6264061276474748,-0.6675503687887054,-0.4780144276321942,-0.4546481386669751
2012-01-18,-0.5436082943998063,-0.7723533366412126,0.03699430985972074,-0.5080896964616287,-0.052069463001749416
2012-01-19,-0.39683390982740513,-0.40876920354616053,0.6424891754948465,-0.3073799568571407,0.1834148606288944
2012-01-20,0.2794373809787933,0.2989070403375911,1.2527503861705103,-0.10431661230740508,0.7988610856729222
2012-01-23,0.012425339337734535,-0.2428788925883953,-0.38866885695363246,0.09751209749902688,0.2425209234653271
2012-01-24,-0.31700990983049937,-0.21137441859374462,0.6954665422217149,-0.35252765562347316,0.23209484464610602
2012-01-25,-1.815593128054286,-1.937613914593901,-1.4942221962346451,-2.697203676610991,-1.6392475179217258
2012-01-26,-0.05652683663227848,-0.09330645197610438,0.4528534332399614,-0.23112218977218105,0.09468675968297813
2012-01-27,-0.5746945326784139,-0.9368665722905962,-0.5997402408494461,-0.20911047739801278,-0.4039717091308291
2012-01-30,0.445890662233753,0.463629561849559,1.2923947348583669,1.4681216713219822,0.9536288974460324
2012-01-31,-0.4565426520377968,-0.26073124791559743,-0.7793036095727943,0.15931856352006007,-0.6058578296082007
2012-02-01,0.38743356330486034,0.48839150565205086,-0.1723940644754265,0.6114974721516524,0.13957703738685717
2012-02-02,-0.7667592793862026,-0.688088612103604,-0.1729784077089604,-0.6497466385370896,-0.15720625048116196
2012-02-03,-1.0002876512139,-0.9916645729055527,-1.142206333851524,-0.9418670444578605,-0.6940241459119185
2012-02-06,0.2134572097513022,0.12566138870077226,0.061184828175708694,-0.23413470399475173,0.3984021518960139
2012-02-07,0.054069114031393674,-0.07673147008082591,-0.02847248005598471,-0.027411584513058855,-0.2345204516212876
2012-02-08,-0.06819342168424163,-0.04887854529834294,0.8797147076728901,-0.39096165729893373,0.077254062324022793
2012-02-09,-0.024164729081982354,0.13753801802364807,0.18437991133647694,-0.41895279281822084,-0.040313545613003064
2012-02-10,0.643258308521616,0.730119928964684,0.9129596715994821,-0.15322231026591893,0.4686850082217504
2012-02-13,0.1923769100260672,0.2958177285007029,-0.03978841156873389,-0.03483221951265996,-0.296849886243588
2012-02-14,0.6956043622653096,0.7166471988114782,0.061737089796405124,0.9093934196234633,0.29151083932080835
2012-02-15,-0.18020621088190364,-0.1527523261533538,-0.47604423747630764,-1.2605800795982218,-0.5980176865052351
2012-02-16,0.21397800002589762,0.2024279822037017,-0.4262941125948849,-0.08891079178305224,-0.06130265356336698
2012-02-17,-0.09038929511757031,-0.12642715283023187,0.29940384036555134,-0.5772673975175565,0.09508020296891756
2012-02-20,-0.5925586518939278,-0.5525395653008716,0.2541222533805316,-1.8721458951311118,0.3679923663755563
2012-02-21,-0.1984369062640482,-0.25989179627848635,-0.20233103272788908,-0.11196400755746827,-0.30157577248183354
2012-02-22,-0.015520463578004273,-0.013025721593210846,0.2594627785580878,-0.29903793135239365,-0.2425173328290514
2012-02-23,-0.4205578622238669,-0.41019869960541416,-0.2697098533033475,-1.0240266957623285,-0.6460396556815474
2012-02-24,-0.07445811726618985,-0.14457638679202148,0.8291539644889875,0.2888271672577396,0.20768903353186524
2012-02-27,0.16760566986384792,0.15901623634487175,1.0556509461513497,-1.684900779679004,0.011719278140097877
2012-02-28,-0.30953338768536015,-0.3739077601225534,-0.5591095108042641,0.6508916203042816,-0.3131721943020441
2012-02-29,-0.27960126792914936,-0.2631175173700168,0.18752681930546874,-0.13521274542197742,0.13815757397647183
2012-03-01,-0.07472876561770335,-0.02995013355257988,-1.1576833241416484,-1.0311757507902275,-0.19173000615117497
2012-03-02,-0.08972923306965506,-0.1657053642894958,-0.32256232456652834,-0.042612378275447726,0.04541655046291329
2012-03-05,0.5307010611519144,0.5157558567304317,-0.5550000545169035,-0.07754372554123917,0.13444970341903814
2012-03-06,0.3681621163375306,0.2551215664013331,0.4457875023614714,0.39272079497702794,0.12844272568208742
2012-03-07,0.06803934813313782,-0.03323643183476874,-0.6721737345505941,1.1233073104626672,-0.468884620409995
2012-03-08,-0.6409537872074075,-0.5899983554892285,-0.6703429510434147,-1.3195173773973576,-0.5776925088805234
2012-03-09,0.0964763690087197,-0.03668734315889985,1.090556705715073,-0.2835604519717073,0.6257110948736038
2012-03-12,0.6530020584353222,0.7042495341356255,-0.2675546340796427,-0.3780986591162513,0.4705322062512114
2012-03-13,0.1604215638629476,-0.0020756581073395897,0.3092062255279269,-3.120582531495955e-4,0.23811372310067458
2012-03-14,0.9710249449396733,0.9260883028271719,0.349317131148015,0.23000154879632395,0.9275802327690976
2012-03-15,-0.035954758661828096,-0.051274695950072,-0.5795253647913172,-1.2332665090310504,-0.6369760317977016
2012-03-16,0.15442225564490314,0.19984509784816415,0.4763128446602377,0.40468867948038867,0.2890640885637024
2012-03-19,-0.2772901119529987,-0.15342851936640706,0.5498813892681573,-0.18852922626222313,0.3692866667585456
2012-03-20,1.0445675797683753,1.1255503710438741,1.6136599895771206,1.165472919291237,1.3071442555537314
2012-03-21,0.21642152369626833,0.27877479115773357,0.4395346710804603,-0.142462387292204,0.05314591796540147
2012-03-22,0.3673767387343548,0.42710966765825376,0.29466517768160516,0.8496033477892425,0.3162450167392605
2012-03-23,-0.4719476682179304,-0.11225759325626618,-0.5760538985684182,0.42600070588413286,-0.4125569746520138
2012-03-26,-0.13106689232992919,-0.1380474583728364,0.4243582579643632,-0.07495013356825436,0.17314416167413327
2012-03-27,-0.6226684986341666,-0.6637053056816546,0.06786639574566906,-1.0997046925193243,-0.37387530164053395
2012-03-28,0.14885841300297703,0.1351697077826401,0.0417944903603593,0.024345160363620555,0.08173045758020142
2012-03-29,0.019318529349912066,0.042599265755056424,-0.025756299179135113,0.2535589379438973,0.0036137210954179447
2012-03-30,-0.05628407670979961,-0.11755585673358539,-0.15776051694818466,0.6578871223404001,-0.1661215720501802
2012-04-02,-0.2796527891855575,-0.12912515147479287,0.030145148843633486,-0.8951676355817579,0.13408584396439657
2012-04-03,-0.14282632575818677,-0.13014467339040064,-0.2720002723939995,1.3890695824274129,-0.009049538341618625
2012-04-04,0.3832461477751179,0.3785094516325422,-0.46813012833604783,-0.9533944787329038,0.15482477574501877
2012-04-05,0.20064667393747504,0.20983275299498313,-0.5918041835557799,0.4521252524118814,-0.01951999833632169
2012-04-06,-0.22915687943070945,-0.4369024954900518,-0.9949638632991668,0.014366209844114998,-0.3494011106672924
2012-04-09,-0.15704015345178918,-0.15826420633216776,-0.2239366025771934,1.0399207316372558,-0.4470355485269202
2012-04-10,0.30080879089533974,0.2826943179314088,0.5237124550168127,0.09649498698830454,0.20225121799723483
2012-04-11,0.10720081855695376,0.0780352849878534,-0.12336846127565174,1.2273857438555018,0.00293207841466267
2012-04-12,0.13017325395871998,0.17880911465703517,0.44049592392042203,-0.09381987147820103,0.5918117437560628
2012-04-13,-0.4548023042608308,-0.41625603209441586,0.14650430693495428,-0.4006639653315751,0.26128336903314664
2012-04-16,0.4626950070657875,0.5452258284588645,-0.4293886341701877,0.5219154339448149,0.7833325599238511
2012-04-17,-0.08774045552208867,-0.24535208150000895,0.2625878009229675,0.5471217012905916,0.10831130352326193
2012-04-18,-0.15869535341458801,-0.010609353313967722,-0.013461443953785436,-0.8988306920492275,0.1074230803231386
2012-04-19,0.045886917341808164,0.05967247238456305,-0.04600283348019114,-0.3582179494882034,-0.17077835503552447
2012-04-20,-0.12948508833873404,-0.15513635723562855,0.04633676200320767,-0.5694143713975324,-0.18342340391699735
2012-04-23,0.10298574088831079,0.017324468497940913,0.5856227732730428,0.057282058438943004,0.27112454848257694
2012-04-24,0.020631891123852632,0.03146483349232778,-0.27122258757214146,0.6510160848779216,0.13497265676440692
2012-04-25,-0.26213012737527286,-0.25032686639262075,0.023046924078239363,-0.5488851495277671,-0.021099041321513315
2012-04-26,-1.912871608310825,-1.8685445152979223,-1.594385105322183,-1.8384693815724304,-1.7042461453343498
2012-04-27,1.049966140274471,1.0154982295979438,0.7317353960028975,1.4270803898956554,0.7661305719597559
2012-04-30,0.31540118756228486,0.21638789592296342,0.640273581284809,1.1956630965815522,0.7702640212371414
2012-05-01,-0.6019688691852101,-0.31045889333296267,-0.5212215938984666,0.05978894449990976,-0.2387984389375598
2012-05-02,-0.062148639948285817,-0.041973236378099764,-0.05895248672298911,-0.30510343369958903,0.06472709323523926
2012-05-03,0.21453597025841145,0.1513759426974886,-0.4943489402466638,0.28162022581640556,-0.18182692787984092
2012-05-04,0.45632480982894896,0.49222777755043945,0.37126847689624565,0.3474854518271867,0.14972692240064947
2012-05-07,0.25216987652691114,0.2604235628411554,-1.1698554525408063,0.7114214162964908,-0.3733159409966823
2012-05-08,0.1191304452786704,0.02561383062254196,0.5217589857181647,0.05452503977329166,0.3396630043498224
2012-05-09,0.49544951628386896,0.3315983573780779,0.08440410023315598,0.5563331449427312,0.3295161023677015
2012-05-10,0.002049148806570783,-0.027274499620229112,-0.5232537070355543,0.1813275866874972,-0.20743347400293688
2012-05-11,0.16339673677913036,0.08960661602386667,0.041032806532416935,-0.005382046797884166,0.06499717441798135
2012-05-14,0.1728207419426195,0.22992003918521495,-0.1189365050733314,-0.06082385859954636,0.16937696177259584
2012-05-15,0.14722913728082873,0.0026523090309157338,-0.43671592344631144,0.333074083485484,-0.21505516408296577
2012-05-16,1.1943154558158227,1.2161453580055253,0.31883952986097486,0.6264334792184502,0.7972611893571486
2012-05-17,0.1357330435505513,0.23883599777925563,-0.051305681425669034,-0.022981258709536906,-0.20063485699564892
2012-05-18,0.6311162876961264,0.6426446998804706,0.3560855274283692,1.7938044980331624,0.10048300488461274
2012-05-21,0.1134672751714678,0.046848759484853494,0.66452402238694,0.5663880879381895,0.012650703501151883
2012-05-22,-0.4190006526791052,-0.3473362644216302,0.008800318064243529,-0.659419463228653,0.03008797451426874
2012-05-23,0.7188317738529906,0.7877847100341134,-0.34546849776314525,-0.05057414595089587,0.08858513176955408
2012-05-24,0.23753342739319977,0.11678788310471441,-0.797530378551011,0.82670218725722,-0.0034573236133523463
2012-05-25,0.206849395807742,0.0472340913904863,-0.20540898626078707,-0.005473215914903393,0.2796660244662967
2012-05-28,-0.15675198513111083,-0.18783831054412883,0.027565742084238808,-0.10789700205164135,-0.09930281321348267
2012-05-29,0.06686369534426549,0.07970168969148261,-0.24667276820277698,0.11747237239001534,-0.05458921202121919
2012-05-30,0.4264272715385435,0.3935044233730884,-0.01733694536219698,0.5072561369823605,0.3100748512093973
2012-05-31,0.34079863941632255,0.2195852663704967,-0.5740990025784436,0.9911042662700884,-0.31049658165955
2012-06-01,-2.43514485891165,-2.7169296711119437,-2.7183319034573548,-1.7712990125254309,-2.5681790548786156
2012-06-04,2.8971332106447365,2.6302189857380265,3.0749300937262127,3.630455703634911,1.72031637928593
2012-06-05,0.5811215867448992,0.7840262179299495,1.5513519343758317,0.22686117147152918,1.5242173143354176
2012-06-06,-0.6800297342278916,-0.6033505795419618,-0.7855229780188886,-1.204602385256751,-0.11618584856118686
2012-06-07,-0.6324189927977641,-0.5932305851572165,0.2222502113926302,-1.3641932445385532,0.25705033056636534
2012-06-08,0.6782943343299975,0.5545713700042089,0.809668603814043,0.06114911222134989,0.7534302103407006
2012-06-11,-0.3342701131761414,-0.40534192584692247,0.30204150675187363,-0.28796802817349343,-0.12323969734927837
2012-06-12,0.2859077696455855,0.2681240311510129,-0.9085693965244064,0.633521926805949,-0.43171167523466664
2012-06-13,-0.07935239377398864,-0.03275379371496738,-0.12378754494853375,-0.3171817391138625,-0.052163466944190745
2012-06-14,0.3567352480681315,0.6565536760729518,0.8986363236351365,0.519474484913615,0.4356361308574359
2012-06-15,-0.9082322697696252,-1.140421159135357,-0.3477433286431454,-0.9599691421669702,-0.5694933642849181
2012-06-18,-0.18539925017040612,-0.20231092214279278,0.5184605052472352,0.3094852400325855,0.6759450181290763
2012-06-19,-0.05796977107855771,0.057139420256147176,-0.7679574290718747,0.08081623884017988,0.028179069140649493
2012-06-20,-0.04479811712473276,0.02241414849135328,0.449496498001462,-0.06871244761140519,0.21093141139495744
2012-06-21,0.6656932797156355,0.754884158035695,0.772804077457793,0.1734763520711617,0.5396293815417537
2012-06-22,0.5767913419707025,0.4129919571536125,-0.3983897462072582,-0.27245359438060984,-0.02573687880517045
2012-06-25,0.26751043868007546,0.28758478189712877,-0.03166790404478378,-0.5446109249933588,0.15639882076978262
2012-06-26,-0.0749358672244878,-0.028630452235216777,-0.3858899501523911,0.9400200867111745,-0.25832525974406173
2012-06-27,-0.03356764063492679,-0.012116680952692516,-0.23839466047009344,0.36644098613224885,0.0663538503989726
2012-06-28,0.09492676359084537,0.17733374970461496,-0.06469000365875074,-0.13178291867306643,0.25697861193096816
2012-06-29,-0.7869532484527593,-0.7559751202744575,-1.0811063091368336,-0.3606403566232185,-0.9888596607897583
2012-07-02,-0.36526987156657775,-0.3626958357858755,1.250698074785242,-0.9324887081862142,0.5072775950518832
2012-07-03,-0.3936202156131953,-0.34528809545495887,-0.6414223283718696,0.02827039613845167,-0.2374600482587096
2012-07-04,0.025120959236320642,-0.06066904005420998,0.13923596606054967,-0.40067460717301595,0.4203885955593125
2012-07-05,0.23491729574230127,0.2895534391268903,-0.4551688587518204,0.04156382947637152,0.029789457850489337
2012-07-06,0.37550469577328616,0.27484374355339924,-0.7700086089295948,0.43981414251761697,0.4950097432032942
2012-07-09,0.5698332132897742,0.4366062870103386,-0.6407685618002963,1.0490544444311232,0.1216445545681586
2012-07-10,-0.3432105267559298,-0.4322165265477353,-0.20404683365156784,-0.39044959170583127,-0.11166068888941566
2012-07-11,0.023035240572229873,0.07016471874717656,-0.4543171446925508,0.2921154251160045,0.09758723667806901
2012-07-12,0.4167787475094389,0.33427771784193727,0.23358615808156757,0.1253134182070372,0.8544253090612708
2012-07-13,-0.13894604329796412,-0.2035735791093243,-0.6111359510102382,0.17907835968127694,-0.3078607242802918
2012-07-16,-0.1982568899860915,-0.47656412807098575,0.15769401959695314,0.035241727613288074,0.06918851229055334
2012-07-17,-0.46160164673414117,-0.33225092690992253,-0.23186926606754513,0.02121386798788534,-0.37199007824850433
2012-07-18,-0.19328837940564797,-0.110850000309471,0.05908310923895222,-0.45761623027021064,0.027106619585308966
2012-07-19,-0.37532699890569327,-0.3133268421486034,-0.4801151843824559,-0.03778798208824845,-0.14322392909124265
2012-07-20,0.09547019532374869,0.022414028083350815,0.05092147382938403,0.23348526212767856,0.43352920590034344
2012-07-23,0.5731007930991417,0.543714532134234,-0.6657919750411919,0.9552106980798691,0.37439100078922527
2012-07-24,0.25994125062323714,0.10454635451536662,-0.016891967761321486,0.47276260830744093,0.11703982863085641
2012-07-25,-0.0762719096895643,-0.11293273942193593,-0.6355022685211403,0.20935189702404258,-0.18891935023551928
2012-07-26,-0.35317218009053036,-0.37984471091177185,0.17335726829020545,-0.3025636847179417,0.07700695359326713
2012-07-27,-0.15634789007892375,-0.12005354458017208,1.0942640075424652,-0.4209896468161797,0.33042742001046943
2012-07-30,-0.32546552658709627,-0.2808181641429528,0.13712341203578302,-0.5871681097908326,0.13013983370750815
2012-07-31,-0.9672704158292077,-0.9636389498834868,-1.2476249704942253,-0.4845789917308116,-0.7754021754364572
2012-08-01,-0.4381992648468494,-0.2342397318843753,-0.2564985526968539,-0.35607549575731945,-0.51991692875601
2012-08-02,0.3008044542109879,0.19809668327167496,-0.11709808433543525,-0.01297463679217592,0.006089047271876036
2012-08-03,0.06598792036628788,0.07352802310679694,-0.5233091970178805,0.20808008082361296,-0.09829056941807089
2012-08-06,-0.6404937493115914,-0.6910569583521818,1.2532246072069546,-1.1147594133654881,-0.041264816529921464
2012-08-07,-0.26535900127809237,-0.3639631601845242,-0.17847701225329882,0.2106544817487266,-0.23576148407401207
2012-08-08,0.17530491256419703,0.2360179516937626,0.1518032483905856,-0.27026783547200833,0.007933397432953154
2012-08-09,-0.07260591521506653,0.03505906359440106,-0.18620498680025735,0.11869856151861896,-0.2829429109377301
2012-08-10,0.38008584909951,0.3907662145792491,-0.28792462664477536,0.14656891150706094,0.29577793752382475
2012-08-13,0.051761880286466305,0.12787348583639493,-0.22048959085295988,0.4615416886385321,0.0976187040773599
2012-08-14,-0.06584014257810206,-0.08776324014724017,0.2890303983461361,-0.1052009521125795,-0.1354417264785092
2012-08-15,0.24651597648291593,0.2953865520307971,0.3115677839827441,-0.37545857418520073,0.1508729205025598
2012-08-16,0.3699808279066742,0.34659944338391563,0.09672771209820938,0.04534578266058793,0.2067728670528437
2012-08-17,0.03349786589513712,-0.0047373828593382655,0.5439850647861199,-0.351574351675364,0.06675644854444676
2012-08-20,0.03291367387205992,0.1533255339330559,-0.05277636496814192,-0.347537702833117,-0.19463652853842872
2012-08-21,0.018028377335043887,0.04004824542805023,0.16898120122731777,0.18924638025590684,-0.08857394352790127
2012-08-22,-1.0828390115759694,-1.0282905436306495,-0.05537421252352878,-0.9442952125762852,-0.9577183630854192
2012-08-23,-0.34970584430558493,-0.3466868987569111,0.3017724936411279,0.6013437197184213,-0.263648806351369
2012-08-24,0.06249490068585639,-0.02258577923932889,0.39314667576112,0.12940085564421533,-0.0746781331451773
2012-08-27,0.38550672290335836,0.3618246856527335,8.73371736733991e-4,0.2204190128125949,0.11871996447416774
2012-08-28,0.4529483732237892,0.44180819101640473,0.3600749908125573,0.3877383750594765,0.25863263585719887
2012-08-29,0.08832201056580842,0.1559022208363572,0.6533249350073607,0.29507239695330595,0.11509170861567351
2012-08-30,0.09006000355166283,0.1694493500522451,-0.10185036926829971,-0.06897780978435372,0.009344132618133202
2012-08-31,-0.013783840115725388,0.04195949226230489,-0.21412152161550138,0.20042369709643934,0.0087538027576045
2012-09-03,-0.36327177011006023,-0.3235221419368174,0.11990618029967859,-0.023751754378351277,0.011851777210401905
2012-09-04,-0.22180361626198702,-0.13617230432868144,-0.052540021119292714,-0.22142418141753337,0.10723055048955092
2012-09-05,0.23075557360189927,0.14812727682634289,-0.1590597023216754,0.06672092167667418,0.14565431696014897
2012-09-06,0.08797951778111818,0.050336910542334704,0.5470685359060299,0.11668016645620646,0.15375696202105585
2012-09-07,-0.1473002609090874,-0.05152687971335885,0.1998789877453876,-0.7408526814446666,0.2842888502542245
2012-09-10,-0.3156239029461193,-0.29380388183620737,1.041552326657453,0.45635930711518646,0.3463240878763175
2012-09-11,-0.506021987442078,-0.44536762019449105,-0.4876898650224616,-0.386869430466897,-0.33797150088548233
2012-09-12,-0.625572366968891,-0.6108754017383707,0.060453992531978126,0.01563805185566486,-0.1289901231961688
2012-09-13,0.15136455298836518,0.22317287894860025,0.6728749850254396,0.1606751452106046,0.30298233133953023
2012-09-14,-1.3901553802847215,-1.4100797654158164,-0.5791215582875036,-1.1681680424125496,-1.0079931940274351
2012-09-17,-0.25568386778681995,-0.1306690140712495,0.8152973500752074,-1.0499560656495466,-0.06928125084446651
2012-09-18,0.7811384805254488,0.9005168851720707,0.9424964853702195,0.2270880694872006,0.5170411464435203
2012-09-19,0.11768004210280504,0.025500051334261004,-0.31227557978196335,-0.11463105571954985,0.1140734940091008
2012-09-20,0.2920804671921025,0.42371938369993484,0.30325416431142205,0.7387812450375983,0.4093427609777585
2012-09-21,-0.580102505450134,-0.41035933951768994,-1.2152584294728268,-0.27002732209217084,-0.45679920047089306
2012-09-24,0.5790902505920912,0.5438639904732833,0.38275138248065327,0.8000901268921089,0.40809788308765393
2012-09-25,0.09819895003778464,0.06321114860212104,-0.13901092843356128,0.37986795283055563,-0.02078701720018855
2012-09-26,0.38913251919228403,0.44938557642107707,0.02502296202551329,0.6055439367945825,0.2323555777603853
2012-09-27,-0.2328900844823405,-0.12067952103852311,-0.44007224834525244,-0.17721209165276763,-0.3534605322625893
2012-09-28,-0.5804795071232991,-0.5733240730382141,-0.38460973659463576,-0.4489666993776282,-0.30486150825200686
2012-10-01,0.025795527952238245,0.2615781611612365,-0.7643018927818349,-0.3846717115568499,-0.24721407920733085
2012-10-02,-0.304838536401684,-0.24979951438675718,0.13008940300501215,-0.4773923799018919,-0.42622971558848055
2012-10-03,0.15365733645865137,-0.48009633549470293,0.4578604250069418,-0.08133816784576701,-0.1479292799431148
2012-10-04,-0.0858196381775912,-0.21583039477593347,0.03489662802004356,-0.3824876854705778,-0.07718816363879463
2012-10-05,0.04486665751340338,0.01250292144766569,0.7963099457985823,-0.08150093399061183,0.14230857658138624
2012-10-08,0.39488262757338377,0.35747158102549825,0.5487754886286659,0.09825769420284632,0.35958114214876485
2012-10-09,0.18700794157880296,0.7938463790463038,-0.06351546132132571,0.659851076670049,0.3036342520194403
2012-10-10,0.12060496076007995,0.27527803537877915,-0.8399321576439699,0.2746280208694265,0.06184903469991257
2012-10-11,-0.18932252118369178,-0.30395384324872693,-0.3942403554171604,0.012964021835539182,-0.14416593302938496
2012-10-12,-0.30471811795938325,-0.009849249063139845,0.22522734387219806,-0.6865449411230211,-0.12216895899459426
2012-10-15,-0.12612995999176482,0.1135692412966354,0.05537125726135048,-0.25872259075981047,0.32080170625181753
2012-10-16,-0.1435765329193343,-0.1540463729006309,0.08204586368830862,-0.5677607326680331,0.13897173755010053
2012-10-17,-0.5736974088634754,-0.4933720594648213,0.5381567505369069,-0.6767625070436757,-0.2913862129488977
2012-10-18,-0.0912405506309177,0.03355774999583208,0.19765913838630084,-0.38217279744161226,0.07426734123607923
2012-10-19,0.42168225066278064,0.48601308767743473,0.1132155778050006,0.06518689930808609,0.24998605962360648
2012-10-22,0.162176816079837,0.17474043832749098,-0.2504164267725055,0.15900310111576244,-0.09993736434821936
2012-10-23,0.19477316163029393,0.19982576826718587,0.48036773137710664,-0.7263753955105784,0.2722652631537
2012-10-24,0.0693339879203187,0.140712426600196,-0.60009952279876555,0.139549727893594,-0.15697921452086777
2012-10-25,-0.5970220063906315,-0.5147481529068798,-0.8047559170372408,-0.6056569382806811,-0.5094694550257876
2012-10-26,-0.10852030095175597,-0.10807560696182203,-0.3817380924902545,-0.5822754324422288,-0.09006827175528676
2012-10-29,0.6637021554822194,0.39210189192638323,0.481755858335264,1.3236461567383118,0.6012908666509862
2012-10-30,-0.24815891523283834,0.02261630145376428,-0.3898029058121268,-0.31535886683597736,-0.09337962588864529
2012-10-31,-0.16324686303718328,-0.06887338547424976,0.22589068349989264,-0.060879670132913545,0.0063489719179561435
2012-11-01,0.17550170802395873,0.2561538162028145,0.27288867631072905,-0.02712440294917959,0.18173000287654287
2012-11-02,0.0518188482030625,0.04129614304928274,-0.052873757719889135,-0.4360634591195265,0.06332090554054119
2012-11-05,0.32821440630038334,0.2562831376632469,-0.6252146122578336,-0.09241149358233787,0.004953378201501036
2012-11-06,0.027125105666036112,0.09798402863288208,-0.36946360665400213,0.379032740212452,-0.0060110554096705895
2012-11-07,-0.22837387910374501,-0.2805633732190478,-0.2672388808829985,-0.3334961239020838,-0.15822096798237423
2012-11-08,0.25788061061650225,0.2569616986555834,-0.13384301170605806,0.6488328044737313,0.17442109876397816
2012-11-09,-0.024248719366095538,-0.39203672579087157,-0.2195216335977385,0.6383045209523159,-0.08279413031492848
2012-11-12,0.13623760756611236,0.41111300108617915,-0.0728392425326708,0.2601666024084451,0.20384555787192327
2012-11-13,-0.05661252885827926,0.4343589719654981,-0.20966435396697652,-0.22096887214253125,0.08543352687729475
2012-11-14,-0.15596399088735774,-0.26869320609951103,-0.19020933855304123,-0.005493753981619547,-0.11540598281925583
2012-11-15,0.056637802667624165,0.07137636590021068,0.22112690079367267,-0.8418790415742765,-0.005643646750732645
2012-11-16,0.3586935099928055,0.27149635697461966,0.8031151728648853,-0.919480713346849,0.2822132686500259
2012-11-19,-0.3618160966744194,-0.4149137453349741,-0.44572642086677083,-1.059726764031192,-0.47130014715912616
2012-11-20,-0.05230261674243311,-0.0737735128928898,-9.920729369865544e-4,0.08411832296606211,-0.07124333289782292
2012-11-21,0.04360540419591902,0.12931700946565475,0.400626401910718,-0.42829604029544227,0.057023668520335066
2012-11-22,-3.0330351887923254e-4,0.0462554454441443,0.4728783826695149,-1.0692155202449714,-0.0068560423965659395
2012-11-23,-0.04002725654210109,-0.12507679986918976,0.1437274037552455,0.06391129385099559,-0.06103897895187773
2012-11-26,-0.33519236595057494,-0.26075998940801737,0.4069216993845975,-0.5387420192261688,-0.16076467087564417
2012-11-27,-0.14367737584420898,-0.05834720953538127,0.17001679555952204,0.6577629255092761,-0.06176715422212266
2012-11-28,-0.02219000169388873,0.03624352951057109,-0.3383471106006333,-0.15232102218623628,-0.18093923418520386
2012-11-29,-0.037884095556060655,-0.10864302396887983,0.005610692636176265,-0.1463858284873905,-0.03370998193229085
2012-11-30,-0.20407494775299942,-0.28821771334956003,-0.040571340779296236,-0.22098677635233235,-0.07294789639573848
2012-12-03,-0.09993736854070379,-0.060429035210918414,0.10764670718187437,-0.46481029467501667,-0.07000193280452222
2012-12-04,0.10274221423362798,0.07072459860686664,0.02378381841051732,0.4431355575638172,0.21906876179600435
2012-12-05,0.004186885530512233,0.05170664427897874,0.8928287166041212,0.4389395266089342,0.15025514415614816
2012-12-06,0.22304374672846358,0.23540886878446482,0.1983929174322299,-0.4674894697149756,0.2270889715310963
2012-12-07,0.26417315137727787,0.23928726941051964,-0.5531245831182251,0.1575653588867823,0.15703467185795156
2012-12-10,0.1967238037254037,0.27704867637341823,-0.41526199793268725,0.018246588542944017,0.19656120851697095
2012-12-11,-0.026241269489948073,0.0870253243510073,0.09874712556224416,0.1986799623900962,-0.0627515774231817
2012-12-12,-0.3323560820962971,-0.7095690885157236,0.2745860411107651,-0.5018290762965756,-0.2489878972057036
2012-12-13,0.1551092366711812,-0.10547405305506972,0.6879684074961504,-0.6918479676229026,0.10239827520998997
2012-12-14,0.10531273045376197,0.1598623807061454,0.31560036742337694,-0.5764584011300482,0.06621532112913434
2012-12-17,0.05725967392112971,0.10325187990664843,0.7729993614097758,-0.6272034588069345,0.14371310523774675
2012-12-18,-0.1615603487917607,-0.08107524681870125,-0.007483882838676015,0.04366671700068425,-0.05814910650749111
2012-12-19,0.1429015748498236,0.2327226982874421,0.6735026889353724,-0.3602564415257442,0.32047340650929396
2012-12-20,-0.040206672035874705,0.03982479858534106,-0.03896460740247787,0.03845872562388261,-0.13495640184203192
2012-12-21,0.13498309006506265,0.13192860586939545,0.3047170914538284,-0.07876509100716947,0.23412874649497648
2012-12-24,0.195197775603181,0.20585410216174743,-0.18410256814562126,0.1705538979163962,0.026707337805262535
2012-12-25,0.06395659114000934,0.06203875733599065,-0.023154490293153692,-0.4531294024000098,0.08205225077490914
2012-12-26,0.07433067473679432,0.10704801924143628,0.06015146259224512,-0.191325786058184,0.037386428072731015
2012-12-27,-0.24207426494079903,-0.2478254858812985,0.10177991678864212,-1.064133399795128,-0.4224264687098724
2012-12-28,0.01628382497951336,-0.06961268824135691,0.2699464696154156,-1.069089554878518,-0.04716587931323976
2012-12-31,-0.1574839510160887,-0.10150543827156819,-0.2747226524437402,0.31713181957233805,-0.19244898095894172
2013-01-01,-0.02245070832291779,0.047555730551433174,-0.2536865506136174,-0.8192092810005944,0.10218693683066758
2013-01-02,-0.7911189095348017,-0.8887788376336917,-0.8713014976915504,-0.772424550510181,-0.7931628858550465
2013-01-03,0.0055957896567631615,-0.008737368926235362,-0.15953875572448212,-0.7365349299548622,-0.16842796526370107
2013-01-04,0.363266222985146,0.3608931630233111,-0.8236405379887555,-0.28359977082115834,-0.23416500307498156
2013-01-07,-0.13202607725522486,-0.07460565992253358,-0.11624348742812907,-0.7585350782614341,-0.2526808743911029
2013-01-08,0.055831391495787024,0.0773541017200131,0.49985977856961217,1.0522915305226526,-0.22325846745319666
2013-01-09,-0.18254714928335802,-0.08409027179860837,-0.4099776660930557,0.40889749647667495,-0.20578845537113255
2013-01-10,-0.5989384888664795,-0.6026979347799634,-0.8657493991200773,-1.9536812558168666,-0.6778505517978838
2013-01-11,-0.15519942213076882,-0.19336844409192527,1.4209196661459333,-1.596469673937507,0.12222401268219285
2013-01-14,-0.14329480073295994,-0.03789625485488082,0.8584640157424404,-0.6607450742237162,-0.4429919377007815
2013-01-15,-0.1532049185156358,-0.2374114366193242,0.17919010225970808,-0.14574800787892117,-0.17130553524850425
2013-01-16,0.14930410654310025,0.2573540261554204,-0.30487896255062774,0.9565348882855815,0.18731537111767838
2013-01-17,-0.18593218997258992,-0.24703298100781496,-0.41613590526632294,0.06335511411259302,-0.07559797112842655
2013-01-18,0.04015262871088513,0.031508013666035076,0.5977152718134606,-1.2537791382764407,0.049783015549403876
2013-01-21,0.6748364887520649,0.8811180843949936,0.4036101371666057,0.07650223473133339,0.3949078898334369
2013-01-22,0.460856028821092,0.3186507720535666,0.36117722859872026,1.000234852007986,0.37802298571693305
2013-01-23,-0.018965904707442208,-0.043115388735718116,0.0030477948056293475,1.257928319353338,0.20076467785258678
2013-01-24,-0.020413156537089708,-0.00501315377885128,-0.050472421614362606,0.1141857526015633,0.10265138569500545
2013-01-25,0.0816727210076292,0.12120946467611188,0.5305693874048388,-2.1140166315884894,-0.17629157206548132
2013-01-28,0.15366905519625687,0.1663048148165852,0.9757768245398647,-0.8626535873761174,-0.386116866280619
2013-01-29,0.7700698999319809,0.7215969284512633,0.8115855027642098,1.4168291705688174,0.39705900762903035
2013-01-30,0.5472188118158118,0.5571966867476179,0.9226569591440771,0.26162400147322823,0.8930434150588924
2013-01-31,0.8865997966916686,1.041476254918897,1.5661841014047586,0.5738828761480304,1.0600788003793178
2013-02-01,0.11099623776289272,0.25290139223077,0.6148563133179656,-0.7146101317629162,0.2736010966047158
2013-02-04,-0.4208901118030584,-0.5661663862137738,-0.01691927788262873,-1.6911707685553665,-0.5208987056293384
2013-02-05,-0.23925068666149324,-0.3058239338355661,-1.171412981450867,0.2594479004671473,-0.2661855512536535
2013-02-06,0.2947202162997745,0.2955353928267136,0.5892201898179255,-1.1440074457544729,0.37322610090853287
2013-02-07,-0.16149848216000412,-0.1639712070177616,-0.5139112003593551,-0.24441417763113296,-0.22095967346531117
2013-02-08,0.18622814709471883,0.11470247538755433,-0.8934627469701426,-0.02343979171530452,0.081801733711884
2013-02-11,0.04577113447622716,-0.28086118257244175,-0.3455801495763109,1.1892112085046367,0.1965687180986098
2013-02-12,-0.07430951937235962,0.16978884375299375,0.10655676761031645,-1.6773187605251845,-0.3156443773989991
2013-02-13,-0.2737067138105549,-0.21000057542170275,0.12581545722693632,0.4303453219119943,-0.16435816985083526
2013-02-14,0.005362129393819658,-0.004309440892310092,0.02640253420098256,0.17806429467477614,0.23357002351289236
2013-02-15,0.10182952802602765,0.09921456097428949,-0.5803716992794663,0.4460229973818834,0.22630384017066657
2013-02-18,0.2196117652260183,0.35787567402644793,0.005459422722645213,-0.5550344552911092,0.09348061337036606
2013-02-19,0.14251430753820302,-0.09887711952545841,0.12852877383985806,0.09510308436312054,0.05063607896278403
2013-02-20,-0.18004653778248147,-0.24036689313041087,0.188642719982473,-0.24913573309701603,-0.03019806375887823
2013-02-21,0.44822653989531996,0.4661391627849647,-0.39464432090851176,0.49854117919791074,0.21698731132875812
2013-02-22,-0.24012191039362718,-0.17707631247192834,-1.0081745993089177,0.295673077297097,-0.22784975592391327
2013-02-25,-0.12107544708008997,0.15096887124625172,-0.2819075537008301,-1.171183709996673,-0.09436206361734871
2013-02-26,0.07676064697267831,-0.03412399049767944,-0.9620222192058038,1.8737702856880194,0.039316615305848554
2013-02-27,-0.0997885074640144,-0.054476399225635845,-0.3222498143316618,0.47947524665517594,-0.018261936612326588
2013-02-28,-0.13261882956016324,-0.09036167625430183,0.46453167174089355,-0.2583553516203674,0.04857105774675009
2013-03-01,-0.010513333254810717,0.05049666873897791,-0.5790194079185689,-0.3335594255341688,-0.08701888570736686
2013-03-04,0.44848758559997065,0.4937734679860217,-0.009309269066576933,-0.6551312967076464,0.02329174293339998
2013-03-05,-0.10670968887653813,-0.09555003129754255,-0.04496967291814932,-0.111021492814595,-0.3326970688264582
2013-03-06,0.02589596360067893,0.031583665705943974,0.1368639609300629,0.158858535525678,-0.12167016722666264
2013-03-07,-0.07188798209383812,-0.012933132621190344,-0.5846277423031134,-0.7336960211656777,-0.3899154355464078
2013-03-08,0.07704519408973523,0.07567916372004885,0.978617110881399,-1.0798672381791419,0.1735609184045348
2013-03-11,0.21795912252454955,-0.6260251117773226,-0.5256933028465742,-1.2543921018908548,0.006268038332496839
2013-03-12,-0.2375094991413287,0.3718532161076732,-0.04971259838887779,-0.9227736520739244,-0.31113106299930676
2013-03-13,0.1302283587065896,0.39774022634764294,0.14022716318603265,0.8782897983652521,0.22191613185423198
2013-03-14,0.14603760053268422,0.23531693855551608,-0.39569630567604624,0.0479109607065787,0.07212971810342479
2013-03-15,0.30205985341518826,0.3261062245267404,0.6043355124129101,0.3405562638749957,0.2517987142246897
2013-03-18,0.46982821947109943,-0.6766344981095277,-0.37388964698619154,1.5891390778835197,0.35856277287371685
2013-03-19,-0.3042251761963428,0.6079627365544926,-0.06547887776356985,-0.629392175472358,-0.06994832200808815
2013-03-20,-0.046896310191825705,0.1820797854870479,-0.6268812509261277,0.22142769982393332,-0.18263480338873095
2013-03-21,-0.011680341529085855,0.11979413191554682,0.45763600805048393,-0.9206078854884887,-0.05855601715285301
2013-03-22,-0.32519130117029715,-0.35761679351403336,-0.5075464935254964,0.634156788013922,-0.19402328297013535
2013-03-25,-0.5019025941839869,0.12265940699429635,0.36539023101338236,-0.25676798190837374,-0.33440294691260697
2013-03-26,-0.16634037675809873,-0.6610800895078396,-1.2767001025829354,0.7990841487777037,-0.023505817579394628
2013-03-27,0.1313056972289394,-0.04570416413822806,-0.11413891896664247,-0.4387273604386852,0.41039164858175087
2013-03-28,-0.07949317208260376,-0.16031528980856313,-0.7727537398651834,0.16238897494328552,-0.04738253532127898
2013-03-29,-0.039083122598005005,-0.0304918224544648,0.10352479804494935,0.13592780714663458,0.0935403446961606
2013-04-01,-2.1695917210216944,-2.2273755407865736,-2.219678276101552,-2.240262976459882,-2.167231639671176
2013-04-02,1.480055322117542,1.6329792389375286,1.737438113118019,2.7224794090464908,1.1049666137610976
2013-04-03,0.049581795421370034,0.1212048025858084,-0.10032298534371997,-0.031720119632901,0.24368129945401287
2013-04-04,-0.010151195026260945,-0.0040122615241998325,0.20561804561284297,0.4902021044608596,0.12301958744110003
2013-04-05,-0.214196524557464,-0.24311117029093646,0.4430004015354796,-3.889195268969912,-0.295438373045654
2013-04-08,-0.44658240026998447,0.10124348604237886,0.18244645274352267,-3.3596215985766307,-0.4834923879523442
2013-04-09,-0.891011481871792,-1.3521643337420401,-0.48441484521829364,-1.82672734059295,-1.1689765264120249
2013-04-10,-0.38012312007666504,-0.598324021138914,0.06218566919914571,-0.13601849825696627,-0.5468716197053395
2013-04-11,0.11341235521215207,0.17263383175268796,-0.005400916959297373,-0.5556993600594183,0.010062616137056613
2013-04-12,0.28733787169350977,0.2986304300019379,0.7130817369016623,0.22549537019524457,0.399612454379417
2013-04-15,0.0025342935764445865,-0.03145821420669992,-0.009766390617250736,1.213848029835509,0.06611593927715081
2013-04-16,-0.03982516352331153,0.1574813099266844,-0.3796730591825984,1.7898609738726348,-0.10334478523556027
2013-04-17,-0.31443528004930077,-0.20267930898967726,0.5551297227285749,-0.8801915889351335,0.009601850770393015
2013-04-18,-1.7999769080399228,-1.6347716752590231,-2.71672043420462,-2.3129218370537927,-1.867736404419283
2013-04-19,1.558074384486016,0.8296232129053656,1.4269001342854066,1.3674968085001062,1.0390813391650406
2013-04-22,0.753756485862852,0.9822869061321619,0.7757802367100831,-0.9516577058232112,0.7803166842822798
2013-04-23,0.3907611645934004,0.6356575316119648,0.48597904985564233,0.7643555507925215,0.3520881440596859
2013-04-24,-0.21293606760998043,-0.02769399620186691,-0.680690021103007,-0.6767917170488269,-0.19747550512393638
2013-04-25,-0.4296254337483901,-0.40827532550659834,-0.358410832671379,-0.2291370710337648,-0.5109845694261808
2013-04-26,-0.1529761427074311,-0.04756119464540924,-0.23310921819573377,-0.029778852771694245,-0.026684020596408314
2013-04-29,-0.08164106316611847,0.1601997961746833,0.16003125378106142,1.4602824343929104,0.1268988128433503
2013-04-30,0.28727531290636404,0.22143071127638964,0.7430098526342724,0.49517459734025615,0.5620666391199831
2013-05-01,0.0642039039067812,0.06742357966523925,0.7255855223928009,0.6860379506034364,0.44388463381427745
2013-05-02,0.2940584654834908,0.3212141884949751,0.5515603303901717,0.5238114442255276,0.2996232227744635
2013-05-03,-0.4830323690760608,-0.3082582007347255,-1.3067585418330108,-1.2966153887436702,-0.5003972088287598
2013-05-06,-1.9981340743844649,-1.9524338811433626,-1.7483345313540002,-3.272946341525324,-1.9427557789711642
2013-05-07,-0.19989108561274174,-0.560342714208088,-0.6276836051631853,-0.5628146589538983,-0.5715634618841281
2013-05-08,-0.6734411448154416,-0.5963882199959298,-0.749806461506808,-0.15475810512076738,-1.041618071644073
2013-05-09,0.2515064447642335,0.6720497533019846,0.8481424516481488,0.25297457917779503,0.4019924912918651
2013-05-10,0.5482867711343155,0.589962957519056,-0.28820004540526867,-1.3584637439470482,0.1090340684582406
2013-05-13,0.3636756152189908,0.39476830242562744,-0.3310853384343434,-1.0817834687450707,-0.1973272495127339
2013-05-14,-0.23829858862487938,-0.27507509209666536,-0.19575475175914075,-0.20099279179053942,-0.4150028786927864
2013-05-15,0.4751341446191822,0.5151643906776229,0.08868960638027956,-0.02988310903619775,0.09380452336740419
2013-05-16,0.36721393555333415,0.359636551889412,-0.12755408822904724,0.22735377747484145,0.12779684481078488
2013-05-17,0.417428368175252,0.3980070177755191,0.3333184773291811,0.5094212590378998,-0.003076927837885303
2013-05-20,-0.2036142964661757,-0.046364458641394615,-0.5720143351263197,-0.7532254817939152,-0.7448567283795926
2013-05-21,0.12577482559800848,0.19635326841730838,0.47378392358038657,0.5763866929999477,0.0631557200434375
2013-05-22,0.11169014077246896,0.19106409923301163,0.4076643998872815,-0.0947982122666142,-0.23640297942127095
2013-05-23,0.4493418461367407,0.5529097623529593,-0.0778125927531643,-0.2996945255988712,-0.4741960047760461
2013-05-24,0.08149694506931511,0.09632503059576025,0.626981386012,0.6997322063615385,0.06591699129631567
2013-05-27,-0.24188280715052735,-0.18679643506065258,-0.014229019689733002,1.1810895558649444,-0.18178485151293544
2013-05-28,0.4351441976170515,0.6031694795029237,0.4487843714143768,0.6109588655394221,0.6894307042003206
2013-05-29,1.333352349960367,1.4012545005145671,0.6692609115746826,0.015415660804641976,0.8641836548656043
2013-05-30,0.053145552055469475,0.09041134971731601,0.745883295850012,1.3133718850075244,0.4988850821461722
2013-05-31,0.8282657058701886,0.7915177314055569,1.7409140804037755,0.849298721146317,1.5616968024514457
2013-06-03,0.13492576411175589,0.12586002175423705,0.00393356226677638,0.7229460689493153,0.4832854929265169
2013-06-04,-0.13711780275995042,-0.06858287196441559,0.4354947640848107,0.6862701491224282,0.7832482358960164
2013-06-05,-0.3979511240404495,-0.3382552808786298,-0.2692963053470096,-0.784012361743478,-0.1734463163416517
2013-06-06,-0.08794833495229351,-0.08943468599593347,0.07602836029268911,1.1657342401511708,0.2910918292615124
2013-06-07,0.3780497603858802,0.22846689591240227,1.5619658026619245,2.2213252167780024,1.1420258023424696
2013-06-10,1.1687336014956522,1.1563623522860018,1.2793046950672617,0.49181639352185846,0.7726975638896444
2013-06-11,0.8144771922033718,0.903381576289515,0.8855141821249346,0.042420143183522975,0.4470559888149459
2013-06-12,-0.381431180435205,-0.2817437024891168,-0.3208705703927015,2.3020840584048314,0.10011800479741936
2013-06-13,-0.05415160364814178,-3.6642621252172547e-4,0.8278269382126527,0.5514024243311446,-0.10912076656712907
2013-06-14,-0.5375526252803392,-0.5466916987237415,-0.13667214459929336,-0.006922593051945147,-0.08940474940143678
2013-06-17,0.4403054654259331,0.45501151949787133,0.3638167773635357,1.8500899818565024,0.4406472346430695
2013-06-18,0.8017024796782095,0.9262979055804738,0.9018096914797353,0.5249012683001725,0.5001083436118738
2013-06-19,0.03573323935179894,0.07557512712661268,0.29197063347164626,-0.9191313878131808,-0.47412073004458655
2013-06-20,1.4706949006107757,1.5213252187541269,0.8049514819262422,0.21556952405843888,0.812242924872304
2013-06-21,-0.4512192906702186,-0.3483115509036451,-0.9690166897847107,-1.2547950701083417,-0.758864642564622
2013-06-24,1.3185223453765564,1.245559642000427,0.21785861924419367,-0.0761998702336156,1.0103971099167297
2013-06-25,-0.8833996600779196,-0.9986207881152047,-0.8773331064798924,-0.22673262562778645,-0.7564554179526889
2013-06-26,0.42844370822706446,0.34514815503823415,0.013047715059725712,-0.05270425814853564,0.6438653558020844
2013-06-27,-0.8215360020784315,-1.8904829910460712,-1.4160874388421238,-0.532298024658609,-0.8596736837635475
2013-06-28,-0.6424850805630913,-1.4361102943290331,-0.626353145816972,-1.284808312658444,-0.3598770310589184
2013-07-01,0.045536560803991,1.4355977443309462,-0.1512882420183684,-0.9472806140257275,-0.1817932769718986
2013-07-02,0.1669594483574021,0.6016488508234531,0.5259146937243315,-0.2633841086620795,0.4952422381548226
2013-07-03,0.5632170635844251,0.6838398752223731,-0.03253348441856678,-0.5738431798744982,0.14920232821941984
2013-07-04,0.05785026570896497,0.16966379742616564,0.19442121338532925,0.6474835614601916,-0.11532232039539043
2013-07-05,0.15078995795113917,0.2734353293367668,-0.6051224238307128,-0.01666000716505292,0.031056261106866052
2013-07-08,0.6677715838915597,0.6012776377659799,-0.1035944903780869,-0.5201837187199498,0.09288524959466861
2013-07-09,-0.5978098325544643,-0.5831629352183775,-0.41632977509385327,-0.26848476463253246,-0.5220518049690442
2013-07-10,-0.31472062970195624,-0.27625284249461923,-0.982107170351571,-0.5320023087936766,-0.33086951454561825
2013-07-11,-0.42350266743018905,-0.5189900374029224,2.5371884876299564,2.157003540122279,0.773001176548389
2013-07-12,0.13515925039364168,0.05544096453756975,0.08410539093031483,0.037493784007133546,0.7084419703334641
2013-07-15,0.5086907901034663,0.4548614431521785,0.20754741226443593,0.3151269628669417,0.6189999278659574
2013-07-16,0.04910427968360801,0.07264643577909878,-0.007221345152034556,-0.7534707540761778,0.17531708804387258
2013-07-17,0.07732283827373834,0.1366192203072679,0.7787469670698424,0.7517389828148564,0.42194426313925415
2013-07-18,0.10079928225077714,0.11838524717386599,-2.1989105335196157e-4,-0.30003200685010756,0.15140127837231915
2013-07-19,0.030408008911965115,-0.05460520982719357,-0.036037574131670184,-0.8957179601603612,-0.40467670793601884
2013-07-22,-0.4448485812576043,-0.40776467762884056,-0.08133064543990388,-0.4501156292231995,-0.3632729730458275
2013-07-23,-0.1459365679968656,-0.21788010014752973,0.14962531102820778,0.9419098673820315,0.045632327258022326
2013-07-24,0.26180448307099274,0.283510088990641,0.5657030307736591,0.2530224251015714,0.016088148873038915
2013-07-25,0.3552653834310808,0.40067209175810325,0.18348271792943716,-0.6177149154638015,-0.18467742788789232
2013-07-26,0.3905965653460603,0.45354759355239227,0.9985982323284349,1.4117322965526509,0.6236017553804326
2013-07-29,0.6119089254250565,0.7114703755757434,0.8648426548594641,2.0912970357733105,0.9692891465917186
2013-07-30,0.41471723525397103,0.4786157290527564,0.31864193208925656,0.5275198856325177,0.37158362433844094
2013-07-31,0.40513199863730376,0.4741329390274666,0.41636395238793084,0.4294155438585221,0.2963468795741383
2013-08-01,-0.0328759146329405,0.06715812824858705,0.2651419005070871,0.1430998276080282,-0.03163509591391478
2013-08-02,0.4625371559646485,0.4655502737620839,-0.14192798146613642,-1.1159906990685264,0.07631859470305127
2013-08-05,-0.7286273453607262,-0.6770414258366289,-0.3397552836513105,-0.49288245800701225,-0.39054527469020006
2013-08-06,0.3164924874576174,0.3598786605482459,0.22042524874007186,1.1025994815523046,0.4908506580723465
2013-08-07,0.31995159922058725,0.39509753721337004,0.6824111266958721,1.3663091245116386,0.5877564733735192
2013-08-08,0.05960721741030295,0.14666657012876685,0.4003517245618789,0.9627261827254844,0.2577613635009121
2013-08-09,0.0028693389715585644,-9.626207840209011e-4,0.37797851481217953,-0.04464900359116247,0.6713147647579076
2013-08-12,-0.18520040409740654,-0.1931230627922685,-0.4057902889891636,0.5237845865744645,0.2551936420514572
2013-08-13,0.28562179580244856,0.2631880077500801,-0.11861119643408707,-0.7995491760303964,-0.032956948420357596
2013-08-14,0.5455709104717116,0.5667727189196423,0.25816454812420303,-0.6068079847075397,0.2314974149947488
2013-08-15,0.16488294169154932,0.25051135795698926,0.11363743411560329,0.2860441719066926,-0.007911737881250505
2013-08-16,0.02288777297483978,0.1813839906603229,0.699875562897664,0.8661357227798234,0.04618193497352991
2013-08-19,0.27593108428959356,0.280680738947674,0.24234342269547793,-0.2257717275054973,0.14270421332148242
2013-08-20,0.1330885266381997,0.025835931320221724,0.17175023649613264,0.1336258443660423,-0.44232680364290033
2013-08-21,0.11232910148886348,0.0701525518871614,0.7806726463730813,0.3869174691760253,0.08756936491488188
2013-08-22,0.5826087300800536,0.6018070249637887,0.15298553096735082,0.10908150299260175,-0.11723750644074249
2013-08-23,-0.1690335284429933,-0.08148382438898169,-0.15094253521904932,-1.3485742431648893,-0.07516453923536169
2013-08-26,0.05487401434687159,0.07440775642178005,0.2959245373815903,0.06806199442906041,0.26958168845858954
2013-08-27,0.8019934397451101,0.8065089845402305,0.8009525324852169,1.2612424334656034,0.7102446054921054
2013-08-28,0.2626507755984738,0.3155473414175378,0.38747575729083905,1.704017228221647,0.17078801104391597
2013-08-29,-0.6759605380615277,-0.6106570439585265,-1.0559555373808995,-1.326303814141945,-0.05180594890339553
2013-08-30,-0.8550681409161893,-0.8854900473732641,-1.7011215274065439,-1.5089529795898822,-0.6475851168589327
2013-09-02,-0.5921380380759818,-0.6562903016180622,-1.0299371270094704,-0.7576794220638535,-0.6089565667747261
2013-09-03,0.3389812067002661,0.2642396728852252,0.07029119751669044,-0.8630393100327818,0.21482544860840386
2013-09-04,-0.05040137389131619,-0.06957973046782794,-0.22762722076097197,-0.22829412491912526,-0.3381128238464962
2013-09-05,0.6673565736335908,0.6707679461691379,0.8321287404502794,0.47727144483054174,0.763525061037031
2013-09-06,0.8447538344595469,0.8987685503022145,0.27996075982017893,0.4064149501512392,0.5802282381810526
2013-09-09,-0.9462003899244668,-0.8706031729327244,-0.6078920937615467,-0.8972046025684204,-0.41020354960300875
2013-09-10,-0.6903244948540577,-0.7372544122922022,-0.0027431098582840208,-0.38099890960506233,-0.19377419697801804
2013-09-11,-0.6187650679971242,-0.677515738019363,-0.4405570653769943,-1.1210087843142387,-0.4950335236981045
2013-09-12,0.43818669528616366,0.3904677216097119,0.8154743987211569,0.8334772167358946,0.5277562499108055
2013-09-13,0.5011950355679806,0.5210815071050695,0.46649690330752014,0.7943099881163906,0.46209445687804307
2013-09-16,0.054331442919682775,0.0888608634181049,0.5227942798330905,0.6494788006995762,0.4853433053626795
2013-09-17,-1.314264819031764,-1.3182755844536842,-1.3614927686656044,-1.281540993470472,-0.9494402614001578
2013-09-18,-0.6463478584512451,-0.763777804789819,-0.5528544302266822,-0.6552963824353599,-0.6689097704596771
2013-09-19,-2.8383885836346257,-2.9295270633371504,-1.6296669573812579,-1.8975317540927898,-1.8948550508770654
2013-09-20,0.05839710552843702,-0.18725396916598824,0.29654320400843437,-0.896987256643847,-0.3029273262195268
2013-09-23,1.1834539023609068,1.0865828694753839,1.2034794267714624,1.1257609892845084,0.6386497172347976
2013-09-24,0.7279383152747456,0.7909458485414114,0.5076143149385474,1.2230466849805821,0.7726660272110579
2013-09-25,0.2825746127954908,0.3719524481228207,0.07597310641569677,0.3370584884865775,0.17483978683297577
2013-09-26,-0.15147375480540562,-0.08137418168760858,0.1586880709182259,0.16337325588446389,-0.03714297383499389
2013-09-27,0.3126193293792268,0.30078720790535296,0.15173144243763645,-0.11064224190784976,0.2209434798696214
2013-09-30,0.9951398188698749,1.0380383866446716,1.0376514153587169,2.0137334405370284,0.885757097170911
2013-10-01,-0.5686978039203371,-0.5058189227467305,-0.29992868896811664,-1.03321275913864,-0.21674413894199085
2013-10-02,-0.3204307496266381,-0.3328710843833228,-0.28121377043412343,0.11764170901456517,-0.05960314323153376
2013-10-03,-1.0664918424321361,-1.0997205419503078,-0.5764429225395764,-0.3528000523014218,-0.7394352495128462
2013-10-04,-0.581404436793746,-0.6751065647122485,-0.2730898959605576,-0.39772321701287844,-0.7337180579611045
2013-10-07,0.13878819445314805,0.05705818110172217,-0.22622328852081403,0.14258621969516927,0.06852491080552664
2013-10-08,0.266784940032537,0.014828563501326142,-0.049982519254570125,0.023938774091080306,0.03006108919361366
2013-10-09,0.016632202494647322,0.211047840419349,0.3960870674362859,0.6047244041851134,0.058358444469872706
2013-10-10,-0.12309521261370956,-0.06737794109418385,-0.6082562059880439,-0.6273982935221531,-0.19668205119113474
2013-10-11,-0.39089229130146275,-0.29831443910943267,-0.4546321700107452,-1.1856905733375793,-0.37220872569142477
2013-10-14,-0.023537935632157246,-0.10891093813542371,0.16883404891350204,-0.2585613003823042,0.03374805174999035
2013-10-15,-0.0022143906216712927,0.1766060917588883,0.047718422720358,-0.37547526961268884,0.27583795442878695
2013-10-16,-0.27366325158356797,-0.14287741449215713,-0.5356950745805803,-0.21928368992399594,-0.05816460327167229
2013-10-17,-0.826766402972937,-0.7654143624990093,-0.8888480753279275,-1.2076366796808655,-0.930084222676648
2013-10-18,0.1424047875967513,0.11941292081490834,1.158759377380001,1.0787779445952141,0.273005158937567
2013-10-21,0.385725370310545,0.4021270219917811,0.7135135167606486,0.5794306090672676,0.5146656742334388
2013-10-22,0.27270338862833454,0.37549722064246127,0.3158367775374908,0.012593647766350108,0.13030937231333298
2013-10-23,-0.2835587235993461,-0.232454114872494,0.4881343325934897,-0.2696798569361484,0.2767620457759141
2013-10-24,-0.2180184192884195,-0.07049581678637794,-0.035674952637910706,0.5269301792465972,-0.2534511170677823
2013-10-25,-0.5132583131814635,-0.4699640816041517,-0.31734733955541305,-0.3604248473681829,-0.5091682591562212
2013-10-28,-0.24464500117382548,-0.3079795562264378,-0.21335674078905242,-0.39856675634796734,-0.2274625393453075
2013-10-29,0.2035229290895993,0.13726823582693254,0.07896464579080203,0.13220388683098874,-0.05185139050026792
2013-10-30,0.06386518370532451,-0.01939912162433438,-0.2961813230638234,-0.5414651547742433,-0.27718637788787115
2013-10-31,0.4407785645913,0.3672769081481583,0.22735539049765122,0.032528721257492565,0.42598100716989323
2013-11-01,0.40601979879481237,0.4095052969694111,-0.6808498194850252,0.5217796412741129,0.37702825623877956
2013-11-04,0.10738746169436647,0.06213973614267858,-0.7460851791448349,-0.26020928278581185,0.08170933011568662
2013-11-05,0.017103009957141348,0.027514573101856607,0.008477853804989138,0.027401061961615805,0.10901474908615257
2013-11-06,0.23768761472691272,0.279586578980192,-0.08705585664843932,0.4143118770624183,0.19722276712754364
2013-11-07,0.1665248070564147,0.2627038540966865,0.43675235969597287,-0.01198563903292723,0.2622704264612339
2013-11-08,-0.11692396794713686,-0.04682503667615842,-0.8573429485763445,0.3380163282603344,-0.1856321622915756
2013-11-11,0.6189778610077833,0.6359593580634685,-0.0037815832920647108,-0.3488545449784778,0.31218513737570686
2013-11-12,0.45645811796525554,0.4924306093327432,0.7983647202500507,0.34832937470035563,0.3955400180306029
2013-11-13,-0.19476226435832245,-0.15341626180633208,0.13308725559713072,-0.7005087504768678,-0.11562140204875496
2013-11-14,-0.18695974795121303,-0.19854008042397164,0.25447584246091964,0.15213266700269606,0.09085887091088571
2013-11-15,0.1926466342927191,0.18500231571258927,-0.020404064100494876,-0.7742406748247082,0.14698423765319332
2013-11-18,-0.5847067718777291,-0.5752905415436235,-0.3679746692817213,-0.8517056489052448,-0.5163723713858045
2013-11-19,-0.5074733594830638,-0.5445747136771807,-0.32687031260540794,-0.029672218243543727,-0.6400905594712127
2013-11-20,0.6142527043949239,0.5447238237009031,1.0944618760822307,0.3844744174490187,0.7440766292025556
2013-11-21,0.45927030821011894,0.4826185005394861,-0.41001076475320575,0.370462535652088,0.3507871670652886
2013-11-22,0.3145300565051037,0.36078513407469437,0.42892376223158524,-0.8136008861810226,0.08807240131759779
2013-11-25,0.22228724679883627,0.25177843160575747,0.8618224066027225,0.07608829052320101,0.22980307689697216
2013-11-26,0.052315941016020925,0.09906213481436002,0.0231736402832442,-0.0287428017576066,0.1363588821564164
2013-11-27,-0.16461892905311803,-0.1470357632538919,0.13067078274609562,-0.05970984689755318,-0.23288521689864988
2013-11-28,-1.2817833949953048,-1.2836718557499174,-1.1780988738698497,-2.2190522637286985,-1.6581944854255795
2013-11-29,-0.27957725690211344,-0.3777652929587534,-0.08159208061690396,-0.45438598670535313,-0.8177894665708901
2013-12-02,-0.68998780506461,-0.7665292646124808,-0.8118897721368776,-0.886352615854507,-0.9398621852296747
2013-12-03,0.07430654169498593,7.71707927224724e-4,-0.30007066667155025,-0.3788718204086409,-0.3159885787420267
2013-12-04,0.4368460697797433,0.4243953753778791,0.7061727227560105,0.9294543088859537,0.5084767642602983
2013-12-05,-0.45702281624722985,-0.41456688769131866,-0.41323332531577694,-0.4479807623927211,-0.4361842138367587
2013-12-06,0.40289879436295817,0.3910114987424159,1.0157736833152622,1.071335381409279,0.39657082453128817
2013-12-09,-0.6043032702302877,-0.4264425583195434,-0.19304493641734988,-1.8803563985549512,-0.29556707000534205
2013-12-10,-0.09092001623158423,0.07119373082893528,0.22843195212281636,-0.38966675305268156,0.025394839242387918
2013-12-11,0.20605943577177396,0.25585935877081206,0.44241166739253757,0.619544641541883,0.25747714907167135
2013-12-12,0.9278576085623352,0.9422407591246426,1.1420764043219331,1.2677789366317986,0.7578744845700691
2013-12-13,-0.14894538098542115,-0.06984153221737219,-0.32177744468472735,-1.1340744706701105,-0.37306127738085276
2013-12-16,0.5040296540226442,0.5292533274056043,0.38916462282344794,0.6287069714147809,0.48713433611272816
2013-12-17,2.075463611344615,2.115613651173287,2.239246434191897,2.31427983820988,2.1727664239222766
2013-12-18,0.5447640947651158,0.7223286969894858,0.7212370599677965,0.9017290691961473,0.9853640433218821
2013-12-19,0.898372996364593,1.001638078463308,0.35607005263113567,-0.5900534157495854,0.8901109513660808
2013-12-20,0.46661997998492055,0.5786412165964323,0.1754867961418562,0.15330377029074158,0.36667173623043264
2013-12-23,0.032537059447201915,0.10622549196714931,0.16164597757841775,0.21870160316094053,0.10729810603272605
2013-12-24,0.032117116600218806,0.08079969944043829,0.22654165234602625,-0.07373913910440336,0.0015168509538101976
2013-12-25,0.005286627695861335,-4.4816767339367694e-4,-0.08138176828801309,-0.13155683864072604,-0.0340522561745117
2013-12-26,-0.05394602402293048,-0.05477306674948028,-0.17109787487889383,-0.2887318212380618,-0.04513108024915207
2013-12-27,-0.17731975877774142,-0.1814230700945526,-0.002492046850540372,-0.5483625845617466,-0.32734922367302205
2013-12-30,0.1654000035866159,0.19660814720425002,0.5908579388328897,-0.30203831738972386,0.02558490495218002
2013-12-31,-0.5088574171498579,-0.3768684520592241,0.022698101315724695,-0.21646673396505012,-0.33829918083895205
2014-01-01,-0.09624956646696381,0.031021766019676808,-0.4675573060239516,-0.37800685956537966,0.220867935286256
2014-01-02,0.40278543552101065,0.42237715307976326,0.46921096825838565,0.3366946360314158,0.37663013115757626
2014-01-03,-0.18194461632781556,-0.09435673755932025,-0.8847955627507167,0.2608699020572674,-0.32584822645666417
2014-01-06,0.05833691096796865,0.05971731940085817,-0.6159969177667863,0.05989963774534114,-0.005992044341762148
2014-01-07,-0.0026602347887109516,-0.019561805691420783,0.11279317685361381,0.663024173243187,-0.07863328107002937
2014-01-08,-0.006840478961232306,0.013644599666165689,-0.09561927518525398,-0.38856930272942786,-0.3691096589083722
2014-01-09,-0.28815782749558744,-0.28480822697221286,-0.6340956418396431,-0.4739314260616429,-0.5893242106407608
2014-01-10,-0.08688108781727316,-0.16885461991440262,0.0845016701308339,-0.0900284960815501,-0.08928492527548637
2014-01-13,-0.35206649674461826,-0.337290207526074,0.15358663724647206,0.49415198136961264,0.18857517986819672
2014-01-14,0.07418422058213525,0.19762641652562535,0.15813549990839154,1.0171932031079378,0.07190319408496558
2014-01-15,0.6592170086487609,0.7270609591555319,0.6648909471199919,-0.23575372129195002,0.4017131729260616
2014-01-16,0.39817884080898264,0.3858479892984753,-0.08383075705273091,-0.14028630823560811,0.12375382637537605
2014-01-17,-0.010987108711227225,-0.13782449958730889,0.043062195369673054,0.16707955418408837,0.060945978467682974
2014-01-20,0.6514816926921799,0.7148633296111783,0.0027600802272713205,0.7406912194812326,0.4202165404186879
2014-01-21,0.6020715422751257,0.6258087944868113,0.6404077328508528,0.6034712011935139,0.570120849938616
2014-01-22,-0.007849510387515496,0.08793398205872445,0.10492090687866024,-0.023442097594599337,4.2455556367371194e-4
2014-01-23,0.27470394462213554,0.2963246246078494,0.18357466633744565,-0.11728325534297859,0.2078222168711268
2014-01-24,0.41237719681403484,0.43063241663368124,1.4808018156018086,1.5600641790901097,0.4585410296015423
2014-01-27,-0.2977404000200654,-0.2109614252435045,-0.05192791022412424,1.1474364260940022,-0.13767755519396516
2014-01-28,-0.17498359779567918,-0.15550884738267573,-0.22254270022093608,-0.5477348592150008,0.03390551915801948
2014-01-29,0.042962357596568496,-0.014811105775993559,-0.12067707867041502,-0.5719319318469563,0.2813830501883844
2014-01-30,-0.06105532332690764,-0.15358951399649556,-0.07268416264956716,0.750089817487308,-0.15403629883582193
2014-01-31,0.47301261631582275,0.3556226069173313,-0.26474155008574163,0.15406382858619752,0.5466183490941289
2014-02-03,-0.04609855288613665,-0.042015148621121615,-0.7149274306039829,0.4378378352893104,-0.10390813925812861
2014-02-04,-1.0060502814374273,-1.002364572344128,-0.8765743879439932,0.10422962008636294,-0.8818815278255745
2014-02-05,-0.18663886432748764,-0.2604994836057944,-0.2612816614701536,-0.5260660208061168,0.16354604363560682
2014-02-06,0.20208827555923353,0.15548189631912812,0.30747694614580173,0.36310987398260147,0.3264676435684948
2014-02-07,0.3571915524380576,0.3562290066002238,0.8042271623655912,-0.19061128974717828,0.4322271409713908
2014-02-10,0.3601511718913397,0.3497856508594928,0.6745526734893874,-0.20657560672652805,0.4935710210156764
2014-02-11,-0.29819868263828164,-0.20293783533122584,-0.014596740124821816,-0.008477756952936063,-0.3143933737168016
2014-02-12,-0.29808146464579294,-0.3102547815374079,-0.2927441334079146,-0.6156051806819889,-0.1304648970790437
2014-02-13,0.05365412773837028,-0.005007371858264803,-0.3187369688110502,0.06379460181957894,0.17526477819483563
2014-02-14,-0.5195341562674674,-0.5551307362898632,0.04592855969655864,-0.24684030753783817,-0.39309654262434013
2014-02-17,-0.6032137645163536,-0.7052407155818912,-0.3416296434462373,0.07006880292811232,-0.1859074530673882
2014-02-18,0.22258315965784692,0.19078313754486395,0.2852311109256057,-0.1499473652235608,0.20416626813902086
2014-02-19,-0.12593132011989847,-0.18083828354354037,0.30595969064797357,-0.4623279789317795,-0.28392305509561955
2014-02-20,0.37732172725349195,0.20584371419340614,0.24099567991842574,0.35518815373563845,0.10099637602632505
2014-02-21,-0.28040532481824665,-0.4131814007199795,-0.3653669870623927,-0.2968018999086517,-0.3402761990676011
2014-02-24,-0.44569619207886524,-0.6281513961157162,-0.3476745966106057,-0.6306305630323367,-0.7636035156055541
2014-02-25,-0.08875187622020073,-0.2874274186289334,-0.09969740862618451,-0.07209842251735014,-2.1754439115861945e-4
2014-02-26,-0.07701321229620162,-0.5695005782383991,-0.016236636717490163,0.2505754840842677,-0.20167852403978753
2014-02-27,-0.165161408627608,-0.30381229573815494,-0.6237770459894271,-0.259603592137743,-0.37615893192706584
2014-02-28,0.034391672775985815,-0.07372096345769198,0.11252152592657144,0.20900464275599334,0.03263767133907994
2014-03-03,0.31936555328969085,0.018999367640258974,0.8413003703718419,1.1341984035019241,-0.04833450716211968
2014-03-04,-0.47474443590451626,-0.5483296469547085,-0.6380992983275693,-0.47088786420328854,-0.6139826406691072
2014-03-05,-0.24226884354090394,-0.24844455130312687,-0.2607039656527535,-0.9787837852177627,-0.3444619789050629
2014-03-06,-0.5950064722342246,-0.5290738105989006,-0.6642901029528382,-0.8859661752642152,-0.7227300826850555
2014-03-07,0.24729579483674974,0.5330996439939524,1.1409071583258061,-0.4197248238619588,0.5206338727957445
2014-03-10,0.8057722918850093,0.7679152040543495,1.1165045710102381,0.5423834178515539,0.5782750096786143
2014-03-11,0.4054823487850285,0.25394926897781955,0.5066214466944894,0.29812941259967407,0.5327414855854402
2014-03-12,-0.2250865498137784,-0.24911660931340643,-0.3268594495372999,0.1374212516050825,-0.026117090054071923
2014-03-13,-0.14866036461212803,-0.24522987852762085,0.1617305022944462,-0.027294802515030723,-0.07258324648213439
2014-03-14,-0.13159081984065152,-0.025360803306211564,-0.35292514275508136,0.8687443723689192,-0.10864730599432422
2014-03-17,-0.2052837145007687,-0.41982626236537285,0.08174218146915331,0.3891073718026682,-0.12910460647634645
2014-03-18,0.3087671326464514,-0.21743076786551144,0.46051830497955915,-0.12204627788276386,0.36428698743035404
2014-03-19,-0.007028572604334503,-0.34868281429027964,0.06531329404048572,0.3234012239300132,0.15838761749457547
2014-03-20,0.7908529765351161,0.5130244239068867,0.005629584590633839,-0.16397382453613846,0.08103482180010542
2014-03-21,0.2217336989366432,-0.17134350188348133,-0.19224233790706066,0.10945519147812667,-0.17738477659732785
2014-03-24,-0.1506313199376854,-0.18589504395536016,-0.12616619766633708,-0.0028568122058865546,0.017379615309974242
2014-03-25,-0.17451807006967562,0.28014491738602143,0.14332076184556686,-0.10978065625741398,0.0899692584224788
2014-03-26,-0.024211303809851245,-0.014848078353243852,-0.10610281257675402,-0.08682222316001703,0.2708390328117915
2014-03-27,-0.7111608625784308,-0.837394192258474,-1.0004224855680206,-0.3474095767549311,-0.5289027916211447
2014-03-28,-0.5047236140993328,-0.647449346441346,-0.8902915086315021,-0.6636399823095942,-0.3003157649726802
2014-03-31,-0.08737197742001197,-0.16004719314526653,-0.12142452912080916,-0.8237885766439367,0.1799452174020151
2014-04-01,-0.023844903506613824,-0.1375116256879732,0.12437790228750013,-0.4494144250834202,0.13590001472181504
2014-04-02,0.33081988974665494,0.46406671961477636,0.5045708317283526,-0.1330862227235654,0.2853240492568335
2014-04-03,0.5372315752426569,0.6156625150530535,0.39424126972366075,0.23387070629869539,0.4422312871591105
2014-04-04,-0.163631948728917,-0.1795706838505553,-0.4948382397985891,-0.25080348718232803,-0.1362140675178628
2014-04-07,-0.2821733204269886,-0.31677365353193626,-0.4976248814464704,0.2732132510662162,-0.002646124084910613
2014-04-08,-1.1173936609381074,-1.1489251560410183,-0.8924649880074742,-0.7818710425527134,-1.1193862042741602
2014-04-09,-0.3946880233547976,-0.24176637501424109,-0.02412010425164801,0.7776561102171009,-0.05123392599829507
2014-04-10,-0.22247481475584396,-0.2868468180926683,0.2769595181258983,-0.19403051210335165,0.20075651233456662
2014-04-11,0.3770937660399056,0.14341377572685776,0.6989002591534225,1.0948356282532212,0.2729476592823513
2014-04-14,0.4519732611270507,0.4357911797067952,0.24377858260709068,0.48036276120915034,0.583773863945326
2014-04-15,0.005172914482524646,-0.08470111885160858,-0.23024068763328723,-0.46164684188222405,-0.1815471524344251
2014-04-16,-0.34489922395694456,-0.4079828712628441,-0.4274480311606802,-0.3859964074955987,-0.4125324567192632
2014-04-17,-0.0335721781771723,-0.06548300428612017,0.04561957616864476,-0.34224449156143594,0.0872320171344248
2014-04-18,0.11580326631285565,0.1373175581044762,0.019592034527716348,-0.1672483579085653,-0.0610005982892568
2014-04-21,0.33350325911807033,0.3467903874807064,0.3375246315517724,0.1743072395404823,0.3170746249646995
2014-04-22,0.5051030430692823,0.5350655946058724,0.373182364821126,0.3650322909869965,0.5640771444304966
2014-04-23,0.07685240835053533,-0.17069907189879954,0.17924887032956166,0.08915154515959706,-0.02392321996305946
2014-04-24,0.08371543859486373,0.030548386657075564,0.18242905954980995,0.22507223882232022,0.10743931031536667
2014-04-25,0.07510323306341488,-0.11056039006400548,0.19412488285243287,0.26749924728773494,-0.06043330357719768
2014-04-28,-0.039027248913207954,-0.1576333159201678,0.05316025720907517,0.17941273095386623,0.016182634563179806
2014-04-29,-0.33317409140983423,-0.354592206813994,-0.22447792437376604,-0.70157264276691,-0.3296851144787718
2014-04-30,0.1716899998632675,0.059201845285078006,-0.10016566286022528,0.08041402910916903,0.17358523921767866
2014-05-01,0.030154739283915107,-0.011549691529518888,0.37314555120596615,0.3451381597166112,0.2590034392106442
2014-05-02,0.01607319246581779,0.009249713893558097,0.10717480549612433,0.019562712395787184,0.12747158265865877
2014-05-05,-0.29226182152956887,-0.2919985849572495,-0.2582363637415594,-0.22907521865381225,-0.10430191827667701
2014-05-06,-0.32185621369807005,-0.12236350885084699,-0.301015506855316,-0.24360673006120045,-0.17093610067552292
2014-05-07,0.04263661367068689,0.38473286947741836,0.42544604336778463,0.502061004385725,0.22539705825658096
2014-05-08,-0.3758145718237762,-0.4266585531476092,-0.43079981662697425,-0.4878419142585644,-0.4953988918518992
2014-05-09,-0.46598471773865235,-0.4057052336707065,-0.97700851010211065,-0.19667336404837718,-0.4075158797119893
2014-05-12,0.23717243229920343,0.219853519426124,-0.5029334814544586,-0.01066750769562605,-0.05140741021697698
2014-05-13,-0.1349386245015786,-0.2875773046693189,-0.32562278750530815,-0.4644416738554501,-0.2921787622206932
2014-05-14,-0.3781384406365618,-0.2886686584236686,-0.7657888051649164,-0.46543935412582904,-0.5889957939242343
2014-05-15,0.22274481136507066,0.21825650603632057,0.19927383718049066,0.6334027838418249,0.1651828632026175
2014-05-16,0.0589942789440087,0.04177796087095015,0.030354458116280066,0.4207496921510762,-0.07420799505379176
2014-05-19,-0.5288719743259656,-0.5715166789826721,-0.6266349218433636,-0.5196166396049978,-0.42206352315375856
2014-05-20,0.04693043400637106,-0.06650668040491521,0.08459392511508373,0.10685103689163707,-0.06527652065639333
2014-05-21,-0.018536582513936035,-0.06113426374266437,-0.08681524269735544,0.21856477677595942,-0.2553772587275918
2014-05-22,0.13667543741754115,0.19307827484072637,-0.04222360926822466,0.017070766611499165,0.15005414432551825
2014-05-23,-0.22675914836240663,-0.2226697132777542,-0.4608463516797382,-0.5905107173358966,-0.21010169351831628
2014-05-26,-0.15903538897821587,-0.19727036684276367,-0.40538393252510263,-0.39706173698451674,-0.29452073713176086
2014-05-27,0.36228177597335975,0.29119074454706506,0.46449756158487987,0.3996449384711672,0.2534288562862955
2014-05-28,0.2527441786091077,0.10477428618811588,0.18065253083988797,0.16424433407801003,0.04555756577313751
2014-05-29,-0.3523149188757405,-0.4458059085275327,-0.674571630923091,-0.1290966236360535,-0.3363258852480807
2014-05-30,-0.1221630510582429,0.08778666049680682,-0.12038306042503288,-0.06399341211710008,-0.0697570219327523
2014-06-02,0.47264734559861793,0.3548391378709904,0.6371809372437208,0.3285915589629955,0.4251660740836345
2014-06-03,0.16111380850621448,0.16347075821722143,-0.0016902935980990519,-0.4117722825279111,0.045131875211001427
2014-06-04,0.36681219893988815,0.2782938918738542,0.5047409104259729,0.16314567820725995,0.4003604310379821
2014-06-05,-0.2687474754557035,-0.19426844707397706,-0.3462260582271497,-0.4455133481607392,-0.25926357060085314
2014-06-06,-0.6633577879237958,-0.7617646690628521,-0.2612802873040613,-0.4234980658958478,-0.3337829187487083
2014-06-09,-0.5163983196256412,-0.493519727576964,-0.5934322290485807,-0.5133418608133908,-0.4174850667366525
2014-06-10,0.18531643304730844,0.3070803518247385,-0.22839836567073818,0.19832720413958924,0.1821451392978392
2014-06-11,0.24760140883501205,0.5393892021894349,-0.22602654821885784,0.4005100402225846,0.3367748577718637
2014-06-12,-0.12433407067597152,-0.08597332680763906,-0.24660820328012195,0.1985473615914398,-0.07650280624487876
2014-06-13,0.3156004252409549,0.4745769733614915,0.4166039050054934,0.6639729203567005,0.5041974827271359
2014-06-16,0.2926894696452096,0.5011984850105106,0.20293557857425912,0.06782719628072463,0.22665164608805782
2014-06-17,-0.09849005058127197,-0.30055547577238667,0.18468306250248082,-0.04723626540449845,-0.035904883075933716
2014-06-18,0.3523372250780939,0.30009405993978366,0.20014201349523242,0.06850710700526301,0.15153057143590523
2014-06-19,-0.4484650166204135,-0.5107751846518455,-0.15577622707169866,-0.22590951248246052,-0.09658050590410197
2014-06-20,0.10203465751126992,0.09210294421856394,0.30739677445813096,0.116339331176082,0.09827575869917081
2014-06-23,-0.07208507086689674,0.0032843695252536033,-0.16299683499687295,-0.21126728554583366,-0.0619502640555302
2014-06-24,-0.23460215604622953,-0.23602650610063486,-0.1915338098859204,-0.060192941378853546,-0.15908041351858032
2014-06-25,0.32681326732720706,0.21839184286578878,0.35603689524728144,0.32234702294522233,0.22232523495603906
2014-06-26,-0.07893521200821738,-0.1390607932519142,0.10609714383656543,0.013943022638283141,-0.03724543554432516
2014-06-27,-0.24249420299510813,-0.09281331607814053,-0.31759699172664607,-0.06317284918399595,-0.2914575219749902
2014-06-30,-0.047649874706079676,0.06132333554633808,0.15704283992747864,0.1778756719821455,-0.12296617909889095
2014-07-01,-0.17983211859399312,0.0784967361850456,0.21970010003066362,0.003343152177551951,0.011909970432983898
2014-07-02,-0.11352756553701177,6.524867455473676e-4,-0.1256457420821097,-0.32792145462104416,0.03566207312248543
2014-07-03,-0.31570349418860777,-0.4678842887527066,-0.5283504777707223,-0.6313392964492397,-0.44418918236994676
2014-07-04,-0.4551363593743178,-0.5425376005416377,-0.8299866947509285,-0.8337746368116135,-0.5627635619998799
2014-07-07,0.11765003960179636,0.18427665129833268,-0.14468739638307843,0.1459714496262012,0.06809127830121184
2014-07-08,-0.538022139443055,-0.5134807138820093,-0.46764773645764757,-0.23518320020564992,-0.6021609894757318
2014-07-09,-0.06920885109283068,-0.06477009600363372,0.008524684837093607,0.3316079343628013,0.06146868073239453
2014-07-10,0.19857264928545876,0.21378976620886625,0.39611414138141965,0.18090393438487806,0.3533270042124997
2014-07-11,0.2115735002284954,0.18166408494551484,-0.01746103362342806,0.44719996069799456,0.2844456863003457
2014-07-14,-0.0044388759141133285,-0.006561119676820729,-0.05424488807645419,-0.06172491160239503,0.11937138736645218
2014-07-15,0.2158722892208366,0.17770339019680317,0.3398299009609157,0.06024747127182916,0.2979221830606268
2014-07-16,-0.044837702158964196,-0.06917800810116725,-0.37538076311975016,-0.21398091165068375,-0.17698465297412472
2014-07-17,-0.3474423469792231,-0.28983416702807535,-0.729663235313685,-0.3388006332643501,-0.2732512607289528
2014-07-18,0.14976770369509235,0.1418316382429027,-0.029787410935006337,0.5587798815499536,-0.0395122630999717
2014-07-21,-0.19402465170581265,-0.2574486802628355,-0.13436381976767672,-0.24979163199461396,-0.017646667153349282
2014-07-22,0.028683992415298308,-0.021755400508834358,-0.001452410103256644,-0.03256954316758791,0.15433673242818763
2014-07-23,-0.3015052707367789,-0.2129207867605576,-0.7465862274455085,-0.38265241028658015,-0.2331680946532141
2014-07-24,0.3537572987202735,0.4221237632749669,0.2069594821494112,0.30419760270593144,0.49790596597746994
2014-07-25,-0.13839865133477597,-0.03178242937243832,-0.1485609277726484,-0.39669233885469435,-0.23556476894641626
2014-07-28,-0.014042808979413436,0.056007870333391746,-0.2833203116849801,-0.033369290668524024,-0.17543109725309874
2014-07-29,-0.001500109542792173,0.08252859025400311,0.012642380984018639,-0.06356738595883753,-0.11078730695106295
2014-07-30,0.340015398034799,0.4745063998431582,0.1343801854567225,0.07028145494474017,0.22344844395344646
2014-07-31,0.4577992044251005,0.6641105760440417,0.3119377991480815,-0.34013879110191614,0.3239963173578352
2014-08-01,0.6448869654533905,0.6964969457813958,0.5878554875954041,0.5787414360092279,0.47388058769198693
2014-08-04,-0.3795324587342828,-0.4056034300537352,-0.0717057003183201,-0.20026795693711089,-0.21812341967703588
2014-08-05,-0.47384492405599693,-0.47889015775951843,-0.4614047131710844,-0.4061881695960819,-0.43167466825731987
2014-08-06,0.44834967385964886,0.534039036061633,0.05891809541881869,0.42551561352630046,0.19743831580064752
2014-08-07,0.21496975310623734,0.3886088348585027,0.21670852450980294,0.6558132490906842,0.18573235034612362
2014-08-08,-0.41854497527447854,-0.337369960404617,-0.5896288677374318,-0.37251152219063005,-0.7066565780335373
2014-08-11,0.07511830136503542,0.16470123854177643,0.37675529695604637,0.07127923199909682,-0.012130973445074966
2014-08-12,-0.2529933837323425,-0.1856047650271302,-0.3404739790382472,-0.3098019022040124,-0.20247249695533603
2014-08-13,-0.015815543069485502,-0.09011501994828552,-0.18432785550044828,-0.08956718565093505,-0.13268352245000412
2014-08-14,-0.5152588116713569,-0.46710339181930527,-0.5426315016423383,-0.6504285282590813,-0.43424659703755775
2014-08-15,-0.7395147904874847,-0.7481538765075239,-0.7939645175691171,-0.8263786252482237,-0.621934314600865
2014-08-18,-0.3081592980542598,-0.2874415530152202,-0.1551353993602521,-0.2134637003520567,-0.3405285890543187
2014-08-19,0.17224542367193674,0.21428808240406946,-0.03474395504209998,-0.0026572087028617387,0.07594019259257545
2014-08-20,0.6308136399169689,0.6774297644068944,0.2928381024478337,0.3040127139725778,0.4258744419206059
2014-08-21,-0.20391713127152178,-0.12142769002543277,-0.7165166920838411,-1.0389834258368333,-0.4232791695350366
2014-08-22,-0.1318035468995591,-0.3043504165402289,-0.10169535867355511,-0.3842903586850712,-0.16067338350331395
2014-08-25,-0.038419907305825195,-0.09491147985711174,-0.6472801082912358,-0.406689726715095,-0.1774979081654733
2014-08-26,-0.06487216862082935,-0.13200096005724865,-0.27701756164061364,0.00902903927216775,-0.14438640915123035
2014-08-27,-0.41748244688218833,-0.4110058896422392,-0.6095383815904827,-0.42149342179284977,-0.3461381718409328
2014-08-28,0.18691179938623628,0.3081550500899102,0.28562271694282604,0.4051310884236815,0.26542382130871034
2014-08-29,0.3219318885275929,0.36996863241283307,0.29999824100453965,0.5194085790501825,0.23234785950972175
2014-09-01,-0.14468713849439255,-0.11614734699536242,-0.5703978229703258,-0.5806024705805382,-0.08617799678092178
2014-09-02,0.7006206758856227,0.7248092327089355,0.6376542272544656,0.4772246129812465,0.6591418275518116
2014-09-03,0.1408392728057859,0.09511093005739475,0.15031587203254354,-0.773362015172203,-0.015426602494617192
2014-09-04,-0.06759576032967984,0.05715818312449408,0.09284933038266252,0.1471083540597481,0.07039180815282377
2014-09-05,-0.09739529628138369,-0.02621508100290831,-1.7345399650180213,-0.7327893629093332,-0.3939841237350732
2014-09-08,-0.054777276846957615,-0.07560331798410172,-0.26183281207932785,0.23538020821242622,-0.052041572511223544
2014-09-09,0.847664574382383,0.8367642383826426,0.31656633414705976,-0.0327947938333743,0.43716962622450084
2014-09-10,0.004769562677942096,0.12955192384503697,0.31072703232904736,-0.12300894218421099,-0.2097502921880459
2014-09-11,-0.15418504363064126,0.0056149581173091,-0.2680101110962307,-0.8230947022023947,-0.308903207018549
2014-09-12,0.10780080501339491,0.12941158043511788,0.12892535310143788,-0.24486721995641725,-0.056344641096944134
2014-09-15,0.9256800148144907,0.8600703954568741,1.213823326877142,0.6612723078237632,0.8033357776421558
2014-09-16,0.2726158548566002,0.20666471393087002,0.2137633154196447,0.38245100117559594,0.5084651027351299
2014-09-17,-0.3124414995855975,-0.36374198023727006,-0.15446246062080224,-0.30806592157356694,0.1458044642393953
2014-09-18,0.27231128736951743,0.3563653980926156,-0.5442439853509151,-0.9807258979637139,-0.28172653383377094
2014-09-19,0.32689728811599056,0.3403850485279055,0.6957351750901536,-0.13405703998301213,0.2629821168013633
2014-09-22,0.3414079087707678,0.3624838118556857,-0.17301104952928395,0.14090362864192474,0.4954785881140794
2014-09-23,-0.030973206149502545,0.014621891310967597,-0.04923421478551245,0.10848733265750207,-0.07082749430259933
2014-09-24,-0.032114366494314366,0.026263525360802543,-0.013190336247251406,0.18520183353381564,0.008054920121861691
2014-09-25,0.26819857941486186,0.3005148623328735,-0.3209068717124073,-0.40970759898941406,0.2799945922287819
2014-09-26,0.26540888468511387,0.30295038562043586,-0.02054534906722641,0.800903428499075,0.2267541279970585
2014-09-29,0.7186071788608239,0.8970341571403817,0.008462379117680836,0.05915295303403526,0.3063386737689347
2014-09-30,0.19330507918583775,-0.07654161779860091,0.20536926365020627,0.08874050999424953,0.28388022694303894
2014-10-01,-0.26365489909148415,-0.12225588622513961,-0.7381777178816531,-0.5250273848063449,-0.29625950125651607
2014-10-02,-0.729873924033053,-0.7092830418591177,-0.8734336552335524,-0.17061615671485286,-0.5210065688693202
2014-10-03,0.025004376334878342,-0.02757493226064306,0.3305474314686206,0.5907744056183836,-0.05057797416544907
2014-10-06,0.10980382803479358,0.07983316473840057,-1.078399002001108,-0.9866963219691937,-0.6687533824307696
2014-10-07,0.26614446650834966,0.26591735019776197,1.0598269316765208,0.94963485061987285,0.4046367256016911
2014-10-08,0.13619121706371617,0.15782877145684193,0.49627568010905476,0.9678651471016478,0.30151247763595557
2014-10-09,-0.5426169831413235,-0.5232614606163253,0.13618547880660054,-0.4738678601290306,-0.24992327395399258
2014-10-10,0.36978331397044223,0.48018848582555684,0.07786097919294457,0.6700138748309061,0.42887105678872606
2014-10-13,-0.19721266445928096,-0.1626978392311402,-0.6443790884147031,0.28532334364507683,-0.2786315841442937
2014-10-14,0.2506443830734019,0.34040310224243325,0.8120315380829856,0.5879448121397264,0.4415427494769646
2014-10-15,0.2896423213305906,0.329941503308211,-0.24868503830937372,0.09201864675767393,0.039454988932964535
2014-10-16,0.15775194841297344,0.18600160810857858,1.4865153344550908,1.3681241458478162,0.39559987095344934
2014-10-17,-0.12767161222457363,-0.06174202639083093,0.041288744813575196,-0.3505281354022389,-0.10313171175193714
2014-10-20,-0.0810037471462221,-0.08248385861002322,-0.4751673770265297,-0.8061982201816263,-0.09080980777084602
2014-10-21,-0.310318347830241,-0.3117713709284303,-0.04423770930299139,-0.19895201698425408,-0.020709660755601954
2014-10-22,-0.16047222097328867,-0.1427637347467543,-0.7454137355628077,-0.23247384634132467,-0.22902537121132813
2014-10-23,0.4213327041711936,0.45406500268235794,-0.2958399070858435,0.29606294813156175,0.23174855364231117
2014-10-24,0.16307946696274375,0.1808099968192647,0.11699844986618227,-0.8131969702356556,-0.04264795081276128
2014-10-27,-0.02405493912407679,0.03743247562677509,0.15559072767880905,-0.2089709722848773,-0.039336365442022424
2014-10-28,-0.06839436235541554,-0.04154296643326964,0.16869129374394803,0.24364372056613084,-0.002276522432337077
2014-10-29,0.012081087244298615,0.06606637566646592,0.35172850934161404,-0.1857721607439838,0.18205319901637193
2014-10-30,0.4755936799266569,0.523945302648287,-0.2820829410586191,-0.23308654001449947,0.09358756255441203
2014-10-31,0.10935927366750181,0.10337717040727967,-0.19505305076759352,-0.3495835012433863,0.14685300056291364
2014-11-03,1.282588590275917,1.3249444112516728,0.3476918427823903,-2.049823052192825,0.5974775643928296
2014-11-04,0.41851993160148476,0.43552795891656093,0.2022360113452228,-0.8328173209073796,0.17649031266723242
2014-11-05,0.40184567696836837,0.5032667276732312,0.837760867707252,0.3758088295471852,0.5680704458480785
2014-11-06,-0.025505529077504516,0.05948729772219877,-0.48700861683623153,-1.0589566002375075,-0.2616644180565466
2014-11-07,-0.06072486320693139,-0.0025863012276872276,-0.9626241097728089,-0.6630090663001972,-0.3108205697191491
2014-11-10,-0.44588364650303386,-0.6119993435085391,0.007389588528214364,0.031069692007472866,-0.012011861659907419
2014-11-11,0.4126509686869518,0.3892251909140563,0.24325517220305345,0.3124121208228873,0.32924304380871316
2014-11-12,-0.24386936187310626,-0.30690004218690203,0.0961117749221988,-1.1190917109879188,-0.2724399371900617
2014-11-13,-0.04396169123454843,-0.10155963369781493,-0.34137984275067207,-0.03192237873559914,-0.03761432439455964
2014-11-14,0.3443019150799576,0.3466301085437052,0.6445502413814178,0.1309819235397845,0.19657946213631536
2014-11-17,0.25006613177811826,0.19828444461159342,0.6673729284714516,-0.7144717714092987,-0.23579746505910892
2014-11-18,0.23537681298281987,0.33017622396404345,-0.21568678800451171,0.3003237452020433,0.13561546008239178
2014-11-19,0.07851211793930143,0.17356519103510137,0.6667964727889166,-0.10419110974882365,0.10510874445830902
2014-11-20,-6.120330675829198e-4,0.06266381156248142,0.1943465599374207,-1.1160502309864782,-0.2749523163554472
2014-11-21,-0.00138321827028448,-0.049168058413028265,0.07680281776141429,-0.24090609826707776,0.011539186096924711
2014-11-24,-2.532240870608152e-4,-0.03567545632660084,-1.3473564768433837,0.3870750522236125,0.15742298304127536
2014-11-25,0,-0.2836323510784821,0.17117801112951736,-0.5403738123777119,-0.27763922415678133
2014-11-26,-0.28304655953180086,-0.27191865349937433,0.13595600735630214,0.18735843976653915,-0.12127294755421511
2014-11-27,-0.07633564050840336,-0.13696141554176483,0.2085621274070481,0.1512850377755276,0.026880055663187505
2014-11-28,1.3147410769309202,1.2895932698010202,1.019224833892435,1.1695127805468424,1.1860969201444693
2014-12-01,1.1306153516282622,1.1537496372669116,0.9201875992333252,0.1931030494234255,0.8833446946492028
2014-12-02,0.19233061653370098,0.156463161817454,0.458609393506053,0.49149098304504124,0.45639846737129397
2014-12-03,0.018839063134080312,0.0813749943245411,-0.5549302334902495,-0.6759413631007312,-0.1605550641696187
2014-12-04,0,0.009747257659299733,-0.7044037522894868,-0.66111169771778,-0.17185917329245654
2014-12-05,2.091416047351087,2.0223196118208238,2.502710414895354,2.0364520469979333,2.038132437042931
2014-12-08,-0.062154168149396505,0.14737187749509095,-0.6471558959150923,-1.591094525010997,-0.33184875175184003
2014-12-09,-0.16243703353678893,-0.45588633821186464,-0.0955002686114077,0.3823754980992007,-0.025240709042814405
2014-12-10,-1.550509236611354,-1.876371043188698,-0.8929751332245289,-0.366858322138132,-1.301361297428625
2014-12-11,1.6128188693278571,1.5906548740487279,2.3349315622827698,3.2216474122338408,1.83724881450647
2014-12-12,0.39661001464850204,0.29628701475670494,-0.04220254263091905,-0.5390953255963623,0.5286748623962443
2014-12-15,0.12621233479692345,0.176044710808113,0.6140625543717494,0.685783749669817,0.49928459986819496
2014-12-16,-0.05662405423823579,-0.08404254493973481,-0.09650656943069214,0.38688524196171753,0.11775682304546496
2014-12-17,-0.940478090912667,-0.9344025986670441,-0.4010388690268823,0.09015552408084901,-0.19229826239355538
2014-12-18,0.10901938441193956,-0.08143099911644852,-1.1987676493017752,-1.5620251737296296,-0.5337117215088224
2014-12-19,-0.5045891502243488,-0.8408526172863204,-1.1961643973045462,-0.8901981568367298,-0.9244385076296552
2014-12-22,1.3612335492222862,1.1492866881189099,0.664645773968551,0.8612379494146005,0.9526687669170208
2014-12-23,-0.1908946185388064,-0.177821657083453,-0.32062662555713356,-0.8585268603733653,-0.34091400951601586
2014-12-24,0.15391952906793488,0.09080471830766995,-0.26475472716616966,-0.37337530083015197,-0.3864761807935538
2014-12-25,-0.1775506474016865,-0.011944940471320945,-0.07094746155771045,-0.0677062376060262,-0.09922063179238252
2014-12-26,-0.0252327063619536,0.00550157535135286,0.08690679990755715,0.07619239600403951,-0.10299737749234651
2014-12-29,0.26061037523958247,0.264832390225888,-0.050182340917087426,0.2305868848361792,0.15019785520665263
2014-12-30,0.06902190550939068,-0.027127158405443094,-0.12241404137305566,-0.11860600715039386,0.05114939065345148
2014-12-31,-0.047873944967421866,0.26629078948740165,-0.013715288464280327,0.9018105839986147,0.15880766731068988
2015-01-01,0.047012961304483916,0.060194940809979586,-0.46865971005318624,0.011874709048749488,-0.06670192398179839
2015-01-02,0.7782952137256858,0.7845551042500202,0.5891704508547979,0.6019159472340397,0.7487178230977305
2015-01-05,0.8927063898763352,0.9528550002456521,-0.3106096714993787,0.3674637866492203,0.28960675731103297
2015-01-06,0.6887437224348923,0.5828790132109669,0.40282048341946836,1.4268488617517685,0.6568487678319842
2015-01-07,0.212813497040696,0.3525919157188929,-0.3476500827332901,0.9391673928892276,0.40711772187342493
2015-01-08,-0.5992052318016938,-0.569325115373902,-1.0374865875454222,-1.0142863182430815,-0.692700121403933
2015-01-09,-0.24970152147441532,-0.27514019514166077,-0.7024137024868169,-0.7142546904572438,-0.47351854480799194
2015-01-12,0.7618865414982082,0.7804177587350131,1.275852467871588,2.0256577028545455,1.0804435031398394
2015-01-13,0.10351541951025703,0.27221047576480895,-0.09070597154816867,0.16732584346348311,0.15071776483682864
2015-01-14,-0.013141810889969664,0.14204029772244336,-0.49338208506068804,0.4446188447776587,0.15540272607941016
2015-01-15,-0.25725199932312226,-0.15709481696892286,-0.2964134887091302,0.1536965107754103,-0.2117805556106192
2015-01-16,-0.32820462512432647,-0.21663511686373677,-1.6148115321598346,0.8192395331698114,0.39225364067250706
2015-01-19,0.20388589882040825,-0.11013382521899623,-0.7103340919156833,-0.8420944812499513,0.2009935505651176
2015-01-20,1.2419938470364265,0.9935570571138503,1.3182434196863608,0.9406436488320271,0.8064783266987229
2015-01-21,0.4688611081009572,0.5491159696685026,0.09129871206157392,-0.4089983129926531,0.21216904489127117
2015-01-22,-0.47069532776496104,-0.34659406148866445,0.06991853774866154,0.06245327655862601,-0.24359655963917687
2015-01-23,-0.32624626984639954,-0.2776361602568731,-2.5552795722362283,-0.9748792595341207,-0.6616636481463165
2015-01-26,0.32961951131122746,0.007390899777662482,-2.150172123398187,1.4169874341519302,-0.4006567616267323
2015-01-27,0.06625677238059836,-0.44578360539102063,0.6178495534603008,-0.767038881659024,0.04728812830569648
2015-01-28,0.04981250426621836,0.09725660365062196,1.2365095331186506,0.5525851766851739,0.3747474178134008
2015-01-29,0.7544027300294056,0.7495081442111204,0.2611633019600748,0.9854716557386718,-0.15467027757496446
2015-01-30,0.19989404301736297,0.25377980631470914,0.596646970289748,-0.34987124281101745,0.062210899538807304
2015-02-02,-0.35635726053099037,-0.38805322664928765,-0.4860207930610506,0.46201986483378993,-0.3059052688620534
2015-02-03,-1.4979332885247054,-1.6650863378425724,-1.2467245440509909,-1.6922343378746985,-1.5519762622274105
2015-02-04,0.3977943858438678,0.29877036409199736,1.4097643024510815,0.35694559669712267,0.4197977761928666
2015-02-05,-1.4808594956018106,-1.3689806124974164,-2.4806775783790194,-1.2092740686485772,-1.5465198274247276
2015-02-06,0.2613047223619456,0.11265872390527526,1.3354786516318633,0.1498980600937431,0.14424689933538748
2015-02-09,0.08046552975483139,0.18281862848708902,-1.0739578186461287,-1.1722456511451071,-0.5751027338423899
2015-02-10,0.4940710713572998,0.44091320518507343,0.3536596095607971,0.6496992675143649,0.18559595412535113
2015-02-11,1.3304542032166091,1.4680308460031848,1.2751491860388293,0.6748773796148089,1.2480146160045846
2015-02-12,-0.48697446634249486,-0.3537567935075548,-0.5337939539844418,-1.3058785398712132,-0.5547785581019532
2015-02-13,-0.4013480782686428,-0.4201790956650937,0.3989228582091787,0.5566031102071036,-0.21591402092515327
2015-02-16,0.019597252697489284,0.04756326343301848,0.14331261186754435,0.4693034846713229,0.05516026080945391
2015-02-17,-0.006419884567629807,-0.1375211763400613,-0.5659508292981391,0.11868354500424191,-0.17398506085975907
2015-02-18,1.0016837252538182,0.8790210950204351,1.4997513439513095,0.4142602289215242,1.0113370297635131
2015-02-19,0.6873618705905817,0.73026301110553,0.7921332095630451,0.9986077138533679,0.8850317477719443
2015-02-20,0.35609551077359114,0.43152362940188804,0.124193273407332,0.13668471110731864,0.4959367820502285
2015-02-23,-0.15600193010806573,-0.09934172416076346,-0.054380605867657014,-0.2708375273738574,-0.12484968485065423
2015-02-24,-0.4970531129603478,-0.5048239552325477,-0.9020422501752143,-0.3602745652627397,-0.4434978655034521
2015-02-25,-0.48333613975359446,-0.5242102083543121,-0.5390297308520755,-0.43593636965179144,-0.43370939536636244
2015-02-26,-0.12430421516654472,-0.24826418054374558,0.05611155078344246,-0.0452857645310669,0.0455460100978019
2015-02-27,0.08098002051660493,0.03253318106564218,-1.293163253630288,-0.3729339940734504,-0.10952177914865262
2015-03-02,0.6883466635500934,0.5341837199213884,-0.0025455198675939372,0.2411874929161953,0.04767913518309797
2015-03-03,0.01906662051553902,-0.050047260092493606,0.04504854436173241,-0.3846481177907178,-0.18832622405508898
2015-03-04,0.8341747399549782,0.8267995003770874,0.8777046700895775,1.2547850688633322,1.0416631148135354
2015-03-05,0.188909807440779,0.29990038290767385,-0.6700154960830874,0.2120564116642331,0.12970551527924135
2015-03-06,0.6264118672996124,0.7310263012115796,0.0017019262164877091,0.29921094618465754,0.3739451518699153
2015-03-09,0.12048229619266833,0.2556777551160053,-1.69242134026715,-0.5272170370524581,-0.408989301177448
2015-03-10,1.008627862540525,1.0415682621705182,0.5044026449701609,0.36180255880214085,0.6656019734399339
2015-03-11,-0.42227495093412043,-0.28809287331700917,-1.6531811462871246,-0.24548002508218136,-0.8773325049455939
2015-03-12,-0.33776472504250815,-0.3213188888006884,-2.1166784528941442,-0.591487675076931,-0.5506300328588188
2015-03-13,0.32300619958874366,0.29809200300295957,0.6465847947668832,0.3705556553803333,0.6421881430181431
2015-03-16,-0.1995802725635204,-0.13480954419130659,-1.493133601858995,-0.22692305318381084,-0.7920531305388321
2015-03-17,0.13217512300835377,0.08855957902315051,0.7107272999826926,0.11871774389255971,0.0098345657725471
2015-03-18,-1.3647732816309168,-1.1712845682762627,-0.9970831371093347,-1.3015710989727904,-1.3394070919965961
2015-03-19,1.2694304547419628,1.5531510371638153,3.6527512887332843,2.3374649575927786,1.713975513254351
2015-03-20,0.29331879545373024,0.9713534463042733,-0.8351605483688955,-0.18482038121938688,0.17302966070352366
2015-03-23,-1.4145983103198807,-1.3636083418687135,-0.17202889698359933,-0.8810148529416898,-0.7556257877425624
2015-03-24,-0.21673599186746478,-0.4475093691244054,1.1014886858052508,0.1481643976136249,0.4526623227170965
2015-03-25,0.5817896829949024,0.6432369608038822,0.4532057302480422,0.5965743408113089,0.808983711824337
2015-03-26,-0.09136185966064307,-0.12905763794971306,0.4304109729651012,0.11344717491644105,-0.05171329009818654
2015-03-27,0.35591967876038477,0.34096730045451146,-0.20229688116086814,0.6749251962982747,0.4159304443761723
2015-03-30,0.8319356156782824,0.7930148224228118,0.7079168059048435,0.8083956652169804,0.9203944398580782
2015-03-31,0.020576699983423347,0.21694643742489908,-0.4768453280942806,-0.6502893692874571,-0.1481660894258114
2015-04-01,-0.943113136863285,-0.7336794999819541,-1.8948497293715134,-1.0450209731552678,-0.8185268658141622
2015-04-02,-0.6923190329967118,-0.7003800776068366,-0.6391004047687292,-0.29573383909106,-0.11577839172351725
2015-04-03,0.05950322822044224,-0.005315065994370621,0.96549615018959,0.03496826206871594,0.5529802489004703
2015-04-06,-0.8570523490130854,-0.8799062566135725,0.5289901059115338,-0.13733929575581302,0.0027801500717283545
2015-04-07,0.22618658071443584,0.15663437887266732,-0.10434668646982621,-0.18403477310520794,-0.20280071378866726
2015-04-08,-0.3380867955487954,-0.36950816338128656,-1.431087560703071,-1.095831816244463,-0.7374927888311702
2015-04-09,0.23038564438754955,0.14690332825391475,-0.38135765652920106,0.29572760720800745,0.2568243756381524
2015-04-10,0.9631708117710904,0.9017684989082706,-0.25081067125193357,0.5877573450565733,0.8056010632919323
2015-04-13,1.1792123835041308,1.1663373815668667,0.3911366648655549,1.3741858942414173,0.7153536918840611
2015-04-14,-0.051141652115118924,-0.043747900253261196,-0.5186120404889942,0.06902752030368753,-0.2362344243441301
2015-04-15,-0.772640970713312,-0.715875519622329,-0.16180521859467542,-0.24135329522153745,-0.011872435530097009
2015-04-16,-1.3112152520016536,-1.2179127409646575,-0.9248674160045474,-0.9427394718580665,-0.8781314676882493
2015-04-17,-0.0890392085377413,-0.06343774889055243,0.6740170851131249,0.08755341850420292,0.1465793035193252
2015-04-20,-0.13876123019266723,-0.1521134985050389,0.5152362401561861,0.06779052450371968,0.5571686087918979
2015-04-21,-0.06985831820361034,-0.17202405768153742,-0.5150832950096914,-0.3524054007395275,-0.22685179175094972
2015-04-22,-0.4040343121028249,-0.4370646899611754,-0.5598834861193882,-0.8124557504831177,-0.728191455481534
2015-04-23,-0.3953798198210734,-0.33506166929664527,-0.5934879435971062,-0.7055374363973339,-0.3617536776433194
2015-04-24,-0.9803289618555423,-1.0479271251961062,-0.21524620689834234,-0.6961796586979141,-0.7164918235983923
2015-04-27,-0.8791431787987113,-0.9124828567333003,-0.25309718805454523,-0.2618960010604753,-0.23629311718105672
2015-04-28,-0.591056657734075,-1.0689593342828616,-0.4145796532404052,-0.6429729903365656,-0.1494210219137281
2015-04-29,0.1071579043651747,0.12764167717172664,0.9468699607594189,0.3651996670539067,0.8317010620271876
2015-04-30,0.9969953149140572,1.103478463032965,2.492825015332263,0.9028252227997325,1.089439216118639
2015-05-01,0.7984430866593775,0.8884159838229995,2.0640603354029006,0.3438974845013658,0.9049605419297251
2015-05-04,0.23194873740287714,0.32830937580415037,0.2969787851870496,-0.42779898028616087,0.004583713133820166
2015-05-05,-0.2558400263737979,-0.3211088930536547,-0.55079917463435,-0.3239204056182723,-0.41643235912816384
2015-05-06,-0.621945858509675,-0.6026347773052118,-0.3597216682862076,-0.4688718304339608,-0.75651499572294
2015-05-07,0.8987872014657112,0.9542123585320184,2.3087606251870123,1.3821345473934052,1.3401601270943098
2015-05-08,-0.3232928379981393,-0.3958219914563166,-0.8252840527407365,-0.550861605203794,-0.6079394612443388
2015-05-11,0.6689819085011594,0.6370139973297578,0.08628134388221187,0.5922928328738777,0.640675595982231
2015-05-12,-0.0926254983710042,-0.07297957899752375,-0.644645822683053,-0.4234207705633991,-0.43376543769577147
2015-05-13,-0.470246015770447,-0.45948951101859414,0.10107675366627664,-0.2632270036069112,-0.4432322387445008
2015-05-14,-0.8657821695632013,-0.8285864091751772,0.3870132347191628,-0.25203764301075837,-0.32713867684842923
2015-05-15,-0.17909451954033154,-0.19219294390384292,0.5392042619573733,-0.0865311041991457,0.29009518936250434
2015-05-18,0.6681658201741855,0.5668130479698404,1.1593053538722322,0.5615726957631797,0.7735021505923804
2015-05-19,1.0170172522965497,1.0661235347110634,0.10186045114165382,0.4976580805640484,0.6671298094530838
2015-05-20,-0.4702619094775201,-0.41152683118605854,-2.225110895335857,-1.2037581552304986,-0.8927978378325664
2015-05-21,-0.08759497561616313,-0.04458513018107918,-0.8903665081414378,-0.6319337274100025,-0.49977155974203014
2015-05-22,0.2641701619547225,0.37528901270102666,0.17864276263327283,0.3295489033097191,0.14001695142355766
2015-05-25,-0.037594022094500815,-0.0011056644157161205,-1.124848964186934,-0.4729091238742255,-0.165968893410031
2015-05-26,1.12024076783453,1.0562628039140949,0.6835544493517656,1.0356219753754743,0.7042008426538691
2015-05-27,0.3670603382337082,0.40315361678499767,-0.44270398036378444,-0.81820823610582,-0.05797802441448052
2015-05-28,0.21815901077687286,0.31132737538448135,0.16916084213157456,-0.5727430062178145,-0.011974737927964583
2015-05-29,0.020192004987962836,0.0688243507758429,0.5756377589959889,-0.16150214208300928,0.1833208632714238
2015-06-01,1.0615128515777572,1.1252839252638867,1.1658164884683189,0.7404557436419498,1.0920284534361717
2015-06-02,-0.16504774479524775,-0.08828538458136048,-0.42321977294839536,-0.7747692044669032,-0.41903904034275646
2015-06-03,0.0616768955158312,0.10415272007361542,2.069637966427444,0.6387860500592111,0.5042510583061518
2015-06-04,0.9132854324318948,0.9348401905019545,2.320982156578159,0.7831535299762816,1.4590585827557034
2015-06-05,1.2440184925080515,1.264322353009895,1.1426811485071617,1.1286055784895765,1.3938005596493817
2015-06-08,-0.29474026121460695,-0.2216868423413857,-1.1544012798261758,-1.3496465021539195,-0.6466061939703971
2015-06-09,0.1766221076303917,0.1557421756753549,1.5374846291618247,0.8931649688380241,0.2845216359397219
2015-06-10,-0.6944210060205761,-0.6907772977407082,-0.22962434893775657,-0.41155884731446296,-0.4162927677136748
2015-06-11,0.32133691582321455,0.2701594199824269,0.5147414439174968,1.5800153725079487,0.8564875649102773
2015-06-12,0.3625130856894887,0.351680374534782,-0.22448844365665105,-0.0506124728878157,0.5421666560100233
2015-06-15,0.5014712899701432,0.5012686989142877,0.2035324652831961,0.6585883491085673,0.704881561329748
2015-06-16,-0.37135619832596817,-0.33970003991743786,0.09358699399074319,-0.4687321460097438,-0.2795095256362287
2015-06-17,-0.49356359016409207,-0.49967357424770104,-0.7079296104412793,-0.5057222723822459,-0.29358861918292395
2015-06-18,-0.9958555776058153,-1.0546389817440707,0.06665454056454226,-1.0564938580907892,-0.5186521284500176
2015-06-19,1.060919389879147,0.9915859119376144,1.2597809868164505,1.5128960769846393,1.1432671312278482
2015-06-22,-0.4070095530353832,-0.3853210271307497,-0.3195221323982634,-0.18157146927454731,-0.10967057077312037
2015-06-23,0.6735027335528198,0.661426875709222,0.48078739542042087,0.21828449772398822,0.6115800211642092
2015-06-24,0.30418836016482514,0.3916063720799319,-1.2884077206926827,-0.18259532443699417,0.08126014759958716
2015-06-25,0.11017028013914629,0.15824781093538975,0.08771387023602772,0.04117247913559244,-0.07967131083400776
2015-06-26,0.41937734030756046,0.4082863937543295,0.3877904788424621,0.6153194830540344,0.3789891841442746
2015-06-29,0.12931464194541956,0.16563500772929524,-1.9169992978442798,0.9458401833040239,-0.6644398928353891
2015-06-30,-0.46022506526287155,-0.4323949033970207,1.3318290225757616,-0.3883742264872245,-0.19049270260604834
2015-07-01,0.2716177309776376,0.37275456297489573,-0.1335214192831204,0.5272864729635549,0.238536151373188
2015-07-02,-0.15631107911981373,-0.12391893640389061,-1.1566558396836166,-0.8939665242748596,-0.52652261928279
2015-07-03,0.37992941084007115,0.32784807768838803,0.638386058151555,0.4888134232829186,0.5101628314516773
2015-07-06,1.3099513808803944,1.3072141545440956,0.5467240170170123,1.84560912911695,1.2419772117130252
2015-07-07,0.2461224285221762,0.2911030181311395,0.6180305497973603,0.11547182885389118,0.6815139424355272
2015-07-08,-0.6235627846564766,-0.5886060211049171,-0.8688574761106951,-0.5459862842539016,-0.6785570616407255
2015-07-09,-0.5060317076307991,-0.5223003741215264,-0.024304133562587787,0.8675354469533898,-0.43398200963874667
2015-07-10,0.22106795178317395,0.17386153783191988,0.22907409644676688,-0.2521950762324211,0.21005541496422395
2015-07-13,0.3513984210860997,0.3399306712647891,0.9481661905462935,-0.3901078227880017,0.27424821058990134
2015-07-14,-0.29291885472253576,-0.2527086542883595,-1.399122367007502,-1.2870732527201678,-0.7423972932073508
2015-07-15,-0.017258887872847954,-0.03153654924055166,-0.10742701006165728,0.055823643534614636,-0.4710509050568346
2015-07-16,0.06353473704882964,0.050241514411054296,-0.547657065102634,-0.36630082323405017,-0.5284784823927603
2015-07-17,0.2890026471461572,0.28459449951583493,-0.3718121064516533,-0.0012626161572646954,0.0350256067324273
2015-07-20,0.3045893521947857,0.32597477418456133,-0.3437261020096138,0.25877803215047396,0.06334695427980483
2015-07-21,-0.8454788510209666,-0.8181950261219334,-0.9263458175862151,-0.9811936008734528,-1.0345292351403041
2015-07-22,0.5742750897361087,0.5259702044488579,1.490992839327578,0.9376232256536358,0.8352035027223055
2015-07-23,0.15921684063226338,0.18193199337969063,0.2533539104906663,0.018352698848906945,0.2742818514828888
2015-07-24,0.16770663257213228,0.18993998435671625,0.7656733757275428,0.2989802398057129,-9.219378789174504e-4
2015-07-27,0.05384399360849447,0.07395432095233868,0.04384560794238865,0.15986166759183434,-0.20330401117879218
2015-07-28,-0.37803498265483954,-0.3651274981064725,0.6904282460108527,0.060125555717191234,-0.2540800785211471
2015-07-29,-0.06572400394585112,-0.08801381833543037,-0.059325753205133225,-0.2594087467558204,0.32054948645503745
2015-07-30,0.3734640869497354,0.3642802806672524,-0.3754858371791049,0.047455849111530786,0.0573292301040849
2015-07-31,0.2539495283480186,0.26664882656979483,-0.30855333728558343,0.08595572825839529,-0.1516203055768122
2015-08-03,0.8055623243448391,0.8311739892384803,0.9669698618436325,0.80151909726398185,0.8221864773914285
2015-08-04,0.5650711553878907,0.6372727355905213,0.5149052949649383,0.6150035794779879,0.4458067619969276
2015-08-05,0.26191437925050753,0.3351080248508584,-0.3321960582137769,-0.009824029639427634,0.056830489621455926
2015-08-06,0.7856494410787795,0.8310837427493615,0.8018732936726433,0.3733546527293955,0.6179305829379135
2015-08-07,0.563532498841588,0.637738882661799,0.8183129106929219,0.4733711141920243,0.7051174962718664
2015-08-10,-0.09744264602945923,-0.025744889713840174,0.3363038157724746,0.22587468797500165,0.05208986749253153
2015-08-11,1.6460971580420092,1.6659276830829841,2.2195303302702247,1.4516745712838623,1.8588389885875878
2015-08-12,0.18022833403915883,-1.533894418090409,0.5918591484728477,-0.27750568503622997,-0.7347444052526672
2015-08-13,1.2874574356037523,-0.10204014864299799,2.4772246566992755,1.8800236848721346,1.1706291031419496
2015-08-14,0.9516065500789701,0.5049567808936909,1.2652350834217418,0.9098474295319844,1.384537151553014
2015-08-17,1.0443032244687236,1.1265152743397393,0.5527772652007934,1.0215100283527145,0.77813854389273
2015-08-18,0.007859209462179967,0.07604349735121949,-0.18441096761240322,-0.0980443399525065,0.1530098407511014
2015-08-19,0.18279779629850598,0.22959662640745535,-0.27170071777875476,0.2288570903633318,0.4805679612375012
2015-08-20,0.19139244273193695,0.18710017285948496,0.8861087316594429,0.5736253135161037,0.5163958964799769
2015-08-21,1.3187688643554099,1.4403399231143428,2.545036085021437,1.75568908916183,1.4332883510286827
2015-08-24,1.925938334181617,2.060227195684332,3.4847133813904048,3.3195149922137444,1.5618707783183432
2015-08-25,0.2328825612287051,0.1860512414939301,2.4586312479211077,2.7451415902367478,0.8285193436676879
2015-08-26,-0.604851772424331,-0.7054031290061594,-0.3553072558792362,0.057861020761233006,0.19245521043673527
2015-08-27,-0.6533513996506304,-0.689628822187833,-2.457106555160677,-1.8190750874505266,-0.5220591588357637
2015-08-28,-0.3768312468632343,-0.35440233057854487,-1.6225664109525955,-1.323256737231338,-0.12458497728633387
2015-08-31,0.15587474226866016,0.38719761722054485,-0.444346501424874,-0.20684886005502312,-0.5091691348221173
2015-09-01,0.48950260317244754,0.7455476207116017,0.46233405108992875,0.599191051720287,0.1727789000095633
2015-09-02,0.5657073530454402,0.8576080454551998,1.1790403475884514,1.7099420685925628,0.3109816669735056
2015-09-03,0.5607229753200922,0.8209722342849682,0.035507021882267203,-0.005759913805474637,0.4619158047647862
2015-09-04,1.5645330465080112,1.6819859804850175,0.6699404008541773,1.893504947855957,1.6204005355147992
2015-09-07,1.4185774158376367,1.5736255488553945,1.5184352233789062,2.161399408045311,1.3141570190926488
2015-09-08,-0.7896783460526224,-0.7800837754245201,-0.5889769988852377,-0.9191034251494445,-0.6845382700064792
2015-09-09,0.7837988905291299,0.727650808814625,1.2088387274066925,0.22671089441386105,1.3524727847513383
2015-09-10,-0.7615856253472785,-0.8933868634750897,-0.5299361638603604,-1.037942966793961,-0.5777570141147772
2015-09-11,-0.2894048539792866,-0.36261079136527186,0.3666276508332795,-0.5763067265664287,0.13751640707988083
2015-09-14,0.47805960818171267,0.4637938591440073,1.074151731833478,0.2955012290841455,0.6567218244668613
2015-09-15,-1.0260182951849113,-0.8879385351770006,-1.204406545709459,-0.7096068786514811,-0.3755125250090286
2015-09-16,-1.376711440087301,-1.44401251267681,-1.7635808952455776,-1.3481852429995815,-1.1291399967619722
2015-09-17,-0.11209633351940376,-0.2589180168489628,-0.07975967249705307,-0.14123842175916795,0.04171899473153606
2015-09-18,-0.19080486031898777,-0.18011247559599375,0.7523936908559127,0.19387259565306536,-0.1536764894858087
2015-09-21,1.1367677524311794,1.1491295274488829,0.3755235185022777,1.2384247208400923,0.8264500479771236
2015-09-22,1.4147743062347686,1.4252212739913772,0.38575553317578276,0.9719960979453766,0.8842618753792136
2015-09-23,1.8587854031969975,1.8730275756153987,1.0671332333267753,2.0966757566889553,1.4599868840601513
2015-09-24,0.5978128776509798,0.6394901427790851,1.1295996659315073,0.47885693105624305,0.3211314556525065
2015-09-25,0.10319781041460167,0.1906763461203106,0.16936231899422116,0.04430087857200872,0.2566085154958879
2015-09-28,0.45212727545061465,0.6369435865554467,0.6840131244071541,0.33726361404571875,0.48322716805697485
2015-09-29,1.068025966500385,1.234382003075203,1.3980092558266546,1.4750090257681883,0.8271260517393657
2015-09-30,-1.4026768692228517,-1.1921777379084093,-1.0644054044910993,-1.3935041599023732,-0.9954276272331011
2015-10-01,0.4523812797703365,0.5195609020333081,-0.2561126852016533,0.512281515980587,0.5674418710184923
2015-10-02,-0.6946197310116125,-0.6446738603683103,-0.6608206621062133,-0.6737426304200151,-1.034961516700471
2015-10-05,-1.1410516750677249,-1.1766115903974803,-0.8557595409257717,-1.263276178449902,-1.5720876988309525
2015-10-06,-1.1185978239525776,-1.220412034527379,-1.3873421521193503,-1.4883610632906574,-0.7881520160818688
2015-10-07,-2.1642840328316786,-2.2904427578592967,-1.6317435110609706,-2.0034526876047254,-2.3457726709399807
2015-10-08,-2.822769392837923,-3.0327867680806975,-3.046772844624247,-2.4556418436459495,-2.818390907119983
2015-10-09,-0.15405121498517743,-0.4074382920283488,0.08334427583776893,-0.02518317713065521,-0.3197415165526709
2015-10-12,0.30143330279033687,0.31377847222038446,1.0416786952207764,0.09386458873548424,0.5083576977377847
2015-10-13,1.547697166690519,1.9208143505961326,1.5895373957965961,1.644376502082261,1.5367736918485644
2015-10-14,-1.2411513786180928,-1.3289617311472792,-0.9124572040018264,-1.0365221877948076,-0.8523012649455675
2015-10-15,-1.112266927549216,-1.292217973904271,-0.27109820083514635,-0.27822474099224903,0.39374651854644316
2015-10-16,1.4638168136587764,1.3437653345249323,0.6560295245175464,1.4318761708551089,1.69887189057698
2015-10-19,2.9384070606271075,2.8980623602957785,2.732226332344968,2.6822282567940663,3.1649086246030214
2015-10-20,0.3862191165793438,0.4947940352089602,0.1809920717446602,0.056884608867975195,0.8240454543887188
2015-10-21,0.5085569495311871,0.7911781332360304,0.7381810898709862,0.23887082485700595,0.710899735915074
2015-10-22,-1.7223360854227867,-1.6165757635907139,-1.6971089446918532,-1.8287498511009925,-1.6426821076643028
2015-10-23,0.33627120297762153,0.10396752468178827,-2.0954690427684377,-0.45733570608817176,-0.15338855889970082
2015-10-26,-0.15154535894737237,-0.06832657657939903,-1.2467333912822307,-0.6550472169503467,-0.45343783999671483
2015-10-27,0.9447469860183324,0.8919405818368185,1.1119132428482426,1.1689788439532278,1.1010908221665252
2015-10-28,-0.09346356603736078,-0.037259651487611456,-0.2853144777396597,0.29950697565622836,-0.09592292920352435
2015-10-29,-1.1600284192154313,-1.2366822710557959,-2.177984838351734,-1.4085603698789395,-1.596791387209767
2015-10-30,-0.2034990017559278,-0.26859079390779034,0.12255529832548878,-0.3174905918617623,-0.7342805158242716
2015-11-02,1.6229033436241305,2.185010589902557,1.9636122436033534,2.0227470270249928,1.5124564412510397
2015-11-03,-1.0557532667622835,-1.0985236286501183,-1.017412054060045,-1.2983395962346806,-0.5644507937983945
2015-11-04,1.3298807055780968,1.2822105061563125,0.8486853064308197,1.0897836882982828,1.4562781966776654
2015-11-05,0.10652545770022562,0.18507858709331598,-0.842517403772635,-0.31181372209025554,-0.021173315768413414
2015-11-06,1.496309449260236,1.376846359936786,1.4521107289478148,1.29448758310445,1.2493750904986483
2015-11-09,0.8682086730091827,0.8439534394019557,-0.4773935546308436,-0.4628093744410495,0.10187461287050054
2015-11-10,-3.092477238365947,-3.1585229953643923,-3.09709233943186,-3.209121420375376,-3.255930739216438
2015-11-11,1.6040694576449468,1.376416830003771,1.3024643834029193,1.7073260300868867,0.8597253137597551
2015-11-12,1.3009499759642587,1.2316477212234962,1.4879135798904304,1.50144661101879,1.493644080997296
2015-11-13,0.27089170442400545,0.3374303527234428,0.8566611625960425,0.42674922435418333,0.7573109148330488
2015-11-16,-0.3941559103034143,-0.4061633740781947,-1.3031218454393003,-0.2113242465379438,-0.6107966582751609
2015-11-17,0.2132030068889899,0.22597486046421644,-0.10953983208375986,-0.47942333223822814,0.22149148947457398
2015-11-18,-1.1436869047267313,-1.2460991260371905,-1.6265929816750573,-1.4042541789553784,-1.2326174036774409
2015-11-19,-1.2953442922699567,-1.5039269418129377,-1.1954969251922634,-1.352180333994713,-1.3400118179801195
2015-11-20,-0.6708806606677654,-0.8062189334203116,-0.18403794346401364,-0.1411427519240986,-0.5262157324914384
2015-11-23,-0.011644081794072864,-0.14702048010061747,-0.7437707270141768,0.07312307712260997,-0.11643925079468441
2015-11-24,-1.3502217936866463,-1.4637907549290967,-1.512905468993051,-1.3381053636696725,-1.7364059183218987
2015-11-25,-0.40444765567043517,-0.5429423886644194,-0.47192186699169075,-0.020383328641788906,-0.3461891682972011
2015-11-26,0.28718868167837625,0.21305883937880338,0.06289394642929845,0.20560597051460577,0.551837226456138
2015-11-27,1.240434785102943,1.2289195695191863,1.0005163115830382,1.2504701252328025,1.184354153056249
2015-11-30,-0.12645073103416812,-0.11771635194032076,-0.33376170641094033,-0.3274573940849972,-0.21296278989837636
2015-12-01,-0.7489614999512593,-0.7894161383786814,-0.8776728633807511,-1.0730609856156177,-0.5952882265026287
2015-12-02,0.49920097869030267,0.42351805876575854,0.9433914971552192,0.7174970552502451,0.652459396955775
2015-12-03,-0.8078857790060467,-0.8010172333160864,-0.8237038200286168,-1.0504795684581814,-1.0052883011181781
2015-12-04,-0.739439176888768,-0.7719490530311981,2.0484111301079384,-0.2763300715123615,0.09257732365670074
2015-12-07,1.954757287545176,1.8254543018257197,2.241789138442042,1.6080671735936851,1.965552330589302
2015-12-08,0.2165456419203759,0.2063433489989261,-0.12213954237062152,0.012952410350784177,0.09556425210445196
2015-12-09,-0.26431931560667826,-0.3664530142793567,0.24538159975751567,0.013324023101537064,-0.30368940790052884
2015-12-10,0.17040403793710968,-0.03810251362855128,1.4115052928791012,1.2154859861924656,0.3320371478488269
2015-12-11,1.3994370854201024,1.2010929696097583,1.0395225938406696,1.536836027476031,1.5811817463933169
2015-12-14,0.7770993667922026,0.5598047934542916,1.0760050609905751,1.415703272436321,0.5186429393736933
2015-12-15,-0.9630345818836012,-1.0002514322123115,-0.768197230791481,-1.050331537752382,-0.5148685272301636
2015-12-16,-0.8799027481543433,-0.98017818115404,-1.3764812976111398,-1.3370689769586814,-0.7146129827018992
2015-12-17,0.8173108654003045,0.5230016161056472,0.09812101442478521,0.12689300262578518,0.29035229437451227
2015-12-18,-0.6160383180780827,-0.8057048950997301,-1.0393511714753936,-0.7422143900975235,-1.1767682384641565
2015-12-21,0.30782053922800867,0.2565634511797056,0.4401065623313678,1.2663814971912823,0.31289622829852626
2015-12-22,0.11005271945709799,0.1240893793531401,0.5391865105792499,0.31577453973087216,0.5229052478781012
2015-12-23,-0.05206806645233109,-0.006735806877141155,0.38811104018690334,0.11742995912356992,0.41276558038907984
2015-12-24,-0.035270395392939635,-0.00959726107178984,-0.31134986567815964,0.0685725934339482,0.11788488706627666
2015-12-25,0.017498525920903236,0.028545462925202582,0.510245443627223,0.6673980268741884,0.11490536169567565
2015-12-28,0.055084104907825705,0.05867844955644527,0.12780196286847972,0.09941517390942761,0.06178257040056817
2015-12-29,-0.2745744108298545,-0.4454420253516427,-0.1718610044182779,-0.3721672469298124,-0.44028774464219
2015-12-30,0.5120369075562057,0.508148327772859,0.09422862137009004,0.3579766113885705,0.02217681675343461
2015-12-31,-0.16205364556128476,-0.22722584326146245,-0.1850101882181613,-0.13967311541570682,-0.4361506192485754
2016-01-01,0.22419601589100543,0.16287657816186424,-0.46795604737687213,0.3731450585296061,-0.26608486603712356
2016-01-04,1.089462029039428,1.089047969360393,0.8966382669919317,1.0830983738026734,0.9849704210888338
2016-01-05,0.31443234722011504,-0.24320433430901472,0.06906122367910145,0.9786224547402096,0.01821834019426577
2016-01-06,1.4003975779980296,1.491520984346455,0.6718356362915612,1.80234016148946,1.3711398923976692
2016-01-07,-0.040932466138834556,-0.43103429814231775,0.10439523825506816,0.3806705889181022,-0.3894409785090569
2016-01-08,0.11041598483798684,-0.5272373963454221,1.5136205495530504,1.0885898782835974,0.1738174062961844
2016-01-11,-0.4243792301128476,-0.6350489382071015,0.02883136060059266,0.10602835856575826,-1.1055232792019511
2016-01-12,0.023202121747857837,0.3482176682993432,-0.653004952264635,-0.3729774135322243,0.23525975705494384
2016-01-13,-0.16131126386321842,-0.1261008536896203,-0.4442827960629451,-0.38168942360891106,-0.2348154953367054
2016-01-14,-0.1435736112580516,-0.1910340559897629,0.1745505181353167,0.17546356114045092,-0.3082086790372214
2016-01-15,0.8842112488792391,0.634174584780182,0.6985809679825893,0.2773723292936278,0.900398116759816
2016-01-18,-0.32148082875227724,-0.2421584046951146,0.2276028234231625,0.5849181911563561,-0.3171492113566581
2016-01-19,-0.8286202446797098,-0.7292202860227275,-0.9363610557871529,-1.0085532766809129,-0.8036061385908564
2016-01-20,0.2423949465127073,0.2082497719487206,0.35097062729431944,0.0855512685865267,0.1443044505781032
2016-01-21,-0.8945865076640699,-0.8941832678222899,-1.2039295781932922,-0.5671764018582984,-0.8880485224886941
2016-01-22,-2.121750700726041,-2.2105140997071366,-2.3578039264435793,-2.7088291520417602,-2.087605004990829
2016-01-25,0.06989315862742612,-0.10848283517091561,-0.6502489515495556,-0.4967148413605792,-0.1749427054546815
2016-01-26,-0.532242491470799,-0.6072727513024595,-0.21910256011011603,-0.3431382502143673,-0.7855248868187722
2016-01-27,-0.39125864881978517,-0.49939140919851926,-0.23312678805658274,-0.46679203341119957,-0.3219275711395752
2016-01-28,-2.027013056836436,-2.018466974391007,-1.6165457315354037,-2.1015160988512656,-2.5204757977935013
2016-01-29,-0.9848521659137719,-1.1002051435211069,-0.7069778966776739,-1.315357955202952,-1.3614826562770261
2016-02-01,0.42340909047796593,0.27951766732116556,-0.5977148939826482,-1.6114641557192022,0.19018968134528802
2016-02-02,1.064035156959952,1.0073930788136196,1.4948351731570626,1.1530045545519894,1.1346686414585452
2016-02-03,-1.13927219857094,-1.090860281026941,-0.7741609580839932,-0.33224411929623404,-1.2941512143990468
2016-02-04,-1.5387610249183394,-1.5534776678356343,0.05169371197616224,0.0935419761264405,-0.9577793229514306
2016-02-05,1.3544140588501419,1.40827282877782,2.614919940639815,2.7063735803563076,2.6126654778368925
2016-02-08,0.6938907379245304,0.6476616737442045,0.506559962517791,0.7521163318800412,0.8184022830847152
2016-02-09,-0.2284676259609592,-0.17267334215121466,0.1718416081701091,0.8592249756316565,0.05996137729712947
2016-02-10,-1.3446325960108987,-1.3352445875166614,-0.36108702712376856,-0.7578145358116957,-0.5986368045777727
2016-02-11,0.15479736549868164,0.05423063847425713,0.24133995776914302,1.9812734183421563,0.6005246497195127
2016-02-12,0.6035493236629494,0.5707206164197877,0.9376324200366537,1.523042019107282,0.9193340509998762
2016-02-15,-0.33576316405686096,-0.29915685306088363,-1.0564050694072864,-1.2663853534893912,-0.5459334096167652
2016-02-16,1.5233867807507657,2.7075561406557407,0.8974038125658503,0.8224092030320066,1.2140454497016944
2016-02-17,-0.4395137716154472,-0.3405326793101069,-0.7694574554205396,-0.38678482653334356,-0.6630503181126548
2016-02-18,0.06752970040536088,-0.09544992541578386,-0.21793034948557993,-0.06605700432815861,-0.0729464984667397
2016-02-19,0.7995840440608164,0.9049054399469828,0.6278787361547262,1.6794042489763883,0.819522483379912
2016-02-22,-0.5510473648742228,-0.5200486545833949,-0.4444601109302263,0.22572782578997166,-0.5503690108823114
2016-02-23,0.8056285452057814,0.7927583819075181,-0.04564283790597983,0.5161876513911721,1.1754731811872867
2016-02-24,0.3333944403575033,0.30266053386749436,0.15908729249382494,1.22111518913159,0.08387509826272527
2016-02-25,-0.26093996046419565,-0.30538161187038904,-0.39734986069217815,-0.3314103321055081,-0.02353578482465249
2016-02-26,-1.1496524300014452,-1.2022928265058832,-1.0828506248640353,-2.0548777997354084,-0.8440111475658424
2016-02-29,0.5878736283114929,0.37940765946831956,-0.36241864251067457,0.013250794017131362,-0.14215014013244034
2016-03-01,-1.6274469861016065,-1.8614290855371898,-2.1527070766068923,-0.6505064487575503,-1.5058070570332576
2016-03-02,-0.06529816986621373,-0.21222730330306733,-0.35284564445235145,-1.1762473514518035,-0.16643474156893523
2016-03-03,-0.3684272311519594,-0.4144397107845706,-0.518212776931848,-0.14060437453009153,-0.2890992213450141
2016-03-04,-1.5092443162453995,-1.2538327799411448,-0.8260985243572749,-1.6380684338819047,-0.8878333806079408
2016-03-07,-0.2018362187815594,0.10756999790931321,0.3017707613826484,-0.2843032333599234,0.5985309146891344
2016-03-08,1.2564086762794986,1.1675901492988117,1.5403992642484878,1.5481552257020015,1.3248266164086093
2016-03-09,0.054959881201790906,0.30691166943701953,0.04867859837651467,0.7527618614151181,-0.05570251184907682
2016-03-10,0.406802547178723,0.36561825471733556,0.2879594540640699,-0.007228441447973383,0.660837222913597
2016-03-11,-1.251817007569387,-1.161892440773005,0.4480654590125598,-0.9847109157589933,-0.9275316850273034
2016-03-14,0.8326178660985953,0.972260982345798,1.0744909217716008,0.11186105176570135,1.1664334110035697
2016-03-15,1.326765454403244,1.3369624308006853,0.801750760683861,1.132925361165439,1.4647852046170295
2016-03-16,-2.2919683399183843,-2.4048525365445843,-2.2886939756105935,-1.720311248547973,-2.2383063773201335
2016-03-17,-1.162377217394061,-1.4584016310687682,-0.23919649879902893,-0.668040699981616,-0.6286378870263873
2016-03-18,0.3089149809848888,0.8411917441859047,1.3219310802032207,1.6543559466458282,1.3615926350605776
2016-03-21,-0.19578317634436315,-0.0011932990396018306,-0.32495766844447266,-0.10448379095209326,-0.18895771461699762
2016-03-22,-1.5566532402638666,-1.718003165739147,-1.9712551753647947,-2.1608848476078504,-1.8166121003773184
2016-03-23,1.1057067859563015,0.8612465562463694,0.8414515493392656,0.9675241217775843,0.6383529939774992
2016-03-24,-0.07252020838831014,-0.3242585638034149,-0.4866399892966704,-0.2743447641481215,-0.5184737509053421
2016-03-25,-0.050587960659797315,-0.2383950003750178,-0.24975105628106722,-0.4486931286593273,-0.37004404181431705
2016-03-28,-0.29784665485438416,-0.6834194411261924,-0.4135092781506656,-0.9027956455346385,-0.7155363534812086
2016-03-29,-1.0705937340587885,-0.8030120550094797,-0.7258538681771888,-1.0723290672142767,-1.033043079298749
2016-03-30,-1.541168480047876,-1.6152347760138854,-0.7128835450804852,-0.8957871468303452,-0.7823939076026607
2016-03-31,-1.454832952369878,-0.834846167573608,-0.964367199387234,-1.031027067345438,-1.2791784979390486
2016-04-01,0.24252721105705677,0.5233336726420237,0.6738669647859238,0.2417921986335677,0.13908302054719912
2016-04-04,0.6896904145088079,0.30130377898185223,0.8638993674328829,1.3425960702302406,0.6449156969201933
2016-04-05,0.8275258221176108,0.7797372082808838,0.8831997392954567,1.3250572220423713,0.6963599029176406
2016-04-06,-1.607964444926855,-1.5285208157122394,-1.6176040701827437,-0.7746217906561563,-1.6370649260500125
2016-04-07,1.5736492892330445,1.4304564830084265,1.727610880518865,2.3760481948148553,1.8485515288636152
2016-04-08,-0.41167290523383976,-0.07475906622077383,-0.6140207923718519,0.7986192219569302,-0.4194434027394536
2016-04-11,-1.7985486365213204,-1.7673129411694801,-1.585063016880912,-1.4887548978157041,-1.5204672166758213
2016-04-12,-0.3703700904095088,-0.4006868680011125,-0.30254146821958683,0.083061828759523,-0.40140309836724103
2016-04-13,0.28898449120505065,0.13381796688364453,0.020566626263262847,-0.30385909048428333,0.17871276268245476
2016-04-14,0.42059608503613344,0.19648874467138847,-0.570541304825969,-0.39837148872642436,-0.06442817732225099
2016-04-15,0.7895108132406055,0.7018985031009601,0.5096357916236514,0.7523522168835959,-0.2105046602751934
2016-04-18,0.02481998199861714,0.1751108621985068,0.26230059811971423,1.1945653107853647,-0.12341279206440725
2016-04-19,-1.7968773321586133,-1.738997553448556,-1.652480112529857,-2.5888958855339164,-1.0053673376735224
2016-04-20,1.0187194234666306,1.1660096433478062,1.434568565236772,0.8070754596580303,1.761621397823189
2016-04-21,0.7606826995606448,0.6542262666596713,0.3833005725273406,0.13347271241941674,0.9315399401052199
2016-04-22,0.3353979471371725,0.2034056112437519,0.17447782508831175,0.5916199253315614,0.19188873335432746
2016-04-25,0.16480947434056054,-0.12668350774608972,-0.361022361878282,-1.609966391417566,-0.14837076345498548
2016-04-26,-0.10224617922591171,-0.03754596728643951,0.10282025333165065,-0.10101251680907977,-0.0378399053757376
2016-04-27,-0.36241058992476566,-0.3586155113121715,-0.052116879785828865,-0.4335934389508519,-0.3007680794814406
2016-04-28,-0.42631710925661076,-0.4766929365567969,-0.10712543737100337,-0.6817003236397219,-0.2722673681380585
2016-04-29,0.8499758119674031,1.0951095533392146,1.1374163481614334,3.961245841461792,1.098729516703885
2016-05-02,0.23767832982155523,0.3865083021920427,1.264350996041792,2.181251661966673,0.6029297949302375
2016-05-03,1.6189571370691238,1.6860170069900686,2.4039859917154507,1.944927090780501,2.0355520444705935
2016-05-04,1.2533093508540314,1.1225472098404583,1.307037530425082,0.9624808219214791,1.0968719721882545
2016-05-05,0.06682436459564767,0.1010075797419217,0.048893700295842474,-0.23820459406401595,-0.12176204337458907
2016-05-06,-0.48110431991497826,-0.5825308584966254,-1.2241485570671182,-0.8493312114901226,-0.5671541908602443
2016-05-09,1.3880413696023748,1.3785531234667043,1.0502284166136346,1.2735448428079372,0.9890870907813136
2016-05-10,-0.08198801971310782,-0.2447744786508539,-0.11402145188310442,-1.0517661235652602,-0.6804837043495064
2016-05-11,-0.5714535183118638,-0.6239011050454716,-0.6834782902382874,-1.493906480518608,-0.5672265049648517
2016-05-12,0.05942916819588055,0.40943630009627596,0.4773828501800693,0.662927263158215,-0.002471010311943328
2016-05-13,0.2503114545732129,-0.04458513560775294,-0.10262509955274272,-0.2903192763050497,-0.21395946361400198
2016-05-16,-0.37609632800049975,-0.667350414271432,-0.9738738279158261,-0.06355942619700569,-0.48862093471477475
2016-05-17,0.0062617864644639865,-0.08304604746412442,-0.14343768424448278,-0.3148955868536184,0.11327817352913402
2016-05-18,1.168435826655088,1.1824849420585755,1.1309666749089302,1.236136234526749,1.130599383376858
2016-05-19,0.5119078716729784,0.445654429288712,-0.281466157952704,-0.605962539602035,-0.015255689116435434
2016-05-20,-0.22024903998519074,-0.3093139044033466,-0.5132020770591943,-0.16012866373652754,-0.132438526056328
2016-05-23,-0.5250886263109444,-0.5516115817082707,-0.44902471681247996,-0.6526082163952489,-0.6614496918396756
2016-05-24,0.7666473308647209,0.5802723921971047,0.7115193106447799,1.382549088261114,0.7457156731325851
2016-05-25,-0.20638103068593153,-0.2280086556292015,-0.8972481211852268,-0.871813795885042,-0.25555051022633346
2016-05-26,-0.3308091097305892,-0.2950516163839092,-0.292993597786779,-0.3652983701823864,-0.15613791355012457
2016-05-27,0.7625905085799622,0.7016641583091777,1.054063683296629,1.1320824096933484,1.1066308714811883
2016-05-30,0.536990788454542,0.47669648630975636,-0.11254014604347232,-0.39579457141720775,0.40532517556535586
2016-05-31,0.3696433711062108,0.0989131542340221,0.5998904187563763,0.1513127618368813,0.5140994188338048
2016-06-01,0.9068151344664589,0.878442987548842,0.8677631225741258,1.0234436808615504,1.2027772324111894
2016-06-02,-0.04206684091074803,0.14207042677021994,0.46229247785312444,1.0316263410522442,0.33502901317418793
2016-06-03,-1.6258523964976308,-1.7120288319288994,-1.835497219190948,-0.8927013403559367,-1.331028016466669
2016-06-06,-0.7445139951381392,-0.5873190903561556,0.9206207766679986,1.402055368158707,0.21574968801450456
2016-06-07,-0.20245109341234424,-0.223644305113012,0.23185166719380051,-0.5440551254190482,0.2412589500478954
2016-06-08,-0.8722843431111745,-1.022421269845534,-0.8501855001803751,-0.7616443216548036,-0.45435923092812247
2016-06-09,0.305132226689291,0.3354995061838144,0.7086451173221635,0.79335930717035,0.6538445438903051
2016-06-10,0.9305835223993546,0.957419788381786,0.20913342290408254,0.69619291696035,0.5694947288769602
2016-06-13,0.4515863000596638,0.5306389259958159,-0.33734839236228087,0.9313157182327947,0.020435242966238887
2016-06-14,0.37600536335210555,0.08225344197351704,0.6837593324895351,0.7002439211026303,0.6772623550716627
2016-06-15,-0.5565283709247467,-0.7618724569473011,-1.1611903862027901,-0.3895959756053246,-0.2881004383392497
2016-06-16,0.3595020149031119,0.49320316188355645,0.6528606996547281,0.6284198574665741,0.7101615481503919
2016-06-17,-0.1661955001915317,-0.26663626835860654,-0.19004980301219798,0.9062043494814355,0.3520731196520409
2016-06-20,-0.5993952895575094,-0.5795003536829895,0.2519304779351535,-0.3414982857121066,-0.28118610645371145
2016-06-21,-0.8762947047722551,-0.7451602762832514,-0.9409389734346171,-0.03268312332923816,-0.7253965341119514
2016-06-22,-0.16650084357113126,-0.4068572130510866,-0.8613825765995732,-0.8284736687075307,-0.31275594650007665
2016-06-23,-1.9788663448009172,-1.871290410680254,-1.4630529532941765,-2.0634324658394765,-1.7146463349618561
2016-06-24,3.0212107546761575,2.9015662201614143,3.0242103760794126,2.8468987723464103,2.1716528199010017
2016-06-27,0.7495518196570934,0.242583074448253,-1.7446925138557299,3.2749164343807204,0.12641826346919627
2016-06-28,-0.8673610222049026,-1.356395340105717,-1.5448666450192625,-0.1841918720147111,-1.2673701712241143
2016-06-29,-1.930813752175022,-2.0543384014497823,-1.562420497291934,-2.673771545634727,-1.6238170762023008
2016-06-30,-0.2956644723594888,-0.3133187043452909,0.1923205331173682,-0.42677546978220726,-0.21681255360439128
2016-07-01,-0.015472725023684394,-0.23925128027108794,-0.14284095434377253,-0.32262897281773617,-0.1271090974699778
2016-07-04,-0.07693012214392342,-0.256925025462629,0.11271322781778867,0.44761719037156883,-0.026164428126961216
2016-07-05,1.319876673476689,1.1233755001522796,1.4941778771583993,1.3733377965295583,1.2546721001158891
2016-07-06,0.15889854237484663,-0.010947910192477872,-0.48625249291630906,1.468237502240772,0.006504134236883341
2016-07-07,0.19318171838738965,-0.021183070928639313,0.38039983629052465,0.38274001719199324,0.3709252301523855
2016-07-08,-0.9534476862882366,-0.8124124935360877,-1.201408042216967,-0.581332907241166,-0.7712937768665945
2016-07-11,-0.6423347674080844,-0.7795836348645284,-0.9257941169644082,-0.4569552327530916,-0.5385365898395962
2016-07-12,-0.6862362100074565,-0.8687587564711785,-0.6568109363173829,-2.447699336845283,-1.2019221801159976
2016-07-13,-0.4969008525680822,-0.5260979881164064,-0.4805222900172026,-2.894354289512148,-0.5926325447406608
2016-07-14,-0.9383869866368562,-0.9579717872644533,-0.6727027516825589,-0.6224227904010823,-1.1579733724246792
2016-07-15,-0.01080015831771411,-0.05262384483998578,0.10716765824056551,-0.983522840591685,-0.06299974874074982
2016-07-18,1.1280252960696895,1.066209962770179,0.6634893547156251,0.7239213367579435,0.8310258283061763
2016-07-19,1.5723224106789073,1.2129952650665936,1.6777329028099153,0.8254908205389416,1.6010848081591502
2016-07-20,0.7583293647196641,0.9346582802411498,0.32495866340082935,0.611457169795892,0.8056078173915648
2016-07-21,0.8100918401456176,1.2158428757002993,0.8175336583102435,-0.22329521260952362,0.8135128565035369
2016-07-22,0.3966608503384629,0.6071152773310323,0.5600891402117754,1.5285390802434367,0.8341503358045144
2016-07-25,-0.3976858234938381,-0.5942189609128574,-0.9041887305524611,-0.7178727248843134,-0.44376731818578485
2016-07-26,-0.6290056949527983,-0.4852599339485273,-0.5600928123079697,0.04274648035104159,-0.9878866298719735
2016-07-27,0.28946062615465273,0.418766365073403,0.24653935630128312,1.1011054249289751,0.2757510073511205
2016-07-28,-0.3259998798298743,-0.2363338396527271,0.4423529723748272,-0.320313926170657,0.39653070687900416
2016-07-29,-0.38646834830540944,-0.22374837280803003,-0.12661823815084394,-0.18012969376325705,-0.4273463927878434
2016-08-01,0.2349884363389309,0.45251218837724433,1.027280640455293,2.6066177846022165,0.8971212515476226
2016-08-02,-0.19907434924374032,-0.11874344579482743,-0.021420533893194565,0.11524698254336802,0.12952612182351736
2016-08-03,0.4565615421485852,0.658212494761042,0.9469901201233829,1.7695578662936065,0.6856558879219335
2016-08-04,-0.6460103277245447,-0.5933109322354423,-1.1274585420685408,-0.7403137238346905,-0.5101962438721023
2016-08-05,0.33486250838648235,0.18685588521138727,0.06058221401689437,0.4779091511812837,0.23108950884396404
2016-08-08,0.19368536445534904,-0.3532798465140009,-0.2693348130864495,-0.734737238846566,-0.21859455795875388
2016-08-09,-0.15326751634853508,-0.07836338690478159,-0.29876112796661486,-0.4358299977436661,-0.1780012297512895
2016-08-10,-0.5745971234117543,-0.4850128849500503,-0.3190518142005585,-0.2397548336608867,-0.47217540389015966
2016-08-11,-0.685423839745911,-0.46620695373328225,-0.01796807505112428,0.15740860755755426,-0.47881098400369976
2016-08-12,0.5938664817317524,0.7909455114406359,0.28492546201048324,0.07303703585311869,0.24816942699924435
2016-08-15,-0.4126342345518391,-0.6117344300719949,-0.2196811562784357,-0.005076754627326711,-0.5656408937174262
2016-08-16,-0.28424826771200673,-0.2166321245138802,-0.09615434142700548,-0.15973842562492183,-0.2599059301917538
2016-08-17,0.24237491994552943,0.3944814316703938,1.0883268566140354,1.299655714009659,0.4550274917690379
2016-08-18,-0.29149466241450683,-0.3773987605699831,0.10248676259990461,0.14706281282790612,-0.2609355496709673
2016-08-19,0.726368873279066,1.0175097174538286,1.2522251465765633,0.593027034084577,0.7547524479669129
2016-08-22,0.312326569118154,0.10059872508343076,-0.00191124004762111,-0.18099363334193044,-0.19892908610831245
2016-08-23,0.5380859436690782,0.3179777650917254,0.6752779948745117,0.7611264969522382,0.2973727546997327
2016-08-24,-0.04690108231575352,0.042206851787316924,-0.154950344677542,-0.08788664890382045,-0.050794732189148206
2016-08-25,-0.33872280822583545,-0.5766515063557711,-0.685484947099547,-0.5793289853632637,-0.6150159888616138
2016-08-26,0.4087742181150732,0.30676229419749423,0.5570077356673717,0.3813992408472398,0.3843304103165279
2016-08-29,0.05578881637184735,-0.2374310778378988,-0.7113311446568981,-1.3129409190036216,-0.4651278292484574
2016-08-30,0.6843249154855772,0.6725868513721146,0.4623796634012102,0.5914029588615467,0.6072274408734053
2016-08-31,0.8362819661426708,0.8078950935610879,0.45893649395689007,-0.23001061773908354,0.6467078875191121
2016-09-01,-0.061632794261690854,0.04401747829888056,-0.03952580682688857,-0.6636285728555401,0.18152880146414907
2016-09-02,-0.06013408532502788,0.11557653274383847,0.3123346916302866,-0.09331178913892624,0.21340800922296577
2016-09-05,-0.3178055425552531,-0.45034726417876647,-0.5841919116399737,-0.9689893162291123,-0.26590429366251733
2016-09-06,-0.611833144387534,-0.6128593525365572,-0.7614086398770699,-0.28815839893682915,-0.43680797345438216
2016-09-07,-0.17102761269737748,-0.19707817350455106,0.6662689445787577,1.8364818869285124,0.6437520645500403
2016-09-08,0.6615089656237039,0.8089883992420428,0.719493424825673,0.6624069182923209,0.8103908898584231
2016-09-09,0.810578852037519,0.8922099228487868,1.114075446186057,0.307134257350869,0.797273169059241
2016-09-12,-0.13433462740797394,-0.3003242455376903,-0.29875359230697174,-0.36581181733243934,-0.6301533129147341
2016-09-13,0.8517896593726719,0.8282725307341336,0.8437120153330171,1.5047086728936825,0.9234671185915451
2016-09-14,0.15879975858046017,0.24969613908878555,-0.03484063868525772,-0.5117575495844098,-0.428670207668428
2016-09-15,0.16902523238602957,0.26295964610132105,0.39741178053633114,0.024124213142537626,0.25879338093690213
2016-09-16,0.03508419095220941,0.10557570930964441,0.08269214527380991,0.538576690374739,0.24560111888008362
2016-09-19,-0.019654686644718103,0.010734861609952413,-0.7867009758659775,-0.23534346045253157,-0.3730913345386436
2016-09-20,0.03195238037957556,0.10655311940269968,0.06127705084821744,0.44987410494916963,0.28885206637117716
2016-09-21,-0.8513449425197973,-0.8793510797434279,-1.0829942484990547,-0.49630797261901477,-0.6610536827031288
2016-09-22,0.03193753671049526,-0.09986406820824772,0.30169075177222704,1.2574822372092143,0.4335937925364508
2016-09-23,0.1994608970306858,0.3034718238971357,0.4003441725879837,-0.0640162389208126,0.19994191143260753
2016-09-26,0.510744867586537,0.6508356300051492,0.8206252398640825,0.4005197755781411,0.32707747305216295
2016-09-27,0.031035556463907446,-0.04895774839616113,0.21525946322811865,0.5237385277108159,-0.005278586597948692
2016-09-28,-0.6617729027057654,-0.7048322769908677,-0.8826899257368954,-0.6926445970137025,-0.602631206232723
2016-09-29,0.5344524383214658,0.39408761739113596,0.5114287017461228,0.08789194544134268,0.4784571827231346
2016-09-30,-0.054374019833141676,0.037511878803645815,-0.09758642737531989,-0.40773901704802906,-0.4166395868413326
2016-10-03,-0.4583581907851928,0.027393488609677746,-0.3291126653975944,-0.861061729158183,-0.6074608316152728
2016-10-04,0.8912674996780788,0.4564493035106847,0.6873983617279036,0.600360012980262,0.6721118941019624
2016-10-05,-0.009404303033567596,-0.026446231448052596,-0.025804295184142095,-1.1251166791651888,-0.32482516187895455
2016-10-06,0.32972234980980214,0.302659121958683,0.3143818159926302,-0.3888614980279695,0.3606118709058124
2016-10-07,-0.0053950786252444025,0.003136295197170069,-0.5655609673899217,-0.4129707615690594,-0.22852220066413428
2016-10-10,-0.49267372492286404,-0.5350298722161813,-0.1436979356431733,0.1773210759100769,-0.553188955237837
2016-10-11,0.9247604588226267,0.41730900092451817,0.48223755586930794,0.3884234531464089,0.615943409941487
2016-10-12,0.7325669147019311,0.4276879718229005,-0.049420981758218116,0.955000531992531,0.6473948236655243
2016-10-13,0.15301727692128864,0.2096765579656703,-0.4359360640555631,-0.7581938579468803,-0.17559034640802546
2016-10-14,0.3168841721490608,0.1981213271064291,0.5465236592499229,0.7409680035542147,0.39487212470765554
2016-10-17,0.13454958244207188,0.10460203703982326,-0.545053787739704,-0.11418784742482245,-0.45306761763714976
2016-10-18,-0.4383076610316115,-0.439459593750814,-0.14438105780024818,-0.2974164419815989,-0.3650193491018371
2016-10-19,-0.7246125271701258,-0.9260582028027061,-1.0249311889739932,-0.6999643868389305,-0.6988769360159741
2016-10-20,0.11827934152217373,0.11899914420971919,0.003980483252980532,0.602061884390314,-0.04165264034294269
2016-10-21,0.12307173740109033,0.009102326725654187,-0.3167139703917394,-0.5074287348871546,-0.29255445113604317
2016-10-24,-0.2677459060355946,-0.6324419262524541,-0.7982738280243543,-0.1827251068439828,-0.6401428423932947
2016-10-25,-0.47007907904228097,-0.7288477413440954,-0.6599332211771481,-0.8322582129540776,-0.6926505008631187
2016-10-26,0.11363376599360589,-0.0569966502061528,0.16034722164616352,0.23568285705612677,0.3105053438465983
2016-10-27,0.913323465714011,1.0317134917640263,1.1477836912068884,0.5331704142379214,0.8102477982382674
2016-10-28,0.275542985459553,0.15250024816093066,0.2538952802873117,-0.4290935315102556,0.19624031495015432
2016-10-31,-0.13521573495832812,-0.11365628886257455,0.6525103698166659,0.37276039059429,0.18358689199405948
2016-11-01,-0.2567579776440762,-0.1265231517234639,-0.18583561356873188,-0.413539331171198,-0.17717372622663186
2016-11-02,-0.13899767811592625,-0.003549371822845142,0.6257348464051079,0.5411736797219007,0.023282560075498462
2016-11-03,-0.1489845254829605,0.15637220591511353,0.3769289954143573,0.6432739052435708,0.18700619690457065
2016-11-04,0.7570990254137283,0.5405521326449535,0.9102780965031406,1.192368725785476,0.8660850247354493
2016-11-07,0.17800219707152903,0.33438404632053426,0.22565215829523233,-0.894237689460154,0.29573050827831615
2016-11-08,-0.7398966723185512,-0.9512037030356403,-1.1563642359998227,-1.136256026361799,-0.8690857525807301
2016-11-09,1.580054482620952,1.3157207709612526,1.1651044756606777,0.9889362439594882,1.4705939405955477
2016-11-10,2.7435208362081744,2.872676114928561,1.8008837847171262,1.8152865091595252,2.261154539971595
2016-11-11,1.6125515713288743,1.5313440409953651,1.2378694955298952,0.4474083786209824,1.2605644771300157
2016-11-14,-1.7351522010581435,-1.6473387721127888,-2.318982600873204,-1.9541116607393911,-1.6526284250883334
2016-11-15,-0.11458219517664447,-0.7915752489128804,-0.9713933875796005,-1.3024790362644119,-0.4893684667374104
2016-11-16,0.8519416155583309,0.4648115422670807,0.4221036188135344,-0.10237606107028191,0.5958109283455477
2016-11-17,0.7978019053436844,1.7655719349460037,0.5353994362635999,0.8623121295630444,0.9430867965588599
2016-11-18,0.6445961275625427,-0.3115107666709632,-0.15679845493795347,-0.7038235205115302,0.24852944880424574
2016-11-21,0.10781791546774479,-0.3119109483033693,-0.4004681711022181,-0.7576102183990772,-0.17652915849569778
2016-11-22,0.09008565458222426,0.05044650615526823,0.5054409279361428,0.25995305678809383,0.36539312064491136
2016-11-23,-0.43908008447548375,-0.44646927124544256,-0.38996687583087275,-0.7308675483573558,-0.37219899996896016
2016-11-24,0.879391408975116,0.5428742776221525,0.03909795619571342,-0.5570032664131376,0.15981056197586951
2016-11-25,0.2024135998170098,0.05916342588734236,0.20072826588250964,-0.6748467280223489,0.17372859834304694
2016-11-28,0.41996009472877177,0.3580326185721447,0.9140010657606483,0.8635036470780223,0.8845843835084843
2016-11-29,0.09154240558817689,0.3337148092954032,0.30480535211902227,1.00829162466383,0.5822229794638301
2016-11-30,0.18420475966259628,0.3896471521152185,0.4950935833557796,-0.37662726393629126,0.3001106132810978
2016-12-01,-0.13566448307018708,0.02752022908713944,-0.589643049114119,-2.1891068055924117,-0.6981346776982723
2016-12-02,-0.02972055670025429,0.2126436757988972,0.5359526661363416,0.3589924613846265,0.32027176711339833
2016-12-05,-0.3161394345138464,-0.3876779665896533,-0.9574902425442203,0.1087162665502111,-0.09163105475517189
2016-12-06,-0.7236379613917432,-0.5556690980094328,0.7657742635977591,-0.9625046776665149,-0.34575312058128027
2016-12-07,-0.1413699583595098,-0.17029519384158393,-0.18577954021257498,-0.3224653883518652,-0.2531651462258109
2016-12-08,0.09689993496370425,0.09073799385419498,0.45879430883008804,0.3676860653859431,0.2551905255020888
2016-12-09,0.020735446311757,0.03231278941381204,-1.2136651817347042,-0.25969284868301545,-0.31209258902595954
2016-12-12,-0.2013697621084572,-0.729618893354106,-1.1704813098969915,-1.409304021818271,-0.9838644093123396
2016-12-13,0.32421361507562146,0.3143610426326985,0.9932986182068171,0.5085820139955753,0.4758998390904467
2016-12-14,0.4121994455315441,0.5065634209198201,0.45190225178228005,0.24006070016505346,0.5287208939886175
2016-12-15,0.4879451875184284,0.37169630723271774,-0.5735429506094584,-1.2587009848902173,-0.3159827501709164
2016-12-16,0.3418456763577178,-0.08681569443463819,-0.7798946053760788,-0.807570010757715,-0.19845323742952325
2016-12-19,0.10125688371163555,-0.3233673827607708,0.1708157893100966,0.31191657600310135,-0.13449018692049014
2016-12-20,0.047276103151430944,0.025672465966731506,-0.35212226454873863,0.7285582944437355,-0.28135701533269486
2016-12-21,0.007163258143158542,0.052706560205170915,-0.22545000225332107,-0.6055591695435437,0.12413919727250444
2016-12-22,0.06769486823414562,0.20161886491537317,0.38358628540754125,0.20247304262546578,0.07090763906974468
2016-12-23,-0.1774985292430432,-0.12311055842785804,-0.018565876979345447,-0.10513965144281129,-0.48352492519012635
2016-12-26,-0.03377832257773143,-0.10257048178015817,0.15990725044575876,0.1822282977243774,-0.008429383799019585
2016-12-27,0.09654427424636361,0.08257245541623676,0.15682499823752905,0.2282937806034008,0.0450573436736561
2016-12-28,0.09680876223638504,0.13130207267043667,0.1640659475173506,-0.1339445529990426,-0.015989048877698062
2016-12-29,0.08358393457569331,-0.12336835061005297,-0.3310907287446887,0.38057725356730393,-0.02144559666492975
2016-12-30,0.03637894892064886,0.1743672284081342,1.4574032904618701,0.7821080888916129,0.30220263954401355
2017-01-02,0.005559034467891279,0.06691696066605599,-0.13592625543014542,-0.338250053165253,0.07726941035081865
2017-01-03,0.1453403996027652,0.1593792935369109,-0.5231622798220219,-0.5077565917675132,-0.118654734452965
2017-01-04,0.13815213610816623,-0.07455663998495474,-0.3884786586174701,-0.10333697012100695,0.23510619040727138
2017-01-05,-0.5116371727377753,-0.054902913910565204,0.1528771741800624,-0.08215821519393748,0.27919967743400664
2017-01-06,-0.10805522758696834,0.5131672037371575,1.0177582842656798,1.568418805993789,0.8103005438543456
2017-01-09,0.0759758503728297,-0.20601638325623367,-0.3864095053302822,-1.2987213791916417,-0.2881525205952468
2017-01-10,-0.03954817423709352,-0.38659987042170074,0.39625097823436095,0.742327221713684,0.10721105692577593
2017-01-11,-0.07556935777422515,0.0561163199089935,-0.32203956352735463,0.14464365158633358,-0.1767694409024278
2017-01-12,-0.9465893396311482,-1.133428425028174,-0.5758290448023419,-0.24207917247374955,-0.22527904983692654
2017-01-13,0.557008160978723,1.032579789130056,0.7844689252040409,1.0705504792148264,0.6423622417870337
2017-01-16,0.23896021024369363,0.3350424882063339,0.4081092721289414,0.6657498722315822,0.248746334717315
2017-01-17,-0.08483438057191187,0.07696227517783993,-0.27511920846552673,0.03662038188277108,-0.1372982573862078
2017-01-18,0.14780192652956842,0.863638676156711,0.9879802487893062,1.2904242713791423,0.9140148180465928
2017-01-19,-0.4201585986309774,-0.1277571371100735,-0.8775891840646248,-1.9128102173557875,-0.8266583668518612
2017-01-20,-0.14707713179728127,-0.4408505717828773,0.038767372935910344,-0.5484851368731389,-0.14425710077998735
2017-01-23,-0.22475356677387737,-0.5240163187830402,0.31135097015857083,0.7457919656494738,0.0650415967780133
2017-01-24,-0.09538946881088835,0.26664158811471084,0.45048889301788503,0.9704712568429802,0.15958980615208782
2017-01-25,-0.3356072133667712,-0.3245792843695952,-0.5200131068624247,-1.1153274806329243,-0.47557536680945406
2017-01-26,0.13601755218486763,-0.2461966470509063,0.29874184294237643,0.5058545252732435,0.5413072190347322
2017-01-27,0.08834422342313233,-0.07507754401292413,-0.5193903236343778,-0.8822054739721579,-0.6314489795150979
2017-01-30,0.039896099821676564,-0.061537404098562544,0.20000456104993933,-0.2926998360573175,-0.39650519900274117
2017-01-31,-0.08446256598291796,-0.07288850557637738,-0.09647336174423776,0.7609907176297313,0.3114661574021335
2017-02-01,-0.004915008029567505,0.021430981640232064,0.8752088035308823,0.9291504147585933,0.9013624222612341
2017-02-02,-0.12864773878158653,-0.1552303872652948,-0.27304099344244614,-0.49665265624482546,0.017182206957365054
2017-02-03,0.05547969722826017,0.05185352417456659,-0.03395514875222451,0.46074316273673455,0.16736355219915555
2017-02-06,0.05710409761059449,0.17209299657382882,0.23481118260327324,0.24799866987344502,0.3937807529430237
2017-02-07,0.1680458718359161,0.3279360387440812,-0.159298519466972,0.9172780351389881,0.17957408917250997
2017-02-08,0.09787014768111695,-0.15119664102194097,-0.5759395467873625,-0.2975908117078446,-0.4348167268248384
2017-02-09,0.004623484763721018,0.1238913738050291,-0.006027522066280225,0.3272964990856834,-0.06161881337920311
2017-02-10,-0.016428449716384082,0.0731846642528676,-0.33203354971999144,-1.282188579257716,-0.4184123267541986
2017-02-13,0.3006859396529733,-0.06364999603781553,-0.1365594543295459,-0.3101474909927459,0.015551650639689163
2017-02-14,0.004291099393081428,0.15971433326329731,-0.28025034067004173,0.09154740612539719,-0.04487392843482979
2017-02-15,-0.025614231560584656,0.20378941866560868,-0.2750103379269239,-0.5276693715386958,0.17869327663065698
2017-02-16,0.08465230748381423,0.1195822953305346,0.30351588650064226,0.17647416285810202,0.3071280695525961
2017-02-17,0.02742835092270364,0.27262024595316126,0.6879590380736781,0.7496562283418083,0.260983952525862
2017-02-20,0.10504420733266712,0.12667085033049313,-0.17506509926678027,0.5611079656736085,0.08290054042991468
2017-02-21,0.007742521869763876,-0.30450877934641457,-0.21236236810710132,-0.25824895270778103,-9.444273411506193e-4
2017-02-22,-0.08301359293516615,-0.22762193753535848,-0.7666560047290744,-0.4684596993656429,-0.18493865171772625
2017-02-23,-0.20228264976893265,-0.11640805283557526,-0.24211151679434229,-0.033892259507417845,0.1754004593733801
2017-02-24,-0.16022794377056218,-0.0347470602844511,0.11013043813673089,0.524268678838928,0.3776357005874386
2017-02-27,-0.026930777850617572,-0.5204305606517146,-0.2758166687328059,0.5183344308781763,0.32347187546816053
2017-02-28,-0.002635256629900113,0.309168304236499,0.2370920050715662,-0.4208331984631643,0.1710720191471543
2017-03-01,0.1913683048641532,0.3255913072626152,0.10096069636679657,-0.16890146249699617,0.21519169437595087
2017-03-02,0.0017260638275310783,-0.17897219744048734,-0.32695957440409434,-0.9765335361742188,-0.35809863946860104
2017-03-03,0.16642553436249882,0.04366220107926413,-0.15196612662548042,-0.16848789661058328,-0.030260800504728597
2017-03-06,-0.025635375686512328,-0.16961203595850616,0.9582913304586972,0.35768419144239905,0.16090878120123092
2017-03-07,-0.11926289067979376,-0.16376367691404864,-0.289721309123483,-0.11809077406244703,-0.26158689489197695
2017-03-08,0.14657246133391677,0.04488485692225861,0.018944649330087743,0.14127156322247572,0.19060035447110368
2017-03-09,0.20839297024878956,0.052206051767780697,-0.031675204276470866,-0.2243252097528738,-0.19594873544501681
2017-03-10,-0.17636636276412643,-0.1750674964721389,0.07341053866059431,-0.8899777308938113,-0.5993940570734286
2017-03-13,-0.1593604893925904,0.6095415624062481,0.9421403586379217,0.1074529936728108,0.23523850823635556
2017-03-14,0.02877068825399124,-0.604565707899858,-0.09733766234670743,-0.08218061582248122,-0.06547216517818046
2017-03-15,-0.1384699774183393,-0.3250772249809285,-0.5345811359552873,0.06549513723065797,-0.12340546820468724
2017-03-16,-0.11603006273187265,-0.1615764315113279,0.9670872281068422,1.0218961952423016,0.7867044636271417
2017-03-17,-0.06489823272301622,0.15767221215524715,0.510635865412806,0.16164911655542694,0.3228649653576894
2017-03-20,-0.2360020350603956,-0.2919921830627107,-0.4076934133082742,0.3823556459464374,-0.0933627785789109
2017-03-21,-0.08801656328006208,-0.1486187706025301,-0.1846952075043164,0.09877708315003739,0.23041333967499097
2017-03-22,0.020726997359706924,0.3012867908385909,0.6870055414719176,0.9757876965636412,-0.0923634838282019
2017-03-23,0.050513234343107914,0.1510925487177051,-0.009316875991607104,0.33558685635989016,0.07253710491057969
2017-03-24,-0.07000220849575177,-0.08050498144086057,-0.1394094292293493,0.294159233903636,-0.07085737409432381
2017-03-27,-0.319384421697975,0.14357934885954243,0.27032514297988763,0.1427157830923017,-0.05773866871389072
2017-03-28,-0.04701344349500219,-0.2223799875692245,0.17635169892926392,-0.16706951174398063,0.09209575725415639
2017-03-29,0.16552449251304296,0.021950490101310727,-0.1899902609861423,-0.26601435443956023,-0.009618955949955217
2017-03-30,0.06569262694063648,-0.0969091593098926,-0.5463895856278288,0.059779630635071516,0.224581232848975
2017-03-31,0.1003796934159562,0.04641509831979207,-0.7068767025120525,-0.4569617989171317,0.002018668749844188
2017-04-03,0.07400046464730621,0.19639260080976062,-0.27051527817120635,0.44678852560209376,0.06526891754485281
2017-04-04,0.09145489911176079,0.07632821681598631,0.031018568080457457,0.6486638768846139,0.17785954827823652
2017-04-05,0.038430588887189435,0.023530032635982422,0.1255078691703888,-0.013139047709037288,-0.012507584672662109
2017-04-06,0.0961233465467209,-0.029904647433412503,0.044315918156512306,0.5116495157994637,-0.1053643754333405
2017-04-07,0.01721069912743566,-0.06432826609824512,-0.25134163036768215,-0.3911289127892057,-0.17325395571362612
2017-04-10,-0.031917885368950766,-0.16502328103027794,-0.6794697750442377,-0.389757730365094,-0.3683926126367381
2017-04-11,-0.040111228645563914,-0.04196020385907572,-0.03676674987562424,0.3669429092975849,-0.11503419555890754
2017-04-12,-0.14249475678513104,0.03482704921206047,-0.014248034715220872,0.9478626036804122,-0.07698726258264624
2017-04-13,-0.36540391137199607,-0.33196881456214983,0.21486353275132422,0.42729916110042754,0.20705965933529497
2017-04-14,-0.2360323260842478,-0.19260318726265174,-0.6325551749896683,-0.2947351059672866,-0.3099370486165245
2017-04-17,-0.03877456450484239,-0.11537730080447157,-0.19494114383683714,0.6680426966835251,0.041563456800864595
2017-04-18,0.14390799682125913,0.4431341256980815,0.4243345699891939,-0.4776779529208385,0.010411549796955072
2017-04-19,-0.19971410806806994,-0.30534360270273475,0.6542970437100768,0.22929499916617496,-0.06212857331045317
2017-04-20,-0.10717669615125856,-0.20714421150296425,-0.051258112622463714,-0.30807980018954445,-0.2630008571629131
2017-04-21,0.005266122613296453,0.03137680422347342,0.010350532932071568,-0.5190513607141198,-0.1276720972974774
2017-04-24,0.025502867158500652,1.3414484019611594,1.498412504616484,-0.6033805129948516,0.36436982888138214
2017-04-25,-0.6568709982590597,-1.6351293092815782,-0.4142090431710692,-0.44125084867029357,-0.5218173663616055
2017-04-26,-0.6729906889227243,-0.9641622321239935,-0.060475943614155106,-1.8859841932212107,-0.8400369499829035
2017-04-27,-0.11618190837908415,-0.401580003296673,-0.19024451479002352,-0.40818963245570283,-0.4430876604599314
2017-04-28,-0.13837824811272453,-0.30064873281516885,-0.5791133536689445,-0.20876035331595533,-0.43565957247108933
2017-05-01,-0.011951964658674121,-0.2867494902204822,0.2809039599298249,-0.08256179133709074,-0.19032931595945723
2017-05-02,-0.3352222095174789,-0.13248053808122837,-0.25950793791272836,-0.8029853776181388,-0.3709030528452142
2017-05-03,-0.24690813268129091,-0.22679776230769813,0.002200162367474584,-0.44431796046564964,-0.12410948830517449
2017-05-04,0.16679840170848614,0.10288105579064324,-0.21904399901371038,-0.5781236670652967,-0.14439184355620113
2017-05-05,0.23093368133382416,0.24185976101828413,0.9942646899275622,0.3322047055400634,-0.057974886176471785
2017-05-08,0.040812324355807714,0.21815543196676868,0.07043283416735957,-0.07762233790194445,-0.4872620445054034
2017-05-09,0.21156901364140443,-0.02309565750243693,-0.11857345375201366,-0.2883276179185138,0.05338743312229169
2017-05-10,-0.05367346485781523,-0.13577129589059184,-0.49352928208155017,-0.5479064538942685,-0.38479789969158124
2017-05-11,0.12549156350363716,0.16225092217201154,-0.1188419301845904,-0.4942752318524831,-0.13768943755266214
2017-05-12,-0.022388499594741023,-0.014010943083528328,-0.12554929951542268,0.33861702408142286,0.16100830675082123
2017-05-15,-0.536461528874425,-0.5113327422786785,0.013442258339156396,-0.003221564035783747,-0.19633962750318795
2017-05-16,-0.2383375321935434,-0.15441692603697124,0.3613546809239575,-0.467444308620893,0.2611262270872399
2017-05-17,0.09032583127612646,0.16560912786318732,1.223777284521539,0.9373146335180587,0.4210229112437266
2017-05-18,0.13631800291402507,0.2647293307754918,0.9467591883892864,1.6162922154087003,0.5523433040822452
2017-05-19,-0.10308029244459872,-0.17171892190874244,-0.3022084821438742,-0.13763758491519446,0.016643637148244794
2017-05-22,-0.4386631910041828,0.050096421501423655,0.33364830213416197,-0.34298864363113485,0.04535376333008648
2017-05-23,-0.336130062256616,-0.6870207886379115,0.12068997663153251,0.044817167204469974,-0.21160125644915959
2017-05-24,0.06011628199222497,-0.16081641550725423,-0.3881842541611821,-0.8310463173147049,-0.33505617233540075
2017-05-25,-0.4504959231187097,-0.49101180756884794,-0.09187855738522412,-0.20257919270406702,-0.11991022601895593
2017-05-26,-0.29471476287214243,-0.014122384261139917,-0.41052846273805366,-0.4213944832945398,-0.42068371447780034
2017-05-29,0.10322725993943412,0.30446687944977924,-0.24855602895087653,0.5171488719776886,0.21250931701666345
2017-05-30,0.1990821252638318,0.2661393019673762,-0.3011187530316241,0.32828668727503324,-0.03685559389590452
2017-05-31,0.20611541629552924,0.24537422575098644,0.486295177694462,0.5191279364749801,0.2588027697249163
2017-06-01,-0.03000316041794865,0.6511235489078244,0.6832008694721461,0.048055255425306954,0.1919393002412807
2017-06-02,-0.19533033534841843,0.02055171829009772,-0.2829557029262145,-0.7595924960404662,-0.30553254318399364
2017-06-05,-0.4225097044352817,-0.4428114443189914,0.12916124031890736,0.3772164234365398,-0.18310965958499692
2017-06-06,0.13537529327531933,0.24279783221091597,0.02654782647579287,0.3453607064212708,0.19219544408957107
2017-06-07,-0.2270597335409646,-0.09042295879577078,-0.1225446013227279,0.5860560755458522,-0.0830696338148669
2017-06-08,-0.01983886568849558,-0.026497857389438526,-0.1477625106557143,-0.24835493853583462,-0.22438177011886412
2017-06-09,0.057523968396540996,0.026767034109248647,-0.601189394053359,0.055551661502085195,-0.05640634037252061
2017-06-12,0.011372860721775997,0.21897064036733396,0.02053087704969772,-0.38114448458996386,-0.11148478701606859
2017-06-13,-0.02221347539946506,-0.155029721053158,-0.07044494786569444,0.253469314328045,-0.10994170899566405
2017-06-14,-0.1452446138800254,-0.19884024919595467,-0.043311360708089996,-0.2232555105219795,0.020552999006406475
2017-06-15,0.19637613863188583,0.28611023830926585,0.2750884519777322,0.7440677731627761,0.6686861224786759
2017-06-16,0.24914185747973813,0.027798974037259803,-0.3445003837822928,-1.044500424184194,-0.07934146441573636
2017-06-19,0.06721280326881386,0.10554849563302764,0.49609137971695466,-0.1372148236216404,0.035569773342451406
2017-06-20,0.16074705183356652,-0.059939160925329166,-0.3084567641682975,-0.5105494976238993,-0.14722802848690122
2017-06-21,0.09870975968262649,-0.04372400154216878,-0.06605853874617759,0.3008847052074702,-0.09755969446445625
2017-06-22,0.016217154534914107,-0.039195328790678635,0.25640307851451377,0.06881336245089821,-0.04424036223317334
2017-06-23,0.03882237056422629,-0.06507440898166696,-0.0633511803376341,0.06490734142772403,-0.054048688437509894
2017-06-26,-0.00707645541224191,-0.0250546246340257,0.4122635483663458,0.0404455564600355,0.14809716134815495
2017-06-27,0.009859970352621778,-0.0767580772735424,-0.033780445424795164,-0.5375724007668916,0.03555239501182718
2017-06-28,0.17670301123728643,0.5533526773965013,1.5490958743619732,-0.2000948336604343,0.2913654092364408
2017-06-29,-0.002288584214874552,0.2939842320231356,0.6901731397303607,-0.2099186373523186,0.4136371810301423
2017-06-30,-0.02605806789882537,0.2636225393593494,0.6461643200738136,0.25496411187796736,0.4160999912277171
2017-07-03,0.0997511569921102,0.2853857103674865,0.08523591621426173,-0.08160764379509211,0.4332787268018524
2017-07-04,0.007298624475254889,-0.2571028532987545,-0.44640994090013747,-1.0210119697636315,-0.21964079716988402
2017-07-05,7.336758473182152e-5,-0.0506379798986044,-0.19751638073213124,0.22250144872331495,-0.07753749938338958
2017-07-06,0.011386844339900828,-0.032409032691065126,-0.14894152073421066,-0.1488001695277793,0.013821520583935834
2017-07-07,0.025443477915866215,0.02809580975875662,0.674657260211437,0.03537117771627489,-0.06907638827017386
2017-07-10,-0.030357166406799037,-0.0717249430064977,-0.06963042364291314,-0.7657902533131247,-0.0326676795504507
2017-07-11,-0.0059777153095230615,-0.018640234432021667,-0.01538437538059027,-0.11384186840893933,-0.014330934796857634
2017-07-12,-0.11722788305611338,-0.10369222238445842,0.4932411309798784,0.07846476732082049,-0.07210899041780933
2017-07-13,-0.021592153071140832,0.17467542697337943,-0.37176817688303343,0.377393549170064,0.2583676004550483
2017-07-14,-0.0024782774421645264,0.12498199254665593,-0.21337888794645035,-0.017475926266605823,0.4282086296296783
2017-07-17,-0.1096214588803653,0.5454990990866224,0.4678421320750414,0.7899819084604583,0.2896687425230023
2017-07-18,-0.05065747011393189,-0.31787995023731563,0.06384538697724655,-0.07682972474871362,0.07192525840897315
2017-07-19,-0.007955756060107164,0.2740290102891276,0.6691359936108405,0.5065904503539805,0.3172751274464482
2017-07-20,0.1160025179612907,0.10043659048696182,0.07986539211752293,0.29646205949029647,0.10446388937898031
2017-07-21,-0.1300487547731034,-0.23808132167621227,0.7320418727712461,-0.11683073752105044,0.0367408117249749
2017-07-24,-0.20091043024738747,0.3445174534066488,0.4410148776814489,0.6485703718139889,0.19928836605284814
2017-07-25,0.06948860951791627,-0.25664434229428523,-0.16465625743472417,-0.05633378779128485,0.15518839552794692
2017-07-26,0.07417458953604672,-0.00385223869032629,0.07091785500218645,-0.6437206879021963,0.10960284526891717
2017-07-27,-0.15054404524098128,-0.2268136422154449,0.5660883344854565,0.5239084752309735,0.35235050644844973
2017-07-28,0.06443216155136741,0.24207713862516783,-0.11744294084952847,0.2030231159174691,0.09556977911692925
2017-07-31,0.013853822333369424,0.07922788018904514,0.47441136768858716,0.558462021260963,0.13178894240863787
2017-08-01,0.11877380898511204,0.3364189474451553,0.8733478544470002,0.3344798609137698,0.2844604239258077
2017-08-02,0.0449858836797144,0.2863785224597928,0.10757695011934103,0.004025837408272358,-0.12299023416159147
2017-08-03,-0.16836467260743773,-0.21984388301523788,0.18578125642134136,-0.47108086765791307,-0.3173852495457997
2017-08-04,-0.04366922465584022,0.02196609880457477,0.314176226359165,0.6945069922443294,0.06837730355648602
2017-08-07,0.05254175904080489,-0.6791078560670101,-0.7725145994760012,-0.6386173992261694,-0.16100346632044615
2017-08-08,0.09233470207829392,0.5606993356073376,0.1020522701291304,0.016477392148676676,-0.09244207838956402
2017-08-09,0.09808177085877186,0.40162427350036134,-0.2891418972487119,0.6727856812141833,-0.024918567405875048
2017-08-10,0.07518771159360893,0.7306231281365181,0.053216236025093316,0.2079491336329106,0.06939021676305868
2017-08-11,0.09411638953247878,0.6619100128966952,0.16745230839097724,0.9694401305118537,0.03646234374637244
2017-08-14,-0.018593030338212524,-0.10640067755845123,0.4704193671127206,-0.006427376019173703,0.24828937833231793
2017-08-15,0.05350211144078335,-0.06992653213095947,-0.25909951450387847,-0.5883781246761846,-0.07808582652497603
2017-08-16,-0.013239001555736029,-0.27661434603540563,-0.3745038354834936,-0.7147461295001505,-0.29121998027436347
2017-08-17,0.008573950122238421,-0.1394940011250952,0.2099251527464449,0.4498171590330665,0.15938630009910934
2017-08-18,-0.13819677182969117,0.0034290455389246535,-0.5938093775722891,0.5436444831878781,-0.3512815826952976
2017-08-21,-0.08401154537807333,0.07742219319164433,0.15784008403736935,0.028729044658000413,0.023424578124312367
2017-08-22,-0.1539274995525078,-0.07802211126492083,0.36727921421627274,0.20487518540111832,0.06760384198018192
2017-08-23,-0.10905532137275387,-0.039080279469105056,-0.42266807646905097,-0.7720690364035979,-0.16674367719598499
2017-08-24,0.028618014129810566,0.08766170330373786,0.41434088006426084,0.6819029466315577,0.14477861017889707
2017-08-25,-0.1568712619769154,-0.18606782197307542,-0.19388181613445166,-0.6117682198084794,-0.21123782157841703
2017-08-28,-0.1348074787901852,1.030134155261546,1.1118405543959773,-0.04501563427215042,0.2265473380065387
2017-08-29,-0.03475710873696424,-0.1154949162727984,0.3343751234400062,0.5416764865159568,0.12970044791381993
2017-08-30,0.08932993617785458,0.245512618868619,0.2226715159660344,-0.7877459728606673,0.16171974670157033
2017-08-31,-0.0062978756173206925,0.03583183483304912,-0.6197436464605692,-0.7520195146364402,-0.12648041948649485
2017-09-01,-0.0023477788754922473,0.09880298529505525,0.005889392308795427,0.19114369103638046,0.06981761073238912
2017-09-04,-4.983947566670839e-4,0.6849167932826091,-0.23067164275421065,0.3376219274261995,-0.07699614637728448
2017-09-05,-0.3168137249522258,0.11508051145396515,-0.27862381068532444,-0.2801119755299638,-0.33438494390255463
2017-09-06,-0.49450433067598193,-0.5206563565257675,-0.24010549913386298,0.6263851748052542,-0.2702728750663509
2017-09-07,-0.7744871712268379,-0.5741735878452827,-0.7090116868259516,-1.08146605255684,-0.5827843220991378
2017-09-08,-0.48186199194086005,0.06835894328818207,0.3437647079750389,0.2859991818966403,0.17181294732331143
2017-09-11,-0.018998976619556462,-0.6340820583386181,0.04058247589788448,0.14247408316353416,-0.09544844280710711
2017-09-12,0.2299095574712507,0.06907557004628437,-0.25036616993215494,-0.8215942210628066,-0.10203420275445388
2017-09-13,-0.21877240045564328,-0.3144350296723977,-0.19043820118703325,-1.1427042493604662,-0.33272495289540993
2017-09-14,0.20632599816302227,0.058237514578640015,-0.49602565193476034,-0.17789709268485493,-0.1480464489718487
2017-09-15,-0.35247435479626005,-0.5705301354752131,-0.24210515146020295,0.1283198421561513,-0.15405225768996444
2017-09-18,-0.07952095419562695,-0.09765124601851319,0.06460019157338863,-1.146151002515075,-0.10924498946063971
2017-09-19,0.06104983475578533,-0.29511058659134415,0.27109983619452194,-0.3682901137002549,-0.04385284126240892
2017-09-20,-0.058607224275305826,-0.30338369182629676,0.2661051521504696,-0.1944464203672986,-0.052266419680183335
2017-09-21,0.20297371286206367,0.2635591775352333,-0.7359306907862316,-0.6740622362025913,-0.10550978784494057
2017-09-22,0.014445518197283087,-0.18473626373378788,0.43043498601994534,-0.03941700836799802,0.017278463021918683
2017-09-25,0.11926049351208005,-0.1501999868929743,0.06024124391749384,0.12401734351971166,0.29725526929739693
2017-09-26,0.11676888889795081,-0.18429152084251293,-0.4931940495196557,0.7242791850084352,-0.01755394761118048
2017-09-27,0.3763451473305364,0.020192097295747627,-0.34148675627685326,-0.08643781094769462,-0.03507417047406147
2017-09-28,0.21015940838625655,0.13380322760109792,-0.24283000168754726,-0.30353321053008475,-0.13697565253050364
2017-09-29,-0.08449556878162244,-0.4519101141792374,0.1008970204159541,0.18439728956256918,-0.1004972523400682
2017-10-02,0.24140151745324215,0.2509652911572491,0.4996413636815305,0.13780528390899094,0.15883427479255705
2017-10-03,0.11662241347875825,0.22777485660925234,-0.4437368503322645,-0.026148735248289656,-0.05717159121439931
2017-10-04,-0.18228151203485624,-0.1327460778357229,-0.18158517466656782,-0.2751359140312948,-0.23484649423304127
2017-10-05,-2.471399247732098e-4,-0.039587510301648976,0.0776384544717363,0.016641844730458384,-0.05504614083426417
2017-10-06,0.1913822880646418,0.17728508026913334,-0.17632190198912945,0.23647980304962835,-0.014091612532861437
2017-10-09,-0.11780300597336099,-0.04890263451629957,0.06426581151538496,0.07993845508903336,-0.1935049373809048
2017-10-10,-0.29678219527911265,0.08708175220211997,-0.2651783740660217,-0.3567718665784104,-0.23916680305146587
2017-10-11,-0.14865227677662848,0.7445994844322218,0.46839163571724235,0.1293690478132712,0.3408772287098999
2017-10-12,0.13078550553959276,0.07262738834645306,0.6850949149573459,0.09599799783910586,0.49050654920340797
2017-10-13,0.03840126822596187,0.05348534848169925,-0.12115477031194793,0.19972910647504324,0.3261024396733304
2017-10-16,-0.13443077464929484,-0.054643148812521275,-0.31682886015288764,0.20756127953638967,0.14231683183367524
2017-10-17,0.12607682531507672,0.05860234662716989,-0.08350978470980314,-0.0978300147399237,0.023256557180135015
2017-10-18,0.025154038129745898,-0.49194647945086273,-0.21050957015149743,-0.03198554588534726,-0.1154150782279332
2017-10-19,0.0032287406047069363,-0.21539452362449946,0.1514503718017855,-0.7149743808326241,-0.19820908621292813
2017-10-20,0.04737309290192383,0.19831444205234067,0.5276873169393163,0.2364068530751985,-0.0617008056419802
2017-10-23,0.3279921420714636,-0.002001720333645811,-0.36428346993834926,-0.8486887613883116,-0.18515226878466132
2017-10-24,-0.05793009582859881,-0.11109370955898679,-0.1515652454231508,0.3783166788475707,-0.06277293495722142
2017-10-25,-0.003280076445043658,0.017600230139402314,-0.022841671534595126,-0.4614710538955076,-0.13099401086098236
2017-10-26,0.042208975187627944,0.022999700150509027,0.560948960275919,0.3146111197013158,0.26431514690052366
2017-10-27,0.16626866073312913,0.11139501373229937,-1.282510368514521,-0.29084866676803306,-0.35678488453057283
2017-10-30,-0.20590459197084482,-0.4763428049606994,-0.8007119547753698,0.05787727737805582,-0.24628173122428262
2017-10-31,-0.06167812468597311,0.10453163784021732,0.21579533591041478,0.643475446335674,0.26692442654058246
2017-11-01,-0.011334851882513833,0.12420800882497687,0.03714670521029363,-0.4833152722188053,-0.010178348279634153
2017-11-02,0.07001694570633751,0.6532356090085475,-0.11876360792763833,-0.445266830544934,0.1626851850835843
2017-11-03,0.04853454618867969,0.07346539267101174,0.29334181124852327,0.0896719515229705,0.2458221436302368
2017-11-06,-0.145571629490063,-0.5860127165812679,-0.491522974847611,-0.27893337547013897,-0.47328024409636016
2017-11-07,-0.03956136516657854,-0.09631692858738643,-0.14017145837443462,0.3038847359789208,-0.01990584747170762
2017-11-08,-0.033863648834857984,-0.14835935514967408,-0.15919087285768363,0.026745666472806084,-0.08852639228516504
2017-11-09,-0.48711131026296045,-0.32114804851169987,-0.5527283624197805,-0.6244233202457768,-0.46169235584924795
2017-11-10,-0.4353016610080802,-0.4847122688140202,-0.037540621778764785,0.04651283508864297,-0.33842994968804907
2017-11-13,-0.11006939227556833,-0.29740858229593947,0.0782823851101006,-0.2995700627869336,-0.3357579164396729
2017-11-14,-0.01876496039307702,-0.07152923639966191,0.045171450302271224,0.04037704200049233,-0.236547820902383
2017-11-15,-0.33163363791398154,-0.3033780711647677,0.7707553870909694,-0.16151933648030484,-0.1955728534544121
2017-11-16,-0.20269583737242652,-0.07884339995269876,0.17029323650864325,-0.02368860935603093,-0.08579555846818343
2017-11-17,-0.42015643580609,-0.4297077758277934,-0.6215315354763344,-0.20088744996389862,-0.3287181679728963
2017-11-20,-0.43656549230166636,-0.9882021070956849,-0.8870594846847285,0.48842681302206065,-0.6387488699936151
2017-11-21,-0.11639257297450958,0.1293070997900792,-0.15727472043847004,-0.42419165717166585,-0.28740236950960185
2017-11-22,-0.6775096628278064,-0.5637446883743966,-0.7309825709839436,-0.5407248810075668,-0.5573285337992975
2017-11-23,-0.2039699459353227,0.049576817347371405,0.4164119062851435,0.7596224695251217,0.17206925746448665
2017-11-24,0.10488428581019273,0.5651142276529677,0.55723686583180565,0.3036798643305899,0.36537433873822067
2017-11-27,-0.08641027169119761,-0.2341811922248542,0.62356590182892635,-0.44145353121708447,-0.09040099420708125
2017-11-28,-0.2051257412348218,-0.1591176011932812,-0.23102053290906258,0.19315545274123913,-0.20357182681149882
2017-11-29,-0.29849243822494154,-0.5162810285018978,-0.791042344887287,-0.6596914709291649,-0.30016649627369896
2017-11-30,-0.08425367195468134,-0.14934689454240724,-0.1733994210184948,-0.4467024284157633,-0.23033664667956372
2017-12-01,7.805498255287063e-4,-0.084060535163749,0.3634239214730151,-0.5448618534354721,-0.22534461314310866
2017-12-04,-0.6783894705772482,-1.0415353905935956,-0.9227903343239391,-1.0308568374108593,-0.7981151807990985
2017-12-05,-0.10115697499628337,-0.009128658289049907,-0.11281903418924905,0.198372482185898,-0.162264181596804
2017-12-06,0.29007803061246057,0.3293398508390943,-0.01883722583564992,0.36669552069479794,0.2287966012050402
2017-12-07,0.3747966169863059,0.4405342346668227,0.07222529895276548,0.5278738479268569,0.2854611420901823
2017-12-08,-0.11581954215435919,-0.12119678929805852,-0.4376249150922299,-0.8876207290732191,-0.27310494532254825
2017-12-11,-0.1273929001754729,-0.13660063247797058,-0.21608842232606523,-0.5623846204496501,-0.28473897866614756
2017-12-12,0.038840799502090684,0.043975554998740896,0.07834577042635157,-0.01608128857615103,0.02373529609458548
2017-12-13,0.20770969855812518,0.16004655053986694,-0.08173511323372429,0.19630191532203922,0.1060607121422037
2017-12-14,-0.037828013727494905,-0.00864996558933414,0.6970603616541795,0.6283183946808459,0.35658003041073794
2017-12-15,-0.10788297945312736,0.05243267815793811,-0.45991169970111645,0.33721652037791927,0.1348860398956732
2017-12-18,0.029241087210998693,-0.032629961953948045,-0.3195266285230017,-0.18858812291959479,-0.09439207773415687
2017-12-19,-0.02977227323684371,-0.034671998921114736,0.23848393634708728,0.0637707851664175,-0.012180670526303259
2017-12-20,-0.17755205385517445,-0.04159621924991724,0.36405670597523004,-0.5297025321723636,-0.11627886879004329
2017-12-21,0.06557625057674198,0.4711690526316495,0.48936101559413736,-0.2086447464004907,0.3512519877510667
2017-12-22,0.026820793109908574,0.04812811574641018,-0.05524984316172006,-0.08868735390929906,0.09193244722937782
2017-12-25,0.13429856030507384,0.245756888506871,0.10705982986207048,0.1319982524291208,0.2536238250301608
2017-12-26,0.05374926682469647,0.7001034710579523,0.19187654789177322,0.0541042333854778,0.10939787129121789
2017-12-27,-0.07755349697190589,0.030436701750973294,-0.16678110515814681,0.010012244386881466,-0.04373066840792869
2017-12-28,-0.41568607165465316,-0.5696325298076712,-0.07613229812496385,-0.4118247670111862,-0.1453067600480829
2017-12-29,-0.16962266224110822,0.11142532045668421,0.23293436073580423,0.14753677753009786,-0.00793433326232347
2018-01-01,-0.025864573695219897,0.42627808415915963,0.5794952191333564,0.20938677024193383,0.05633786932862962
2018-01-02,-1.039647517240088,-0.9284052426341756,-0.854385722447282,-1.098747829963799,-1.0054609217205008
2018-01-03,-0.17243976046096252,-0.039835333144736335,0.2620799920143029,0.322344390115947,0.16698105363850058
2018-01-04,-0.43489841811094726,-0.5668946292936748,-0.7991599421437175,-0.6861371309542312,-0.4470440866965927
2018-01-05,-0.22936174051921743,-0.14909588247766292,0.15604174753130692,-0.41051077742874154,-0.07471911369688028
2018-01-08,-0.049659701961130724,0.038095918402764405,-0.23838168906572205,-0.3995492587443966,-0.02494146946953916
2018-01-09,0.2943927527657314,0.15429822067622126,-0.3108936391148057,0.25540152648846187,-0.09245213763835913
2018-01-10,-0.1070268887881525,-0.6104770935177617,-0.5752063013273764,0.21993485302137045,-0.5402919489789597
2018-01-11,-0.6255198620410364,-0.41987768874589476,-0.5043740867904583,0.5997413308917819,-0.6290411786966279
2018-01-12,-0.3290216668177479,-0.06154728516394408,0.3908922583648763,0.00827739310304422,-0.18875930231121996
2018-01-15,-0.6592244734651812,-0.09750288349260555,0.7191725973397388,-0.43438654345223615,-0.3746021214693832
2018-01-16,0.2752600326189741,0.6927410770929503,1.173702506370641,0.7947952270850474,0.45005981727497413
2018-01-17,0.009273461274568087,0.019235968628313754,0.23209653342759057,0.24489592003550908,0.29525722347009825
2018-01-18,-0.14517616576806067,0.01929834034363382,-0.8069559335033788,-1.0019915711953078,-0.4069789534435071
2018-01-19,-0.41575715397311425,-0.2039965175015065,-0.13523399066604508,-0.22524018848722185,-0.2074706675632632
2018-01-22,-0.1639490836670946,0.13251138184862996,0.03545463689685942,0.1909370697741418,-0.13302481611147393
2018-01-23,-0.22838308355586573,-0.1910620679834764,-0.18967623077096893,-0.42665826580976984,-0.18393738980271834
2018-01-24,-0.4097955531020219,-0.39639101124623627,0.027671892154508097,0.3425099190219379,-0.2535366710026352
2018-01-25,-0.7658833219433967,-0.2698041386679931,-0.03223924005744414,0.07167030720732973,-0.2358520824272476
2018-01-26,-0.4200071394378629,0.3789342082384329,-0.2808907744467214,-0.6190738694985072,-0.529143083177417
2018-01-29,0.11329323685263196,0.3882937922471084,0.4064733832472819,1.0628441798250925,0.2701865805591769
2018-01-30,0.5288931296486536,0.2798851016561778,0.21291577883865584,0.3990194614137401,0.3547461116156906
2018-01-31,0.09679339786805556,0.3129083982759018,0.2763562734498279,0.23341958972920154,0.03204592443283168
2018-02-01,0.010668567773121564,0.6031637122901947,0.13430864661124323,-0.3997942665676248,0.034645275730520314
2018-02-02,-0.34688735961323247,-0.352211721439907,0.41568230358700015,-0.5954808027405775,-0.09884621197133724
2018-02-05,0.2569344799138344,0.08373671382682127,-0.09230680480894761,-0.338989522097575,-0.6699583013278965
2018-02-06,0.4362852962646757,0.6900698026211632,-0.27401291164796365,1.1953931135341873,-0.021013342648218747
2018-02-07,-0.07543071489280641,0.14041372728484885,-0.10510281925429953,-0.459288390588496,0.10311577401628842
2018-02-08,0.41395196164850345,0.7081625275387838,-0.5071710314380833,0.754108577538995,0.024013662082980555
2018-02-09,0.8591698880510921,0.03378015486707445,0.6097905486528367,1.5070174245210568,0.30153416608294187
2018-02-12,-0.29697227538535775,0.18236952466863854,-0.381395842866565,-0.47871400513947526,-0.03454269771169713
2018-02-13,-0.06699185020782719,-0.5805089666851131,0.33074318913313794,0.020693087411317562,0.349341035066695
2018-02-14,-0.9283242514520909,-1.2827553901552502,-0.44003618147350426,-0.06002911341208729,-0.7790817505661304
2018-02-15,-0.41929634782659203,-0.6769593109457976,0.5684221597061964,0.8415471438535704,0.11547929079847835
2018-02-16,-0.047712142220778526,-0.17684547185079605,0.43449274743554017,0.5909449550597791,0.4668321081319118
2018-02-19,-0.09194263272959154,-0.02401454877166754,-0.7302311387068615,-0.1473909628254716,-0.15462786838012252
2018-02-20,0.34313770163570884,0.2223610302212294,0.09140878237538289,-0.08775142531799714,0.10806958035855789
2018-02-21,0.02626546295151133,0.054004262456210726,-0.5302341711221594,-0.6792995750627846,-0.35559186108973306
2018-02-22,0.3715759973676632,0.37878651363477944,-0.18059746228185164,0.10889112632244773,-0.17232463823697783
2018-02-23,0.09350016418837395,0.06726949135554806,0.34984503389593213,0.7366166188868759,0.3297449743251156
2018-02-26,-0.3967837098729776,-0.030657552146194644,-0.6533264686043643,-0.5422012785929167,-0.3647675108463732
2018-02-27,0.46421534072147896,0.7404371378906834,0.6264744186180893,0.45932634964525965,0.714824322726233
2018-02-28,-0.06438298728566438,-0.004431960849608341,-0.7119133781214686,-0.41868745985630507,-0.4654861164670244
2018-03-01,0.08473809483293063,-0.12358608763738038,-0.3750961530549386,0.7730351996845884,-0.1375722700917952
2018-03-02,0.23991274011597788,-0.22552634182197676,0.792115794072325,0.7887961904346865,0.36114752317588006
2018-03-05,-0.5768359208149719,-0.5674509965171254,-0.08293448360535621,0.06728138277495696,-0.2668288133895117
2018-03-06,-0.4104473757264365,-0.4256084836963274,-0.14717059554787218,-0.9510252328491103,-0.3088130295116461
2018-03-07,0.19290039521052843,0.7752327052828313,0.876521085641241,0.7919779999486515,0.13234291394638426
2018-03-08,0.13178902305833373,0.04418765799362706,0.2671782787983812,-0.40051131156744335,0.48970131354362995
2018-03-09,0.13734767155312855,-0.13546552535897352,-0.6996910759831897,-0.15375517995939803,0.0790775891896951
2018-03-12,-0.1815626503872423,-0.033233641573128254,-0.34218742761885024,-0.6822067060339362,-0.11999125688099202
2018-03-13,-0.12525308014641306,-0.10786018759372802,0.08483610653120396,0.4025434173416741,0.180267092035782
2018-03-14,0.11999077493714888,0.2505044264146036,0.5863599557516845,-0.028618267188034036,0.25208803069968255
2018-03-15,0.35666281978158454,0.46718533420440345,0.32699494983813493,0.6592964454737791,0.662849211154903
2018-03-16,-0.2037992432937129,-0.2245569334647894,-0.7342889620261874,-0.31602533265087634,-0.40996064850103453
2018-03-19,0.14911905403576092,-0.13988040402129387,-0.2015811842569835,0.46194231486192033,-0.2570054940113665
2018-03-20,0.05538664357142678,0.09337461307734711,0.4364282899623405,0.0692569282151021,0.07302946644497495
2018-03-21,0.13645102685787752,0.13137442869093233,-0.46687676461202327,-0.3088448985854866,-0.030150016168569327
2018-03-22,-0.19798629084334016,0.006366336687467368,0.45322870886291977,0.23899889634392452,0.2161801815574232
2018-03-23,0.056083068804211246,-0.1266248491078123,0.010876416149222232,1.0431017715172313,-0.0746667404711103
2018-03-26,-0.6329562259955808,-0.44633994279317646,-0.40519841664767997,-0.3871775850573232,-0.6184551442522397
2018-03-27,-0.5118013882246109,0.2459094664041714,0.34754936933572045,-1.0670288210522931,-0.13628345326434943
2018-03-28,-0.6043253199444265,-0.6033728318592307,-0.8398315031455164,-0.6695957930790439,-0.6766477111847365
2018-03-29,0.16772036589998038,-0.10421381009391516,-0.7032561105592918,-1.0637711792522142,-0.2460311644058175
2018-03-30,-0.09003755760883128,-0.05005559959563827,-0.3451319306235623,0.029540554268131236,-0.1306444521567044
2018-04-02,-0.031161472783009424,0.08063236012777486,0.0031008138865391416,0.15462731235299446,-0.09543367450357901
2018-04-03,0.3104523461701572,0.381142850822949,0.14158875628264145,0.823881140969774,0.17692894044205262
2018-04-04,0.05822681625379109,-0.044174680198030114,-0.08420389120782969,-0.4787881498179898,0.1767116611168204
2018-04-05,0.04544707726025607,-0.22368911612849615,0.08767824119513515,-0.3540435714817128,0.05983797872491323
2018-04-06,-0.2306289621025236,-0.2673845741428362,-0.5055291503283408,-0.5495456280331884,-0.544858074941867
2018-04-09,0.008485509577142003,-0.11607081389777713,0.10190507397423976,0.05134860620202382,-0.18045162027026268
2018-04-10,0.004531750318775129,0.02057307701010499,0.43691536415457555,0.21582396289135158,0.2960972247967046
2018-04-11,-0.10241749337199653,0.2799950435008384,0.3225646554732037,-0.41117828611512575,0.24777591223111445
2018-04-12,0.23940968210133015,0.5385330678164456,0.3991231829732599,0.46149032287178066,0.3749392173098852
2018-04-13,0.0922108608293584,-0.17026307879882066,-0.20497472458297844,-0.25027536097583325,-0.024947837006651208
2018-04-16,0.07089002136836348,0.28152417844425154,0.0349186078924594,-0.2391005038561272,0.037447541807435085
2018-04-17,0.19194739081907153,0.22809614550304375,0.613282880128845,0.5664847956474321,0.3265635851812494
2018-04-18,0.1633406020598135,0.1115115380665182,0.16762882271438057,0.24289982941533833,0.19563334261744303
2018-04-19,-0.10099378710173092,0.01340759210227169,-0.043383261818669965,-0.4029496843884201,0.052535756837782985
2018-04-20,0.09471052983996878,0.044416604812771446,-0.1657283667452669,-0.026583511327144038,-0.017540657126908544
2018-04-23,0.1344186693856557,-0.14953754909730224,-0.5068550034606254,-0.2924059977330302,-0.2876891206959284
2018-04-24,0.13946727815890547,-0.24999241576537132,-0.522797633574491,-0.7505784367800661,-0.6540753240796697
2018-04-25,0.19055931730148076,0.26333123184263163,0.3164581341422701,0.01768283270156104,0.16688422101241535
2018-04-26,0.1997487324777254,-0.06285659311428049,-0.3349516384924221,-0.34092849316188467,-0.1908046270966023
2018-04-27,0.20051344551155587,-0.01925033175821618,-0.4189924339485085,0.17504452978476376,0.023667914528360173
2018-04-30,0.04710602558758999,-0.017478786501732336,0.029232684500333506,0.22526140484398618,0.3837539377814748
2018-05-01,0.08247214785840105,0.14938097062564562,-0.260660055437107,-0.09616243980986469,0.05087840864795408
2018-05-02,0.0017024295461110627,0.022896417900598327,-0.8154006747683602,-0.5295845898247,-0.594297102133591
2018-05-03,0.3177158645431829,-0.13565865487099155,-0.20048417611078917,0.2807100957946588,-0.13999452465974682
2018-05-04,0.3254746920528527,0.3698817132811826,0.5420120750096529,0.979269044334416,0.6507546021702844
2018-05-07,-0.04530657088738691,-0.14696387039260575,-0.26789887323276973,-0.0020392805562443883,-0.06676231904457264
2018-05-08,0.07569379851640211,-0.018492440267240638,-0.1483227677399797,0.2690471755863315,0.0025908176239762618
2018-05-09,1.1996975851892075,1.1240488028464526,0.5992341264068604,1.149495167577086,0.7827228648265766
2018-05-10,1.591158203351756,1.792049088987035,1.3276290682306557,0.7876443725899864,1.1028401848859248
2018-05-11,-2.1110695001032798,-1.7167048883606562,-1.505086781202713,-1.9043385742274768,-1.1446708745196796
2018-05-14,-0.44177925213048197,-0.23586740263899333,-0.07038469653269314,-0.22780518526958923,-0.2860703831115383
2018-05-15,-0.02814973710675738,-0.11551138697521804,-0.16322806023941305,-0.35620834297166565,-0.17776488791873316
2018-05-16,0.14378885350060458,-0.49638198762703517,-0.8255421354102828,-0.4234813910016665,-0.6340657416937815
2018-05-17,0.3168548710140433,0.2602980917081815,0.07496512602783839,0.17271766133151803,0.4518947097292304
2018-05-18,0.17023464684687034,0.24860333065574197,-0.05417846552904204,-0.28218167392017235,0.08567888895279625
2018-05-21,0.0398002930520123,-0.18321219073962564,-0.24206610606026668,-0.07655923192292534,0.030066251894461132
2018-05-22,0.19348485087606093,0.1677593217271051,0.35436277247358755,0.08997030054254138,0.38533522577831336
2018-05-23,-0.29212098021432065,-0.01857898729214133,-0.28210123525994646,-0.08568257107833487,-0.047827659574832926
2018-05-24,0.2329895265241111,-0.10096337103624048,-0.44002832866841923,1.0534659536365605,0.012011483904036582
2018-05-25,0.07187305276199521,0.1931876655583482,0.03454393612319584,0.690527875878729,0.18030304099581707
2018-05-28,0.04853080140525988,0.21031616062311942,-0.24261776302766547,-0.14872773413846657,0.06010617505117265
2018-05-29,0.04522333812143931,-0.37291404496814035,-0.5475044895882377,0.223820079786722,-0.09318453899113481
2018-05-30,0.0329109036263618,-0.35740020703758973,-0.8522218073010585,0.9721016398445026,-0.2753121198621683
2018-05-31,0.10588406699655699,-0.014273342262094021,1.0144238575242308,-0.04841461595995472,0.5240716273749956
2018-06-01,-0.18180224665878694,-0.06900745509104937,0.24509945897807991,-0.24759175739907446,0.06928905231050528
2018-06-04,-0.06025865887984681,-0.20054508397626053,-0.18124654001937762,-0.8410936093277562,0.022440803758271635
2018-06-05,-0.15995698067816994,-0.00978550357043416,0.08235531209393317,-0.607063058993234,0.04355355100133651
2018-06-06,-0.028528805924441732,0.028675362023771193,0.23722926816554904,0.008890830113822842,0.1547031817909395
2018-06-07,-0.003213039286566215,0.2747934650331057,0.5567386512556496,-0.23601555639000407,0.23968026067941506
2018-06-08,0.25157221829736337,0.25725949211447574,0.4571138201482947,0.609321025255005,0.21413832819965284
2018-06-11,0.19727382751822595,0.0049571066105028525,0.15614557025047973,0.47143771745646457,0.16962984983595614
2018-06-12,-0.07466288985315678,0.11370976089681838,-0.15707483316558643,-0.8983311142895704,-0.1009395548578961
2018-06-13,0.11621856678518104,0.023429513558444418,-0.1216100824180997,-0.06408357402571056,0.01388677351588466
2018-06-14,-0.06295471490115148,-0.029217302769978915,0.3930838406019835,0.09938524547629257,0.07802594770073099
2018-06-15,-0.028043793691085447,-0.1351405017687477,-1.992020931811651,-0.36306428693469,-0.7571806947194063
2018-06-18,0.28120059286539456,-0.19332743749453962,0.09931030379143424,0.25633521962485595,-0.5581314004671794
2018-06-19,0.06267325617781255,-0.13034363922640452,0.3315780892704861,0.48380600828727965,-0.1904336878026801
2018-06-20,0.13052091032040955,-0.6339634696931202,-0.16752484874975093,0.25486873153308015,-0.30453020501796096
2018-06-21,0.09291619084136625,0.1197741047316527,-0.049279018830926113,-0.15007362511969563,-0.2515249927487341
2018-06-22,0.2651059895356269,-0.035609905826959304,0.46932574126893445,0.5882480791563882,0.14654859280316113
2018-06-25,-0.389346920428245,-0.6340933405881569,0.14474119343604452,-0.33537528846275966,-0.41697354444746904
2018-06-26,0.3763376741456279,-0.24481562833583215,0.8379917577074733,0.6672589963180354,0.04638973035931354
2018-06-27,0.24627971497805196,-0.4910487156077663,-0.09260419568392553,-0.14148850351324227,0.1356121704256183
2018-06-28,0.22785803952084346,-0.29933341895428645,-0.580383153614821,0.05564168511354296,-0.04504402346554998
2018-06-29,0.360467626718839,-0.14103661423034886,0.18824606026634366,0.08435242828366699,0.1759893240967019
2018-07-02,-0.21884611536280818,-0.2724156680101756,0.7537588267483788,-0.47230841192641193,0.20182258939128322
2018-07-03,0.17513551833347624,-0.48816938500241713,0.074700212274284,0.004411177875934716,-0.1052842333046899
2018-07-04,0.07203336354107179,0.296519958253637,0.20044597330053057,0.4585450555921393,0.2543841726040053
2018-07-05,0.3945460588133721,0.6061939815595857,0.45406883636935635,0.3669961512180785,0.5238706290642557
2018-07-06,-0.26664815433080336,-0.26378924367343104,0.04920458619663656,-0.35594088174941446,-0.10861072796259821
2018-07-09,-0.21059584109352808,-0.26072772042008585,0.3355483302540826,-0.06959771683915121,0.36229773690437445
2018-07-10,-0.2842520936987998,0.046254664290891534,-0.13402816096904813,-0.7369218640341858,0.006667918896152647
2018-07-11,-0.049314229260323465,-0.23257128277009512,-0.28440711015143266,0.0013962570778738026,-0.2733702460880988
2018-07-12,0.26763205837485554,-0.5596379895652036,-0.21939764680737944,-0.7348834049443437,-0.21054443750233431
2018-07-13,0.11251277723294104,0.16968536585300464,-0.07991448724512092,-0.6757095757349728,0.028226266166802155
2018-07-16,0.2769439683711493,-0.12586574593458844,0.355221931252971,0.39888252855001394,0.10127384445530757
2018-07-17,-0.4357944519959124,-0.4731279190588202,-0.14714351424452904,-0.3988428635066079,-0.17098004586636467
2018-07-18,0.23522180282791827,-0.03020948746743779,-0.19412887830529982,-0.3069562611685497,-0.020074248709894854
2018-07-19,0.46120177281297026,0.24203392661291268,0.3041375612592825,0.5633971189428462,0.42983574833424715
2018-07-20,0.10785347096232017,-0.71309868394789,0.17337965398961466,0.49113961464425315,-0.05745276685309525
2018-07-23,-0.011294569649829217,-0.008919523628105747,0.7553555539800295,1.2187594223723028,0.5230558938052889
2018-07-24,0.09446071293002346,-0.40417870861896477,-0.14238822400956885,-0.08943687312286078,0.01839222925471079
2018-07-25,-0.1423796232260181,-0.24307226286515704,-0.2652219253484815,0.01639562738200414,0.0018928614497458899
2018-07-26,-0.3856787001904412,-0.09971193783762142,0.0271743711974054,-6.072020936711872e-4,0.04774857798529071
2018-07-27,0.4459601494569613,0.2817348482377617,-0.2872117661041799,0.24496522585141625,0.087666664115505
2018-07-30,-0.012978257387480527,-0.4675878469247888,-0.014102872773969488,0.12635819786837968,0.10702410269964507
2018-07-31,-0.08908427270592621,-0.23515089777407117,0.31746264012507686,-0.11783913100725811,0.011156939675015132
2018-08-01,-0.34819048249958384,-0.34510891021154855,-0.41290067143186066,-1.080283039145953,-0.36500848745249903
2018-08-02,0.47725986957480865,0.290759678724277,0.24591680868653323,0.5482192599574964,0.33175093285657836
2018-08-03,0.18903805306447719,0.022092047445898585,-0.5368411464163236,0.12058613138082887,-0.2521701089811005
2018-08-06,0.3262790680567676,0.29688942417397596,-0.026467871318475986,0.7231810073093685,0.38383330612263766
2018-08-07,-0.028726247997841972,-0.3140601271081519,-0.12865808750763016,-0.07535283863284463,-0.04911713673904819
2018-08-08,-0.08320351616464958,0.14430809149510482,0.28589904057454013,-0.09299343354192721,0.21968403337466758
2018-08-09,-0.040021496388340086,-0.010454531069345602,0.10594108093820163,0.3683979587709082,0.1231703671586705
2018-08-10,-0.006116905193101072,0.26096793642341243,-0.7273032656557907,-0.12358390443455519,-0.29753524383947594
2018-08-13,0.30593967823873125,-0.05020585312183967,-0.9818049877377706,0.7030641446022367,-0.258154780347311
2018-08-14,0.33792647452751173,-0.3609531090129764,0.13259293130286412,0.3568167273311426,-0.023407512266855085
2018-08-15,0.04643006774924227,-0.03775917124109886,-0.4822292474905413,-0.48952464932651457,-0.1401115116137579
2018-08-16,0.12570661789743393,-0.5984763112810448,0.002958624703820689,0.6500686099602904,-0.06278155372894623
2018-08-17,0.0711172913744045,0.6503715637011717,0.28793490284208384,-0.23866233830043831,0.3406670211893434
2018-08-20,-0.06151570547480194,0.1671019540174359,0.5720925701536,0.36670315296028166,0.40259929186839194
2018-08-21,-0.10280122886471532,0.24149210374164692,0.5038694241105137,0.4423595002123911,0.21920795225201262
2018-08-22,-0.050040042059230634,0.1959481152846661,0.8200621817547774,-0.13610204953646643,0.3570442457283091
2018-08-23,-0.08108751543025232,0.011243585163630089,0.17738825048801846,-0.5079174966978878,-0.08502086553215138
2018-08-24,0.22982745530416776,-0.2529645691147905,-0.07520212867008558,-0.5334619351482236,-0.2915267420403093
2018-08-27,-0.2737362086400059,0.7412733154560309,0.5762406496336836,-0.3175373911166654,0.30932906188431075
2018-08-28,0.09297129152127534,0.15268749956642963,0.5714292695017124,0.23327034246838407,0.4070578809401129
2018-08-29,0.21560297753037605,0.3685109081747297,0.38687402148239247,0.20980853702264876,0.19549798524491216
2018-08-30,0.5522396592450004,0.395839569038598,0.7563792478238665,0.049843599008696345,0.6522143741563105
2018-08-31,-0.16055964159654207,-0.5141246067273153,-0.47835860478690373,0.38633963457993215,-0.2153670816558227
2018-09-03,-0.010503476845871391,0.017417944277976494,-0.6256832622700046,-0.04681348930140214,-0.41825529760195584
2018-09-04,0.29065840574761903,0.4788132765000483,0.27719618495100234,0.3326778101615386,0.11502772455002322
2018-09-05,0.2724131497353456,0.043714489610746046,0.02968162448101678,-0.06825284967587714,-0.002501755637476767
2018-09-06,0.4086333360696785,0.5562674204617257,0.787763885587349,0.3611908342558711,0.3798609460536697
2018-09-07,-0.2467891533265345,-0.23837519862806347,-0.2747190901542143,0.5946489654651831,-0.12062238291451868
2018-09-10,0.07426235924851946,-0.005087239399143725,-0.44391388635974816,-0.171330041647058,-0.20117080596727108
2018-09-11,0.12025666852237364,-0.13416517839293016,0.3067082026605784,-0.13079999586388225,0.00824453177095176
2018-09-12,-0.08667016031886761,-0.4216736103602021,-0.039647431327287846,-0.5402324620252102,0.06564882598762439
2018-09-13,-0.037236445294519985,0.08224767343321551,0.2575995168041876,0.24876681829093372,0.3187729550136571
2018-09-14,0.030324490200220232,0.3057177655229267,0.6295079532434629,-0.6334223724394387,0.28690869403618335
2018-09-17,-0.1627998140055614,-0.4208366024598097,-0.5687209754452561,-0.21107369785585833,-0.3310439321074281
2018-09-18,-0.030574957191759383,0.037847799311777966,0.21915870774577464,0.20634413644953373,-0.17069558184429803
2018-09-19,0.09306032649024992,0.037963801746990065,0.23730589680339273,-0.3944947113866691,0.39198149440785657
2018-09-20,-0.14646198363310187,0.03954650659274729,-0.1574886544539191,-0.25963785682358487,0.05650341522034885
2018-09-21,0.04171685839146862,0.09501310754221945,0.8994730446683773,-0.1253191630950432,0.4043756602150263
2018-09-24,-0.19863352399111875,-0.3410761453196649,-0.2211401754629771,-0.25046914536206977,-0.04539652959573082
2018-09-25,-0.03708892937130331,-0.33190573686907465,-0.032406266740291664,-0.26890929744722847,-0.07850681662140706
2018-09-26,0.16502159511966935,0.1865441702347227,0.24929854096762613,-0.031303635748483986,0.12329724754175383
2018-09-27,0.1160272999997989,-0.00952631698392243,0.015082612658092694,0.3165832440872648,0.15774213921364255
2018-09-28,0.04345176705982465,-0.039376375928699296,-0.9231325230180976,-0.5058636911013565,-0.08075766256472892
2018-10-01,-0.13878976436975468,0.025087417580838774,-0.6244497447539318,-0.6085528646744186,-0.12492271950017875
2018-10-02,0.08244187403459739,0.11533824219724229,-0.2691013652366213,-0.1115361230646903,-0.26581425849132945
2018-10-03,0.05333498255019896,0.06622501685650203,-0.24639631922012933,0.3481055018208394,-0.16561274226040973
2018-10-04,-0.007878964353642957,0.001748325940204994,-0.7264977091213388,-0.7607579309822887,-0.6850818400309437
2018-10-05,0.159408307034018,0.16077552054097494,0.36457188507779387,0.565159206932814,-0.061257438856761104
2018-10-08,-0.01863208577707929,0.12465189626676942,0.07145679714206074,0.1963923376163597,-0.3284329890256049
2018-10-09,0.38955991259007144,-0.6009280482054079,0.16341799556799297,0.9678760772672504,0.21990897178902352
2018-10-10,-0.08178546921367218,-0.19465297447550853,-0.006329358974342052,0.07542105418920649,0.13270106212737892
2018-10-11,-0.08035592717609083,-0.13246763726367822,0.1676422047151968,0.7509856160511265,-0.09535522934029111
2018-10-12,0.11317680179371613,0.5956538689300521,0.6583441783670246,0.2480908908202606,0.5483104855046032
2018-10-15,-0.06910412233879258,-0.4088050842870249,-0.2838928088619421,-0.1580202007691785,-0.01938147527143197
2018-10-16,0.021882032929341322,0.006480879860999322,0.25101261930432683,0.32334062526869317,0.24039605855507878
2018-10-17,-0.05545988856510704,0.012357509768828264,-0.0753839576607557,-0.45840123052944526,0.14415974088333489
2018-10-18,0.10517201763600001,-0.10236972956654596,-0.5460575696619473,-0.20823070955819944,-0.10894043662907742
2018-10-19,0.2100615317329039,0.013279602356932634,-0.28662815626564536,0.5547012850987993,-0.08254243489950758
2018-10-22,-0.13541531903567838,-0.05278850540214628,0.1942722894967624,-0.351104054671012,0.10976099498293794
2018-10-23,-0.016008444732738332,-0.2597016118076036,-0.30692550287116993,-0.2888186262523555,-0.18282171182435963
2018-10-24,0.08991652686377062,0.15496227579597965,0.06942837549941062,0.32705951104619024,0.2076996473394408
2018-10-25,0.1420882008271192,0.0844791517654216,-0.5059099397222835,0.5608227474435266,-0.056565866217067384
2018-10-26,0.04429954693594589,-0.030831432606156676,-0.2804744346288105,-0.19985863705118226,0.04435384114196683
2018-10-29,0.15489777171836314,0.2198566197386123,0.27005359530510475,0.5095863233554605,0.20798594906432816
2018-10-30,0.1237815636996443,0.01764553959891265,-0.04265745404146816,-0.19922036191003728,-0.0423838189057657
2018-10-31,0.09271445203359173,-0.1305467493962769,-0.2000856649883868,-0.6059450496032828,-0.06023949898538518
2018-11-01,0.06318932863378177,-0.10659109667980583,-0.25811602118682175,0.1355829318814696,0.021417010377327697
2018-11-02,-0.12121430734907736,0.5933666542608473,0.5736118496633965,0.012777554933370188,0.4927548222932304
2018-11-05,-0.4192279578844009,0.22894992884700957,-0.31927444886557477,-0.7690966887229715,0.0057661581419442
2018-11-06,0.23583645488378424,-0.1337421220348951,0.3760428802999649,0.10243937177028965,0.28251870177261035
2018-11-07,-0.17849995945182784,-0.17165333725300286,0.07912352365386802,-0.31198146578527985,0.027090428266946645
2018-11-08,-0.3820714080855975,-0.2681366375132734,-0.36787179546337634,-0.5542334431913869,-0.26168320937300726
2018-11-09,0.24136616019882112,-0.09875708299584521,-0.3466036529987228,-0.12789573779967542,-0.06652207895558748
2018-11-12,0.38358564848665977,-0.014806482813504565,-0.12554575452393008,0.41173442417373896,0.03549959013611053
2018-11-13,0.20241998242017478,0.03532732498176987,-0.7058253693750952,0.3286984547371612,-0.2846570953614568
2018-11-14,0.2708032472780923,0.35295059100622184,0.7727894904160424,0.2040004406476119,0.6135379514863245
2018-11-15,0.10674564033032852,0.23333155470127215,0.23601870082375814,0.2854864719188239,0.25693848171117234
2018-11-16,-0.09121878074334398,0.11602292831105679,0.06022994880194053,-0.05838666552525813,0.21082973386693693
2018-11-19,-0.0066920825229375425,0.059391245372880694,0.8086002892464382,0.7307085511616982,0.31176558483928984
2018-11-20,-0.07170183474685993,-0.11384388234024503,0.4660651753485602,0.29194157164101087,0.21892135695492487
2018-11-21,0.02279804430978535,-0.04273458543570759,-0.5848256571448321,-0.15517262916810542,-0.12310155077399042
2018-11-22,-0.31532220816861767,-0.06911982247900347,-0.3096745195422398,-0.6281219482476569,-0.27981860526699603
2018-11-23,0.3811086146496521,0.35249845013841735,0.5012371267365686,0.3847947794366849,0.3461292528174983
2018-11-26,0.026994663453972015,-0.19386963476107527,-0.5157017806373196,0.06538133728270716,-0.08652546119958587
2018-11-27,-0.14273662775624735,0.047033256321959364,-0.2923376700277138,-0.6511350224181948,-0.11430158049159006
2018-11-28,0.0321451751137792,-0.21333990348150622,-0.3103983178045413,-0.2699266422610962,-0.19393157386868742
2018-11-29,0.2346033596323525,0.13805637705610563,0.7734104584602964,0.3762400614069054,0.5051960842856676
2018-11-30,-0.3314708013128412,-0.17477148539076087,0.008963961118684083,-0.1892769293403211,0.058430150868599484
2018-12-03,-0.10769744535740047,-0.3258935190894807,-0.485549179500952,-0.3827878523656956,0.033708382443573076
2018-12-04,-0.4234747288919487,0.6017059300293979,-0.40359030221622993,-0.3094869041238239,-0.1806286947871913
2018-12-05,-0.5097768963840492,0.3936782828528569,-0.6280259044433216,0.3078666994625288,-0.43931331494899795
2018-12-06,0.06770599652811939,-0.025830143877740144,0.07239685881635385,-0.10713263042076031,-0.2190368429383557
2018-12-07,0.2676153756477188,-0.13599353926659674,0.489886776770699,0.5514201146333421,-0.030971367284170714
2018-12-10,0.10211576236760997,0.11927851827781769,0.3911248682389834,0.30093662179393704,-0.03371609799384045
2018-12-11,0.1830341950597196,-0.3276652137593309,-0.1359095080312315,-0.3914408987032476,-0.06543785295735341
2018-12-12,0.2908525965169648,0.34721951067964496,-0.06626732198302279,0.018547054804747796,0.295421857263242
2018-12-13,0.03238342561840246,0.3614308298310681,0.409950059367262,0.07262978332895707,0.21249955455935204
2018-12-14,-0.07461053280730576,-0.007345613900113221,-0.07239529465630455,-0.3075009548951735,0.06770561150820553
2018-12-17,0.09782943204398828,-0.26518673578219265,-0.41250077151646747,0.21590352001747024,-0.28081520835261725
2018-12-18,-0.35926846829558096,-0.2967064075728431,-0.0822057958866113,0.15109065248091563,-0.20265701110194423
2018-12-19,0.5375950916985628,0.5572607398824014,0.8121842246439521,0.8980283053745869,0.7002292657294924
2018-12-20,-0.27824494063261157,-0.1911536397989095,-0.07889407317163752,-0.14858463084147971,-0.21527101575096547
2018-12-21,0.27429209996996395,0.38279736369184086,0.9042984149985462,1.4137721496676476,0.42025079211563804
2018-12-24,-0.2189874513884936,-0.48189295336322147,-0.80889922122698,0.04256069409821078,-0.38776881779585815
2018-12-25,-0.18952860653219866,-0.16556421279674924,-0.05149674047448738,0.5249505754448036,-0.3227585927379787
2018-12-26,0.027023463206888934,0.013970086313580043,0.15007803779184564,0.052784167976634336,0.04944334800438774
2018-12-27,-0.0015878846215867208,-0.0030492569045808436,-0.4524598132194772,-0.7295690317868931,0.012107110622388454
2018-12-28,-0.17552386615401333,0.30080887847400545,0.3369801579919854,0.03124523834497582,-0.08219894433778815
2018-12-31,-0.4221561245887145,-0.4845183630127446,-0.23729960442794523,0.09364502719034042,-0.10036826485222891
2019-01-01,-0.583108840018988,-0.6389201453523383,-0.09636393709071045,0.14440330018016675,-0.2616619148685103
2019-01-02,-0.11441302380310273,-0.1767019261140494,-0.3065668715249023,-0.02605878688232719,-0.1415837245258198
2019-01-03,0.12007131211918756,0.3259263774113107,-1.1954566263452415,2.179927981603403,-0.2733858236564938
2019-01-04,0.14525279359119925,0.05990104176213348,0.4993726562283071,0.10435172399101636,0.2205912454851509
2019-01-07,-0.41049120700709263,-0.3808540704783139,-0.15551660900371705,-1.0912466875901687,0.07978162691758969
2019-01-08,-0.3138036868230733,-0.06632964564054852,0.3354709798011323,-0.48912438877880593,0.03523643027527807
2019-01-09,-0.004324159200410717,-7.32319525144999e-4,-0.08367505999369584,-0.165302260216974,-0.07602233833537964
2019-01-10,-0.30758905029289246,0.2237893006926568,0.5293689894554373,0.20932142080616706,-0.012796063604316645
2019-01-11,-0.2153333121859198,0.3126911160004,-0.43029239115996526,-0.2268136959858364,-0.07546926565662289
2019-01-14,-0.07265817438938801,0.4210309028564831,-0.5669819155936535,-0.21894926368827716,-0.2109687673683463
2019-01-15,0.033799863803650174,0.0779938626806729,0.029912716200423684,0.20405442074191926,-0.033803487375948016
2019-01-16,0.19521311485987364,0.4463107148638873,-0.29538066526384626,-0.14348654583245946,0.06295796302114204
2019-01-17,0.09666862686775045,0.10286592400577871,-0.16862440690758027,-0.3222628163918486,0.11067688156851016
2019-01-18,0.12483461226438562,-0.15046223214574755,0.024440882312584386,-0.04447843520469067,0.11380749840700154
2019-01-21,0.021602065289420738,-0.07451770263645704,-0.23241929175140666,-0.46897985404370923,-0.18597927502632744
2019-01-22,0.2865899205855476,-0.022394417927080353,0.2658680953781489,0.2069712288095933,0.14451970270182687
2019-01-23,0.31438541047848334,0.11326751927319369,0.27382868270170635,0.5824922663781292,0.2655100614275433
2019-01-24,0.10293812297773117,0.31315098025186067,0.32161452171415456,0.00970607506302941,0.3120555076409849
2019-01-25,0.16679561207365282,0.2837195150262845,-0.43502656209302837,0.054363061147584886,0.09048872651430037
2019-01-28,-0.4743341422093681,0.17898869153121066,0.2763956370599469,-0.3165918934566791,0.08450615368023888
2019-01-29,-0.3939622930835429,-0.22620571489232125,-0.09430657937852038,-0.21753957497887225,-0.26974318350036464
2019-01-30,-0.20102511482077978,-0.010231729208092386,-0.10795400258350915,-0.31396755500076856,-0.18429604015025486
2019-01-31,-0.37319194871181266,-0.0991510550733899,0.0904285767212226,0.012313936619108984,0.005665107950641124
2019-02-01,0.08043943893748903,0.35495577858258665,-0.16594667996786386,0.2761566331424688,0.20859047080809756
2019-02-04,-0.004514742508494266,-0.5867706432408566,-0.010701476621096915,-0.5271287001038707,-0.26681342525622903
2019-02-05,-0.20929757257014306,-0.3603828717397365,-0.37620913128404404,-0.7646630661608897,-0.517341990787391
2019-02-06,0.0955174710663822,0.17446399978092264,-0.1792944994010433,0.04108491006567988,0.042264526580210904
2019-02-07,-0.11649054088951036,-0.22522148012966675,-0.5626877478145895,-0.15598516295128717,-0.4377783436366305
2019-02-08,-0.3757181805482284,-0.4117157172459113,-0.7170407559991285,-0.1770141743356911,-0.6853420845627205
2019-02-11,-0.16671576867204027,-0.20533174334444554,-0.3847992023456144,-0.17342274434539814,-0.2810059853742677
2019-02-12,0.07259140478219403,-0.6583807043742097,-0.3867701976612308,-0.46213792455085423,-0.38580450400007255
2019-02-13,0.0161353516913046,0.10019815805915827,0.40639306733560043,-0.1717837885564712,0.15472664286327806
2019-02-14,-0.13314222283840352,0.0918029592352766,-0.6624024732111026,-0.5267188834671668,-0.2957209659400287
2019-02-15,0.17157429288810705,0.04607634319118378,0.31987997891556796,0.4675387169007199,0.14788306454786598
2019-02-18,0.2739215222565749,0.23903521801622302,0.3347458463528889,0.28926658807927846,0.44524848171047904
2019-02-19,-0.07382217310299985,0.03411549927995142,0.0746289356268958,-0.10537791165791241,0.07276753742315473
2019-02-20,0.006916927601022294,0.15169928895577342,0.3151260994970161,0.02353070156742847,0.3178409224010991
2019-02-21,-0.3493113703682418,0.24315158124597405,-0.2521284618686781,-0.5219481529601595,-0.11120365754802541
2019-02-22,0.24251460100409974,0.38815433961867335,0.22190010921123088,0.2810165055121706,0.11778517693514293
2019-02-25,0.03719331915238744,0.17646259627636843,0.029968031620021394,-0.025652061261457915,0.2576889488185318
2019-02-26,-0.2659797769663606,0.14572888031750722,-0.041061812249481015,-0.5215839811335957,-0.0645617186405831
2019-02-27,-0.018382174972491463,-0.09150430867586609,0.24822776869810526,0.39597956052287414,0.11120576939345227
2019-02-28,-0.05639630824764869,0.11388791507135843,-0.11559191834511018,-0.27120936217788116,-0.04934630479688764
2019-03-01,-0.009806441683023614,-0.07204805842845917,-0.0846995002413898,-0.48698042416794146,-0.2728290227032333
2019-03-04,0.19545073703236593,-0.007168872434056296,0.1995507984465425,-0.3957702116152929,-0.026582442456852845
2019-03-05,0.14690034634411292,0.09516654042456411,-0.1850269871276111,0.19855713516987525,-0.019427834046076967
2019-03-06,0.10312622753668346,0.09872221968812042,-0.22961086391538654,0.03122282915709409,-0.0186180477404308
2019-03-07,0.17119857128382115,0.1158697147579267,0.16464962726245447,0.3759448575364565,0.053959304015473636
2019-03-08,0.09388821427711302,0.0460561337025073,-0.9276811173224393,0.10909911175408668,-0.17622871631268017
2019-03-11,0.0126259215435605,-0.08724787058261856,0.09652504617273355,0.5094157236349542,0.025420708222439872
2019-03-12,-0.03579869494972283,-0.13225585825729527,0.22304014267145122,-0.1976516626426248,0.1143672887558738
2019-03-13,-0.22730358778514617,0.011685620370347573,0.07909576181649156,-0.22018577386046004,-0.07443353211098908
2019-03-14,0.1543357471604735,0.22138394491098484,0.5991040810035756,0.26218819924280945,0.3915152185311752
2019-03-15,0.08056962954595459,-0.13035248025468107,-0.019064960564422778,-0.4100457076018039,0.012415431790841397
2019-03-18,-0.047934865452022156,0.04190784333689431,0.0353091146952534,0.04870802584667491,0.12888964554374288
2019-03-19,-0.26763476194432984,-0.10184309039081246,-0.10453248668166416,-0.07989354107607444,-0.07728153442932761
2019-03-20,-0.07354359895305458,-0.16879155898232467,0.11686326428995554,-0.0609887229291044,-0.05105045022824556
2019-03-21,-0.391212771372981,-0.16544579985166938,0.28597247413332205,0.27728120150620394,0.01099878010294529
2019-03-22,-0.34752525523519306,-0.38804066576149715,-0.6772024024045166,-0.36642296115483197,-0.4890374783029425
2019-03-25,0.3155245841205034,-0.007753753576025826,-0.473021767580308,0.9754174994622237,-0.13585914870760324
2019-03-26,0.1497225063218073,0.21371094994078088,0.15797582213761394,0.2445126236050931,0.23227044568137845
2019-03-27,0.1738547646810417,0.1115820629694326,-0.17775808889311284,-0.25843496046068515,0.119275214394024
2019-03-28,-0.04408422883738264,-0.21582485493974543,-0.31796843865584284,-0.05740143242226924,-0.3301839482536729
2019-03-29,0.1466892025477006,-0.07569060760620575,-0.1064407894220131,0.016880251369171678,-0.0208748887151822
2019-04-01,0.1746780811412925,0.5289537802239793,0.06859456928816082,-0.17261197099421086,0.2796338870457046
2019-04-02,-0.03555701865264069,0.080242573427655145,-0.21251115584361255,-0.5019378442452481,-0.012145324897707907
2019-04-03,0.22839262280135575,0.08119886606149652,0.17376559059374028,0.2946985220252547,0.2034214620607819
2019-04-04,-0.25131832693236184,0.04004568208648823,0.1283622086311731,-0.32801880555973634,-0.0016210266868607603
2019-04-05,-0.002829867876523187,-0.1695536640582504,-0.11268164356968867,-0.23871596828427363,-0.09667488869699743
2019-04-08,0.10286007525000354,0.05194548337026338,0.019462309225980894,0.018433388796882735,0.0890708113512374
2019-04-09,0.27648009036096005,0.2926929532571525,0.5893133216890041,0.49004850157574475,0.26935903160484814
2019-04-10,0.013093285085481451,0.1079321311874066,0.18701578869980012,0.3519441157274974,0.22630029403489665
2019-04-11,0.40357144767515707,0.36442806768424396,0.5307656047372542,0.5627797219869629,0.587006457149567
2019-04-12,0.494512571908964,0.4687968511970067,0.3977710044746117,-0.0700258331036245,0.3660097292417981
2019-04-15,-0.2388358753455471,0.024478886908767677,0.15518267575068645,-0.7030463243060411,0.05525457773468184
2019-04-16,-0.031910469234093096,-0.041290002667375744,0.05261486299021111,-0.009869678910578328,0.08953738678471801
2019-04-17,0.4140189619741638,0.35443158156633636,0.2527570622514042,0.3750920090547395,0.288141481744522
2019-04-18,0.16490488276484466,0.5374980673887231,0.25024452703516153,0.10586376826033062,0.355387618880573
2019-04-19,0.5293632896076194,0.3319741699853957,0.01657166070514536,0.5599288308132416,0.4423736126416577
2019-04-22,-0.4961259582463315,-0.43510529481997084,-0.5113693666824677,-0.4387217048078353,-0.3590322833747117
2019-04-23,-0.0989066110418523,-0.18912581392212524,0.015286676191916121,-0.08519538858349666,-0.23201051274739393
2019-04-24,-0.12159984099484329,-0.4023326384353089,-0.4136601499806002,-0.07398283057250979,-0.27125315299983443
2019-04-25,0.08880840838138257,0.06394973032198202,-0.6156684975706127,-0.1264720596320903,-0.4159868057420951
2019-04-26,0.4238411001301466,0.1076392544656214,0.12057599818366196,0.9159374911895654,0.22786566557864063
2019-04-29,-0.3283842168345815,-0.1805170596231335,-0.2589536061515521,-0.31721505009557305,-0.2523869640747282
2019-04-30,-0.03514371417211173,-0.06893391354646626,0.2869521439672801,-0.09544999424765516,-0.009454427376131239
2019-05-01,0.0625261056992931,0.026622206968078228,0.4042588141877268,0.3038778073260316,0.12735364733514612
2019-05-02,-0.07433271604380573,-0.08316741431007325,-0.133419848225022,-0.09164599084189218,-0.13856802715732947
2019-05-03,0.045752353483103275,0.04038296572568201,-0.21283855234966076,0.00678856045847296,-0.11848410174966612
2019-05-06,0.2534426395147757,0.25902867918921973,0.30661699433704004,1.0301547126011785,-0.0314632910508964
2019-05-07,0.09720588694767571,-0.3265409168506366,0.26169896102130813,0.03992531166892917,0.209084996698269
2019-05-08,0.07969860637039652,-0.20291938903564077,0.02664102725611112,0.5615711609715239,0.21332306925082561
2019-05-09,0.001087463330301684,-0.15330513729498785,0.058751257871980087,0.2774321696529068,0.1343742037866622
2019-05-10,0.3097212554170064,-0.38327370994309695,0.5354239439362053,0.5503900596055762,0.19858684787224556
2019-05-13,-0.04369493570308795,-0.15079821508212998,0.14530873969016656,0.11796033487101418,0.023497386178782262
2019-05-14,0.05041819414253209,-0.7678738882840049,0.059813465598312576,0.5340291825408462,-0.37927499490419087
2019-05-15,0.2352339094880628,0.061134843713397474,-0.011164135717254813,-0.16870933690464018,0.13681178651961062
2019-05-16,0.11512997133033669,0.08347129141073016,0.09412773657389294,0.22296819394677087,0.17799743193897954
2019-05-17,-0.14982568500007484,-0.25675843563436296,-0.4481856621735274,-0.4959142619067629,-0.3898121300036811
2019-05-20,0.21025567471296158,-0.33264348769749813,0.06710848104693203,-0.09731942968029028,-0.22436132219826604
2019-05-21,0.043286919887016856,0.00850375872112151,0.04626269987805998,0.07168654779645228,-0.013896667608309488
2019-05-22,0.005547834274290511,0.002209999052919342,0.010221433445437616,0.012137739099848366,-0.006096308036838791
2019-05-23,0.21065372388897147,0.29658647380714775,0.09565983556250228,0.07494947301504935,-0.06146145482478666
2019-05-24,0.19669684153998218,0.17537609682116773,0.4390583935107178,0.7719417650202897,0.17494015474593805
2019-05-27,-0.09765803531227168,0.061946853158961465,0.18958150906527643,0.12661498531481744,0.23453373717969764
2019-05-28,-0.018602477294752694,0.048934700960426965,-0.0968548041207459,-0.08146961892632186,0.07255237489885707
2019-05-29,0.043041799739071775,-0.11427397804010167,-0.18288566898599207,0.1802213499407055,-0.17920348325898267
2019-05-30,0.17554885477733312,0.0751665046776333,-0.17224442058311876,0.015290791768423444,-0.06666616023051732
2019-05-31,-0.18293283342295796,-0.014359230099130444,-0.3086002319291779,-0.04430739802263741,-0.20571716198324647
2019-06-03,0.09747869726725529,0.08366059013304118,0.4503288713611756,1.1792746244564707,0.47123017297720565
2019-06-04,-0.23310861068237845,-0.2127589683103956,0.49074994691849155,0.09363866308056393,0.5233778819680004
2019-06-05,-0.3556770713601566,-0.43202562816742873,-0.1345047490980165,-0.5134268391629494,-0.0878187373993608
2019-06-06,0.09276656539681961,0.032049060232303375,-0.09639448065839432,0.008513000256814243,0.12982592242113494
2019-06-07,-0.6028063748327214,-0.6297729482575337,-0.22439257632564769,-0.7372028267975919,-0.43115415058527773
2019-06-10,-0.13666796841895418,-0.184894559926468,0.31270530553302117,-0.1283927023394933,-0.10693022482414666
2019-06-11,0.3434124022699007,0.005304687935173927,0.41215753309723757,0.42861719621314104,0.11928830889510078
2019-06-12,0.0808540932575887,0.3004682942390339,0.2062583614101676,-0.02584280350331268,0.22432031550031128
2019-06-13,-0.08821978274526672,-0.11450976101071793,-0.3527840887663525,-0.11753187659496245,-0.22874233451086765
2019-06-14,0.056577410226860005,-0.01158459917335929,-0.13772341592829535,0.21042773880623317,-0.020682545997018784
2019-06-17,0.12943620159052818,0.06126058585109408,-0.47627187890369566,-0.08528396103272741,-0.2011704408085019
2019-06-18,0.2871675066882341,0.27390456711176564,0.22584539204617032,0.28426588404989545,0.21199181022943236
2019-06-19,-0.28201991421858696,0.06466209454306468,-0.5189501449113343,-0.32239157720348655,0.024861496030226526
2019-06-20,0.1598189257795934,0.227019516194122,0.46034027739110106,0.589522551811373,0.5472064285061005
2019-06-21,-0.5826899773783885,0.19516481359702034,-0.0069163988044284586,0.2513542482105772,0.0894510358444928
2019-06-24,-0.37764783338874147,-0.4783408520227363,0.5162153265144,-0.26562354688609396,-0.0672364131150813
2019-06-25,7.281739484579774e-5,-0.1662105853853407,0.3136256997708996,0.00688505078809766,0.07475636825770908
2019-06-26,-0.24817894759330325,-0.33658084618562367,-0.4512390324197791,-0.10186852086073318,-0.32326521222590576
2019-06-27,0.17934431913817558,0.13328065653774626,0.1674910757896781,-0.32186824445389167,0.10914318419067881
2019-06-28,0.13782155570755303,0.3107329457818991,0.12258572229618277,0.04561908020161731,0.23507194365144105
2019-07-01,-0.36118514865719403,-0.285103700656802,-0.42818832176382277,-0.963789767546858,-0.19366943439984818
2019-07-02,0.09073792797458519,0.30452171128737077,-0.6188034958683216,0.03147049230171994,-0.18289346703952752
2019-07-03,0.24633848319844276,-0.004952645692962082,0.13784219930045227,0.7532940029022475,0.15202233153857317
2019-07-04,-0.07333945365783653,-0.2389633682174191,-0.13314045577418324,0.01945575728413046,-0.09599928605650064
2019-07-05,-0.1405726433110298,-0.04588431524156758,-0.17200167305121228,-0.1516260815913611,-0.13453787411099183
2019-07-08,0.04721310127948264,-0.2590080278031,-0.4843257984874659,-0.5672521009904198,-0.2899247677699044
2019-07-09,0.010833354526674237,0.10258143356851313,-0.20800231136740935,-0.3109122579035649,-0.11982952025539519
2019-07-10,0.15385969333414065,0.07148749522332898,0.03684517295547685,-0.07739048772863352,-0.061958734583888925
2019-07-11,-0.1942757396206578,0.030071236940256534,0.23609638741759562,0.3116410958576282,0.06661443145881067
2019-07-12,-0.4042833923326966,-0.3148030674292519,-0.37151842616224773,-0.5533042281072245,-0.3466284756354897
2019-07-15,-0.18446726581575446,-0.34783827032805736,-0.01935682986573746,0.5028747664156343,-0.2837893873424619
2019-07-16,-0.2623546223975937,-0.28207282422337426,-0.3293749957434446,-0.20956835743726,-0.24483867561239567
2019-07-17,0.06394902488101045,0.059638762037067514,-0.40358209494763286,-0.21174401612767468,-0.10385611936967812
2019-07-18,0.10787287377655677,0.14438711155443193,0.1581916431076717,0.3052353422741144,-0.13702544732536562
2019-07-19,-0.07790231708274953,-0.1514845412011579,0.2209612809922503,0.4475228990675577,0.08911392302448293
2019-07-22,0.08130188724092241,0.0289425453690871,-0.23820583839098408,-0.21731620678845934,-0.12924623735580923
2019-07-23,0.050044607664807825,0.056125996520297754,-0.12732091770312048,-0.08833647405795161,-0.06232289099212857
2019-07-24,0.12995488429829455,0.1623146477226824,-0.3973088913862877,-0.1946878016121206,-0.2563897386762262
2019-07-25,0.047552898824578124,0.1653898863844548,-0.14262794346907076,0.03602928035252645,0.02464242444751133
2019-07-26,-0.07796986583249883,-0.0435343887665935,-0.08314439527617387,-0.51856065427207,-0.30928202809235317
2019-07-29,0.08195975931995436,-0.010104029991689847,-0.04702455035468253,0.05050217922699138,-0.16637096947941452
2019-07-30,0.050208980495752176,-0.1748591544652467,0.12161998474568352,-0.17023117245980648,-0.09010080470498215
2019-07-31,0.10787043386439826,0.18180864380366982,0.2601680017581798,0.3544757396274551,0.0256650013845117
2019-08-01,-0.08761582072582777,-0.05662414628978698,-0.8251023415478732,-0.29078391459309216,-0.4001057104033312
2019-08-02,0.5247869385097378,0.3187675053796945,0.4243996596625762,1.782337651196198,0.20336853186364748
2019-08-05,0.4286135073733579,-0.18522196068006846,0.6870101019322618,1.394613343266319,0.4195473461830081
2019-08-06,0.6081378233840186,-1.0926264252135227,1.901950184440749,1.6622128729223469,0.10317376880287463
2019-08-07,0.4361445277335181,0.3883635271643547,0.42231688489189456,-0.1350979002590849,0.7179132720101572
2019-08-08,0.3989504360712275,-0.048354836186436906,0.3961886329019516,0.4993369408658096,0.49440831256826356
2019-08-09,-0.44281483809137245,-0.3130255615159221,-0.5761834681028782,-0.20479740105876504,-0.2760795008123592
2019-08-12,-0.10199681866825552,-0.339564826700381,0.04870977060619927,0.4192079638652825,-0.5239204083523303
2019-08-13,0.40168425637000166,0.3878666230131225,0.5134342986832342,0.500458440606551,0.2170764253948528
2019-08-14,-0.266837280357168,0.09369417432146292,-0.598457100455206,-1.4331134114781956,0.06942427021472497
2019-08-15,0.004882465244055112,0.22635154317313289,-0.3749452700481533,0.47728501523372635,-0.36438434785798834
2019-08-16,0.051508372850141794,0.09945011240625547,-0.30218095331905725,-0.03221278416507253,-0.09843319927279667
2019-08-19,-0.3341875781335336,-0.5729792785099835,-0.588732543110436,-0.675355979417022,-0.09835108936918227
2019-08-20,-0.15626254595927025,-0.35448388189977054,-0.31999844471299577,-0.33043774790374947,-0.30686471030791
2019-08-21,0.14064206923525455,-0.06574813838942203,0.226563056050257,0.40165383220446593,0.20815837726718456
2019-08-22,-0.10547082765044688,-0.1908627515056069,-0.14729889923973286,-0.3749137139920298,0.04099010195898279
2019-08-23,0.292116039147206,-0.023165757505042062,0.2199319250980391,0.3770374089100775,0.16608181433725897
2019-08-26,0.16032410765523875,-0.07445944960428882,0.6848965751537645,1.6917638666310184,-0.1584618193613344
2019-08-27,0.2264216256528585,-0.5954787727069248,-0.0021266174433471063,-0.6170671415574875,0.2718004033871002
2019-08-28,0.0774569417486824,-0.2717738098980212,-0.08554707082675302,0.1635377465393783,0.13069868296745946
2019-08-29,0.29663178771026916,0.29988997171332993,0.2287032275419656,-0.003595882693137195,0.39016792880793294
2019-08-30,0.1367577000438267,0.3246490783804853,-0.08234140235526669,-0.262950000621306,0.3024904444547425
2019-09-02,-0.2754940507843925,-0.3818314563640581,-0.951403766359615,-0.04496798466912083,-0.25213865379696354
2019-09-03,0.32904747650829425,0.06950952524734047,-0.03979390036964425,0.31580613652540224,0.08469568376124542
2019-09-04,-0.22978618498888242,-0.37384073124650263,-0.24827100009584166,0.06651367771687007,-0.16371643602255503
2019-09-05,-0.4322705191512286,-0.023603986119862128,0.10843583009209964,-0.8149046130910512,0.010990032832298158
2019-09-06,-0.11119843894995166,-0.07592664394677587,0.0026855133405736566,-0.8557796454540028,-0.08639340944702975
2019-09-09,-0.27972353450218923,0.17770309916552235,-0.40699850537169746,-0.26994575444101576,-0.07833424683620657
2019-09-10,-0.4143690585480122,-0.40821048037977903,-0.20281279529907725,-0.7647310012015669,-0.3220770735799199
2019-09-11,-0.044378533861590776,0.05482735790006171,0.0016893041129116826,-0.32715767717409927,-0.08203384573268839
2019-09-12,0.28536111735394193,0.24438809874662143,-0.04612402280118137,-0.14737383629957515,0.4062641274968596
2019-09-13,-0.20740106014897525,0.3291295090054295,0.13457499785018065,-0.4237340975133987,0.08611817664937935
2019-09-16,-0.020722995769467577,0.10713660187110265,0.27828858698238146,0.34023766070008427,0.17868193487792208
2019-09-17,-0.10963004895138152,0.08944452029730385,-0.7479114950296982,-0.4218931524742792,-0.15553326127556455
2019-09-18,0.5435375374291733,0.24024621243840427,1.0205233100023445,0.5677251445914031,0.6258280846722271
2019-09-19,0.04232501183951681,0.08591854956548378,-0.22555467600786472,-0.2860640932059491,0.027879042319060243
2019-09-20,0.11560950817030866,-0.01246664634321841,0.21943312719700514,0.42491041465749835,-0.04438921132626659
2019-09-23,-0.33408652002345524,-0.2868247654264995,-0.5726063918250824,0.07016927905801368,-0.22038695274090012
2019-09-24,-9.063779080683426e-4,-0.3923168662168906,-0.2942650871668828,0.10660996315975618,-0.09322165862712761
2019-09-25,-0.04389852562730558,-0.12035975308247601,0.09726808851268647,0.38670221697199625,0.04051146268543882
2019-09-26,0.3727351083567469,0.13422139024964277,-0.18040397051747362,-0.055063759979378034,0.1990718436316355
2019-09-27,-0.026065209106653303,-0.0718763143756171,-0.41103923609133025,-0.16527873876103708,-0.25892520212742426
2019-09-30,0.12171313769082114,0.25016254003258115,0.22309000025944903,-0.06797813246357734,0.07493269945370398
2019-10-01,-0.11858004780087972,-0.4360937143039866,-0.48585582689608137,-0.26567682353078204,-0.19414802592829628
2019-10-02,0.10564358153663025,0.017032520286863112,0.3447762278325277,0.39770202216032313,-0.16219103374624694
2019-10-03,-0.09849762552016897,-0.11778121739759534,0.21954788282896448,0.47542562550830114,-0.11254795578096075
2019-10-04,-0.03133133690789981,-0.04115016851710678,0.1429786132674754,0.37226758819529093,0.20494204646997846
2019-10-07,-0.06451747668642452,-0.0690568233556308,0.07394877023509536,0.05050669367768599,0.09391792920570276
2019-10-08,0.17977873777655515,0.17316399704245544,0.07569258885548658,-0.25906944546970107,0.12362693329147634
2019-10-09,0.058015409532149884,0.12344539584885601,-0.06906713856922549,0.2552824446098479,-0.03987014703452231
2019-10-10,0.10389065868480052,0.29700792810933085,0.3325419169693253,-0.06791773005124108,0.14809726490812475
2019-10-11,-0.18463836578166878,0.09756624810625751,0.08182790149012233,-0.8666099741442508,0.33809259874785147
2019-10-14,-0.19095520411491143,0.2684821526531298,0.03483414797854191,-0.8199121474321962,0.2259323310953739
2019-10-15,0.09838141504398074,0.49236712092312573,0.13014992173018472,0.07950355158062777,0.43785017754770483
2019-10-16,0.10465618838720309,0.010798885262948865,0.16420000368654097,-0.2939145126917729,0.1172799882001334
2019-10-17,-0.0032018300692766392,-0.18660540373639128,0.378479402671613,0.06424008022535185,0.059129238755323575
2019-10-18,-0.2675898734029081,-0.08379894777787651,0.2889207432472075,-0.16636672069684064,0.2007095623660732
2019-10-21,0.09389165543435762,0.061015042042436116,0.4636326535307047,0.27847725411532437,0.32029164059274473
2019-10-22,-0.050789465379439847,0.14768297383185308,-0.005000925581877119,-0.20753339148428657,0.23905648703190796
2019-10-23,0.13319264032761163,0.041814466417240036,-0.059317396320008146,0.22016102965609935,0.1587142470107138
2019-10-24,-0.0036025603556696303,0.14626704446039665,-0.013946122040983035,-0.1418439241697106,0.08501859198531235
2019-10-25,-0.05724382761637466,-0.06649989319598348,-0.3137731787664891,-0.0436081781474468,-0.15270927135960666
2019-10-28,0.013102964697983095,0.05473511912113559,-0.22293357333322936,-0.10012986324563458,-0.006416607525230537
2019-10-29,-0.05412153925197965,-0.07428892105525844,0.027577637208342776,-0.2830340693710387,0.010252179696225884
2019-10-30,-0.02208086901217624,-0.0029563879685098188,0.13520189951619793,0.029060118251167374,0.005760220483320231
2019-10-31,-0.13509071571519943,0.016309387609030286,0.2545188145403027,-0.047624540452048746,-0.03363553128007601
2019-11-01,0.0040841568438116475,0.2628899600944269,0.10840010012983832,0.7535799930712833,0.020601628585499653
2019-11-04,-0.3404659562760797,-0.2490927750885813,-0.2342106321269043,-0.437888061550042,-0.0461654989620406
2019-11-05,-0.4095546693714728,-0.31179123334964043,-0.7394446181321269,-0.8525485609573635,-0.44789071819428217
2019-11-06,-0.5452343457254045,-0.26123898553647534,-1.1266358195475605,-1.0147768320530248,-0.7011022307413235
2019-11-07,0.06216385996512272,0.255094811922539,-0.12590274972287452,0.2253153104697985,-0.3069245468666856
2019-11-08,0.019087799228132498,0.06629530672750532,-0.02781736864216748,0.040051015327437434,-0.13464426397071297
2019-11-11,-0.09345067949075708,-0.04812118496926875,-0.5370613945264924,-0.37742108699989496,-0.12351517037029464
2019-11-12,0.23593991366002914,0.032869935755135915,0.25322200990493704,0.3653358905103745,0.16882043493119814
2019-11-13,0.020851480221322726,0.024345502117554874,-0.1776528740796145,0.07714618544258714,-0.10434494379659001
2019-11-14,0.2662768549179526,0.046437571970849245,0.23380781793095393,0.4547460386858318,0.23719178340847047
2019-11-15,0.26524928670074077,0.26852377628020296,0.33433777766509265,0.5647605076493319,0.35954544104961766
2019-11-18,-0.18283615759765687,0.019388663384333857,0.1587155616871912,-0.3374528368590591,0.04225850882270196
2019-11-19,0.022445393023132414,-0.18702224966497397,0.2512814564193552,0.04035103137702187,0.0875816321543492
2019-11-20,0.056850771857051945,-0.023671765339082225,0.17508206600742532,0.25732150715845326,-0.002162122953729917
2019-11-21,0.20060485025879532,0.06717741160112362,0.21832859896663795,0.1984368951277807,0.13245642475081976
2019-11-22,0.1323175205523477,0.2101918703994359,0.02689457722937501,0.025479420638405838,0.1255046435800163
2019-11-25,0.09381672198168091,-0.017001757299027552,-0.31414782186398205,-0.05912868035907867,-0.004262230548540795
2019-11-26,0.15916711793438643,0.1791540533863788,5.554720208647973e-4,-0.10608343293662298,0.09647424638138483
2019-11-27,-0.12759500927138118,-0.06656533459611913,-0.08183757511053014,-0.267550860265607,-0.0907440420860906
2019-11-28,-0.025816727907712136,0.04812656691847096,-0.17887867826534035,-0.28636967599592733,-0.13430117041132675
2019-11-29,0.05662836468160776,-0.019992451000885987,0.083174818201046,-0.11367236893544937,0.017864428620549752
2019-12-02,0.08299955919878294,0.10792882658633915,0.15635554654565015,0.035854219229538714,-0.054194654718789266
2019-12-03,0.045730324514041264,-0.03748486712575013,0.6092841102885076,0.5069097365989861,0.08710424212367078
2019-12-04,-0.07175334058520048,-0.39946895532038385,0.11097267338978284,0.3353966305124871,0.16430094186765679
2019-12-05,-0.0020054173209237344,0.06835151091301878,0.0165541643249695,-0.1053481513896865,0.17210751291172938
2019-12-06,-0.15533197790304318,-0.06572686100014155,0.049697997114815554,-0.08774092559843082,0.050378988316994264
2019-12-09,-0.24485016942863788,-0.09833171645735084,-0.6252447221652615,-0.12703341835800733,-0.19558341944843483
2019-12-10,-0.01934888318364408,-0.056937525643789455,-0.05890087737882785,0.047303196977592776,0.02207046254338635
2019-12-11,0.02389674278647312,0.0788864190360381,0.26152014201731444,-0.13563573160908152,0.11467713554209764
2019-12-12,0.05304101092831033,0.004615099422306715,0.4937411995895797,0.2257029971747945,0.22361015096231163
2019-12-13,-0.09635787299535398,0.1557828818041276,0.4530933691663889,-0.8644130459861432,0.36896392595863403
2019-12-16,-0.6362274383815187,0.1032609661904402,-1.069711486191837,-0.7353571841853822,-0.6871058121047712
2019-12-17,0.07668176059158921,0.0812264613113989,0.06949781639293956,-0.0728934423913688,-0.15744877679606095
2019-12-18,-0.0014430256252753668,-0.21195294931352782,0.12047260986468326,0.025118232166665408,-0.09249666887029642
2019-12-19,-0.048691505648383406,-0.21484086013407963,-0.34014121102265643,-0.07516858953342542,-0.0527399675164018
2019-12-20,0.038856619718506735,-0.08456975388876892,0.0632625849371026,0.19036783527875575,0.06210256185112897
2019-12-23,-0.028320087457697693,-0.0054317004560899065,-0.43752907997960194,-0.1135651847605853,-0.04665573165050986
2019-12-24,0.054714801814127,-0.028035322369989263,0.09013047768123456,0.1495816615052904,-0.013192879287501088
2019-12-25,-0.13460778400436063,-0.0752811538037853,-0.15839363504081225,-0.12346679371311908,-0.11171416670685833
2019-12-26,-0.025598905139348396,0.23910879812794236,0.012707870233682722,-0.006070873302982229,-0.028339706866928008
2019-12-27,-0.09988408027161497,-0.14907455632898625,-0.04294835312776574,-0.25544074472401407,-0.011745776400814385
2019-12-30,-0.13908446656589232,-0.13843966953887202,0.598031715724268,-0.054748916240863726,-0.032417120460021626
2019-12-31,-0.4618362992362284,-0.34311916251120783,-0.1265623401925047,0.0642587471423722,-0.15898337876795612
2020-01-01,-0.5473407099545234,-0.21733435050764704,-0.3263983700738727,-0.2768864721597775,0.4864482659808893
2020-01-02,-0.09525761591314984,-0.05505051151197456,-0.07211553206369659,-0.07098487705908553,-0.5844654066923232
2020-01-03,-0.08327258910453375,-0.10494439709768925,-0.5304615881500122,0.07379295347527201,-0.45683963862896815
2020-01-06,0.35291421173132276,0.3234512660548849,0.16444969062299153,0.9132493377272066,-0.04748338168460586
2020-01-07,0.06637821138822518,-0.0594255015962597,0.35864789640214734,-0.2729190016792823,0.02437190377143675
2020-01-08,-0.25107564407750943,0.15819371179395095,-0.5666667029326997,0.05611360799312921,-0.4066756239348518
2020-01-09,0.18649618704781454,0.2640729703162798,-0.2637017532401176,-0.6926747440795583,0.1604764330525408
2020-01-10,-0.23076572845377036,-0.29364365622567346,-0.34587751910549414,-0.806968168063047,-0.28347964370183254
2020-01-13,-0.3854170158860254,0.19488786771439626,-0.3670081261257437,-0.5113247332171874,-0.26119766531429117
2020-01-14,-0.4648117016970138,-0.10477207496593546,-0.3057055673068052,-0.854793048822616,-0.3695304428184435
2020-01-15,0.2514742986651908,0.19469051298507611,0.22115532349118314,0.3341698504947809,0.06385347425655599
2020-01-16,0.016298781100124955,0.1660399421425723,0.21938454594589274,-0.00850285601498224,0.15676379192054282
2020-01-17,-0.19652562104597227,0.01635128929944182,-0.2777053631009224,-0.46373635727632995,-0.2022845135366449
2020-01-20,-0.2689351919278093,0.0550257745227227,-0.697692774235575,-0.3061124993542,-0.3775811622111885
2020-01-21,0.06138843527421114,0.019353842190519867,-0.02455182345504156,0.0717979791580814,-0.007376412951904915
2020-01-22,0.3129863139602744,-0.2635966426059315,0.19033339606315908,0.5516852128762888,0.05796554530710974
2020-01-23,-0.10235220978025394,-0.24140473548500652,-0.02020459343841198,0.08621405489315924,-0.009157608945457002
2020-01-24,0.20781200068366873,-0.2636636915766074,-0.14550820029922315,0.40144486354572184,0.034422147589879465
2020-01-27,-0.1818236939069396,-0.29122791766427353,-0.5238925094812691,0.5240839016771044,-0.4693582345402805
2020-01-28,8.060675976097748e-4,-0.038782580377144306,-0.12954819187831026,0.0045555178277677105,-0.4027852666780879
2020-01-29,0.46850735724298154,0.4562952759936879,0.46309429456246975,0.2692405019464747,0.32135632924758256
2020-01-30,-0.04508544756366471,-0.01373547554713779,-0.08179792723803735,0.03990690394032999,-0.21216161362573796
2020-01-31,0.1299633454578194,0.14099871400364772,0.2378320146423432,0.25029557090803695,-0.11379360455047831
2020-02-03,0.25876278640261,0.2714235817906744,0.8358800303667369,0.7362574972955782,0.05209303119788695
2020-02-04,0.5315504024121591,-0.6611748004810539,0.4270608249458785,0.37212919423484897,0.0930232050574132
2020-02-05,-0.038914854796871526,0.02394012388773173,-0.18095486024220286,-0.8484134299560021,-0.17837351072389024
2020-02-06,0.2189369957945132,0.5932533954154987,-0.21447379304496939,-0.2307962756136025,-0.5208748495904152
2020-02-07,0.09868882363554823,0.2554755954923694,-0.16500540967652896,-0.11234953970324067,-0.5888306314410088
2020-02-10,0.4782924236287784,0.08798875121480323,0.11902639975452306,0.7427602437018267,-0.1709549325461835
2020-02-11,0.23183052150554567,0.4122836005678802,-0.1567893713430838,0.14583240019661825,0.24610789868083519
2020-02-12,-0.3137358488015456,0.023416242297793294,-0.33048986478489817,-0.40246654579199165,-0.03993187113430771
2020-02-13,0.16543379527581692,0.14584795441340967,-0.24456769651529936,0.16254690449891498,0.060551085866729026
2020-02-14,0.02260801414515913,-0.051597244072715785,-0.3419763419790211,0.09431835613119374,-0.12156804578000727
2020-02-17,-0.009485862251294021,-0.16444160873224853,-0.12667875134357864,-0.02816595856479647,-0.0891509953771047
2020-02-18,0.08202855182677214,0.1391755279167598,0.041361779912059596,0.043897228500834565,0.1627193080287765
2020-02-19,0.2565256292086907,0.03543153902922851,-0.16298896432954316,0.16669285598908276,0.11826221414443627
2020-02-20,0.23895960572546407,0.18738391081924408,0.29247436835024354,-0.950510114573347,0.03829544768650467
2020-02-21,0.462941661967588,0.11133799271197452,0.28210583277955015,-0.3871175029581023,-0.0754296738577514
2020-02-24,0.285581134082789,0.17807581359303556,0.7376854835435646,0.5053713053871655,0.1473196193569417
2020-02-25,0.9004876451558397,0.8688044612070291,1.1104034523762014,1.562266255692581,1.1362763193412087
2020-02-26,0.38732742025510314,0.33676462203186996,0.7719108382900349,0.9715647958136528,0.7482301804508391
2020-02-27,-0.16253840274697645,-0.1831547306932108,-0.015997605112703817,-0.1564206724010423,0.17670194131762915
2020-02-28,-0.37091463490601617,0.13489906987380582,0.6795321709518904,0.2737175878012722,-0.06642204420808773
2020-03-02,-0.007343857161909363,0.27451684355324235,0.7001064317777924,1.9060374411899208,0.20175699052024057
2020-03-03,-0.25528986060368897,-0.3150689108911261,0.7311452118885567,-0.7070238705811052,0.08533481168887513
2020-03-04,0.20765764842742623,0.7284025078906285,0.7441518063596153,1.484500340836401,0.394896270150469
2020-03-05,-0.740354353919959,-0.6558958393267478,-0.9903247490881331,-1.156829323520896,-0.3214828124536481
2020-03-06,-0.5953438674930147,-0.2032743681024949,0.08349162496710455,0.7023542656081154,-0.5845432921967281
2020-03-09,0.16541566917498401,0.2843851821738129,1.719530346560603,2.572176744661089,0.4905904698017245
2020-03-10,1.1106661258164758,0.9358779638419297,1.5556852643854588,2.250900589435525,0.6128525606193054
2020-03-11,0.6185104661495089,0.5136742224047464,0.04083381481452053,-1.1044565229476964,0.25404210746874795
2020-03-12,0.3944797619393845,0.37089640554709796,-0.18319638925371923,0.5689331742754046,0.10216490243675491
2020-03-13,0.6506807618256616,-0.30296388502688254,-0.13564309545049147,0.6170129166193061,-0.3615418028512516
2020-03-16,0.25553811197940374,0.36662301211737,-0.15428494624254704,-1.7348298844320436,-0.20453608490812347
2020-03-17,0.7399813066916747,1.0038792672121815,0.7376732949071763,0.9205411045414089,-0.08523768030817906
2020-03-18,1.112844056413929,1.0478554695211362,-0.1889747204305544,-9.155434396952433e-4,0.44806857834849534
2020-03-19,0.7126363529929126,0.2162675623023873,-0.016855268285655818,-0.396698640734101,0.06073167668896534
2020-03-20,1.0637425925411306,0.13725405920475772,-1.8709000418278074,-1.783050776750151,-5.650796079782368e-4
2020-03-23,-0.28137137293053316,-0.25060774254365403,-0.5343283467856453,0.016617535680633733,-0.6139812868019869
2020-03-24,1.0203784751910852,1.0711786731987567,1.6234029658156128,0.7692810031836298,0.7372419057028863
2020-03-25,-0.07910920415080219,0.4217865029543728,0.4406638583924766,-0.417146722562767,0.7625691322046504
2020-03-26,-0.9458872748834484,-1.5358438639244223,-0.01996318200700492,-0.7656849885424634,-0.8191692548115967
2020-03-27,-1.4952814344284715,-1.1487913462047725,0.1231282982108659,0.17407065286378529,-0.39046737452383273
2020-03-30,-0.49529024299100277,-0.8431370322317572,0.6147050622923532,1.366232419865566,-0.28712086676048437
2020-03-31,0.1833741049392298,-0.019764915069852007,-0.5897640166348787,-0.11934154743707298,0.5097004974518881
2020-04-01,-0.4438348822948958,-0.2401450210636884,-0.6516500915683904,-0.022325826273121026,-0.11765797162733918
2020-04-02,0.9562849836596561,0.7261058068636597,0.23318936826243772,1.269627138532936,0.10002869875995404
2020-04-03,0.19180375185614829,0.4249291956714939,-0.9137742409392368,-0.49221325750391187,0.3337154872278353
2020-04-06,0.03532269833229873,0.007615262336223075,-0.5639627074983614,-0.7069813235616049,-0.456860087603534
2020-04-07,0.11704307937141634,0.11670009678645708,-0.039052447293057665,-0.3778373652335755,0.48569548839962184
2020-04-08,-0.5764691062588746,0.09024559718265807,0.2352983219677819,-0.22318106402508522,0.0345595615632224
2020-04-09,0.0644617039979808,-0.08859391804251963,-0.06453104504827202,-0.10649643783805683,0.18170996590809516
2020-04-10,-0.558050310209449,-0.2785735465297451,-0.006550975600900548,-0.2596829169027954,0.08575048492950929
2020-04-13,-0.3816737510898407,-0.24985148731040546,-0.23167692137422588,-0.10870137668934993,-0.06338912086301325
2020-04-14,0.4134372840316589,0.17811693699194817,0.33761185239780567,1.1228753788399297,0.41769121847419016
2020-04-15,0.17266634440573114,0.18321250715087792,0.7343080598526432,0.7417081331046941,0.3822559758076688
2020-04-16,0.2690580989714691,0.03192269366134092,-0.32910052732866124,-0.12334193845632753,-0.41390281585006494
2020-04-17,0.7699222747280856,0.5574965613462682,0.22188338481702977,0.38718543864208105,0.6166583147521252
2020-04-20,0.03620210908483193,0.1351803460197746,0.02423593141997046,0.2094464067920213,0.18369137958973808
2020-04-21,0.09928356583724972,0.13528919762295227,0.08878319443267114,0.13360197123846962,0.37059210268806936
2020-04-22,0.49607681035846446,0.5369664575772551,0.42169620547504966,0.44896656960414427,-0.049752905940633085
2020-04-23,-0.49802098899018127,-0.6232889866094216,-0.928109938469595,-0.6084668228038627,-0.45348519314769775
2020-04-24,-0.31446163589393783,-0.12441986813416958,-0.7227468226478138,-0.17300856522626717,-0.09539740630165186
2020-04-27,-0.07083516572322665,-0.2726716796858841,0.2539722120356308,0.11807300316221309,-0.00963608503088386
2020-04-28,-0.042413336693307824,-0.16740512583860806,0.03251406737798258,0.18269785414863898,0.18432176342823278
2020-04-29,0.07355364229903166,0.13848664962301097,0.19581416609359015,0.6135029161833956,0.4206559205291352
2020-04-30,-0.38812840331141385,-0.3281371284654545,0.015540578589221987,-0.1893184712922673,0.2017846664219029
2020-05-01,-1.1962629199498571,-1.0091984868359627,-0.4947587434995169,-1.7861383303382456,-1.0632328554194728
2020-05-04,-0.15625886486410154,-0.20457289541366358,0.080474570310593,0.30565940366553246,-1.0206244868479946
2020-05-05,0.43793169099285584,0.39744551569432024,-0.037760491866607584,0.5441499479014905,0.2638530401955196
2020-05-06,-0.2634118672661945,-0.24493695932424192,-0.9610157209708391,-0.035747108463770286,-0.2621346846314696
2020-05-07,0.4553578111498253,-0.14775546804061365,-0.07200510342263033,0.746545442980271,-0.03163270397695429
2020-05-08,0.08718638122261689,0.2407242933511648,0.34107359924987407,-0.04756032541561739,0.6477640274247153
2020-05-11,0.23042236019812992,0.43328518701951224,0.3166016911905548,-0.316181521011318,0.500188347062936
2020-05-12,0.04069953587574402,-0.23881491922185127,-0.20823628089284865,-0.6515154979973389,-0.09146514475390263
2020-05-13,-0.12238241556646177,0.03514175422744039,0.17235316164535427,0.1765732767427112,-0.2757698841544556
2020-05-14,0.02266680631424443,-0.07447116199597743,-0.12915139309042953,0.26787408961715536,-0.06841606962615118
2020-05-15,0.23664541074381623,0.1634949760253277,0.04758180526584923,-0.132347445495685,-0.017475400706956273
2020-05-18,0.30161161770430045,0.20876036515852087,0.40138261621998206,0.382580457201341,-0.0461428465479827
2020-05-19,0.13085837894120558,0.028251941037677076,1.0297620773082257,-0.025846179162239954,0.6500389603873797
2020-05-20,-0.1294807325973668,0.00430193911292464,0.1938319272922417,-0.5536283585419849,0.16886136135801552
2020-05-21,-0.02833367277823669,0.0791540733052116,0.5444711481113405,0.1179962428298366,0.34804106613209007
2020-05-22,-0.049642312079925345,-0.33235600238828683,-0.19992987905561663,-0.06264183695235231,-0.15972935577235522
2020-05-25,0.38200267404782556,0.09218717562363991,-0.06621610069151004,0.2850511869349551,-0.1490317043193708
2020-05-26,0.07142110394044467,-0.06437570146303088,-0.05868280997259762,0.08692307446293439,-0.05836229043695924
2020-05-27,0.008309903894513972,0.005698425379666094,0.7069309198348319,0.19383914084099585,0.4764437963148898
2020-05-28,-0.2985422191856801,-0.7739093486165234,0.17661949352934142,-0.5558505938906655,-0.2869880482670153
2020-05-29,-0.05533909077347381,0.12025340501881554,0.6024748775399774,0.060083384570152304,0.045441162493806614
2020-06-01,-0.14444238684651234,0.01779373302907996,0.35018589031673497,-0.1870180652028802,0.2551591780333383
2020-06-02,-0.718925753559032,-0.5540879904386679,-0.5492264964279502,-0.5717557006513385,-0.341677662095698
2020-06-03,-1.0517205602917832,-0.6875016466403003,-0.4725782633384203,-2.1704433645716366,-0.4519196365330598
2020-06-04,-0.6075270452987516,-0.8091009595416581,-0.1117366685877746,-0.91658590579738,-0.44095707563663356
2020-06-05,0.27753491750897114,0.24243256243074107,1.2536247277295898,0.11240970766577678,0.1683309781420763
2020-06-08,-0.06828247121197503,0.3315836494051421,-0.013899159424636764,-0.5462527407468949,0.3903765379629727
2020-06-09,-0.19190125096948593,0.061395366953443206,-0.3023713068278588,0.8666298108373229,0.2709483944617787
2020-06-10,0.3280270537498271,0.29452184384150043,0.5320157569027161,1.0608593811460159,0.26984056306757864
2020-06-11,-0.4996266850351401,-0.2560855914839063,-0.15289488756350728,0.35123070959657166,-0.07302146530315688
2020-06-12,-0.14375125272002265,-0.1716849785870328,-0.763863661062952,0.1646224329324403,-0.7145879907596573
2020-06-15,0.4725362625711713,0.18990550792145347,0.004409647698285668,0.039884975855935006,0.1525041713985255
2020-06-16,0.289389415686629,0.12978128950388856,0.9589497990768076,0.06131910889455028,0.6344628765770344
2020-06-17,0.012289708866846667,0.06635766433006571,-0.46063267133012,0.023902711501810694,-0.07872916571578648
2020-06-18,0.06787530303387078,0.10856367524915136,-0.23420635983645116,0.5549368531882738,0.021982975051946498
2020-06-19,-0.04620086624141104,-0.08527820959838382,-0.3943553793022839,-0.08076561701374603,-0.05384205776412847
2020-06-22,-0.25522975149998545,-0.026520184130395263,-0.6317886147506317,-0.09707599433661164,-0.5689300893283136
2020-06-23,0.08205870197934048,0.17715722258470246,0.8987972276535883,0.04647549711560964,0.39561701695226437
2020-06-24,0.14736250275351032,0.31633585828648253,0.6164666473143967,0.5780171250732508,0.3360566137100171
2020-06-25,0.026599131722402344,-0.19794870321604183,-0.4086897929334584,-0.48739977130772283,-0.0831801107181119
2020-06-26,0.014435458429465515,-0.039746676962753594,-0.3348001324556726,-0.16756867059118863,0.15691080569489718
2020-06-29,0.2823694111457178,0.26987160038088753,0.23990835582209935,0.19792351570521183,0.19030215708909248
2020-06-30,-0.08781983153088305,-0.10377729473211905,0.10289012491527014,-0.4549602135973648,-0.05868069085112734
2020-07-01,-0.03166076147692168,0.17628756869093543,-0.08898857047232817,-0.45047243306995965,-0.06037296221908996
2020-07-02,0.0415509688593764,0.011858793478270284,0.1642046584511601,0.5600981538844444,0.024510530530509157
2020-07-03,-0.014936790034608216,0.044822804515729425,-0.10737973754800872,-0.05870978389351611,-0.11658862760543873
2020-07-06,0.043348282839439416,0.05974124311329458,0.10615161181242633,-0.040509805263857376,0.08446217558933457
2020-07-07,-0.2254826518498074,0.46499688766400554,0.37185802163584947,-0.035816090646791796,-0.060171073808911756
2020-07-08,-0.08911753411094205,0.13676881783815104,-0.297813560515002,-0.2553980101839698,-0.3214731030680647
2020-07-09,-0.154151343369745,0.029166154807655238,0.35905339498961913,0.09628825973862636,0.04651810812312543
2020-07-10,-0.16775432370303867,0.015470848214974695,-0.5139316817942358,-0.08121602379746994,-0.19218557401525704
2020-07-13,0.05303359415849014,0.10185883932203037,0.1640349272437977,0.3744333003627917,0.06248421140670382
2020-07-14,-0.03469178773978633,-0.08335209385789295,0.30230845204855095,-0.33276945633963123,0.05961483146211719
2020-07-15,0.12200650926030895,0.11586877313189009,0.7688579522735853,0.10659250432558884,0.09684210488513974
2020-07-16,-0.1647091471133068,-0.04308405317944648,0.03910676805903776,0.13555597674014022,-0.04872205207603223
2020-07-17,0.0969874459630867,0.11209899957327302,-0.08222148986255026,-0.18768051643571357,-0.07933190940943534
2020-07-20,-0.05043827861431266,-0.08414690175059078,0.35675513115848406,0.07608964765164573,0.07533626686474912
2020-07-21,-0.11592328171297718,-1.0770709704779197e-4,0.11060586689349852,-0.19247895504526977,0.010943407461251296
2020-07-22,0.002404530361221565,0.06069263736168203,0.7032091744136144,0.3349582189048652,0.4057448262816307
2020-07-23,-0.19766265513226222,-0.4558437269211999,0.255932123766548,-0.4696739886174846,-0.20454328179389963
2020-07-24,0.04577871978407713,-0.09900379519187373,0.3751354199839357,0.32598930299336315,-0.007421774400850678
2020-07-27,0.15195231993620403,-0.070244427958909,0.7097295366548972,0.9852608708043404,0.4123293861856434
2020-07-28,-0.20714569782849265,0.07364889603713481,0.9183715119942527,0.6040023222658978,0.2132809159335849
2020-07-29,-0.0640966995711154,-0.097297989131433,-0.2504614344925308,0.2070677158337561,0.02722961714830624
2020-07-30,-0.20961171786178154,-0.23410549642105083,0.2896537834981547,-0.10273316126353185,0.10008626147628488
2020-07-31,-0.12019095318379014,-0.24335697461146225,0.7371989523188561,0.23317400961205367,0.20824862702321267
2020-08-03,-0.019566169208986024,0.41024072648057325,-0.5976085948857315,-1.088678270190182,-0.12427166140296098
2020-08-04,-0.3445702825813642,-0.31073641466458624,-0.6361350741518551,-0.6606589535084268,-0.5485738042465307
2020-08-05,-0.14646871305314468,-0.06763556705850109,0.21862615515628459,0.2168727189570368,-0.015029981485380595
2020-08-06,-0.6527504200240088,-0.09974477952470648,-0.09736014314446956,-0.5346365655310251,-0.44042286197510633
2020-08-07,-0.27372460264903226,-0.43744683775922866,-0.1458061297515194,-0.261603698418385,-0.33668981922502805
2020-08-10,-0.06605772661438637,-0.34735249272895213,-0.8486709293430531,-0.31518791102645244,-0.4334470123804719
2020-08-11,0.18324435046025048,0.18973051206987795,-0.37874628726636994,0.01235854136303803,-0.07345381366106554
2020-08-12,0.02297269531502,0.26031413958664334,-0.1061630846569489,-0.5060644481067419,-0.02885149807148613
2020-08-13,-0.03393392018462434,0.16297325582130978,0.4274767446040796,-0.3928933813788664,0.1257056398400182
2020-08-14,-0.0546165752790414,-0.11200524121315958,0.23949069949477936,-0.25720463657247344,-0.10774482031950655
2020-08-17,-0.03348186578904123,-0.13647362625751341,0.33319466562311034,0.34534531380082645,0.1293789287814645
2020-08-18,0.018432465721823634,0.24198709882640534,0.2991847786525288,0.603122280948585,0.24426859677021973
2020-08-19,-0.1992035818483606,0.01857826487176273,0.46216391994196027,0.6153249192276374,0.20497244350754817
2020-08-20,-0.28862444437045975,-0.22352754450555373,-1.0266627266484376,-0.9728841199126497,-0.5801393318394519
2020-08-21,-0.050937117115802316,0.005516713609124688,0.02753624625257975,0.24210044439142317,-0.03738305459424657
2020-08-24,0.17433686989095434,0.1276300522600803,-0.4533628672760932,0.019340731805907577,-0.2158156956326775
2020-08-25,-0.0744682753612877,-0.0803891516101095,-0.23744182715693984,-0.21367484330639266,-0.1127364345420388
2020-08-26,-0.16004079875611166,-0.06355493727962458,0.146284183606701,-0.5645480684196772,-0.01658898375882687
2020-08-27,-0.02896431313653337,0.37487791024194006,0.09743873716824358,0.4343744876247666,0.20054838423234483
2020-08-28,0.06891331248466982,0.1069619661932482,-0.10171680643482423,-0.5951800466326472,0.12332690786133763
2020-08-31,-0.15466450442777957,0.22042939477915194,0.6403386605000495,0.7808874235835995,0.48321025458265127
2020-09-01,0.09042533188961746,0.42090021054799837,0.4356724657672265,-0.20505346143757658,0.11567041701847762
2020-09-02,-0.5346813052423786,-0.14854251374426822,-0.5895353025392984,-0.4846864627917321,-0.4923175441880936
2020-09-03,-0.1362167601783568,-0.21823545232720826,-0.8046821369785263,-0.4031415875990729,-0.4086348629974345
2020-09-04,0.017715098234584475,-0.14476057472759724,-0.20554628517212242,0.09421584985034247,-0.39523901488516555
2020-09-07,0.05417543732887984,0.073448363708813,-0.0421645669880799,-0.14677658810094876,-0.05410835624176494
2020-09-08,0.20244503127594143,0.38737022435971574,0.07577947686218467,0.17659411394289581,0.06647839451577724
2020-09-09,0.2771309698279486,0.11289411159638053,-0.17932331104317847,0.5846331601588264,-0.09428098875129205
2020-09-10,0.14465498160489676,0.3198240266986728,0.3628765326845317,-0.06541756943408134,0.38918316944115505
2020-09-11,-0.14513778083449372,-0.10688453126948705,0.06454834375650709,-0.09824295161383333,-0.18444618282050187
2020-09-14,-0.2817076359236597,-0.28183631481686605,-0.08332249673048496,-0.26976347840871817,-0.1763765211213834
2020-09-15,-0.24329470657152616,0.09009314874041367,0.018709978044489154,0.17368204987845962,-0.04985295374690545
2020-09-16,-0.4159133023760571,0.07249142107950915,-0.5864527963288495,-0.03097025599362443,-0.17354987009959508
2020-09-17,-0.07357538397332893,0.411929356378987,-0.47601206500678184,0.29812718150473166,0.0672409654357792
2020-09-18,0.20981952203690882,0.17097188059434676,0.4910409913087201,0.6090014459305102,0.3916100539927637
2020-09-21,-0.565767135139431,-0.6193466952276732,-0.5201558720597239,-0.3629526031542432,-0.54628293146299
2020-09-22,0.08663825245872474,-0.4926915312061707,-0.5772551382665326,-0.009572541754530935,-0.24601808247265383
2020-09-23,0.3139725294797593,0.5353476856754791,-0.3447187030551787,-0.03777590128623018,-0.06504629068602352
2020-09-24,-0.23279416905004396,-0.6006604691007188,-0.7934498246623398,-0.552291724386983,-0.876161769709443
2020-09-25,1.0625943332170755,0.6784829222532756,1.0610062021636792,0.9038232164448959,0.5621470627776854
2020-09-28,0.2716174503959266,0.32011127229666037,-0.01873887158788018,0.07769889084125839,0.2131776418039435
2020-09-29,0.132860637675336,0.35512237769550004,0.4647794653626521,0.2375040004296227,0.5752965267606266
2020-09-30,-0.41296202953263134,-0.4074956274032456,0.21026428276112868,-0.6179710020403852,0.024575349190180507
2020-10-01,-0.13827502723379445,0.2117113610608176,-0.14984511411427023,0.04857179519960045,0.1921176411822036
2020-10-02,-0.1287900393908864,-0.04899845780029369,0.01922677266211361,-0.18569728788154366,0.09461636520261495
2020-10-05,0.3155729594601002,0.3183274666986185,0.13236413340729997,0.3415120344807159,0.3990063637669264
2020-10-06,-0.2406429947675563,-0.2180666502779935,0.3409628939572141,-0.435847701693544,0.09829684088287124
2020-10-07,-0.03653404995739277,-0.044618453451501235,-0.37851588761460847,0.009189464614746831,-0.14245645858319364
2020-10-08,0.11624692684629036,0.11029130109187753,0.2906372134205298,-0.18386072024589176,0.2960092146212676
2020-10-09,-0.097835583343298893,-0.08438176219241814,-0.06019940410915424,-0.19693672549281552,0.1036574173445221
2020-10-12,-0.2006488245334178,1.2138127156933485,0.22843305365851324,0.1552866343985125,0.1093809469180814
2020-10-13,-0.011957141301602664,-0.41499031277950965,0.06869430888256038,0.3263679321046678,-0.09900604117418088
2020-10-14,-0.08387968804952299,-0.20866416130305326,-0.6971455159767482,-0.16069190023963464,-0.3752537562614675
2020-10-15,0.17789705560410818,0.6128476461992183,0.05428592113468608,0.48144929198332587,0.22417034784823656
2020-10-16,0.1544564826457629,0.12644244904000707,-0.18178617294256413,-0.017527698171861616,0.033366809557775545
2020-10-19,-0.11814128107898514,0.29512021227318824,-0.11329751597981258,-0.2128017749699561,0.07171319954961537
2020-10-20,-0.04835177274907357,0.29030059448176415,0.4052671836765521,-0.09741855381693645,-0.05157506375292283
2020-10-21,0.016568918817598813,0.18191794950574747,0.6304680464422853,0.004258672551572737,0.11493527833676408
2020-10-22,-0.14083169018213532,0.28071857152640456,0.19818935848698094,0.6190050833264688,0.0037163898904690323
2020-10-23,-0.01424707392428346,-0.4174574770271207,-0.27312865177049794,-0.12944858713421137,-0.0910093682615227
2020-10-26,0.3246023411742851,0.18403958053409153,0.5478633783160115,0.5300877739513401,0.22583342936831866
2020-10-27,0.25293418157673747,-0.14199430744485494,-0.01661804246166404,0.12860046655907015,0.04569412266945491
2020-10-28,-0.029516523225899365,-0.006135729448604257,-0.2904734006275032,0.21896710730134142,-0.10420866651697518
2020-10-29,-0.15360747925087243,-0.4958331707812639,-0.5097290282421175,0.10684755334900506,-0.39107432772488726
2020-10-30,-0.016247871063733935,0.08999428864261383,-0.6979779491261812,-0.20205093320403042,-0.2869782500990379
2020-11-02,-0.10921177222098297,0.2865780621986878,-0.5762515274913498,-0.16422420691040795,-0.34254545604702785
2020-11-03,0.10057986132151596,0.18591502132565074,-0.0010806588994869137,-0.04168683723050545,0.1875583828764365
2020-11-04,-0.004065583865682568,0.22025411734175368,0.9961168934464804,0.14201099809943335,0.5459737473279087
2020-11-05,0.2745659733170387,0.7028403507982041,0.24515443571440013,0.40139684809052506,0.5424948709403035
2020-11-06,-0.4908812831415798,0.3470778533418959,0.23318706571287323,0.3201925186597098,0.19258639492470014
2020-11-09,-0.5056939971195955,-0.3996800454043691,0.2769598249885231,-0.027402024461382762,-0.032377020975731224
2020-11-10,-0.5980061769998818,-0.8815335883148225,-1.0029371034128856,-2.3248362054586704,-0.5237249282822903
2020-11-11,-0.10333300396246108,-0.028235785013073583,-0.29371435983631283,-0.4634013251964904,-0.3418003732087531
2020-11-12,0.5236406559936261,0.28557208176056836,0.1433502888811557,0.3302852404355767,0.36971927733266047
2020-11-13,0.12330265100939211,0.40354242103035254,0.25175917395312,0.38869099958184206,0.1797440364799031
2020-11-16,-0.15385451707878167,0.01384888161775083,0.23992693724621753,0.281216277195016,0.06199536265974327
2020-11-17,-0.1766468859196358,0.18544101371952793,0.02701609783853811,0.022552176638035378,-0.006310560191224685
2020-11-18,-0.33484331411620905,0.18083841254440766,-0.26266810151901715,0.0421025391021191,-0.10383126526637494
2020-11-19,-0.4747395387827843,-0.4353547411323251,-0.6084421734389237,-0.1336019283406685,-0.46750126340792775
2020-11-20,0.19765205831064098,-0.18054383770154633,0.3055467162319112,0.32747458934749984,-0.11822339770341994
2020-11-23,-0.12773140038908193,0.09399533301427983,-0.10349360083880808,-0.11393507585409234,-0.09490671478239293
2020-11-24,-0.07463705065870743,-0.36830795077287665,-0.27212073804029846,-0.7469464585144967,-0.10841574432871123
2020-11-25,-0.08611329224377785,-0.2556560212104215,0.3532038433657906,-0.17320731257337987,0.051844168878647914
2020-11-26,-0.014647863220030196,0.12645638800026335,0.24168455457831878,0.08649513959811925,0.15703623069006684
2020-11-27,-0.4923598326620516,-0.41231681083089045,-0.4710077329223091,-0.3242886873800245,-0.35619010216408387
2020-11-30,-0.041791645781913266,-0.08078490604820729,0.4094915029878087,0.1541087835122709,-0.025616547215192187
2020-12-01,0.10925847694305141,0.06222638134975702,-0.07749073982837949,-0.07329965647024833,-0.06051736119875414
2020-12-02,0.046112532532799566,0.14721435099062066,1.1420168119154193,0.003907463938865248,0.1750855245837212
2020-12-03,0.01917670256619719,0.17844831302813013,0.5971789454526154,-0.12991439687857184,0.06664350853042218
2020-12-04,-0.2553298666528182,0.1087656506310794,0.1297642602686456,0.3324579536086788,0.06384734364574163
2020-12-07,-0.1584149578727097,0.08267504712444534,-0.28235798998313133,-0.42124121497601463,-0.100059873633845
2020-12-08,0.2692424259914335,0.3458649031766114,0.16503033821680652,0.42322630902541564,0.05141715914673528
2020-12-09,0.0523760615484168,0.0439407158115319,0.018303456713034176,-0.06713305026708387,-0.0552222169103012
2020-12-10,-0.16585529572487315,-0.3213426546719318,-0.4341816196609533,-0.314878396790439,-0.19785112629105855
2020-12-11,-0.19202258276077094,-0.2772506644167937,0.28509552413083117,-0.1212220691444889,-0.04861155324080474
2020-12-14,-0.19370125437712293,-0.25227287942590515,-0.18707955017533967,0.05697851178962737,-0.1622075465620998
2020-12-15,-0.008444923040338583,-0.10196113761011255,0.11095529550033086,-0.03396703788182389,0.01648643942403627
2020-12-16,0.050519035123724555,0.19705814078094852,0.11834891916440066,0.40627210765768595,0.17661022890723685
2020-12-17,-0.08907184320499982,0.05958512409805833,0.29928656550574045,0.1153318098148956,0.26435341001788576
2020-12-18,-0.41319091098633365,-0.39270174324039125,0.1863375999173792,-0.04773514833839675,-0.09009412114904237
2020-12-21,0.048409749915793984,-0.037834861918115206,-0.2155675556335734,-0.20013885765570935,-0.314531089834295
2020-12-22,0.014543477926766479,-0.19632266389653402,0.12231539910028805,0.08353622389991686,-0.23558219862481633
2020-12-23,0.5213456334348125,0.5593590960007353,0.1342043114010924,0.34472646508104066,0.24066136677477248
2020-12-24,0.14540778047054576,0.2343793682348009,0.11791189263535803,0.08311482993878652,0.3798216124868496
2020-12-25,-0.02909111046365216,0.1738764722386916,-0.07805653216380037,-0.1363339018931387,0.45806405868462263
2020-12-28,-0.032720468071523526,-0.16002339833799048,0.12519611250256005,0.06989683506955086,0.08293493196339063
2020-12-29,-0.26469730745205367,-0.22113881542147878,-0.08118790195652073,-0.39858051804445227,-0.2738742755648282
2020-12-30,-0.03620306355705335,0.04059601471596967,0.23550138108206758,0.07836446099708994,0.052565863017963926
2020-12-31,-0.3248869701773014,-0.19159136847600733,0.11277584071535911,0.11568997766165948,0.020630712561156436
2021-01-01,-0.4317988588509647,-0.5677791224264541,-1.3248713243113415,-0.4566309495560791,-0.26204286789774395
2021-01-04,-0.07588003183020804,-0.15214907491152785,0.283834087427497,-0.08145741002778846,-0.04456482568084076
2021-01-05,-0.4067227583264368,0.6623105142146224,-0.3287315092389169,-0.2983023327444399,-0.38956866631316606
2021-01-06,0.20041747956422754,0.5285291231029248,0.5982218961430855,0.6655884865907791,0.33699671802682063
2021-01-07,-0.13212928959587233,-0.12230470045090494,0.2891016169800006,-0.41030394442780305,-0.04488633939086756
2021-01-08,0.7068237849709419,0.4464828756255412,0.23112498350134233,-0.07138650329583601,0.20109378924611926
2021-01-11,-0.05370246656064623,-0.025105136314903895,-0.8318977913874542,-0.4853604892635737,-0.4294275678528962
2021-01-12,0.35265254316999145,0.2816149596590367,-0.021790237498299392,0.2650452906488534,0.06126837424783016
2021-01-13,0.25014473809785515,0.5180291878796685,0.5759362752118545,0.5888778760877659,0.7563523485739271
2021-01-14,-0.2171943427640735,-0.18822296323031185,-0.5129880265245622,-0.2541304672922394,-0.09226882289419425
2021-01-15,-0.19270162973235072,-0.291752336760038,-0.354285303227056,-0.1813593642811523,-0.11203423478964848
2021-01-18,-0.0826186857051807,-0.22729172986664342,-0.8144505431804158,-0.15324658275125072,-0.6409708669588269
2021-01-19,0.2846843055428845,0.057566189243840736,0.19313634142681366,0.47327023170690247,0.07520000059490112
2021-01-20,0.041641032167693555,0.2107769031361801,0.5388458657886683,-0.1277911264794116,0.22224801184385887
2021-01-21,-0.05777805324043428,0.18611919669705052,-0.13436511751706506,0.2466991494695216,0.273187503004681
2021-01-22,-0.38342971674062637,-0.2614506766761104,0.015891256174953478,-0.2878920769293187,-0.09700682874565418
2021-01-25,0.23963751747397838,-0.057889368790163515,0.33927854959171827,0.004652957150990879,-0.14388860976500664
2021-01-26,0.1113834259021121,0.07921974877965997,-0.054059475159801,0.07989140408330998,0.052206033090389986
2021-01-27,0.10458972251737443,0.3389212455665988,0.21241562522175822,0.25043929267190784,0.30625144543303545
2021-01-28,-0.04444641073254631,-0.2579869974116693,-0.492208299673286,-0.544897775304137,-0.3274597693860436
2021-01-29,-0.009614938984791379,0.4542022830917562,0.014793951226359361,-0.22455791477806364,-0.027059744499377217
2021-02-01,-0.10028041765527974,0.3546077202474289,-0.06417840266394804,-0.5080907067589437,-0.210884031408492
2021-02-02,-0.018344685403593138,-0.5391383314182335,-0.4702127103773732,-0.25955427744645726,-0.24879565799548115
2021-02-03,0.07213074165685865,0.10590167427020272,-0.2755518605727784,-0.10169728896323538,0.0033861252944979298
2021-02-04,0.1620446530601887,0.13244791229152628,0.11509428149937788,0.16672107661669833,0.11222748244453784
2021-02-05,0.2018099028679555,0.029284663390363983,-0.43206740051663206,-0.34966416117429155,-0.10781020623161716
2021-02-08,0.33058690270358065,0.3803178178984047,0.8831955070128695,0.40565326808542906,0.46610435558659874
2021-02-09,-0.06454321635827531,0.24999235135907866,0.11217171857642311,0.11930220226181035,0.1482630912973142
2021-02-10,-0.423441148310326,-0.12770989320464093,0.1671910200269367,0.21485194755485404,0.18025851663872416
2021-02-11,-0.20168963890721403,-0.513663825818847,-0.07664159445201021,-0.1313525537072281,-0.1064053934357165
2021-02-12,-0.06870166255914639,-0.16597352850568414,0.030828687883467903,-0.17820506510097664,0.08822727790396487
2021-02-15,-0.00951222332406989,-0.047779034177436834,-0.07080814588449687,-0.3293675939202409,-0.023194798270732356
2021-02-16,-0.17420670756884216,-0.18583390583590256,-0.10575256448969672,-0.5329730696201312,0.05214954909244525
2021-02-17,-0.16860931035621618,-0.18320866884566223,-0.487705021423134,-0.8909884775697434,-0.6319496234722858
2021-02-18,0.2066161341620607,0.180241808488402,-0.2406487810211031,0.33449638860901576,0.06153371637940941
2021-02-19,0.10267815183754117,-0.3485705865699546,0.3723940838264699,0.31470070069791745,0.14390726391682654
2021-02-22,-0.09498331799575721,-0.1804767183938529,0.2553739869419972,0.06581314262448694,0.20147378770402452
2021-02-23,0.09212593958264566,0.41517518957564753,0.5008330543964349,0.6223421754485007,0.39349170306965375
2021-02-24,0.05540907936627357,0.14656497202403393,0.027274737793542767,-0.15536680247349416,0.3044156635704234
2021-02-25,-0.015495679202287779,0.12170947554192874,0.13937468746441245,-0.6769209870181181,0.17550789951167278
2021-02-26,-0.07807725054876585,-0.008571951875047501,-0.13350587244153797,-0.5851417592995753,-0.7113587622159621
2021-03-01,0.3565758256176869,-0.004081811349125509,-0.2430437758372667,0.1711704866758121,-0.016463341765753536
2021-03-02,0.14117071293772493,0.30012621942017925,-0.298360722218461,-0.22261476558380452,0.20531550025236664
2021-03-03,0.046276164777043834,0.005239102023938208,0.24355674573055974,0.07853265861095718,-0.007237419580809493
2021-03-04,-0.12955438010017575,-0.09259913154508272,-0.37030952407571927,-0.4039879458632007,-0.45442749120994175
2021-03-05,0.08640418135771354,0.05295972707830375,-0.6613036165770658,-0.7834226194318842,-0.4238142670080445
2021-03-08,0.4360586060369433,0.020238933480312762,-0.0801755046972029,-0.1253516308287911,-0.002780428816471392
2021-03-09,0.8870582620835268,0.368480803849539,0.16765744571478636,0.31472904710068383,0.0894804550270506
2021-03-10,0.3896754209893032,0.6185522245216817,0.6572166841221587,0.6127680117271193,0.7826987451324592
2021-03-11,0.31488984118418945,0.4263817767737673,0.636413962064604,0.47811363930695094,0.5744079785566792
2021-03-12,-0.43386560264126783,-0.19211125511481303,0.15673466819005186,-0.5319008709665769,0.08795748363033906
2021-03-15,0.1829416427991532,0.13301619274271728,6.42662014762381e-4,-0.3313688166260158,-0.04184353223744376
2021-03-16,-0.10661484289415739,-0.117467150904557,-0.3486793447397852,-0.20875803805032206,-0.20588438504008974
2021-03-17,0.015133870884592261,-0.08786744779765714,-0.24307983321006432,0.10444478949788241,-0.0761488830358555
2021-03-18,0.18591183068122136,0.19631804579334516,0.8080453874843392,0.3259100642265478,0.5489047528067271
2021-03-19,-0.20850711964665652,-0.22586792879122553,-0.6046949490803359,-0.23152617831696803,-0.3130604408287717
2021-03-22,-0.1385775899258492,-0.06689775890966644,-0.5261441149561829,-0.07868503326681595,-0.27416821184691254
2021-03-23,0.11066365445993516,0.004243251938269708,0.436803973720577,0.21010252471747842,0.3302531514084472
2021-03-24,0.25359553058168627,0.09985628163693148,-0.4535732934313954,0.49868942893972207,-0.09105858722611346
2021-03-25,0.27595756978965513,0.26088007878878805,-0.09934118726878285,0.05506528637683082,0.19482518083726488
2021-03-26,0.3981246283273757,-0.044183721424961644,0.019553087663615035,-0.0011394946980396378,0.34763110379960427
2021-03-29,0.0698741391882164,0.05423442996306318,0.10093354714285196,-0.5602473208914451,0.24309010038644663
2021-03-30,-0.11327447601070323,-0.5368651428813798,-0.2427333353819834,-0.2450543269410151,-0.14473876849406714
2021-03-31,0.21893897049747632,0.066782793748688285,-0.21582953708864389,-0.21841494716365034,0.24906351731678625
2021-04-01,-0.07842320257245222,0.19855117925886576,-0.12370452973241149,-0.5534813791713191,0.13948824193112852
2021-04-02,-0.017218246890353218,-0.14969093289176022,0.40756462109166947,0.04271119944181291,0.08572753191399676
2021-04-05,-0.15954786264691587,-0.2278702287752314,-0.16700659986034433,-0.2053452283013877,-0.14168566530951254
2021-04-06,0.031307168516941555,0.01032890398611589,0.45397745034842535,0.4688027300671587,0.3065330608151839
2021-04-07,-0.25818908387191036,0.1548190145244505,0.30100876662086423,0.16819614246164122,0.013962993798728271
2021-04-08,-0.04803034149631946,0.002006497206244899,0.061757153963243425,-0.030656308466955263,-0.07525469381718747
2021-04-09,0.13954889045363036,0.008226953788680639,0.5121223818299693,0.6151927052755733,0.13757102350340952
2021-04-12,-0.03356255190376768,-0.08886857298610071,-0.07474630628480611,-0.30123206473514563,-0.10979525001272533
2021-04-13,-0.056537882223802995,-0.00891866257241251,0.05414184038121336,0.19586136628764939,-0.004826619985768554
2021-04-14,0.02605032532564569,0.11496938032725793,0.3788503116058381,0.4781632082058918,0.03269971683119301
2021-04-15,-0.11538200377268203,0.1306685289109706,0.22956027785829425,-0.022564347651424288,0.20870398754743952
2021-04-16,-0.11863456580499146,0.04121814943250218,-0.1660301508211299,0.08521144257954333,0.11445456633010644
2021-04-19,-0.008429830432628455,0.17936502054219333,-0.04371375946255287,-0.0034570308880970523,8.807707870227277e-4
2021-04-20,-0.06046425576172842,0.013608910113464136,0.5612761130641364,0.5114488628946348,0.3616263984732181
2021-04-21,-0.21744855680637096,-0.03686789090587628,-0.18959452233462798,-0.16283728663337269,-0.010196016403959896
2021-04-22,0.10622987395355174,0.2670964954595977,0.1484253926354269,0.20595666156345727,0.15711799746929994
2021-04-23,-0.1888425161616543,-0.14668870048196941,-0.3699013981559962,-0.12441880765449319,-0.19522187124667645
2021-04-26,-0.10425079175303237,-0.1694238226155301,0.4732251447245992,0.009107956994247428,0.008081495106468009
2021-04-27,-0.2731196497042822,-0.1474612666789932,-0.21911552485715735,-0.5580381593381182,-0.15670653442786847
2021-04-28,-0.08552741313860138,-0.03793249015747642,-0.013607648192476653,-0.6246487129778103,-0.1664382152401731
2021-04-29,0.10979292616602435,0.17698488839078733,0.49562097348807854,0.25732294151270674,0.2149706029283155
2021-04-30,0.021840476822784942,0.14947841718590701,0.036710007826680796,-0.3245640752665403,0.024872692598390422
2021-05-03,-0.16828065958618219,-0.16756215269254757,-0.9852235640608846,-0.5669949416546312,-0.4913920660525646
2021-05-04,0.18797907902123812,0.1869205334012301,0.2802007669745508,0.31571084438223973,0.02363890630600246
2021-05-05,0.47492227762470135,0.4864196642958594,0.11573616988426602,0.26681531564090744,-0.053709770489854515
2021-05-06,-0.03560218819288122,0.0018834493397926616,-0.15472731870744938,0.018256524918730397,-0.06787875452250444
2021-05-07,0.09611117589967505,0.2613073717875352,0.5783180695020423,0.2647651727249779,0.21818086443940177
2021-05-10,-0.2131996900957958,0.3287103358303379,0.7428496445863719,0.247400817997694,0.5489079247205425
2021-05-11,-0.16220226460656734,0.21901396832634834,-0.20558376862274624,-0.3363924862515162,0.010383706842771734
2021-05-12,0.24013461250258375,0.11897964189053924,0.251572277499789,0.33438474448046906,0.2646313578616439
2021-05-13,0.21693853129552984,-0.21674966800018203,-0.319384441758348,-0.6480722187651352,-0.257088105605219
2021-05-14,0.03719120853142751,0.010306998532981594,-0.0805938065224809,0.037539157388732994,-0.1412871694109603
2021-05-17,0.13692042657192813,0.3656739097807283,0.7187682867107164,0.23646043431900235,0.14109139457120826
2021-05-18,4.869896802804294e-4,0.03818711053786749,0.1880601421429907,0.16758586239185108,-0.1497689243398044
2021-05-19,-0.1349914977436612,0.09427461354550891,0.45884590810584075,0.2330629066530923,0.14463085981436768
2021-05-20,0.2896534725359335,0.1869541404773217,-0.002997239569054011,-0.022983316870132074,0.051139165015319565
2021-05-21,0.14013872170265038,0.1347500498759045,0.5145761902030713,0.45845832978597595,0.3876422790528634
2021-05-24,0.022382484347498573,0.04589992759044449,-0.23168786915118922,0.013837814024373188,0.13775403497243593
2021-05-25,0.15873296294139122,0.40073706273145315,0.3631404269291511,0.2192409805584389,0.4610053263447378
2021-05-26,-0.09161307104073065,0.11284886402362,0.24123310593697084,-0.043939749893174805,0.30011454347158445
2021-05-27,-0.019035176515730133,0.3308737174649039,-0.40901089446240757,-0.3451717603838317,0.1769383312650167
2021-05-28,-0.07505279819873036,0.14973073405692872,-0.15798407686629512,-0.7076773506749503,0.029292165483787012
2021-05-31,-0.15857501537755717,0.12280119523692813,-0.20564314938950023,-0.33781789420324326,-0.02802826395422063
2021-06-01,-0.24654407150641738,-0.21130567114786653,0.08693491533809145,0.113178702086611,-0.051853287684404205
2021-06-02,0.004989283915014402,-0.18994650252874237,-0.05576461862753772,0.068216709864597,-0.11574318167183367
2021-06-03,-0.032031300640636334,-0.07633735989490728,-0.1134424445557873,-0.11955271567710449,-0.09773913632260184
2021-06-04,-0.05423450622941369,-0.4219646859593814,-0.7050298833558556,-0.6773615872401934,-0.43482304061911503
2021-06-07,0.11150531108220522,0.14289164325311426,0.2568759551604408,0.6112608290879752,0.18703555268424343
2021-06-08,0.03355983383259722,0.017977041151194324,0.2759394960387859,0.420195761062467,0.19241137563766902
2021-06-09,-0.20140021051509374,-0.2515708680070713,-0.315825376609191,-0.32387557898841174,-0.2057104641316181
2021-06-10,-0.07439725404777056,0.10154009976046618,-0.03106441427940712,-0.21683701272821773,-0.19992893074639792
2021-06-11,0.03743551673781034,-0.015814934969580325,-0.035859800430264356,0.20095653820001042,0.057546383431156256
2021-06-14,-0.1740683260998859,-0.27084388405892396,-0.7037941650617002,-0.4243854346154882,-0.32995598178902386
2021-06-15,0.01589413310378296,-0.01392481317614655,-0.007503939543095889,-0.31745981760757264,-0.1820581340177137
2021-06-16,0.05375676741821549,-0.0768576432850907,0.08697502412906959,-0.036002187932434926,-0.08550579639676793
2021-06-17,0.022191667002315618,0.12184563675960383,-1.0589573841518136,-0.6119937291204317,-0.6606499867308614
2021-06-18,0.5485771595807616,-0.21251710173038532,-0.37605488379992014,0.8573014675061723,-0.14719005794015824
2021-06-21,0.07716566749241105,-0.15226685737586587,-0.4414653474593343,0.2190088050878221,-0.327026478380281
2021-06-22,0.1641412834426868,-0.09620930771384612,0.3865348535529929,0.029512590276384084,0.0939108526311783
2021-06-23,0.41403652343184905,0.13798217312304886,0.673563908696047,0.13361722075249513,0.42068842454863997
2021-06-24,0.050743031257989096,0.12452516204307527,0.09493914301535245,-0.32738493006324587,0.03405621260207767
2021-06-25,-0.06842749880116368,-0.008908553748909705,-0.07505305404072005,-0.039580542971547165,0.1436824000100769
2021-06-28,-0.050000209878091034,0.3440099512953966,0.04637956796339565,0.04870984076562442,0.03213358226419853
2021-06-29,-0.24928573266676168,-0.28807338826005313,-0.34181342829351596,-0.0351580493394581,-0.24930873059735967
2021-06-30,0.09924980840919205,-0.05401923744893196,-0.15721478739889144,0.2006654111770392,-0.11127102404264452
2021-07-01,0.009650125912109423,0.08073182880107183,-0.4269156572483153,-0.5135250906964811,-0.06085706778774235
2021-07-02,0.16941856289384252,0.013138621549962804,-0.014639379702014996,-0.3111705349400913,-0.2107420604304646
2021-07-05,0.15121805171609823,0.054089454747591685,0.20113451143486147,0.4685625187809407,0.18871006373477667
2021-07-06,-0.15452817037632136,-0.02255014206907712,-0.07191378816345403,0.08919413600274469,0.11637563060509432
2021-07-07,-0.2357406811618821,-0.4471757763368764,-0.5523935820134871,0.08992099800818998,-0.33290291970125396
2021-07-08,0.31941373206481233,0.3469432638241283,-0.02438800376377119,0.34338741392375394,0.07494676411665746
2021-07-09,0.5182920486299052,0.2742641005754358,0.9122485550003618,1.263068637684842,0.2220023109804514
2021-07-12,0.30729251423754245,0.45761496887987707,0.627100346668198,0.025005700972698608,0.43832207567333137
2021-07-13,0.04957403886454485,0.17143139460551712,0.07326969614181109,-0.10302125629490413,0.1079156349302486
2021-07-14,0.06424371512629222,0.21393269234214185,-0.6841748508520464,-0.20238117910464518,-0.20617364161417853
2021-07-15,0.1898804329438123,0.222054818128949,0.5187094450284443,0.7035987549051721,0.3009998872923905
2021-07-16,0.03441636457803855,0.18455646818415103,-0.06745676027603979,0.2934374966803031,0.02641518192995805
2021-07-19,0.21795864936218803,-0.01766871228628835,0.21779810292386378,0.16719343681086768,0.0951534166504073
2021-07-20,0.39561918201932217,0.17859329881421585,0.23323714757500102,0.6879308154293571,-0.13912180343292027
2021-07-21,0.07053161646178827,0.13120077805186792,-0.03099125151305681,-0.25046677422755714,-0.25225096006015546
2021-07-22,0.2323321347437996,0.5198436402953708,0.2909947318404172,-0.12053685690491073,0.2884575569340341
2021-07-23,-0.2186348257421432,-0.16693714243515542,-0.3656708507344257,-0.17380263785477837,0.1952734573363098
2021-07-26,0.03942587616823067,-0.12574383377357826,0.007994397769204256,-0.30782147440947866,0.1207489598818888
2021-07-27,0.15177326148832052,0.0892104374902043,0.43493603574901474,0.3162565530573287,0.40101051667531795
2021-07-28,0.028075277353920392,-0.407868734227866,0.2260662468619983,0.4996159256267972,0.007330380830399802
2021-07-29,0.026656122870212837,0.22996541616651656,0.2664919923194053,0.019544683943210406,0.27652697260368136
2021-07-30,0.12248960421772193,0.7047314979192536,0.5733090205021891,0.5573978251038879,0.470490197030185
2021-08-02,-0.3797382126553856,-0.2995051662677818,-0.49394522516213474,-0.5911046975528942,-0.3139260037723123
2021-08-03,0.010894768025153698,-0.002655762194225364,0.03788870980651779,0.39135097797089236,0.06708990312611982
2021-08-04,0.2079179657777779,0.07357488681492387,0.16555370343382164,0.5161110713152721,0.41697783575672015
2021-08-05,-0.2331291278424802,-0.19119614514321664,-0.505853322355047,-0.6884534800730292,-0.13589076565353783
2021-08-06,-0.15287470562636535,-0.08057274600395765,-0.23266793513806172,-0.41614739324573513,-0.16261909612275838
2021-08-09,0.06927787373736785,-0.26914222142865774,-0.687702485793417,-0.4252956000554208,-0.3562305217884175
2021-08-10,0.18108904523995223,0.054192227596624676,-0.08010981397047263,0.06335269302740304,-0.06567931096112374
2021-08-11,0.03274723980464639,0.018708699191134062,-0.14673670969711494,-0.2522895100183106,-0.19520746967150382
2021-08-12,0.15722436867229714,0.26193041280240276,0.27954708427043384,0.31917775419822797,0.28161968806918536
2021-08-13,-0.018771122870687326,0.01926491668399994,-0.03351964591331949,-0.024977591574935717,-0.020242609142777798
2021-08-16,0.10082125553260911,0.14065446781466062,0.5954117189682256,0.8095564525779633,0.34150153459042637
2021-08-17,0.01870091363476684,0.07979703772678706,0.006601710637138214,0.41875406264630705,0.0981467803084107
2021-08-18,0.014061032494104236,-0.1449479208138056,-0.5845441187599246,-0.14913582830383884,-0.4427243924616988
2021-08-19,0.0021871500857916118,-0.008371893474045884,-0.18417069131469296,-0.30385374776812096,-0.15088247096003812
2021-08-20,0.012060092244531537,-0.15219201349141073,-0.2573083492740165,0.03425134968437671,-0.276708464425095
2021-08-23,-0.021419273083597676,-0.03081654279191412,0.09882837976362821,-0.08214014765154838,0.04575009750277344
2021-08-24,-0.2642067493652017,-0.08923804138165964,0.16261570693139868,-0.12441478128266231,0.16172701262931585
2021-08-25,-0.21456863037392984,-0.03306400836282989,-0.057085888115288634,-0.2315343458634909,0.05930845432706553
2021-08-26,-0.3926113086415247,-0.44217239713147916,-0.18779823528001702,-0.6139444038591674,-0.208404967266402
2021-08-27,-0.28876599782862544,-0.42055706324988384,-0.4136238471353609,-0.3746844522430491,-0.4015052980625771
2021-08-30,-0.17469861754108712,-0.08598812171735867,0.14382030548041147,-0.012368465247060471,0.35173239253346356
2021-08-31,-0.8192908163579853,-0.725399568853615,-0.7772187490647838,-0.8619850310455635,-0.6599216890375279
2021-09-01,-0.13730860916090695,-0.0913752727839341,-0.04636662486510018,-0.21761078084130384,-0.16515414062439904
2021-09-02,-0.10369631862570744,-0.10355545848062019,0.15964173154032002,-0.15356534673469643,-0.17643093031969342
2021-09-03,0.08486261128315137,0.12996262142960543,0.436409786872867,0.21815601947041685,0.15028585791042698
2021-09-06,-0.2602736716246318,-0.18911448361142427,-0.10109542190397197,-0.07901005321091782,-0.13442384308244248
2021-09-07,-0.013023726291687333,-0.08732111589982758,-0.07762305874688713,-0.027465619914332287,-0.06303029835381528
2021-09-08,0.1815613095856357,0.02185460306788447,-0.10205509376958202,-0.2558771862298452,-0.12152697953926897
2021-09-09,0.010194187790111157,0.055864887647824116,-0.25343286467671505,0.008918990912034581,-0.10712185904353032
2021-09-10,-0.15728620290837175,-0.0430384244853924,-0.15496607935363255,0.24325248142681277,0.04332587095721002
2021-09-13,-0.30735639767793504,-0.11996568695614554,-0.43023332000644954,-0.36316612157467704,-0.17087265802063323
2021-09-14,0.21090846992448892,0.11977837978861788,0.17067934905635856,0.1384704110211509,0.14755107632857137
2021-09-15,0.4045730308791232,0.5863134013475819,0.33988877029947223,0.6335860738934124,0.3038242585540951
2021-09-16,-0.02358113610517519,0.16341435048026762,0.1060092723856696,0.30489258832785704,0.27702697081755934
2021-09-17,-0.02218190852972223,-0.36063509986753434,-0.43394668445606693,-0.25870096301079093,-0.2606124571138292
2021-09-20,0.3320575182422513,0.10950688842897176,-0.07909945278905134,0.047541236860292435,-0.056335992580942754
2021-09-21,0.5525538052466161,0.5220148763145965,0.47532625339780865,0.9853006710858835,0.2820943706918866
2021-09-22,-0.04523121467073704,-0.02310348593997566,-0.10043496918793873,0.2672382786599853,-0.09202318246090652
2021-09-23,0.15103536243474958,0.24161085102441177,-0.15584824188040577,-0.412914187418801,0.01669499189596249
2021-09-24,-0.23487864711777057,-0.1551268835523728,0.15139968349900396,-0.7852722740521547,0.14928732175460518
2021-09-27,0.0982785281044403,-0.017587382755995837,0.030241095676508144,-0.3677533637190751,-0.11754499285096748
2021-09-28,0.05682729879019431,0.18139940429961054,-0.1817373949555138,-0.1945361251240049,-0.06671839917403342
2021-09-29,-0.1695757520328328,-0.17858781545114688,-0.3088637025551043,-0.7121082712732505,-0.4512759250463706
2021-09-30,0.02254726243963316,-0.1553761837571281,-0.7409567961650295,-0.4148029437354096,-0.4776930740647215
2021-10-01,0.047021213973297324,0.3734691805728979,-0.3571589587192946,0.40796847625830973,0.07374222111492287
2021-10-04,-0.15874018835134707,-0.0734914736498557,0.03646555590141648,0.3588398077275088,0.06684375617773908
2021-10-05,-0.1499510363178008,-0.13111636163937668,-0.015339958868295481,-0.0868451319535014,-0.2047346071560257
2021-10-06,0.10597566040743878,0.09766543052041912,-0.06432847985794098,-0.3504813752689239,0.04560663720033313
2021-10-07,0.15345035691334086,0.1569604508430607,-0.23453512873557747,0.14573738110414022,0.041845212646288224
2021-10-08,-0.02062769220994814,-0.007028878926602859,-0.061496836017671676,-0.24731265497861907,0.050808488559333384
2021-10-11,-0.065878376960726015,-0.016633488380896934,-0.019058778603279765,-0.6398085026609085,0.12172657572067681
2021-10-12,-0.27570793296703416,-0.3811812802375343,-0.3741650601825922,-1.348896466086271,-0.2190605331816943
2021-10-13,-0.1581698454294617,-0.18228298489511585,-0.3615474806130713,-0.42061057737289476,-0.3449546128529264
2021-10-14,-0.15784529354374982,0.1528535968798669,0.354675248855968,0.005269454466186971,0.17134795386181817
2021-10-15,-0.14713398078079226,-0.2733683736776887,-0.11153399269266215,-0.5845383669257128,0.13485138347180847
2021-10-18,0.047096884501228384,0.06641850099704825,0.09510411578994324,-0.44408762091249304,0.20406356959570718
2021-10-19,0.3471611098395933,0.44533332141078424,0.5024170578002838,0.30715768752325057,0.33240346506849855
2021-10-20,0.06388095923332344,0.8510551719813324,0.266749198682989,-0.17644260765888267,0.44725022646518275
2021-10-21,-0.32917948775915523,-0.2889368895701794,-0.07945178536761174,-0.2290389614088478,0.023583756370379988
2021-10-22,-0.050308174396352885,-0.04584490661770575,-0.2604418765114835,0.4504445810556304,-0.28324822460862425
2021-10-25,-0.209659989670127,-0.09298124146356411,-0.1354827018220802,0.027439520219473094,-0.4588448905160317
2021-10-26,-0.0015316157421134957,-5.268242483476397e-4,-0.23791346582496598,-0.050509234085803253,-0.060515790976536726
2021-10-27,-0.09411231163864187,-0.046463463569199705,-0.26508118699755584,-0.47613874956052277,-0.12672387312945071
2021-10-28,0.1757043058325031,0.02258937557296706,0.15048549314362508,0.4837502778674667,0.011120327322179949
2021-10-29,-0.08678136809586577,-0.09582003147556716,0.6299195922592326,0.09479669899766413,0.2416305007036431
2021-11-01,-0.23543217145171924,-0.4656268444408923,-1.1703074252964507,-0.748922851751778,-0.5062339420106318
2021-11-02,0.22259105766329226,0.27720378476839075,0.37734888683955675,0.2767622295477485,0.13082470974944213
2021-11-03,-0.051858992601013565,-0.06659677519713579,-0.18690697353880845,0.064347133598844225,-0.0716754028528167
2021-11-04,0.1082992311464121,-0.01079475834565124,0.3923659162802901,0.03534849235421747,0.23526562336751988
2021-11-05,0.04437584206848806,0.17437380445352396,-0.4105720067653211,0.23272972116180157,-0.10263632407054596
2021-11-08,0.1514343438748044,0.16627252942304377,0.17046725803915141,0.4973850366943683,0.09937999478197354
2021-11-09,-0.10507878386043347,0.00937078827478953,0.10101908274068895,0.1354277010098105,0.12631612187450264
2021-11-10,-0.15400806670997874,-0.13166963277772548,-0.07545119869535889,0.18712058815929594,-0.11128112051753784
2021-11-11,0.0690280237225645,0.11852766508061624,-0.8700451269475843,-0.7528175584833416,-0.33612293362651396
2021-11-12,0.30372353677778724,0.297562234424721,-0.20976332518162938,0.05447164255581337,0.01782322181384996
2021-11-15,-0.23311119491130383,-0.04060160533937211,-0.41513815680592997,-0.22266697052720885,-0.11900473643753436
2021-11-16,0.14516884702468927,0.1271292585067875,-0.5583369845659083,0.0281239293390916,0.002120822279946845
2021-11-17,0.16171136525804083,0.02428522502583027,-0.39049812573720893,-0.5370164011158406,-0.05139311391439815
2021-11-18,0.19654029110474014,0.39668391684217236,0.08166761214463508,0.7115966483707116,0.20882190615440346
2021-11-19,0.23749024412893363,0.17969858655265802,0.6379332786339051,0.231571277344499,0.22583606456123018
2021-11-22,0.06523379779795574,0.051843283856410516,-0.6536879580830396,0.18186348203723235,-0.2977956464365913
2021-11-23,0.056586931953923184,0.09104551180615354,-0.3949659523871636,-0.4973510424418218,-0.23759708887010617
2021-11-24,0.2481450074263563,0.16067619425726443,0.17624214498805807,-0.1416680235096413,0.028319581651303313
2021-11-25,0.40238606168780217,0.38322108928010756,0.022285292858726168,0.1066566630351401,0.21222918968124335
2021-11-26,0.5217811167369732,0.6408781208965404,0.5148199245341325,0.7622239461620379,0.49756142344239074
2021-11-29,0.3273945543254516,0.3089316584892599,1.092624885714813,1.5294665235669098,0.347939861659899
2021-11-30,0.029781656011722158,0.13493919205215982,0.22006439445825485,0.12533323710628014,0.24808058308745293
2021-12-01,-0.7933366826569771,-0.3855938190177763,-0.41958167876246455,-0.33967138765813554,-0.4722675739962467
2021-12-02,0.2086236784655908,0.1916832103547146,0.16846262690774427,0.6713461485976492,0.1725685995380271
2021-12-03,0.2859741261089443,0.15637040949078698,0.1563902272212168,0.21486301879519437,0.00971429435912341
2021-12-06,0.08695740207950728,0.08082151717882088,0.0575897648754979,0.04699667934843519,-0.08141799461732188
2021-12-07,0.03525672201872693,0.05248480745404199,-0.1240258964000709,-0.3391085661203386,0.13098970122955733
2021-12-08,-0.006688644313501538,0.13524224632340198,-0.12947876779537879,-0.12173522993525865,0.3279997003021613
2021-12-09,-0.27395637210637297,0.11850875064889549,0.30991564305043723,-0.4286539559228371,0.13422366950989076
2021-12-10,-0.12186415594516092,-0.5560646691043788,-0.4645030723813061,0.07407024635668479,-0.2521467684149372
2021-12-13,-0.13767726339805894,-0.00411199001196752,-0.05743459809082989,-0.15210548184007014,-0.1743467461459633
2021-12-14,0.261116323203771,0.19712541600706315,0.038052515842834214,0.195399045104205,-0.08393127743472915
2021-12-15,0.26317339611861185,0.24846069703686124,0.007160001988834961,0.09648121399790063,0.032216486690335104
2021-12-16,-0.02539840028280297,-0.006354031085150744,0.19224892404398758,-0.4021656437452091,0.2524439165924244
2021-12-17,-0.5778821117214186,-0.5819111869417489,-0.14329420794427464,-0.21476530013796752,-0.27237433073852346
2021-12-20,0.17800730601726591,0.027064752480863735,-0.5492440689575198,0.3826506344652747,-0.09598060565319563
2021-12-21,0.25396523439332164,0.21086390206615874,0.39366731650445136,0.14528347236443637,0.14698769623869695
2021-12-22,-0.3813570468041473,-0.3093840833446404,-0.2508372437273266,-0.6986835638534441,-0.12959153516717092
2021-12-23,0.02043464753100671,0.038185099641063286,0.4048715183808239,-0.12183509736183366,0.1783180428995446
2021-12-24,-0.3006597821787167,-0.29456005753286907,-0.23333553378286953,-0.6187765864372065,0.044739318734452284
2021-12-27,-0.18638822188454535,-0.1730972239566488,-0.20982752091334234,-0.1120534655506385,-0.06581395730299534
2021-12-28,-0.30555232680575484,-0.36990929372332204,-0.270064619700059,-0.6889104888226829,-0.18415757130314445
2021-12-29,-0.11351737330403891,-0.11511845040695226,-0.2542172871791198,-0.14419679060835305,0.00626098321312249
2021-12-30,0.00699631202653811,-0.007562789634558326,0.36796838468613796,-0.14642058495662785,0.2684536920284069
2021-12-31,-0.1884286767435997,-0.268911165155547,-0.4199441971662282,-0.311455010954036,-0.15596051420709617
2022-01-03,0.048861972827826686,0.2842727234377932,0.41781859707078395,-0.030379213660247047,0.29025517341727086
2022-01-04,-0.10836521856271195,-0.04910818296438442,-0.655635092918013,-0.2839669432881307,-0.3567705861046525
2022-01-05,0.31473880996219555,0.33499634793890487,0.02543377329964419,-0.43733436574228135,-0.012574493088332472
2022-01-06,0.25059815301405497,0.2828003138786568,0.46102204623925147,0.16689267034948568,0.03808971684746608
2022-01-07,0.49476058239664095,0.08758880930607345,0.4071098333432837,0.7065263667412477,0.23131475290820352
2022-01-10,-0.007149106965116461,0.017073388645192696,0.4988969283607705,0.2234142115353966,0.35164111483653815
2022-01-11,-0.22214972981192496,-0.17363476997295477,-0.311493309870942,0.10958680137264232,-0.025968329252197192
2022-01-12,-0.23246484245008986,-0.2201822814636571,0.05819146265818398,-0.22272384128751802,0.1784343822522156
2022-01-13,-0.19517135942610578,0.027884927699357902,0.5167511447758363,0.38128868038155006,0.2745815174622497
2022-01-14,-0.23621425401289914,-0.20398990870064326,0.045889718030385565,0.34130449868963236,-0.094062817421511985
2022-01-17,-0.04100199980288306,0.05084307485014053,-0.395764324997876,-0.11528836929278621,-0.22755856722666762
2022-01-18,0.13928345635177955,0.23242254823055675,0.055030184076615585,-0.10761624082056495,0.054161482977628836
2022-01-19,0.026620252296334464,-0.026216030233360436,-0.6996018826421152,-0.001074958806570523,-0.13185598141420657
2022-01-20,0.2419411135916582,0.3691252022786238,0.20562028367292973,0.42045562067436054,0.41233622125723
2022-01-21,-0.051211752598857595,0.06351694409967103,-0.3117559750908143,0.2773321756099823,0.12325065591141263
2022-01-24,-0.06039336542452588,-0.0028693598483799584,0.12802276854141903,0.17398376087590248,0.1838992516496803
2022-01-25,0.024951559801858876,0.15981814911418965,-0.08887358786857463,-0.138831850204956,0.05405115900627463
2022-01-26,0.041452964310694534,0.12951141033460573,-0.15691849567347715,0.1332825302079575,0.17407734459086802
2022-01-27,0.05514401170318663,0.190520631507496,-0.528076026565195,-0.6721065891972327,-0.20278955235752513
2022-01-28,0.128874956558324,-0.5768990369086484,-0.8594396184902584,-0.5297099905737824,-0.2984901368458536
2022-01-31,-0.143881077447313,-0.06688780436482053,-0.30894978683153496,-0.16471727681421566,-0.5379310349364161
2022-02-01,-0.12398028112019414,-0.2466934942462613,0.5266592371340303,0.006254692870343158,-0.011683916550993989
2022-02-02,-0.021266717324499394,-0.06411193056212423,0.510166777379806,0.33746858757336895,0.21708839427811483
2022-02-03,-0.07375535001515349,-0.08838396488778201,0.27126177613714425,0.28762746910951476,0.1021458789134219
2022-02-04,0.010618381200362554,9.434649659911289e-4,1.2785698126529312,-0.4364631663736559,0.3265652413488161
2022-02-07,-0.0927915434694531,-0.09545306509238956,0.35618972861811893,-0.3947361602915908,-0.03647690036734283
2022-02-08,0.11432124999224375,0.22002159242453792,0.10377457278640717,0.21441054860797845,0.23307671296760826
2022-02-09,-0.006332655229642287,-0.18222004871878558,-0.19552496616532403,-0.39978157440274453,-0.0023179304609808743
2022-02-10,0.014218010524159554,0.03694617870507692,-0.024188855933473467,-0.10477080126940928,0.2390844015277454
2022-02-11,-0.02141541986081439,0.12412490948686582,-0.08176493500413475,-0.4221990525999618,-0.20633552181918757
2022-02-14,0.13929467566242526,0.16776223463338344,-0.3177789403678445,0.48160772395854723,-0.060049509837737464
2022-02-15,0.02606708369010837,-4.6418935901643144e-4,-0.5882439626595543,0.11543055746423372,0.009293887575687547
2022-02-16,-0.09728613518614723,0.18156821668826087,0.2150119281965988,-0.17051165039639893,0.03602520155123891
2022-02-17,-0.025779305800926876,0.07787910691391502,0.20286069093542416,0.18053458584348514,0.13587253519455272
2022-02-18,0.03238609924188167,0.05293042663937182,0.003354941513502345,0.5161211064114924,0.11108988236421946
2022-02-21,-0.017403105024597326,0.17311450445290769,-0.4575469182492278,-0.030292476005530367,-0.22507546023565483
2022-02-22,-0.1711100917470828,-0.280447502015447,-0.33528701018574547,0.13170006896605463,-0.29886173929322407
2022-02-23,0.11199525711477798,0.21125857952562074,0.24151409661331785,-0.2615734751799714,0.09712788433515784
2022-02-24,0.04694676801297279,0.28454013938681855,-0.12984245710846223,0.15669436387380598,0.012274816391787739
2022-02-25,0.35344699611162583,0.19046874882214443,-0.7051631699041343,-0.21366276801703898,-0.30170225591892613
2022-02-28,0.06463765138894392,0.22034641537001742,-0.2419426613929551,-0.04420813108119803,-0.42932588283544487
2022-03-01,-0.05220363820678875,0.1180996402595959,0.19830780955228844,0.3741599327312502,0.027674444175557006
2022-03-02,-0.14221182561499332,-0.1496058925173983,-0.8315574481177893,0.13834009104625072,-0.26870167455470423
2022-03-03,0.0340606883881389,-0.10749338969702824,-0.30761637219585947,-0.5172627366884793,0.11504806304983597
2022-03-04,-0.20660511991995983,-0.23647510772861635,-0.6931397851813494,-0.25431623829003985,-0.2617710173404744
2022-03-07,-0.2299454638391012,-0.21327077335410852,-2.0975585767953273,0.22806977862447653,-0.7211982694497265
2022-03-08,-0.07597655761340631,-0.13251028521391775,-0.5841666455930145,-0.3670257008710404,-0.34423121796156536
2022-03-09,0.12092996197618258,0.1241360092190554,0.30511526263830313,-0.22591746119278128,-0.2643068976722621
2022-03-10,0.14318946818934386,0.1676384643268389,1.785357095915551,-0.0741797790477687,0.5964887924726707
2022-03-11,0.048851478580646576,9.87910751138514e-4,-0.12389213697066565,-0.21793908445884602,0.21558687980880528
2022-03-14,0.15020516749998347,-0.13930157106373572,-0.6303063525780195,-1.0438721111137608,-0.10400882499170144
2022-03-15,0.27722147380280543,-0.19224055820855945,0.21262130256444464,-0.4886402260993043,-0.04832117190274462
2022-03-16,0.1088907168359576,-0.06273890910055553,0.3453080588403146,-0.07020246916199659,0.10564354646738613
2022-03-17,-0.34100642003292153,-0.09221773978735423,0.19723549738667773,-0.8509678608186751,0.2008309826134806
2022-03-18,0.05428815300984746,0.1850861906778185,0.8640950326164293,0.31698351032108574,0.5754225002057628
2022-03-21,-0.08089724941462914,-0.2786917409290786,-0.4137626475012382,-0.6975442148489596,-0.05703710190026279
2022-03-22,0.2588722633571633,0.29125288877063094,-0.052344785478280316,-0.10709706359826476,0.11415087433691494
2022-03-23,0.34577093990944874,0.20287984198032671,0.39897961399239834,-1.1656518840957517,0.42959890804537093
2022-03-24,0.22681953793676307,0.12444315954260005,0.04144074527210507,0.1699779975047412,0.294715200101183
2022-03-25,0.08443370004774803,0.15820669509725493,0.08623899193022153,-0.9228370009093103,0.1994758219462251
2022-03-28,-0.3671936841140695,-0.3211056924589666,-0.6122510380862517,-0.45357326462374054,-0.36710766449376364
2022-03-29,0.07314632611610278,-0.02733307276412343,0.11598605712139473,-1.0515102617786072,-0.16936309981514525
2022-03-30,-0.02914245602505524,0.06478126505305495,0.8626560934087287,0.23356150281855906,0.20806888069370771
2022-03-31,-0.2315710938471643,0.05698236275646153,0.5967860376721423,0.7154838034217343,0.11949291409652593
2022-04-01,-0.030963920236962574,0.1418047420358437,-0.6611088226663839,0.3364186032412283,-0.06645979776266875
2022-04-04,0.1162967818253207,-0.20957893814123094,-0.2539006869792369,-0.534372281980582,-0.07994764280641392
2022-04-05,0.18850292094531876,0.10703023353821703,-0.538463833474951,-0.07841128477328863,0.13113876042045716
2022-04-06,-0.10911203879518791,-0.12563709395143727,-0.8960099072555177,-0.8390925593087787,-0.2866870260300034
2022-04-07,0.07211329058409176,0.13464995078303454,-0.17820194498414071,-0.08267563026641969,-0.10285313601896506
2022-04-08,0.08101422881166331,0.08255836392025885,-0.2797999718109441,-0.24270411697983388,-0.08889008838727927
2022-04-11,0.09021357203046639,0.029748344828289204,0.19894063144235558,-0.19097080810845393,-0.07467349263607019
2022-04-12,0.22857910786947855,0.14700321514546202,0.19284636326300086,-0.6843525839700122,0.05133031833660352
2022-04-13,0.10022908223780869,0.15543495206988178,-0.3757623211254551,0.0032423764049984982,0.15784410491012588
2022-04-14,-0.01997479269799166,-0.0296309872291719,0.5299271182805435,-1.5157569410042745e-4,0.23925786294278287
2022-04-15,0.018325251768227194,-0.14412710633957285,-0.5553138034554405,-0.6128684569816804,0.4980606894994284
2022-04-18,0.07451948683945764,0.14639399535978684,-0.10480450347091722,-0.367921210939638,0.15896097735211256
2022-04-19,0.46149495892324355,0.5487118039294251,0.11477470430786589,0.017809712452888565,0.282964229726023
2022-04-20,0.10803778475612247,-0.2445852707012637,0.16645608601779005,-1.7140669844142926,-0.3228880941304331
2022-04-21,0.6233595847805115,0.15090689679650257,1.1581424030699408,1.3804486624845627,0.7988694760415959
2022-04-22,0.33524382468603786,-0.23019249509507045,0.3421222820022262,0.12777497623083683,0.43220228314786446
2022-04-25,0.8437758490958456,-0.057797678937960846,0.642338422747865,0.6515259370019669,0.6246218837926967
2022-04-26,0.9001629827342246,-0.14816877445708773,-0.008767369249210788,1.5140880056970287,0.7438794649583359
2022-04-27,-0.5934115507285904,-0.7631713449206687,-1.4120220223657722,-0.15172001107314773,-0.7222036359841992
2022-04-28,0.6835396663744789,0.5593187457049467,-0.3407422728218668,-0.10738832923112777,0.2750291887479108
2022-04-29,0.22529785634743366,-0.7610174371521167,-0.4668449534129525,-1.7909589333719222,-0.20173039694590345
2022-05-02,-0.20686775310039324,-0.16978263199093435,-0.04224784587275754,0.10707073473527545,-0.1273782211663415
2022-05-03,-0.019736919990852166,-0.02113407996983972,-0.24205097878083937,-0.02953930844791356,-0.17299595570784254
2022-05-04,-8.665798651527803e-4,-0.0039769312097664,0.13165606248594247,-0.004842358320113241,0.05410133899217462
2022-05-05,4.891215770050257e-4,-0.002549043096970632,0.9174232519160775,0.6872764624914736,0.7198673821538129
2022-05-06,-0.10346317505981728,-0.8144243698048488,-0.682701876738306,-0.8539746977369898,-0.4953592280198509
2022-05-09,0.4398007709352595,0.08216459508169033,0.23649727629056116,0.007365284062925803,-0.013064161064528207
2022-05-10,0.39150661864024644,-0.6285685214351586,0.6794556105143708,0.5977356613645142,0.14302719614015316
2022-05-11,0.03272634661346313,-0.2540511702623034,-0.19533195940511422,0.07644038159942565,-0.0750687783210366
2022-05-12,-0.12544240454183572,8.109836524622382e-5,-0.3634909029708831,0.27899522047219755,-0.0895546672853193
2022-05-13,0.36387899233609916,-0.5775446412467328,-0.9646968205744213,1.3931044649429747,-0.051242558793167185
2022-05-16,0.17166818772304515,-0.07859803855890476,0.09190331416170175,-0.3456789978237448,0.3058902898464229
2022-05-17,0.027241278414581252,0.022306952292563076,0.3881229062579365,0.33501241040809077,0.2692797551296684
2022-05-18,-0.29401606084722115,0.4329100225371825,0.8273393868350697,-0.6579799939034543,0.27594802654148676
2022-05-19,0.19577241852300448,0.10817200778638739,-0.28122247310371373,1.348846520347594,-0.12182276302841216
2022-05-20,0.1880068305301484,0.789373063507699,1.095112549732107,0.41540119975821727,0.844694605800632
2022-05-23,-0.2745567745838616,0.19776170011700486,-0.15204050644797515,-0.3064995547167833,0.12991170210705438
2022-05-24,-0.04241350278151794,0.6953996104539791,1.0340056641715083,0.005576366651428535,0.4844775455626748
2022-05-25,0.13225100824704678,0.26928814951678015,0.873815382586114,0.9847956267145839,0.589622680353388
2022-05-26,0.02557731434774817,-0.5100247906492004,-0.2728870599589573,-0.15438897155656955,0.016062034401244263
2022-05-27,0.059801668727962255,-0.762206985417915,0.42928139363215234,0.11296955286658569,0.19864538542144883
2022-05-30,-0.4226523247261481,-0.032860188667295065,-0.35230274247507526,-0.6060858790497815,-0.013981744700171203
2022-05-31,-0.36969902869018223,0.2593243355243964,0.022932921864165873,-0.7720681686653224,-0.20166384035034585
2022-06-01,0.2160947477850447,0.17555400418844752,-0.08245508784404744,-0.5752352032590121,-0.0468219536732244
2022-06-02,0.14834594572606705,-0.05374333123793868,-0.66294915476108,-1.048705976608974,-0.26391590502215245
2022-06-03,0.21884725286880283,0.5695663339315468,0.952811753701672,0.19867601098043777,0.41328663898081314
2022-06-06,0.026734165699686153,0.1351386712119281,-0.03389141860888237,-0.5811868110100196,-0.1972941972418296
2022-06-07,0.013400242667738526,0.14265388844693044,-0.3195079194386386,-1.1920825159864379,-0.21397075684442593
2022-06-08,0.09296808382930451,-0.1240287646530611,0.08788561102629733,-0.590551634764112,0.2117098820079795
2022-06-09,-0.017025124584133335,-0.26110900240393836,0.1630178172121999,-1.2994598529122932,-0.09836639037030226
2022-06-10,-0.01578362793626207,-0.2003847712270014,-0.8981865082050252,-0.19104393026044791,-0.5156292659453611
2022-06-13,0.19055480730453864,-0.113930721748254,-1.2293534251668197,-0.12198733381824597,-0.6579718227485014
2022-06-14,0.40994681907591257,-0.33276221509713244,-0.6132718885075588,0.7971402935356975,-0.10459992018255021
2022-06-15,0.16404696400425295,0.21157722257385286,0.19905644702647798,-0.5835102821773862,0.16956761480842616
2022-06-16,-0.17908658893652155,0.2555621154457056,-0.010437446201845724,0.5806728170541985,0.3313493867645066
2022-06-17,-0.28553802313355525,-0.05058825174291727,0.6112291606512246,1.1094182722202188,0.09794589246357281
2022-06-20,-0.06198747437023905,-0.20783705597550114,-0.40333490183604975,-1.980869282277212,-0.36604556958283796
2022-06-21,-0.018778803545420837,0.297123302160419,0.1789953300806948,-0.17340163473534748,-0.11358021013329615
2022-06-22,-0.070573974651047,0.05383899718896784,0.083954443149096,-0.9569589373133204,0.03267887493488787
2022-06-23,0.14621989903107785,-0.01660187522946849,0.4761787675808745,0.20137177466808154,0.05730601037619891
2022-06-24,0.050749025719291546,0.07511491470336905,-0.28954977615166977,0.9313766125120391,-0.09911427243236925
2022-06-27,-0.09463579975976215,0.044290059620224115,0.27027400240558275,-0.127372625060812,0.11666638264247811
2022-06-28,0.026990222433859543,0.028562652822848464,0.24474840632356867,-0.25470912065122486,0.10818427358645845
2022-06-29,-0.15292234239355174,-0.39955070518367775,-0.6485454362681581,-0.6488927638350716,-0.2639056736853156
2022-06-30,0.03515747977581349,0.0717418114842943,-0.8135420264976141,-0.42868754021386946,-0.42400420712491094
2022-07-01,0.18338475796081946,0.21749001513861413,0.2923485842460891,0.7044454493592276,0.16863065601727834
2022-07-04,0.022431346244412162,0.010837925056882351,-0.3649960127205591,0.6454707168869416,-0.30070785216457896
2022-07-05,0.13775003232477379,0.167312220850375,0.04818821429012708,-0.3592233612595997,-0.025881346597637578
2022-07-06,0.17225434320425323,-0.11036179820072042,-1.5386592000744088,0.32421183888910793,-0.5197152354737656
2022-07-07,0.14333096091434017,0.26769259686550856,-0.9239634091488728,-0.1654911409736224,-0.08637292990164505
2022-07-08,0.10322280318253942,0.23819345095875571,-0.28787339158095143,0.092683933173092925,0.3385886776025196
2022-07-11,-0.005524502786582064,0.13187646954985988,-0.12280324046430374,-0.29375213523180177,0.22526354276201827
2022-07-12,-0.0025054438087160173,-0.30722003653244134,-1.2005062095582848,-0.8381338789956448,-0.33844941170957943
2022-07-13,0.2252836049543133,0.05514941832706893,-0.18306036807622383,0.5852332647959622,-0.1083039732001268
2022-07-14,0.041848671047208894,0.09914991720023467,-0.04446201935176279,-0.5655982829758703,-0.0070042900978194295
2022-07-15,0.16253129950750178,-0.37466807048935036,0.07770433619559379,-0.8962647185906054,0.4685717126508299
2022-07-18,0.14174026792405178,-0.004107973317729163,0.8319207051091677,0.45157458786897603,0.6615908128125676
2022-07-19,0.11413197393628036,0.29923976624299764,0.7564923274527863,0.2244141516381259,0.44383930157771523
2022-07-20,-0.048364069766063805,-0.010420261472778955,0.945327593487382,-0.0074012847880204555,0.5232322852960692
2022-07-21,0.0343704789560897,-0.12369480318110695,-0.22182466809213885,-0.10592002803870819,0.15956206487805605
2022-07-22,0.11921031799820862,-0.07811630809491737,0.4387279003547148,1.037945807135835,0.43964163026527414
2022-07-25,-0.09053661800947611,0.0908244467120287,-0.21958494573305162,0.617836460607117,0.10934381325495761
2022-07-26,0.015279795300390576,0.07213359885129914,0.22722821810535837,0.03336390479837112,0.29573574464897684
2022-07-27,0.0600008979322447,-0.11457889186524736,-0.830959137036674,-0.33821342021296646,-0.0281811618140852
2022-07-28,0.06724505364089389,0.09883033115016088,0.6565779769532148,0.6339780909841869,0.5707036503855113
2022-07-29,-0.12314427900586226,0.06275435291557549,-0.1559588841085212,1.2287663272004599,0.3039761319750332
2022-08-01,-0.06873294946272093,0.00991103940798013,0.0766575563774186,0.8747623262129393,-0.08547807111085592
2022-08-02,0.03375171623450556,-0.31514961872289826,0.5807940905666706,1.5527536869127252,0.39183444934216005
2022-08-03,0.07477474732976482,0.22071409721878787,-0.8393984786846349,-1.0718313296369077,-0.3042109922711392
2022-08-04,0.058349897100511396,0.025274967129074954,-0.12127529285190464,-0.5598722074709124,0.12197479927757932
2022-08-05,0.03219938773247693,0.16526042697057647,0.8792027533609772,0.9480808396556881,0.47070674264721224
2022-08-08,-0.05100583686807586,-0.2071237866819874,-0.61530879881234,-1.7298114932397268,-0.3406594092940965
2022-08-09,0.05742050696405524,0.17635258466858375,0.19414563893451953,-0.033640293784530984,0.19830066108231353
2022-08-10,-0.0672779590668281,-0.05940049562877195,0.06737951102334307,-0.33369789328307825,0.004800734438438509
2022-08-11,0.0317694110934725,0.4584241523502023,0.963192494906627,1.7577179213744578,0.7386407091238758
2022-08-12,-0.263074256588479,-0.45950699462648437,0.09771770425476292,-0.1302619053535949,-0.004121685819356846
2022-08-15,-0.07604841385847991,-0.11972870271197773,-0.5917547239399872,-0.275502788774385,-0.10179639597708161
2022-08-16,0.3308672821546466,-0.13645521974209024,-0.7140704800882297,0.40682409971935507,-0.2502073575253265
2022-08-17,0.21969120677556397,-0.10566735070249286,0.08457377145118677,-0.6283207526902651,0.012351987544906434
2022-08-18,0.06994836305665261,0.11668283802743233,0.14589258294151788,-0.5571342620597554,-0.16389033096080852
2022-08-19,0.15502523519897296,0.10648992938092697,-0.7131723976336771,-0.5637950327437073,-0.22279501421282355
2022-08-22,0.0723872059020031,-0.3849630599821702,-0.6562284268858276,-0.9485185797176655,-0.5282610544686451
2022-08-23,0.20119083949160127,-0.3815616473204244,-0.913961838372095,-0.3156351637026756,-0.39330014725859397
2022-08-24,0.20999605210240688,0.2837385306446329,0.2476379388521979,0.7253259679933786,0.31318838113832814
2022-08-25,-0.04840550038945577,-0.3746452409971741,-0.008030301388925354,-0.22773260698839462,-0.015469789880730805
2022-08-26,-0.3804439258208212,-0.31698090150660124,-0.34828177630285423,-0.027203921269564904,-0.05900466723953979
2022-08-29,-0.18200985067434583,-0.5223005947614252,-0.5163859554036672,-0.8145293461648981,-0.7163078752990553
2022-08-30,0.29563107598780036,-0.33700861009265115,0.965320754760999,-0.5756407616303445,0.15465171559678376
2022-08-31,-0.06513660205642585,-0.26543718938127686,0.20064784588150106,-0.30400968858253336,-0.22402068711402995
2022-09-01,-0.027055643148194072,0.23723708013074887,0.17259607332697047,-0.4563609401726448,-0.18312447325832604
2022-09-02,0.10702315620793067,-0.06731560631624411,-0.7177656555529319,-0.515916906576727,-0.17647102081881055
2022-09-05,0.08743915284583681,0.1436445891549234,-0.5236125290000908,-0.29659820811651205,-0.1359435178265685
2022-09-06,0.19982124863020442,-0.27069602313589597,0.5003449418091682,0.184791953115446,0.2088063190750941
2022-09-07,0.21819629374990235,-0.17593214017721587,-0.2538605133086149,-1.7068289497274174,-0.06838639883377919
2022-09-08,0.05998870692483814,-0.1987999027030452,0.9488769028839061,-0.9126873154198051,0.1238058970491761
2022-09-09,-0.10319765498250577,-0.036444383247763584,0.26151690530070765,-0.04997569069968963,0.031402677554372246
2022-09-12,0.013235519421219515,0.47052805222718036,0.6826029230734896,0.9134324899844583,0.4647299637488656
2022-09-13,0.12608694776113727,0.2517653819298779,0.8488141368379453,0.2672686454441825,0.5194556329553088
2022-09-14,0.056697132598915956,0.1117544074817712,-1.2462284477432615,-1.1993663919319162,-0.4742731028508167
2022-09-15,0.49620216489777597,-0.01503964350778459,0.2320378265806295,1.3367387758304465,0.29358948551253483
2022-09-16,0.2677167179182969,-0.2859034448425305,0.27086288755350807,0.07284941458712446,0.035436287548123654
2022-09-19,0.04311606010776277,0.12609798597052518,0.4000247096333914,0.4256905107610288,0.2713365541750988
2022-09-20,0.3341628052381165,-0.017241946564347556,0.490983519745862,0.07029595637974706,0.32003203004134856
2022-09-21,0.24798878196628044,0.016817530904447313,-0.29279128006732386,-0.06884937802712279,0.1319412962657362
2022-09-22,-0.090137044719599,-0.5639566920720419,-1.6112405458075778,-0.6391217750084338,-0.6558285504928202
2022-09-23,0.30867051681199764,-0.22382354274364152,0.083292834313415,1.6551594064290798,0.07385892505153258
2022-09-26,0.2988817634401656,-0.5327833139363622,-1.293600249117598,-0.3709559932194215,-0.5794512678934519
2022-09-27,0.07346450307551736,-0.40521956837356626,-0.9496019140843277,-0.6990623049390465,-0.6635570443983343
2022-09-28,0.6950338734142723,0.17845224426466397,0.18967827363707324,0.41999144949322614,0.2264123508012318
2022-09-29,0.549833174672806,0.15975663605279772,1.6243116008237877,0.6922858662520673,0.6773821061931752
2022-09-30,0.14686485320529258,1.1442031838365674,1.6554590533907843,0.13319533530185385,0.7131306416248151
2022-10-03,0.10534447622315973,0.5087237141414382,0.0763425712755526,-0.16452643208616566,0.10268602097853552
2022-10-04,0.25422774814760807,0.3706827855622946,0.6552721310565645,0.4161202758922347,0.6240465060423603
2022-10-05,-0.12658423470078425,-0.07743198565953142,1.5091080934347767,0.3982201038961459,0.6460092119694045
2022-10-06,-0.21035514437453293,-0.20357184655854277,-0.5871387237335771,-0.585283517688446,0.13017354170197473
2022-10-07,0.0918626123065712,0.07662933437871802,-1.2383092656352404,-0.3680587344313872,-0.2762926488700509
2022-10-10,0.28942818000877146,0.2892348542723122,-0.5577772137940287,-0.0880472867532339,-0.22208381972928312
2022-10-11,0.06343024091555681,-0.45513595583771294,-0.3691598399362959,-0.13120115797170256,-0.28239645402565206
2022-10-12,0.5013443266142188,0.22448089979817235,0.3101570084341039,0.3405176537113216,0.2674947657403584
2022-10-13,0.2842176597940379,0.11553070601415937,0.3415653818629402,-0.3487094580790681,0.5792144561485546
2022-10-14,0.2596348128308685,0.30761761219506295,0.7345240605012221,-0.21817773199916424,0.7236738066904768
2022-10-17,0.24601605565554083,-0.0032284869984009895,0.24185957916914524,-0.7339886615386829,0.915423947707358
2022-10-18,0.3607223354495488,0.24136904935080908,1.4649737453424483,-0.016582717705826394,1.0357576305603962
2022-10-19,0.07398488637234285,0.0024814898066308558,0.5116756219621746,-0.14751871128847316,0.5374975672639555
2022-10-20,0.07234837422682486,-0.3058701413895526,-0.8156523213965458,-0.36635927569864774,-0.1166722402200914
2022-10-21,0.20259870135004499,0.270342999634927,0.13742706737989258,-0.10011201264919511,0.20534836042559054
2022-10-24,0.21632914989137758,-0.12357980141990176,1.036803958190406,1.7488083484968724,0.8433634253238264
2022-10-25,0.03735521313206695,-0.2954756254215621,0.496638971995509,-0.45838073295692794,0.061282436692720876
2022-10-26,-0.0595446476779147,-0.7154844126072171,0.824472390576248,0.47061462825771305,0.26797607706394627
2022-10-27,-0.4670887199068304,1.1811326936539308,1.005343733191245,0.8692041254425461,0.6089744767353469
2022-10-28,-0.043310742100916254,-0.42839536516216115,-0.9730914033044276,0.07517294141853226,-0.13405463100898013
2022-10-31,0.14659405683592464,-0.287520128288853,-0.19509241346342301,-0.8917996261218127,-0.06492116426618201
2022-11-01,0.028413735406487967,-0.7673530932968291,-0.7355508004597785,-0.7584086789585474,-0.25841351538890756
2022-11-02,0.2993375424602658,0.4424722090506052,0.048680078749335554,0.7421236479480605,0.21673853003790053
2022-11-03,0.0971367958439424,-0.008923905150106673,-0.5919367416851585,0.1737376324490751,-0.09569011155406543
2022-11-04,0.14074024545418895,-0.04157853005442652,-0.6664014237166911,-0.18843375168742488,-0.19145750540832143
2022-11-07,0.09814851810147808,1.7996985667587693,1.7476787344548796,1.0946437019384032,0.9509147120794497
2022-11-08,0.016370054934816358,-0.27791984775080186,1.2867525425407464,0.31181971827900445,0.9054867699205915
2022-11-09,-0.241056718442411,-0.5828667855470594,0.6607250852236055,0.7091706240198521,0.3982304443011225
2022-11-10,-0.9894361538338416,-0.9937932093122586,-1.4085124089647807,-1.469573043281402,-1.0162427180232774
2022-11-11,8.624612917090546e-4,0.6839103483491177,1.5787072397095985,3.0670123304887786,1.0236876182346093
2022-11-14,-1.5525760887994373,-0.2856609066276676,0.11144232284681643,0.4476709949279194,-0.4635693828666655
2022-11-15,-0.9916158230033927,-0.29704451577345775,-0.7703796819514949,-1.0531026826584684,-0.7920612814384984
2022-11-16,-0.8194200418291823,-0.30895320934971904,-0.45237581890170525,0.003646789406986123,-0.8096460586049427
2022-11-17,-0.5758076922566394,-1.145223255744041,-0.1812764488790426,-0.6897029009219049,-0.7777090680807086
2022-11-18,0.09816132443711793,-1.072961237054124,-0.16719952935063598,-0.6865105310854784,-0.5192134255311527
2022-11-21,0.026528517647584092,0.24374452518001927,-0.3349214574388498,0.014171672225150658,-0.2234121844713486
2022-11-22,0.556275980704254,-0.01881444673574245,-0.3500408081987999,-0.7478933566160608,-0.0022551329908652717
2022-11-23,-0.09449613564412772,0.14643011639041925,0.3620507023045497,0.35854941273993757,0.045703276549557144
2022-11-24,0.0737308522481556,-0.23397407597952374,1.1930506301946726,1.4940622220786728,0.2361611487225423
2022-11-25,-1.7400798924221634,-1.598410913080122,-1.5686423723059142,-1.0463022714528318,-1.5880406143914965
2022-11-28,-0.6575064562121755,-1.0319526730410051,-1.0716199657711698,-0.8566684328483829,-1.2678330078221
2022-11-29,-0.155166234375103,-0.833168574460752,-0.5049192984069171,0.09364157591329593,-0.6359656404048264
2022-11-30,0.6795397180382923,1.14452640345259,0.38185405953698504,0.6989498262756827,0.6874079067929246
2022-12-01,-0.5622937836506576,0.7760527251409659,0.3661694835852495,0.4184073757665405,0.7843607655823566
2022-12-02,-1.7532044941706835,-0.9780500975018929,-0.575407540618105,0.03949982923084208,-0.8462108719495455
2022-12-05,-0.7055944054089991,-0.3595759871764494,-0.3644103356514772,0.11635557085516375,-0.5458067672931812
2022-12-06,-0.5522438023320639,0.3619052414952001,-0.9753804965198596,-2.0349252821207617,-1.1114629612499252
2022-12-07,0.5142865344205578,0.21191701135083113,0.12334995731515316,0.13048303621068946,-0.07474860767977243
2022-12-08,0.15958738079011456,0.43129079580577795,0.5059095431587963,0.4560444937754822,0.2849930762366782
2022-12-09,0.03480210512093383,0.213860630638245,0.5635665198144901,-0.08838674581282024,0.3188361743879077
2022-12-12,0.12836623247340295,0.3199615123984222,-0.10565908763075935,0.036903051672552666,0.1895428805522059
2022-12-13,0.32970500991286716,0.1037882944758581,0.4682957365629284,-0.26614261038961157,0.33699897026526904
2022-12-14,0.31959826472224495,0.7627176277950227,1.1659061351653786,1.6268309378419652,0.9736734688410741
2022-12-15,-0.8075308965978549,-0.7576272902795661,-0.1381316338695574,-0.44457981492297804,-0.497489116228598
2022-12-16,0.4364776098557264,0.07353022776251059,0.22451052195895893,-1.2430249496304082,-0.5720612234570863
2022-12-19,0.2722388531611216,0.20162075590561,-0.2925251171818224,0.7684398636855638,0.048537341543424706
2022-12-20,0.06874397494911967,-0.018180586070516216,0.23675352234153305,-0.07816535359461588,0.22952879398930115
2022-12-21,0.18876133349888288,0.43138215254213513,0.3498590325106752,3.9633191941517314,0.6662883616690845
2022-12-22,0.10165666685920231,-0.1042553718480869,-0.01430600452662445,0.2946637201755745,0.3880937035502801
2022-12-23,-0.25461500494274514,-0.33247314176630893,-0.337801093084784,-0.23695241646019657,-0.15256386311653874
2022-12-26,-0.037483732575705114,-0.15668884554576856,0.542892437588644,-0.35922140541571934,-0.07780857686717646
2022-12-27,-0.0036691055603694247,0.35354284154597515,-0.13894611801962956,-0.031846468638204395,0.32902982146802934
2022-12-28,-0.0563057409455484,0.06694464090040649,-0.11596467335200268,-0.601362561442432,0.0284117734720203
2022-12-29,-0.010481685864873238,-0.24952512846961714,-0.10006290190750794,-0.49853538054681645,-0.1091571232489277
2022-12-30,-0.0012030539774882042,0.1431782567172101,0.2738266109888769,0.7663627877832719,0.37695016212322036
2023-01-02,-0.39671173030833923,0.5957691748973695,0.12218507323726542,1.2913989071294927,0.23119998450050544
2023-01-03,-0.0735362204860574,0.15193461640975567,-0.2724286113343026,0.22807624327397938,-0.18828945387102827
