Date,CNYAUD_RET,USDAUD_RET,JPYAUD_RET,KRWAUD_RET,INRAUD_RET
2010-01-04,0,-1.5472930776857012,-1.0884698958447552,-0.33882211761131875,-0.844364313789665
2010-01-05,0.07147564583155469,0.032968681411310895,1.022198358321483,-0.7934469059869039,0.3016665875980471
2010-01-06,-0.9579924259243828,-0.9135052276477207,-1.7060018928736247,-0.20450478818709095,-0.0036553477313947536
2010-01-07,0.23670634407758043,0.24931849259099473,-0.9233579375729073,-0.15319278381266468,0.3526893337793189
2010-01-08,-0.7462202893380968,-0.7535345410378499,0.03348778042843205,0.15753977878400974,-0.3621852244155706
2010-01-11,-0.5415067494576602,-0.5478705106452283,0.13525549701662137,-0.32769999567049996,-0.21485894390707536
2010-01-12,0.9826085676093549,1.0197199748715526,2.104498717274371,0.7434152025650925,0.4040522285559782
2010-01-13,-0.3295286024875826,-0.3954683818003382,-0.72496915767176,0.1345591501301513,-0.05300369072447547
2010-01-14,-0.8215376999304912,-0.7874519094777417,-0.6907874008984605,-0.7993694263950901,-0.9538043036297489
2010-01-15,0.8914829520963299,0.9293374451378515,1.522470777238214,0.5744402125232935,0.26343174886118315
2010-01-18,-0.42487701628100993,-0.4805699805868455,-0.39019856766960015,-0.2981257277544418,-0.08304361237415532
2010-01-19,0.46568948288799483,0.4854886118098694,-0.0977881581156603,-0.16202945012217654,0.03557282687904792
2010-01-20,1.2453175044218108,1.2462341583548944,1.2407234490960402,0.7719278382337315,0.6325932639706945
2010-01-21,0.8256911692157053,0.7677170499185051,1.6831712027483614,0.21378314986925592,0.8827507889766419
2010-01-22,0.4003944602136393,0.3856695003649748,1.029259528950345,-0.7497836287054926,0.2448399034877214
2010-01-25,-0.41037042516738476,-0.41709967665850733,-1.1057887135486424,1.5195190579857498,-0.08213007951832857
2010-01-26,0.49904773818803144,0.523358470441596,1.3382331527570566,-1.5412036380329948,1.0169539551191635
2010-01-27,0.4692358183923593,0.4508501629549274,0.1665638376825918,-0.39651257391816336,-0.4258050149651058
2010-01-28,0.32280412557832744,0.3011514698162994,0.4425942603729624,1.0922172902823162,0.14664574301387534
2010-01-29,1.0483348161574335,1.0498307411310288,0.5141751460406853,1.0505636038221058,1.6187029793576757
2010-02-01,-0.8031347441916035,-0.8424863796442217,-1.4035497480751613,-1.306161709235343,-1.023406155367434
2010-02-02,0.4728451723136979,0.4900645626737118,0.8279258434365779,0.9078057218494255,0.7310638174256664
2010-02-03,0.6002440395392974,0.6126656424209352,0.2038240123288408,1.600263256255535,1.1568920950860748
2010-02-04,1.541073003148381,1.5026044834075416,3.0669752908370005,2.077826320560013,1.0009307389941118
2010-02-05,0.10447810817180686,0.08966503084190437,0.36177519616862974,-0.882185630283242,-0.7071283814618676
2010-02-08,0.575473575975858,0.5574632095072843,0.486307575858827,-0.3211497805938889,0.26352949523788594
2010-02-09,-1.569621908072369,-1.5735561432274519,-2.1976391042362473,-0.41767915418083723,-0.8604175599718547
2010-02-10,-0.07490737736556416,0.012969981566576309,-0.19733183331266338,0.059344846159632134,-0.04079485063733178
2010-02-11,-1.5518163545967583,-1.4712301892214121,-1.3066529611399436,-1.2268471502146119,-1.5504943371288573
2010-02-12,0.011546282391120016,0.03492434791182215,-0.10279339853614061,0.045182011452542636,-0.14044144420209237
2010-02-15,0.04479651661467152,0.053206428643007134,-0.06324768186715499,0.3107986745898317,0.15055705295152716
2010-02-16,-1.3402870910906508,-1.3803337574617343,-1.5664650525566302,-1.1095733690325258,-0.5462231559521478
2010-02-17,0.1989459785487077,0.2808942671133232,-0.6505792204693928,-0.32586849435294296,0.13761935821024143
2010-02-18,1.060230008902303,1.022593034887989,0.032636977318378384,0.6012654061451574,0.7597606720421304
2010-02-19,-1.0272702225555181,-1.1377295105012815,-0.6635910049797822,-0.49456597887245946,-1.1267721741039947
2010-02-22,-0.09679714348158767,-0.05840610949775438,0.2899489752967293,-0.4015522995592034,-0.04038696883943893
2010-02-23,0.8421801022073504,0.8527211568216022,2.045240642261971,0.09479696703197762,0.4854868151622908
2010-02-24,-0.10326670009497091,-0.1778619651369972,-0.2564718309831518,-0.36785997949326504,-0.14919671808875584
2010-02-25,0.8531329019998363,0.8764876268294632,1.9237989793939791,0.491777477172115,0.8205999011664287
2010-02-26,-0.9899452357057833,-1.0261141893486032,-0.5710468266458621,-0.9063284564607255,-0.04894699962729787
2010-03-01,-0.5958443307911794,-0.5560901294535119,-0.8654762777858412,0.3985073259253824,-0.7586144263474306
2010-03-02,-0.5245244448221764,-0.4782128576621446,-0.02883424141876923,0.0911225099527321,-0.6724573220858507
2010-03-03,-0.021706708455633196,-0.0523847920302509,0.18811776636597194,-0.019429971658575906,0.928840573471543
2010-03-04,0.6073750940777514,0.6217466743929547,-0.05586844819552176,0.42437915086256844,0.5019905533089524
2010-03-05,-0.8619814428924946,-0.9007912313037345,-2.093821398009622,-0.1237356042724233,-0.3670740064313911
2010-03-08,-0.12588183474118697,-0.07005165992040088,-0.18685327515428865,0.3993056385771739,-0.0017489318328728631
2010-03-09,-0.7655716913784296,-0.7588951118327167,-0.37467149229489816,-0.6889600582617674,-1.0947470988750865
2010-03-10,0.13700423007354248,0.13394926912623248,-0.38890115024166466,0.21784481765453434,0.5186068480203416
2010-03-11,-0.15443108007284198,-0.1572550202584477,-0.3765517579232094,-0.3462779239467538,-0.3821336259712882
2010-03-12,0.07107338492793502,0.05058960509655615,0.19073517251795144,0.4722784221447047,-0.10987102935879871
2010-03-15,0.13575612751007915,0.15487407978287182,0.3989952996653881,-0.31899564342786235,2.492580978427873e-4
2010-03-16,-0.5780413124923091,-0.59552238178701,-0.5489243556590916,-0.576698025367638,-0.21617140739260582
2010-03-17,-0.5445371371487594,-0.49648977013520035,-0.6450729021825515,-0.5026002607574256,-0.27986428846905526
2010-03-18,0.22187903773053702,0.24266864572435387,0.1646546188478539,0.1768775335145851,-0.032350784488923895
2010-03-19,0.5953672469226444,0.561903694073171,0.5322270031535722,0.19801297318842648,0.8611443570734832
2010-03-22,-0.2283334173546577,-0.25064981748493725,-0.049212498143296424,-0.3106422647292421,-0.6061719953923976
2010-03-23,0.035919019329868546,0.05351345158038935,0.015981672907324423,-0.5276751905139674,0.10130027238257844
2010-03-24,0.6600180193146523,0.6679094123369242,-1.142917263617574,0.6755268675804378,0.6931848010064636
2010-03-25,0.4019608217400872,0.3740458214245076,-0.21750366581700253,0.006240415885094719,0.27438358944452623
2010-03-26,0.4764141507850662,0.464379627763381,0.504358937150198,1.2142358871489938,1.323662320706772
2010-03-29,-1.3321281917464045,-1.3466619721773065,-1.321195796400783,-0.8151208539770137,-0.46254894219410536
2010-03-30,-0.2934539609113951,-0.24274658823687734,-0.6214679660499469,-0.0355531347023076,-0.6191562006216703
2010-03-31,0.3504114942843061,0.3538679790073531,-0.3897871297523212,0.11227852331534682,0.561091752408192
2010-04-01,-0.5271946336452759,-0.5593277945706541,-0.9034707261377293,0.2762145210308895,-0.0021264395517213847
2010-04-02,0.06625606043125329,0.1026506739350493,-0.6297206552505082,1.8151650660035827,-0.3711883660074812
2010-04-05,-0.11923838045724619,-0.12983240286095915,0.0835316122955201,-2.0447763225202062,0.8108198241116233
2010-04-06,-0.7524764929529901,-0.7579274086291528,-0.1584161673444141,-0.39173784178583265,-0.5668660371187074
2010-04-07,0.027695987911653383,0.052770941426644374,0.5718042457442635,0.007188099990544997,-0.1813050947698715
2010-04-08,-0.17390831756301922,-0.18473364564843703,-0.2870867683302478,-0.14299934841571385,-0.07076533338624502
2010-04-09,-0.46560630564170197,-0.4962746077285726,-0.23814835955198616,-0.1389793870154289,0.0037215890381386736
2010-04-12,0.6816297969181792,0.7404446244775834,0.7263405705536943,1.0468366579067783,0.24872373711485432
2010-04-13,-0.09387182955966228,-0.12730760729559457,-0.1146104928287375,-0.6693411242436367,-0.6447826427835477
2010-04-14,-0.8793253720354438,-0.8759245110726094,-1.0372513613873668,-0.2115241093988817,-0.13633054957867793
2010-04-15,0.1614662119175214,0.2067233820472691,0.48759469125782806,0.8330060275213466,0.029761956621395587
2010-04-16,1.070908333085738,1.0518151854626703,2.054923955380763,0.9864666205460957,0.9828095520928456
2010-04-19,-0.05301408388295273,-0.10220472762914765,-0.4108373416279618,-0.5901730922329557,-0.8869045763719353
2010-04-20,-0.6719728264779106,-0.6562598299650955,-1.492072077383688,-0.9293026341338981,-0.046287984036013946
2010-04-21,0.348774836486697,0.4040350024565159,0.5121807920931303,1.244141976240832,0.40504050452373397
2010-04-22,0.24615203086747306,0.20824061600949179,-0.10748700998557131,0.19725660014774737,0.16551656723257474
2010-04-23,-0.24860304495409466,-0.23645212227983955,-0.8526345163519218,-4.074287637564067e-4,0.12289668524358154
2010-04-26,-0.007899027676974006,0.0068522432834836056,0.04320945084637697,0.8266081839916519,0.11641938262531921
2010-04-27,1.2382424202021847,1.2192079388222863,2.056602862212541,0.08860115694132514,0.7820297731433818
2010-04-28,-0.7697385717716284,-0.8456207415326319,-1.6836610509074141,-0.661413626227983,-0.8660888342266039
2010-04-29,-0.7641155429813051,-0.7101020316232012,-0.8567913884514144,-0.8491654362685328,-0.7112583113986671
2010-04-30,0.6175836019421314,0.6624775633463655,0.8918485728585609,0.7975438136300316,1.0127829009232991
2010-05-03,-0.14610147160439052,-0.2151856164972044,-1.0897090478934273,-0.7892431216331979,-0.38700752178432335
2010-05-04,1.8366747635640472,1.8717935707402993,1.790682883539242,1.2394005883517418,1.4565534787552459
2010-05-05,0.42140056889746524,0.36300581219054023,1.4029876051141374,0.5517942636198409,-0.11861564914804684
2010-05-06,2.232137390705518,2.2200533322425726,5.419557667061025,0.4247344288667763,0.8424190104894257
2010-05-07,-0.008877429634375933,-0.08226378765964698,-0.8342523121613038,-0.7306855545131619,0.07463436757595972
2010-05-10,-1.6953853302064885,-1.6788299881889555,-3.5765421075955457,-0.48090525305364207,-0.1783254137710156
2010-05-11,0.7535994256074237,0.881369882972813,1.5696954188130332,0.3522496783962195,0.34829074786951003
2010-05-12,0.03471864978001689,-0.041269810321652556,-0.6221949378576475,-0.05813944956922468,0.08543052294711276
2010-05-13,-0.054208489023443676,-0.05240330981249469,0.2848165532741899,2.8854862733665363,-0.009404644732131434
2010-05-14,1.061294123867973,1.0619122774344665,1.4426315546681343,-0.23294985980376892,0.36154884735272824
2010-05-17,1.03370268457817,0.9973946368879959,0.9115395271666422,1.8958225202744323,0.42370137828090737
2010-05-18,1.857632207296504,1.820039724770346,2.494046913261951,-1.1988431430122053,1.796272729134215
2010-05-19,1.7355661398358868,1.6866236746096075,2.103461544689454,5.248013802978073,0.3709646623524987
2010-05-20,4.18350819337779,4.141592037651174,6.508844459822653,-0.13556903123216246,3.13769161616535
2010-05-21,-2.1038461397694435,-2.261636878203783,-2.8801869282809935,-2.9272769434123562,-2.2413285045093545
2010-05-24,0.7087621797260163,0.8379275295897245,0.40502903775503796,-0.15397585296731398,0.7605191370932128
2010-05-25,-0.34929451830097136,-0.269340073479082,-0.3728584078458149,-3.883356645739328,-1.6132622707230777
2010-05-26,0.262386496196511,0.1689302238447973,0.5991283732691433,-2.542386959079943,0.7757038521590569
2010-05-27,-2.5439847401511138,-2.4662382771063815,-3.4941566933159516,-0.6406344737433991,-1.556825220052477
2010-05-28,-0.21333567285613966,-0.1531951862598181,-0.37957869691540835,1.7126141193330113,0.5886810486447842
2010-05-31,0.18124876295382658,0.1700797860181793,0.06447927195847629,0.31857185156940354,0.1037605479806016
2010-06-01,1.6031910189423613,1.5439474623439469,1.6847166847496609,0.47574395620566395,0.03886646356375089
2010-06-02,-0.966694578087112,-0.9539631531787414,-2.160615846215659,-0.4989989367776613,-0.42030609464668633
2010-06-03,-0.273632424050714,-0.26458087803087565,-0.7911185795882026,0.9246021385371801,0.39032069389303803
2010-06-04,2.328711064563925,2.3521630376868288,3.1719519592510954,2.1404397340143726,1.6020523909422133
2010-06-07,1.68608731854722,1.5751865747736322,2.0703210458531944,-0.6196422241504628,1.9446987525409338
2010-06-08,-1.7304266981440677,-1.7694773662700194,-1.7257223491808322,-1.8060207592946456,-1.6098801410510697
2010-06-09,-0.577487637295808,-0.48354045234142945,-0.4864525810301074,-2.146342248897321,-0.6759020687837949
2010-06-10,-2.127246010559143,-2.1057368891299095,-2.020351315652068,-2.445709618735236,-2.069958525713267
2010-06-11,-0.5356041397090884,-0.44131534616198803,-0.7702793642511703,-0.6160964785342764,-0.682259794897871
2010-06-14,-0.9058115101107069,-0.869922157306241,-0.865262594931595,0.09694195556501514,-0.22054787586322463
2010-06-15,-0.7079193667856267,-0.7173249246202094,-0.5190348173699623,-0.9723951788644375,-0.6889646460372686
2010-06-16,0.06484811873677915,0.10790611652446477,0.18425801871293301,1.1860957145626252,-0.039799039102260056
2010-06-17,-0.39373693074655575,-0.4890304699937716,0.15402618131669782,0.04021152675351297,0.2260806918751046
2010-06-18,-0.5305120756542826,-0.5159140033954664,-0.36287636919756283,0.12482373338357988,-0.30541607715369606
2010-06-21,-0.09430346754398938,-0.5442560533534084,-0.8744278098626204,1.3377383506941534,0.17666293668522698
2010-06-22,0.23521753611424998,0.44050381426196944,0.9316893952173905,0.540791475023062,-0.3028855370183005
2010-06-23,-0.19441071724415757,-0.2208681585642808,0.5239792838748423,0.3779734519029206,-0.5715450045517001
2010-06-24,0.9555173218154269,0.8199116905758238,1.1259893856051748,0.034568333663596434,0.5165983555406671
2010-06-25,-0.5862957227425142,-0.7514950778523507,-0.22008892517355594,-2.375117658916524,-0.45145127398483276
2010-06-28,0.46542626175445956,0.515752966201925,0.32765083164003767,0.11593022463843905,0.5803635083230666
2010-06-29,2.2610833989991344,2.3303655976943025,3.059902297880274,1.5714591257489194,1.721646431009756
2010-06-30,1.4008284662643493,1.0409301832124707,1.3509385950534047,0.48774421828110814,1.2912865372220783
2010-07-01,-0.6307935998217497,-0.6685009507963882,0.20309062900858132,-0.3634841450238984,-0.5333818494873304
2010-07-02,0.6418986062694113,0.561128956996604,0.3435333937753139,0.2664433931115583,0.15011067952799456
2010-07-05,0.5342794261587944,0.5755854113290154,0.7426029440996696,1.2055861610758989,0.22672777269483496
2010-07-06,-1.6302465645664919,-1.5943761846235311,-1.408380746372969,-1.4482015516575237,-1.2834631744818543
2010-07-07,-1.5589465469023651,-1.5087678536614808,-1.776094852280141,-1.3685685962433478,-2.429776232917364
2010-07-08,-1.6148848047596895,-1.6054517006802749,-2.4255523306420863,-0.9285206470728705,-1.302555950488261
2010-07-09,-0.12423071956216851,-0.11863489753737397,-0.2963471972324249,0.40270873749857194,0.04109605801327179
2010-07-12,0.30404832562443723,0.25634598702178346,0.2293956173899359,-0.2913833200281225,-0.03348260195838956
2010-07-13,-0.856676028101108,-0.8789658175441246,-1.040664542750409,-1.7355941223385434,-0.34394824831051035
2010-07-14,0.16202128588795672,0.22214833174089563,0.7864554401771668,2.678330993004921,-0.22290512262864737
2010-07-15,-0.23968988315998419,-0.22101315531043805,0.8875680560456964,-1.2557800021934944,0.0572174469702558
2010-07-16,1.5975306886538945,1.5862592882485345,2.4947894647191116,0.905726202447672,1.080867975879459
2010-07-19,0.27211036170259933,0.27856745362804014,0.054661248764007145,-0.7561776262899392,1.7091286905649632
2010-07-20,-1.698728704644592,-1.7115613960914366,-2.3207993218199885,-0.8938363140476668,-3.9227182368331417
2010-07-21,0.5671757861600273,0.6662389379845667,1.058945031240519,-0.006903962451540568,0.41041678788061764
2010-07-22,-1.9377444575164355,-1.9964772399864692,-2.210809061667157,-1.231213645152411,-1.7952351605053425
2010-07-23,-0.33329451112271447,-0.2423229539346345,-0.7538444885250585,-0.04309042402926555,-0.16048623172947735
2010-07-26,-0.6533655429274436,-0.6366197014109636,-0.017099103062560253,-0.21902900104039125,-0.9854142225534692
2010-07-27,0.07702655474463524,0.03136869278041485,-0.845751728789976,0.708698198217336,0.7651725958550277
2010-07-28,0.9813355468327271,1.0057456572419994,1.3551080736484071,0.6063517186147575,1.024542496893092
2010-07-29,-0.959438939207109,-1.0427738178193517,-0.07990189086355623,-0.5859322351001963,-0.4083791338097167
2010-07-30,-0.33414572462670544,-0.295509807699906,-0.049454078772951944,-0.5364574395490304,-0.1417904557852389
2010-08-02,-0.909042276504531,-0.9162518764883579,-1.0970533404040803,0.07604911591750393,-0.34709155244538126
2010-08-03,-0.07804521650655913,-0.06699106281707846,0.8736239194503437,-0.02468021615852673,-0.17663829439884574
2010-08-04,0.04721032396507935,0.047915876142309945,0.09860991122673964,-0.05732121117673179,0.007939563901659508
2010-08-05,-0.38690648032859465,-0.41625102674314085,-1.043920934864966,-0.001802635981373403,-0.12029956870569064
2010-08-06,0.15123817943687393,0.15536095222693957,0.6671138306600213,0.4569392995614019,0.014376937027898155
2010-08-09,-0.2621393301485932,-0.3258860561229623,0.3016262833716109,0.10574595200910875,-0.11162245528298309
2010-08-10,0.25855845553774304,0.22733387827182192,-0.4289821844135186,0.23858065029755984,-0.040776967656284774
2010-08-11,0.1967343949133416,0.29731517130619145,0.8912662144958917,0.4178947040834946,-0.2221949636190782
2010-08-12,2.1192410203700267,2.121177891813794,2.3911761381190146,0.015525516889935254,1.4864957232772842
2010-08-13,-0.406780882697117,-0.3215614582997622,-1.3844220640825808,-0.5891256515881402,-0.3935490706300351
2010-08-16,0.16206860314088267,0.3641864411148068,0.20616353134644458,0.8232141386452569,0.487805356609327
2010-08-17,-0.3302012613065564,-0.18876392207250645,0.8127835998765437,-0.5233452813879795,-0.2578472380621465
2010-08-18,-0.8970176092603601,-1.0814543195152508,-1.3751967333750303,-0.16384655975411197,-0.9392904531675645
2010-08-19,0.7598079010119372,0.7754128706030595,0.8845544197399694,0.78971738113848,0.7864610481598531
2010-08-20,0.8529502999402693,0.7980053291690515,0.9768709247720224,1.124852789768069,1.3121553826296546
2010-08-23,0.40583364403673494,0.3882810186412159,0.11940091469943845,0.035961670523923156,0.02871485551370548
2010-08-24,-0.3635451147725319,-0.22563654986942286,0.23642143194750925,-0.36968740597525424,-0.1590441874388463
2010-08-25,0.7467673400121252,0.7264237299865226,1.8818186985313365,-0.3093177544326785,0.08327487104246775
2010-08-26,-0.11202494219853476,-0.10752408911325798,-0.6767448155840494,-0.16784378232556918,-0.1481454699912719
2010-08-27,-0.055833688038969743,-0.03865757186295592,0.290834176250939,0.23822556617500096,0.13784177538177436
2010-08-30,-1.9611819495765326,-1.9786991422602327,-3.30506074328103,-2.349863983834089,-1.9992202437244393
2010-08-31,1.006237237308655,1.1515828024957193,2.2194499340226677,0.7845017020359999,0.7423290417869208
2010-09-01,-0.12184361839187688,-0.08851503837421448,0.5071323700710636,-0.5097564822590721,-0.3232702194119619
2010-09-02,-1.9055266007096998,-1.8938013647754934,-2.2456229897238877,-0.7028537698209708,-1.1094633073021765
2010-09-03,-0.06764304235044998,-0.025472678038154985,0.09413449364733677,0.09831809454761253,-0.07377149557520483
2010-09-06,-0.5423010435019454,-0.6252149195662391,-0.7584005797022344,0.23208834796931976,-0.5686109095230724
2010-09-07,0.09660878054135125,-0.128908687873469,0.2132014271495382,-0.39134955739256694,-0.06222335429111972
2010-09-08,0.6368307429343554,0.6867035543532779,1.1784100219463345,-0.010348374886705331,0.36524572401956285
2010-09-09,-0.8847254988942264,-0.831882151642461,-1.0755544496846805,0.03869366872499945,-0.47958320228925666
2010-09-10,-0.38598676616858785,-0.5431013782118451,-0.5692309770281756,-0.2840215933394694,-0.13693974096406164
2010-09-13,-0.48751697763604557,-0.66025237133267,-1.0868258280974263,-0.5965054123274823,-0.6318365559264216
2010-09-14,-0.3536930099129701,-0.5148944949189951,0.22624540242514388,-0.1627790086871675,-0.4774939376165906
2010-09-15,-0.4718254141390916,-0.6625808812517756,0.1406910367757566,-0.7776446428943222,-0.5301440692860844
2010-09-16,0.18807745017250052,0.09433962343574818,-3.0416171141380524,0.14710681331869002,-0.09141491582917793
2010-09-17,0.5484272250122844,0.3157672553328956,0.021747356473121926,-0.03774933174137998,0.5139873053298062
2010-09-20,-0.16423546063621064,-0.16288935187221865,0.13905491289372668,0.025454283537058864,0.4049666714764266
2010-09-21,-0.76319477055349,-0.9340274270408953,-0.9641918998599227,-1.1793188007465867,-0.31762736693201
2010-09-22,-0.6900276424349501,-0.7727084976444156,-0.0934838712053469,0.17352952246348707,-0.7209395387087952
2010-09-23,0.07325158746140022,0.05414188586978852,0.8358767577105177,-0.8158798253838674,9.200443975334871e-4
2010-09-24,0.35673833848991066,0.33658219017616103,0.3228165122214296,0.6429844543405876,0.5869871335177619
2010-09-27,-1.1346100571400437,-1.1501996454016614,-0.9452691746525536,-1.2353332539544475,-0.6028807533140284
2010-09-28,0.18684188842880092,0.06320064790079044,0.10600012923094315,0.37698458079897,0.6743308831286138
2010-09-29,-0.677596338371646,-0.7164239939165116,-0.2467041828828789,-0.5377256905588781,-0.8850116733460442
2010-09-30,-0.24448002542457858,-0.268787581565248,-0.10130280958625958,0.3458355610389083,0.4108131342749285
2010-10-01,0.44467063727752154,0.532279987593847,0.7549054309568769,0.5653491424975857,0.8869547947344477
2010-10-04,-0.6728473363955902,-0.7562814351091931,-0.44395090390360104,0.35199663864654046,-0.29217631760760876
2010-10-05,0.4284082740531014,0.4667322582557527,0.23750842895003968,0.9044797976063008,0.33548338172692194
2010-10-06,-0.44787533543194546,-0.4697017285577488,-0.08887475405950568,-0.6609643432607752,-0.31852921206033424
2010-10-07,-0.545381652595526,-0.5070252033364243,-0.2252605120653705,0.4209208946487768,-0.06348002118067506
2010-10-08,-0.6135802873163048,-0.6080739072257043,0.09139667522983048,-0.328801022921202,-0.6402158298915049
2010-10-11,-0.4653433595159573,-0.7316128222189049,-0.01765608128175782,1.3322570098508395,-1.2803270142630894
2010-10-12,0.5643058417613878,0.5305056996436366,0.19943462781834295,0.0407752845956347,0.4549986551854531
2010-10-13,-0.27919677479978655,-0.23140820167726786,0.13917072853165105,-2.205103497253007,-0.4603375251757538
2010-10-14,-0.38087923755544684,-0.4913895882171411,-0.49978033714600156,-0.6670634004535682,-0.20311085225237052
2010-10-15,-0.02628493719490269,-0.19856639490437963,0.1825786125440936,0.5468182415326951,0.3987926089877565
2010-10-18,0.6316773585232699,0.4312505829542486,0.5745741389022342,0.24307866020920643,0.29786702224086214
2010-10-19,-0.06550316213903018,-0.045083388110401953,0.17121070985784473,-0.8557100029145067,-0.04991645296971702
2010-10-20,1.893412502311901,1.909537153056772,1.4849521546244195,0.5891214523711619,1.5458216397661828
2010-10-21,-1.4988804439332264,-1.4799226789036775,-0.8890184006185714,-0.4967309677752028,-0.9961407262861219
2010-10-22,0.5827175916631113,0.6296883087739857,0.3201656674773178,-0.21280117176889363,0.511303965000532
2010-10-25,-0.5648529917764908,-0.4184443610954284,-0.44721370676738204,0.2994521414036484,-1.11838811211951
2010-10-26,-0.6923035985073216,-0.7143346442518403,-0.09033225129773609,-0.07884181498079781,-0.21910281352516503
2010-10-27,0.29603540386366645,0.40362978363495083,-0.23784174273519926,-0.24355970281744643,0.03316561811522188
2010-10-28,1.1605925413988285,1.380536352162012,0.9622878115229005,0.5804010155514607,1.3517809618468253
2010-10-29,-0.038465568425206584,0.0419575286544388,0.042148542292312026,0.15795689637700072,0.21234034884866804
2010-11-01,-1.2179799127767035,-1.4500661944893858,0.11405282900211389,-0.06252106202591369,-1.4835743012003355
2010-11-02,-0.6090313459918156,-0.21213551558461516,-0.37806871828923216,0.09065918663153352,-0.18830704793959624
2010-11-03,-0.8357696226574929,-1.0381259226318447,-1.1973517353056584,-0.6979480544883874,-0.7200240979366374
2010-11-04,-0.4797878513598714,-0.5224737258256595,-0.9907302806022481,0.11985739857942934,-0.7205166287475759
2010-11-05,-0.9800731253460112,-1.1566396992946042,-0.8188569556712042,-1.416270324045228,-0.7238380036535405
2010-11-08,-0.02443772724360427,-0.10623689514282544,-0.5195328029545503,-0.4865456681617537,0.0868175304596099
2010-11-09,0.23869993281631713,0.6177992301647879,0.6641597668555834,-0.9205188995612151,-0.28281915602235597
2010-11-10,1.1372008615780769,0.5528611602711182,-0.014528402654828992,0.45347027515415317,0.7535453219380437
2010-11-11,0.2248365065780239,0.03581769846879411,-0.7650489184916797,1.1425115172494793,-0.010531922688951478
2010-11-12,0.945453766884954,0.8085777533448321,0.5478271388189246,0.4920886273745846,0.8419555737623671
2010-11-15,0.6009736707261938,0.7718323610569483,0.71751935510988,-0.346098771387122,-0.32796787936329314
2010-11-16,0.49186345494682737,0.5516587219014185,-0.28420145478264247,-0.4067274351873902,-0.25961894810715014
2010-11-17,0.8440534029639245,0.7882365855243377,0.480918179663997,1.2289673616473442,0.5674329257060801
2010-11-18,-0.6028066753752438,-0.5780489154789785,-0.22016890851403717,-1.3682066737224956,-0.3115448784746949
2010-11-19,-0.8106989057315626,-0.918539520579374,-1.4538250697128556,0.28094310766504016,-1.0544682218408095
2010-11-22,-0.0663930511026038,0.03214342849159074,0.06819592776592165,0.33651146302020724,-0.36661016376579714
2010-11-23,0.31873989014139525,0.37194701235965394,0.6534370067709537,0.1919018493207387,0.25081260163219465
2010-11-24,1.2084914716748987,1.2206552269386028,1.2513165229692544,-2.064656447054397,0.7323385462638299
2010-11-25,-1.133866277853485,-1.0312540892144018,-1.3379633656900247,0.017440320406121868,-0.8838377640294881
2010-11-26,0.7452361172275836,0.7396280530033882,0.5648736309779263,1.2077651103418936,0.5229684519712294
2010-11-29,0.967653589730533,1.2173747173813605,0.6147871048410655,0.3028091238598387,0.9400784408577089
2010-11-30,0.7047854771016201,0.5419714994036547,0.42250063103940183,-0.23462425804912307,0.4838088062935235
2010-12-01,0.016464503818064708,0.11471881632132563,0.7804117074862573,0.38874439265079375,0.21714490191621702
2010-12-02,-0.6241137750080462,-0.6752184689393601,-1.1813510731925858,0.32550414014467627,0.5478559991545918
2010-12-03,-1.1203434937690295,-1.1165349906480926,-0.7290062240119498,-1.0045715155245678,-0.8038148884630528
2010-12-06,-1.6121929532249353,-1.5471012262187052,-0.3379864577198873,-0.24592406584451879,-1.183656260140717
2010-12-07,0.4920116274170411,0.31366309120446073,0.4757326899084271,0.03673102023200194,0.40160204019255885
2010-12-08,0.6828913414634183,0.596355541788356,-0.37598475255208685,0.5331081568289661,1.35532784487547
2010-12-09,0.1790654537162657,0.379568742122446,-0.3908454244935723,-0.008103242205399284,-0.5349734999337139
2010-12-10,-0.43257762792120674,-0.508661698138692,-0.17766973737103367,-0.03308417624779905,-0.7472979980531969
2010-12-13,-0.04817369343724001,-0.0014821985559923707,-0.1625671737108608,-0.8459650176361472,0.14229536818888872
2010-12-14,-1.2265257032551646,-1.0830437040773637,-0.4624632188284452,-1.122623298975522,-0.9712318121843924
2010-12-15,-0.14673186623878057,-0.2772648657170581,-0.6682332347078638,-0.34905847873881773,-0.3983447593065169
2010-12-16,1.0559982358114743,1.0528611213154024,0.45536742334058655,-0.8636603296250205,0.24002484408731115
2010-12-17,-0.3194875755590985,-0.21631260151799464,0.0702975580307301,0.3931942851339932,-0.18348707179817642
2010-12-20,0.2289890862799252,0.11514510818799992,0.1575962402231762,0.9128745373699514,0.27405798000080744
2010-12-21,-0.7341491562724582,-0.4628163842781062,-0.18360854085087833,-1.1991449402127137,-0.6300177338674396
2010-12-22,-0.1875134012246069,-0.3987111006363665,-0.41338056924223576,-1.129413368505646,-0.30819619944239246
2010-12-23,-0.08340172770140111,-0.2742804033295606,-0.01056510903697127,0.23262079549274162,0.19920779538208602
2010-12-24,-0.5118090704892638,-0.4994799108561247,0.17287772064398138,-0.32262662391151337,-0.6968776695807705
2010-12-27,0.36465897397253955,0.3911843029740232,0.5214162046133273,2.2263540251752145,0.39124868072915403
2010-12-28,-0.27997506836100133,-0.5324855407012892,-0.29348751412423374,-1.5230823638212163,-0.6654441855826974
2010-12-29,-0.30653433128516183,-0.39772408245870416,0.03776749123418336,-0.9479951751513035,-0.15932553525919885
2010-12-30,-0.7292307803658049,-0.7645099620292233,0.14454023856452752,-0.43725824168121585,-0.7110692228684975
2010-12-31,0.12023371636792023,0.13566142734157746,0.32944351782153397,1.3319612908663279,0.29363786034315587
2011-01-03,-0.21321689462699478,-0.5353397968555184,-0.11017147504006483,-0.1767511350700971,-0.510148889178936
2011-01-04,0.6032229527446218,0.4158640190463303,-0.24293259801804684,0.39644058259812276,0.8189771488892332
2011-01-05,0.7467719926339748,0.9905295982037741,0.5077889378438881,1.2392548607648288,0.4549404909189073
2011-01-06,1.0559802056598975,0.7295701736633986,-0.64060838383696606,0.6872198250062889,0.08865518101981558
2011-01-07,0.14508649706083201,0.7042618284143234,0.5120559188994056,0.9580753911472965,0.7601695055960664
2011-01-10,-0.2532885516232639,-0.21334640968233531,0.1512122203543494,0.30346125883948816,-0.4929783259591837
2011-01-11,-0.09918624527485409,0.04053616321460789,0.4164879568179298,0.07646286608511135,0.05909889388573997
2011-01-12,1.5074223921826493,1.272936822444116,0.5199935054686646,1.3460163234884266,1.758755527450584
2011-01-13,-1.033882329608718,-1.3486326948429093,-1.0481554204956507,0.7617590556393867,-0.683360445133876
2011-01-14,-0.37112404589177145,-0.2918444274553713,0.08004194119827826,-0.5774782831778004,-0.5015279356357599
2011-01-17,0.9904792840104084,0.7669749469230936,0.6297494476540735,2.4027706300096803,-0.33287717091046043
2011-01-18,-0.1955219984650032,-0.21179900690975292,0.06425585691224037,-1.626591710376232,-0.3005203541457158
2011-01-19,-0.38549933472871806,-0.48048006947190436,-0.4262361617992602,-0.6593499775235636,-0.2538245002557936
2011-01-20,0.08879666093753659,0.06981079958803946,0.6213257763352298,-0.4968722563292318,0.09027366404612257
2011-01-21,1.0674253923647867,1.1193548291408166,0.22010584414380902,2.6312012087377425,0.08024140091449604
2011-01-24,-0.26220962550280486,-0.35403896708161103,0.00977399316898648,-1.3333890527618748,0.05013270945185802
2011-01-25,-0.8330181829282176,-0.8291407946838143,-0.7542726166515648,-1.4276551000634712,-0.49523498060550747
2011-01-26,0.18869561047081923,0.2362089257209427,0.5555143527117337,-0.02456786515912107,-0.19142997373330717
2011-01-27,-0.36452488024776464,-0.4008632481625424,-0.24379168442447932,0.10352271583142614,-0.07516831105931486
2011-01-28,0.8975171474178376,0.909244649976525,0.015817934955185645,0.9064244780742273,0.3937084249657001
2011-01-31,0.33651982202001124,0.3109962539869451,1.2567176123379291,0.04427642211656835,0.012606704717805263
2011-02-01,-1.3535025012119417,-1.0293494560295313,-0.9498111414747227,-1.065832664984662,-0.9373131702771484
2011-02-02,-1.3078791813967674,-1.374858446276121,-0.6092657819503743,-0.9020078548477352,-0.6531439911941999
2011-02-03,0.4526399104647996,-0.07623371792703615,-0.15359363566955392,-0.1738084799100661,-0.2195443855181258
2011-02-04,-0.23129857145953164,-0.2807811147359661,-0.4807130389111593,-1.0082469837195256,-0.5606008883684401
2011-02-07,0.17109187594492742,0.17997961149784023,-0.5097604682418613,0.08917758477111465,0.00839696929026272
2011-02-08,-0.12404150423227363,-0.06091924318517669,-0.16301909752174348,1.153068842454808,0.5912583509105385
2011-02-09,-0.027053793045536394,-0.15261725834382364,-0.14480054064456996,-0.22412391135614718,0.30677973666812064
2011-02-10,-0.1473995279325788,0.40189099913748383,0.2524668233712784,0.30851640180723405,-0.012944506190633476
2011-02-11,1.0114044492419634,0.9386369154221472,-0.1640795867784322,-0.5644413709204668,0.31071658376631267
2011-02-14,-0.0292978525600269,7.098436555646355e-4,-0.15968980398386345,-0.40098888428445656,0.07938103929542657
2011-02-15,-0.1643124227094023,-0.06545603736052705,-0.01127857353647265,-0.17570498176347848,0.5208147399750727
2011-02-16,0.529130180932219,0.4886830405740646,0.121155268183726,0.8627768543204065,0.42907225581094655
2011-02-17,-0.4903530937705841,-0.5663513074631252,-0.4415341770976781,0.11075780631726373,-0.29678646781043205
2011-02-18,-0.88199466654969,-0.9281359233450817,-0.5458950153438754,-0.6767064752805991,-0.7443829809815243
2011-02-21,-0.14651873571912896,-0.2367921295530751,0.024083732406349145,0.11425277674059137,-0.1098195315063373
2011-02-22,0.670466542392699,0.5717796548218534,0.6052193612724964,-0.25238388294577063,0.9924679847725768
2011-02-23,0.7380853655779259,0.8420901435091603,1.214551241656638,-0.12056667760629508,0.47018993454457697
2011-02-24,-0.16172686840934938,-0.22611955990852373,0.1722793239868194,-0.2723186695726717,0.03383350504318326
2011-02-25,-0.8053645367987119,-0.8111948311504603,-0.35726285078467634,-1.143358457234756,-1.5737525453154435
2011-02-28,-0.39004434368145147,-0.37468120005149513,0.1437582405450606,-0.5026741752788817,-0.281503169832234
2011-03-01,-0.3730451159962789,-0.4248777772691602,-0.7123719402134047,7.761977412353432e-4,-0.09618084736971436
2011-03-02,0.47454756975023976,0.5019959569118249,0.4486434339821078,0.027269450073323834,1.0972751756588837
2011-03-03,-0.23017259253757313,-0.2264297010037904,-0.11663728787228426,-9.857447086437793e-4,-0.02559818011616352
2011-03-04,0.30109479522817856,0.3050284432132594,-0.35804331873882694,0.9764164513810715,0.2036996959557446
2011-03-07,-0.10968194619817002,-0.1656798876666205,-0.16177399066845924,0.05414704646544974,-0.2685138281116795
2011-03-08,0.4175331250463406,0.22217141611556074,0.31001693005700853,0.06310281980061312,0.04489998009143184
2011-03-09,0.1667270617517216,0.32133077419304906,-0.29964122549586614,0.6032400507253406,0.47166562387404914
2011-03-10,0.05779697357781254,-0.052097383821566236,-0.10770011229550669,0.15096526139587285,0.09350672212455638
2011-03-11,0.5754239090402874,0.7749863880828884,0.6786796212001849,-0.08705826745054739,0.24134939380535242
2011-03-14,-0.8122329876847364,-0.7981411604565398,1.1999336382276977,-0.275203664082546,-1.0606460862146518
2011-03-15,0.1288273174823008,0.0880940495753527,-0.521513591566994,-0.53532912340077,0.5855387962377803
2011-03-16,1.4833566145005035,1.5086386218668422,2.363564054667742,0.40269037638589505,1.1367271133123265
2011-03-17,1.5565028500474212,1.4696189532560395,3.9654092021695333,1.3578609341454568,1.9215900615359978
2011-03-18,-0.47569321583198193,-0.42890952989698855,-0.8787972076109971,0.48179231844067955,-0.24044863953511098
2011-03-21,-1.2925501046739176,-1.3647885019039196,-3.384816467565818,-0.5668877995094042,-1.3038019294963867
2011-03-22,-0.8509160564922239,-0.8604951623893677,-1.144832666401224,-0.34641136734668865,-0.8434110532783384
2011-03-23,-0.14880170420289898,-0.3305161996270556,-0.03473079043197698,-0.8272067524143168,-0.28832866151853775
2011-03-24,-0.48502761164520747,-0.4147086050412735,-0.18142974007369317,-0.8271486441313893,-0.22067661179644063
2011-03-25,-0.745057090494255,-0.6894246200917771,-0.8686973267337589,-0.43879652342068654,-0.37361525710044924
2011-03-28,-0.42245321216618953,-0.40427293320373664,-0.9526701626991639,-0.0014760335650504108,-0.657055600097313
2011-03-29,-0.07387110105745584,-9.475969888316583e-4,-0.38068507618143976,-0.029648878132858776,-0.10872553226951086
2011-03-30,-0.454469896126069,-0.48347806249173514,-1.2620349020097588,-0.1882222185801612,-0.398256676741594
2011-03-31,-0.22593661444945917,-0.27742836621334094,-1.1907727051533996,0.7084448637144277,-0.21429332949331586
2011-04-01,0.05437115541731976,-0.14053198643022471,-0.3908569720476407,-0.017734005436724848,0.19182225256816687
2011-04-04,-0.6355375540093304,-0.5943917973167481,-1.592714827604372,0.6853461507723718,-0.5501658753293045
2011-04-05,0.3965805542844111,0.28827776507987773,0.3597160162646904,0.358640946200303,0.49967362797441583
2011-04-06,0.47010525848294066,0.44927422796805316,-0.7122165651408019,0.5502452567976829,0.5683351325442152
2011-04-07,-1.1819081688324358,-1.120402354577096,-1.3571407755550615,-0.6829737928471086,-0.4798423172388816
2011-04-08,-0.31445482670889324,-0.2736507835655883,0.16271486521382772,-0.7238561061621691,-0.4464995054491904
2011-04-11,-0.8644418833302715,-0.9850976813121463,-1.0431993111826294,-0.5071868465116152,-0.9714646824785539
2011-04-12,0.5145718016773484,0.5449641059662593,1.0130575700675368,-0.20262914959262382,-0.010972696328047232
2011-04-13,0.5075724361290571,0.5531421478195279,1.81550960336092,0.06876655180837579,0.6983046565135713
2011-04-14,-0.3066079354861038,-0.46270544890254917,-0.6509224905875639,-0.26105544860186597,-0.8651073051163742
2011-04-15,-0.03401575957359798,-0.0010306524875310363,-0.08065616264445938,-0.07997790104158592,-0.15334106044271967
2011-04-18,-0.5508004103494741,-0.6068584090957614,0.18641086792236336,-0.7172803799922448,-0.27610405153504686
2011-04-19,0.7003558784403091,0.696868589442819,1.6973343681755597,0.4629921371978657,0.4726266348554703
2011-04-20,-0.45679369451151675,-0.43691728359097526,-0.7116947991931296,0.1435339484061,-0.49686895211177917
2011-04-21,-1.3097586255069424,-1.4013336334657818,-1.2863810962297275,-0.5816835032673854,-1.1224233864567474
2011-04-22,-0.7054808471017519,-0.6439083879100737,0.02298894837092244,-1.2745710510176036,-0.7948736735987099
2011-04-25,0.3686410326227734,-0.1085871350309872,-0.027341026246634648,-0.31953285914829105,-0.21891030251674476
2011-04-26,0.3582738411277616,0.3175192496490111,0.34258445539027704,0.2804859837532635,-0.02429374576406885
2011-04-27,-1.1418606829739069,-0.6278655157579809,-0.21637004925927103,-0.4864400136478651,-0.634630388848788
2011-04-28,-0.4002177198468322,-0.5828108568621382,-1.4303563640250536,0.002445078073300022,-0.4825712907485733
2011-04-29,-0.7519202345500668,-0.7693237367977054,0.0157834520077429,-0.6013295011645918,-0.7619837011330562
2011-05-02,0.06875529345905705,-0.21405634497810075,0.22907499003002446,-0.4215925099157737,-0.18814532610981494
2011-05-03,-0.044066886619591905,0.10283591758826262,0.14976362010189817,0.05802709599534267,0.14529240343805586
2011-05-04,0.7221894432587239,0.8771560216860059,1.1401668351579337,0.41921743518248655,0.47698027267524723
2011-05-05,1.1571911873724352,0.9869916922941463,1.4038846474751832,0.6080583359024032,1.2366368416811793
2011-05-06,1.534073553258328,1.355288977518667,1.6318009709755532,1.0072495119766438,0.6786923286501435
2011-05-09,-0.937454703520336,-1.0020395135744544,-1.4130337953994512,-1.8209949845816895,-1.0042754614918705
2011-05-10,-1.0560883433140673,-0.8367046623659723,-0.2804712247312249,0.6271672992011428,-0.7085041872895521
2011-05-11,-0.45444155282320553,-0.42141082569188754,-1.335177203981802,-0.4815412232131081,-0.5189018555732641
2011-05-12,1.2287429681949316,1.2329472648459925,1.2064771448339429,0.9548900905415221,1.2514440572986882
2011-05-13,0.442318538419883,0.4790546457548525,0.4890392414530417,-0.1907856170333859,0.35106230247664044
2011-05-16,1.2105014475803333,1.0095114501512579,1.2679284404961928,0.8734266567544318,0.7224482756359155
2011-05-17,-0.41654634520587375,-0.11708408997349712,-0.07811892949828032,-0.5522301413131965,-0.2741274709280913
2011-05-18,-0.46700439910427716,-0.6187524436723174,-1.4235554965980837,2.537018549890551,-0.7582669572200751
2011-05-19,-0.10127060683828336,0.0644797983627349,-0.2748210206373037,-1.7452107499828575,0.05744840565357939
2011-05-20,-0.35332843865017766,-0.3791866759641802,-0.3988138364928924,-0.03862634694144662,-0.10348750549412991
2011-05-23,0.675346195223152,0.38452349648477285,0.34630800679163753,-0.3285315261191839,0.05199245578851662
2011-05-24,0.9113816375673419,1.1764936578425331,0.9242380302204135,0.5958297968214397,0.8254274320060734
2011-05-25,-0.3664619346641932,-0.4886714670782205,-0.6029424858004823,-0.5729870335139562,-0.40136934761249377
2011-05-26,0.2291069717134658,0.1828557820557121,0.18867916990571534,-0.47727290319879545,-0.029623308291239138
2011-05-27,-0.7677989589837055,-0.8156032833760746,0.1166065289016538,0.44753620660817883,-0.7420924838320796
2011-05-30,-0.6825009326345404,-0.7989901789100549,-0.22865237372128586,-0.11113234998467153,-0.8423797978709633
2011-05-31,0.12805596882720474,0.044825574332430285,-0.0324934180431108,0.37969412328447694,0.12268948834757601
2011-06-01,0.1424983521109297,0.1914339206648888,-0.5027725740510494,0.4851675326305631,0.5062545679439242
2011-06-02,0.47102586372376126,0.45762105688785215,1.1208333471941487,-0.207093317922126,0.9695737307510189
2011-06-03,-0.3933178870266206,-0.34053354972829064,-0.38294631534996415,0.08821997300868614,-0.20491157223175893
2011-06-06,-0.5759043986158914,-0.7505515889365797,0.1342170747470246,-0.258946089561986,-0.933220555718267
2011-06-07,0.16765704660889316,0.17737041005298293,0.3392583170534853,-0.6888968499690722,0.3901943013482711
2011-06-08,-0.07024829495996289,0.09499626873701657,0.022957327714379312,-0.026628737156193627,0.3014901764593873
2011-06-09,0.8034187782326284,0.7141076492510133,1.0602314173604577,0.9095300269405693,0.6423843130267143
2011-06-10,0.19971645789400486,0.1826559160202359,-0.3016744559808211,-0.1620679280100341,0.39094571092131514
2011-06-13,0.8800060124864734,0.8202858090225098,0.7194946537784361,1.931218105425373,0.6029506416191659
2011-06-14,-0.756882340273096,-0.6150693265184959,-0.39617129786127797,-0.9913935860887029,-0.7281284510577628
2011-06-15,-0.6863344778524806,-0.8542613220176711,-1.3152473336754553,-1.225347777088724,-0.8104251034699135
2011-06-16,1.0485029093244675,1.1165199481628743,0.666070599851897,0.6153693330515639,1.0686379356663955
2011-06-17,0.19182719030106107,0.15613184656707532,0.5748312048730992,0.19896250628188913,0.11656786968938175
2011-06-20,-0.22540134985654714,-0.4083519392750874,0.21560340135628947,-0.6597654886222742,-0.3230009577661391
2011-06-21,-0.184645467807378,0.08243633335379275,-0.1217758306760555,0.5737684549783308,-0.20530264465834108
2011-06-22,0.16041919970444143,-0.01684604213589684,-0.01272722406113655,0.4238922132465253,0.20175327965336756
2011-06-23,0.4801829462548839,0.4146053331382205,0.2199864507585094,0.359883418107179,0.47470647094839685
2011-06-24,0.12497531195364195,0.17314117559555048,0.09736196244055452,0.787344652233229,0.0073746941683987405
2011-06-27,0.643821487066685,0.5965661400537062,0.5713249820429727,0.47640825146344923,0.2838756296466419
2011-06-28,-0.1107029470136025,0.14043016985428572,-0.3437073468403543,-0.02081033425701534,0.2532750137149337
2011-06-29,-0.5646604422491946,-0.7423903625454626,-1.0495643316573315,-0.5607025156414784,-0.6778875411817283
2011-06-30,-1.4080850306879862,-1.4784069909917588,-1.0285878645974729,-0.5078592107992013,-1.177674438959789
2011-07-01,-0.32110074124156474,-0.2650228975100639,-0.09962992298381422,-0.3067009115156507,-0.030897703031063345
2011-07-04,-0.41327948183205404,-0.5437030552042147,-0.876251283263212,-0.1629593153080886,-0.6034282596016679
2011-07-05,0.3566102143561933,0.2828845461167987,0.4567335347539145,0.4371978797701338,0.664052796037871
2011-07-06,0.29822603759694594,0.5217127554050254,0.12962869321652298,-0.07542892574357674,0.7979025567452421
2011-07-07,-0.04633722208795678,-0.04540779954455868,0.10331720788315242,0.107983656102733,0.08881777580203959
2011-07-08,-0.6973486522961374,-0.7147121301030008,-1.073687138207111,-0.32461266008908274,-0.7199121286185809
2011-07-11,0.5657525546449654,0.4544617765706977,1.1497312844321579,0.6588623225707767,0.1737896321821521
2011-07-12,0.6378672462662104,0.7743240749535794,1.2762433245686748,1.2000400708021617,0.9360197496425823
2011-07-13,0.6115930796361768,0.5102094222393281,1.7204867375760329,-0.21968330492816035,0.17765372317478756
2011-07-14,-2.2592542187815012,-1.766420606062414,-1.2543161395840083,-0.15779146389497867,-1.5255986730198632
2011-07-15,1.2611239667519543,0.43097272684202975,0.054516338763762606,-0.1623910791068913,0.35477361480141656
2011-07-18,0.14461770362775872,0.778079501276241,0.8726969225783364,0.5032135603062755,0.5799919196668206
2011-07-19,0.4896861955824426,0.3119993429162382,0.42450620411121653,0.6390134361207094,0.423119702229956
2011-07-20,-1.1131578792445123,-1.2050172062823084,-1.3355912462023678,-1.1501400613398383,-0.877568993267691
2011-07-21,-0.07185817886658345,-0.2885965958486715,0.17094890434169524,0.35802382907518815,-0.3912648724584643
2011-07-22,-0.6741406849555402,-0.6003866237491475,-0.35218171914645324,-0.6853025288999239,-0.5061805793856949
2011-07-25,0.11312464971173651,-0.10916024739628583,0.15584480580181953,1.4644359286670146,-0.24668593671634623
2011-07-26,-0.09875822921176117,0.011744393285471654,0.11443291128291387,-1.6505951811314272,0.037391898196760934
2011-07-27,-0.944470132001261,-1.051189664019325,-0.5469714839591578,-0.9463720390867191,-0.4371008051209724
2011-07-28,-0.8248710392470392,-0.6968119459829686,-0.7233551715815257,-1.4952307568177539,-0.7069957614834615
2011-07-29,0.287620197976634,0.31086321844807174,0.5702561469577472,0.45348295093447133,0.26233652843408717
2011-08-01,0.10624004295094816,-0.14499383900758706,0.5523980090575449,-0.9946101114715793,-0.5377787046877723
2011-08-02,0.4047351250188668,0.34476678328230553,0.03153086806064305,1.0528642315303782,0.580782814754559
2011-08-03,2.0771160464148926,2.127330333744802,2.2565499360071883,1.3325479498396369,1.7630884832254365
2011-08-04,0.04737952559979883,-0.07185750242443222,0.25541141754496954,0.36486788538296855,0.03661590682389887
2011-08-05,3.0660960824444734,3.101505762134535,0.27139311575579705,2.1050830944522407,2.5343834080479106
2011-08-08,0.5967620586189162,0.5419879544385882,1.7732987812720533,2.259046539807173,0.4669218519077182
2011-08-09,2.5135488830534576,2.4154078619132746,3.381425310202029,0.16587552111410547,1.8824985671603351
2011-08-10,-2.2675884462233267,-2.3796517146095937,-1.738942747766713,-1.4180990199124872,-2.630838412899079
2011-08-11,2.4655750430572403,2.3413486839402617,2.6807957035754795,1.60382053567521,1.9145980084900585
2011-08-12,-1.4128949235646484,-1.879222774841643,-1.9896411656096957,-1.0372260268889073,-1.759928308523441
2011-08-15,-0.5781617490859712,-0.5925926781167384,-0.5651078116799992,1.3275351710048717,-0.9893853978809557
2011-08-16,-0.9831219925307481,-0.8974834191382592,-0.9474617029115464,-0.009079207259767852,-0.749524660706796
2011-08-17,0.1644603194683324,0.011182366337789934,0.18873213427773972,-1.6787914642156183,-0.03825110939564293
2011-08-18,-0.6323226973568206,-0.5334339989962127,-0.2913592264265404,-1.2146537911474717,-0.7045726216541806
2011-08-19,1.3343376769322735,1.467435679872618,1.3907190205132423,0.7771951912184552,0.5251327168623272
2011-08-22,0.13588824099201008,0.028711739119922405,-0.1879117161676903,-1.3482770062460434,0.148477754995412
2011-08-23,-0.43509244609238945,-0.18602361085439148,-0.2467039268515464,-0.10368335910288212,-0.002064655298288532
2011-08-24,-1.1581065703304947,-1.1647515296236306,-0.9707987166405041,-0.42660123572201036,-1.051949897312405
2011-08-25,0.6237674987669394,0.520594371054185,0.038961389140582704,-0.08737831017270502,-0.46203235053287384
2011-08-26,0.24725714550596203,0.260830598645884,-0.2518315954834701,-0.5038048038250298,0.006910203906684877
2011-08-29,-1.0964264045836118,-1.3452113975234075,-0.3512611543839114,-0.2247462354526436,-1.6135648339090751
2011-08-30,-0.858172801973042,-0.9487311709810917,-1.2671361402962895,-0.7134347791098244,-0.5368630915875864
2011-08-31,-0.21742900000965776,0.01610118826261365,0.30263542310444874,-0.06085821925093193,-0.20732441719166966
2011-09-01,-0.07748622478638113,-0.11005754743387824,-0.10504875243338209,0.35493576933892595,0.2877378375566555
2011-09-02,-0.36304761760231674,-0.3289562268233004,-0.5095409044337553,0.10138108770348789,-0.17996227223985842
2011-09-05,1.1886189329807435,1.0618788828644383,0.9973892958020925,0.5480624267950407,0.941985582585398
2011-09-06,0.8873302430341928,0.9227522611767962,0.9479172517325252,0.723016468974901,0.5146556458664768
2011-09-07,0.053437692388336455,0.22460567769617562,-0.7140876140279854,0.04529841355801284,0.15571736009391962
2011-09-08,-1.5542712814856288,-1.4994736225852976,-1.1447569676975025,-0.7434989690210714,-1.4865325880128832
2011-09-09,0.4927513478226315,0.3688838734739534,0.13298253104994603,-0.7165576983470332,-0.024124442261029222
2011-09-12,1.6838249894876804,1.6090578892550493,1.670364913286848,1.0988964456455348,0.49891777861544034
2011-09-13,0.5841197071288877,0.88169765497472,1.2807190368324697,1.780775361380707,-0.15974650682573366
2011-09-14,0.3599383590459002,0.32598942453444113,0.6190465195823439,0.6163499461028833,-0.35772895759509793
2011-09-15,0.45753734326519435,0.40967653334587983,0.727462973131889,-2.012075307245788,0.14977541324769472
2011-09-16,-0.33067513412307326,-0.4648484209135654,-0.5421524506317669,-1.5522307466960104,-0.3180798430379655
2011-09-19,0.18565441072700867,0.10625441728132465,-0.14588910518621728,-0.7867877943038153,0.767898754128324
2011-09-20,1.6275717763090527,1.599783175040151,2.0116550921296943,-0.8579438770399337,0.5471386280671727
2011-09-21,-0.942814267457574,-0.9620521564325643,-0.7465207184890047,-1.2951058529630979,-1.3147774262300727
2011-09-22,1.8098110174075193,1.8268439610720648,1.6725815637406483,-0.4967060668193985,1.0287777512176488
2011-09-23,3.1434274356235625,3.0670682817708386,3.3921909773111185,1.7840081421970657,0.6001705547580614
2011-09-26,-0.45454782896128937,-0.5972373669143267,-0.8785893585374934,1.0684114656549597,-0.29037072811304465
2011-09-27,-0.39394304891100396,0.019757729682491107,0.17377775797801523,-1.3137915542945406,-0.1221827447338355
2011-09-28,-0.7990425686211755,-0.826327652922262,-1.4054909389765313,0.05928272423051539,0.34284582778150907
2011-09-29,1.6225938539623688,1.5650888792941906,1.885509957315615,0.6485069186276818,1.7803450665260492
2011-09-30,0.03870115474324691,-0.11005748838312293,-0.3482520542169929,0.12904171671916845,-0.12892194441872612
2011-10-03,0.9403523226462492,0.853537596550167,0.25881760898740713,-0.06615755258530873,0.45265369872400296
2011-10-04,1.4489602780559345,1.6420818496061824,2.399633166844652,1.7426119781962028,1.5635678847135384
2011-10-05,0.20543948215442187,-0.33531170257781023,-0.4872400538985063,3.072296297530597,-0.5126922904795876
2011-10-06,-0.8997387940814656,-0.8807935750151017,-1.0045814746859305,-2.7901097829876993,-0.6804180174037037
2011-10-07,-1.1740428237171736,-1.0632032183359974,-0.8850587279341172,-1.3675767006630537,-0.9113315189135641
2011-10-10,-0.2527899933168061,-0.27776312588266794,-0.4095593588739588,0.909568447065402,-0.09293717134221843
2011-10-11,-1.7594006209170585,-2.1886806210510272,-2.035037157855474,-2.4936675884568515,-2.0226774895366253
2011-10-12,-0.254251351724741,0.2220739018464859,0.21081667935819567,-0.9294893154290756,-0.9077604933876864
2011-10-13,-1.8887362825059704,-1.9753940033860686,-2.608136543902626,-1.4540982852981401,-1.446849902599008
2011-10-14,-0.42297732224083273,-0.028647780531509584,0.33339432938504093,0.3111922027431667,-0.749964500670291
2011-10-17,-1.6355889829754704,-1.7752355505823851,-2.163184888106618,-1.7424981256611711,-1.2940123523721188
2011-10-18,1.5948140078154633,1.589853784905396,2.0768196696590118,1.7243353098187488,1.4727079375325556
2011-10-19,-0.8673399314643893,-0.7091838752887336,-0.5838433757833001,-0.34467068773715703,-1.243286513992882
2011-10-20,0.07214924801148132,0.04824544462879063,-0.0030523099452520602,1.4952810059543178,0.37204836758382404
2011-10-21,0.2374749582517817,0.14784667017355144,0.04126515071800842,-0.09008214738971665,-1.5445056194305156
2011-10-24,-0.8692570302537982,-0.916902427358802,-0.028386226140981456,-1.510548573593222,-1.054900914618756
2011-10-25,-1.551695984835805,-1.4065218740218017,-1.3154814319194792,-0.7240359028589053,-0.9937816477713979
2011-10-26,0.47930871639600964,0.325703558681523,0.35489748039040725,0.5734757200608419,0.5147926286870491
2011-10-27,0.5479896245006786,0.32484619070107235,0.24781995920346633,0.25870543190674966,0.48940174154564636
2011-10-28,-2.9127845405497865,-2.846129702181239,-2.505502409144139,-0.6306933629824174,-3.63182795654645
2011-10-31,0.20192683653936674,0.16006116222956657,0.37641737061899294,0.3442015495768986,1.9947231041329418
2011-11-01,1.364620504959808,1.2593768323903642,-2.012915961405885,0.1527266494832205,1.5288697155874433
2011-11-02,2.349660694160346,2.281973222047385,2.185103386063277,1.721502812203088,1.2654387701094298
2011-11-03,0.6292261681450655,0.582943490303163,0.8954223127308474,0.830656886007506,0.9714462053196932
2011-11-04,-1.5090913044549679,-1.6284132628223205,-1.5577356946527974,-1.1974266278835652,-1.321972956961936
2011-11-07,0.2502778988136455,0.19593390017872858,0.050753772232668526,1.4422453193100666,0.10019792778153525
2011-11-08,0.07298360859473094,0.34573548160081424,0.45493509719903374,0.04342401690667841,0.5473105754076678
2011-11-09,-0.11453342053961257,-0.16553896569856677,0.3164174048594865,-0.08656250066030702,-0.896040986668482
2011-11-10,2.390288630981371,2.336881419953238,2.269478519424852,1.3720991669066684,0.6934987560264059
2011-11-11,-0.04023771963716821,-0.07887694403888212,0.06750448436236892,-0.12013797010855876,0.17667712982327288
2011-11-14,-1.602859215387365,-1.8029000594136402,-1.1983978458248747,-1.521785163292439,-1.897856339671862
2011-11-15,0.9352127995806969,1.2268407213509127,1.3115565081261613,0.907745644099339,0.271671506919264
2011-11-16,0.8397441315844002,0.6370449049063429,0.7080029696012942,0.539358855379663,0.18256050075441055
2011-11-17,0.9608084380410085,0.8978235726985949,0.8774310082933655,0.06903217789428111,0.7675751769598352
2011-11-18,0.6429863674777909,0.7201550048850712,0.8367431513724949,0.8978462543975897,0.3250173867096953
2011-11-21,-0.22970869594533241,-0.14517166321638963,0.012966316059606369,0.20861955313616817,-0.6554136359758306
2011-11-22,1.3810457260981266,1.4691046050109777,1.3645049173836732,0.6743722345522551,-0.24689192653014438
2011-11-23,0.11691085888695645,0.06595673575551758,-0.010772607792818197,0.3863253164622057,-0.8053584872889753
2011-11-24,1.5704237356420248,1.5096360243598297,1.0907509898014376,0.4138570303848727,1.8405270502647966
2011-11-25,-0.07609199878429486,-0.041349264707165975,0.08780792062152781,0.32640677775100835,0.5866717324734565
2011-11-28,-1.5787133601689107,-1.2626065777006228,-1.9082996693854584,-1.0528154573677768,-1.4937645085841245
2011-11-29,-0.9764164401233942,-0.8103043188676816,-1.4008112161746633,1.2707160962114892,-0.5045419833128023
2011-11-30,-0.9491617722048885,-1.125210464506078,-0.9289692718989961,-1.8079877214300353,-1.070158854595487
2011-12-01,-2.574100362378026,-2.350155216869498,-1.8440957064445953,-2.8255810226184392,-2.1646727555735854
2011-12-02,0.29413323634601984,0.2628884373536909,0.06120526286597182,0.5755725570226639,0.8300692525099136
2011-12-05,0.19821797728879662,-0.1250001760324251,-0.5245763068887498,0.4075152382026462,0.39877137683120834
2011-12-06,0.03996460055427896,-0.19545755071214255,0.14983731882461107,-0.9467323758870063,-0.3171624316752141
2011-12-07,0.16568310812366502,0.09338128466809655,0.18147307639660284,0.17996270451776458,0.018356886156054922
2011-12-08,-0.7934460371721445,-0.2797803867406532,-0.1727853849288258,-0.04902063629632303,-1.034421000083448
2011-12-09,1.1091795910421829,0.9630806663318652,0.9418756994107413,0.451585543411135,0.6027138854213456
2011-12-12,-0.18001370887498502,-0.2596071658071645,-0.15545195794482425,-1.4228749700446053,-0.48563292427212235
2011-12-13,1.418800927483802,1.6109682651927306,1.1717607851869059,2.2780837325635384,0.041835338367225944
2011-12-14,0.6855619444878926,0.5816642524139958,0.5493804562744959,-1.43183127143146,-0.3045684603989558
2011-12-15,0.722061680853674,0.8383463531331894,0.649188082340407,1.1397194556477666,-0.3284158697494817
2011-12-16,-0.36002730598342786,-0.3166471216996596,-0.0026942780870559888,-0.07420016717023134,0.5344521717203394
2011-12-19,0.24068884252376765,-0.2961070636000953,-0.242795116358769,-0.05763998030788886,1.1891319233059565
2011-12-20,1.1021163612235874,0.48707073396860645,0.20656444906186047,-1.620797629146487,0.2468687618373479
2011-12-21,-2.291302114128927,-1.6159880474164112,-1.380420600664402,0.07711936937869199,-1.6210058874100708
2011-12-22,0.11723200371996348,0.009827978352274967,-0.30292704945629345,0.27867241610306365,0.39400544432998785
2011-12-23,-0.37613180901553417,-0.5637812532805339,-0.6644278502342783,-0.6204825554891396,-0.7123531500602995
2011-12-26,-0.548578971362534,-0.2710553647052324,-0.15560970220634493,-0.17857686955769242,-0.8835601497206359
2011-12-27,0.1529832243551391,-0.0018302631013093033,0.06355434983171454,0.08814962566552698,0.01794158809310338
2011-12-28,0.2608933834809034,0.10528316137908932,0.3271510957180388,-0.5731411253081569,-0.14380142190747605
2011-12-29,0.7430416744356615,0.6951244447948013,0.5939867671808746,0.4328603834590384,0.6376376260189991
2011-12-30,-0.4454153111783715,-0.6054406515201471,-0.23629671585678316,-0.40259277037127783,-0.7734529905326919
2012-01-02,-0.32774617897733926,-0.6803780932035193,0.13893321927465074,-1.1521796374924955,-0.8129484940840707
2012-01-03,-0.44248661864577066,-0.45073681803091414,-0.3150233471912343,-0.20459060709728286,-1.1011364134528656
2012-01-04,-1.3516739083914595,-1.1350690163831216,-0.8727493325431269,-0.4253845371732563,-0.8155484829898014
2012-01-05,0.2169808070374796,0.2565990896604124,0.27675784120082064,-0.1758596003883181,0.5513423200098341
2012-01-06,0.6707043605938101,0.8393783871868712,0.28380665817046624,0.21478472235374416,1.0915577717220895
2012-01-09,0.7591809243882492,0.5819712952593691,0.8835608995661915,-0.20017569758461423,0.8977619338364619
2012-01-10,-0.7314167735718131,-0.5363516500448033,-0.45916826327998617,-0.02775118323112402,0.12775661860371995
2012-01-11,-0.48141549909170434,-0.4496886353762505,-0.46293355283289694,-0.3742527426640543,1.0735036428754805
2012-01-12,-0.24179346040864133,-0.162728739219073,-0.17010462770647042,-0.24851238954113114,-0.2881431448941355
2012-01-13,-0.238682280239594,-0.21468215881927027,-0.09797332635820712,0.13924844626891097,0.3017096837467571
2012-01-16,0.8747652147866999,0.5379679439403013,0.3685652915087324,0.3513722145923632,0.6301491064662997
2012-01-17,-0.4734124524966587,-0.363489167446272,-0.24437936568564986,-0.17220343341775102,-0.18378623625139723
2012-01-18,-0.805240048129539,-0.5964055055532684,-0.6001354589697784,0.21090426683062619,0.8102427665513151
2012-01-19,-0.32121064820871026,-0.3775550995578797,-0.3161049665533733,0.3362779680872897,0.3323885354656047
2012-01-20,0.09044094276766243,0.020565826891089427,-0.3685817491011271,0.5463122480932452,0.17361345472086268
2012-01-23,-0.7598856502452545,-0.4923464684909154,-0.34775849515385754,-1.048602445345737,-0.31748962408448067
2012-01-24,-0.46509818701282063,-0.5977603281313564,-0.6320256733990302,0.24404509131143431,0.13132104038770048
2012-01-25,0.33014786293296666,0.46403966695041304,-0.43278195366939304,0.4086860619108283,0.1750650372759352
2012-01-26,-0.9026011138299734,-1.0582661651832512,-1.1714694199590585,-0.08322691942762664,-1.0485216004565703
2012-01-27,-0.6087008793485466,-0.2523346502726673,0.15518598806587264,-1.0306964702790802,-5.251054817178564
2012-01-30,-0.05796716835510168,-0.18090127541341866,0.7902658102918902,0.2607435169206562,5.094620408726652
2012-01-31,0.6592510532316562,0.4627320845088761,0.9811467543499298,-0.1517768570183544,-4.685223497106836
2012-02-01,-0.08367951237382876,-0.18231255289800996,-0.08270342605330233,-0.021506062682269664,4.777093562961508
2012-02-02,-1.026132047343077,-1.054127249451128,-0.9594344558431873,-1.3154730339411176,0.857162504087768
2012-02-03,0.09732563143878482,0.11156680979475678,0.10893835082725381,0.552572154619019,0.13572100016395125
2012-02-06,-0.4095238536167203,-0.42803651979154816,-0.8860471985474485,-0.06553780474382831,0.2952837698520762
2012-02-07,0.1402604237499362,0.2614489896724403,0.2399137945680737,-0.15268589051895626,-0.4965712631495975
2012-02-08,-0.6378795818301636,-0.6864481065214987,-0.9753799531371616,-0.6003775775266638,-0.7705963253834022
2012-02-09,0.2074048175065939,0.06159908828670077,-0.3072844130114559,0.07272134780121363,-0.22918696487489992
2012-02-10,0.2533424657205006,0.1988887585180374,-0.5357073444856636,-0.09288192545667547,-0.5338899332819328
2012-02-13,0.6037740516975603,0.546770901458011,0.4573291939273216,0.5047120510991563,0.7514463548836786
2012-02-14,0.04149067220028792,0.06036034524631277,0.31761447519737684,0.08413723778752508,0.5037296638855879
2012-02-15,-0.03756575754412395,-0.00553190632032559,-1.0909965022885657,-0.4514032087480874,-0.27664176717711664
2012-02-16,0.138273267628306,0.1670683657780771,-0.04180179511719995,0.1768022205934287,0.25531637440969757
2012-02-17,-0.6281398320184511,-0.5943973841912977,-0.9875790286781553,-0.6626401359673888,-0.5419845416834403
2012-02-20,-0.4813362913673447,-0.5023957650089133,-1.7460640609486056,-0.1269569250099513,-0.6545249453433767
2012-02-21,0.7153156246158358,0.7528754510985589,0.9889684034652658,0.5409830881333588,1.0133530389612035
2012-02-22,0.5880236043162271,0.5081349241757207,0.271883901059338,0.44998896694812984,0.34562939216557453
2012-02-23,0.45590112429560287,0.4197114117429817,-0.1774823189048626,0.1100252139866807,0.622355200036176
2012-02-24,-0.9926886152390949,-0.952516421025257,-0.5348755211486133,-0.7722266322557427,-0.6169337811825522
2012-02-27,0.24944400087471036,0.27345062413317955,-1.615408532600587,0.5026685318634854,0.3675016050907516
2012-02-28,-0.6258635914904296,-0.5656503953863599,0.6109866466452151,-0.7618989416330771,-0.8568715663216773
2012-02-29,-0.36901107335285427,-0.41162121702730564,-0.3174851030260286,-0.5338208366070153,-0.3084858418946488
2012-03-01,0.6009265383851069,0.5591581496275349,-0.485539968921457,0.8524093970242126,0.6499267105689595
2012-03-02,-0.6467674021492206,-0.6164270256533713,-0.42419204346730494,0.16611514255130222,-0.909050139071961
2012-03-05,0.7450711625502328,0.7744140156277821,0.16774941351123288,2.3098708935817474,-0.017318365234043565
2012-03-06,0.34486687041061836,0.4573844229109485,0.5785850051899081,-0.8274373083188662,-0.1857160978953928
2012-03-07,0.94113495670556,1.0335621539176936,2.1143268843910983,0.43405624690566147,-0.03572673940695488
2012-03-08,0.09231405999916106,0.0077347661763238935,-0.8110857069364363,0.09829946943875087,0.13210868932857503
2012-03-09,-0.8344419045400933,-0.7395757730808387,-1.1147755376276107,0.225337505340576,-0.28540766844118454
2012-03-12,0.7965749962233606,0.7662405502033612,-0.19448265137597878,0.3935534570806948,1.3594672951567635
2012-03-13,0.13829529711820315,0.3073501629662787,0.32581896468899646,0.0194657298190824,0.07885788756633105
2012-03-14,-0.1313478758948445,-0.10131299219667088,-0.8042030636854156,-0.1599014482936027,0.15911046793401976
2012-03-15,0.8895462396973318,0.9831303580507036,-0.11386070382173158,0.14303761608997026,0.8531996292822951
2012-03-16,-0.6710289536195376,-0.7495323282923884,-0.32816076694114726,0.045630636057294616,-1.5796524281599122
2012-03-19,-0.7355385537827575,-0.8020790890518384,-0.7296586156182773,-0.9257995114172263,-0.5489814811463276
2012-03-20,0.05837576520983008,0.025901069506039716,0.10410695603120754,0.29053949807115154,-0.2132340311997664
2012-03-21,1.0787362247914867,1.0844107835469583,0.780855075276638,0.48374258879091386,0.7432304782395733
2012-03-22,0.3325711299112576,0.27882713436927253,0.8032820466247721,0.14158320824861445,-0.10445983796440074
2012-03-23,0.8561604506844019,0.5371495302297761,1.388324815554907,0.2509346992295322,-0.45099161336424787
2012-03-26,-0.8573852089180651,-0.8105314787538922,-0.9077301117268011,1.5249793419296926,-0.9939240747777124
2012-03-27,-0.4680840566796268,-0.4022912961224655,-0.9236278871970728,-2.138458660481567,-0.22730809414033318
2012-03-28,0.8378049150532374,0.8163750644913422,0.7365166192754242,-0.04597362501727498,1.4646583485891937
2012-03-29,0.5832410348229606,0.49933566225474946,0.8031423948422797,0.41714457728783977,0.5375051956644694
2012-03-30,0.10948946605093429,0.17092817910625457,0.8368492100801734,0.19013122928440085,-0.8945689145791376
2012-04-02,-0.3298901215289838,-0.49163899225237206,-1.2090071201101642,9.010062021064247e-4,0.2801196198668665
2012-04-03,-0.060674161887271344,-0.04298532749383105,1.5182965136390962,0.6821255645702279,0.03636478265077256
2012-04-04,1.1634664949373836,1.1594856015853148,-0.3158211069041398,1.166606671347856,2.369450383368405
2012-04-05,0.34205591153060333,0.3034783849387156,0.674948577220585,0.23683082363717395,-1.0384209424690567
2012-04-06,-0.37740348004087393,-0.1473824611717113,0.11655123483224211,-0.0034260530883827023,-0.21393160000381636
2012-04-09,0.1024472394433808,0.07324926887396119,1.1924408311662762,0.2591371717101069,0.0714046152884031
2012-04-10,-0.20136536464774907,-0.21580977477094632,-0.5567826654314317,0.14514707174736538,-0.23751803618121342
2012-04-11,0.6812425675900504,0.7366651091016513,1.8466855067195675,-0.4632516359704515,-0.12276497832356602
2012-04-12,-0.7430054644800919,-0.8155959889973207,-1.1335030643202173,-1.294444704184895,-0.8215934709087747
2012-04-13,-1.198979197804538,-1.1821797987696363,-1.1630697608873588,-0.6962109313219427,-0.8254510148348024
2012-04-16,0.9630402315412704,0.9135101112727925,0.9682268620552066,1.9093546733911686,0.19338429187393555
2012-04-17,-0.21110358855369024,-0.07442837618042122,0.6114629606858281,-0.9538675635483993,-0.29369405932958265
2012-04-18,-0.3585962657484066,-0.5286367054866722,-1.3702503313420493,-0.6803716430719845,-0.1746798438542457
2012-04-19,0.3020610852827084,0.33386884733841915,-0.024652750147691777,-0.3659704566037196,-0.3064178700005534
2012-04-20,0.2491441941681906,0.2569508019640089,-0.07723535032255341,0.28756922643603156,-0.469233382744343
2012-04-23,-0.4245340851153494,-0.36169432373174915,-0.3636717311717713,-0.48776842508023877,-0.29531299899898994
2012-04-24,0.6980063507729702,0.6958975781217902,1.33782480815738,0.5677845573688736,-0.15279438037997567
2012-04-25,-0.15924511179266626,-0.19850378252181233,-0.5465563748325779,0.054261964613775734,-0.5741771831647076
2012-04-26,-0.24041625809736625,-0.29388341987962413,-0.2312580092234896,-0.06608653041327632,-0.10217141545108761
2012-04-27,0.040966344861272624,-0.03841411856924125,0.27291074916946384,0.3359541180535679,0.20732359682107118
2012-04-30,-0.9915013409688258,-0.8656136460473017,0.030953051026657,-0.6798697938393276,-1.0821277265125726
2012-05-01,0.5455082554267725,0.3129039832711326,0.8550852606362925,0.3231451172426986,-0.07524430126562848
2012-05-02,0.8643743536219526,0.8383273962670159,0.4879177001700974,0.9127298375017867,1.07818992370394
2012-05-03,0.2688498171390634,0.28956639294977143,0.3783885790293512,0.530810182879727,-0.3610533187385058
2012-05-04,0.41889165024670016,0.38913197243952047,0.2766852594212008,0.37985224542619284,-0.5427117068163473
2012-05-07,1.394013351727171,1.4201091998919364,1.8993080106750393,2.5252124656571744,1.2273578568598857
2012-05-08,-0.9419155214225732,-0.8715095272504355,-0.971951746090251,-1.739308246977572,0.3663642324951317
2012-05-09,0.8571099057432281,1.0661690088049347,1.0819864199315983,0.7057223188586854,0.7292340214628751
2012-05-10,0.5363859840531083,0.5377546102762644,0.7539903523457524,0.14694778860389535,-0.7184345816427046
2012-05-11,-0.11756764003369369,-0.08518627388535281,-0.2802358911996524,0.28363775948503145,0.8682027553180068
2012-05-14,0.39545303416608857,0.37340203122300536,0.12572097901295376,-0.44918385539766925,-0.18959844122931105
2012-05-15,0.3609354333455867,0.501494028070467,0.7486310114482132,0.31223048244297985,-0.16228331210307734
2012-05-16,0.33757080558492913,0.29462120134155234,-0.29595092973969,-0.057080977226829296,0.5774806648176782
2012-05-17,0.16763832744276733,0.14495867823318906,0.08156200058880773,-0.6527680576361299,-1.0501408353117703
2012-05-18,0.3273706769309623,0.3734098275485325,1.5647938306906346,0.17151321452748308,0.22303441168919522
2012-05-21,0.4689600172879264,0.5767497324731874,0.9195332647013023,0.32529918701718497,0.7277693833973575
2012-05-22,-0.7056570397080081,-0.7890237889388254,-1.1282696381917288,-0.47905418367469643,-1.8100660569364897
2012-05-23,1.4966990675386855,1.448975636273738,0.669410697554951,1.3121414640275653,0.5225250453683
2012-05-24,0.3793684121058287,0.5047835243935197,1.249896409486833,-0.33632291164417216,-0.507761381964767
2012-05-25,-0.5412616506482937,-0.3987912179059303,-0.6632157515310929,-0.16736823896526698,0.30530775192061976
2012-05-28,-0.6134730708466893,-0.5473691000074911,-0.5324358687410696,0.5159017906008809,-0.1479212176259811
2012-05-29,-0.015020749208899361,-0.04110604269192682,0.030394824902580497,-1.5047586712337455,-0.05307561344424527
2012-05-30,-0.08252072544503414,-0.04432745342703976,0.032223128322488234,0.06256969820138425,-0.6024053763311299
2012-05-31,1.1000486349100855,1.2382679666098146,1.9015707129465071,0.9814415864429975,0.15452611015068263
2012-06-01,-0.37224504417057014,-0.12574362246299772,0.47577703203130706,0.14242001627771547,0.14129617902343855
2012-06-04,0.7221274738707334,0.7621526412564026,1.285935077841584,0.19902292544303143,1.7776745015481912
2012-06-05,-0.930792079708267,-1.0341282198221022,-1.3702922203814472,-0.21246677212496645,-0.9962286019442868
2012-06-06,-0.4173148825182659,-0.3395500639700424,-0.8475189745895333,-0.37120037269672523,-0.46615147161031656
2012-06-07,-1.2936432534509714,-1.3157222465555005,-2.00063804752272,-1.1171939920288863,-0.8856883284011778
2012-06-08,-0.16019938688676955,-0.06645683456968728,-0.587002196850202,0.5389414093913528,0.6185497960328159
2012-06-11,-0.8210286291180415,-0.7264495421218663,-0.5512189015474503,1.874057452883155,-1.5173059542384333
2012-06-12,1.0603338409308682,1.0456007328480847,1.4005499019905285,-1.5128183327758409,0.402250145534402
2012-06-13,-0.6385235822080879,-0.7033106413895729,-0.9730483064753229,-1.0511010925411866,-0.910526623476923
2012-06-14,0.25969584429548087,-0.021525325388626115,0.14572471365631126,0.13673789241641676,0.0950191597223636
2012-06-15,-0.9626108614581089,-0.6166806686106732,-0.6717890738596416,-0.41071176843754376,-0.835865056842678
2012-06-18,-0.9487759602075005,-1.0328270083342659,-0.5563122119289049,1.4391782434192102,-0.3860385041958886
2012-06-19,0.12299208392206708,0.02304025659148934,0.08944666619789837,-1.6758395395544383,-0.9504481708673369
2012-06-20,-0.6001623688951122,-0.6857744489440274,-0.7047749525280218,-0.7698910657065778,-0.9041247135385745
2012-06-21,-0.10773936767091342,-0.1533852106771504,-0.6590076382425214,-0.2722994211639427,-0.6173947209799626
2012-06-22,1.2742441200288501,1.5062785527182823,0.754380829911951,1.3731380498152863,1.1555139764221056
2012-06-25,0.19081485226815526,0.12686779815765686,-0.5342219130961953,-0.5204596203518345,-1.1579839169313082
2012-06-26,0.19964034777489037,0.18827705938051992,1.2958541829742414,0.25168185048378533,0.18888795693794747
2012-06-27,-0.3403119385214193,-0.3389993197297795,-0.050072988462803655,-0.052555704551837355,-0.2956922156651413
2012-06-28,-0.2132593078219841,-0.2887899873720117,-0.6037209800384019,0.12368913931633871,-0.04478850572213928
2012-06-29,0.426861178439589,0.4380014069107005,0.8880336306379761,0.06642126403879339,0.521729886431024
2012-07-02,-1.94141041617972,-2.0232741121983833,-2.638310485364269,1.834383151267244,0.36127415570137744
2012-07-03,-0.04263102279899475,-0.0419249095606887,0.3856579318219686,-2.0229652727978498,0.19054161032561542
2012-07-04,-0.5185459828764559,-0.46832394614144945,-0.889716415100092,-0.10290572933319864,1.4663930988338258
2012-07-05,0.2551526438678745,0.168525624872074,0.01728700123012876,-0.1784409410520932,0.21483147909344844
2012-07-06,-0.21945732904214998,-0.08546891806822209,0.02350051288589934,0.2826268920038269,-0.9610181735334805
2012-07-09,0.6685320699553828,0.80233264956756,1.2995642191700654,1.1291356245814304,-0.16587326887544276
2012-07-10,-0.1593582433486872,-0.06824357808583166,-0.16204331133041677,-0.9110897660203674,-0.90045100735901
2012-07-11,0.24169584512846728,0.15253155165438936,0.38997161034323824,0.05583617733991897,0.8589597581606288
2012-07-12,-0.6733168013304518,-0.5752257437032758,-0.8993738271782875,-0.5521486630517453,-0.8574016500607671
2012-07-13,0.9814739523462057,1.0729522719214497,1.4348494419698377,-0.16927426305635931,0.38995506136983543
2012-07-16,-1.1366599576280263,-0.9118142241071476,-0.6997325838217011,1.7324643195752358,0.546827525100236
2012-07-17,0.059970704184130905,-0.11596551560502591,0.30217766837739063,-1.6530239115810774,0.179639742248562
2012-07-18,-0.6104480363788434,-0.6912474522712794,-1.0330426773347734,-1.2471736880578261,-0.8057150971609173
2012-07-19,-0.4156815176937061,-0.48200762845640027,-0.11351225426133826,-0.4058601905006243,-0.9544812812594321
2012-07-20,-0.6785992511853095,-0.5879811873961278,-0.4963660376024853,-0.28950462472695715,-0.3869859937357762
2012-07-23,0.7683241801687809,0.7832370152805779,1.1618462222793,-0.23282975468369074,0.41121223144344343
2012-07-24,0.5270420665768902,0.6911635912246606,0.8860624896656434,0.36020551881007123,-0.43867235990511044
2012-07-25,0.5462405072497296,0.5429878651430049,0.8002064991200138,0.6543972839131813,0.21705449008126002
2012-07-26,-0.8582301342150692,-0.8407182949367944,-0.855308814601921,-0.6640838891619218,-0.9060485041432631
2012-07-27,-0.8742703739815536,-0.9113333289586167,-1.2110942043263613,-0.8107899672149659,0.12232718723379682
2012-07-30,-0.6443020251511069,-0.6574059713923659,-0.8914805093533619,1.8251124454934036,-0.13173099867683577
2012-07-31,-0.32960155011385633,-0.35007790430805397,0.18692131624678682,-1.7083365607869685,-0.6739919564088421
2012-08-01,0.4055870963837318,0.1358903917273796,0.13861370317482427,0.1944749875969053,-0.3770200631114592
2012-08-02,0.06918850372693228,0.14271117283445933,-0.19563124901626056,0.5293319250407507,0.424135440705699
2012-08-03,0.11899550132748245,0.11089874666472775,0.3016390777149505,-0.018202990441434086,-0.48433985348403547
2012-08-06,-1.0084754952640531,-0.9534117676581366,-1.432587270650642,1.6771018036739713,-0.8798830607672723
2012-08-07,-0.14660541417315875,-0.06157107525080127,0.42329779198201517,-1.918183861291911,0.2504711857656725
2012-08-08,0.37952268778016085,0.26248544600283386,-0.20575559182605574,-0.44461623489787194,1.1290295124577194
2012-08-09,-0.08717568473698552,-0.20418522644444745,0.03460888000416785,-0.4043719010364564,-0.6732152106003383
2012-08-10,-0.1813613278971941,-0.15265374050942254,-0.40409140217961975,0.1414268866102741,-0.012898018922249621
2012-08-13,0.23575718715960828,0.1969920134371341,0.6406558093860572,1.6644073666751078,0.20048962450015756
2012-08-14,0.33878649363066593,0.3755150571784562,0.30438359115238395,-0.8673939725072899,0.28882916491922744
2012-08-15,0.33010416854071223,0.2605701276982399,-0.3776364781608739,-0.23604702971987468,-0.26137150897397854
2012-08-16,-0.12609443164508535,-0.08167000884939143,-0.32569975902070863,-0.08179888708357148,-0.13269051630991285
2012-08-17,-0.34607326909344244,-0.2703446761174442,-0.5907494219210763,-0.4384298924473357,-0.22538525344109586
2012-08-20,0.9313288629346113,0.8244555283775419,0.4895298126423622,0.261083645045038,0.5969234959370237
2012-08-21,-0.08410206088667231,-0.11896891862492984,0.12173549807785419,0.12950280707940107,0.37098171365438004
2012-08-22,-0.14600312129569137,-0.18189838798569563,-0.06901466164765616,0.1892871912077442,0.12425811346415316
2012-08-23,-0.3198175583436082,-0.37193300600211066,0.5067943961560103,-0.10116354592031887,-0.6034961026246743
2012-08-24,0.669289007363655,0.7154402101973678,0.6738721688003413,0.46329131426083,1.0590271933917295
2012-08-27,0.3172707211133747,0.29443195821949425,0.1031053798978861,1.9784632947220173,0.013670151365953453
2012-08-28,0.34169879486995464,0.35951016406375713,0.3305970649187139,-0.9882066676685809,0.005488100575153046
2012-08-29,-0.04093592010118943,-0.0666707951816852,0.15404637899629592,-0.33877298565969105,-0.036114686118594946
2012-08-30,0.36404826315993094,0.3115124741015597,0.12933618854069537,0.28581109700709756,0.39269846101441036
2012-08-31,0.6343223537936188,0.6018428132974817,0.8253391439534584,0.7980271833104677,0.6365737945376699
2012-09-03,0.0845323021551652,0.028703820813349698,0.3576962517598093,0.10367736959726842,0.3161765083232209
2012-09-04,0.45273470411008415,0.3621846053108505,0.28188573403845524,0.7280306361062407,0.3797614081282756
2012-09-05,0.2270878279513555,0.2922771765967221,0.11813526262494017,0.26887742104441853,0.12169880385584822
2012-09-06,0.1592280190297702,0.18741261368625084,0.2451175533240841,0.08102866467859214,-0.2598663042940085
2012-09-07,-0.8079036001016152,-0.9040809026280827,-1.5000457797302664,-0.7162754552381955,-0.5116776309577155
2012-09-10,-0.7891645559740997,-0.7636894485481793,0.0561093040654565,2.3031676883019037,-0.2716938433740275
2012-09-11,0.32305380819593976,0.27173667946569485,0.3226433868584752,-1.8674391379447006,0.09656246801392887
2012-09-12,-0.8453562169959119,-0.9221301380867297,-0.3209278174305717,-1.38145493676961,-0.7285062792360324
2012-09-13,-0.2832455097433901,-0.3687175301768823,-0.4633033316628948,-0.636766516919014,-0.2235223402942348
2012-09-14,-0.6948317173833609,-0.6470910325571626,-0.42670365343890077,-0.7729550666982923,-1.0546711132391786
2012-09-17,0.16207485725373677,-0.05699839471070062,-0.9109189164298818,0.30521495720519887,1.8452747329431325
2012-09-18,0.7500738236503476,0.6131102787999848,0.14588384083888156,1.0028069875324883,1.4492839919359404
2012-09-19,0.0687687653999835,0.20328405731383986,0.11319396228159552,0.16059142408224777,0.3600199979659563
2012-09-20,-0.0441524303596815,-0.16169018689367978,0.3029158289793,0.150577100093661,-0.1356685238616701
2012-09-21,0.4605944957163091,0.34846357892769314,0.6145646722046696,0.25665105806998834,-0.11484844807316556
2012-09-24,-0.012433713495076368,0.008813918911546002,0.15923666486678148,-0.08212649802288464,1.6544487518620765
2012-09-25,0.01755183618301251,0.0835978742686983,0.35451723987634015,0.03223813103952179,0.15012668557029718
2012-09-26,0.6546768986487493,0.606506861092266,0.7825204388254319,0.8293471184805916,0.7857906866466099
2012-09-27,0.02036862411082176,-0.07840946585464866,-0.0347786607342954,0.025580712335695865,-0.2410291779283378
2012-09-28,-0.6494197794530031,-0.6315452877843702,-0.5377851988850421,-0.35172964030365,0.25753643376755386
2012-10-01,1.02770192761396,0.7814699820314106,0.33035634867530267,2.1372626841415077,1.1432474913818655
2012-10-02,0.03129749552947055,-0.02734327827540376,-0.12912094956468365,-0.46689371381029554,0.9737958179385356
2012-10-03,0.33043793147481676,0.9615403858401825,0.7387162996733528,0.7263442983938004,1.1079501257988182
2012-10-04,0.317138115719894,0.3079633270399495,0.04728259038679292,0.47647718967977676,0.8929827299584148
2012-10-05,-0.0843229030637967,-0.12274241902398114,-0.2179432869428998,0.3117062889082814,0.8130050715714986
2012-10-08,0.6614476073674863,0.7190858576692071,0.42637865235899125,3.1512690607419116,0.48914937511869244
2012-10-09,0.20947656205260132,-0.4136442165842413,0.12862293840905673,-1.8318064985253102,-1.7596664596856744
2012-10-10,0.22832722260628247,0.23792580195984198,0.3279085653393504,-0.3619464450638251,-0.18390421572704319
2012-10-11,-0.495393415812407,-0.3194082727004871,-0.14377076095382507,-0.5593334455463085,-0.93609992033781
2012-10-12,-0.027186941221871916,-0.3469166264315001,-0.760584784748817,-0.20017002334548295,0.23364721871043972
2012-10-15,0.4836241363796736,0.29056873324647126,0.18122906693001706,-0.22560215478433632,0.08823681111545814
2012-10-16,-0.4436826143081788,-0.41487402331183165,-0.7923958685462089,0.05629279139064575,-0.8096320153284529
2012-10-17,-0.3344870480982835,-0.3998292947781532,-0.4723369816773274,-0.24955896143215864,-0.24241825585774524
2012-10-18,-0.5386844452745739,-0.6787864376466064,-0.9593288989288333,-0.46521611017332076,-0.6955119699408712
2012-10-19,0.059676713339817784,0.023443810937814433,-0.295190926484047,-0.11803907478436604,-1.0836964155780402
2012-10-22,0.6541293283308305,0.6812512763288651,0.7572038860364484,0.5531310637241887,-0.28697891174280865
2012-10-23,-0.2751169100925674,-0.2922970139011062,-1.1904746403425905,-0.04191549674459907,0.36830730520014837
2012-10-24,0.6741247438871383,0.6441735936717337,0.8006791998322411,0.6839919898711815,0.25225313439941066
2012-10-25,-0.6385289078011722,-0.720640800077051,-0.6916979249753613,-0.5586875617211647,-0.7440712750424141
2012-10-26,-0.09070559961060592,-0.08937790153433109,-0.6120213418610361,0.3785100723057654,0.1699716693017762
2012-10-29,-0.25977332829648525,0.00890719001143854,0.7292271340537912,2.538279916790893,0.030562245655225334
2012-10-30,0.40801429684392027,0.11072376039828347,0.026016425679487403,-1.5833744412009363,-0.8590513685379625
2012-10-31,-0.1861431384331597,-0.23808851482392873,-0.18214383391382422,-0.19099479531818803,-0.16663935064590407
2012-11-01,-0.049328163133203116,-0.11370703550224168,-0.31851411463908624,0.09797201780484395,0.04695773670390953
2012-11-02,-0.4015355997635483,-0.35200162309795585,-0.81687864505097,-0.27878282749433947,0.06493423517593591
2012-11-05,0.5805609105424696,0.6649564020256883,0.31541570966442223,0.10226780181870376,0.40129015531193357
2012-11-06,-0.2536863102102583,-0.3387167387109649,0.0956062261649413,0.0860451626866938,-1.7441208930414667
2012-11-07,-0.5870638521644242,-0.5065275164386496,-0.653435603785422,-0.5320614747459741,-0.450638568284757
2012-11-08,0.2535792465437759,0.2647029434427504,0.6332569575424084,0.4602708282612608,0.6352117934405095
2012-11-09,-0.3228301954193171,0.0285304575827191,0.6896847616465606,-0.048219686797047995,-0.16235208893771264
2012-11-12,0.39934753608959417,0.05861644228971769,0.07754605259590969,2.897594386190706,-0.40607323780538124
2012-11-13,0.14125613931257414,-0.30177081892579927,-0.49390502360711463,-2.4768011311372136,-0.8902149673171817
2012-11-14,-0.40635958606153577,-0.1753392139508941,-0.009736605671293558,-0.7155942411223412,-0.2983540259995762
2012-11-15,0.7758519447748037,0.7519265170640553,-0.15899002145309818,0.7829169943187766,0.8606081790482859
2012-11-16,0.22051454242032112,0.26903060449867694,-0.8974860897320717,0.518334041628964,0.5832791052917764
2012-11-19,-0.26327213567343005,-0.20474404188311343,-0.7219128264145768,-0.7936709179947178,-0.9662433125886879
2012-11-20,-0.4127058423728695,-0.4045472804561462,-0.1802773928326551,0.16725012143858545,-0.385842112870463
2012-11-21,0.1981199350605972,0.10896686156404824,-0.3633803470234216,0.4060594404150272,0.010811151387373506
2012-11-22,0.11427798144449265,0.07717961900197101,-0.9386029163765737,0.2610310048821098,0.05659804672858811
2012-11-23,-0.06879735476736731,0.02187414488559244,0.2687605853923454,-0.2342321957125365,-0.14651184181709814
2012-11-26,-0.6646496752082244,-0.7521847806234173,-0.941630929293923,1.6585729167093095,-1.2055634363169156
2012-11-27,-0.07364547618415354,-0.1453385504084927,0.6469513731456937,-2.1357822572556833,-0.6573556638633582
2012-11-28,0.33254118304475494,0.2800150712411943,0.07573270145700621,-0.4033573233737782,0.531900825397364
2012-11-29,-0.35515985858894905,-0.29902515171635125,-0.41134040662441346,-0.31195642035104343,-0.6602383512137431
2012-11-30,0.34189664716946644,0.43089551692593453,0.42525534326615055,0.6999281809487082,1.8827057635565079
2012-12-03,0.1415329154717155,0.04743007821666095,-0.3095147619574823,2.3317242613054563,1.4114662439628305
2012-12-04,-1.0535446469219813e-4,-0.009817466759407558,-0.029011732201008195,0.9070455902602448,0.17285196289904775
2012-12-05,-0.45440240573017415,-0.4612753245592102,0.3252095489680376,-2.8579081809253664,-1.2301370138008076
2012-12-06,0.22597309211457392,0.24083220490263185,-0.48851457951518823,-0.26941389878957545,0.31050543785628865
2012-12-07,-0.2656227207789649,-0.2298989617448459,-0.2688571670668137,-0.2957200575725272,0.5770521455602234
2012-12-10,-0.03480147636929586,-0.0942939308782245,-0.2218686842590562,-0.36121606908356335,-0.3749474082045045
2012-12-11,0.020224901617603035,-0.04732964757036858,0.19442528620055638,0.2342275590919648,-0.40591305533609906
2012-12-12,-0.8709672458636104,-0.47517204515305733,-0.6579252221688577,0.040946167749924184,-0.09545238959427627
2012-12-13,-0.28377877747949076,-0.09347858054764395,-0.9523064504589704,-0.06817364768003388,-0.20580565526169442
2012-12-14,0.25854501342212693,0.13931957460418892,-0.4159732919986224,0.13816291014254795,-0.1507614153858971
2012-12-17,-0.17637471486307474,-0.22096960319384157,-0.7924663860052572,2.4138630882229855,-0.20561311002854676
2012-12-18,0.11345713267179365,0.06228281417710148,0.3560625311196767,-1.7358455986914787,-0.7101569357368429
2012-12-19,0.35892695635439875,0.2734168903777677,-0.23783470604271412,-0.18676143687499916,0.15911919954302145
2012-12-20,0.4790061094947833,0.4122612250087435,0.5440038339238189,0.39557772289085147,1.0009976823874562
2012-12-21,-0.040732890297775215,-0.03084559241557388,-0.23867399147871243,0.03550913634879527,-0.43699320018280546
2012-12-24,0.7906228664321628,0.7975249708001534,0.7855966669391442,0.27312999272440197,0.3298726907525651
2012-12-25,0.3113725240082475,0.304469177979841,-0.188597874013575,0.9215014096698464,0.5459630661285686
2012-12-26,-0.03371061981160875,-0.0688370149626382,-0.2850061165711406,0.11327365050838875,-0.09159840946023148
2012-12-27,0.04721552535251689,0.08493427569469461,-0.7004267360783103,0.1065783591818233,0.3619554786809069
2012-12-28,-0.10168245714752097,-0.04071159800642395,-1.0291584126376336,0.13037806111495498,-0.16657307446733147
2012-12-31,-0.14164000239090865,-0.2131538181330101,0.41017430749078976,2.9997545291023244,0.09480601890081414
2013-01-01,-0.006671339089952761,-0.07337728034914641,-0.9001284130401247,-1.596745014213093,-0.48431523090765394
2013-01-02,-0.038150460562051486,0.07309196392245279,0.157007524324348,-0.32027822101047837,0.565468028468848
2013-01-03,-0.9018253517990785,-0.9700022649947814,-1.7032418336335071,-1.0560167554874316,-0.2629250915979893
2013-01-04,0.3343966463610301,0.3570138244675379,-0.2216672309331751,0.3922702109056552,0.04805359871977912
2013-01-07,-0.3255618254361615,-0.3777930868864916,-0.8661097255982704,2.0162427173120916,-1.0861463122135613
2013-01-08,-0.17472442706030272,-0.18417046399328593,0.8876459066383682,-2.1080589688582005,-0.9434333519750222
2013-01-09,0.06850614669755269,-0.002583518652161467,0.48746413781843806,-0.856646134791766,0.27709317061639793
2013-01-10,0.06572398195615926,0.060554303241208855,-1.396252158398278,0.3420121960450244,0.5727905962254392
2013-01-11,-0.6922057986992319,-0.6940594364344562,-2.017178735888658,-0.3632957635602222,-0.27617627613869233
2013-01-14,0.4901766036695038,0.37757672094923783,0.07698587731294637,3.230835972484107,-0.22056121222155178
2013-01-15,-0.29703078801972344,-0.22264828641971324,-0.11208499569188032,-2.1937025569068513,0.4098291755198538
2013-01-16,0.04786822783540064,-0.08786464763801868,0.7160437986568977,-0.8180906727912558,-0.21358127286808923
2013-01-17,0.030428416513818994,0.13366147459679406,0.28455668294350506,-0.2437620833753444,-0.06450597271966256
2013-01-18,0.13711894264666474,0.10853007575873735,-1.236397170946229,0.42222141841897926,0.7376388963379582
2013-01-21,0.5852909442778771,0.37844745054280227,-0.07785405537911046,1.671368210133817,1.615089804141701
2013-01-22,-0.29575370666835105,-0.08120438583725052,0.6062964234981187,-1.6218698365630395,0.09645985909164342
2013-01-23,-0.5107407458447617,-0.44888703304483285,0.7724876861205879,-0.9903991296394694,-0.541195589647573
2013-01-24,0.23757934440693146,0.23869055673089415,0.19471420689253485,-0.2360482525129753,0.42548497838773136
2013-01-25,0.9320923517592938,0.877428408907117,-1.3612142681825674,0.7131458568415464,0.9269462662755082
2013-01-28,0.3631988556007773,0.3250415236942376,-0.42076706275969644,-0.38682018596813716,0.23146353754961824
2013-01-29,-0.15045023704327706,-0.08589853274989051,0.7439234713512279,-1.5297345270809946,-0.2825097481000305
2013-01-30,-0.503843770390131,-0.448107101752408,-0.7797867270811369,-0.24101172491200945,-0.21543046364523977
2013-01-31,0.55276893872709,0.47001512967464626,0.17139208125370425,0.30114952331433753,1.3038267451019876
2013-02-01,-0.0508569580118077,-0.10896043044367434,-0.8388580943089323,-0.3322787589351288,0.2506433113177709
2013-02-04,-0.16148547642174044,0.04269728898768102,-1.1348862986310018,1.5800327898175155,0.15989097674752709
2013-02-05,-0.15317197754174386,-0.13072092933393636,0.5187499831386749,-1.4033015919330318,-0.34524630333820633
2013-02-06,0.5256653581222247,0.4766135944130542,-0.9831430730245072,0.3277574372027543,0.7131573729147646
2013-02-07,0.6939535938391932,0.6974570115404843,0.7613124522061523,0.5062406077587522,0.7602557497282817
2013-02-08,0.3310724557573237,0.36447398442370466,0.21870544004045045,0.5796666793540501,0.3411334851696642
2013-02-11,-0.7071478791231993,-0.3817332005882441,0.7609640087860665,0.5900385415979226,-1.0443726280508718
2013-02-12,0.8435324112873623,0.5602668244378891,-1.1731001832221029,-0.6126108784896889,-0.283439619375926
2013-02-13,-0.6498357578718195,-0.7043595379329084,0.1470428375615344,-0.7736277642812295,-0.5430290540036993
2013-02-14,-0.28580662835071147,-0.25098891137626134,-0.1085293881999245,0.24848397529986907,-0.24241196943426402
2013-02-15,0.10275344488785798,0.12021429856210293,0.40276997497494554,0.31983637372642654,-0.11035863702186063
2013-02-18,0.6418299716505841,0.4841969447452388,-0.30274277323039095,3.3735407950129312,-0.2569710377513443
2013-02-19,-0.4456258824961763,-0.16932550713083142,-0.1398490836245786,-2.0071586579289518,0.02996599502959301
2013-02-20,-0.3484084943994149,-0.30943322892102293,-0.3425387657742456,-0.4524564299144042,-0.25190253996387296
2013-02-21,1.0105644199789052,0.9824728167406146,1.0181012000091076,0.839893080501938,1.110407189967601
2013-02-22,-0.34481800423735853,-0.4278700291883633,0.14545030822707322,-0.5454620418791263,-1.0031979532007784
2013-02-25,0.1806473620055339,-0.062257211688796055,-1.2145252716548909,1.6814149523345299,0.13465015804830663
2013-02-26,0.12259129536116616,0.2883076442401435,2.186190796556778,-1.2034656186302972,1.080549262256529
2013-02-27,0.42841602028027403,0.3496571659988841,0.7847828581082218,-0.4320321205112294,0.10032500635419567
2013-02-28,0.07801902416371942,0.02876951792579244,-0.25586935710417547,0.30843191042928125,0.43271363718986783
2013-03-01,0.18426613642813877,0.12154893160916076,-0.19239918095369335,0.528044893568724,-0.7336058936273767
2013-03-04,0.2646192743008454,0.23161034342091555,-0.8284352686290365,2.1261085542655733,-0.8835330171087861
2013-03-05,-0.09593970312249467,-0.07531539091304201,0.07679437268278631,-1.999870824985308,-0.1209803833600275
2013-03-06,-0.6238661024212784,-0.6163996688738695,-0.4624936623564789,-0.8024801483559107,-0.724699515108562
2013-03-07,0.3429593780395764,0.31051249886104587,-0.3809374634307432,0.3417589067817013,0.5846272160147745
2013-03-08,-0.3335720529403482,-0.3436643206716149,-1.415842043291236,-0.41806972153284216,0.03206416434775694
2013-03-11,-0.3655680747307049,0.4924185375780445,-0.8235540481722647,0.9542472787553953,0.896777304052421
2013-03-12,0.20135132620101578,-0.567260414456646,-1.0383771091997767,-1.6181389074172048,-0.5715450234059501
2013-03-13,-0.33826016519662677,-0.5199585113309287,0.33070098201771214,-1.1331584202773641,-0.10801473608515924
2013-03-14,0.26574509670793167,0.2928407709523441,0.11853352385615416,-0.3569937707370933,-0.12604474548543398
2013-03-15,-0.7600722522072803,-0.7771558803649263,-0.7299137824909403,-1.5538951408449422,-0.7771109244258607
2013-03-18,-0.9805761187709657,0.23585561266431526,1.3530081595036956,-2.2024390081317478,0.7435492589417237
2013-03-19,0.7417270548194645,-0.36682514103757474,-0.7900384869363244,0.26294896253471445,-0.3422767242870171
2013-03-20,0.3990273446945361,0.2924395128982118,0.540791194463998,0.410604983084819,-0.3040781746137461
2013-03-21,-0.07812034450145783,-0.13874865571828396,-1.051716535506264,-0.40782265738885454,-0.1657553195346254
2013-03-22,-0.6758637204539164,-0.6163687233290823,0.435294267372639,-0.7545393813756417,-0.4832926391699031
2013-03-25,0.5315507241157783,-0.08361554901685335,0.0628521098953531,2.128264335528866,-0.27624677688739996
2013-03-26,-0.692716787730072,-0.13273920724354238,0.7626664104338341,-1.45015997867609,0.15977802838719554
2013-03-27,-0.1957283029401258,-0.10859760136915496,-0.7904080332910856,-0.19280909311767175,-0.43585174058905035
2013-03-28,0.20284834659479062,0.2371429739471685,0.5198657656952558,-0.18451102287543697,0.11900142917347671
2013-03-29,0.3435495082697454,0.29799713167188097,0.47759362833084057,0.31071753788565315,0.3214674124380099
2013-04-01,0.01791092439979637,0.05967464236395731,-0.050362746060421,1.7899805323055273,0.30566571172228857
2013-04-02,0.07605468812928136,-0.24628544534314145,0.9156138235624922,0.8205572752210135,-0.15345318357291254
2013-04-03,-0.22940527966349425,-0.1898221210201901,-0.3438705645458815,-2.8637284270327465,-0.5329376413871287
2013-04-04,-0.02638004492110187,0.022600882866438375,0.4842492533913006,-0.6187203022014436,-0.06543262492118358
2013-04-05,0.266141676675793,0.2962884827431794,-3.416985793503505,-0.3688710498596014,-0.5348719567193547
2013-04-08,1.28647681647116,0.7027275508061996,-1.8139647677770303,-0.7051046581049483,0.7571096986371876
2013-04-09,-1.1510453260302116,-0.6479608251054982,-1.1249884250896436,-1.4809493202564665,-0.07965899982274816
2013-04-10,-0.7941129311753843,-0.682888987506105,-0.32077045121367753,-0.6184170983922439,-0.7277714817513605
2013-04-11,-0.3286689139777959,-0.4632677871003671,-1.1613095533071838,-0.4097932607431321,-0.45505091140119686
2013-04-12,-0.08527495503678087,-0.09163270154894744,-0.06812927360047442,0.2987162181314097,0.2616043634739321
2013-04-15,0.24909395778842922,0.3122507175289413,1.5726398185491532,2.5155712459557953,-0.0399303956745395
2013-04-16,1.9084179311542966,1.6906552555923973,3.381490306528895,1.103881041874319,1.6187031365631035
2013-04-17,-0.27150653458286866,-0.41271654912889666,-1.2277241555282263,0.37690667878548806,0.5316537720021799
2013-04-18,0.8824518521287421,0.7528721934096338,0.20682806639811924,0.3322643364841904,0.7248222342762253
2013-04-19,-0.5194115049875727,0.09589818195091096,-0.054889893601414705,1.9795185197532226,0.49780562118601307
2013-04-22,0.5020234391117591,0.20232546221586303,-1.3990102003266627,0.8656898625183613,0.462832196985611
2013-04-23,0.2387586755180403,0.10859521966697654,0.6797893586105853,-1.3666070734927451,-0.23597389333389984
2013-04-24,0.12629586330765377,0.027112330117904544,-0.40122856988169897,-0.3003315332095269,-0.4443844526031569
2013-04-25,-0.18904336764021795,-0.16076929633116857,0.03509658456172708,0.13841363136392854,-0.04396956781284733
2013-04-26,-0.02651698162157344,-0.15911575717656223,-0.043292092944792235,0.24430674170181538,-0.04070766187846529
2013-04-29,0.3300728329860187,0.10095465314233865,1.60866459752652,0.20397524708763257,-0.19769751513968767
2013-04-30,-0.6784271483514839,-0.5827461559715426,-0.5452013934776442,0.10048421849917255,-0.34375172886448196
2013-05-01,-0.311405668995717,-0.27090046549495617,0.27274711427207554,-0.04820876943318803,0.48873126260206834
2013-05-02,0.8392013099661648,0.8258778388558398,1.0052439616968973,0.9712568235702013,1.168632467388881
2013-05-03,0.5007350403118869,0.3112853963562104,-0.5243641234327738,0.36279177415996566,0.1845299356990065
2013-05-06,-0.41307140627939243,-0.4611352758036854,-1.678342111671241,2.2818934889515057,-0.4011673005011595
2013-05-07,0.30260212228519373,0.5536721780039091,0.2834407547449185,-0.7405449737996768,-0.2307845982347354
2013-05-08,0.8953127549970593,0.6705699889942365,1.291848120292774,0.9641623287849096,0.7082227686774789
2013-05-09,0.375045780773932,-0.12858417647463735,-0.21156344996711834,3.1741258009153537,-0.0709017623173793
2013-05-10,1.0587049297864493,1.1317800709634267,-0.8041736068175827,-1.0430832968215562,0.9415063666228223
2013-05-13,0.9480261577118899,0.9437697798306965,-0.24254266812762518,1.00045683043684,0.04708090679467575
2013-05-14,0.09288850767828115,0.13988660369456804,0.40940236335312735,-1.8331254009057023,0.07734892373051344
2013-05-15,0.668232996115252,0.6295540869487771,0.1117828813175814,0.5054390518493397,0.695786287898615
2013-05-16,0.09964743029475297,0.12218279741938644,0.050014014815452146,-0.5186877228879719,0.25287658052631623
2013-05-17,0.6674667172463785,0.7231759161013194,0.8506627741634244,0.6617319270922368,0.752724200633172
2013-05-20,0.7641205544922254,0.6204246894755424,0.0721934996491862,2.447347927380219,0.5121348291135729
2013-05-21,-0.39903560630705626,-0.4711138502216087,0.02349099785553316,-1.5155801642593132,-0.8073288550052732
2013-05-22,-0.052153249987230414,-0.06978141671449327,-0.32464322830191844,-0.12459024791587292,-0.7390613594014284
2013-05-23,1.678562542247025,1.603730490372021,0.8706909667940469,1.4953424661621995,1.0614023312068872
2013-05-24,-0.14877076297890543,-0.17740171039534666,0.5746284375649935,-0.9942294104187919,-0.12917141858246875
2013-05-27,0.4664452682009361,0.4528299353997717,1.793857367152237,1.8707076985201763,0.24558208906815193
2013-05-28,0.29137528659285855,0.11997214225919099,0.089745666270026,-0.5538862207143023,0.5785228450523577
2013-05-29,0.5679093045630198,0.5452663517123032,-0.8124619207737874,-0.1206436375413302,-0.32203999986178206
2013-05-30,-0.6994101064080676,-0.6145183268642509,0.8422184367992875,-1.175163948722572,-1.0456811090908833
2013-05-31,-0.4679135315036501,-0.3743251789856087,-0.4633295488724076,-0.022986761770846614,-0.6347269537515068
2013-06-03,0.40712807018768127,0.49953580187616325,1.0491704631330305,1.905029492799747,0.061303871147829286
2013-06-04,-1.2564384257209662,-1.3467042455666884,-0.549076408988862,-1.6350680439903,-1.492750045201031
2013-06-05,1.0708944096442539,1.0819367857635145,0.5404318148461958,0.17246015782215252,1.2831630416001942
2013-06-06,1.4796501730665832,1.4115969372434227,2.7111287027138298,1.9495390911766832,1.0967253082558879
2013-06-07,-0.5598862295654194,-0.4924707655402933,1.2319746611234876,0.122670831514604,-0.5576512154840251
2013-06-10,1.435322446006485,1.501955639672524,0.5273978843554453,3.1302150359933583,1.4033040337673628
2013-06-11,-0.31529798273558124,-0.37956125233811505,-1.0547992924407465,0.7534376336821922,-0.18607373008657632
2013-06-12,-0.0884108831342261,-0.07070776397678194,2.7386531680607344,0.18231990038323434,-0.09537841458510167
2013-06-13,-0.16140663549258413,-0.17927794472852804,0.10741950015515969,-2.9183122064204836,-1.9396211023256589
2013-06-14,-1.6669313253159774,-1.6697184713306419,-1.295976001482422,-2.259009897716957,-2.2429257489121905
2013-06-17,0.5976362450068003,0.6207396811261645,1.9365320769352623,-0.07387836019977712,1.2037823197394024
2013-06-18,0.5047546760274046,0.3571865078846438,-0.02881277215475367,0.461379740861937,-0.4835148018492201
2013-06-19,0.5779389624769828,0.6039770355501435,-0.34265450171038164,-0.271430753047966,-0.7524273194444535
2013-06-20,2.236315012032344,2.2117393371710388,1.0740710869986583,2.5621211844936282,2.2980626517707528
2013-06-21,0.9504302353218786,0.8774105507805311,0.3174652310521036,0.28702233180114467,-0.22629074537084515
2013-06-24,-0.4435923270275687,-0.3642362143387283,-1.7011245089026208,-1.3407507540541626,0.04993268423291858
2013-06-25,-0.5234960361044233,-0.2831328026752048,0.5709749556397862,-0.9306653884413559,-1.1615276186082435
2013-06-26,-0.043924015361554714,-0.021452281473494542,-0.5650146583891053,0.6499946350043381,0.0457213189609704
2013-06-27,-1.327548498129666,-0.2674071216623132,0.06326899753766788,-0.5880318576317842,-1.9852692740604145
2013-06-28,-0.46959904895814353,0.06645819903657947,-0.615002052762141,0.6020353615697699,0.62377041443723
2013-07-01,3.316238434394623,1.6642387514130672,0.713918440838547,4.0448006640619,2.911602088373347
2013-07-02,-0.9483897020782022,-1.2224926652207575,-1.487737317812843,-1.173479770920438,-0.5737435929612794
2013-07-03,0.9269506730130744,1.0282562724395348,-0.07117439217876705,0.8174412543310201,0.639791667693032
2013-07-04,0.6971774116516251,0.6413894412524292,1.4080346846738188,0.3262734102025919,-0.41997599618149095
2013-07-05,-0.43593130691835186,-0.5706734304839771,-0.763043274631671,-0.10127180584543538,-0.5509582471844765
2013-07-08,0.7149505613872537,0.8834262906818762,-0.3589351188280969,0.17472822556173018,0.7207032998168592
2013-07-09,-0.816271693139079,-0.840524504997916,-0.2999881072966199,-0.9248958827971654,-1.499380102008414
2013-07-10,-0.2774406024171865,-0.30639954580347356,-0.5791345286063727,-0.18931839367718784,0.4510423527902447
2013-07-11,-1.2695427326076003,-1.1830639106946261,1.3982186450524066,-0.6244640312674761,-0.7419676291084156
2013-07-12,0.985867595175599,1.038618156068106,0.6517302512083903,1.919671001066942,1.0466461939078067
2013-07-15,1.1351989344621367,1.128877568763211,0.8814780540073955,1.402270597760812,1.1644582446036704
2013-07-16,-0.10510228047885797,-0.16316996960216484,-0.8864582053078925,0.6413572818004478,0.13049358148358953
2013-07-17,-1.6271552743553013,-1.6266269935498174,-0.903209402013053,-0.9203693970531842,-0.7705089929975881
2013-07-18,-0.007038201285211557,0.057500442032649354,-0.3933627582081304,-0.07416868583856785,-0.06995711923222088
2013-07-19,0.5078449264210246,0.595123561884537,-0.2870948740756129,-0.23680498526381494,-0.12749801365134605
2013-07-22,-0.3342525451109348,-0.4328081632706865,-0.29038343459649985,-0.011655139674625822,0.23569336933136545
2013-07-23,-0.5097481014301767,-0.42874217474879817,0.6406206063411927,-0.4620594592067555,-1.0311956198112457
2013-07-24,-0.30098711209962137,-0.341787434987715,-0.4768623354410404,-0.2728006413194014,-0.5699048830432804
2013-07-25,1.7484306110158219,1.7285836854287122,0.7342522177536759,1.7306520922566844,2.7296237709759654
2013-07-26,-1.0499480033478694,-1.148967256628093,0.03237683992105725,-0.7396215915150792,-0.4671464262482377
2013-07-29,-0.2434679791466559,-0.23710196628227803,1.1269150207867074,2.180250738840198,-0.4917706932823087
2013-07-30,0.66398802695508,0.703025855190281,0.6231389247321527,-0.94615207524631,0.014986315792723741
2013-07-31,1.396738136203114,1.3227099028885765,1.3389697783844228,1.0737964704726852,-0.9779931132790958
2013-08-01,1.4797429954726078,1.401461650233398,1.5784082764168066,0.6030238534946514,1.4978004986736437
2013-08-02,0.1219543391668784,0.09465188791513905,-1.5132957144730141,0.619564798905135,0.6758314685080146
2013-08-05,0.39422986824650313,0.4090692261580865,0.7980183858879045,0.1030621003915248,-0.6184294078526518
2013-08-06,0.002949575364796869,-0.08678811806868925,0.7076896352132853,1.2318381025493395,0.1564657581970244
2013-08-07,-0.7940298716616149,-0.8428134932050202,0.09421660983612828,-0.6624334161464203,-0.6362459722730054
2013-08-08,-0.1641170088253967,-0.16637623047104774,0.5941467197918169,-0.35599593637607535,-0.9484810488606955
2013-08-09,-1.1839873465594124,-1.153351407137558,-1.3153746724980737,-1.025887329019033,-0.5060528024410615
2013-08-12,-0.9318619643414471,-0.8834409056965071,-0.19555977807776423,-0.9830371478353175,-0.8238299269945557
2013-08-13,0.7243540562829643,0.7614012718280279,-0.3903993462978775,0.11233621816376699,-0.5050783392394933
2013-08-14,0.26335427238246034,0.19970622309543895,-0.8099062299521801,-0.13138843710317394,-0.008770657040244524
2013-08-15,-0.4683208227767036,-0.5095259591806035,-0.2075087347962113,-0.6490675948736969,-0.2328127134678952
2013-08-16,0.20631480274898437,0.12095431357536862,0.966751881845982,-0.003691944670517283,0.13889030667916885
2013-08-19,-0.7387315621766469,-0.7160344620010887,-1.3169714468053395,-0.23821285232038739,-2.6841784488966773
2013-08-20,0.7323717913742805,0.8920230080096269,0.9246592778186656,0.3320531079136792,-1.6651193403977063
2013-08-21,0.6312242416041385,0.6302730573614335,0.9543076889832562,0.49553680023916546,1.165966273729977
2013-08-22,1.0668751456043075,1.0129021764017931,0.5005969651866788,1.345090476290849,-0.8366725484921317
2013-08-23,-0.456613127397274,-0.5120916858581933,-1.6429874440379166,-0.42320345888486266,-0.2789371027096291
2013-08-26,-0.1658390846456927,-0.1463404778983714,-0.0025123158592753325,0.5184963222161534,0.4031470118715791
2013-08-27,0.1607748630076544,0.18645593240686545,0.6798805552475479,0.4605912780386121,-0.11865067438246685
2013-08-28,0.7612132590930857,0.7414230511746824,2.165423169283893,0.4867441350250577,-3.1898980690983896
2013-08-29,0.05779237772520032,0.01890020657925471,-0.8164358973068618,0.20814904394888145,-1.2377956352782156
2013-08-30,0.21362715287819833,0.21254200474330812,-0.4476450147552088,0.6360732374466074,0.05636752833693445
2013-09-02,-0.11414510045044288,-0.12320156957808234,-0.20805781877101884,0.12227648971998704,1.0785936379994965
2013-09-03,-0.6966643284064798,-0.6991167760167932,-1.878632278319396,0.5314790992433334,-0.3956241629953079
2013-09-04,-0.6818218528235109,-0.6276474819679916,-0.6640154582906752,-0.8277243692391335,-3.8201166700139226
2013-09-05,-1.2842057779102227,-1.2790227931033107,-1.3954660837374486,-0.7050089041325366,1.6145716606560185
2013-09-06,0.5139922256023262,0.553206594535808,0.15196647659014448,0.0318223329293848,1.3198942280779573
2013-09-09,-0.7834054138912387,-0.8120027030008372,-0.6479174482936426,-0.3855675840378211,0.48428410279553524
2013-09-10,-0.460614560836482,-0.42942237773909053,-0.16598455828305947,-0.024306557954295205,1.4874088741059528
2013-09-11,-0.7336178463132048,-0.7210799260371408,-1.2854336736117593,-0.6486888020774142,0.1743582686653591
2013-09-12,-0.3835935304433601,-0.40538684018651927,0.03882351125186687,-0.526106966939541,0.3447404414493271
2013-09-13,0.7842861580500182,0.7948116032033394,1.0832303366954446,0.8574310214167493,0.11112267606541694
2013-09-16,-0.6016797315842581,-0.6406895572488739,-0.057133683157317386,-0.2143723872933358,-0.12169821058643952
2013-09-17,-0.07617437087586244,-0.013772079767748607,-0.08598508737658458,-0.17579081162685453,-0.011257913963873517
2013-09-18,-0.3442808410518829,-0.3196859017037558,-0.38853414376559364,-0.41402110991737123,-0.16073735810979536
2013-09-19,-1.5424642995615778,-1.5468626383760782,-0.608701914327226,-1.5029118937586845,-2.183611390016313
2013-09-20,0.4577218458227063,0.5253757402298588,-0.6513339246216819,0.994842639295384,2.4193679426230554
2013-09-23,0.5340726525281847,0.49230536119555307,0.5732186065642091,0.3919001594859395,0.048548914771672946
2013-09-24,-0.20018703695867962,-0.2358834210872263,0.3566810292352333,-0.044292889923216915,-0.2231306677518476
2013-09-25,0.3876361303758598,0.4151687902464901,0.3957953158259462,0.29165637400055977,0.3243960538726615
2013-09-26,0.24249764257095918,0.20619500781131717,0.5164817637195357,0.30080777898366245,0.7155389127682216
2013-09-27,0.047883933698035494,0.06388756988091329,-0.40664150544683225,0.09581697793691615,1.297305779509756
2013-09-30,0.6461725552199722,0.6279313233684257,1.6904455078786367,0.6057531560431547,-1.0801376382147672
2013-10-01,-0.189981990767358,-0.19123076299394826,-0.7129340048003061,0.19902169483868482,0.12100127355574902
2013-10-02,-0.7880059373353333,-0.7724959084837932,-0.36585770416768243,-0.6363569279629246,-0.7550956856912096
2013-10-03,5.212678691982539e-4,0.03839399528472264,0.7151843124592827,-0.1639441880736838,0.7860490196725354
2013-10-04,-0.13806071187012245,-0.15252905358834135,-0.08775032125690599,0.053621748888948356,0.16173100765267406
2013-10-07,-0.4424872643470927,-0.44245615573089037,-0.4953924442929637,-0.3062905544216525,0.5098539898409912
2013-10-08,-0.025207261446219147,-0.004438918709278539,-0.008501667198381559,-0.13024268527365554,0.07999763627871326
2013-10-09,-0.03964725281799158,-0.05355063785691725,0.36021341177587907,-0.5178529799966439,-1.1100784654870015
2013-10-10,-0.020805073386030166,-0.02250619702859569,-0.6039881568479148,-0.22311549759445315,0.16126275253894434
2013-10-11,0.026934872263249844,-0.057488098443127966,-0.8145632929098395,0.21792841157571083,0.31761421932347017
2013-10-14,0.011660024158562434,0.08496769569479748,-0.04636267494286327,0.29887721738767126,1.1410664215846742
2013-10-15,-0.4744519119794837,-0.67827566225241,-0.999807758856949,-0.7479382105203026,-1.1465061509933607
2013-10-16,-0.21280384548221076,-0.286690523874095,-0.19614481611535434,0.20085290892563162,-1.2054106390358648
2013-10-17,-0.0200960912562849,-0.059360252927914636,-0.43652928047989825,-0.23990224885310013,0.3923885698672378
2013-10-18,-0.735634713719838,-0.7733107262754456,0.1834898628921336,-0.42886242256075674,-0.10850383374085469
2013-10-21,-0.4776945467144945,-0.4672808973176046,-0.3658067391413989,1.4100040213251226,-0.7127158792966768
2013-10-22,0.13516665090692637,0.07600039979912523,-0.2175824499959974,-1.4429056101435074,0.9872536069868963
2013-10-23,-0.4732208677247831,-0.4907335839752881,-0.42313431660393075,-0.5808699848203004,-1.2567073850392696
2013-10-24,0.7355982301749137,0.6046931009391503,1.3387129622779763,0.4817757819238274,-0.14441483969217064
2013-10-25,0.28814962975315767,0.22770818091590087,0.29889399604292516,-0.0344982876295708,0.32890649654028525
2013-10-28,0.19643043130951726,0.21779598467279973,-0.0016014831354328185,0.03737088982839687,0.29680916022287657
2013-10-29,0.5450588033363456,0.5795784598329509,0.5125092507231745,0.8237866193740575,0.48987818525520305
2013-10-30,0.6568809138941719,0.7075431266475869,0.134762963943201,0.7822772844491748,0.8726150820186074
2013-10-31,0.05702394496987253,0.10307145019140963,-0.24445979166574133,0.6116736893590722,0.42634391308750086
2013-11-01,0.05656777500023165,0.07403275894100927,0.2616039834866078,0.09631689972309837,-1.3273753106745407
2013-11-04,-0.11786437046478725,-0.029956232464575412,-0.3963860793776694,2.0191875949068896,-0.22259094124133127
2013-11-05,-0.48500094512897807,-0.490436813370052,-0.4430384418788398,-2.0021221322016562,-0.1305070176651996
2013-11-06,0.1311698036502929,0.1161046298010286,0.2990262543637118,-0.30340549251722104,-0.18686558170439577
2013-11-07,-0.196128738679686,-0.27708268717816886,-0.45893202474342487,-0.25236826862871314,-0.809147023203046
2013-11-08,0.7629851082721962,0.7368774382794983,1.2074949522946565,0.5198391587518604,0.01988744491309534
2013-11-11,0.982763144688327,0.950237584258164,-0.058288119743034855,2.1561988581929925,0.16845662086837562
2013-11-12,0.08650292112805663,0.059611370518825965,0.06681751984449283,-1.388127035549494,-0.14158199401041704
2013-11-13,0.603597549958001,0.633749622235049,0.1667230587009178,0.03661343800155903,-0.14451132044770834
2013-11-14,-0.6310942841046174,-0.6369622039760436,-0.2517149017815639,-0.25525713788472504,0.2545585037180863
2013-11-15,0.5512253394694241,0.5697465173858922,-0.44073373588663145,0.8324110037105434,1.1628494672875758
2013-11-18,-0.5910433477132516,-0.6099832155550573,-0.7629270834885729,2.375036913423432,0.05703414481740918
2013-11-19,-0.052205105011267315,-0.040310006695618794,0.4788419331362006,-0.9196761338048354,0.7977176170150642
2013-11-20,-0.7450171205174285,-0.7146540108392639,-1.0187951317497559,-1.166011013798553,-0.4693809218471962
2013-11-21,1.1476855015916632,1.1533338442868621,1.108451535753869,0.899625455099633,0.056314207211021594
2013-11-22,1.188726087233574,1.1514456079532565,0.07145624835019297,0.9298004395768774,0.7526922279793062
2013-11-25,0.6953844635605814,0.6494877365165368,0.6435491091061841,0.6584423334707878,1.9749378307312897
2013-11-26,-0.26269311406213336,-0.2683540791302796,-0.32372230006976904,0.1954345276426181,-0.42196000128866046
2013-11-27,0.7221752792235743,0.7349392617034525,0.8376112050870315,0.8405828576960137,0.7160590589472673
2013-11-28,0.4873421585424974,0.4645091530576668,-0.4858531268923885,0.6133203827525835,0.43065504120772075
2013-11-29,0.012121912206652565,-0.015111999593144299,-0.1315100865133404,0.19695748582622097,0.2505914707364764
2013-12-02,-0.4536119815868659,-0.4172520351852236,-0.5822857850709086,-0.1993559810478119,-0.47108979239261695
2013-12-03,0.046192077053913136,0.05483297104820421,-0.39699124818754183,0.1646623638255706,0.221184265731908
2013-12-04,-0.15715871280511784,-0.16792865165333515,0.39303334864783945,-0.4478118999590527,-0.2072619275123836
2013-12-05,1.1187133185269051,1.1023372296381366,1.0893329825077909,0.9589270533005938,2.1457700390203707
2013-12-06,-0.3065658491154443,-0.35090321583734546,0.2802164792323658,0.15186095958036597,0.15042144693176085
2013-12-09,-0.32151486652945455,-0.46364077038837065,-1.8108720458209353,0.08026299244987785,0.24298449656840354
2013-12-10,0.3167927426290467,0.1879613233257503,-0.02332199856154058,0.2557728441429841,0.6749868159572975
2013-12-11,-0.5690174278284789,-0.6263628405729338,-0.09886990511481648,-0.4202073624372187,-0.7009208784618928
2013-12-12,1.0250471815705882,1.071577313303377,1.3497522925613636,0.9167494894355515,-0.039093101402760275
2013-12-13,1.4520118228901575,1.4006245410771931,0.41700160570389944,1.7533367384165985,0.45847839416724667
2013-12-16,-0.23359021511782413,-0.29431213182075505,-0.08037551394090452,-0.04619780553498587,-0.2787924351703527
2013-12-17,0.06680757915503963,0.1109278342577418,0.35246256383100355,0.16308406206984916,0.7284379179315644
2013-12-18,0.2406792608499472,0.23648797429486276,0.6307457558832282,0.6210196007672788,0.4602696652286131
2013-12-19,0.8286564839496696,0.8225439211269097,-0.7024452635107682,0.8681330778481434,0.36216607765198855
2013-12-20,-0.12205360595894599,-0.1548118866989813,-0.28323630466152283,-0.7381747986944751,-0.8200661613785825
2013-12-23,-0.6895731609304291,-0.6779349330839051,-0.4007052040575014,-1.2156672462283378,-0.08731875689256163
2013-12-24,-0.1113073000326823,-0.09103394358882379,-0.23852789997741686,-0.04252976883852505,0.2092355879160004
2013-12-25,0.02589905654292393,0.03474377595823093,-0.07697340264501656,0.045718991522435116,0.21637385993610667
2013-12-26,0.11181217128768574,0.10863883019868263,-0.10395610776821747,-0.10991105129308452,0.06819032396366487
2013-12-27,0.35380030693992287,0.3487400418529116,0.006414609590773775,0.5181398338377224,0.19164226053310043
2013-12-30,0.4211413695111706,0.36237103504248996,-0.06100829186866091,0.9595819383482812,0.7401885382942343
2013-12-31,-0.5969194671810361,-0.7252418465424445,-0.36458409072151005,-0.5298705691250979,-0.7948165381346968
2014-01-01,0.13180900775095278,0.03289005487674719,-0.30464650430194706,-0.10537897965843916,-0.1268029977056386
2014-01-02,0.2832125951855859,0.27403896359691854,0.23810438045670015,0.6565323225423008,0.20092145219622498
2014-01-03,-0.0906242397241039,-0.16489762441820005,0.32410153077011244,0.14810929607158207,-0.4840182562610018
2014-01-06,-0.6882070021545958,-0.66192644600585,-0.7359404861257142,-1.1189008826776563,-1.016103521928397
2014-01-07,-0.08038814019833149,-0.033912547205888016,0.6183105545467638,-1.3348784820353425,-0.29387784897223507
2014-01-08,0.5928407177843282,0.5652095982614729,0.12413107138561821,-0.08822336672200892,0.9011152063375819
2014-01-09,0.3421339527066107,0.30893548134643345,0.15233004831417393,0.5772468300796202,0.3841322699656261
2014-01-10,-0.1351133431471816,-0.07686507516730562,-0.06033009848483217,0.2437489804617954,0.5063927792317678
2014-01-13,-1.2614440287998925,-1.2937587314909758,-0.4538864220174625,-1.092067105830595,-0.663714685009409
2014-01-14,-0.33795963117880623,-0.4355502081312339,0.38616690283322985,-0.4423446543219879,-0.571616361862144
2014-01-15,1.0288719456050184,0.9919738745995932,-0.014641512639154707,0.887782504371812,0.9097776792477481
2014-01-16,0.6224677054858003,0.6424693766056025,0.23186019734915136,0.3943363213579754,0.6663801048886543
2014-01-17,0.8163553365695196,0.9695392506565002,1.242245605670547,1.0361864034472492,1.241917431281775
2014-01-20,0.6464611472384568,0.5406066735845514,0.6064849021417917,2.8554387165759385,0.490790198854515
2014-01-21,-0.36420783461367173,-0.34505046211220153,-0.35397828378211715,-1.4773968964483377,-0.40468402890051525
2014-01-22,-0.022798389212739842,-0.024559129886180524,-0.042053088312047585,-0.5899502062233821,-0.658752790874967
2014-01-23,-0.44435476678912356,-0.4368177536663895,-0.8217939728122479,-0.6998866148432062,-0.3724105303809837
2014-01-24,0.9227059828588686,0.9453625395186551,2.146331806863189,0.29478652954547674,0.4959813417871275
2014-01-27,0.8712336321362213,0.7843855986884695,2.1401231058448227,-0.05511910343876203,-0.1253007173121521
2014-01-28,-0.38193074568618673,-0.4320586837651187,-1.0367083988212793,-0.6027811012512574,-1.491026284964279
2014-01-29,-0.734782631828717,-0.6465265800643812,-1.2916416724522022,-0.4373771602862033,0.7208862009081677
2014-01-30,0.33175496743697563,0.43622488491252104,1.3586429929309558,1.1813023941345233,0.45624141862061063
2014-01-31,-0.5825028924228233,-0.5162661930302783,-0.8972503151718896,-1.229978316052462,-0.2335583289913678
2014-02-03,0.40031096035187447,0.42099965830528197,0.9121296359199044,-0.01252246293973519,0.09865173112101452
2014-02-04,0.1122444326042644,0.09987565378152236,1.1785658095023284,-0.20667691369668253,-0.4976403454278483
2014-02-05,-1.858317198203373,-1.873939350145022,-2.3969666277115524,-1.7830796088163283,-0.7527523992592718
2014-02-06,-0.2854288196913128,-0.19321503151560346,-0.0580000399516325,-0.28706307998104474,-0.4272108277983221
2014-02-07,-0.20908522329695872,-0.22240357982264886,-0.7110747560481048,-0.23413301310592985,-0.2920687994419015
2014-02-10,-0.009728732662809391,0.016449127637364072,-0.47891141563359263,0.05722204466623865,0.2229408750908938
2014-02-11,0.08551305564895932,0.02881123515798275,0.4107391451633962,0.25528063236547704,-0.5194383659736858
2014-02-12,-0.8548069134855247,-0.8506830812764158,-1.1933578359123262,-0.4500728095131943,-0.2576732591992704
2014-02-13,-0.12418634904471913,-0.050091527887104755,-0.044249908155958126,0.5397462077433914,0.5030584527348453
2014-02-14,0.46365807165559814,0.4771219626221217,0.7890253442687748,0.3298047282129988,-0.20736837238436603
2014-02-17,-0.8776844866740571,-0.8516169177166877,-0.22516066241919472,-0.1711325710642053,-0.38666037933239694
2014-02-18,0.1986103658011236,0.19750036127682657,-0.30160372809776503,0.06667861205760761,0.23355941061644805
2014-02-19,0.1939069980253092,0.23451209227130138,-0.049777421892434975,-0.12686154598798122,-0.4207787782540207
2014-02-20,0.09139009639238363,0.22318902553536715,0.26146948092592676,0.04347607324663616,0.0803736169991667
2014-02-21,-0.23170921096321898,-0.10344531886559569,-0.10864474066741045,-0.6297116350352026,0.11623990447236035
2014-02-24,0.21042154820954448,0.34725357619705577,0.15001137558114588,0.10108121873781178,0.5675857519709219
2014-02-25,-0.7614347595752317,-0.6488008237649482,-0.6252976124649811,-0.790817221687012,-0.6727802593583949
2014-02-26,-0.17663061364860938,0.2777241446661643,0.6031254541487833,0.14298343053631563,0.33200015976197744
2014-02-27,0.5182937916981631,0.5403378800013072,0.41174133205547714,1.2155052536915272,0.3064066543602475
2014-02-28,0.003252184618879536,0.016294783532871056,0.1950609002619109,0.09048335769622101,0.2697871057346567
2014-03-03,0.37795637728803066,0.6700438082245104,1.4527934561697449,0.7201069158468159,1.0242441327082485
2014-03-04,-0.25338649039049643,-0.24583364000191527,-0.32019997815399925,-0.10044555771560548,-0.66726485387458
2014-03-05,-0.3047917073993217,-0.33717492297586094,-1.1383302072810226,-0.40021748414022673,0.469391424003552
2014-03-06,-0.18976076657435628,-0.2653055651490651,-0.4697813128760628,-0.4698782406836559,-0.41352571056540927
2014-03-07,-1.0984082417213517,-1.4200444274717599,-2.0373004708372098,-0.8066722661714931,0.05561622597282154
2014-03-10,0.3372825392552922,0.4976824125394511,0.31465183265827695,0.12283739299009871,-0.1565788031421237
2014-03-11,0.21875946855353565,0.40426103511227474,0.41109838585393554,0.24858539177362263,1.0309160496333902
2014-03-12,0.6355945450971567,0.6422335553542626,1.0292002214780385,0.8148598417223303,0.4461733545337563
2014-03-13,-0.4035058529387365,-0.33279010761505756,-0.27833461995749087,-0.38913583357853077,0.1280940801421963
2014-03-14,-0.259277922169147,-0.3881274277104093,0.5736279887806398,-0.44948222994652043,-1.476334532696507
2014-03-17,-0.22677124561571635,0.01944647027542913,0.48902686518938765,-0.5252712347666804,0.5580906726398339
2014-03-18,-1.0678965910164508,-0.6138981963471876,-1.135819109892059,-0.20841657004573902,-0.5800238793732719
2014-03-19,-0.8262654326914283,-0.5475325973763566,-0.17719271275630277,-0.8571659396807894,-0.7600075315406006
2014-03-20,0.9180304460893898,1.1289168155939384,0.16534174304113025,0.8175179909088274,1.2917250007079446
2014-03-21,-0.38780299320680484,-0.057665185216649914,-0.027080504829865373,-0.5070801704777423,-0.4968146646763224
2014-03-24,-0.6268823930735986,-0.6417336775051662,-0.4604729015898898,-1.05152260321202,-0.21794671922604328
2014-03-25,0.0486684718627525,-0.3894176548852006,-0.3723795249561567,-0.49429579214620556,0.29882054905951977
2014-03-26,-0.43002737994230295,-0.36814321204836903,-0.4289830229213469,-0.50607618510108,0.3055855748626457
2014-03-27,-0.7603625074492512,-0.6073980182913321,-0.23631853351166354,-0.743658134557434,-0.46651873032686625
2014-03-28,-0.6212908526437171,-0.5413400157640688,-0.7599338273310675,0.050457188949899784,-0.736360051518089
2014-03-31,0.06554461558039608,0.07120614511336597,-0.6694087855129003,0.23803004549236448,0.6334574916468265
2014-04-01,-0.15189861354626108,-0.08876386725045074,-0.4036323398300162,0.30659725176813474,-0.2267342147589052
2014-04-02,0.47820621990083845,0.31883917104142123,-0.07524553832955883,0.8723267658674959,0.620443389871741
2014-04-03,-0.03756370321108866,-0.08081777780237845,-0.30898412248519624,0.10654001159197146,-0.1832021212509785
2014-04-04,0.06083154510470904,0.146606294237554,0.11936466421593088,0.3563840291004978,-0.7066601149423571
2014-04-07,-0.6412926604121535,-0.6092300513195066,-0.049048277799399444,0.0034929415136557423,0.4746341687745559
2014-04-08,0.2068278832829151,0.2271387563127416,0.4854330329282984,0.02789651820271495,-0.40946873368040543
2014-04-09,-0.6232198644636971,-0.880284765258295,0.20351838899596456,-0.16471646237110943,-0.9320669127454806
2014-04-10,-0.39658958400972416,-0.32873349507195804,-0.4511049021173115,0.7767341793455103,-0.20830019317072757
2014-04-11,-0.4090815665723148,-0.18672391604390232,0.4886426392759297,-0.35018857887625066,-0.7836089849259785
2014-04-14,0.13490423150019318,0.11239958907659905,0.10436739459838616,6.236075974611066e-4,-0.05662781220837508
2014-04-15,-0.3859810694776758,-0.2652613909933983,-0.7542843053459632,-0.487768577075698,-0.2716750978779823
2014-04-16,0.6557479067904947,0.7126742959642256,0.7325794104539048,0.7417818175919753,0.7532693959782488
2014-04-17,-0.26433210397659085,-0.29613746067508556,-0.5923074384956627,0.12683674286664368,-0.11873759354581637
2014-04-18,0.45999444425229735,0.4280152073997498,0.16902320117221137,0.2928891146188286,0.35330706519703975
2014-04-21,0.009399723774723916,0.004694853555736608,-0.10783185966299824,0.14465542381454533,0.2663136261075884
2014-04-22,-0.05868735405638331,-0.07037572673862776,-0.16967926408385442,0.0391611835210221,-0.5615486729075703
2014-04-23,-0.6477182720444854,-0.330598961805963,-0.29748287544127644,-0.5183008840612988,-0.8983880004291848
2014-04-24,0.8345114128959698,0.8574292467528927,1.009160451942222,0.8780151905109765,0.3360969744509432
2014-04-25,0.08764279081407134,0.2304366662997913,0.41341027086971066,0.3984142050165759,0.08778632039324441
2014-04-28,-0.131140710469088,-0.05725307072798261,0.1302938960029994,-0.02784008144371139,0.756975120753288
2014-04-29,0.2169803439013344,0.23002985600690257,-0.18830425649134297,0.7939249081198783,0.32757677681189556
2014-04-30,-0.2898788349978241,-0.2299736469668214,-0.28310193626258945,0.4934242107520001,0.1785746563070864
2014-05-01,-0.13854577913248178,-0.09564940965131756,0.2412446346810866,-0.3090049937461976,0.42464554840807295
2014-05-02,0.07310460292175916,0.07393271381020167,0.04654369335118773,0.1815275831458019,0.10433699463100596
2014-05-05,0.017869849174341566,0.011336315024625655,0.06481839338116788,0.29215992299902066,0.21547407291541965
2014-05-06,0.14600205846004222,-0.07544745968977379,-0.012931531949441362,-0.05160486410204912,-0.19109433971874812
2014-05-07,-0.4089024415350147,-0.7370114751849818,-0.3004852162268975,-0.41313904138521673,-0.551530555766335
2014-05-08,0.12040103717265138,0.2718392935525939,0.104341964219404,0.47251488965188215,0.35486071436500854
2014-05-09,-0.36565613914338285,-0.466422662861814,-0.19724285264827526,-0.2749647101365039,-0.48396476142413647
2014-05-12,0.07282557100110357,0.06776226036406044,-0.22076155259670285,-0.10483520713134299,0.14002389264434828
2014-05-13,-0.14429432100032552,0.020545847231595235,-0.27823643443568385,-0.06556859543099731,0.7569067239741339
2014-05-14,0.07832121154925605,-0.06126271478908829,-0.09579420939330094,0.06484711845175628,0.25223706157083653
2014-05-15,-0.05487741526307792,-0.056576743469257826,0.3491092765718477,-0.6356647110979555,-0.19536133441685483
2014-05-16,0.1073913015816905,0.13250172474125296,0.4651060876654209,-0.029691542833707923,0.2241126416905702
2014-05-19,-0.1394548657700875,-0.09389666084740293,-0.142747198362498,2.6609563565860195,1.2440886251021839
2014-05-20,0.2790046525213938,0.34637801300748927,0.3770363614300562,-1.0780176737466265,0.8735965780798092
2014-05-21,1.089458001797494,1.0921357987317497,1.3325875801396272,0.44340692658052927,0.8171785038993034
2014-05-22,0.11431680703738825,-0.002324239316921571,-0.144576349742222,0.06720701401465673,-0.08564554391374152
2014-05-23,0.04903285937545941,0.0804899933120668,-0.2987463643502646,0.49528935829534343,0.7622078131529082
2014-05-26,-0.16252078688706623,-0.12788704702354164,-0.3280592198375997,-0.41136532646995727,-0.2566958388494823
2014-05-27,-0.2342814690963152,-0.1866446338396512,-0.11222069318198509,0.060224723364444885,-0.6289072472602599
2014-05-28,-0.25748533534262,-0.0892992184679669,-0.1669039176153678,-0.2720331559026681,-0.8416852602674759
2014-05-29,0.2994371470482621,0.38375852204739885,0.6273634705740672,0.7629665977698499,0.6226844605569161
2014-05-30,-0.5974030415250506,-0.8677334126835847,-0.8435074323541215,-0.5255641943667851,-0.8826207581555311
2014-06-02,-0.08522166691556878,0.08994753761146113,-0.08556263176755348,-0.1445340194955991,-0.5245019131320416
2014-06-03,0.6873968149575301,0.7014237744217434,0.1772268193118111,0.30416762563776145,0.6660409945788857
2014-06-04,-0.3282076765507295,-0.2688605045124198,-0.38323053532470835,-0.007746849556626301,-0.3903955516340182
2014-06-05,-0.10282980162702113,-0.13598600773896308,-0.2856568634767423,-0.6070416261976304,-0.1418768614485516
2014-06-06,-0.6675614867564112,-0.5661613107029357,-0.31029925351418686,-0.011785982640742806,-0.4133246259741071
2014-06-09,-0.03332073242685434,-0.10824072961592202,-0.15184398344770467,-0.0654002302426324,-0.16541177211212413
2014-06-10,0.08631432319825222,-0.08521193024117271,-0.08831255457622529,0.07578949769796721,-0.16014640715481224
2014-06-11,-0.03896318616624453,-0.30753893672985005,-0.13659696899451376,-0.24559505638061868,-0.190334540795968
2014-06-12,-0.16598914717579202,-0.1049224840233383,0.2022199428037867,-0.2735461628036982,-0.4892344132249351
2014-06-13,-0.3254882333118453,-0.47151439143873053,-0.1641356712647866,-0.5432771133008183,-0.4673277253007848
2014-06-16,0.4952363920673756,0.3561711197678237,0.0907562702141505,0.24196503706444625,-0.3927994010550128
2014-06-17,-0.27807933605788415,-0.020862701646377116,0.06844110902820541,-0.23132820206346194,-0.7358523199220198
2014-06-18,0.5895614482836534,0.605461624209258,0.31756515325867735,0.13962202935772697,0.12328728156425517
2014-06-19,-0.7022386160660712,-0.6502209516670028,-0.3868608566562709,-0.08945451539296298,0.21598627387836902
2014-06-20,-0.02682704140067342,-0.03390174894611192,-0.06406572980340838,-0.09788129613262177,-0.55515648051886
2014-06-23,0.2340192972630974,0.16475626333213997,0.021985814909036346,-0.0722515402907499,0.035559388364989036
2014-06-24,-0.3479465353788432,-0.36119593688710727,-0.15584610226537587,-0.07740871262635364,-0.3028630672035912
2014-06-25,0.4443226152097074,0.5642698126966,0.5185715349407005,0.4541415728798128,0.4511525273534255
2014-06-26,-0.42736922669799965,-0.3994356241993061,-0.2814447158919538,-0.25265985326301504,0.06575087434686781
2014-06-27,0.08940450491971079,-0.0574440716436098,0.09258468258908821,0.1606668001942542,-0.2563616501006464
2014-06-30,0.02141343363176879,-0.07171705946529536,0.12391848559733482,0.17844807332177914,-0.05489605390057162
2014-07-01,0.10407673026112518,-0.1431843138215681,0.01682560484634684,0.19488077897689396,-0.0209375881025872
2014-07-02,-0.594646648590419,-0.6576127499990665,-0.9113874247850432,-0.6346292073191997,-0.7618493970016407
2014-07-03,0.3927394556697949,0.5859102414784771,0.289237202228479,0.6755120711518932,1.47030264976277
2014-07-04,0.921134300686973,0.9306329208049636,0.6023554731683147,1.0616221813460107,0.8669159743201478
2014-07-07,0.06478849954477894,-0.11019070441000738,-0.04037117706519605,0.18440105304644872,-0.19607613099452467
2014-07-08,-0.14731936261449244,-0.13538693404640345,0.1527363881272038,-0.3065606964324436,-0.561813881062977
2014-07-09,-0.37814579417057037,-0.40412746404648303,-0.05926995565084231,-0.37767713372676,-0.1510061761538826
2014-07-10,-0.08904279401928225,-0.10401629783394926,-0.17685708950118412,-0.22205532529586658,-0.1218795381386726
2014-07-11,0.30562590532012185,0.3525207778435232,0.5939855504204598,0.12299596273353415,-0.38655904587321
2014-07-14,0.04709633933442649,0.042978012351284796,-0.02221105600762916,-0.5610200186953967,0.14560244368461495
2014-07-15,-0.15832845714250332,-0.11555908837865016,-0.2844649345139343,-0.26027248588385726,-0.03390699992631062
2014-07-16,0.2859309635816099,0.3274779998491311,0.18600889727185468,-0.48287010832548116,0.13485303641583224
2014-07-17,0.050184955723185515,-0.02873791806820844,0.007745458857352162,-0.6660839812413312,0.13514597779906426
2014-07-18,0.16712345060191988,0.16138855996791532,0.5544778304407951,0.21750630836266788,-0.6756240155478624
2014-07-21,-0.5362549683780049,-0.46887898312119924,-0.5662698358318057,-0.37687395084005515,-0.054658667278763035
2014-07-22,0.2395224629578032,0.28186835650800923,0.20065311392386495,0.32482730379137115,0.35531214168323083
2014-07-23,-0.09299621221633185,-0.20469712597257464,-0.26212537201875785,0.18898542590957618,0.08221694145931718
2014-07-24,-0.500294527045484,-0.5754120309350998,-0.6261441671663878,-0.4731680229470727,-0.15432442638244653
2014-07-25,0.2906169718552909,0.2547783098709223,0.00951157469097155,-0.4885856510811114,-0.10400909055250773
2014-07-28,0.24124161763042493,0.16615727687452836,0.19187418545211077,0.4429743261247868,0.15915411276372332
2014-07-29,-0.027663262456241622,-0.10384948897455883,-0.1609981581333562,-0.09755706565719277,-0.07139723822814331
2014-07-30,0.37751684344397496,0.2702594477466551,-1.4957838766422107e-5,0.3959423516953714,0.2736854390479745
2014-07-31,0.8170082903275625,0.6539641410732489,-0.09304968396360092,0.7849969981926106,0.34202697997237685
2014-08-01,0.25409742676930613,0.26164088083882464,0.31206605451990443,-0.3408012099860076,-0.5611213730477727
2014-08-04,-0.21150750917409009,-0.11257983829524444,0.1073207163751183,-0.6606223701815901,-0.9257649676497396
2014-08-05,-0.2141847862562603,-0.2165847957324171,-0.2026549772524801,0.11331680487819207,0.15912203964741628
2014-08-06,0.41650657902728,0.2943893431257549,0.24386163638574754,0.9108447423109989,0.43761238569272376
2014-08-07,-0.28940169343376443,-0.4375224396459111,0.033469211966589314,-0.9192782172277462,-0.9545129266515325
2014-08-08,0.8497196804495893,0.8472277120074327,0.8404226815368564,0.1902109767370348,0.6267287108115496
2014-08-11,0.02047521016975684,-0.10469939394220076,-0.13500917867426576,0.07633561213974684,0.14851044298505298
2014-08-12,0.17958648889045706,0.12995610562860005,0.07247799266150626,0.8048062679002419,0.19089951494070928
2014-08-13,-0.12688338988950457,-0.04149138020325553,-0.1266492351585317,0.37948300796664064,-0.19884054873001966
2014-08-14,-0.3410790888530202,-0.41748842130230324,-0.5319981833193569,-0.42995440190733886,-0.1082274215708847
2014-08-15,-0.09406959311691082,-0.0903480563636001,-0.19129356749653287,0.5888624604860715,0.5201965765400559
2014-08-18,0.07856211123399282,-0.013581055901342147,0.08671840689993235,0.204008749806412,-0.14454135916389382
2014-08-19,0.012580230067096295,-0.06247386970023564,-0.2537184448894675,0.3258756406288247,-0.17858158019296827
2014-08-20,0.2963941328906998,0.2664347114369069,-0.03433946882571194,0.31983559470832035,0.37913359746468706
2014-08-21,0.15178760506801425,0.12074109136795229,-0.645194673649268,-0.16830769054859007,0.39242661375294857
2014-08-22,-0.3529181687538621,-0.17102737373015658,-0.3326588049982366,-0.3873621070228775,0.1621872801768894
2014-08-25,6.097961702247919e-4,0.026349897068468638,-0.2975589516451971,0.24695190714097154,0.007245328172225394
2014-08-26,0.20403868175592527,0.24331211296799418,0.36491640530046116,0.3898020956421585,0.16222734146765103
2014-08-27,-0.3757382403752376,-0.41363393508664414,-0.4152777454674311,-0.020341508747096698,-0.25694363543532545
2014-08-28,-0.08388154314251929,-0.2189467739634641,-0.030917178991373334,0.045663539794667724,-0.28289022203499115
2014-08-29,-0.19265088255352267,-0.2010368840860207,-0.012832053240357803,-0.25670829155163466,-0.5108404813012969
2014-09-01,0.25083296668721144,0.2625999648466254,-0.18619133111287,0.26631637199030317,0.35644201544937626
2014-09-02,-0.011441835495405034,-0.04338197707367836,-0.22613998253578538,0.16957915060557854,-0.004499555880181874
2014-09-03,0.48536538405753377,0.5854187091435268,-0.2614078672998827,0.09631413503499034,0.3284650913940777
2014-09-04,-0.4928848153441792,-0.6203134150982497,-0.29572701012218217,-0.8043209200270365,-0.11296934429303376
2014-09-05,0.03251958363805613,0.0058425507390686,-0.639992455024959,-0.005691714459588937,0.044188743745351325
2014-09-08,-0.3051861516464455,-0.26675418059600653,0.07925150771276683,-0.8730508688340413,-0.3085423066545852
2014-09-09,0.8925309574142217,0.8899607670840286,0.010811115101405058,0.6791513972731109,0.8762372499833957
2014-09-10,0.8992585116831802,0.8063816691709643,0.7953004833867652,-0.10299909618416123,0.2365959256447247
2014-09-11,0.7013137891156652,0.5424077496044626,-0.08103061425484855,0.5956984435937909,0.5487308846987796
2014-09-12,0.6413021776617402,0.6495200378762653,0.33625066245556934,0.5418706484828841,0.6976907553344964
2014-09-15,0.8788636963871685,0.9346741706147879,0.7432029168872839,3.7779619799225377,1.2963836830556523
2014-09-16,-0.32281129294955624,-0.22174689609321177,-0.05376834203349472,-2.0953177982658295,-0.5839645021069907
2014-09-17,-0.6557805787240586,-0.5651826960755889,-0.5814863926135926,-0.7207869564414375,-0.8017075210742598
2014-09-18,1.4891130518256526,1.4090491211010083,0.12735965347435904,1.325654435439407,1.538004251495927
2014-09-19,-0.1780310372361189,-0.23521080122685473,-0.5059820452745504,-0.5133829033137385,0.34899127399531765
2014-09-22,0.4037216499237482,0.4354683676502771,0.31171826433817057,1.735721925986732,0.21191937102634112
2014-09-23,0.7538934835261538,0.745865240267498,0.9186269292082329,-0.13896193368056065,0.5026968780476476
2014-09-24,0.3306451752969889,0.24273075298921704,0.4554169024144985,0.30601227655311186,0.3554488711883667
2014-09-25,-0.023712037293322788,-0.03420537661326378,-0.7703025652630222,-0.07325825443100425,0.2792244477425022
2014-09-26,0.6174346098238008,0.6100753748794419,1.2286140277122437,0.5284600231104125,-0.4567075647748522
2014-09-29,0.9758407816862615,0.8104968209050145,0.12701295580450617,2.235196365654483,1.2855396370807854
2014-09-30,-0.10850219199960784,0.2229258753276647,0.19008976083906048,-1.4876297886989398,-0.24324112915391288
2014-10-01,-0.08203865927082755,-0.23355192909502737,-0.4702341168780229,-0.8899474072218589,-0.7407703833243275
2014-10-02,-0.1029352743693697,-0.10786287666030475,0.4600270179719924,-1.0023316927714703,-0.03276535262490837
2014-10-03,-0.5614282524386134,-0.554282944920122,-0.06498757944274258,-0.5454799984184988,-0.10210926446090211
2014-10-06,1.4679625538884225,1.49435810817441,0.3153220194823332,1.0022603293928507,1.3327927373100188
2014-10-07,-1.10867581432417,-1.1716066251146755,-0.3486272505086565,-1.487665266707141,-0.47274539992939524
2014-10-08,-0.5787948378906589,-0.530487298326218,0.2428079538026208,-1.0985908857145499,-0.6720541878707885
2014-10-09,-0.3340376948544973,-0.2926736145439058,-0.3535075291225334,-1.0558804946479396,0.22307755391758366
2014-10-10,1.008961361908605,0.8393446008874151,1.1221164844197522,1.7509726801020187,0.6908204168038515
2014-10-13,1.028544041821638,1.0121297714716937,1.4792650139637857,2.1590189442409944,0.6472680517556139
2014-10-14,-0.7578811092889635,-0.8960938706290316,-0.6270230665743174,-1.4359639055078008,-0.3531926595404915
2014-10-15,0.4548044059996229,0.5154473411165799,0.23073244739506282,0.1817800193110204,-0.17391277731327417
2014-10-16,-0.9097909896541749,-0.928456342384667,0.33655019446712237,-0.21724148335313187,-0.9377621436751754
2014-10-17,0.20755140814521206,0.19551395259362084,-0.1666100076380685,0.11660666774535228,-0.476883915131253
2014-10-20,0.1848831441484592,0.19294480899761715,-0.5492616630208206,-0.3363379806465727,0.698571481715981
2014-10-21,-0.21500998015408776,-0.24878763946887042,-0.020346797754966124,0.6841360593908389,0.10258572423802154
2014-10-22,0.10234512559089468,0.08793871568138889,-0.006584442366947784,0.15855856999560214,0.21538912392789375
2014-10-23,0.100635632762732,0.0395004333598865,-0.07770533491994988,0.3935033902201951,0.14857358649886754
2014-10-24,0.1068135419415528,0.12681055044309067,-0.8200149704115293,-0.42615395618530943,0.0915902316274953
2014-10-27,-0.5008562321994657,-0.544245656321269,-0.607637841616916,-0.30358144745871096,-0.5867407309552446
2014-10-28,-0.0259270182232723,-0.013650864688150854,0.34164101400405117,0.44965132774415884,-0.31488055311271534
2014-10-29,-0.5803344435886936,-0.6351910759014672,-0.8653000194646637,-0.11736334565166934,-0.48852402359747626
2014-10-30,1.0548394686265892,1.0349339026870181,0.3359425617077431,0.24348358514171642,0.8195763597162619
2014-10-31,-0.6111447116514683,-0.5997383886892196,-0.9319422872259341,-0.6161154891671297,-0.7459864764375455
2014-11-03,0.769079601729237,0.7627820868578852,-2.510634426780102,0.9370743252023537,0.7256972925083032
2014-11-04,0.647196919504451,0.7241036229780933,-0.08778013487110825,-1.9915812216022042,0.7838856627925286
2014-11-05,-0.5575637939595781,-0.6481030642240573,-0.3972060065061046,-0.6641075621358783,-0.32213006000492284
2014-11-06,1.9337122881129174,1.9652135787180507,0.9104684361327657,0.602951595022937,1.7660706863700337
2014-11-07,0.380465844087668,0.2557088229325176,-0.1985797786010475,0.3771207724175043,0.29465079814193895
2014-11-10,-1.168475185372071,-0.9935876348264236,-0.4481173716180943,1.208142333528699,-0.9951808978085086
2014-11-11,0.13973116272142908,0.16989219700866745,-0.019738309639749103,-1.4280593764943716,-0.01203838749813585
2014-11-12,-0.9247143956627119,-0.8778196460369413,-1.7113549183003836,-1.9923753286142558,-0.7962006778786629
2014-11-13,-0.16190145486149332,-0.09611934481143253,8.807115673302723e-4,-0.462506081791381,-2.95253495775194e-4
2014-11-14,0.09601969928489161,0.07523379117863435,-0.0969764267296161,-0.15146998467750372,-0.287259551561467
2014-11-17,-0.5522850988790378,-0.49659379749820903,-1.4230443259089938,-1.2442159085371873,-0.7212492013966949
2014-11-18,0.5175698344693824,0.4665963042411698,0.6435114833853802,0.17757849838236006,0.1790539903254924
2014-11-19,0.08942732394090061,0.006386167537903683,-0.1262621602201415,0.035554462141776474,0.20626946041138552
2014-11-20,1.2674601160390089,1.2355021298462225,0.11992412200166662,0.0722155521338869,0.9159559598299325
2014-11-21,-0.24323103948835667,-0.21972284829854982,-0.3171046541642871,-0.18743114319631232,-0.09366528033295712
2014-11-24,-0.7485241875861642,-0.7085412234746268,-0.2759062488197879,-0.6088830056495624,-0.44827865012569484
2014-11-25,0.5735338714431291,0.8971198177883236,0.29300118238640804,0.49811446341622473,0.6749022904690359
2014-11-26,0.7007334955462605,0.5751237383683582,1.1282261189974636,1.2305051558110218,0.6955118923408191
2014-11-27,0.27828812984685414,0.29221484441834317,0.4621094601158766,1.0756713254631811,0.4659712004281614
2014-11-28,0.09281706269780127,0.09985403243083801,-0.10842811372770193,0.677922508829462,0.04776639923914735
2014-12-01,0.9493034112490202,1.0158135149939873,0.13897120114078307,2.293144618130587,0.45168319394285483
2014-12-02,-0.5573725439496137,-0.4469635023231766,0.005453879351985439,-1.6447389671188857,0.008676422675394854
2014-12-03,0.18987918833563266,0.1811660584301564,-0.5404230190347009,-0.6025798746453521,0.4604357366132596
2014-12-04,0.7160731715794908,0.7265144757267223,0.12433446400236031,0.40644741000049,0.6639519871992147
2014-12-05,0.1463584201477094,0.17486268702821686,0.24126190260601282,0.827819904909839,0.3873992536806734
2014-12-08,0.9881637802044438,0.9319707420142036,-0.5227846881981173,-0.03660728773895512,0.7660681591492028
2014-12-09,-0.20193826578899138,0.12724387114645214,0.8351659969509074,1.0633906296803906,0.3718194679390028
2014-12-10,-0.2801976483794942,-0.010876761067497395,1.1392609147059378,1.043640670790619,-0.04818304536012498
2014-12-11,-0.23889520229658262,-0.39988148035213794,0.9740497330080085,0.14145748797673893,-0.6314460421297504
2014-12-12,0.8339886277761652,1.0208284137800483,-0.06260330759870296,1.0174708501330825,0.18377896994755824
2014-12-15,0.557760300105817,0.5057666064769031,1.1469926744139423,0.6354304215395821,0.44139393262074217
2014-12-16,-0.12672334594927998,-0.09628242493033391,0.3242043919218925,0.5695949806792496,-1.0538166402228177
2014-12-17,-0.1142919549957345,-0.09895260983981675,0.822441120777226,1.7100326667426664,-1.047866809289616
2014-12-18,1.0927752698720843,1.2098506607043609,-0.6120232539394913,0.02343317654747179,1.2928598164852212
2014-12-19,-0.7944639492669855,-0.5506329771086537,-0.7575561248188531,-0.4972902660135007,0.4847664230338874
2014-12-22,0.12477751090917222,0.25379356182006674,-0.1723199093737413,0.06666604997484349,-0.07253285394648334
2014-12-23,0.32803616034271676,0.3608971581806392,-0.2029401439340418,0.45028640257173236,0.33443180122259425
2014-12-24,0.11119801915359086,0.1454859398434875,-0.29050568677204025,-0.5014471838623311,-0.11369197975626331
2014-12-25,0.08783311670688272,-0.06524154906129218,0.1078067181770199,0.09729762703386952,-0.05580502246731707
2014-12-26,0.09194350456461886,0.07604099312509131,0.17623786090886265,0.21855987922857006,-0.09342530390290944
2014-12-29,-0.08562350800674719,-0.07773299853782653,-0.13381212444997673,-0.32659296835674495,-0.22441474070354145
2014-12-30,-0.37602241360882477,-0.26223836876995354,-0.4344566943731878,0.216178668555296,-0.3998457422494909
2014-12-31,-0.2711393747039822,-0.5783929744587362,0.3896899446801058,-0.1413978763189055,-0.18854766148956673
2015-01-01,0.08172538916717044,0.14025719661326838,0.0038704920010233096,0.3341688909904726,0.688524138501338
2015-01-02,-0.06895065774839065,-0.06724181181172677,-0.26338226391960795,-0.10359829317059457,0.03013416331070211
2015-01-05,1.3497206895930214,1.344243916842028,0.8813736030526439,-0.18968985756910803,0.9477199105888229
2015-01-06,-0.5040855393125852,-0.3537320797438955,0.48427330634957605,-0.28200792491456517,-0.33933730115212907
2015-01-07,0.2757742545682188,0.2030257692754051,0.8564530218903663,1.250449126581188,-0.19721785793574764
2015-01-08,0.056202949857465365,0.09049483814779438,-0.4433515392066224,0.2848415819732109,0.5028007027832829
2015-01-09,-0.47342114616060366,-0.5000766490601527,-0.9436362500215434,-0.05675205902404826,0.5654784071149498
2015-01-12,-1.3041935601306738,-1.3193006775656453,-0.005531065236147692,-0.18898314878763536,-0.7350571281030029
2015-01-13,0.9148246931242003,0.8402434254456703,0.8083190415641585,0.9835398713613588,1.1980536976954141
2015-01-14,-0.09626628734637181,-0.23875687479964353,0.18807747410952474,0.2792131097992233,0.07670208763791611
2015-01-15,0.38580510584648336,0.3188905141294578,0.6810373289125178,0.01927028438379902,0.1527109286248993
2015-01-16,-0.8326321762665326,-0.9285622032714702,0.1350118220013845,-0.3712225932604221,-0.8899980982798287
2015-01-19,-0.4214360904841956,-0.091307761098565,-1.2857305875190541,-0.275508631414819,0.128860744114257
2015-01-20,0.20379776272739825,0.42019944683773175,0.21264067488048202,0.13910266972964186,0.7934521371304551
2015-01-21,0.44298412041330754,0.35360906962047445,-0.3698297572260783,-0.28336021989862425,0.4702636900133757
2015-01-22,0.8639328913150841,0.8082861468119336,1.4265885112212384,1.1152375890161361,0.9986499170221698
2015-01-23,1.0955479583538068,1.0135557131718418,0.3206103124910995,1.058529297254692,1.0832544115410236
2015-01-26,1.5556900678963101,1.8328779738295102,2.9436598011848973,2.155479928805338,2.227678288947589
2015-01-27,-0.960340973599711,-0.5540753317894198,-1.4676925542722885,0.4514068301589459,-0.3214209579354038
2015-01-28,0.07378181820806924,-0.02804674642497995,0.4782933157250131,0.5415171876808179,0.019372084874601417
2015-01-29,0.3724470214988813,0.3892174773296521,0.6112064335103372,-0.22077384329082453,0.46766163845678355
2015-01-30,1.431452242784979,1.401794076836305,0.8419036275532963,0.189831561834521,0.7587083347791753
2015-02-02,0.01305046547480894,0.041370006692862726,0.9172310924934353,-0.10808039845017904,-0.24200241448030274
2015-02-03,-0.42384535267906615,-0.2784344767601993,-0.5800329943517,-0.1073819760738802,0.15600449106766956
2015-02-04,0.5307509185519534,0.5123241801290764,0.3890921843986091,1.008013841709432,0.7162527288064043
2015-02-05,0.19785031253431046,0.025641725347985193,0.3681261975069907,0.6938676830273943,-0.26745254025870135
2015-02-06,-0.5700453897686903,-0.49902395158940205,-0.7155616509768409,-0.07645345687194213,-0.35161986849947846
2015-02-09,0.5946295462708219,0.48630504249406664,-0.7495976941614783,-0.5947999889215551,0.0799249091191214
2015-02-10,-0.522128952041792,-0.4695552331338249,-0.14482751099847682,-0.309108331452562,-0.7394012186599597
2015-02-11,0.2565278292933913,0.16811015189727313,-0.4559511814668797,-0.2691539853523373,-0.26563471915818454
2015-02-12,0.8139359612299981,0.8144392467130447,0.09870812919288087,-0.034724567451372125,0.7036686707314704
2015-02-13,-0.4301614877503914,-0.4380880007860712,0.6281009612127022,-0.08825050764972553,0.01390508318855202
2015-02-16,-0.09953689175269624,-0.12955637191876646,0.18949660013476635,0.40254652405290003,0.03028355140441348
2015-02-17,-0.011440032823528415,0.12275950113966111,0.16677767855370917,-0.2217535135409333,-0.06462851303804457
2015-02-18,-0.7945070090299439,-0.7099294880915451,-1.3081221459273322,-1.394774171083802,-0.6006356878984801
2015-02-19,-0.004888596648801202,0.03032643711490067,0.4326537695206549,-0.36818969413558567,0.015085156639575908
2015-02-20,0.18531208256660428,0.17663253825453576,-0.02314452689521726,-0.18013545265855635,0.03439204808661411
2015-02-23,-0.6368438409099748,-0.6540435999221952,-0.7494612344229541,-0.6414732718213003,-0.5433809495818765
2015-02-24,0.5317081958279463,0.5818368639960618,0.7206100120788467,0.4665251927956191,0.39572105948129577
2015-02-25,-0.3775903154486866,-0.4061679453114862,-0.3697032508583344,-0.5517096539614952,-0.4535544179119691
2015-02-26,-0.7541620409012507,-0.6718054405462233,-0.6298688161726114,0.2983305752121994,-0.15426442757184533
2015-02-27,0.9572331530361758,0.999522623305884,0.5288584734065643,0.880736001739882,1.1841107178384984
2015-03-02,0.19515886893146747,0.27978969967017414,-0.08084654689307179,0.7303523987592797,0.6127603485194407
2015-03-03,0.2780870534415264,0.3635652641208253,0.032206114970085326,0.3104913236355523,0.035244444866779044
2015-03-04,-0.8049232909714698,-0.8018603362427503,-0.336310736007155,-0.07652020215611818,-0.6805235042069133
2015-03-05,-0.04997730074418924,-0.0706739074042462,-0.06521927794113187,-0.4499004478125652,-0.9384802643119804
2015-03-06,0.561608161917901,0.512905929211289,0.17390200462624236,0.32493512293653165,0.13918076357464496
2015-03-09,0.9021092538128557,0.8036926574414097,0.2357556802899461,0.08025219065825845,0.833040717063753
2015-03-10,0.5098622485137919,0.507318816542376,-0.0654703296818332,0.049022066847072554,0.2583928627335071
2015-03-11,0.6237312152867759,0.5637199589012842,0.8624653060271786,-0.4409007411048072,0.5243812411779892
2015-03-12,0.4995553277937393,0.48916306921552616,0.19823296546274835,0.04490987197178592,0.4851240887400808
2015-03-13,-1.3011884513755079,-1.3166441430568814,-1.2663256629067483,-0.8194514659336617,-0.9016148203923977
2015-03-16,1.133640657556213,1.1469135810065478,1.1148997044664175,-0.19094095337607556,0.16607833840164435
2015-03-17,-0.30586298023661074,-0.313728060013576,-0.3009472987512535,0.1602819333447146,0.14003177888487967
2015-03-18,0.4206044606159399,0.22874675979836606,0.28585477485656097,0.52047990229287,0.5648830270178624
2015-03-19,-1.6475999065700577,-1.9782258027813122,-0.9787258480031782,-0.42545904848050015,-2.0534822885724697
2015-03-20,1.9667561816344656,1.4811997786009807,0.9306253959141684,0.678025174875454,1.5568860777921933
2015-03-23,-1.6165169018869079,-1.5354952770144092,-0.9471203551549021,-0.780114867398161,-1.202047847556421
2015-03-24,-1.4716180223720747,-1.2729696237260686,-1.0102593298186884,-0.5892052289876695,-1.1145221463927144
2015-03-25,0.2617535175885982,0.20317980179293071,0.1324375791695682,0.08546702291516495,-0.06943615695029967
2015-03-26,0.38141841602958004,0.3875679300054321,0.677324095712658,0.7798193930778917,0.13173396596135942
2015-03-27,-0.03561763266651361,-0.016731155114001327,0.2469718386588173,-0.3580253045472293,-0.613754106741655
2015-03-30,1.2025161364417234,1.25412523231167,1.2056831675938358,1.3699935792507498,1.6777619278830196
2015-03-31,1.212895145485915,1.040388733939218,0.3911909321367223,1.0353875370184702,1.282854069471285
2015-04-01,0.7721699019107455,0.5715861675543428,0.5419951551364657,0.7689554318321243,1.0637623292964067
2015-04-02,0.11511104114905607,0.11192562040723436,0.4776106605955912,1.0831805170972233,0.45432292781316513
2015-04-03,0.3145350719527403,0.3143371802596224,0.22058419078009603,1.6051949645043553,0.5511712277017383
2015-04-06,-0.7971371949832758,-0.7978631777327695,-0.0882655043086808,-0.43293798470872363,-0.7353859275624216
2015-04-07,0.6475227248270335,0.6763384739883713,0.15075867545678293,0.6634175519403915,0.5798715077970666
2015-04-08,-0.6481916451540285,-0.6529133910413811,-1.3618418687082328,-0.7553398968616344,-0.9817514366542476
2015-04-09,-0.6560645137809142,-0.5896482434470101,-0.4339990672897415,-0.5055120112492635,-0.5126165380633756
2015-04-10,-0.3324034140834279,-0.23544072533452104,-0.5957100054984557,-0.8545023641161748,-0.519625890414588
2015-04-13,0.378724188539479,0.43419697081318875,0.7226672338720418,0.5249272158011286,0.4522385710106423
2015-04-14,1.0192076182869112,1.1004464040399808,1.2466761963536983,0.30251659290710836,0.9627829640377107
2015-04-15,-0.2589251026068129,-0.34795984571994215,0.15695572111686643,0.6857210490719052,-0.09493751963569971
2015-04-16,-0.7505102728916194,-0.856531693883094,-0.612885867850057,-1.0303424631694416,-0.9998779946633338
2015-04-17,-1.362981228408901,-1.440844558798045,-1.3671198023983353,-0.5753941906510979,-1.480046727466371
2015-04-20,-0.3212485735655094,-0.2858946057065602,-0.09184526343112365,-0.3952039172402618,-0.8144682539107626
2015-04-21,1.0489902868366092,1.131929110246282,0.8451658111935517,1.1133049132785269,0.0648992417898978
2015-04-22,0.1701806403725118,0.11086650624836186,-0.2505237805399022,0.23204763070187465,0.5416623202552072
2015-04-23,-0.36594857183352275,-0.4590223246085682,-0.7517047182436853,-0.4650271714005141,-0.45765111301013717
2015-04-24,-0.426505551813286,-0.3531306179485413,-0.04369874837882641,-0.22079272204717595,-0.9921645381097082
2015-04-27,-0.6729506538316675,-0.7241311528074104,-0.15468354872663156,-0.1313444693581056,-1.4409859411789199
2015-04-28,-0.8546730436806302,-0.44538190251909576,-0.607094442497525,0.046594415136368056,0.17581892664528315
2015-04-29,-1.4699403490812415,-1.6350931124660686,-1.3934241727336705,-1.1702072262417795,-1.404278058521017
2015-04-30,0.05284389794286806,-0.01586297303785679,-0.1259369686715646,-0.8510977497878531,-0.8537941379539888
2015-05-01,1.1834574975249668,1.1812296765133743,0.7918887462366484,0.32175909517414414,0.9267509501669904
2015-05-04,1.004351605918203,0.9368050132045946,0.38011691741547926,1.0291303389159823,1.0899630769274233
2015-05-05,-0.2506801129041837,-0.1474729351300404,-0.14984721828203504,-0.3536248833778395,-0.12825668177372032
2015-05-06,-1.1599070346613438,-1.1836904319893304,-1.033315117627497,-1.2773041402312886,-0.8185905265789968
2015-05-07,-0.23916749780677088,-0.28789196107991555,0.1402651147813519,-0.4799836467441948,-0.890092528822277
2015-05-08,0.5685841870961932,0.7034902270785768,0.47868908750001005,-0.6268274930552238,-0.08409422999630425
2015-05-11,-0.26480947287613493,-0.2952972716039086,-0.3637439280805095,-0.030556783562035117,0.28883384079802665
2015-05-12,0.2800199545402077,0.315271384574568,0.012176939795390529,-0.6621846624847325,-0.11783579570037374
2015-05-13,-1.113599698868251,-1.1237755575790915,-0.8807278829226429,-0.956418360294444,-1.4675887168887385
2015-05-14,-1.5329720033244507,-1.5644589319765265,-0.9905986532550599,-1.7558753396822537,-1.4887843156974983
2015-05-15,0.30254430239564056,0.316183663864806,0.29787662164414186,0.189777420421265,1.123038659225161
2015-05-18,0.4812897254108975,0.5056332057839947,0.4161138523721767,1.0174457993496362,0.6612227960068292
2015-05-19,0.7019917634633063,0.6524075199633785,0.1708702751578019,0.31481681208699774,0.25556053814263474
2015-05-20,0.9092706656578462,0.929481441737537,0.2837068682170882,0.4397782498988131,0.8564305282673803
2015-05-21,0.6417572158460086,0.565752950392347,0.09530346578159647,0.6569873110497352,0.9346943950372266
2015-05-22,-0.17125898839249193,-0.2950287133983538,-0.16360576162524512,0.24931457655115036,-0.17453121561186563
2015-05-25,1.1085726550387311,1.1362541024189463,0.7012523000433278,0.8930678090585255,1.324545741710902
2015-05-26,-0.192465723755132,-0.15930164457749366,-0.1890737067686556,0.012596033815653496,-0.11753802339221248
2015-05-27,0.9851676875084564,1.0285530694287304,-0.10824911496005798,0.14640618738600822,0.3711140674404746
2015-05-28,0.23565452767233325,0.17152351111003278,-0.4787685149936231,0.027646114779517693,0.35025700743366533
2015-05-29,0.9905804254881847,0.9700819081957921,0.9209624054809756,1.118231900288993,1.1220008487495081
2015-06-01,0.2736266625438019,0.21467820434470758,-0.08325990043931557,-0.011982610324337006,0.47783742380881206
2015-06-02,0.36813664788851147,0.36835895452471373,-0.16896267502890255,0.25167778787228234,0.6432251091069786
2015-06-03,-1.900009763062286,-1.9077670382990997,-1.2812510881517565,-1.239166125050139,-1.925525426615607
2015-06-04,-0.26798355979718413,-0.20909516656823982,-0.3955519164155088,-0.29295943364768673,-1.0800982667375676
2015-06-05,1.1022844189834595,1.1662698265441915,1.0935831205465927,0.38551639076645283,1.091479002405304
2015-06-08,0.9150836490253774,0.8687354341355715,-0.08338322369697959,0.08497154576183319,1.437922137619745
2015-06-09,-0.8784371276894091,-0.8481678990318118,-0.06467881992095904,-0.5353773188715008,-1.0110073234801649
2015-06-10,-0.12272817170560843,-0.07738900408219937,0.15025392377007762,-0.24542631042192012,-0.3258451706044476
2015-06-11,-0.5099127374285873,-0.4979242233857302,0.6723704014366287,0.335450964388206,-0.17179106232072572
2015-06-12,-0.26664771924331787,-0.2553404416370645,-0.7863552000485402,-0.31626724375399323,-0.5604185526714833
2015-06-15,0.20823352836724607,0.25584312803170733,0.4240198318755608,0.13706639355876493,0.009263614223369757
2015-06-16,-0.34656048119765787,-0.36201895877719914,-0.41334826301061656,-0.6886982232227566,-0.27897714780145183
2015-06-17,0.11756902833484553,0.13474156819961933,0.08757616524580485,-0.21073623765501037,-0.10956427751607671
2015-06-18,0.2795830117145316,0.28535669613345016,0.22787952043857573,0.6178898481906656,0.5478219574339925
2015-06-19,-0.787541243151887,-0.8279500742289704,-0.40131838550720994,0.1452683679815847,-0.18115101386786367
2015-06-22,0.22602564761249838,0.2889613865841644,0.4948490190782925,0.43787296484824195,0.5093393136102926
2015-06-23,0.5167361663714336,0.5036512686418482,0.0030447935014447647,0.8966044321350357,0.5437540686784177
2015-06-24,-0.10669903683938695,-0.18237119988026715,-0.5884686538834009,-0.3668331894839455,-0.2521971939481483
2015-06-25,0.39891374720635664,0.4236249172801059,0.4162664103254464,-0.06617309815000734,0.43352974455815874
2015-06-26,-0.32462765056875986,-0.30509930443950717,-0.07703049983803288,-0.4451363406753501,-0.1598573480295864
2015-06-29,1.3720090399526392,1.381805437719251,2.1767093766962677,0.2999846831796109,1.4660387400129706
2015-06-30,-0.5022895468679924,-0.558290613839437,-0.570529621791308,-0.37228358501055164,-0.807510809293901
2015-07-01,-0.22124402342299462,-0.32402911721622824,-0.14690339295960841,-0.25438068544287307,-0.23091600434301185
2015-07-02,0.6736349157498551,0.7089073226658187,-0.04581177815274847,0.05791325462834351,0.6971658055119003
2015-07-03,0.036750425419255474,0.036569453773541906,0.2460581304727934,0.3132932683428995,0.4712426937038301
2015-07-06,2.0092811386833263,2.0436019199608615,2.583878462366226,2.0377728205350523,2.0445959305885335
2015-07-07,0.14975204184121896,0.12492251548406325,-0.012489367408813998,0.3760931042521121,0.450714269495362
2015-07-08,0.2173762702599061,0.2427510261889224,0.27954089418453887,-0.36419205903735086,0.05604685860388335
2015-07-09,0.5098808351101906,0.5135738375788624,1.849421256090385,0.2843084869804348,0.419800150305879
2015-07-10,-0.4902442076476409,-0.5299479932054654,-1.1636009886326744,0.01876066419158809,-0.14354540730826326
2015-07-13,0.42961487382681957,0.4771736906744066,-0.27353736306095966,0.4984090144329536,0.4697638685942209
2015-07-14,0.4636694795003257,0.4242513375451511,-0.41908973777697023,0.0765128726544153,0.23148007981106433
2015-07-15,-0.6795657376692116,-0.6916923433174782,-0.5029288280032492,-1.2155794741647759,-0.36649339813494647
2015-07-16,0.9159793902565102,0.9620116708652613,0.5324386964887895,0.3018907598136439,0.6011269102639164
2015-07-17,-0.4881305521146313,-0.5263112953627677,-0.7532745733628993,-0.4271693012029548,-0.3912620217951085
2015-07-20,0.5638132452715512,0.5818619417924278,0.5782451969085233,0.16589777565870645,0.5395500908813785
2015-07-21,-0.0400235963234627,-0.04258190672474968,-0.1556719908729193,-0.6705618236273383,-0.20991388049620385
2015-07-22,-0.6838447256156901,-0.7013125754617535,-0.352490723046854,-0.05359540063892158,-0.6514373136399281
2015-07-23,0.6329322017877108,0.6795048255649082,0.5050862567615517,-0.23132422815113635,0.4509768166088323
2015-07-24,0.3164130924609751,0.2702750436589807,0.44049738764407037,-0.10662028495153614,0.05535194762636589
2015-07-27,1.0991410384376668,1.0950247868436613,1.1830376079332663,0.26249223443030356,0.6986179007817221
2015-07-28,0.06495803744070673,0.028982902679324907,0.4514814256189942,0.41980849947754406,-0.07138335297734952
2015-07-29,-0.9966961175687132,-0.9928021245977164,-1.271221598271242,-0.42744159976027996,-0.41081363040437807
2015-07-30,0.598420548926343,0.6491912844174654,0.31258668664788225,0.5139933099659291,0.529888783071866
2015-07-31,0.11363881047662837,0.08172469203726396,0.012033556365464458,-0.6850116374408575,-0.21569858724018573
2015-08-03,-0.08356065900599556,-0.08794731923506524,-0.06844963870609239,0.2585491947950612,0.09376121399895343
2015-08-04,0.32097728836495715,0.33667066664873435,0.40630665248150266,0.0012440863852368478,0.12561457280830945
2015-08-05,-1.34500395796991,-1.3679023325182107,-1.619699119716477,-1.1493390753433907,-0.876888981387844
2015-08-06,0.21813161968701678,0.28114054137967437,-0.12021800085872203,-0.540435030627601,0.3686891805342817
2015-08-07,0.15408077888075342,0.1357721949844921,0.15882488575847134,0.9702291413607879,0.12521005872315344
2015-08-10,-0.7627454198963474,-0.7874280164941233,-0.4205850497008407,-0.5995195387073422,-0.7597877089051588
2015-08-11,-0.2171796456668421,-0.1675944645508861,-0.4325667963317963,-0.001546158979513823,-0.44856939568413096
2015-08-12,-0.42826438642413195,1.4053379557928969,1.0414753499834295,-0.25811397998562774,0.5929418762785188
2015-08-13,-1.9629782934691276,-0.926714207464477,-0.25996858344616347,-0.6161662652866756,-1.5932284679641473
2015-08-14,-0.2221474425824359,0.032181068548658584,-0.055665293428490234,-0.5070462509842005,-0.9089282505036811
2015-08-17,0.23156695272020306,0.11756355737463486,0.10722343191972178,-0.025497957114146798,0.20534332723189724
2015-08-18,-0.046268740618819804,-0.045753038860228565,-0.09093528157639838,-0.4957411253672405,-0.4654562612098872
2015-08-19,0.4239776187656764,0.43534873807484287,0.46662714702778546,0.03816616539924231,0.33362381853612005
2015-08-20,-0.2006535763852838,-0.19925598091324168,0.20338327712831686,0.08314714318167911,0.4678059774848225
2015-08-21,0.31682860872974894,0.2307450879087026,0.6095847681426078,0.15039586728109486,-0.3251295980911008
2015-08-24,1.10790095544819,1.0889604819401413,2.4739253702991744,0.1557170241733024,0.15934664926330444
2015-08-25,1.0189159787058202,1.2183387441512306,3.6274038659268855,1.6233471131930741,0.05659387437741747
2015-08-26,0.838684876992592,0.9504593719701735,1.2608339406189544,1.3934273245177984,1.726035370798739
2015-08-27,-0.2136878711697588,-0.2578565568561582,-1.6183998120237695,0.8174530069561998,0.3444482633545576
2015-08-28,-0.6413950691927992,-0.7090104587093511,-1.558100154260207,0.336733635103202,-0.6804946409053424
2015-08-31,0.6921109775410383,0.4589033639034366,0.23996818295119482,0.22494095870378966,0.2229425724617205
2015-09-01,0.6945790305934048,0.4577882691548482,0.6608670196593165,0.20012475396152746,0.1816725680472662
2015-09-02,1.632483218965095,1.4185785161559066,2.565756743919428,1.8026874929917365,1.3293002749616225
2015-09-03,-0.3178271640492658,-0.5056424866497659,-1.1945671738377757,-0.47695135950008005,-0.03764623337814593
2015-09-04,0.335274851965682,0.3624221457590312,0.7037567175956266,-0.29581410799196933,0.46206845003492364
2015-09-07,1.2237956068958304,1.230145421702506,2.0246075200079785,0.26940380910030254,0.4921841840279576
2015-09-08,-0.23916737783786854,-0.14905692287558522,-0.32280701465369754,-0.09242811213968588,-0.2748094001366317
2015-09-09,-1.3771796240856595,-1.3138470839308058,-1.958539883630418,-0.853217534539398,-0.7650554019503567
2015-09-10,0.7789580374846088,1.0011700646337327,0.8293727259054315,1.1339333074208637,0.6297903374773395
2015-09-11,-1.4036390174551219,-1.4565193862160037,-1.6890070040450729,-0.40083256434961,-0.96651538814086
2015-09-14,-0.48265939675102776,-0.4731828332139556,-0.6514893578502154,-0.5318806345235144,-0.4465759160849232
2015-09-15,-0.7371306124741459,-0.8169142811486068,-0.4444408576969024,-1.1459059381597214,-1.0213195766031535
2015-09-16,0.3891524997881494,0.4087113112304358,0.3906204301923084,0.7188655084453305,0.12970735284725973
2015-09-17,-0.971367504086331,-0.9574237586888046,-1.0479973551075756,-0.34095074980286394,-0.6052674891813005
2015-09-18,0.15382470728146086,0.09409806267203083,0.4943558971229042,0.4899865114780848,0.16037847847080067
2015-09-21,0.04909297620877661,0.029467970541106836,0.08246010137416697,-0.5110106101151656,0.42260686796614444
2015-09-22,0.7612164885597645,0.8065223280064461,0.4005334260383833,0.4013418172012716,1.083269151866954
2015-09-23,0.6576421244716426,0.7603692586048402,1.0812137366470542,0.1789390852601866,0.6723095479051912
2015-09-24,1.0416175445479092,1.1280403575407378,1.061565103939904,0.475965747717018,0.7861590028607541
2015-09-25,-0.12563642176231027,-0.14511975244526648,-0.21636476559195705,0.12263908966439757,-0.1599455727833386
2015-09-28,-0.02567307012755078,-0.16388906731313618,-0.2797447470904314,-0.18535498621558905,-0.08849616147058396
2015-09-29,0.7847290977198921,0.7178320729526633,1.1436062245567955,0.3990429577785891,0.5459391484794237
2015-09-30,-0.32027255171158525,-0.44957748334421366,-0.42433679345806324,-0.3335566493652159,0.1475187435053411
2015-10-01,-0.0312500829717732,-0.10566024016645921,-0.14853482134816565,0.665634059014834,0.5163676513089847
2015-10-02,-0.3567672607538257,-0.371283887036145,-0.31925990153868156,0.35183520518855843,-0.43806719579759734
2015-10-05,-0.1845045665444505,-0.17703811293398772,-0.32672618174380275,0.5106151027647425,0.15482902298735907
2015-10-06,-0.56775679300906,-0.558897426631975,-0.9520510134084259,0.48487879076695506,-0.1694560548082893
2015-10-07,-1.0294319866399082,-1.0159808564785964,-0.8363316583456116,-0.7125935982955374,-1.123532984129857
2015-10-08,-0.5470972918025581,-0.5068992554802095,-0.21940128261995637,-0.5264122036020384,-0.2907658504667008
2015-10-09,-0.9717387582161642,-1.0092164587469956,-0.9994422843135421,-0.587127606885882,-1.1100218417200214
2015-10-12,-0.5682218964797908,-0.6710398344690265,-0.8874751186430169,-0.398750636121019,-0.477385405186191
2015-10-13,-0.06108017060019245,-0.4037056472674324,-0.25683610646208765,-0.28555767928330156,-0.46669977105501487
2015-10-14,1.3741922622096674,1.6582346695644228,1.9279245903150688,1.1236679898125614,1.1351912956053611
2015-10-15,-1.3314251583693089,-1.2896173377654199,-0.5209200249806718,-0.01804212888127421,-0.7851379630656117
2015-10-16,-0.22579061762131525,-0.1917944871268883,-0.39981459939418773,1.2086565405072751,-0.17799127497693437
2015-10-19,0.8690670952246424,0.9925160812995095,0.7831714763883659,0.5066123405898789,1.0819336912170887
2015-10-20,-0.004231484641362471,0.04330386541371545,-0.10982246985435819,0.24731314429972823,-0.17281452933884664
2015-10-21,0.0078003033385031124,-0.14595831869660741,-0.41791976903120803,-0.10008970860112976,-0.27298291401072056
2015-10-22,0.703323095577747,0.7084983366140702,0.6607303868061942,0.10094624664966009,0.4288583047367768
2015-10-23,-0.04076921140840013,0.07425908709975658,-0.7594566270919852,0.8037127990876622,0.29101710338217
2015-10-26,-0.04768102340013668,-0.1814721365892665,-0.5790178060792998,-0.37886108908628424,0.12233682939456789
2015-10-27,-0.4430164179197702,-0.36960994734836333,-0.07609199821001496,-0.03259252747984635,-0.3871259060256015
2015-10-28,0.7811248866084122,0.7947362390113897,1.2121383115922826,0.3503523944932573,0.490133782920625
2015-10-29,1.2535981261431595,1.3164383324150575,1.0107773153260013,0.6057685141657456,1.5598205506501204
2015-10-30,0.25067426129601245,0.15988451984214003,0.022620827000816773,0.5271418650573015,-0.3825501251163076
2015-11-02,-0.06948844625446371,-0.6655125810882181,-0.27168816829485803,-0.36414490752116474,-0.7142522125077543
2015-11-03,-0.6242881443329267,-0.32106684390007184,-0.5553201470337071,-0.18643145911413145,-0.5971800033986494
2015-11-04,-0.4633169774009042,-0.4428856745786783,-0.7085645113747966,0.319078156692933,-0.5084576550110267
2015-11-05,0.7207446783317801,0.7183486340950872,0.40004825329933413,0.3463090055443506,0.5806712490232675
2015-11-06,-0.2313275363932059,-0.10160577074935631,-0.24009666059373036,-0.38754265581056896,-0.44469970289980043
2015-11-09,1.3954240170634642,1.5170197097604945,0.26228189287887654,0.22570168921323597,1.039230347278064
2015-11-10,-0.22169091388626344,-0.12219767212548405,-0.05451857791649637,-0.6539092689968515,-0.503820861991452
2015-11-11,0.016925121129184872,0.02112238106529983,0.04344012705392447,-0.10527318213616663,0.37052917408725516
2015-11-12,-0.4283954104764031,-0.3145419495056137,-0.07382020741597348,-0.1307041768140275,-0.07388570175955154
2015-11-13,-0.9874785573078729,-0.9612936651992323,-0.7751774197134852,-1.2263238556099587,-0.9314687675436055
2015-11-16,0.31784297784042936,0.4399313258530495,0.5784377501927498,-0.9453447984222045,0.29374439351007764
2015-11-17,0.2378951687589746,0.16122947309569746,-0.5373776891370408,0.06459049129351851,0.45147499521209083
2015-11-18,-0.3722670123851296,-0.26768569005006715,-0.4531851323812043,-0.43005661172930937,-0.4147484439011261
2015-11-19,-0.18671833272542085,-0.06008392242273432,-0.11177674276975728,0.0816549983406796,-0.18939756645933797
2015-11-20,-1.0024954762055938,-1.0294726384217157,-0.5248961341978566,-0.043762561879768486,-1.0634691831994574
2015-11-23,-0.611089564012565,-0.5453633720580063,-0.5437520724708506,-0.4191146659609205,-0.6311063947332591
2015-11-24,0.47513581011328854,0.5606234858595331,0.562247361787663,0.004976165687568895,-0.003257168854682066
2015-11-25,-0.9134249493701287,-0.9435510701962577,-0.5835727838103314,0.15544268999836014,-0.8353708400676706
2015-11-26,-0.0344591891037824,-0.0017042667453090708,-0.1575433483631699,0.18998920229654281,-0.2281204244020586
2015-11-27,0.5231552320574824,0.5289659138187691,0.5651530594376678,0.21710822918370926,0.22693090620923007
2015-11-30,0.4403115786540925,0.4865954933115774,0.34985239935377294,-0.10734613467021077,0.015327006151265088
2015-12-01,-0.7131758084395075,-0.6632036123655525,-0.9953517049383047,-1.010291395062971,-0.09350915716059034
2015-12-02,-1.3127172847148636,-1.271489420830675,-1.0478942043275803,-1.1225950930061337,-1.1879925235242406
2015-12-03,0.2114487069725454,0.26589706577654104,0.0279944920921218,-0.6319597126063756,-0.051626933695227056
2015-12-04,-0.29559745783124713,-0.35045782726656494,0.1328673345064321,0.15358588216666025,-0.7136803148103411
2015-12-07,-0.2502484733028593,-0.18864729423381824,-0.6076727752644666,-1.0189549193593306,-0.03434877456845584
2015-12-08,1.019549169170995,1.148678289966357,1.0416638370366063,-0.24555164214801597,0.9538491796252047
2015-12-09,0.40167441094590817,0.4900187727418617,0.8262097325220001,0.048386415569487334,0.5197100143420483
2015-12-10,-0.31251893820486704,-0.1458714590256805,0.8335108557489878,-0.19787486792197181,-0.16912342324721147
2015-12-11,-0.6918331542320416,-0.5088930069365871,-0.5098292710143735,-0.47007185529519435,-0.3880846310008173
2015-12-14,1.1783184766196828,1.4751199229075094,2.1157704351210698,0.747093236377983,0.9012688606584253
2015-12-15,-1.2084664880035034,-1.201920122276897,-1.313841647679596,-0.921788694492649,-0.9920049848237672
2015-12-16,0.5731282823804101,0.6526985042627169,0.10525825666949834,1.3864540897226465,0.7861286747038835
2015-12-17,-0.19903730973272427,-0.017155099342588118,-0.6560780601980467,0.5122680443127804,0.78572643460516
2015-12-18,0.9358727786356134,1.0797544791927622,1.0964167191442522,0.24524122182590302,1.178666706772863
2015-12-21,-0.4424251475299624,-0.48306274765279855,0.4663904528838936,-0.3924865654730887,-0.05501874860018288
2015-12-22,-0.5035896322975204,-0.515570244536254,-0.41284037883689007,0.270216452544288,-0.5269599098866818
2015-12-23,-0.4373443635977595,-0.4195671679322853,-0.32438613861836685,-0.1525851318336836,-0.4856811461952977
2015-12-24,-0.021081087178104158,-0.05241096260859173,0.06213126060434651,-0.2528276707766208,0.04834982340716906
2015-12-25,-0.5111155050583032,-0.5084011245887718,0.11620687056064154,-0.2956509619974106,-0.18767220998277
2015-12-28,-0.178462781020495,-0.17354964129666786,-0.1961424145558913,-0.1778919132618415,-0.17796362709694885
2015-12-29,0.1679134880385732,0.35777844784751195,0.2325471322969547,0.42837931900200593,0.02496744323429832
2015-12-30,-0.3748894530548537,-0.45380360466508146,-0.5837768038893064,-0.6528400219315859,-0.633782872733738
2015-12-31,-0.047810506662885416,0.07089942270457956,0.11559993105482229,-0.6079174134021178,-0.3148855432685352
2016-01-01,0.15055235675840117,0.1904690648007188,0.3442582177002663,0.12330827786232881,0.5432772394767952
2016-01-04,-0.1999226687727187,-0.21255516905545263,-0.22740245077340368,-0.13814920234799133,-0.12007012430192376
2016-01-05,0.7382701971186549,1.3923664679843912,2.0819665039562087,0.12581408790244392,0.7488108170365027
2016-01-06,0.574599368169833,0.360595907976184,0.7103102637987788,0.28212447620448866,0.5619132618752227
2016-01-07,0.6543985359352809,1.142257516443804,1.5193527515982763,0.41903642897856874,0.9297692153359018
2016-01-08,0.3568158812175338,0.92305121047236,1.8280021053242645,1.2422921783313152,0.7220881892885935
2016-01-11,1.0257290479989456,1.0674202448899015,1.4741788860536786,0.5882865518378121,1.2885888437413726
2016-01-12,-0.16562085724071413,-0.6017381715302154,-1.1266853353918884,-0.20585768907440694,-0.3747771351251855
2016-01-13,-0.084713805226713,-0.03834519182540336,-0.23586766828535985,-0.49047602585625144,-0.2788548948742715
2016-01-14,0.6927200056085048,0.764883922005202,1.124083083356602,0.5309931990271117,0.6840367326012009
2016-01-15,-1.0552041927881775,-0.878351521009986,-1.5007616816580984,-0.47691436465986115,-1.313381948738391
2016-01-18,1.9532025464582412,1.9393440078413395,2.900026066167338,1.2923986715448486,1.0502310124509426
2016-01-19,-0.012828011857596189,-0.1971706410307219,-0.43469069928000836,0.395286639118738,0.022791581408609707
2016-01-20,-0.6016886036253836,-0.6032741251248273,-0.8412728733620947,-0.10427787511082587,-0.6626440575805855
2016-01-21,-0.32697032725637537,-0.2684949991830595,0.08744455644694493,-0.5294614634647702,-0.6592527047582478
2016-01-22,-1.1594705534129537,-1.153227440054926,-1.7770234270793537,-0.6522957570000512,-1.0106838898703097
2016-01-25,0.11844424423206962,0.15981313063131483,-0.4437621916853156,0.3976408334817811,0.4207468791885651
2016-01-26,0.9657008490352634,0.9433672702301025,1.2737659459284323,0.9127107838662653,0.7243615270657178
2016-01-27,-0.9633937604294335,-0.9619821830251193,-1.0576842880483566,-0.726491954562876,-0.9188558390837253
2016-01-28,-0.1442857324853794,-0.16053835761669372,-0.2831656843188913,-1.1588658029859946,-0.9136053245557009
2016-01-29,-0.9376100231161255,-0.9731718533510793,-1.3456311409166304,-1.1226387474790505,-0.9618096418050642
2016-02-01,0.17651073511048168,0.20817050726059427,-1.8035371067271537,-0.11789524064637777,0.44273070391078406
2016-02-02,-0.593270279361491,-0.5615637173318524,-0.1936297454660806,-0.3254280807775155,-0.522389890145716
2016-02-03,1.0803529157913205,1.106654679008572,2.0138946718194646,0.16940780696780136,0.8955529642330645
2016-02-04,-1.629096457590872,-1.703033085294649,-0.23421719795186097,-0.7810650076455765,-1.5154247726034904
2016-02-05,-0.5748313530861506,-0.7074042267028734,0.36103184189587756,-0.026369737513944447,-0.352342829515558
2016-02-08,1.4539318281390685,1.6284885815567065,1.5486878175219618,0.39318455989000933,1.2200286485343081
2016-02-09,0.2101938329581673,0.10848730235199149,1.2357316757688555,0.39191242155363437,-0.10946038920343604
2016-02-10,0.14363778658396203,0.16565340454953575,0.571414908457309,0.6383508469066779,0.33940164107697707
2016-02-11,-0.5135907601676111,-0.5101273694908909,1.1638580371198497,0.5197814599793014,-0.4045767206843357
2016-02-12,-0.32214901582031247,-0.30243295758618544,0.40908205448313756,-0.9348707636820052,-1.210144014735314
2016-02-15,0.09266913771666292,0.10518083339120553,-0.9644058788266509,-0.7641150412433347,0.45189785168802776
2016-02-16,0.7706478352668754,-0.4364554281635882,-1.0475125715574538,-1.1225504041023748,-0.37365555332402317
2016-02-17,0.12168723876675483,0.38250174748089466,0.6054663941133186,-0.3285405906094773,-0.22238759899461974
2016-02-18,-0.9744971815365222,-0.769575535478533,-0.9087598346877827,-1.6570354256482882,-0.5903963762175708
2016-02-19,0.4439685211222437,0.3339854522008519,1.2114703397215736,-0.3380940641126852,-0.03089768867584252
2016-02-22,0.10058220203008719,0.13118444085178932,0.8551136164858848,-0.45081852221664365,0.1501373218584696
2016-02-23,-1.2759450277719848,-1.2989837410339313,-1.730945636969839,-0.45904845256548465,-1.3098514255861686
2016-02-24,0.3734181748167084,0.5229401941249019,1.4311598154048757,-0.4815526228005233,0.2887082454594457
2016-02-25,0.003302767036081164,0.04066772374771822,-0.06621927132029508,-0.10980580886245003,0.42452672102911326
2016-02-26,-0.6076328539639797,-0.5881351505186898,-1.5417069313390825,-0.7726669664185077,-1.1292706356057705
2016-02-29,1.3553567025233906,1.4995369190778716,0.986176361712942,0.5943763113385649,1.4116355552022144
2016-03-01,-0.3094911420201575,-0.16854517028648677,0.9683843884195592,0.33266920409063094,0.7929790374499937
2016-03-02,-0.5727523310736875,-0.5764830313963138,-1.883221461328143,0.44579517363529564,0.23529386034745148
2016-03-03,-1.4808697596033935,-1.4595810628923835,-1.1515005596559384,-1.3377463806415923,-0.9151373902596247
2016-03-04,-0.7347325464053859,-0.9949116997692252,-1.096326112873834,-0.005155810555922735,-0.735847050980715
2016-03-07,-0.37395787825992366,-0.7193961946796904,-0.8517505094006462,0.3256610385608876,-0.5008931408146061
2016-03-08,-0.7678749408125429,-0.6523752960650855,-0.3136161482269534,-0.6895125762104464,-0.8672820398562698
2016-03-09,0.4736945848479366,0.3278706446343535,1.042444173539111,-0.7988259535448422,-0.26184671284199734
2016-03-10,-0.5749068601529659,-0.49132255642546663,-0.9814491981781097,-0.5735066005843492,-0.20538112360110222
2016-03-11,0.13647672072141243,0.10142045969638705,0.393548137245303,0.25662176282122307,-0.1535260252082687
2016-03-14,-1.115148180486657,-1.329064784231083,-2.09724398530839,0.1606952220697575,-0.7743082000650721
2016-03-15,0.408864232914909,0.5136210302402071,0.41733185019274655,0.6286121233069096,0.0497584871935073
2016-03-16,0.6058930995555647,0.8168814663623878,1.5080000131781504,0.38944317455100175,0.5232940338790368
2016-03-17,-1.205000501634081,-1.1308279028222608,-0.7858187864064469,0.43082294019486705,-0.2514459946448555
2016-03-18,-0.7237325953395499,-1.371500689185411,-0.17733614692782645,0.722470495461912,-1.0778050594692195
2016-03-21,0.7243837529324545,0.6658248031858733,0.6329072193486721,0.12488806793262666,0.8792281856162498
2016-03-22,0.20764774378838327,0.3726864933308905,-0.25899577162340726,0.6339421591836613,0.28884945394373196
2016-03-23,-0.7292450309621357,-0.6516347607737947,-0.7704603223918841,-0.0612708688970765,-0.984544973499213
2016-03-24,0.8409098581190536,1.137738235361695,0.9999189273736652,0.18850354716704923,0.779162604927211
2016-03-25,0.03625917632856287,0.12331405891290816,-0.2315232232198353,0.09829157612388963,0.2308213968476844
2016-03-28,-0.07718366891225718,0.2571687139579859,-0.3197434766828963,0.38482897125926585,0.29117144662754224
2016-03-29,-0.2923752249717947,-0.6561651159390218,-0.5960532653035581,-0.6522086927319164,-0.6339341663723972
2016-03-30,-1.1711686793179275,-1.1262537940614934,-0.5011075544016622,-0.33834081751743067,-0.3922281612049908
2016-03-31,0.42438244348777926,-0.28007715836807573,0.007432024302248158,0.9836362440323183,-0.32042603360813987
2016-04-01,0.19467647406328265,-0.118565927847044,-0.20137933448576464,0.126282894065225,0.02252774645329296
2016-04-04,-0.44218446058267696,0.014996125697627944,0.6817713238590678,-0.4673267620384596,-0.14015514284347155
2016-04-05,0.866514410037477,0.9014551191383849,1.3556350933204488,0.5833730686434333,1.2167199976223286
2016-04-06,0.8008677362512072,0.7338482401020174,1.5180429174016956,0.09300373234685463,0.4022889125470135
2016-04-07,-0.8985284327795431,-0.8693283778031231,-0.24797126213255039,-0.4722316195118813,-0.9367277389278119
2016-04-08,1.4969423587709767,1.2774984711387627,2.410377381771588,0.9304334332285391,0.778797009473981
2016-04-11,-0.5991726722674151,-0.6297653447536289,-0.4712314932316923,0.21138986156873496,-0.17900962015746266
2016-04-12,-0.37684325655447426,-0.445346285900288,-0.15144489995184576,0.38879320006255513,-0.06315087213562388
2016-04-13,-1.286955233042205,-1.1579657108970813,-1.809390905869402,-1.0271136558201834,-1.2237249854297114
2016-04-14,0.02719252077532619,0.2513548382231766,-0.48004873829415445,-0.19733546330969395,-0.20966955107987056
2016-04-15,-0.4655202370665267,-0.3965425918210602,-0.2906316676467322,-1.2718114565506464,-0.6085802697794562
2016-04-18,0.8054049354042905,0.6886002333315135,1.9187825876623765,1.0154144604308182,0.6088504537942544
2016-04-19,-1.6311242722592176,-1.656691201728683,-2.5995918480133753,-1.282841419334872,-1.2249704190117627
2016-04-20,-0.19106154385557428,-0.4017973646056743,-0.6422395585213578,0.8170437731068112,-0.25573604276125517
2016-04-21,-0.23473001339597807,-0.025664042635846082,-0.5271871077763888,-0.3694898760259896,-0.050102809328730666
2016-04-22,0.5799026250484559,0.7286252806897701,1.1115118896260583,0.1541973250721345,0.2907636293960989
2016-04-25,0.16545331847946662,0.4579332233256798,-1.3359064629359696,-0.6236901223006043,0.2508821302837264
2016-04-26,0.03495176546206798,-0.10266600611920569,0.09516626317875876,-0.06835167832863043,-0.1291241941013192
2016-04-27,-0.4043232609422019,-0.3828175554817711,-0.4170922060010697,-0.298264359854159,-0.04732585348960508
2016-04-28,1.822217616442677,1.8548681881295688,1.582993183093937,1.792144902473012,2.022950477866752
2016-04-29,0.029275008223032695,-0.33693960954619767,2.813919575866839,1.0579808981198255,-0.20149550297803825
2016-05-02,0.20091603218949386,0.16960539582635267,1.7674628656488713,-0.2246133199660722,0.169033369707006
2016-05-03,-0.5958292012191675,-0.5664300168346966,-0.5869405632126168,-0.004683499531635264,-0.49776686129589043
2016-05-04,1.8471626865954758,2.12064707189812,1.8296088691449663,1.0684626355338938,1.747957454327621
2016-05-05,0.5251490164593382,0.5192566815453061,0.3020637593650298,-0.6358057014889724,0.6811387675350007
2016-05-06,-0.26988180711752785,-0.16868659555907128,-0.5149016482186082,-0.29594460668913314,-0.030668634461818493
2016-05-09,1.362840398928567,1.3756900042095406,1.2506112725763456,1.0623696944603167,1.3415065001934539
2016-05-10,0.6478459975683838,0.8193557486423174,-0.03184044258965714,0.65622473386142,0.8315380249485933
2016-05-11,-0.7803236819851128,-0.7516601905096328,-1.6081913953369689,-0.38961538707751286,-0.583971819091545
2016-05-12,0.5422500272698229,0.17862805807013898,0.8781374393167339,0.7486872219273188,0.21129531666415896
2016-05-13,0.21806509770765753,0.5675551085422627,4.050943190889722e-4,0.4217319910796983,0.35331503110355567
2016-05-16,0.3570964341643869,0.5872520515386561,0.9508523933903152,0.030714674657842708,0.4158415557781451
2016-05-17,-0.1538853434870841,-0.16467976906461265,-0.5256097314150366,-0.32656449246074987,-0.08659407642059858
2016-05-18,-0.3289121506485331,-0.3671822997247717,-0.28680549194177707,-0.0762250868550407,-0.3627894848514758
2016-05-19,1.0186208303521533,1.195356833989723,0.1230789073524485,-0.03327014839915591,0.702928363708432
2016-05-20,-0.12204687875921044,-0.04475812717983359,0.17250901879946035,0.04947288018314749,-0.4238239677429931
2016-05-23,0.02649281811750804,0.036667766045118656,-0.09516036643364643,-0.21743768830849838,0.05220436155125248
2016-05-24,-0.07470305500644367,0.07413994589407348,0.6652955657414528,0.601659789884554,0.04248789673464315
2016-05-25,0.4327286503806472,0.4512153318221418,-0.2366619843775925,0.2833640852869881,0.16401155026995573
2016-05-26,0.13527274577343015,0.07605626750167829,0.0773070906669358,0.7081011042632843,0.5971083773983092
2016-05-27,-0.5949732465886912,-0.5592791906052283,-0.16915939857178786,-0.28993591904826854,0.06392629245969467
2016-05-30,0.43034730351693773,0.5637648817182201,-0.40113161024894023,0.0362938599535441,0.46058594788618673
2016-05-31,-0.4112047178635947,-0.13298838888266343,-0.22118372184584162,-1.3729778996030462,-0.24018118991356618
2016-06-01,-0.6027552664624632,-0.5865216034245898,-0.4098269130670223,0.020719672598196737,-0.7654218010369425
2016-06-02,-0.09057119191883933,-0.18372445573235352,0.8945321232519953,-0.48493275003994973,-0.58366788757202
2016-06-03,0.12818969959687637,0.258011020539912,0.8706811200934206,0.6708906461834563,0.38534168569730776
2016-06-06,-1.2779835729221978,-1.580603954941893,0.38923742482176904,0.38079283176256273,-1.069632200816469
2016-06-07,-0.43265483781361613,-0.40609112314045803,-1.0424224706003449,0.20505811227350035,-0.2553349991008343
2016-06-08,-1.0887778470615237,-0.9550827075687207,-0.8523259775504828,-0.727740932808351,-0.9330184449068153
2016-06-09,-0.602113658654011,-0.7204211312111934,-0.22554677626405306,-0.37286685449048573,-0.44555926085658837
2016-06-10,1.0717983767044392,1.0853329404655612,0.8001703006575671,0.3936671777368089,0.6796834298532447
2016-06-13,0.6635903787657227,0.5954304535837242,1.157173380706648,-0.45726603465618904,0.386347122781894
2016-06-14,-0.44289306867914274,-0.09462269778356602,0.17452260663099167,-0.34124717950705874,-0.3647608349557746
2016-06-15,0.12762044198852487,0.3356672418181317,0.4385186115558458,-0.0031594057731030023,0.06045198863070325
2016-06-16,-0.568528837409006,-0.8017196222035428,-0.5736105527586055,-0.20345268983212333,-0.45789940480288327
2016-06-17,0.19645887206229326,0.3645020995256451,1.4073241843533673,-3.4299411999777485e-4,-0.031318804665676166
2016-06-20,-0.5095577542464931,-0.5634141464990224,-0.4293240887718287,-0.4599138741661516,-0.227086879450214
2016-06-21,-0.26894128404099277,-0.43746625053366767,0.3165288201230841,0.2501082387105591,-0.5343834791590311
2016-06-22,-0.10749773818650363,0.11182133684874222,-0.676632592000233,0.8158472189916832,-0.6881169936669422
2016-06-23,-0.6132239033740504,-0.8163159022822276,-0.8298597861232139,-0.4133039578044462,-0.6318980451205691
2016-06-24,-0.31259663224652046,-0.2928713806285608,-0.5125964824843893,0.3126088649722535,-0.09559777256049351
2016-06-27,0.7128381332508328,1.3950574801650215,4.074733821441256,-0.9784999522468909,0.4501476764636576
2016-06-28,0.6037875625092389,1.030570714626501,1.4608802986812586,0.14541529740182496,1.0046907436544732
2016-06-29,-0.576831176627255,-0.6474722264443393,-1.6233836162664186,0.34323616531973333,-0.18377652919369866
2016-06-30,-0.7541590335418045,-0.8878070247338306,-1.0255686472362893,0.4592414959534221,-0.4946308194369643
2016-07-01,0.07948139549883154,0.2741904209251641,0.02533622077811601,0.3287925444833922,0.08765188328679953
2016-07-04,-0.2898425126086513,-0.1877468802286701,0.394911356145855,0.3286719095875671,0.29722836515299234
2016-07-05,-1.0501604285445347,-0.8991935106696086,-0.9055432940927968,-1.13399637950628,-0.9234956065653062
2016-07-06,0.8759697129985768,1.1411836900654668,2.46076013948212,0.5775891534204631,0.7197864840401604
2016-07-07,-1.1154756536745505,-0.9654809499064396,-0.8911945337165693,-0.8744934159616002,-0.8277758474462782
2016-07-08,0.4113825606487963,0.27930349920760317,0.5577444676788721,0.043232007723035926,0.03565012547401264
2016-07-11,-0.912861101741259,-0.8214582492835599,-0.696891471184102,-0.2654493600166731,-0.29366303523795134
2016-07-12,0.12137290059625086,0.22672348139689608,-1.5793972274070218,0.32550835309101533,0.20892522572725541
2016-07-13,-0.7811426054225235,-0.8495381423149688,-3.0683231329786174,-0.3785835354125497,-0.44206454183294835
2016-07-14,0.10154849653053753,0.06847716416190834,0.7203001199371606,0.024965117168033343,-0.15775333494418653
2016-07-15,-0.17485636318929548,-0.20297438630543535,-1.1796658541657221,0.8467543551379986,-0.005214641120677234
2016-07-18,0.2752165343111113,0.292419489233061,-0.01402702145087091,-0.021651959863699777,-0.11228838276626123
2016-07-19,-0.2060122292791598,0.2295451282054764,-0.3989555135407381,0.44472100533760284,0.17030743902129672
2016-07-20,1.0136756711588748,0.8795341167015215,0.8818705931488866,0.5249737868766806,0.8273658032792162
2016-07-21,0.8325887144142967,0.5142483885016489,-0.47338831495208444,0.5332082570597496,0.667684129346409
2016-07-22,-0.4121163495554854,-0.4844552738642049,0.7835576079169979,0.0249081234417676,-0.37144576369198173
2016-07-25,0.070448268284242,0.40917273560499434,-0.02202697152051024,0.7039995829069529,0.3518525660393012
2016-07-26,0.234273591968363,0.012270476263644081,0.670925128955707,-0.49787791099428463,-0.3180941729588167
2016-07-27,-0.3824919653349204,-0.5483684876926391,0.18371824134415324,-0.024480759305609043,-0.4207964131324059
2016-07-28,-1.9877044800983845e-5,-0.019386706159186647,-0.12983046884935096,0.4396319242921673,0.2601628156264414
2016-07-29,0.23574620103702867,0.06950735716425899,0.2550622317597106,0.7498753959884794,0.19816977434409355
2016-08-01,-0.7736230323284721,-0.9984355578335106,1.3475860678963045,0.3034249137689654,-0.4360281044616015
2016-08-02,0.740928356879727,0.7625137165975813,0.7952870703906857,1.3651647159198663,0.5591450311246686
2016-08-03,-0.6828278229128087,-0.909397713850619,0.30274945990942714,-1.140491779447254,-0.7334541381468886
2016-08-04,0.03237515609875767,0.08017065469968648,-0.14694299577095382,-0.27759183750574473,-0.12821666125142542
2016-08-05,-0.7531079110464879,-0.6172398365381896,-0.5314937187023573,-0.430275377223,-0.7756391538096723
2016-08-08,-0.20620415107050602,0.3270687594273754,-0.5718883605825038,0.033840887490740726,0.2563916205201829
2016-08-09,-0.4309813662910859,-0.598309976602683,-0.778575234061155,-0.06894255297406518,-0.5164854582685199
2016-08-10,0.001884481441846126,-0.09716002962368032,0.30300148994250276,0.5071356112180605,-0.12807471817993876
2016-08-11,-0.4086936293776252,-0.6320575510386597,0.14505483873192979,-0.10888757978544006,-0.6297708008405482
2016-08-12,0.42647564480259026,0.21722202797828594,-0.42200557506123243,0.14005147971521253,0.18283012576688973
2016-08-15,0.26862164061325766,0.5467005606315343,1.0147729556128688,-0.05863054794237986,0.3198194847637957
2016-08-16,-0.11167935205874989,-0.270640995312191,-0.1676551240135655,0.22630604662260595,-0.16531503979489431
2016-08-17,-0.17235353843654738,-0.3169991825668691,0.6685064107902277,0.005433792716490526,-0.3397023664308851
2016-08-18,0.33161360331860995,0.4703293674354375,0.809449029425753,-0.4376904145001232,0.35873840819515584
2016-08-19,0.16684278881956263,-0.1740451603951666,-0.39819194141323405,-0.5570623888027905,3.209664670274781e-4
2016-08-22,0.5884584001843227,0.9075704596013272,0.44610846433868184,-0.1356295467190967,0.4556041857661262
2016-08-23,-0.452797754045268,-0.2543526724339521,0.04668109069290112,-0.8220583864863283,-0.3052388925391527
2016-08-24,0.2684460362795089,0.18147440498011763,0.13472048952585977,0.23831650479913385,0.23914646301313092
2016-08-25,-0.18900008945854224,0.07345097997764441,-0.18729135202474384,0.06058968922727774,0.04813216241392289
2016-08-26,-0.2252083291539017,-0.20885114157708234,-0.20554338129901667,0.34277684322343355,0.039880255815244174
2016-08-29,0.759871420093012,1.070039480104854,-0.2853938688550213,0.40684452973564283,0.8841078874415242
2016-08-30,-0.3271506571546158,-0.41786888800949434,-0.3332533563742205,0.08237407311231301,-0.2419224006504159
2016-08-31,0.5820773278740218,0.6767762156649773,-0.3343777794540542,0.6640002556236282,0.5876655835250293
2016-09-01,0.14922056650350124,0.0955699235163152,-0.3616093315381117,0.6552171273796161,0.38891045931611706
2016-09-02,-0.30243395809186724,-0.46050552287308827,-0.3963339793221098,-0.45244861528345465,-0.12020644306919814
2016-09-05,-0.35646122281402415,-0.1531659232269026,-0.8132424271659898,-0.13376003662976918,0.14537735593018936
2016-09-06,-0.32802052670115345,-0.37923632363544496,0.022306959697915445,0.6973647177125004,-0.17472594555573737
2016-09-07,-1.233140056038567,-1.249098470648018,0.7196689956295073,-0.28131610109339167,-0.9686005434738607
2016-09-08,0.34937400453147605,0.21732473587955278,-0.03472884400291823,0.6476080878139936,-0.22814967992210036
2016-09-09,0.2988457525768147,0.27121609280016856,-0.24878901350529223,-0.31302173845095693,0.26495319328936046
2016-09-12,1.1440005129880377,1.3780741937310539,1.2588722076003656,0.7774452064461485,0.9417340753360133
2016-09-13,-0.2099524437854372,-0.2514509051857978,0.4290651673944046,-0.5035293963097212,-0.07062599048732313
2016-09-14,1.2899252383092785,1.262876381254575,0.5297026067514031,-0.42471785139907003,0.8603031916742994
2016-09-15,-0.03371108129358885,-0.11300098019331184,-0.20350700883445205,-0.3416766035086916,0.32330754181308363
2016-09-16,-0.4199938138459753,-0.4581171817099908,0.08965921376573384,-0.17488786656090505,-0.5216341066881265
2016-09-19,0.13104372428959252,0.17205754575429066,-0.12826334443954923,-0.17382351895964515,-0.2577770232068715
2016-09-20,-0.3861452379307978,-0.48540835484382105,-0.03213073349819694,0.11020124863544174,-0.33640090418332025
2016-09-21,-0.3501051533283466,-0.2753031142139649,0.027210488087420007,-0.06379795447536377,-0.3501030132069335
2016-09-22,-1.0535719391020695,-0.9840089723944386,0.16406945896229308,0.06075940747725174,-0.7075647041538651
2016-09-23,-0.1340589522595375,-0.24299535572223863,-0.6522629659970383,0.023451758586133322,-0.11789215554822419
2016-09-26,0.5542765108910493,0.44460918568231655,0.34935038983127,0.4606579181744641,0.32202523658721727
2016-09-27,-0.3493994452772323,-0.22767868560061968,0.3322504381457661,-0.6280557067075682,-0.04561452857601265
2016-09-28,-0.540946507265783,-0.4800243786770737,-0.5864598424221323,0.42523339282025474,-0.23829021686340238
2016-09-29,-0.4217472600172494,-0.32059137135429083,-0.8074114932086577,0.23083404847568878,-0.1867078398806214
2016-09-30,0.9426597932287376,0.8541600404881164,0.5925055684922569,-4.057717375926667e-4,0.10787790127254988
2016-10-03,0.3270818068790103,-0.1820860245776114,-0.5194015382199868,-0.34672665928843127,0.21922430549170335
2016-10-04,-1.0836932191211197,-0.5739710998679659,-0.8460533944256967,-0.6219807632449388,-0.27052598329965283
2016-10-05,0.94264275824068,0.9884475776695041,-0.05620986003868793,-0.3441295091833253,0.6416508186087821
2016-10-06,-0.10904841123108294,-0.14427286469991316,-0.7051927096823835,-0.05599300374535067,-0.036601501138835216
2016-10-07,0.5569697852741327,0.5798990906312804,0.27939833509951456,0.3945021315685083,0.39156699396627925
2016-10-10,-0.2968372000971595,-0.25896960784537476,0.47065555826516464,-0.30417978440996873,-0.07908160714996969
2016-10-11,-0.4949599073383488,-0.0278733043839757,-0.6565003363930835,0.7803684706275902,0.13666727547827529
2016-10-12,0.23321888810468888,0.5123893272125688,0.7990159074522964,-0.8303387165407715,0.047662506440871485
2016-10-13,0.1592702716455461,0.05896121059108842,-0.8118817894090185,-0.13208005937672596,0.034698316840306095
2016-10-14,-0.22771780286612756,-0.073022904085389,0.42122807123608313,-0.5598212024263498,-0.01963471502336956
2016-10-17,-0.47661516130108683,-0.4357615240112938,-0.6856414593472702,-1.1807661722745135,-0.3180308156849641
2016-10-18,-0.6114285315077833,-0.5871709140018226,-0.4447284508145248,-1.0393144944678174,-0.7458906623608494
2016-10-19,-0.6418211215698347,-0.4528178521881499,-0.44240682906886536,0.3512785817205859,-0.4856919299976138
2016-10-20,-0.5824368373393704,-0.6748783416637955,-0.21714507364029886,-0.2463945645999282,-0.5768644719414651
2016-10-21,1.0800157456135577,1.2001494304604858,0.5287268917664988,0.1623821378212007,0.82466735818355
2016-10-24,0.14553858488211577,0.44323059253232466,0.6117090862637959,-0.01566499504916559,0.4422044814429494
2016-10-25,-0.05992080370886715,0.08864486443439165,-0.28133584561932096,0.2698289501739866,0.26902475588963115
2016-10-26,-0.8121932673936046,-0.7242396221089649,-0.6076083345516032,-0.2618958298816929,-0.625485524799536
2016-10-27,0.11694894807175837,-0.021399824097231922,-0.3912050445224446,-0.7268908296954975,-0.22031078543008148
2016-10-28,0.5919979692612533,0.8054779792252135,0.17544081447125692,-0.261405543951597,0.7082267451471204
2016-10-31,-0.05009919760994485,-0.10128401423365138,0.5246619918225806,-0.16069769474208398,0.19022160828728582
2016-11-01,-0.011352842835720177,-0.12783116932507135,-0.355727651241973,0.06877325316571294,0.06399518475453317
2016-11-02,-0.3724944336974866,-0.49438891064153906,0.1712173847319536,-0.695604219691593,-0.5069985337151024
2016-11-03,0.15298342486631533,-0.12036087953164518,0.603576104403735,-0.23488136963483539,-0.3367318864978234
2016-11-04,-0.6842747507883342,-0.4151594453980527,-0.09507264594940143,-0.36350430019236835,-0.3227742435353294
2016-11-07,0.20142147346792114,0.07699403868987122,-1.0345195756267973,0.18828978103796146,-0.1034199692659105
2016-11-08,-0.7819467934571175,-0.5259806339770756,-0.7999475573734823,-0.4929849540759955,-0.47290507412833227
2016-11-09,-0.5471180717057019,-0.35507288384528224,-0.8881279886219343,0.7040740855279393,0.354694559688804
2016-11-10,1.3302342409828867,1.2622691425090675,0.4667366266313822,-1.0897005126648847,0.9033075346442835
2016-11-11,0.29747058880024657,0.5599238040759175,-0.3640106644068216,-0.4541746735115329,-0.3915445456689429
2016-11-14,0.7136596178222698,0.7757086816338912,0.7314268712304401,0.6290511793408752,0.20489149058686712
2016-11-15,-0.8435221470016712,-0.2643893086008182,-1.4819304845643093,-0.3030019977958146,-0.5799431306799444
2016-11-16,-0.021397040167057575,0.2111672534393991,-0.6168192250051544,0.05834758057497247,0.17635675037815482
2016-11-17,1.8139655696081571,0.8046926714579503,1.0550354954422565,0.7108673305733402,0.4818158294067748
2016-11-18,0.13594955747229526,1.2994866342008187,-5.274861962244748e-4,0.6519876195632331,1.3746444683324015
2016-11-21,0.7439554631923866,1.045303311502412,0.3268865331115644,0.9778034043332358,0.9349732419153154
2016-11-22,-0.6303862728610764,-0.7231408855155069,-0.41727084267893333,-0.22842946746644904,-0.6793637161451063
2016-11-23,-0.5185253054798751,-0.47229071461271915,-0.8005842892415975,0.4568485197623441,-0.8252239212019707
2016-11-24,0.16090083247912407,0.4842451317925562,-0.9382153672788771,-0.468935335311131,-0.2320379993625555
2016-11-25,-0.6603948786053973,-0.5601342468548991,-1.2039892641766086,-0.6626422766672688,-0.5115798003783727
2016-11-28,-0.48468451078817787,-0.40715727703516125,0.16918876608035602,0.03876272014832427,-0.11875632489768889
2016-11-29,-0.44825880976391963,-0.6523837671686843,0.24540177098408975,-0.29105879379294886,-0.7324086196310268
2016-11-30,0.24913644740065255,0.11494672194252836,-0.5662558832881176,0.08456736001414061,-0.05627788660638141
2016-12-01,1.409409306056423,1.3038331971286437,-0.6971727946976713,0.4622398256325413,1.3248570389020184
2016-12-02,-0.14363476727982488,-0.4170498435192719,0.24812385389956318,0.6087163078869835,0.31378516470921397
2016-12-05,-0.4836027373405891,-0.3295672537467533,0.08076568057768961,-0.3558358775775627,0.012993763091829095
2016-12-06,-0.22718044611005256,-0.40036060462971057,-0.7355087712209329,-0.20661545123665442,-0.41230682560635024
2016-12-07,0.013706883099451055,0.012719010381838824,-0.1614096736643388,-0.33469337816962164,0.39296837353416525
2016-12-08,-0.1580083066964141,-0.17415149003988536,0.13245872448425824,0.8651635903958584,0.3151509349777664
2016-12-09,0.3544493648346481,0.34277502573057395,0.043982804597517966,0.10791116653865852,0.4326009151208441
2016-12-12,-0.3553612472608613,0.16980973669631808,-1.017205263454268,-0.44355380785820636,0.13269347608128967
2016-12-13,-0.5486270567166717,-0.6668500361769646,-0.3372271257370577,-0.34602515672325607,-0.5834632224714179
2016-12-14,0.08671300494240289,0.027611976333026582,-0.12891645204928281,0.1359484003181749,-0.009584167333610297
2016-12-15,0.9706360511116743,1.1332032319765948,-0.583489121896093,-0.26012846875805273,0.49736605911979975
2016-12-16,0.19678618190561525,0.5988498229042273,-0.3142689856864077,0.05592771874168745,0.6158872100154671
2016-12-19,0.6888827898367849,1.0466661633642715,1.4396119407796557,0.9297678206477772,1.1479875005057096
2016-12-20,0.6685415495132958,0.5797247531955143,1.2516786443736763,0.7418388347243683,0.7126161402580911
2016-12-21,-0.18316952785828297,-0.25943419005151686,-0.9797145243702998,-0.4534000487644196,-0.2518338640544365
2016-12-22,0.5620042618135822,0.46882477811856793,0.6319692119618084,0.23888188508199637,0.5234801745147973
2016-12-23,0.24420202377285052,0.2014981557604635,0.30498918194019964,-0.6656981140235112,0.260515812509925
2016-12-26,0.5204500425617581,0.585586884647605,0.7665035233499822,0.8496668855711451,0.6277926433173592
2016-12-27,0.01451429423315913,-0.003418313386931972,0.10052550770095567,0.14372106403777127,0.16001414998153796
2016-12-28,-0.12537657421341392,-0.15700803134153418,-0.41380914254140977,-0.6041918336096016,-0.42223013862663766
2016-12-29,-0.1467969097693181,0.09202682940971625,0.4088113165291645,-0.5005366217448773,-0.33005837802483645
2016-12-30,-0.5142019322759334,-0.6940526436503637,0.03943822563057068,-0.2438092518279869,-0.3338530991869669
2017-01-02,0.3386036210300153,0.3307776146629389,-0.12304455294820832,0.1383195647958798,0.2831427119997581
2017-01-03,0.21349728421681816,0.19989006763891945,-0.4195694770850177,0.4153671068510013,-0.04589884915822119
2017-01-04,-0.6813418251556285,-0.4682180174871544,-0.6086087882175459,-0.5973049502747803,-0.6734575887303602
2017-01-05,-0.33749027435284096,-0.7915834933140463,-0.3275286296809838,6.0907019398287465e-5,-0.32611891009342026
2017-01-06,-0.16681681595823852,-0.7182495252586362,0.897221650256795,0.5099278212832007,-0.5121999222014663
2017-01-09,-0.07155735678645217,0.35287537649327444,-1.2239915236116978,-1.2277450620934065,-0.31924404801813355
2017-01-10,-0.9301793131025327,-0.6396972591642728,0.2698826099242131,-1.1738835136407242,-0.6244443577125018
2017-01-11,0.14262133985256306,-0.0476303957401074,0.1368430560305487,-0.1137162617388848,-0.4385460864714719
2017-01-12,-1.335237869985824,-1.1376334232367848,-0.5005241608097284,-0.08439823222659497,-0.9487643684901165
2017-01-13,-0.04825464487268691,-0.5936239071935606,-0.1925240806738045,0.33529594838993537,-0.6782751796788989
2017-01-16,-0.15046340141406905,-0.11229482962318418,0.26632764475857273,0.061075440659538766,-0.25366280610810105
2017-01-17,0.43395674500632464,0.3155778416828551,0.40782279763311086,-0.32177382145284494,0.39548738956392093
2017-01-18,-0.322441258425653,-1.0127203516068408,0.09522263170960323,0.7630746833468758,-0.6770970425592875
2017-01-19,0.6146304478104074,0.5129362381025574,-1.1140585444174111,-0.6277534133008216,-0.004800605113950612
2017-01-20,-1.0523674956025904,-0.7206925354147165,-0.9903020906922239,-0.7170534713455725,-0.5855265342416582
2017-01-23,-0.38340684988591583,-0.13837503872299745,0.9397263031622038,-0.25116541580637536,-0.16677583067765805
2017-01-24,0.3417077146733804,-0.09006847169073146,0.8489800691794368,0.7966812223718169,-0.09463225766888134
2017-01-25,-0.16911112274363543,-0.15393897805777668,-1.0755453805585282,-0.5285870958049725,-0.30819364499283286
2017-01-26,-0.1363256151093442,0.2570032915598528,0.6638059975372129,0.7407191332997247,0.47744566073460454
2017-01-27,0.46220940505189456,0.5322630416359363,-0.41739898788825797,-0.0795090958031654,0.3603814494190482
2017-01-30,-0.2991120478135661,-0.25008636141237783,-0.499728850339543,-0.8001138538197992,-0.16522513413915116
2017-01-31,-0.1553418691521079,-0.1745043458667701,0.7405969347682009,0.23521379321977526,0.235759556371943
2017-02-01,-0.1697851665152,-0.18810435682085247,0.6435891901163691,1.723324834316318,0.3175634162831581
2017-02-02,-0.08433646428572628,-0.05657368761048697,-0.5559863495742668,0.06300105228400943,0.15537376729413974
2017-02-03,-0.9173350576661966,-0.9228821342640614,-0.5049622140991127,-0.09520369291920754,-0.7191015944469226
2017-02-06,-0.22336532360821768,-0.30683598001070633,-0.13936570987135496,0.22569966767944152,-0.23411067567882024
2017-02-07,0.5295169904861753,0.4063936802753351,1.126651409622203,0.9733558944260365,0.3186079168631658
2017-02-08,0.04215035292821769,0.30628977831175613,-0.15287797254438773,-0.36535420651165984,0.1427127054272273
2017-02-09,0.042188593346508894,-0.1135481864803648,0.21969752781665663,-0.3804092836320432,0.45383401919011696
2017-02-10,0.13465214669025943,0.068385589662780355,-1.2175808733695566,-0.48888633681009575,0.4732290742857944
2017-02-13,-0.9570305865276851,-0.570724640928997,-1.053264156246118,-0.23638039250338097,-0.6617737934487955
2017-02-14,0.5236862724885426,0.34250239404875366,0.5575365228076932,-0.1231449715253941,0.14047304549592549
2017-02-15,-0.1060580652047455,-0.32857720655684397,-0.8251316798544672,0.5853677058045579,-0.10250419698972485
2017-02-16,-0.7225769681432223,-0.7027673858833157,-0.5665703242323207,-0.13360632909503428,-0.8345652943409061
2017-02-17,0.48731943591458626,0.302026499261469,1.0277003359441226,-0.41364642290270365,-0.2732769471024324
2017-02-20,0.399899910408408,0.40047375459416584,0.7907276262102182,-0.45581852144659124,0.5188739553794501
2017-02-21,-0.5836388300670755,-0.26547514932847116,-0.6100391208982011,0.13999487219675943,-0.03527386766666672
2017-02-22,0.04671943712695028,0.15123296580114026,-0.22398034412963097,0.37068662653954604,0.14212741407976454
2017-02-23,-0.12057032488783169,-0.25790972164225984,-0.028380149062575716,0.11583750396093093,-0.16771039914982783
2017-02-24,-0.09785949493496389,-0.2225696121996938,0.444329921487674,0.3509777510553658,0.10804610673446664
2017-02-27,0.03930418435234473,0.5588460300211155,1.0091355812067417,0.8146407803284003,0.647367944098193
2017-02-28,0.37295142292495337,-0.06648410395556181,-0.5542455486780575,-0.15093420285481224,-0.06534343128641712
2017-03-01,0.5222322170759279,0.4358801691250086,0.09761929576331735,0.1472920789411071,0.4012753073317922
2017-03-02,-0.4055112609730571,-0.1821657683431861,-1.0883617183179002,-0.36223294331856587,-0.3612249046799179
2017-03-03,1.0000414715021713,1.1020993746429193,0.8796574103803606,0.14671150669482866,1.0710532267566228
2017-03-06,-0.34389582195257973,-0.25574077185037386,0.21075079944457792,-0.5070215245350571,-0.008203092631695552
2017-03-07,0.01566527034837748,0.03736395081526367,-0.022383115921642202,-0.20388352183171615,0.20556706544943593
2017-03-08,-0.14661425298169245,-0.049111327719988565,-0.08417756467458513,0.21242111395347307,0.033975351478189086
2017-03-09,0.7236034306706478,0.8518885634179449,0.44517556638281836,0.6264292810247878,0.6490220051329045
2017-03-10,0.36173631378274107,0.3220179292651965,-0.33890430141589745,-0.11360456384698411,0.5148208240602797
2017-03-13,0.30090818039467176,-0.5000711405395152,-0.14757687161424587,0.6949753806123209,-0.12296969406165775
2017-03-14,-1.1116249514151426,-0.3012379282876709,-0.45071122450639645,-0.23379994067005677,0.14289327676844354
2017-03-15,-0.0884169734646592,0.006166494065725571,0.22430010501104516,-0.07680879206848809,0.6403308360162185
2017-03-16,-1.8016160756405672,-1.8332057055269815,-0.7127797330466871,-0.07240271789928351,-1.5072892305873542
2017-03-17,0.598075725097874,0.4188497702635155,0.4878159109183544,0.5658509278003883,0.5456021802358089
2017-03-20,-0.47217465258990676,-0.40662479307760646,0.1813402998126772,-0.3703708327860885,-0.4247400963516299
2017-03-21,-0.40671955793954273,-0.37615401460494147,-0.25978936313095013,0.7821544782883361,-0.21568045797323904
2017-03-22,1.0224662600662646,0.7530654262573843,1.648423887225457,0.11028585402350485,0.4657024316234873
2017-03-23,0.1671302701112236,0.06343887371978282,0.27362144857882786,0.7199605345358702,0.33674055907422995
2017-03-24,0.402878164987267,0.4607210017510849,0.7350543502716054,0.15487955627713304,0.3802806897479467
2017-03-27,0.5072564264501466,0.026674887065501744,0.4502972055329991,0.640644997096745,0.14719738072994137
2017-03-28,-0.19542130501364685,0.04576679426158479,-0.1575471716213071,0.5968006158851396,0.6019365178570486
2017-03-29,-0.42406107704472956,-0.30044326118946185,-0.7336681139530601,-0.4338944282688961,-0.31440743879311017
2017-03-30,-0.3949630166501346,-0.24833927281880666,-0.18855335214933583,0.08958811114090082,0.20793925788622464
2017-03-31,0.16611854284183666,0.20206219488200589,-0.33942513886994224,-0.33915552532729665,0.2267338130808241
2017-04-03,0.4804638529740428,0.33389352793512095,0.7797889539671596,0.3940562399773307,0.3495796574527685
2017-04-04,0.29843099603440837,0.33141985452931,0.8653362323122588,0.2607868790254692,0.25122411026674785
2017-04-05,0.46547010360843694,0.4817500510910825,0.3451917775185084,-0.07390074766095894,0.24409805856864236
2017-04-06,-0.08958229055709369,0.023626481460223756,0.42762549412474155,-0.3491487525347002,0.06327410590246335
2017-04-07,0.2730683778837868,0.34211869911608683,-0.11178389835982754,0.09554464551256227,1.0627279327279213
2017-04-10,0.3611051735495466,0.46821549258913575,0.14149877107985312,-0.09591228996159602,1.1188831157981534
2017-04-11,0.05469198447170769,0.005948477234756557,0.4732679804527876,-0.5606383879213059,-0.3350483020663932
2017-04-12,0.21919433731148893,0.042833744000516136,1.079600710219296,-0.3435305631976208,-0.1174069003387061
2017-04-13,-0.4601835722419057,-0.4694712043934657,0.1760557762338867,0.43088251557343776,-0.27669509615194565
2017-04-14,-0.32876490943885295,-0.36970743048388294,-0.5702314920174455,-0.40585221824056833,-0.321555442158699
2017-04-17,-0.27115313760847604,-0.19647794344130523,0.4996180913763563,-0.37111689153916977,-0.24665714795606253
2017-04-18,0.17269282536959857,-0.149356396953819,-0.8320201550708545,0.08821599177014307,-0.10566501991356397
2017-04-19,0.25712441327139324,0.4318910413572931,0.9111556335695571,-0.3796721932156504,0.16945414404173467
2017-04-20,0.7881035366877999,0.8462544843178172,0.6270473592389585,0.6331140216067204,0.745411658572968
2017-04-21,-0.1970077604512138,-0.29078551049064677,-0.8194634340085438,0.3192065661353708,-0.21154947984789735
2017-04-24,0.7898735468846495,-0.5030618316575043,-1.0790860850907067,-0.0923131646394807,-0.5064268164989363
2017-04-25,-1.3179223800987185,-0.05311162454156437,0.25003977372025027,-0.12456821689981097,0.2627877436820921
2017-04-26,0.20552481733227002,0.3007566519030826,-0.9289922254526126,1.1165703053091343,0.4168582933319074
2017-04-27,0.6524806043103867,0.7622066416078332,0.576314023825029,0.4265469609166814,1.325446527499937
2017-04-28,0.14312088301268033,0.18853142029942377,0.2016475242010623,0.4765763794547432,0.31321508420684474
2017-05-01,-0.44544805684965383,-0.22148792451262192,-0.30709711069729145,-0.5810878997003938,-0.5080113372798537
2017-05-02,-0.4314462817973793,-0.6771252734320488,-1.1442858299375978,-0.7857174976385679,-0.6360727544082073
2017-05-03,-0.1439149116584538,-0.13595142852855369,-0.2886455705581112,0.3530243334734968,-0.03633504301828147
2017-05-04,1.483080091145531,1.5348705218169423,0.8333679020059948,1.2052268393657712,1.3168474487564858
2017-05-05,0.3426027107614651,0.25516642075973384,0.4726254199020066,0.26791429727424254,0.49142544868564775
2017-05-08,0.09035387997726355,-0.06405838855102923,-0.1923396779690373,0.157203528702722,-0.21657876755478606
2017-05-09,0.07427044884975217,0.37597458869422196,-0.1367377024082489,0.5913258504253323,0.16239483888711465
2017-05-10,0.5944961948874382,0.6310790243601869,0.22166309252932243,0.37111640597623935,0.3082291657176025
2017-05-11,-0.15733758918296703,-0.2388854182591077,-0.7953287188490593,0.4937528877150921,-0.07075410657849096
2017-05-12,-0.279964916425479,-0.2598975699262023,0.17588402606923664,0.5360468554691125,0.03354290271809436
2017-05-15,-0.17919937577100722,-0.18265936371139288,0.3228001515135448,-0.0057599223003897415,0.12246081044738762
2017-05-16,-0.2599388785876263,-0.38199161693780864,-0.7018698350645585,0.12857213414108495,-0.15683583942391
2017-05-17,0.058084891027135724,-0.011341943281566772,0.8388930698616793,0.28608409755988823,0.18044563716243472
2017-05-18,-0.01670679609796448,-0.1316362189746694,1.2812228076901926,-0.589042446983482,-0.6159561860055356
2017-05-19,0.0028532502183794277,0.11407010349696046,-0.12117611957374089,-0.7286334578797096,-0.9767052389401033
2017-05-22,0.11129838157364802,-0.39530409947960693,-0.3411150007068736,0.4431769828891685,0.11402372367380278
2017-05-23,-0.6904886575191466,-0.2681245923247239,0.10018278610395757,0.05285406647179528,-0.29411987171623466
2017-05-24,-0.15450192487327263,-0.003636872839384641,-0.9506613009158397,-0.9338211367231191,-0.6552748322540236
2017-05-25,-0.3195472044032818,-0.34867007131548106,0.0038375374412262103,-0.03628789255122411,-0.2478666572785862
2017-05-26,0.8622515807016383,0.5481942476901382,0.40689507165162636,0.49990902283907523,0.8627470565979783
2017-05-29,0.3776420790026879,0.17488832986348204,0.588326354989952,0.29834774685072685,0.34626863357434123
2017-05-30,0.08717119481253008,0.06534138451817989,0.15483250891571484,-0.2513072458010909,0.11410475012786614
2017-05-31,-0.2744285109373803,-0.2673780214502133,0.011940617618455114,-0.361715694460957,-0.43312562047906805
2017-06-01,1.0714388447661483,0.42648654406281417,0.47614961187755167,0.7764014297037996,0.5523330101198737
2017-06-02,0.7525790558264459,0.6564965223258805,0.07583672942553113,0.6664337354177844,0.9332352979122414
2017-06-05,-0.7058913094811893,-0.6622475392245857,0.19865121845268166,-0.1948291579414439,-0.5831956104859761
2017-06-06,-0.7053336973836196,-0.8031887984500179,-0.7037358979458792,-0.784707465266087,-0.8033570313518777
2017-06-07,-0.22237846921148527,-0.30693215571551663,0.46145819136864985,-0.46467961055274914,-0.5277192440409594
2017-06-08,-0.45067426796206433,-0.43152435062665856,-0.741913108811557,-1.1041438765038,-0.4916128277205767
2017-06-09,0.13391803745304842,0.17347194310015107,0.1718153119760189,-0.01452109532036161,0.3863154581222245
2017-06-12,0.20905560609890794,-0.01330986104925699,-0.37575301558612956,-0.31164439820668044,-0.15952734052894202
2017-06-13,-0.4121514445477553,-0.2418895169747979,0.07398357846954734,-0.8823558130195359,-0.41311959951495336
2017-06-14,0.07782233657346949,0.12816107203115684,0.025719521826118495,0.16225221122908734,0.2420549703093309
2017-06-15,-0.541942510604721,-0.6699092275969534,-0.12351052175192001,0.13692304817996526,-0.32727340398681787
2017-06-16,-0.2494833051569263,0.02649134722359147,-1.324931353469838,-0.9832302953085132,-0.626070967390758
2017-06-19,-0.39795788224135703,-0.45688615947190336,-0.5140192789896281,-0.863529780177615,-0.30494661319093974
2017-06-20,0.128650321084446,0.36522591924445524,-0.22777550002312963,-0.1818619768548403,0.2094740247544614
2017-06-21,0.12970363441225993,0.23363523388605711,0.5147835017607981,-0.35966567059218013,0.18046236549190278
2017-06-22,0.31069116299762145,0.3211019538483224,0.3797884418158316,0.026131018146486745,0.3387633978093871
2017-06-23,0.0490867215886048,0.14157008452902708,0.134923224187497,0.437668989146473,0.09790501391466452
2017-06-26,-0.34621350484958563,-0.35566377316273,-0.3065283554735152,0.27714117724316256,-0.19509796423606382
2017-06-27,-0.3263882750509563,-0.22281850874733197,-0.7891607347096533,-0.13341067782567773,-0.1334361898835976
2017-06-28,0.35622595925458816,-0.03416761832679996,-0.33989540733437096,-0.6280912078770008,-0.20688632021642836
2017-06-29,-0.42954030040648056,-0.6450261006852985,-0.77930298324514935,-0.6051776184630213,-0.6570764156858421
2017-06-30,-0.4708809376613767,-0.6609491995809218,-0.3549035684791043,-1.5621583725996946,-1.1649905037640935
2017-07-03,0.05302394220904251,-0.043698958086995796,-0.24986247099302708,-0.378157183523702,0.06745189114660904
2017-07-04,-0.01535304170253107,0.2895218084478839,-0.7089363393106105,-0.2901810644271108,-0.039401787640329596
2017-07-05,0.7218563449476173,0.7141577466150609,1.0666494685965897,0.6456184498702882,0.8099338779457057
2017-07-06,0.16364649508070536,0.16020343072691812,0.009135272813520966,-0.10266712595264094,0.2417617532268223
2017-07-07,0.28272574375877824,0.2728061093584251,0.26806850065916227,0.05204934952427781,0.41686091968049654
2017-07-10,-0.3641394541420295,-0.32307747844651113,-1.0527191334252104,-0.15255238769677146,-0.11396954994555336
2017-07-11,-0.03161719479893879,-0.01605055453844978,-0.048037158468519324,0.0550790605775352,-0.027915983267915598
2017-07-12,-0.4188173057257482,-0.4330815516283421,-0.19619922545806526,-0.008769571892710187,-0.3110175628180874
2017-07-13,-0.349598715445125,-0.5436517760935793,-0.17385141618093003,0.4651703284265651,-0.3245117924486962
2017-07-14,-0.7274752795669374,-0.7953357542113373,-0.8658216281363452,-0.6557391404203996,-0.9335135550630683
2017-07-17,-0.5034678160630855,-1.1080546381162346,-0.20868341278125033,-0.43809354297414344,-0.9821376866218678
2017-07-18,-0.00430610006934075,0.42503484749235465,0.2988043362516757,0.3013640274160253,0.20773146226434056
2017-07-19,-1.2501739105818495,-1.6002933063335905,-1.0864402480716102,-1.2126303791488091,-1.5297668503976802
2017-07-20,-0.697187408348558,-0.5824051883978862,-0.4707809673293466,-0.8858659956975898,-0.7108893335861317
2017-07-21,0.03121140286238662,0.1802671112812961,0.1744146370892208,0.21526254243617837,-0.013593401833718093
2017-07-24,0.8869634274965672,0.27028835128321205,1.1431023895141845,0.7440510345770968,0.08209461337732456
2017-07-25,-0.42424506784371824,-0.013318214374746451,-0.2572410912011156,0.22727331981374488,0.13039482968355018
2017-07-26,-0.11113266384799181,-0.07601562974931511,-0.8040568463877702,-0.40034376184343307,-0.1718474549135561
2017-07-27,-0.9038700531522803,-0.8387580286114684,-0.0719175036951412,-0.26396079313572773,-0.717240194911865
2017-07-28,0.4835876981230281,0.3060875129580793,0.3839435611115289,-0.032536711828684554,0.4723618777882964
2017-07-31,-0.0820119290631485,-0.12812841385003432,0.38603334160331515,-0.9596357361933922,0.03267720699044906
2017-08-01,0.0205624003119754,-0.18246664557021536,-0.0235820776266377,0.010532059786767134,-0.27201799985847624
2017-08-02,0.7136807884457516,0.5464095184749529,0.4556775443626302,0.40312410616798644,0.7015285154490765
2017-08-03,-0.061744511047402716,0.01605860702742907,-0.2641869744222641,-0.04627559682627008,0.7786637681485797
2017-08-04,0.008273200071021846,-0.06207312461050026,0.6912260476556794,-0.6008532446651372,-0.043126848671039164
2017-08-07,-0.3755205899865837,0.3662646037573844,-0.40061300210529216,0.3043575889285138,0.39232009818587055
2017-08-08,0.8088814842222023,0.1868366743438327,0.16865540831675205,0.39804195685472177,-0.014992195361479124
2017-08-09,0.47080587916141137,0.23169566095638833,0.8463566863578684,0.25951040663863745,0.42004850997186555
2017-08-10,0.661066095697875,0.09138751574602358,0.1510067419252277,-0.9452465300217934,-0.13693487333748605
2017-08-11,0.7383930394141304,0.3147642157450168,1.1540169677320948,-0.33232560728350796,-0.10680255499937955
2017-08-14,-0.6886985855625328,-0.46562914961159596,-0.5498851799647726,-0.404590620767894,-0.3973734426870763
2017-08-15,0.47464553006500293,0.6217835309842068,-0.062077853998457486,0.7496464024627493,0.43422110290987004
2017-08-16,0.16762636322980629,0.3819299811063815,-0.2227857837914978,0.7838373687667016,0.2927625921533371
2017-08-17,-1.4285702288120639,-1.3589968847549536,-0.8172119138515548,-1.0323894368657536,-1.1537791739969492
2017-08-18,0.8005586698078825,0.6939275711927828,1.3125759925385243,-0.09590103059184357,0.48759443627068944
2017-08-21,-0.434817549998311,-0.6256305588387971,-0.5806270723486268,-0.45558298277905196,-0.37863794145896307
2017-08-22,-0.13776469205029138,-0.1708852435037699,0.141200340892581,-0.1885088442491813,-0.3331157651195688
2017-08-23,0.37503226622711666,0.3351265381327464,-0.373677870308366,0.7255326463726253,0.42460301580786325
2017-08-24,0.1110508456266702,0.021032908667290746,0.7578809528991057,0.8489258546350023,0.18702164907789492
2017-08-25,0.08633284405774465,0.14265000665919983,-0.37613594312257365,0.09813709949019428,0.10545423748823014
2017-08-28,0.6756722713794334,-0.5133296193696524,-0.4017506868736923,0.17647689374401343,-0.43534839552493404
2017-08-29,-0.1272958320247481,0.19129397594198566,0.7672644708396302,0.5540751910370003,0.45415027985258805
2017-08-30,-0.2500610544579015,-0.39219875974311064,-1.3317439642607052,-0.8048832160543806,-0.6312737897454875
2017-08-31,0.6091720238483088,0.6075506550083726,-0.057593771465547866,0.4674913079248393,0.530521270071639
2017-09-01,-0.27574160604153064,-0.38299959306070364,-0.0584286958266552,-0.2913669855921559,-0.20998038850022555
2017-09-04,0.3095475610414146,-0.3455763138660329,-0.02189677233235786,0.0397502601532599,-0.5260198928999394
2017-09-05,0.5251662963719295,0.2571542084554604,0.2335018691237779,-1.0239282776208856,0.15132496837652576
2017-09-06,-0.8617487018382597,-0.7764819325664339,0.3410307553960692,-0.8685907324639793,-0.8521826535023662
2017-09-07,0.12837264671792145,-0.0655695161912021,-0.5344907354366825,-0.40947820823059766,-0.05688224337797755
2017-09-08,0.008378436812741308,-0.5759646361086943,0.1790127850775315,-0.23490281445499203,-0.47131252974522875
2017-09-11,-0.6338934709085496,0.05852491757982173,0.14458965210768507,-0.6343534585462525,0.03398479672540239
2017-09-12,0.3115157812165749,0.3631155925408236,-0.7300972306949051,0.4996003891640737,0.28642721442026325
2017-09-13,0.01311271392819979,0.042025684578987046,-0.7390130115554632,0.3450996839564352,0.07628949520140516
2017-09-14,0.3885848683038419,0.5101318825361278,0.2469243906441832,0.35709464086834386,0.31267403640750113
2017-09-15,-0.445388390536853,-0.2681058408875994,0.29336667659150795,-0.4636868191585663,-0.29181026545083405
2017-09-18,0.08511068056641162,0.04844828697921575,-1.0966789270149817,0.012751512672690098,0.06295683975549074
2017-09-19,-0.0018095085183470541,0.33311811487948234,0.007528033847400861,0.6789012651281627,0.19289311410959495
2017-09-20,-0.591286005990653,-0.4337549324536918,-0.4648238796523147,-0.35404851611873506,-0.5369710342175712
2017-09-21,-0.047203444126911034,-0.14699788659507895,-1.0242251386568728,-0.3730793339159474,-0.20191255904208377
2017-09-22,0.8633340755202142,1.0838200059905285,1.1475590975926628,1.1133924694431565,0.25829901903957936
2017-09-25,-0.5957898292214884,-0.40844368494655836,-0.35176767833672923,-0.2606864272229591,-0.5255803573883986
2017-09-26,0.05063857367823278,0.3262315363958506,0.9020350580549962,0.05095628506184824,-0.3108224762117011
2017-09-27,0.4803911275123165,0.7770205425083989,0.25267831560762566,0.5586536082758009,0.5839349114228869
2017-09-28,0.3586220553072032,0.3408865389239539,-0.11668057709441451,-0.17435613417645734,0.17228149590031244
2017-09-29,-0.30143722078012236,0.06587419939103803,0.39958406388186973,-0.17107957674498395,0.32041926309766244
2017-10-02,0.08712126726457052,0.0034497215629363514,-0.12541802738069516,0.17485159407139672,0.1594310596267599
2017-10-03,0.3407355451694614,0.2389495990663997,0.09806123140674967,0.4736555548126654,-0.17292247970530836
2017-10-04,-0.08773061993548509,-0.1135480011612049,-0.174784393153062,-0.004347106954744329,0.049591510454228604
2017-10-05,-0.3790752785062852,-0.3285074025934201,-0.3124918764963,-0.3132079226554274,0.3385507895236901
2017-10-06,0.884668514109678,0.9041513862344559,0.9490014446921166,0.850278192949878,0.6674777821614247
2017-10-09,0.27102311448169725,0.16977913353667087,0.38448264621222894,0.25833800382437394,-0.07143912577494324
2017-10-10,0.6258872616001583,0.24574351927716515,0.14120971492828943,0.37158525570325135,0.2330648339960062
2017-10-11,0.49834233502807407,-0.3354042830752574,-0.07623982699648865,0.53871550346391,-0.04218823266463234
2017-10-12,-0.4911055986519805,-0.2520515109502759,-0.317645357203829,0.22466079168549477,-0.19329082376481818
2017-10-13,-0.32009397757092184,-0.2883426849462209,-0.13061252425471576,-0.35469682160560134,-0.08067578798199557
2017-10-16,-0.6730886962075469,-0.7504413405746121,-0.41171758535928166,-0.25132039646382937,-0.17010058206100026
2017-10-17,0.4134453559775635,0.5188673861277835,0.23711015509470723,0.3826442557913017,0.46878586632732566
2017-10-18,-0.5573609424840351,-0.0763725742088711,-0.08877254752102778,-0.26509282350191943,-0.3789564435921541
2017-10-19,-0.018488258530762986,0.10091233619137623,-0.6081685554023297,-0.10646808433235813,-0.12658935723201542
2017-10-20,-0.193158795051793,-0.3999845627226467,-0.1341608036674945,-0.1275210701095599,-0.21420787992537135
2017-10-23,0.4830955576824366,0.8477160859603166,-0.32191090528723815,0.35601122309654926,0.5286545052924696
2017-10-24,-0.02580176727459759,-0.03441437990581388,0.5424557159154861,0.37718497547082513,0.12458698558528275
2017-10-25,0.4951388766975626,0.44844485272007295,-0.027282063251527138,0.5588463229716781,0.4125652817712799
2017-10-26,0.8815184296561404,0.9032918343351615,1.1901132801341083,1.29201445880592,1.305354620302214
2017-10-27,0.6184545959540305,0.6270314031936965,0.1758437551882573,0.8547876433640846,1.193628811267277
2017-10-30,-0.3624112136033427,-0.09400058042180699,0.18872809542930086,0.40403079095344197,-0.37448711760148956
2017-10-31,-0.17525780243133693,-0.3978325376138782,0.2798998992028677,-0.049869964565145614,-0.4202659875144934
2017-11-01,0.5893057104014408,0.4915034577925682,-0.08405933078158596,1.0717726786851804,0.704451889047915
2017-11-02,0.3710849252340557,-0.2101966618456484,-0.674787389021814,0.7342326804032163,0.0751046341493929
2017-11-03,-0.6037888581673395,-0.4943073537077688,-0.37929447379283965,-0.416769666991031,-0.4025933738882144
2017-11-06,0.3085655204287622,0.807736834887247,0.6789869821345946,0.4052358759790012,0.44874388584272856
2017-11-07,-0.39400958181420126,-0.47701845422971884,-0.10871645076825312,-0.18465858205063324,-0.2593972600450312
2017-11-08,0.3249965976191977,0.4266071873858041,0.4324278618726567,0.46938062274934667,-0.4835715440727676
2017-11-09,-0.07709504953669433,-0.2774801697549324,-0.4300561817902095,-0.28133204097813064,0.014510160000124575
2017-11-10,-0.12048216350440148,-0.07997629075471485,0.40215926007211517,-0.3717246540155928,-0.12624910794987573
2017-11-13,0.32305947909990324,0.4838240434862222,0.22389744426721359,0.14109321470451222,0.1469649822542594
2017-11-14,0.4547195269234795,0.4176616077498286,0.4973190328360498,0.45536172436308814,0.02046900537585549
2017-11-15,-0.1473182537311756,-0.20156486460550146,-0.03973254921657899,0.13731740119319363,-0.1762109098838054
2017-11-16,-0.02212804227258197,-0.013674121635306818,-0.01926049544315605,0.07023841896580155,-0.02764609470769379
2017-11-17,0.6992603861204879,0.5871585969223843,0.9120907660460807,2.3828202212340095,0.8889689246183552
2017-11-20,-0.02840920718286822,0.44746802475326414,1.350358862801852,1.4424554703498242,1.048921481880178
2017-11-21,0.383511376098405,-0.01706275514039179,-0.4671961639611948,0.0742951574047589,-0.0640208387213703
2017-11-22,-0.29457345119053063,-0.3898291124142211,-0.25840543866780424,0.10206380468026127,-0.011680927720975731
2017-11-23,-0.13411552457917694,-0.3871532943332615,0.5551018695425456,0.40697362633732814,-0.39083624471157835
2017-11-24,0.26220996842507543,-0.16040405885763814,-0.0790621737682985,0.10029531486507773,0.07707149293942002
2017-11-27,-0.07086595067759145,0.17942111933220478,-0.2181462714676762,-0.013862419182496616,0.25505701817356086
2017-11-28,0.14074329970645805,0.06790998121935446,0.5123324056121069,-0.3903108433587521,0.27221236151464173
2017-11-29,-0.1803366688027481,0.02028517920057602,-0.3829528808512985,0.5299328746187316,0.003180928119970894
2017-11-30,0.5137738928926456,0.5146050425107557,0.16296746416349328,0.9115006872779694,0.5931114456020102
2017-12-01,0.02273664432378391,0.053116409581985734,-0.4280815416289531,-0.3231529557479676,0.00478480388677649
2017-12-04,-0.7046335409237517,-0.359379421695686,-0.6499505463911733,-0.02151323773324096,-0.38135254574267424
2017-12-05,0.0062794285327633995,-0.18765422950427282,0.1359099098680208,-0.3527405587845168,0.0028250807341919787
2017-12-06,0.04463178641851048,-0.008742655477893643,0.049565440035622126,-0.10092538452534229,-0.0058048918824316394
2017-12-07,0.5366503916562896,0.4987874908487522,0.6444829050772878,-0.2841838877368711,0.24953150279336062
2017-12-08,0.7070764368214151,0.7391185041371506,-0.03282897270649736,0.7186046006563557,0.7251502066640261
2017-12-11,0.07965055749762218,0.06254799181560182,-0.2990977433012499,0.23246481486552328,0.2682841270636132
2017-12-12,-0.28100999342836075,-0.2906759961306821,-0.28672235219233855,0.19536093198255902,-0.06873970558727825
2017-12-13,-0.4295088302560714,-0.3621279930466057,-0.3634602359051473,-0.6480709670325658,-0.6842051008973001
2017-12-14,-1.0010458507565407,-1.013064180006105,-0.3355155479285754,-0.44085225449976934,-0.7549406715293325
2017-12-15,-0.31949333109378647,-0.43868283026333893,-0.07507196967993279,-0.9341588053611659,-0.4508523357721181
2017-12-18,0.09274054678349193,0.18535340826020563,-0.0950649247320552,-0.16478212459887703,0.44238935995815126
2017-12-19,-0.16604179435999816,-0.1896598911072755,-0.062374277055502865,0.011888688636547295,-0.31226430354184115
2017-12-20,0.2866236474613218,0.15481739288989052,-0.2058208832463881,0.2902230487121874,0.33703880138972586
2017-12-21,0.16190952000062028,-0.2369541962135555,-0.47866874836298673,0.15986994816376138,-0.05325870253065658
2017-12-22,-0.5452549989541687,-0.47331671722564794,-0.542753479335094,-0.3747384834810747,-0.5495850596227628
2017-12-25,-0.02938613565457419,-0.09563987831491125,-0.08138809158409727,0.07843610983654326,-0.17337664257088267
2017-12-26,0.4808943277712216,-0.1390867784499125,-0.12017049559047747,-0.021931237073606696,-0.15731980069590462
2017-12-27,-0.09602097643797847,-0.06597536107198258,0.021528906757431947,0.04051291451783334,-0.11283578527515646
2017-12-28,-0.7695254383557322,-0.572093457328916,-0.5799078067604848,-0.46405880753450357,-0.7226218353411331
2017-12-29,0.05536292784099224,-0.26472559869591383,0.031124601791552086,0.05523074599262831,-0.27894466439376714
2018-01-01,0.32146477574246307,-0.09637724828120105,0.10776738719689324,0.19421313616769514,0.21890995068107608
2018-01-02,0.03205633755803836,0.008571391512850988,-0.07989851043917925,0.1675677087853738,0.010772224645294606
2018-01-03,-0.24575754622350915,-0.41637926117468665,0.04145672473910678,-0.17174281852047787,0.21525793129705764
2018-01-04,-0.08653395891053588,0.05705552148995481,-0.2475884497915708,-0.054341568980144264,0.1696018348383218
2018-01-05,-0.2992727464169968,-0.43995683378531153,-0.6179919989498684,-0.20568466700872423,-0.35177709667659945
2018-01-08,0.10750314036655936,0.016270710899082885,-0.3044463541205927,0.037014252288702754,0.14172148893365533
2018-01-09,0.024638326838832894,0.1792685180735035,0.1871885917331841,-0.5234784315813309,-0.09855720436603084
2018-01-10,-0.011957023904803944,0.47162304336786137,0.8331667482871967,-0.03515881572008303,0.1673287962869341
2018-01-11,-0.1290445376113534,-0.4520770279005455,0.721610636887573,-0.3064830185475739,-0.6330349676162677
2018-01-12,-0.23583933623528439,-0.5122723130626425,-0.3594190222094075,-0.13129982228360115,-0.4558920891028564
2018-01-15,0.22112268025537632,-0.288227040241044,-0.15140889642275102,0.49319800030883276,-0.21625374589275775
2018-01-16,-0.33413310515266204,-0.6909642137040459,-0.2006756819076907,-1.0668602283888216,-0.6003653906321219
2018-01-17,-0.24339018441070284,-0.11503052826593307,0.06488937992721852,-0.503467391138319,-0.937913996818422
2018-01-18,0.13652430123901443,-0.01082655157311246,-0.8966825836782036,-0.5126458643420934,0.11609860039768685
2018-01-19,-0.22166902711223266,-0.4196582337652105,-0.1359139402815711,-0.8257526316031226,-0.44355879103576384
2018-01-22,0.30185157673923707,0.037667885129212514,0.38368614239725646,-0.020047580003753063,0.025031110392794514
2018-01-23,-0.07365306166570253,-0.07091644706097532,-0.3204966105757884,-0.2289687221317827,-0.13685105652272836
2018-01-24,0.05835162623043707,0.0413691233915946,0.8005855947715,-0.46460143316324953,0.22701725990680607
2018-01-25,-0.021845663128547167,-0.5479501817370922,0.19977427642878506,0.09051283952016867,-0.24310996901391813
2018-01-26,0.9748989831390987,0.22726165777477558,-0.1258624624401108,0.2769652911554006,0.20813646817357098
2018-01-29,-0.9121327869580292,-1.0670891966879847,-0.11561421777803367,-0.9140696084902612,-1.0410552042207062
2018-01-30,-0.1512012879304403,0.2175871151173021,-0.005480474277353695,-0.5970055748186058,-0.06898562064442307
2018-01-31,0.1921158867537872,-0.028472908220830012,0.11840674556466685,-0.4641474803213562,-0.20487486079854053
2018-02-01,1.0315236101057024,0.46696273711080166,0.06618439374252037,0.6795952273317936,0.6227272998523202
2018-02-02,0.15787834593222103,0.2881826517311865,0.0680363761797294,0.14634935303675467,-0.12436154163450788
2018-02-05,1.5183976936896544,1.6672396972408312,1.109695420945413,0.02061327341448245,1.4004386890507772
2018-02-06,0.7817678516233314,0.4549044644287249,1.2959815068632325,0.08272203357161137,0.34534078325621687
2018-02-07,-0.12029206195976744,-0.2713101276217973,-0.7275276608070695,1.169646259382422,0.29608987150554356
2018-02-08,1.1821894562179107,0.9869157169155581,1.3026416031361208,0.2870042594583749,0.6745687987526751
2018-02-09,-0.4683399069963661,0.39831866513447606,1.0746281329112877,-0.0920911169877548,0.10870751680424494
2018-02-12,0.14256587811879107,-0.42022651125401356,-0.6871471214849952,0.7328368644105397,-0.061307048148182414
2018-02-13,-1.102749569791341,-0.5066478981136914,-0.44838245140854804,-0.15781708500393327,-0.6193099672225716
2018-02-14,-0.31291877886243336,-0.02919679232050072,0.8471795398690454,-0.24196025314995126,-0.06775425271844317
2018-02-15,-0.9374546211596435,-0.8492483136188721,0.28523852105712816,0.38043943876008446,-0.49747944300919333
2018-02-16,-0.26697774311309747,-0.21882236356499554,0.22891152513527765,0.6165381465101106,-0.06444028629041886
2018-02-19,0.5213040326358738,0.41289064737412057,0.26344624776759634,0.23701955943962402,-0.3591219028595797
2018-02-20,-0.04979747531115204,0.04128331142328737,-0.3802743307077147,0.05924597204676966,-0.211444799333898
2018-02-21,0.3715825895178353,0.3542506305572794,-0.2945252990732054,-0.14841752106783684,-0.22642320714757005
2018-02-22,1.0714724108745728,1.0610516742122664,0.8957570385037309,0.8149394682731111,0.9739458995237578
2018-02-23,-0.5221303036068189,-0.5055685378986029,0.20440363186118427,-0.7994755428531204,-0.4536314743309775
2018-02-26,0.31177611502892855,-0.012946215647206816,-0.2566985156521746,0.266934227755129,0.30067975386918333
2018-02-27,0.09691248871884356,-0.12729778256148488,-0.15175535156266654,0.4100651283115124,-0.2035584860275932
2018-02-28,0.6762181091713797,0.7023043992041333,0.39088648716066615,0.005661087626235406,0.4777289893437229
2018-03-01,0.17497150702960781,0.3879491845388856,1.1095116250313277,-0.3374560367123187,-0.06723198728907966
2018-03-02,-0.4108202572197734,0.001721904095358313,0.4849598795058206,0.3875126144312105,0.12846884773506337
2018-03-05,0.20884055737973273,0.1377792677794492,0.680364161198091,0.42777262964521057,0.09648605973825641
2018-03-06,-0.11131550451985553,-0.16141754438651196,-0.801354532318049,0.19493715411203572,0.13424432205238435
2018-03-07,0.36221082226498286,-0.25062245552747564,0.37345597549691817,1.0622192161848785,-0.0544182836214506
2018-03-08,-0.74242037935667,-0.5272244071058754,-1.0882787618627578,-0.4686512854660801,-0.5357559212647012
2018-03-09,0.1470543194634058,0.45823220551319926,0.2029889898771636,-0.32883368034304616,0.0785509758070867
2018-03-12,-0.6843914691301018,-0.9028436608561645,-1.324149215955599,-0.13123047259679577,-0.7027453273606691
2018-03-13,-0.18817707431403985,-0.1656467062419735,0.40068848107131494,-0.06987410089122854,-0.21483565185840836
2018-03-14,0.3335551784309706,0.21153386809153554,0.02305092511686422,-0.21620480756109045,0.3547201525008321
2018-03-15,-0.1803216998124646,-0.2877252147940668,0.030553792342574056,0.10011129419486006,-0.23195003238416628
2018-03-16,1.055491365107877,1.154667419539173,1.0146030652361753,0.5643544369977092,0.8346537073342759
2018-03-19,0.746599854044572,0.9740808852587532,1.2984111376563434,0.9701603060287142,1.0069132227231918
2018-03-20,0.22440517430412402,0.1039188347462641,0.08185450308471513,0.18366580129501398,0.014444038508661466
2018-03-21,0.20468403973477392,0.23090855111607622,-0.25277971138115063,0.4567042781441204,0.17747098085442703
2018-03-22,-0.8878457036757914,-1.0837069331090843,-0.5852653013344036,-0.2959500367389744,-0.8024360133572973
2018-03-23,0.7644309471813568,1.0198458256862497,1.9506414433244688,-0.48111589435879704,0.774573316954267
2018-03-26,0.11038956108188937,-0.14825868771284206,-0.005504011173955187,-0.6178562747648215,0.16934773705303677
2018-03-27,0.12756184973082177,-0.6534614724249364,-1.3007631870040324,0.02978385286093521,-0.11714557776538892
2018-03-28,0.7435825841089844,0.8999494780484942,0.8651429017755626,0.8216885755208709,0.5594253358920223
2018-03-29,0.18414796213569587,0.37206997338976705,-0.8099163802677777,1.5950349249715696,0.059469388497077336
2018-03-30,-0.2371571771709664,-0.3360227766125516,-0.09110787543619303,0.20822334892878847,-0.1571886780435242
2018-04-02,0.12212456257542288,0.02827897000150944,0.22828066996103538,0.25378563191649467,-0.10391859720786367
2018-04-03,0.4294794926479352,0.3768075126624668,0.8574807904670825,0.965805135192732,0.30480647227858304
2018-04-04,-0.4757691667724825,-0.35262553368605765,-0.9355185752048725,0.19928493186959348,0.054158304299542895
2018-04-05,-0.7867663057758025,-0.5050753613061876,-0.8725556465918801,-0.8716202067290489,-0.6307975459561169
2018-04-06,0.6617482135900633,0.6680098646433803,0.42246392453318754,0.10859437319511228,0.7776836425068141
2018-04-09,-0.21527612898888804,-0.16258429388490436,-0.06449875426460157,-0.9498712523533746,-0.10976216279587525
2018-04-10,-0.20686927405404182,-0.2434617832132936,-0.042480956394033376,-0.3893965292861542,-0.2113300248386769
2018-04-11,-0.46218752779337374,-0.8255720401190739,-1.16819646343292,-0.48185655778233816,-0.945076069237831
2018-04-12,0.16702827699037923,-0.041278750998518014,0.2101729489489074,-0.31142311753600865,-0.5672176137576238
2018-04-13,-0.23216927181136937,0.11863100882299132,-0.2155330595567998,-0.5149562561796329,-0.09711323468313719
2018-04-16,0.028651106642427013,-0.23051114353868588,-0.5010990540492184,-0.34185333456664063,-0.10257389307592105
2018-04-17,0.0029478988506838975,0.021717379322827586,0.4360081161364062,-0.04092439659357963,-0.3530330170676883
2018-04-18,-8.948279358589907e-4,0.07559006675721044,0.13527112900527843,0.40236623195108073,-0.35193483006517623
2018-04-19,-0.16859050728626504,-0.27927387524271957,-0.604011682656698,-0.014347713114794311,-0.8374746275785357
2018-04-20,0.7587209399130791,0.8360162213603455,0.7426896630074683,0.6404110452863109,0.5613134675104443
2018-04-23,0.6028771902071614,0.8523965340641333,0.467199145819298,0.5406987414671809,0.8094295676603747
2018-04-24,0.43226203656312007,0.7417491140051994,-0.09922341273590449,0.0974787805743581,0.3264103802837892
2018-04-25,0.13538772425534998,-0.020637485199803858,-0.0911110488465518,0.2872398460905614,0.19292165144358112
2018-04-26,0.16223178183440862,0.4497305411636435,-0.04907547804988646,0.20881326815455079,-0.25249496173270397
2018-04-27,0.02698261564702292,0.20989766690697326,0.24826828635178733,0.6279936473388394,0.1568216224404059
2018-04-30,-0.2700515090058952,-0.2520390865672445,-0.04717567883868841,0.784681074997436,0.2239553630441194
2018-05-01,0.6254551678814794,0.5674869429822634,0.3493957514764345,0.6419595106107631,0.8373756544184382
2018-05-02,0.7043917492932567,0.6725991914670917,0.17373377723396088,0.5419081339350178,0.27807323469869333
2018-05-03,-0.48195793538980974,-0.04393562626437758,-0.017795704056477735,-0.41772088852230715,-0.46232247236254076
2018-05-04,-0.4680369082726883,-0.5617144972234326,0.1078657234047035,-0.21798205898906925,-0.004159383712259837
2018-05-07,-0.10331824768476577,0.04620096880237719,0.014787903783389013,0.08122777483249025,-0.15837354644684332
2018-05-08,0.009134113059927378,0.08026786336128991,0.25460739374016095,-0.3705238387835068,-0.4149778371017737
2018-05-09,0.8749008223994669,0.9241259977263768,0.8626561228079807,0.82942416525855,0.8016719032888303
2018-05-10,0.053293387525752925,-0.10834028077000657,-0.8663458479021136,0.09537681799840611,-0.676914672223488
2018-05-11,-0.7044196546128504,-0.9131433231402944,-0.576644765884552,0.4021789596221349,-0.6791821359276147
2018-05-14,-0.14041971799884012,-0.33801165290578966,-0.2231287738575713,-0.3945351195965351,-0.4062889584380446
2018-05-15,0.261253424281133,0.3299416629905796,-0.01922867433366642,0.04431417365693223,-0.15520230334461615
2018-05-16,0.18235437086924394,0.7775566797922091,0.2579599426800094,-0.22655885794756356,-0.3984184670964087
2018-05-17,-0.5527686919818566,-0.644752913457222,-0.704153250167228,-0.41578868700317073,-0.13064375820050791
2018-05-18,0.17654832968273593,0.1257173866614411,-0.3073831233532768,-0.4694557261089783,0.02166591133601254
2018-05-21,-0.4719151996901455,-0.21723619903690145,-0.2676247206285484,-0.27051383390050887,0.009380128466396518
2018-05-22,-0.7818473575960686,-0.79341921558754,-0.8641710398566963,-0.5268639260774722,-1.395340978179285
2018-05-23,0.27618629563686803,0.04459939494715109,0.2562435040685263,0.10263120760412303,-0.21481462189980807
2018-05-24,-0.19100522059261746,0.15975629906823813,0.9714353044264233,0.11917648607426225,-0.16488584097426426
2018-05-25,0.11061106819196356,-0.06288830115243113,0.4626029888198186,-0.4544533905774273,0.4798476287882101
2018-05-28,0.33459141149997057,0.19763371697267768,-0.10159346411899002,0.573722911535202,1.0714024163919373
2018-05-29,-0.32554239476887953,0.1272642785354979,0.31985788947754806,0.36628727368849956,0.7492858164711453
2018-05-30,0.5630817669426845,0.877686898547464,1.8094577261844258,-0.040931989000558874,-0.10037222235888694
2018-05-31,-1.1651299685090126,-1.166189026921347,-1.4333283093589804,-0.3993626079474787,-0.18697544808697175
2018-06-01,0.16341272924838623,0.07380140451252748,-0.02823498514710364,-0.3502277580464525,0.08747084173170701
2018-06-04,-0.20330823149696772,-0.0533541792587171,-0.8016039948431317,0.65051049411862,0.6883271634626215
2018-06-05,-0.9440685324244604,-1.1465546166803389,-1.4915211698315245,-0.9564676643244416,-1.215320938204097
2018-06-06,0.35995661510675053,0.37609674128624043,0.461705051569049,0.11719800482157489,0.13187062680324063
2018-06-07,-0.22139484252745562,-0.5223576629685361,-0.715249122117635,-0.027135807986269307,-0.09639966683143324
2018-06-08,0.5822159484985603,0.6477656070766796,1.0139010932176207,0.1577309997176702,-0.21533644305313704
2018-06-11,-0.0039850270931068785,0.19834816076008396,0.46008641042843534,-0.07541422554186022,-0.014138210528917346
2018-06-12,0.16839487867175318,-0.055568681914705924,-0.9222102875106508,-0.25339001074190404,-0.0035559767700071676
2018-06-13,0.25226723133336104,0.39333171659650396,0.28064902038126316,-0.04287835558318018,-0.24108924873462023
2018-06-14,0.12856684274058441,0.06692399485674794,0.30194112161046294,-0.3985873523712757,0.2203835233648446
2018-06-15,1.2888350782891822,1.4012834771509695,1.028056524022739,0.704838437425386,0.9255191472101497
2018-06-18,-0.020264483186805585,0.3766440450713966,0.3956582463174816,-0.6803811002490283,0.5998926072799717
2018-06-19,0.3630311200889457,0.4745764923415,0.9001996764358873,0.30895301070192865,0.6212519863134683
2018-06-20,-0.49124102754908927,0.2300149286241424,0.2909232647479295,-0.3917971327134933,0.23484375671903457
2018-06-21,0.3643102687364629,0.1809355289263054,-0.08555433640073586,0.5003885469167306,-0.22457397582465533
2018-06-22,-0.3452943817894425,-0.053883265066161826,0.28914827533449106,-0.256358045554057,0.6581933082700778
2018-06-25,-1.0219869056180657,-0.8120598192505946,-0.7743374773107485,-0.8119334694014042,-0.7282994196926049
2018-06-26,-0.20204109591712227,0.37491616169813097,0.617415014531941,-0.2626714623235089,-0.45709309271754794
2018-06-27,-0.34240595017029263,0.2605257991137937,-0.11905711131566704,-0.04614121122650858,0.15418069846732593
2018-06-28,0.28289341279294855,0.6508997333500557,0.5177002244817078,0.08111492053438754,-0.5814614921932824
2018-06-29,-0.4016404181094976,-0.02275970020934246,-0.26167696888216935,0.1515432267433936,0.5013797963527877
2018-07-02,-0.6950452984720895,-0.7238359731851041,-0.940827207106807,-0.07975059083038746,-0.08623005919449045
2018-07-03,0.1379922785724715,0.8042378487598485,0.6471084118601524,0.4334652913883734,0.40313302179424526
2018-07-04,-0.12282506845349603,-0.5125633939122491,-0.06446887812942463,0.04869758166513985,-0.6657035941470377
2018-07-05,0.09005743211710886,-0.07496531025638767,-0.1615869470688785,-0.1250550251884608,-0.3777364327556934
2018-07-06,-0.14008888696747823,-0.04596964289830046,-0.13321492571228705,-0.41959323932011916,-0.23816821217122963
2018-07-09,-0.7185430145603613,-0.6867973218119745,-0.5291671683851958,-0.3639229436952142,-0.24467991414817866
2018-07-10,-0.1394806770836228,-0.46378433461891905,-0.951850357847794,-0.5077099766306575,-0.35353151292012275
2018-07-11,0.5250814951395448,0.751485423233694,0.8555416954591685,0.6223925157652512,0.3594071447288155
2018-07-12,-0.08282896917295848,0.6753014345594796,-0.2995787311953522,-0.5280025041052517,0.9772979913446768
2018-07-13,-0.32134029328502167,-0.5555639883967162,-1.2321642459839928,-0.29160434246680467,-0.14845099328829045
2018-07-16,-0.641169879551433,-0.20597207862773728,0.020164500208008945,-0.9303803311935216,-0.16110467679604837
2018-07-17,0.09841624293877144,0.09128150387889805,0.15159951191454413,0.17369310082775558,-0.271419869529388
2018-07-18,0.3015479348340535,0.5034041853693312,-0.06499536989696385,0.5391290933341529,0.9955362155275467
2018-07-19,-0.4364173945432662,-0.2778254007486707,-0.1011827239937557,-0.5771994532136264,-0.5066309722880328
2018-07-20,-0.3481525572884368,0.4727726046033184,0.8690046760750759,-0.05678297321168038,-0.08104938635674067
2018-07-23,-0.7589386466987665,-0.9252901676645722,0.25642201246980045,-0.21176131086241584,-0.6520796815692865
2018-07-24,0.17418074992099825,0.6743202721731726,0.3247315092595968,0.17455407343859716,-0.06546872837046624
2018-07-25,-0.5690221395024768,-0.5771223055169219,-0.4188446646845645,-0.2658334009563921,-0.0521630594857869
2018-07-26,-0.16633657526022794,-0.49385559842526905,-0.11534335955161572,0.6522925055894875,-0.49858853657323376
2018-07-27,0.8657788684523807,1.0918510661308871,0.8119194786095915,0.5148168757730027,1.1373195024958962
2018-07-30,-0.6593938537568248,-0.2701829326758033,-0.06140129575606338,0.6914739941020265,0.09277855344710949
2018-07-31,-0.186610441361946,-0.10185217131722885,-0.17370358514933992,-0.13222219322855416,-0.20491985522253683
2018-08-01,-0.11175187502209832,-0.15656292150037687,-0.8932156584109386,0.3021267462408224,0.07992152971641604
2018-08-02,0.02247700790732108,0.17483334444040438,0.32698151860097197,-0.3316754639153962,0.4792313068619665
2018-08-03,0.47457944069119545,0.6308781991352636,0.6004396544036834,-0.2788574068129616,0.24182740188676133
2018-08-06,-0.4608484922695066,-0.4781040645823183,-0.07417489617338813,-0.15503972562408003,-0.2976413662816117
2018-08-07,-0.20818964183725752,0.12315269291723163,0.02409778271882909,-0.07315786662390501,-0.35497364230108175
2018-08-08,-0.22721153600523117,-0.5101084074293616,-0.5234099281110858,0.19825709012343187,-0.2622037373309414
2018-08-09,-0.07713922206126388,-0.06865009453693599,0.34304002079143753,0.06035110580104372,0.12740202144075932
2018-08-10,1.0122739058476442,0.7632512781003983,0.5998461104721494,0.2279091030152626,-0.16496544085944892
2018-08-13,0.7947845950477902,1.1582916633841633,1.5714486928639626,0.41295670717482,1.1424975953318264
2018-08-14,-0.3281505014999494,0.29996592387973653,0.28231925565727256,-0.027080924294603764,-0.7814663538041653
2018-08-15,0.46730314948143775,0.43278749343493117,-0.13039019818460668,1.2309704250176943,0.2886035131043531
2018-08-16,-0.6406429205617706,0.04813350999108047,0.6298039865683418,-0.4516352235528761,-0.9099330769725922
2018-08-17,0.34581360751003765,-0.3682582888694053,-0.7169924059191491,0.43496792123081096,0.4202433416169292
2018-08-20,-0.5564592051094263,-0.6685505153802184,-0.23886624355227595,0.11849956100662853,-0.26249615011150335
2018-08-21,-0.14422940801776726,-0.40281277245074976,0.11475149179478566,-0.08492762339469209,-0.37782952348095755
2018-08-22,-0.14668425396677912,-0.3156736807843433,-0.4798717021642932,-0.4372416551407007,-0.4685762578913245
2018-08-23,0.3930679806890583,0.355978612745548,-0.06703107715987523,0.27533820249318375,0.3278624186591601
2018-08-24,0.7614565097327519,1.2471713528946249,0.5460921327413738,0.4402735935443791,0.6012332831230337
2018-08-27,-0.21927710268488632,-1.3630814241816696,-1.2889421017669032,0.09611055102046447,-0.5694041888792882
2018-08-28,-0.2835448370207314,-0.11002923230829034,0.0047448562403426126,0.21207641289585855,-0.4226391646786389
2018-08-29,0.223914138571187,0.1352801443279546,0.13223045026273053,0.3283284831188403,-0.7946334375544859
2018-08-30,0.20740537239701007,0.3775573926021281,-0.10142281875348481,0.3601525921579142,-0.2427479733122608
2018-08-31,0.34029724945263456,0.7142164091577407,1.3244924717069302,0.1383166337171531,-0.025355271010476986
2018-09-03,1.0876805698654324,0.9469634563950331,0.8654762344513361,1.0779466149182815,1.5217385534271726
2018-09-04,0.03617546433146522,-0.1853754928388011,-0.1789862306141932,0.20405568794379153,-0.0741833353185144
2018-09-05,0.019343072806487026,0.3237044930198157,-0.01859591388805155,-0.2713254686387727,-0.6564620425098254
2018-09-06,0.006256088674168455,-0.1530148274175074,-0.15631453464053066,0.036794451274536955,-0.4675445644831323
2018-09-07,0.011731243103910454,0.05507070867915123,0.9291717392321416,-0.4152373344893817,-0.050404649535102326
2018-09-10,0.9477437795550799,1.0326902886669902,0.6699902876852724,0.6254570114738377,0.8004395522751533
2018-09-11,-0.060989682268898136,0.12729690954211398,-0.10447023610767366,-0.5841109482305271,-0.24439401377937525
2018-09-12,-0.3203167923870548,-0.018732064102661893,-0.4458524397925808,0.8589490797067201,-0.8200122117975073
2018-09-13,-0.6471807901159523,-0.8346442134091216,-0.4999561230599225,-0.6973033459729796,0.5104051447443703
2018-09-14,-0.028159541071854324,-0.2666317864673773,-0.9541449931250761,0.14496638068727088,-0.285310297841588
2018-09-17,0.2724149772144759,0.5985081585818551,0.6236673082797491,0.45305358668021734,0.43330807649481
2018-09-18,0.16583993432294256,0.00702287671104862,0.28916925655888004,-0.12368872766541278,-0.530231990837751
2018-09-19,-1.1796513031454403,-1.1194547780982287,-1.6581191034852616,-0.9072890511263809,-2.014017779950028
2018-09-20,-0.3506029493370315,-0.48708645828468555,-0.5599422390026604,-0.6945423750675985,0.300141931375675
2018-09-21,-0.3469265785864693,-0.36536823401269936,-0.4860997196892276,-0.07396581019075732,0.5918416415977845
2018-09-24,-0.06150727366451193,0.09609963738224526,0.07589532510943878,0.23939008775133896,-0.5209754811896227
2018-09-25,0.1109801154034748,0.36072143841007126,0.13585723290295865,0.04454835037407239,-1.2163110159637198
2018-09-26,0.17032032947722422,0.05827648823444192,-0.10557334178349374,0.23795990606681525,0.1679491839040083
2018-09-27,-0.25709525161987584,-0.12133136484928961,0.10489998964694612,0.13535237282562043,0.37060666387797936
2018-09-28,0.6470757095111999,0.7257214505146131,0.1600548537382649,0.9394836833707716,0.5324912309791328
2018-10-01,-0.030608536261205244,-0.23951722131750175,-0.6463103682582984,0.2848299281503548,0.42756134297534676
2018-10-02,-0.08406995006915725,-0.08552346994016485,-0.2230987808976169,-0.24475222675600827,-1.71819664745709
2018-10-03,0.5647648947671484,0.582753730241835,0.9111348481862467,0.026399860291409685,0.9357200706886803
2018-10-04,1.3191249007090309,1.2831675763208845,0.5158443457980646,0.6629415098188561,0.6953016437422187
2018-10-05,0.2842803048144692,0.24323245115779255,0.7165132318905071,-0.3372311152865753,-0.20554153047359802
2018-10-08,0.5114384325198877,0.38320896560665896,0.5669124514778942,0.47083858128291056,0.9705526516500007
2018-10-09,-1.2965081303645303,-0.27361528041081795,0.2458054295931179,-0.32793760783266607,-0.30564607846537206
2018-10-10,-0.5652036801571352,-0.603264833412041,-0.5022603341053604,-0.5634588458364898,-1.5444807951748338
2018-10-11,0.6928987947796491,0.7166985326568496,1.4976486290558706,-0.4279438010708999,0.4169189684428213
2018-10-12,-0.28793485079989,-0.8339526758322292,-0.769698502976374,-0.1284345097139956,-0.15736956322944406
2018-10-15,-0.2751602358327985,0.20144001872182107,0.0491363354079981,0.35930521102654733,0.8486472127801522
2018-10-16,-0.3209496447449338,-0.35807258521693985,-0.032193764190646845,-0.6232064094040495,-0.793913299808485
2018-10-17,0.0052978298500255885,-0.08239142443688355,-0.5102955525988849,0.9232267708443725,0.6470887289033469
2018-10-18,0.18273225605988314,0.41473484553230994,0.12672367034876392,0.2087609119553367,-0.11029761428552404
2018-10-19,0.05573823521452954,0.18969878592785816,0.6105156307734012,-0.542063360755628,-0.1673857920340383
2018-10-22,-0.11047438802208968,-0.218135672124263,-0.47584096398790127,-0.0216483638225001,0.6950965769145211
2018-10-23,0.30561790613734646,0.5612778830548639,0.28918448655455975,0.7602840045979056,0.1497505476746245
2018-10-24,-0.10717840942395981,-0.23924539779841136,0.04811132483907325,-0.6557584569759601,0.612317602559516
2018-10-25,0.30234127007869427,0.3764017960737507,0.7699290422059153,0.14938571496947128,0.4952170564875288
2018-10-26,-0.3059527515254964,-0.23129288554379174,-0.5303762201050164,0.02811037538082275,-0.19327520985557634
2018-10-29,-0.1831102337931136,-0.2582299667172916,0.11299780884102693,-0.5802594488984559,-0.14428985946949519
2018-10-30,0.3475238467189443,0.4976843407213253,0.14456729134700272,0.009229776703766845,-0.16464889369289834
2018-10-31,-0.6868559375295827,-0.5035315665085836,-1.158154824467874,-0.02970975023842494,-0.6118066733250248
2018-11-01,0.051872851935526945,0.21132876467555298,0.36205596012806324,-0.13475627854582542,-0.4345523880588594
2018-11-02,-0.9324462201002712,-1.6907481962148552,-1.5308054895424377,-0.7141528925926589,-0.7299187746169729
2018-11-05,0.5031329483306879,0.040864984353357364,-0.3544525002008315,1.105140059512115,0.542391421265839
2018-11-06,-0.6499077570982595,-0.16270867461607047,-0.24821084136784227,-0.4416593642318678,-0.03906430429373588
2018-11-07,-0.3896724464337984,-0.4578451410245914,-0.5348536474347757,-0.37825705881531024,-0.9531609724616552
2018-11-08,-0.3297834313715742,-0.4319824285193911,-0.6157423525240949,-0.19353349175526385,0.575654119897246
2018-11-09,-0.225364319944303,0.10481727651901579,-0.23492068044718936,-0.15321343171810559,-0.47681660685281874
2018-11-12,0.22103990047255076,0.5666705454206284,0.6548394080798808,-0.6845785309572049,1.0477016019298282
2018-11-13,0.6387545771199101,0.7143917284426133,0.8723242286385082,0.03200245766435825,-0.08202530128288377
2018-11-14,-0.6329650353663872,-0.7569397238180705,-0.8508476640840569,-0.24780920312844026,0.0496187378134119
2018-11-15,-0.02474058352101896,-0.07875098089540873,0.09345495408447882,-0.13074977064662113,0.17359080589022394
2018-11-16,-0.3292491979636129,-0.4870939215042429,-0.45995412313990025,-0.20190673127804465,0.221943778474049
2018-11-19,-0.6382421197813891,-0.6618019716218568,0.06813542615676935,-0.06421149708626527,-0.44113624556231934
2018-11-20,0.22374313387578343,0.31748249192518235,0.5910421747623473,-0.2636302456998491,0.35818009186960953
2018-11-21,1.0642912639899111,1.0865900241698843,0.8638648710960887,0.8338477346672557,1.533687629368742
2018-11-22,-0.3037985934996351,-0.6067773360929152,-0.9026614053360876,-1.2132093504341355,-0.23045403073112591
2018-11-23,0.04632622725796237,0.13282019418616264,0.14357886784563761,0.00972058244766466,0.7391772687864804
2018-11-26,2.740657683999552e-4,0.2532182166534434,0.3226081270304269,0.3833002552521785,0.5879976311741277
2018-11-27,0.38181626438556093,0.12937853405944438,-0.37628560631283575,0.720593069502951,0.017049547750484978
2018-11-28,-0.3448152369235408,-0.07184369801461223,-0.3379091880685834,-0.19672671132412614,-0.19211389865159045
2018-11-29,-1.0695775478757215,-1.0144695213014578,-0.8129182387317981,-0.0582366669241593,-0.6365389901381053
2018-11-30,-0.16123567344434128,-0.28191420620331853,-0.15601059646557716,0.036093368151671384,0.6072812062636584
2018-12-03,-0.9159156453336484,-0.6917556652157417,-0.9838430200440546,-0.6422991885222977,-0.35725357555420745
2018-12-04,1.2585376729064313,0.19896736318509345,0.3418957042458259,0.7757429747785856,-0.8875658139854539
2018-12-05,0.927454645014384,0.16965983801586074,0.9825970646600808,0.16605620502821644,-0.18464102872145013
2018-12-06,0.8299995295653413,1.0779399349071217,0.7905002774787099,1.0454579135826791,0.7404849667341469
2018-12-07,0.13755002901142765,0.5202715958848383,0.8009297873274469,0.0029379960111404757,0.7733702001069087
2018-12-10,0.7295292635350752,0.629270890859625,0.8113740812487534,0.5175430284219603,-0.12062337688658521
2018-12-11,-0.5666997589129772,-0.059514919373941294,-0.6838059295883171,-0.8193371456313912,-2.0140848317278097
2018-12-12,-0.18801269268114465,-0.3240347232299082,-0.5327158652004068,-0.043308388597810415,-0.46546452667543425
2018-12-13,0.17806993830915183,-0.10942072818705899,-0.01621243075936938,0.08659572635085566,0.5096516377295874
2018-12-14,-0.05844223928726424,-0.05769348338978786,-0.279646506792489,-0.2236664847729714,0.8729379742735549
2018-12-17,0.2996000257509693,0.6877810121518726,0.8226346381277997,0.08242529306133511,0.30236861949661914
2018-12-18,0.15039847126502212,-0.007142657667274781,0.5133600842180644,0.4047429550245966,0.45254803248825015
2018-12-19,-0.120194549364457,-0.16149643587197934,0.10462390561807645,0.20357598507336383,1.351149357956366
2018-12-20,1.071298636741067,1.0406133334905063,1.1290168019197517,0.8036543176241218,1.075937175066157
2018-12-21,0.1452164766199381,-0.005274143852904523,1.116584525680765,0.9607413608813017,0.6561876431283261
2018-12-24,0.5990695375323023,0.9108552012949879,1.029519279697659,0.5275897849881,1.2375195063393354
2018-12-25,0.11283203998691106,0.006863894937751393,0.6445984478599323,0.5147232036439328,0.01165827798544497
2018-12-26,0.07404864282334513,0.060619499574205676,-0.006857716169241886,0.3518935518516151,0.05906635608848507
2018-12-27,-0.4013097756217524,-0.38597969514538444,-1.1499423558063704,-0.37555196696170806,-0.26419396399973405
2018-12-28,1.007756681622463,0.5352920275098441,0.8397649557880358,0.8106189200559848,0.7439888345650929
2018-12-31,-0.22990286311048347,-0.10283200454670871,0.41168867759882505,0.40285583142710385,0.08701122522718925
2019-01-01,-0.006266086256368625,0.017173978285957812,0.653633534745967,0.48456535000116513,0.3407542208094873
2019-01-02,-0.08000481587654691,-0.06865657092475577,-0.10714518859004378,-0.10156191961159575,-0.03267027554748694
2019-01-03,2.0799924400041867,1.8309915528531284,3.8707988797339787,1.189778195663822,1.474552498780808
2019-01-04,-1.2603891235207838,-1.1964882597484379,-1.4536594299056054,-1.1688508787463734,-1.5032527487174252
2019-01-07,-1.764087455835958,-1.7348600815295594,-2.5194559127770972,-1.0439500105883455,-0.8294000713846978
2019-01-08,-0.12312226075452185,-0.3017503084366528,-0.4009616708326337,-0.8315339797496271,-0.8070316884760934
2019-01-09,-0.23504038023044072,-0.25703866641552287,-0.32745076911046506,-0.7788875222168188,-1.0988823615001744
2019-01-10,0.35147689118124986,-0.16842777204910933,0.35941264618844493,-0.4080792643223054,-0.6405538442588232
2019-01-11,0.28463175571447386,-0.16483385050722105,-0.2338089699604332,-0.010152440622881377,-0.4744891143323213
2019-01-14,0.1335444072976011,-0.25097842584929125,-0.42342250797599124,-0.5033493809274009,0.1814923951120393
2019-01-15,0.004776780966502567,0.07233383729590068,0.26856624172564963,-0.3754725265737092,-0.8931629740754194
2019-01-16,0.12031411025425405,-0.10771395287270498,-0.455352303056401,-0.2243385813940562,-0.2720734544549288
2019-01-17,0.41473928310120317,0.47337517424585107,0.09201817875737864,0.7229381744068458,0.07872066890610885
2019-01-18,-0.5027310155177777,-0.22250794686651473,-0.32361918544252577,-0.23931285911033656,0.24591070687602212
2019-01-21,0.2891674044969913,0.3507212221642209,-0.11375054910826177,-0.14793341101172836,0.12434555942273973
2019-01-22,-0.1857989429713024,0.09072277354329533,0.07032570232935322,-0.5582646139078815,-0.2957005424923317
2019-01-23,0.35283048301370595,0.5017985699554005,0.8071075970264807,0.634669238266172,0.8447570410643098
2019-01-24,-0.09890528063081751,-0.3399499872227398,-0.4628496326459295,0.13292580251395145,-0.1190812035222113
2019-01-25,0.8312969629345068,0.7725255755044161,0.6561776285150314,0.7583075540754425,0.9917491388081336
2019-01-28,-0.57049603534936,-1.1991861691622634,-1.0114022699468666,-0.3087408193276407,-1.0524552968440517
2019-01-29,0.1581581847754327,0.13016413433404916,0.2571529389473986,0.06954201689567256,-0.16657743616786314
2019-01-30,0.30310800416145367,0.13934349633639515,-0.002260213537652163,0.21210920238374975,-0.6441058584244009
2019-01-31,-1.0636827313893622,-1.3537600051705487,-0.9435937352405144,-0.38557971986445394,-0.7262711500804604
2019-02-01,-0.07783081820576553,-0.24634383635380924,-0.13624450892635773,-0.6699979658826326,-0.4447391946064787
2019-02-04,-0.31831423076470966,0.3151445153061708,-0.20261280691411507,-0.4091821382161336,-0.0953263227009436
2019-02-05,0.4650627731192988,0.48948422856493923,-0.001215636725590349,0.10083169809694043,0.151384280705503
2019-02-06,-0.23857156815171993,-0.40329164688682284,-0.3850223777667537,-0.2273457182349451,-0.5049345412200192
2019-02-07,1.7024975862558849,1.8485446144978115,1.8196940988446704,1.538691491484665,2.101133137222511
2019-02-08,0.3226640636564731,0.2621590770720039,0.47983167081732386,0.4241310790305852,0.49402801658771434
2019-02-11,-0.11500448770964437,-0.12486679102548784,-0.19284775239504084,0.14986784214174803,0.5366599875569787
2019-02-12,-0.1793377567358958,0.5630942653630834,-0.006351957553290551,0.3700294128199667,0.5089721837358405
2019-02-13,-0.32031477854417195,-0.5855288965030501,-0.6801338426041663,0.10484442275866965,0.07590007453109922
2019-02-14,0.3623859539441824,0.16470761391634758,-0.21529636439251176,-0.22436919461445132,0.10099602417912679
2019-02-15,-0.2980454048004161,-0.1427677370760192,0.2098194204764306,-0.5607515315366612,-0.34470127605856826
2019-02-18,-0.6340682898811121,-0.6046141545759656,-0.6045344780533539,-0.47927453611999526,-1.0837764843953681
2019-02-19,0.24678719404407937,0.18024519062357963,0.1324169578028151,0.11406174779275063,-0.5077955765051776
2019-02-20,-0.33428640871134163,-0.47777136078714294,-0.4404194025685662,-0.2040740655968763,-0.40115204091826573
2019-02-21,0.48328868013987836,-0.061020873850379076,-0.24204185523210514,-0.17553087125025013,0.3221741720679103
2019-02-22,0.9154207425916278,0.8683176131285238,0.9184263160057339,0.6062884267442004,1.0776036563742364
2019-02-25,-0.5716848022581977,-0.69308567696595,-0.7273445565366153,-0.35261223849084605,-0.32905775500654255
2019-02-26,0.09969563799967278,-0.2346894155447565,-0.5147275396573013,0.11477089700301107,-0.36812078550119975
2019-02-27,-0.41571483601789627,-0.2628697550474639,0.18183196093694087,0.03945482538363586,-0.11125635633282116
2019-02-28,0.7989115201943995,0.6181131584270236,0.3768230086414968,0.6169512816129077,0.27254158589424
2019-03-01,0.6034092777157711,0.6687305147719003,0.19996827379132986,-0.09316583957391472,1.2126651403346205
2019-03-04,-0.13267018140184644,0.03147717570387212,-0.49106722654561985,-0.13369185064570852,-0.026317197448406243
2019-03-05,0.07557563508683077,0.11744964419759957,0.23617079929837184,-0.08389539480810845,0.2078703098973399
2019-03-06,0.0714616765515894,0.0679362814756735,0.014987539075432902,0.2869119330851291,0.3277782417903741
2019-03-07,0.6834622652652474,0.7462067605895513,0.9504508882291294,0.6814785896047915,1.3257120211716076
2019-03-08,0.15682463280028094,0.17933081467403994,0.18629491224158864,-0.1674022432563016,0.18966458980627382
2019-03-11,-0.33023743084431967,-0.23339182881222928,0.24291188612216674,-0.35311458940607726,0.48580237951877125
2019-03-12,-0.5821870437587231,-0.48305742238224064,-0.7107308235418737,-0.2601699930622813,-0.12482180059691847
2019-03-13,0.36818196202744174,0.11851676833799632,0.12942249898912742,0.4030412369521261,0.02029780338262767
2019-03-14,-0.26300997197440157,-0.31360271788218985,-0.19384808176896087,-0.5006169061557719,-0.1471606349216757
2019-03-15,0.004804576521746033,0.2525038355628537,-0.24761093401904133,-0.36101525783697197,0.8039016436612998
2019-03-18,-0.0642505417897111,-0.19046875643331432,-0.035740370159829234,-0.08527491384718179,0.4777444898137393
2019-03-19,-0.09729875020206283,-0.2556085661140416,-0.06286968294451187,-0.08186958128922354,0.3042256062970742
2019-03-20,0.0195098858829443,0.14868857440022626,0.11468972125003764,0.16205680161437136,-0.8329882827423665
2019-03-21,-0.3765680571593026,-0.6413633753549431,0.03356354468596226,-0.14195565353750703,-0.06471586382934195
2019-03-22,0.29065927556536686,0.36950321228303784,0.24912753357199724,0.09404296885751359,0.24362255325197907
2019-03-25,0.09528421459523857,0.36784710624170636,1.0122973902120402,-0.2830727408483739,0.05045645070000068
2019-03-26,-0.3364400589672098,-0.4698540243526644,-0.4272204926324728,-0.3988946980908794,-0.11872378267240777
2019-03-27,-0.41143284765698596,-0.3005650749364545,-0.7839924212506535,-0.45173282380860413,-1.0406987154276552
2019-03-28,0.5492444536385889,0.7361932401964736,0.7918704133616996,0.24556298136677898,0.6597628869281118
2019-03-29,-0.1103600952739747,0.03883753172810582,-0.062261083986336695,0.3966439482790423,-0.03858026298576214
2019-04-01,-0.05380225872879383,-0.4464037574667845,-0.7920259091336694,-0.5330933639340951,-0.3587634553228734
2019-04-02,0.0646340454171766,0.05482478478812945,-0.3718678104577638,0.25748434292686123,0.3423849080283193
2019-04-03,0.5553572602166871,0.7291857567596697,0.8725892654948612,0.5150264170438597,1.2019817177769878
2019-04-04,-0.486033310884212,-0.8170959304730376,-0.8757553498038324,-0.4450727944595142,-0.5663261670522449
2019-04-05,-0.17334722141433723,0.06798427595886958,-0.19930195377683232,-0.1487784857170707,-0.1921328736492363
2019-04-08,0.11831985094511331,0.14604012236110944,0.1056316012755403,-0.040918178355941456,-0.16546206425272145
2019-04-09,-0.24393891974769044,-0.2935167562397103,-0.047031848543969655,-0.7056910594248005,-0.8689404536531959
2019-04-10,-0.05616655628739814,-0.1020312745406195,0.20497731690649984,-0.26270722533455887,0.18010452597195215
2019-04-11,-0.5944573193775665,-0.5339828327235567,-0.411562917333975,-0.19166882024705512,-0.3037800049196657
2019-04-12,0.5380210277679276,0.611958057567525,0.027994380911661912,0.08244735178934569,0.14758207922587005
2019-04-15,-0.42807593104944214,-0.6853855061663161,-1.0537382829404942,-0.0628713785400142,-0.2873683022499239
2019-04-16,-0.15296095479318936,-0.07630950163175496,-0.0074568808928134195,-0.001509560348725087,-1.0274458525563845
2019-04-17,0.10657875696776815,0.1793604023110073,0.1523894920845403,-0.09404560022449247,-0.1044976917955587
2019-04-18,0.2411056094999623,-0.14012775628016805,-0.1689645124839819,0.366545508885495,0.5744808282837428
2019-04-19,0.06604573438333546,0.3703220855166435,0.39758479102902966,-0.08390268668231757,0.48344313681763995
2019-04-22,0.024888005072304535,-0.0374081864264374,0.0480822802803796,0.09041529673586488,0.049523332744553165
2019-04-23,0.11667253258666056,0.187963481860774,0.1614210694190127,-0.27707832070908467,-0.8168285696693324
2019-04-24,0.3328602249993344,0.5783401121840768,0.6234017125490492,0.36029510837151335,0.8770653151535359
2019-04-25,1.2415580915776954,1.1718243306091125,0.9523975786294204,0.06232608044170462,0.8390299510799708
2019-04-26,-0.28832060026499395,-0.022533115118139276,0.49341551112669485,-0.3178118564872105,-0.029820090672401087
2019-04-29,-0.23235313612956682,-0.3942313799198719,-0.43978921148334965,-0.3938102674692347,0.05578050913534788
2019-04-30,-0.2151906813459303,-0.1515500569490986,-0.25728896750074115,-0.2901664897949905,-0.09891543522366103
2019-05-01,0.026494845589551227,0.04917513143295966,0.31755907140054396,-0.45914255402930887,0.4045658360145693
2019-05-02,0.5265105599641529,0.5273220025144498,0.4875357890562251,0.2583822087447868,0.47794493521119086
2019-05-03,0.3084459198575391,0.2823246951124432,0.23852627123551728,0.20750282210962162,0.6379533244744906
2019-05-06,0.32731067586737017,0.317461552924417,1.0946975617683663,0.6012093123330825,0.7775055186098705
2019-05-07,-0.7066732753149849,-0.2674929417374859,-0.40819542366490763,-0.5266183338074579,-0.5020114484219776
2019-05-08,-0.46667247814235635,-0.24043727623377464,0.21386749500638846,-0.5890281426488013,-1.0562776954032056
2019-05-09,0.09354815469920853,0.19616369319199595,0.4311902137141988,-0.06658681617928569,-0.10113743067951492
2019-05-10,-0.5225123039391808,0.11532044556020851,0.31565555480673146,-0.4579818772934472,-0.4492267547300753
2019-05-13,0.041652688392290166,0.02950113883055554,0.16552994655602166,0.20011826870093277,0.6513024519458666
2019-05-14,-0.21134087851245809,0.5629210899868932,1.016090457804236,-0.43965365747281165,-0.31139241629258463
2019-05-15,0.11710706169109701,0.11113193286063838,-0.3451408679987507,0.009729156045040113,0.4700136282158237
2019-05-16,0.18244314053333183,0.16595074865064874,0.3033703376411702,0.19951515762056976,0.39728007920993613
2019-05-17,0.388875038503542,0.5001278249233162,0.15976301709934515,0.24307123965833452,0.5031816876429113
2019-05-20,-0.6301670836788187,-0.13934249925945993,-0.41755746615830414,-0.451810673879662,-0.13944846284939794
2019-05-21,-0.21100585874856811,-0.2590921176215553,-0.18684187113768164,-0.2554826991942539,-0.06553715053995797
2019-05-22,0.0034613967063708492,-9.925789166146948e-4,0.009495794778083932,-0.08850231012749828,-0.005086375033365108
2019-05-23,0.7151031309488337,0.6243763842057342,0.49085318469731193,0.9832023469449152,0.8449470138649924
2019-05-24,-0.3322270795711327,-0.30459321273972856,0.2995441872973664,-0.10111300378174504,-0.1470117874249502
2019-05-27,-0.3750272769031504,-0.4999068681645661,-0.3458365046780617,-0.16294099482480595,0.3142916592232338
2019-05-28,0.20199518115575424,0.18806680826712258,0.06878841077585357,0.3784247014600624,-0.274115442210335
2019-05-29,-0.2388558413773098,-0.08608139574642427,0.07546712247601309,-0.3484407022022141,-0.364234741991603
2019-05-30,0.02873164170991289,0.10714934085780044,-0.06965964801339461,-0.4720323900209011,0.14881163579966167
2019-05-31,0.36773638447074847,0.18463019877478004,0.34334104542872246,0.41707308161093076,-0.026491894636942872
2019-06-03,-0.3634045131230066,-0.34034785666282563,0.7267443120287784,-0.17340858833999184,0.23871926863194726
2019-06-04,-0.6253524483301964,-0.6187570590779082,-0.4276975054275392,0.07870863874746613,0.01657345471087713
2019-06-05,-0.3733466199268803,-0.28640157819952766,-0.5261822262963215,-0.03104165655923323,-0.854671367095189
2019-06-06,0.2722233851464334,0.29070792498544407,0.22524240127276143,0.09238854322084422,0.0634336748119321
2019-06-07,-0.04770906306356192,-0.05523085447638118,-0.1558373313715458,0.05083823255775773,0.34976252936938823
2019-06-10,-0.30039873807223794,-0.2995587902612641,-0.30445387654616435,-0.5427323385740254,-0.22080903207804745
2019-06-11,0.17206625741848097,0.49580769665299707,0.5789268201961982,0.19900131635654705,0.1984282222569433
2019-06-12,0.30766523444533767,0.01761208195765212,-0.07317258846812362,0.42956749569608654,0.23877999143609505
2019-06-13,0.35899272013401734,0.4277161132505473,0.39887876653616977,0.08077473797278738,0.018442611912331326
2019-06-14,0.20790196485402754,0.2670154958294284,0.42409353503335884,0.4251979511023414,0.103722795942514
2019-06-17,0.44822692190842384,0.4915596064054165,0.2607423889692343,0.28945620538333855,0.5568665842374897
2019-06-18,0.3804423481649577,0.37940645082445174,0.3929932266233447,0.47194814021041664,-0.041212074765038506
2019-06-19,-0.04503136341401084,-0.38738821905753373,-0.4099731738601711,0.7439562605607483,0.092364192591511185
2019-06-20,-0.09283492215138309,-0.08123505869931008,0.3217693225412784,0.4553057307825032,-0.2063293269485592
2019-06-21,0.2125875529169607,-0.5308663816337534,0.27248242319941307,0.6987448785338239,-0.4408152485698033
2019-06-24,-0.5606145907966781,-0.3319237871033241,-0.35494419511109565,-0.16607569884522083,-0.07858476569598975
2019-06-25,-0.4547358650409085,-0.3041795664172685,-0.34049046480055756,0.180146352688457,-0.35655438109529286
2019-06-26,0.0013361927000907735,0.045091944282675406,0.20785807681701537,-0.1830908070935445,-0.05114501492092158
2019-06-27,-0.3467816625074022,-0.3466375982468808,-0.8703093182806928,-0.07973884663496825,-0.3039687680753737
2019-06-28,-0.09370067931763382,-0.260244973674522,-0.29305287376445205,-0.6061494295584536,0.10588590878686957
2019-07-01,-0.2561324141227233,-0.2742023410619654,-0.8417720475544687,-0.38660493449961203,0.3020286242686214
2019-07-02,1.041665612720377,0.8272565163920658,0.8274777317481138,0.30958044197933077,0.5522491923332699
2019-07-03,-0.68043378121411,-0.4189251997894506,0.13146334149390326,-0.844672026274411,-0.24355161220288535
2019-07-04,-0.6966923071244506,-0.5349681464948831,-0.5123794789703014,-1.0708435506929326,-0.4467378883393714
2019-07-05,0.1969867040929176,0.09338105597301333,0.04233408051447786,-0.04264809640021375,0.410321779317735
2019-07-08,0.3209843711022627,0.6044002193383897,0.012403517150253805,0.03202056783480855,1.1206124787567706
2019-07-09,0.3111231689898313,0.14374670608954737,-0.10635744168568001,-0.4876760666016791,-0.30664406376127984
2019-07-10,0.578304283598552,0.6645721104061152,0.48471026167893183,0.4241045511846702,0.7233283413521109
2019-07-11,-0.23664326759389215,-0.4764390787002073,0.06342408333613293,0.15373136846621888,0.20543789888253583
2019-07-12,-0.14169297063955527,-0.18300759393169774,-0.40475140781115987,-0.011815940740090274,-0.5827640972245189
2019-07-15,-0.8033285367239599,-0.629763966636047,0.03971100467268892,-0.8629668576981181,-0.5658087487042001
2019-07-16,-0.32289798710047957,-0.3440601602210383,-0.3531608743907415,-0.6534308469176253,-0.6780038564425389
2019-07-17,0.3579948631191253,0.34549377811657356,0.028814746391310056,0.14565576120275747,0.024299666755448174
2019-07-18,0.15986047858060076,0.09128957686829399,0.35055824343788455,0.06778622402442086,0.26835811211056504
2019-07-19,-0.9011142736227251,-0.8079560183633282,-0.30418473119223294,-0.20367474306318784,-0.8637743316574298
2019-07-22,0.24896067106870967,0.31975773617575326,-0.06118151775850099,-0.05548262462144347,0.22803187877638265
2019-07-23,0.21532793937023595,0.18352706243736255,0.08408052292407964,0.21093799321926093,-0.26009079948141656
2019-07-24,0.5244675144497628,0.47828197398518235,0.1899583713741275,0.3450613041257524,0.6434169853914871
2019-07-25,0.38594123111167744,0.27975995879672766,0.3019117145677701,0.3756017075408521,0.12922903108903983
2019-07-26,0.3995238867493591,0.38161041378682675,-0.04609281156417193,0.003638290252371182,0.44308115078058263
2019-07-29,0.582710489417348,0.6787883989600005,0.681881493670179,0.606363160184825,1.138983286560447
2019-07-30,-0.08030520354179774,0.10419164312901906,-0.08870724117069881,0.4068930210423459,0.15136132104921504
2019-07-31,0.457754957756231,0.3498489097873304,0.6016935650367317,0.575262598946321,0.16375979811812463
2019-08-01,0.45362661251063424,0.42825034175232685,0.21001924952259654,0.08425692147064447,-0.028196908571737178
2019-08-02,0.43812819679175075,0.6335161841073924,1.8974743466077897,0.01565131682688914,0.776784055943923
2019-08-05,-0.42781326312233797,0.1674884257212877,1.0141312846585386,-0.6318035101309236,-0.23949516248435723
2019-08-06,-1.1847435287871853,0.4297422834345386,1.3270010498455147,-0.741303487650794,-2.2617021554479715
2019-08-07,0.28398395504970636,0.022086457405030985,-0.6737737270872685,0.09694391565003646,0.0659607698452862
2019-08-08,-0.3522469412261928,0.0622203123964129,0.20713810043511227,0.12515075521251637,0.22877177169446428
2019-08-09,-0.6107482299380917,-0.780836012285705,-0.5160339030922746,-0.38915544769205035,0.21630423274370875
2019-08-12,0.23941988342587583,0.4877113325132447,0.94730722704942,-0.10363061239227152,-0.2535845350396022
2019-08-13,0.4025793031035048,0.3402553575356173,0.3867830952612584,-0.032471877312493166,-0.4998233735650067
2019-08-14,-0.26184234851319815,-0.6321747192020197,-1.8071423689580464,0.4060249551101272,0.011132262159509562
2019-08-15,0.7598112144861403,0.6402857654129739,1.2117685388795412,-0.16726368783306783,-0.11923996045695656
2019-08-16,-0.22744597562549618,-0.2573878331071854,-0.325386410346847,0.043413403356303795,-0.41648034786455496
2019-08-19,-0.4943364167513601,-0.22497983922101736,-0.5997970859840165,0.12730332386196602,0.5567462353104785
2019-08-20,0.31607692971972895,0.46397589723016086,0.32255857555115497,0.2831843505213296,-0.6539044108458024
2019-08-21,-0.39081800684279167,-0.28163745462300765,0.02376435238190223,0.16777874619509808,-0.14745128821343248
2019-08-22,-0.21835503305179055,-0.15473888825190743,-0.4619719860278779,0.27585553467596813,0.37068389938470947
2019-08-23,0.13998708079772632,0.4342605508687408,0.5380060309688597,-0.10240641717534767,-0.1834905276344696
2019-08-26,0.5511853980461485,0.7176782390859959,2.2739767875065136,0.3665375243927847,1.2540000657686672
2019-08-27,-1.6565442221020152,-0.9004812450224443,-1.926093271532536,-0.6559383363724216,-1.6238871337716918
2019-08-28,-0.054283417479933205,0.19338816075145931,0.3053414102804324,0.05765305249373365,0.8060466058077889
2019-08-29,0.34637477700106,0.24675117117406534,0.0028642929881597112,0.15582430853185333,-0.37397292128727366
2019-08-30,0.24375548797235685,0.042049685568595244,-0.31896364133135874,0.4895557088753151,0.5328212063584008
2019-09-02,-0.04159253701653519,0.1323275719412048,0.40840255924163116,-0.008330611002349199,0.14953711226392996
2019-09-03,0.002797386282542655,0.2209693422123845,0.1887069693533202,0.022295393078085562,-0.08921457758614308
2019-09-04,-0.860350334807254,-0.7550915201837036,-0.46158098688306914,-0.6004504760697227,-1.4689854222625973
2019-09-05,-0.12741176436915763,-0.5557216075172903,-0.9871541873950526,-0.0015013568472011518,-0.061289411307568764
2019-09-06,-0.19535227029273844,-0.16958862169677957,-0.8903530410429111,0.33791232319527237,-0.5143499544617252
2019-09-09,-0.05737425489141931,-0.5184262179185424,-0.3891412041581542,-0.04467958155513521,0.16832690097592862
2019-09-10,-0.35981475571834615,-0.27886952949103994,-0.6236334637729118,-0.2698248349258231,-0.8192581774195798
2019-09-11,0.20889958767738892,0.09724083788884212,-0.1575129793921567,0.1977038623742585,0.2876631283234252
2019-09-12,-0.25653929006197346,-0.21889844736772285,-0.5967489673261529,-0.1935839989961845,0.2611314610383122
2019-09-13,0.648679349049631,0.13619823008004356,-0.017713354240996973,0.8278983631267138,0.5600734020084164
2019-09-16,-0.18409857441051763,-0.22438936345642252,0.1684979165232036,0.16291249263124366,0.22134164026907666
2019-09-17,0.3871880804309379,0.2350464009251147,-0.1172340521282329,-0.06477283413937454,-0.7512788957445146
2019-09-18,-0.36373946556601916,-0.03322165979883882,0.011016109438796926,-0.29454117571540367,-0.11549609087555086
2019-09-19,0.6409489502983571,0.5805390323821265,0.2856153551676359,0.28868542999715796,0.8270333159727011
2019-09-20,0.38593288259318625,0.5063789991107553,0.8465253599519674,0.11132067079591694,0.3694676798345419
2019-09-23,0.4287641517081217,0.3464776673339797,0.7298766398572933,0.47156965079693736,1.1242942209076483
2019-09-24,-0.46549033358813185,-0.09133213616554477,-0.07230958155854121,0.007749373233573387,0.6347602574443498
2019-09-25,-0.35893016695794516,-0.3568996427400369,0.04965176016594028,-0.37058062305680317,-0.9704681533082669
2019-09-26,0.42508553165485374,0.6495510748912257,0.16640591975940722,0.20438834677512652,0.45093023621147066
2019-09-27,0.046750333392019165,0.03722294030364011,-0.03670766060545045,0.0509463302081434,0.2506962653178184
2019-09-30,0.027545877055513916,-0.11278776324991184,-0.2823923873947333,-0.40440944530519823,0.933774137011263
2019-10-01,-0.24481479492868669,0.12038908452515011,-0.008133331013880757,0.31986222117933094,-0.34096982922477914
2019-10-02,0.6442242561578773,0.658604470170539,0.9770436145008754,0.48354100112337794,0.33323166547213906
2019-10-03,0.03270441648127912,0.0037137082210432545,0.5525738085453615,-0.07603734568016762,-0.007289512174435339
2019-10-04,-0.5449185722402751,-0.5431785886152969,-0.23293574177907223,-0.2662743548037785,-0.3710556104714337
2019-10-07,-0.3195881548912922,-0.2888846819258205,-0.24807304504728422,0.4351019317432098,-0.05207446242664307
2019-10-08,0.46842430908397326,0.4705015597476988,0.021744514038527795,0.207053755633307,-0.2915077158945412
2019-10-09,0.15933035391181785,0.07985311757496595,0.34388764053363485,-0.11657693107527092,0.229606493820466
2019-10-10,0.315028010990003,0.13929282011751684,-0.045018303114106484,0.2498571726449405,-0.08906072425253576
2019-10-11,-0.4285215338385007,-0.6582548867345961,-1.3347524092839906,0.11759880084394626,-0.08493764798274289
2019-10-14,-0.12770338213086296,-0.512982455596847,-1.0663542330156448,0.04743349487831183,-0.40656584219197783
2019-10-15,0.6037782012040758,0.31363299006336537,0.3871966014988323,0.3389428776873638,-0.5097497652715851
2019-10-16,0.17051956458690382,0.3328499130437903,-0.023085306918261723,0.3137276910035825,-0.17179005452195412
2019-10-17,-0.22058795662238484,-0.04237971666001832,0.06097826423029716,-0.058048454100862124,0.1320334802883979
2019-10-18,-0.8063164917576018,-1.0218887992059806,-0.9219873682710097,-0.3720006368681358,-0.7177701507613183
2019-10-21,-0.4329494673860711,-0.34749133879218885,-0.20091510590688505,-0.47395576773830317,0.10872464395630903
2019-10-22,-0.13603082003751893,-0.32593205562496436,-0.48301423962473927,0.09857908120541345,-0.4032988110990222
2019-10-23,-0.0017791900378073813,0.12173827686655811,0.2282644401184283,0.15037608599159144,0.10822796382342885
2019-10-24,0.32810241924218586,0.17330336011157504,0.03998175007556197,0.3096617057941637,0.6962165475707798
2019-10-25,0.46470722720308433,0.4876222552832824,0.515167766930178,0.18054349080735435,-0.07136224733515482
2019-10-28,-0.03847239990162832,-0.09220417447788343,-0.20725906285557322,0.27690549289590644,0.37104744169734805
2019-10-29,-0.27471451200890085,-0.24213976268917134,-0.4662281697266774,0.18595887160102736,-0.03115957751389825
2019-10-30,-0.22653076773928485,-0.2338464252391802,-0.15972203938182455,-0.07030099647821235,-0.4639996425046008
2019-10-31,-0.46923815178421785,-0.6194284422335814,-0.5230330605419533,-0.4634814148209488,-0.830105810279064
2019-11-01,0.2763955558782309,0.06198229751070325,0.7880348802803672,-0.4514077810515117,-0.020590611112590168
2019-11-04,-0.3056315109142991,-0.35406919818683336,-0.5234875422691847,-0.08785898135915293,0.3007483477256272
2019-11-05,0.47339986405667983,0.38674433302542477,-0.08638896725825608,0.5253057274887245,-0.2430981869349757
2019-11-06,0.3246183896135766,0.012090229144878338,-0.4002643027878292,0.6746843947499672,0.0942833719919979
2019-11-07,0.3707403472929485,0.18228476016973943,0.3947509634241081,-0.039870543840489825,0.07085608943749494
2019-11-08,0.015387902455090316,0.2524573087495953,-0.06444866486052604,0.38312435332221995,-0.28384655064300524
2019-11-11,0.30324349591378713,0.03889356422654655,0.06762291705432681,0.19385179591041243,-0.0023754971609644404
2019-11-12,-0.07596485134360126,0.11750487813898647,0.2899315050781742,-0.2783012593945223,-0.15633644881341338
2019-11-13,0.11798961969528696,0.09104610089688044,0.14231475940460675,-0.11238195328860842,-0.22181911233382265
2019-11-14,-0.14966842794686666,0.06823351493617241,0.2397179387367575,-0.328190234630442,-0.4675387055239822
2019-11-15,0.7780560771564987,0.7511166038651482,1.037600496337727,0.8217273084242364,0.9400818698910064
2019-11-18,-0.17345006124198806,-0.3879934753742321,-0.5703339199576918,0.24478130715772464,0.10044970671944387
2019-11-19,-0.12697601386901766,0.134676969116786,0.13551237848651793,-0.042664827606559985,-0.17051281099712778
2019-11-20,-0.31794102850246103,-0.2684091476021031,-0.05603000352253454,-0.338640081599584,-0.19722030027670823
2019-11-21,0.24627591513775016,0.3587456738094093,0.33713713446105154,0.19211490434966275,0.4684455388833566
2019-11-22,0.2625419661051349,0.16557402921723588,0.058414765204240854,-0.48666454706833934,0.2577671795181983
2019-11-25,-0.17118717126666694,-0.05182315564190573,-0.18306240990756215,-0.5084054982020654,-0.06836488549918754
2019-11-26,0.25135621486473064,0.23874027717770738,-0.01646852762229494,0.6572720724814489,0.3584669756325586
2019-11-27,-0.12196120811744049,-0.1862140134269727,-0.2760603931616226,0.00835458188293789,0.22410114882704707
2019-11-28,0.3721598896939382,0.3173000553219912,0.06441617880189573,0.026150611072879804,0.6284817626419549
2019-11-29,-0.09130634831271314,-0.015548994959681373,-0.14642417417971731,-0.14081001607526264,-0.3788271720001084
2019-12-02,0.08709762883088196,0.053620870650483286,0.03164658309674109,-0.27556306626589444,-0.2578343948867128
2019-12-03,-0.8837680754188307,-0.7878393800788623,-0.31839166770025845,-1.1490715625410013,-0.6874699247783549
2019-12-04,-0.8082566741238643,-0.46234350311344546,-0.11157463711186767,-1.0249760106621173,-1.0078069622079433
2019-12-05,0.11830609786233097,-0.00641605603823176,-0.16917811333447635,-0.5014604975656245,0.5133641313327464
2019-12-06,0.3449672317755754,0.23758957485554194,0.3250577996918708,0.20949323913360235,0.47928226100786825
2019-12-09,0.1204287688382708,-0.02428384286430272,0.0854399145331648,0.09303005422435164,0.16306150519388515
2019-12-10,0.0501135559913541,0.09951131692362386,0.138193314575148,-0.08236428148228718,0.5826868594159633
2019-12-11,0.3130175358899472,0.2514084962849681,0.08003139965169338,0.20270089840052488,0.26257626721271893
2019-12-12,-0.9086193936957924,-0.8633743494737491,-0.6683836726329696,-0.67890585504648,-0.4403853345041912
2019-12-13,-0.6286992344217368,-0.8427393320168635,-1.638534314234001,0.5344150523603661,-0.6549297903194149
2019-12-16,1.4225456314766705,0.7532958398766321,0.7395574936839283,0.6429536491761126,0.48390938077690676
2019-12-17,-0.021692459879589343,0.029346248877999477,-0.07239144074885505,0.636187152403882,-0.22926968367442158
2019-12-18,0.06705152942842584,0.3007698831287196,0.33076446003670307,0.819071829082903,-0.14847793563158035
2019-12-19,-0.1370783957317892,-0.011762192565282364,-0.04085557104101816,0.19615963423108293,0.27048572647919594
2019-12-20,-0.6450744624012941,-0.5712292962561429,-0.4199480244515814,-0.24853962121872306,-0.8394779217950598
2019-12-23,-0.14368263286509192,-0.16196533657436243,-0.2737915921916612,-0.02378506475441902,-0.018154328529191147
2019-12-24,-0.3867903164927502,-0.30916521993776436,-0.1958705878663665,-0.48556238322011686,-0.55141157645026
2019-12-25,0.10395743161316323,0.041442899288240666,0.048221302803338,-0.1948986791886267,-0.3911668259149685
2019-12-26,0.23455657014280093,-0.035497433470296484,-0.021070151297266655,0.12014487732152743,-0.20094180286052898
2019-12-27,-0.4140017959006894,-0.3173874191789688,-0.47376453201309277,-0.405642006967627,-6.883694643881784e-4
2019-12-30,-0.537948496200255,-0.5298823468079543,-0.43650523672918734,-0.6364569439090804,-0.5399337573806249
2019-12-31,-0.1568956664173434,-0.2734246161601301,0.24772274741364492,-0.026800430395408414,-0.3461385138006531
2020-01-01,0.11740199744963123,-0.22196059250114433,-0.02466090168237952,-0.017140488256155807,-0.21432368638514282
2020-01-02,-0.02236847338493609,-0.041797615491651244,-0.07758335281348505,-0.10723877091205455,0.28936522665453857
2020-01-03,0.4682440601789315,0.49349084382553987,0.6472128113666278,0.1789925356886919,-0.007474543527308787
2020-01-06,0.6040169023748397,0.5983783847440444,1.1475967570862033,-0.0836909105565739,0.13794480190089956
2020-01-07,-0.01749625591660456,0.10697123575454971,-0.2945798071107097,-0.07382641860510053,0.044409694207259535
2020-01-08,1.5296921595891406,1.1119418420707625,1.427169267301405,1.1816758030627292,0.599996469258421
2020-01-09,-0.1059607111718749,-0.16531820308972942,-1.0637869461533362,0.5894483687342562,0.9411109500321648
2020-01-10,0.15754057413897196,0.2741511703956919,-0.22886023685977488,0.7379450131468133,0.7388071792321622
2020-01-13,-0.06410182542234259,-0.6634758560125219,-0.70010062584837085,-0.37876469948361685,-0.2541504650658287
2020-01-14,0.2566464539160371,-0.010572938524924878,-0.3890537574241164,0.28746438698398746,0.29995241927187505
2020-01-15,-0.05754167744603117,0.059456760217095166,0.17340200591255253,-0.21709167074089214,-0.08818567433149795
2020-01-16,-0.021431465061135024,-0.1799047800137028,-0.17413564270916612,-0.12929915635468187,-0.006090080823282544
2020-01-17,0.2685256986635365,0.1062929844007624,-0.18087697597658242,-0.21531536830336417,-0.22030782369810745
2020-01-20,0.5794004273414575,0.2756511642422954,0.27608324456948724,0.1747729116357443,0.11808542595454166
2020-01-21,0.005548127672717052,0.08754326869973146,0.09929429603866566,0.288743425043045,0.10780257011373753
2020-01-22,-0.1520728976461573,0.42541570510135285,0.6629433341687277,-0.42040165079558184,0.24757996854719455
2020-01-23,0.03400371524159667,0.07100491433494116,0.24215823862303087,0.36001066064471143,0.22334172704985855
2020-01-24,-0.3791111259111832,0.03820657640377216,0.19078200075322724,-0.16530393756990774,-0.2652243290394932
2020-01-27,0.5286801085991688,0.5629078773195103,1.2450147716865618,0.3884580486672271,0.5038117183363853
2020-01-28,0.6376203324368541,0.6014866535074296,0.5201573963318642,-0.006971045471094464,0.5182826912429936
2020-01-29,-0.009782863618380933,-0.0285744551361488,-0.2588775764967408,0.25883357803603735,0.3248375348698703
2020-01-30,0.15960803221225373,0.17084939465186857,0.2910028132980496,-0.15309839148477358,0.12058292971970423
2020-01-31,0.6635597864353595,0.6621062536525725,0.774984372054663,-0.0664654810719794,0.1897458404186173
2020-02-03,0.25755396807249026,0.22818175979241354,0.6968238874464634,-0.5085131382925487,0.4469037004642143
2020-02-04,-1.1713510406013703,0.04523889551766884,-0.17701440163253207,0.4128796787721393,0.36818004043552705
2020-02-05,-0.3694587520314379,-0.6130605671214796,-1.408233154217039,0.032167457243020635,-0.26687479652189094
2020-02-06,0.06469619251515812,-0.3136685788178283,-0.6693369319216138,-0.35819049509506373,-0.458918416286096
2020-02-07,0.3213920323942902,0.2684348345565678,0.15131244506766708,0.06498501740270976,-0.20717760182181225
2020-02-10,0.49854280324144773,0.9236322069767016,1.2350573023586313,0.43599594844398726,0.8340455939352353
2020-02-11,0.0022382569194385298,-0.24568650912459128,-0.3423645013925147,0.2524012308059601,0.19880716644611401
2020-02-12,-0.20763206051462224,-0.48183795856215894,-0.587024513053598,0.023081730047048478,-0.44415986214745146
2020-02-13,0.014924180003919199,0.11946469096716805,0.11440776372574096,0.39421187713662753,0.01515441729047999
2020-02-14,-0.2017551201159928,-0.13044885872644044,-0.02955047614151496,-0.47954138916772115,-0.07844087441953242
2020-02-17,-0.21194306599807722,-0.06301431963368301,-0.09767617584887527,-0.07612697214459543,-0.41889967323200883
2020-02-18,0.29724587195980684,0.20930170707910878,0.17199536677062785,0.037937110543457025,0.3762523501238938
2020-02-19,0.022097947064563504,0.24307666420184904,0.1665500150440496,-0.2364150965182198,-0.007888425694185408
2020-02-20,0.15836833912027176,0.18220045380756544,-0.98954747862236625,-0.08593030805103477,-0.18499030961962626
2020-02-21,0.7060985884607816,1.0582949987948949,0.35040283293951663,0.0051393555701345975,0.6360285238801404
2020-02-24,0.09220630462442847,0.12892705138454136,0.509279016528455,-0.0360321074382782,0.5190275947050852
2020-02-25,-0.12189531238753219,-0.09192739759736183,0.5493421994945475,-1.0815069264536112,-0.2340642569691897
2020-02-26,-0.021247809896800265,0.11142262609548988,0.623482117337737,0.08421412712492565,0.3013400626927161
2020-02-27,0.8460295604876329,0.8890500088572646,0.8259253824638314,1.1542518401869715,1.2352679941611322
2020-02-28,0.05974093815690105,-0.4886879351002491,0.13402409787548875,-0.19864267829396243,-0.6983784010009514
2020-03-02,1.1364572817663383,0.9456204338643613,2.75942491150077,1.7701847023792863,0.5307365885586859
2020-03-03,-0.5318200124313669,-0.43198207413843875,-1.1140853188667166,1.1141499494432612,-1.302866188479812
2020-03-04,-0.03870832807636294,-0.5723787434984834,0.6760026817975913,-0.014588162930989246,-1.458181062579586
2020-03-05,-0.7280372722493036,-0.6592106270864528,-1.1888531361093138,-0.5260866899726139,-1.8224705692617258
2020-03-06,0.5484334576696634,0.14279822742122877,1.4296398560509112,-0.0566991488730163,0.16875268038523578
2020-03-09,0.155677610149415,0.0539889315906739,2.3283819001098447,-0.1391715457102914,-0.09341999970459391
2020-03-10,0.02206966746561821,0.21911399659967568,1.049602392938194,-0.8240798243638158,-0.34292745530152946
2020-03-11,1.3635964340040228,1.5279712011724318,-0.36710011170388773,2.5302863582010513,1.7306842756914234
2020-03-12,0.3348220128364672,0.328732827457147,0.7194614944040204,0.6067135956688657,-0.16062924153359687
2020-03-13,2.217492348651782,3.2093750555217615,3.204607799700498,1.6805407984103586,2.430136718198226
2020-03-16,1.9899953371787793,1.636225874992889,-0.33890562061257734,1.9035554695014478,3.814639568243355
2020-03-17,1.5516579201831098,1.2521130848592592,1.632063385853199,0.3679518744927245,0.1359841281880576
2020-03-18,1.6277163116336726,1.821313319056626,0.7372762304442215,1.1841329766076267,3.241828139772707
2020-03-19,2.5832240421108947,3.101796550447153,2.136792344673848,2.285486373369527,2.3112182495675637
2020-03-20,0.4165593759421389,1.227687244283059,-1.451733237435512,1.6262475600423811,1.2037778181521754
2020-03-23,-0.042976516215906736,-0.20115981548832335,0.43935370836621007,0.45667644257566875,-0.6490341350781517
2020-03-24,-2.0852196938888627,-2.110688836000484,-2.366406419103396,-2.517813291606053,-3.4077034488616884
2020-03-25,-1.3903620094819833,-1.728508616709704,-2.0439630976030787,0.4482122870707861,-3.1675152928153336
2020-03-26,0.37388060643871895,1.1347432536837634,1.3792115972232828,1.0531470170351067,2.564172834578417
2020-03-27,-2.221096833964911,-2.8252950555500203,-1.1420032232402921,-1.0860216761043344,-0.8952463700345976
2020-03-30,-2.124765668069398,-1.746325045258629,-0.18922429578806535,-2.1144466203250207,-2.855674534469243
2020-03-31,0.05446968926181345,0.2103174478921636,-0.3415685058918219,-1.0011414296009913,-0.1426602478804201
2020-04-01,0.8328997889094409,0.5087651355092762,0.9932066055414263,0.6188183133508942,0.6627274279386881
2020-04-02,0.5464835849553427,0.7667020378272627,1.0277004735558841,-0.6862397724666488,-2.0932754681823833
2020-04-03,0.7037002115101606,0.46760674135317365,-0.23229761122263756,0.8639344011196893,0.673915472379244
2020-04-06,1.0532621447571728,1.1452305713947966,0.45923774113063115,0.6630584569456885,2.4839694366292524
2020-04-07,-1.9796803973554618,-2.0072868739913146,-2.387211564501427,-0.7099553448732885,-1.3145074582794831
2020-04-08,-0.06470827881836656,-0.6300618531815376,-0.23935350189370896,-0.24656561678531502,-1.7400675313688796
2020-04-09,-1.5766743192604826,-1.309393024313706,-1.506179927416765,-1.1764944922610392,-0.6558752871891057
2020-04-10,-1.3280198888519976,-1.604529161016718,-1.2766997024001088,-1.5372369078969026,-2.5206583535952958
2020-04-13,0.015935930329151242,-0.04016569654554104,0.18154083895221446,-0.6532360194482051,0.20448415217453586
2020-04-14,-1.2315959791925823,-1.036541302085375,-0.33220367040028614,-1.4095857344726463,-1.91289872350392
2020-04-15,-0.5515337595701736,-0.5417507659385947,-0.05813421282168364,-0.9381412649390092,0.44737235852615276
2020-04-16,1.7078879822590147,1.9725214275004037,1.51084739704245,0.8773852122515553,0.4150117129944193
2020-04-17,-0.8315482312772656,-0.7387693036852482,-1.0457925118458364,-0.8861856570102252,-1.200157506647179
2020-04-20,0.28192080899340677,0.23814522219617978,0.45344318431824626,0.8731909714623487,1.4039088544671137
2020-04-21,-0.04844920695964767,-0.043221677042292295,-0.020971827950230088,-0.019130184220562674,-0.6798125283548708
2020-04-22,0.8298182696270634,0.7852061576031873,0.7422057824163567,-0.14861778902190778,0.9831134611556771
2020-04-23,-0.19750284973536467,-0.03589777501415237,-0.13290316642978933,-0.3234868175301677,0.8414238500344063
2020-04-24,-1.0102270231216115,-1.2601350140150551,-1.1258298227027106,-1.183041157951179,-1.1523818739463039
2020-04-27,-0.6075417856743147,-0.3324320924369681,-0.192735729712594,-0.5848534140136561,-0.32531718873389404
2020-04-28,-0.8771167175800538,-0.8056139468134285,-0.5724708537253189,-0.19669674011794036,-0.7111762488074723
2020-04-29,-0.766562391164516,-0.8455058951660587,-0.3406440902834486,-0.8992486356735468,-1.3015985881984058
2020-04-30,-0.7892848197532455,-0.8091541178297644,-0.6683414011750782,-0.3498721455623474,0.6010032422011193
2020-05-01,1.0808188370886667,0.8976198425714427,0.2665210103795443,0.7075509933130326,0.4251767416418776
2020-05-04,1.9336855963409412,1.8768868983467288,2.387812685784614,1.094682655387124,2.0494241191955966
2020-05-05,-0.6730296180041802,-0.7472778126534317,-0.6644892809941076,-0.4029193246376823,-0.7837187622370569
2020-05-06,-0.25085476165540144,-0.18892251279501643,-0.03248954014117973,-0.10179308925631056,-0.7481751152269549
2020-05-07,0.11307362025519603,0.7264144779976798,0.9907011306966005,0.13278814734988764,0.639352067496232
2020-05-08,-1.4522880594073098,-1.7428744079599299,-1.8774054651116174,-0.8688607178223229,-1.5368622579461109
2020-05-11,-0.46552408252620037,-0.5638701250154536,-1.1425091930225886,-0.8673078783581794,-0.04688195489406441
2020-05-12,0.46330027139756247,0.8244484075239338,0.23946850285058174,0.3268200700468765,-0.1949166603287438
2020-05-13,0.7212622760355014,0.46051176862345333,0.8884179464831052,0.23982384449193642,1.2468042596500835
2020-05-14,-0.08977605293467596,0.012123742976280993,0.21407352802816085,-0.08078100190685225,0.5438096532898502
2020-05-15,-0.32566668151509043,-0.2565913038561947,-0.6783500654914217,-0.1575915200500707,-0.27612704833522345
2020-05-18,0.5943565432989216,0.7017215320792913,0.8255618958206296,0.17532195534641692,0.20993793291551352
2020-05-19,-1.6038231496298254,-1.527827622008339,-1.6551874539518265,-0.883356132401582,-1.2157623157461606
2020-05-20,-0.19070361374683342,-0.2681203212368265,-0.7064722795843982,-0.46672178114787854,-0.9416203753187217
2020-05-21,-0.6832610577913956,-0.7636011135368924,-0.5472000338656704,-1.1217932871822147,-0.6224641350364489
2020-05-22,0.03972025591668835,0.34420141931191517,0.3431473249773349,-0.46306388417134153,0.5111944195679495
2020-05-25,0.1312413009898695,0.3610402841187624,0.25579247191940224,-0.4104659923626125,-0.059763583351405566
2020-05-26,-0.10543356463662938,-0.04411595500003057,0.012358526635339564,-0.13329653263586988,-0.2131169434837784
2020-05-27,-1.4933385110575654,-1.49214923760015,-1.3289386734357542,-0.9097012692765334,-1.1533162434637538
2020-05-28,-0.18148010967233433,0.3436316277091603,0.06026945397075419,-0.39566453652341355,-0.19494666057098453
2020-05-29,0.1589387042027681,-0.14895093290665404,0.0037848281216600957,-0.3225742873524213,0.029239153244871058
2020-06-01,-0.25545620909939426,-0.4301944020334255,-0.46731068344228127,0.13373373600634852,0.1995126688648172
2020-06-02,-1.7639417265034276,-1.8628864350821226,-1.7421596848022716,-1.3103858208797696,-2.1334762890106393
2020-06-03,-1.6033592499089868,-1.9285371732227352,-3.080018320826099,-1.8715064287078784,-1.3320404298373711
2020-06-04,-0.4794096355568658,-0.22100415682778127,-0.4323731768648689,-0.4866174115885368,-1.007122044869062
2020-06-05,-0.06660927648770248,-0.15727938426014831,-0.20655090958760364,-0.24539424369032592,-0.2191079598261747
2020-06-08,-0.4902971938052121,-0.8999028253076918,-1.3488960429670442,0.06262349143798118,-0.9454323850685731
2020-06-09,-0.19412519565157807,-0.3350031228303695,0.7717556044639302,0.1184286161227302,-0.6040729894651222
2020-06-10,1.082858536285231,1.173151247689505,1.8076493310881179,1.1378072694803147,1.247293182619546
2020-06-11,-0.05687642523352837,-0.3390785803345379,0.4199626484418559,0.5382565964641342,-0.6380932371197935
2020-06-12,1.9002938663429148,1.9653541366864618,2.1129967673783088,0.9449223785336017,1.1818197682423293
2020-06-15,-0.046620872039285804,0.15420093304425336,-0.32118001888147873,0.515741403320335,0.8622340136853578
2020-06-16,-2.1064848633609277,-1.9785841208828445,-2.164559387781537,-2.041653390131984,-1.8573715222211633
2020-06-17,0.8388453647562965,0.8919956749568823,0.9111588578164911,-0.041813117561270485,-0.2885447571047197
2020-06-18,0.4187720879939739,0.31862340705033376,0.8722158590921484,0.07557246490807296,0.4251875362673964
2020-06-19,0.21876788996268617,0.2527044493005274,0.14677782218218757,0.47269199960699243,0.5315631705939863
2020-06-22,0.7457481660900248,0.5198065630748667,0.6473909071399929,0.4855346411775446,0.7690316788023699
2020-06-23,-1.482430062066079,-1.5809479100961885,-1.6275714253091715,-0.9933424213798685,-0.8625928227089419
2020-06-24,-0.10140389975267405,-0.16440539961540276,0.23666331511352148,-0.496716845361121,-0.03837440395847487
2020-06-25,0.9645242771044724,1.234977792872877,0.7105716324749969,1.3952241237857754,0.7509026887494528
2020-06-26,-0.3910283899248657,-0.44397737755215577,-0.5578266818250732,0.19697986554830052,0.22647465981994547
2020-06-29,0.3301641073259927,0.3616998487595597,0.2827789551483005,0.22805338578351741,0.29389857242275214
2020-06-30,-0.14712346976951465,-0.12160953067828109,-0.4577513211898181,0.3700331586644983,-0.2079741733812766
2020-07-01,-0.24073953120145872,-0.4574557218218403,-0.8381615080120834,-0.24161381954270156,-0.5426920073474147
2020-07-02,-0.2550751829460022,-0.1591554937792061,0.4075623169664031,-0.5141033743810917,0.14828419452740937
2020-07-03,-0.03119761704616124,-0.09270764722748114,-0.16704245618180402,0.06116759165266883,0.927138990990825
2020-07-06,-0.41479250505007303,-0.41870462014026233,-0.5232038556338023,-0.4693236774038536,-0.22472574336305035
2020-07-07,0.24605812082593798,-0.42293814606108787,-0.21359143515893722,0.06179435604800801,-0.37230629526452697
2020-07-08,0.588474741629095,0.49660990859264026,0.3044254493887656,0.10950660547625439,-0.2425024869134894
2020-07-09,-0.5055563775242142,-0.6579379496714581,-0.38167761039757314,-0.3136078941492539,-0.455231357502581
2020-07-10,0.5317270729576569,0.40613967236569143,0.4510958070205385,-0.017858889432731048,-0.1670908146907819
2020-07-13,0.18892197019885892,0.1537119857664438,0.46086163035893574,-0.13569487673808783,0.3498832262511013
2020-07-14,0.08143469053138952,0.12908330286170278,-0.1995562020463879,-0.2753824578304539,-0.18285301362026282
2020-07-15,-0.6932945522715578,-0.6860874560649705,-0.693087364247636,-0.8156773111516475,-0.905507010735599
2020-07-16,-0.22160756898211395,-0.31704975207755776,0.00397082300019061,-0.19007017520468933,0.17210985697630352
2020-07-17,0.4446078577064259,0.4588351748681467,0.13276384970347205,0.03671008389426794,0.42858092310517393
2020-07-20,-0.3938407850638257,-0.38418242875780617,-0.21074207018190444,-0.2393164111573458,0.043209786379055745
2020-07-21,-0.20891080462936945,-0.309281195209999,-0.40826486219719754,-0.2129418076077594,-0.4246188597009448
2020-07-22,-1.514573075998951,-1.5486249862223034,-1.2142494877721681,-0.9469886645330718,-1.3216971299461495
2020-07-23,-0.4384512198430733,-0.1118652171680187,-0.4215412574364316,-0.7229762316973586,-0.3379567220173251
2020-07-24,0.52173342396521,0.5972169008560977,0.9150552864853533,0.036928529797447956,0.5666604404567489
2020-07-27,-0.11225932599772026,0.023311501188111722,0.860002493373221,0.06754482908439463,0.1833746306132945
2020-07-28,-0.5478131762467962,-0.849815608588116,-0.1658246763063469,-0.540813331386036,-1.15957050965644
2020-07-29,-0.1431240052742103,-0.04092866570008394,0.0979725197586965,-0.41839864400560084,-0.32251507162720044
2020-07-30,-0.16271958129998856,-0.1436819199548845,-0.0744866453125665,0.46867773344063496,0.16377888718518735
2020-07-31,-0.5515969060073866,-0.4602325638699509,-0.12048718217093551,-0.24128551935459303,-0.6276426732323975
2020-08-03,1.2332280229465489,0.7911205915285315,-0.33236448082901926,0.3684222803091054,0.7841087348555159
2020-08-04,0.4272387361239111,0.4257516035743907,0.2433350506954893,0.6523801061066377,-0.002805819274212057
2020-08-05,-0.7374721045256634,-0.8315852081596015,-0.4145170737068678,-0.6354775089399705,-0.7439591992609214
2020-08-06,0.18188541679324038,-0.32384683060738517,-0.27362718652891066,0.05191048544319232,0.07016303349284053
2020-08-07,-0.6663475192374612,-0.4371932906826032,-0.4603114944527713,-0.1710071002788522,-0.43661465768570573
2020-08-10,0.7685039399687781,1.012447652139064,0.7634501507010887,0.5427010917718806,0.7867214040544359
2020-08-11,0.145350031505943,0.023441393970677273,-0.10422924238531481,0.29712071223593267,0.023213674629970746
2020-08-12,0.39037341209918575,0.1535468820739522,-0.3538581754220536,0.37433097880179356,0.427922506301629
2020-08-13,-0.12212014999742273,-0.2524548991999168,-0.5590699589565087,-0.05334330046394392,-0.03360460445281735
2020-08-14,0.09909903652437649,0.20186477019456445,0.06284969190829903,0.19839463731459842,-0.13626987268903337
2020-08-17,-0.6843098243404762,-0.5891926156933358,-0.1849899665578673,-0.7627568584314282,-0.45990152639611664
2020-08-18,-0.14846969688494754,-0.3847977605627353,0.15936356851359249,-0.28187136816952,-0.553746592896446
2020-08-19,-0.3822388613431243,-0.537600738848407,0.1935743780828686,-0.7067790827647954,-0.352769595033035
2020-08-20,0.970011213535341,0.9453759402768669,0.15760365261803302,0.996620402580596,0.6948266348482042
2020-08-21,-0.11352207611351015,-0.21126534210739872,0.13956664347745068,-0.33117981406671715,-0.17882799322654103
2020-08-24,0.5352870024957355,0.58849750650709165,0.42227195486041397,0.008706462004538285,0.6804260865225813
2020-08-25,-0.07262429552115288,-0.06537574966400128,-0.20443130851775793,0.08039252185168896,0.7085587186507648
2020-08-26,-0.34166191513674943,-0.453952089959487,-0.8333193316812477,-0.09924418265261586,-0.40028713193624355
2020-08-27,-0.2616542398549112,-0.621732799902581,-0.13340191118935946,-0.594729795720362,-0.42489260749818314
2020-08-28,-0.4131229061898375,-0.36634618063739066,-1.0536430717822498,-0.6405674059423931,0.23147675691121825
2020-08-31,-1.067492840181696,-1.4002913559166665,-0.40579743557113346,-1.0328873448418445,-0.4833196617494334
2020-09-01,0.07652273625919952,-0.14908980312314046,-0.5261002465501008,-1.041051218113267,-0.9298293912591968
2020-09-02,0.3636838218966301,0.05985086244379919,0.12545037223564193,-0.10679984258121983,0.44485696485549436
2020-09-03,0.5225665171567596,0.6268971993352944,0.37293780329752535,0.25698989518171056,0.7648669316385761
2020-09-04,0.9320328241391085,1.0602703385396426,1.1514767659931238,0.8742106998821377,0.8664268179895629
2020-09-07,-0.25315651702118674,-0.3569130094968456,-0.5474450472046503,0.22757779592282248,-0.02799648393815013
2020-09-08,0.1499992050969912,0.0034877813091502563,-0.03714768504020109,0.10845149580433117,-0.49632008593622756
2020-09-09,0.7768427767861215,0.9978684745719093,1.3324649990428583,0.8219683896292601,0.7280403567538162
2020-09-10,-0.6865313490324757,-0.9099879684031805,-1.1345363492815737,-0.22930229526179374,-0.4797441502745841
2020-09-11,0.09886252925245631,0.15148111760497196,0.18284903594341054,-0.16649828133642314,0.12232611490347285
2020-09-14,-0.23081748556980897,-0.22494530964422438,-0.19895977687397676,-0.24646068269276117,-0.15402628004331193
2020-09-15,0.27685154852723975,-0.08879743306146347,0.3205158350356802,0.43897648722146276,-0.27672974567019015
2020-09-16,0.29995610524978455,-0.13074021598754315,0.19031171744690115,0.0057633426899372075,-0.43834583065638233
2020-09-17,0.4232368581350489,0.001985492743424744,0.31339951823061585,0.6894926507974061,0.29346347879396883
2020-09-18,-0.37526900956475745,-0.22912101811557667,0.11264133287663897,0.19776031337215091,-0.22938762825767783
2020-09-21,0.17564622094736837,0.25520693176515863,0.41618045042712554,0.7978754227624258,0.2907752276022052
2020-09-22,0.35265999056192304,0.8737051307988092,0.7227876133713841,1.0454902808987985,0.8487478001348469
2020-09-23,1.1788087788837274,0.7975170626822927,0.4693980405152647,1.2738335651533972,1.0179507474335665
2020-09-24,1.0989643410692471,1.49324523799859,1.2156054628484314,1.169783030371688,1.2471588057764986
2020-09-25,-0.06844668446347693,0.19539412265975156,0.07171933797928384,0.692452204192537,0.472354704915541
2020-09-28,0.25357522298790863,0.20104806051098428,0.04410299304597008,0.01782107723999038,0.24046866267684924
2020-09-29,-0.5593942157424092,-0.7377253136584262,-0.6133656661817131,-0.08999913340713867,-1.096783729264278
2020-09-30,-0.79103408669100606,-0.7100705005378647,-0.9227978173857779,-0.8009237069847589,-0.6818688634975201
2020-10-01,0.021200172777838464,-0.31582076532577974,-0.12624289068856492,-0.20704480451030607,-0.20986478121373417
2020-10-02,-0.2006445289569438,-0.2391419831145203,-0.2898082703688146,-0.1579129697534351,0.41558224899515733
2020-10-05,0.05935831049334866,0.08103018473096477,0.09964747064627785,-0.26225657240566197,0.003936472325997725
2020-10-06,-0.21334762676574354,-0.22221759794584064,-0.39467731183971455,0.43743455602124603,0.05945400324093488
2020-10-07,1.1465096452198662,1.1562038463389555,1.2061317897133763,0.6654942980074914,0.21110224548262774
2020-10-08,-0.31201217258688846,-0.3613735940302647,-0.6445313534539012,0.3897185408516248,0.00695094651805148
2020-10-09,-0.6004933399194516,-0.5890629185462085,-0.6760040926239779,0.09496640899338135,-0.2029522081741224
2020-10-12,0.7387430991993231,-0.637658062714874,-0.27213282567549124,0.11628668258845654,-0.3152669500199434
2020-10-13,-0.5135716178889824,0.15337087548027692,0.4629126236764114,-0.11910818683294956,-0.32778218504547063
2020-10-14,0.5903537218744261,0.6809733723857283,0.5592113960745342,0.5053311750370615,0.24959910104378152
2020-10-15,0.8472516339792208,0.3225523064433499,0.6354230108434938,0.5814914588813305,0.8076666957214167
2020-10-16,0.6320934331549389,0.7525682157576239,0.5404872650941727,1.1064281835051823,0.7641693921630749
2020-10-19,0.3178520757746947,-0.09315969758507178,-0.17288502676318193,0.44402056810735724,-0.10472265953459518
2020-10-20,0.8041002398171361,0.5503765054617741,0.49984597794665564,1.124894506261421,0.35186851577140676
2020-10-21,0.213786457496333,0.11027843042933652,0.10725768103104555,0.489336996657051,0.04961302789743527
2020-10-22,-0.41544477891899084,-0.7994990311440483,-0.0401794562246129,-0.22190318459884048,-0.8332457735791485
2020-10-23,-0.8236317714221073,-0.2978522600409637,-0.5231592003154125,-0.571679853366835,-0.47175112223509397
2020-10-26,-0.15832498898880368,-0.08311754775415542,0.12764984846089453,0.42602676567770936,-0.27605048063042964
2020-10-27,-0.16070968478969777,0.207377935858158,0.09065373062390156,-0.0900683872656251,0.004173834883283559
2020-10-28,0.012375540824283188,-0.07777674612298496,0.1845509515685358,0.1771714164713148,0.11613704289408133
2020-10-29,0.6131235619837158,0.9511194041894692,1.1827684136969887,0.4634643748951078,0.1184538967358588
2020-10-30,0.49644051794695443,0.27834124044985514,0.05461679031638934,0.8551077961372613,0.502457545708964
2020-11-02,0.8059035707708362,0.4047662173265998,0.3528468711439004,0.060776863251796445,0.11034251541540804
2020-11-03,-0.6169067290962037,-0.6269455031928379,-0.7676052855635016,-0.2615490644656399,-0.5160610695917501
2020-11-04,-1.875422983355338,-2.039211531672422,-1.878770409411123,-1.9061843513806356,-2.357803604703388
2020-11-05,0.49040172584475383,0.19853796819667474,0.29798516946360587,-0.20151463905642703,0.23808375934494136
2020-11-06,-0.34869491898148924,-1.1124707560196523,-0.261575710454274,-0.6334608414421518,-0.6939551052667249
2020-11-09,-0.4451322242369235,-0.37665042154978895,-0.023505070028641835,-0.39333320034626584,-0.26513338597868263
2020-11-10,-0.22223495660979053,0.08927120239610939,-1.7295367227829723,0.025649748714836662,0.07851004752002992
2020-11-11,0.2026608841401805,-0.011476522393241487,-0.17412566256133855,0.3909203337814111,-0.42304070115929326
2020-11-12,-0.25760636611442306,-0.024300419900378203,-0.12345546841171134,0.35919583090131996,-0.49214316223439053
2020-11-13,0.889778302044666,0.5984310960003801,0.9057799401176012,0.45909276226067997,0.14558092848428478
2020-11-16,-0.552696614152899,-0.6755333369929071,-0.2646987438943417,0.08041393331269771,-0.1580225345734222
2020-11-17,-0.14629836953567807,-0.44549508510918867,-0.3283502907539728,-0.22221983412940902,-0.3499452109452872
2020-11-18,0.7844805125268846,0.35445340902145733,0.6923691975817499,0.4089267380539935,0.20885150866828256
2020-11-19,-0.09372365789710937,-0.08225728221464772,0.22615479287550277,-0.055645366636594196,0.03905873464039399
2020-11-20,0.07524667602398023,0.4495202093448851,0.4983792810929268,-0.3213804330633753,0.8825701638240411
2020-11-23,-0.33738944130916265,-0.6442428998277567,-0.635284575033331,-0.7258635696354219,-0.6022359524297385
2020-11-24,-0.11075601863721445,0.2320400270244244,-0.4623804636013173,0.1764604822069381,0.02905984548298464
2020-11-25,-1.0186782894915611,-0.9100196138688813,-0.9113029339072428,-0.6466883574734028,-0.5277133917871117
2020-11-26,0.15423027748511386,-0.015183659283630073,0.11399873975408592,0.32140512843675817,0.18304449989084354
2020-11-27,0.1767919999910541,0.12204473765155979,0.28048920439213865,0.033212153704702,-0.22808855024651836
2020-11-30,-0.588453001263937,-0.5910187144559814,-0.42005726323028164,-0.3847403293656202,-0.46988072670989267
2020-12-01,0.5185521902806087,0.5877393238241506,0.35851495349821727,0.013417161609347694,0.4079889053107707
2020-12-02,-0.1703576918519007,-0.3111680610445558,-0.3072808959034193,-0.014918610233081525,0.2493999647847896
2020-12-03,-0.39900051389175756,-0.5207767222963519,-0.6714276042459298,0.04695726198694093,-0.48433300853339123
2020-12-04,0.016391043970564952,-0.28160215298198965,0.3189881885672295,0.4602567920032214,-0.6376611972350434
2020-12-07,0.2771101398987936,0.09207594054851224,-0.22781328876886298,0.9541573939492141,0.11303849806616675
2020-12-08,0.2350262448148216,0.19617350770523936,0.35669788299759797,0.4272637632342451,-0.09088987939089871
2020-12-09,0.050903598497668665,0.08813846639862717,-0.018714500437827446,0.14080227720306743,0.46714066919055935
2020-12-10,-0.4870861691379313,-0.3204912958050138,-0.4711899901362064,-0.3905929985913806,-0.529131667984892
2020-12-11,-1.2621689627992527,-1.2052920220660799,-1.1211320493229964,-1.2543253087657633,-1.008689734814455
2020-12-14,-0.4434828813105636,-0.3769596618872909,-0.14240866325123,-1.2071338379178953,-0.5136599074192127
2020-12-15,0.10218272993351658,0.16483621881650612,0.1232225849256381,-0.22468159068229365,-0.0659245983920566
2020-12-16,-0.024303503927266247,-0.2184593078098345,0.14713774123967524,0.009208132993877655,-0.08281856335896307
2020-12-17,-0.08755545990081809,-0.1949215657679778,-0.035565582511183635,-0.5832102757783602,-0.008816938762624502
2020-12-18,-0.6139457451409114,-0.5980960861967963,-0.2696916804519767,-0.8014895011146892,-0.4780075755973741
2020-12-21,0.2691826906565453,0.35287197905550405,0.044069261069269554,-0.4393925650561177,0.19086142395180472
2020-12-22,0.009242313481999463,0.18010143520502594,0.2854963834019356,-0.24139103459360484,-0.2463737375222544
2020-12-23,0.3956010313887601,0.3014633198380636,0.12947719032146557,-0.3634521442183471,-0.18645334455244436
2020-12-24,-0.30333150120488744,-0.3545135117227771,-0.391604593974849,-0.2038711470717399,0.18992928253134048
2020-12-25,-0.2267537395193764,-0.37744458948973847,-0.47210622525496126,0.033432186555501175,0.057861643687989545
2020-12-28,-0.25430240394573217,-0.06260665765341522,0.04758262803110286,0.008452115774233661,-0.2415522635186694
2020-12-29,0.3715889769386289,0.29760216970413234,0.16827122213924162,0.6611022588315119,0.4595335073535465
2020-12-30,-0.15896812271874539,-0.2650374234766482,-0.14920508656315276,0.13059836876247397,-0.07318786535376645
2020-12-31,-0.9389599573337399,-1.0524646076962387,-0.6244297488739354,-0.4211615878261211,-0.6257710983180601
2021-01-01,-0.3805054025247186,-0.19336238750686277,-0.29439297370338596,-0.12600152722611,-0.21145954967548697
2021-01-04,-0.1247748174101668,-0.11448003748974522,-0.12168161008378234,-0.10605418147509058,-0.14322153268936194
2021-01-05,1.6398690967308422,0.5293501357670671,0.6501593077523474,0.2723069187014682,0.2058145008138764
2021-01-06,-1.037893249297874,-1.212117101233979,-0.7707927747066029,-1.1551907044838756,-1.2699737198821894
2021-01-07,-0.8527250536047382,-0.6983749420759076,-1.0421320080085539,-0.9935905879812315,-0.8403602070193711
2021-01-08,0.3334821399485068,0.6304724322642039,-0.12695810164721832,-0.24176639075935658,0.3987056035013006
2021-01-11,0.7677511532498795,0.6828404206817933,0.415983641290022,0.6586739830192717,0.8553118089822679
2021-01-12,0.07485312809058409,0.1303402760420403,0.09476312586420943,-0.1838975309270138,0.04883484980789046
2021-01-13,-0.6420447157616218,-0.8919155700277094,-0.535535811424436,-0.6194929356272918,-0.42193587917433606
2021-01-14,0.265011671631987,0.35502405029785156,0.27161062551212695,-0.1089078236637959,0.3011257923751309
2021-01-15,-0.42866826331015084,-0.3477580496114426,-0.33151014813818525,-0.14845934539451214,-0.1991054216642239
2021-01-18,0.9869202895307606,1.0997920422836018,1.0219794989478963,0.2748713527271295,0.9860310762293215
2021-01-19,-0.07937369538091774,0.06974190100287324,0.27216316100276366,0.07057118415038047,0.14595652196047895
2021-01-20,-0.14638950345248494,-0.35344127927932045,-0.5410354920132081,-0.07971709418928721,-0.32919520267264407
2021-01-21,-0.38191882006041405,-0.553764188669198,-0.2585480797754323,-0.183643207008997,-0.23451940495156334
2021-01-22,-0.027702947787381093,-0.09248440748725222,-0.009989503848160834,-0.3975405685978912,-0.1577892150826832
2021-01-25,0.29325916186625,0.5994994951044403,0.32844506595038825,0.006271426129600577,0.5078703759639969
2021-01-26,0.010948770123664641,-0.03751283296587096,-0.014350356621922484,0.22474156355340497,0.07738728743795907
2021-01-27,-0.2168638903608213,-0.44512921274617523,-0.30250946121722183,-0.32850926337774417,-0.3737268348909284
2021-01-28,1.027400056454433,1.3178552213981272,0.7987889765507915,0.6263721014780758,1.1068998768444185
2021-01-29,0.3503941345107315,-0.2052558085940014,-0.3482681184603139,-0.46752916018555357,0.07446861299546148
2021-02-01,0.9807198503990657,0.6169904869947758,0.22878697883373272,0.06033516002705033,0.6772973054336809
2021-02-02,-0.7683930130533935,-0.15204444469005327,-0.35093447568211705,-0.16074777879460259,-0.3741667171708517
2021-02-03,0.44084011302766246,0.3136125508538481,0.18176264984497076,0.6836041452684872,0.5486948007729684
2021-02-04,-0.35802923594556324,-0.33301035531536605,-0.3112986771096568,-0.2641211965301329,-0.1860510448077049
2021-02-05,0.2196428786924453,0.40175112008562996,-0.13550600436711313,-0.07171058638609869,0.2678703591002741
2021-02-08,-0.8957022379382649,-0.9643934393514126,-0.8251222951192979,-0.8733204747616979,-0.7270427612832941
2021-02-09,-0.2038184754378444,-0.4611450466589945,-0.2586529867650063,-0.5168210518551452,-0.7348792408991591
2021-02-10,-0.1564121749486756,-0.3584636476599901,0.24512615686664208,-0.05455724941364873,-0.3755972303375702
2021-02-11,-0.1655383980329058,0.169970064001845,0.16992764536711638,0.7569838559465326,0.21729296941354037
2021-02-12,-0.3720997806560355,-0.3470341440759947,-0.49429927138964797,-0.09624554981437042,-0.1945547417960038
2021-02-15,-0.1546031267587385,-0.15562148751855157,-0.4546809573574128,-0.21681330243512342,-0.009438815022389357
2021-02-16,-0.2841797544070988,-0.26955559960980896,-0.5923532577563948,-0.22201772700436392,-0.340331558430906
2021-02-17,0.609370006641942,0.6047802688574899,-0.06185595861838432,0.22883246817320504,0.16074287121967423
2021-02-18,-0.22841527559047745,-0.24065105664819236,-0.022408877652979414,-0.10538878732571583,-0.045485559927548415
2021-02-19,-0.6088020325993657,-0.14599404999016685,0.07572032272450141,-0.2814428715232686,0.131634039034331
2021-02-22,-1.5512466279531747,-1.5237561713441452,-1.4046482866545937,-1.4245959625602727,-1.4442638995195227
2021-02-23,-0.0749157211231927,-0.3897636064058402,0.11191368246562984,-1.30403793509913,-0.4216694301043512
2021-02-24,0.12227481740223316,0.10919945335860508,-0.14458439203377405,-0.196768658269077,0.14559642882493556
2021-02-25,-0.7401841767386491,-0.8749257316556345,-1.5036749754257464,-0.7531613482597661,-0.8626905928374692
2021-02-26,1.3329818183337052,1.3408552057149714,0.8983351730929803,-0.04128654880424504,0.17847398789857039
2021-03-01,1.2402395153664338,1.5459105267837692,1.4735792463561785,1.1217278893033038,0.9491430915646224
2021-03-02,0.019609835324208298,-0.24335357411164654,-0.5718022092062102,2.025755352291481,0.2795771469932666
2021-03-03,-0.8122988724517168,-0.6946870386832311,-0.6606203620278787,-2.2254215372169606,-0.6168642139612299
2021-03-04,0.8490968553334033,0.852970233713674,0.587405814114721,-0.08655071564778949,1.3033433230306812
2021-03-05,0.5932258394518615,0.5764846611172648,-0.24641860225993625,0.23189662439978806,0.4268868715320672
2021-03-08,-0.31200827622825084,0.07886321248631638,-0.37797504730577025,0.724200436754998,0.11451155457954668
2021-03-09,0.20173758970044006,0.6883070392001918,0.20507446404471788,-0.5702151868124126,0.42687083106365875
2021-03-10,-0.4822086553165848,-0.7827973473783312,-0.44467834194337946,-0.19585745414130074,0.028177552593066736
2021-03-11,-0.2097629629617737,-0.21221904751248122,-0.07448127466192525,-0.45773630393203224,-0.09315314261255059
2021-03-12,-0.5340925365096655,-0.700969116357627,-0.8141261524731036,-0.17941998081677005,-0.6382580879368477
2021-03-15,0.20269041073406918,0.2877050454809707,-0.2284263263907408,-0.2774004646840488,0.1575258428088806
2021-03-16,0.18761511481062823,0.19404689868681035,0.17315195995846705,0.39733273728184976,0.43722973421741107
2021-03-17,-0.028204890407027602,0.04316741829841797,0.16369110288043023,0.2686514836999436,0.12106847348889513
2021-03-18,-0.836852736240876,-0.8542369850336898,-0.7411414460442373,-0.006735353747990405,-0.5536887767580557
2021-03-19,0.6740184811473173,0.7315151680160087,0.6949955686697534,0.31400523985425366,0.158209118758371
2021-03-22,0.5594803239111464,0.44349973045254215,0.5104155905565747,0.4156874889379468,0.8058049782022307
2021-03-23,-0.39145864676699155,-0.3157116784163623,-0.22396616324454216,0.007705062732036888,-0.14254800525650307
2021-03-24,1.6614576191654977,1.840053426656983,2.04978743501624,1.1225360464271974,1.4733792002977129
2021-03-25,0.30451286306433273,0.22209801066041301,0.012143876033997705,0.40862972701565836,0.3733104542486455
2021-03-26,-0.5276094995125521,-0.06439946034058158,-0.4743855755197978,0.10299200250967878,0.026867601577665493
2021-03-29,-0.5467810610356673,-0.5530249155402011,-1.1301746260635408,0.00998140895506723,-0.340351173405007
2021-03-30,-0.5012367849253165,-0.07547479539325531,-0.11517108456269337,-0.2641574379167285,-0.5094462073545303
2021-03-31,0.37170201317388296,0.44148562307453343,0.03427654478143974,0.21223505870363657,-0.609655554680256
2021-04-01,0.5332693714844596,0.19204314241766393,-0.21117003190480063,0.7361027442382932,0.43830339033110055
2021-04-02,-0.503932001192767,-0.3216316492316491,-0.2111091774223428,-0.22317976030702436,-0.3592641965040855
2021-04-05,-0.10584820226115396,-0.038411376337515235,-0.08346705822262529,-0.1650602803530864,-0.21686890669241465
2021-04-06,-0.4778072497799139,-0.4859099526069748,-0.052049958116901225,-0.06327034281662736,-0.38546082224530326
2021-04-07,0.28249588775877404,-0.12515254028370637,0.2565872504866454,0.4782474422692824,-0.4512668303971291
2021-04-08,0.6878978487884961,0.7044089583042876,0.6511600666511714,0.7257736767523215,-0.6003455615889802
2021-04-09,-0.6910086444637121,-0.5805050274537858,-0.10214375310863046,-0.17387424634980575,-0.867758164147469
2021-04-12,0.3371268050220994,0.4098321124816138,0.07356627905571436,-0.18043945729392694,0.06043521040849578
2021-04-13,0.0812902943871048,0.0038567264893314725,0.28024695504166397,-0.22434917595996454,-0.34264602088695056
2021-04-14,-0.18208976534596463,-0.2781356278277351,0.15823632456837647,0.025309861343945653,-0.5714955237914451
2021-04-15,-0.8018618231977007,-1.0026641271960703,-0.9860720064505226,-0.6615216337806761,-0.8835660744367966
2021-04-16,-0.2870637463915062,-0.3737326571707039,-0.19312899026426453,-0.4535597561998987,-0.07144817393236472
2021-04-19,0.6468810817551739,0.4997018292790818,0.49038840319684973,0.3287777354918826,0.7158393854794024
2021-04-20,-0.6065036000184979,-0.6811033199406173,-0.09476326257043272,-0.46999673040291284,-0.9944119425130705
2021-04-21,0.6663954577636062,0.5384589849854275,0.5043502607334365,0.2142023562928777,-0.3763477273772323
2021-04-22,-0.20427804565159216,-0.3679594658876612,-0.2844380912030537,-0.27064425383892754,-0.40119464607464367
2021-04-23,0.5983167012368976,0.6054144999439914,0.6610957210637414,0.33536514655544897,1.0251826149993124
2021-04-26,-0.5072700782982621,-0.45259164604379704,-0.3554489243557376,-0.08155433667729867,-0.019793468540665465
2021-04-27,-0.6252803765290788,-0.7659190684889896,-1.0715269034831427,-0.2157752296263511,-0.6871896736853456
2021-04-28,0.39149935528561797,0.38995444265318363,-0.14154777635564347,-0.025609600757463047,0.5990527437036679
2021-04-29,-0.2943412345748442,-0.39838433633566056,-0.1452091541141784,-0.011580330687110021,0.06245758848161849
2021-04-30,0.3773912185726445,0.29141079666619163,-0.06938965876145153,0.4203934764222124,0.5738961564534418
2021-05-03,0.7020809952673377,0.7211872871888461,0.361047858141935,-0.08460574730883114,0.8113916484825989
2021-05-04,-0.41752383275896937,-0.4579630691199859,-0.27080485125572595,-0.7931254635564413,-0.002590379379799862
2021-05-05,0.5365419355766836,0.5673705623126994,0.3386676590634561,-0.048817137725231524,0.6442380487267331
2021-05-06,-0.44014949813409626,-0.4580404450021813,-0.35876380083674864,-0.3700398203275135,-0.40692102638016425
2021-05-07,-0.35688006158160007,-0.4949005184472741,-0.337396510324101,-0.22331541417862458,-0.2956071391756212
2021-05-10,-0.43335190226318065,-0.9041402310002452,-0.46953548245654403,-0.344950573987176,-0.5053034016828502
2021-05-11,0.488902680716548,0.22270237315906083,-0.0047875091495742095,-0.11075485448342151,-0.1078962613950879
2021-05-12,-0.1501051731341782,0.038541815185884065,0.14588155376593337,-0.33060192329596694,0.17630848994161727
2021-05-13,0.9180918431493936,1.340212210351368,0.4919972889307153,0.11719638222006656,0.9707325349359133
2021-05-14,0.20983482180419336,0.12592316093502398,0.22600821636790758,0.5910702985084931,0.5493150754761728
2021-05-17,-0.4590743299440766,-0.7084267064735095,-0.5920934038888531,-0.4823201814753965,-0.38783671342918347
2021-05-18,-0.003998599123432832,0.06947615710284617,0.1946006678346385,-0.9698560252632146,0.005859414299758323
2021-05-19,0.020771403921101533,-0.2111704903301272,0.1631935874069531,0.3043607778461483,-0.003785549976122033
2021-05-20,0.7475412404066263,0.8946439723397531,0.5211461231373782,0.7098821080570352,0.7665676381180558
2021-05-21,-0.591717482150937,-0.616604369854096,-0.24883863792403604,-0.25192290767644215,-0.24546630243689702
2021-05-24,0.46774555670305795,0.48252535036609095,0.43457670359021217,0.4755615981751121,0.6119098204037324
2021-05-25,0.01002000354211538,-0.23223721665561892,-0.17861884666405958,0.3499416315139648,-0.062627133205951993
2021-05-26,0.08707452558166937,-0.06252370235565921,-0.010044033158679922,0.13850814186535843,-0.013175510273908848
2021-05-27,0.47786126592640027,0.19290260677583748,-0.15671150418215002,0.6905413032790702,0.3550167984004135
2021-05-28,0.13154904565285105,-0.044835502950625716,-0.6243923863133573,0.07898905592067493,0.007630463741260071
2021-05-31,0.6439300756974254,0.42645844593364945,0.3151987148983859,0.8027576877256584,0.8109090420509095
2021-06-01,-0.4187757887723696,-0.42676915866910353,-0.022066467287279706,0.34235614361680244,-0.43245397979516303
2021-06-02,-0.38867403932482736,-0.17464123714122443,-0.17663395295679363,-0.033032545585589906,-0.7547541737611879
2021-06-03,0.1450848923888924,0.15594882825064654,0.05456048880269395,-0.1513871468427156,-0.1064483111911991
2021-06-04,0.6857673698289186,1.0184998979462145,0.41626872875740406,0.5859045342815584,0.910646546320141
2021-06-07,-0.8430931901317429,-0.989461323447846,-0.4138248912574089,-0.4102267820482925,-0.687324305118388
2021-06-08,-0.263974559366964,-0.20212075828236756,0.12574710403736622,-0.22015764959259965,-0.15209583223101086
2021-06-09,0.2049392215836865,0.2757575724555165,0.09331632581347177,-0.4977097101943473,0.01821566867045743
2021-06-10,0.3210030590578232,0.08445196442434047,-0.03684016931072199,0.05009349777767996,0.08668591869555932
2021-06-11,-0.31442520318127737,-0.22782738824434404,-0.058440961806772905,0.14626769718293897,-0.26290528680669806
2021-06-14,0.3919009242675413,0.49189494282252255,0.23149212757512233,0.2011937906092431,0.16228727588246888
2021-06-15,0.002027608652382225,-0.017753936212997888,-0.3324765207397484,-0.10630239404037573,0.06177265536546528
2021-06-16,0.20244230754197198,0.31820631089325513,0.2755432821669419,0.3883230411288785,0.11582026365972484
2021-06-17,1.0510911012791608,0.9282994271043876,0.31048892294379615,-0.4119578387878483,0.2742598696118965
2021-06-18,0.06242355387870538,0.7970542042115665,1.1886811793438454,0.546420553860603,0.2485690488265393
2021-06-21,0.6048926706632015,0.7161742947963582,0.8466262551658444,0.7711656065357282,0.8835812608456336
2021-06-22,-0.5866716786399133,-0.40306415296291476,-0.5816430972804287,0.1866186937096522,-0.2649871998329457
2021-06-23,-0.5414133865353646,-0.2796868711238087,-0.5606258809468196,-0.46774531606447656,-0.5922741928497656
2021-06-24,-0.16613992187455207,-0.2549458028756218,-0.5759334997395973,-0.278269329656523,-0.2281562183068826
2021-06-25,-0.0659262109927513,-0.11043428017395095,-0.022599823730135415,-0.037850524448406406,-0.047349321359103344
2021-06-28,0.2123868350013287,-0.16601408693896247,-0.06298413837706501,0.27750692018000456,-0.20474554718972776
2021-06-29,0.2301086178331914,0.34355736285396155,0.5438670135113008,0.06557166674256724,0.22159803511942433
2021-06-30,0.6121167759874623,0.7405504393834225,0.8097800850785458,0.6227005356755646,0.7637222183699458
2021-07-01,0.3524301310889577,0.2201823540434823,-0.31287889718866296,0.47705185034357245,0.21379349801897804
2021-07-02,0.2561910411534521,0.4256950108662344,-0.012879993416180135,0.3333859948156145,0.20833632401869026
2021-07-05,-0.7670677123071884,-0.6935917704588435,-0.2962452094261665,-0.3879312394909772,-0.58942600997127
2021-07-06,-0.23755380340372456,-0.3493664521217435,-0.13978395109680977,-0.33483008517412355,-0.2014180247579329
2021-07-07,0.40746417630460646,0.6481804620434052,0.9289878712878274,-0.009512190937505549,0.02496708133221585
2021-07-08,0.2764709415534145,0.15036752083832977,0.1461104996805409,-0.295829317923186,0.06895774640373321
2021-07-09,0.42081036125730253,0.6826212103529545,1.4121175246406652,0.0434019665126478,0.8297285975434828
2021-07-12,-0.5698883909445469,-0.7420107187144593,-1.0879854353085106,-0.5634368278980005,-0.3222418407641987
2021-07-13,0.12487974466208646,0.08890184915305847,-0.06884430679405315,0.257927410377511,-0.018693356508554956
2021-07-14,0.6561982364703619,0.5484508561922724,0.3265840461501599,-0.10903230453430557,0.373584808287645
2021-07-15,-0.4872273133534556,-0.519561179779066,0.043091479601440594,-0.04428998197894983,-0.2019880852357408
2021-07-16,0.846968164460359,0.7608460126574984,0.948936830762106,0.9724224563382051,0.637950741042033
2021-07-19,0.22111918639090705,0.4576854525866912,0.37716191616006034,0.6639727882956998,0.4120502534613026
2021-07-20,0.5218036943647847,0.6960036169550872,0.9906181152882588,0.07594966338806453,0.2680511527157187
2021-07-21,0.11687638942540683,0.026596945180374375,-0.32129002222676667,0.29896080882428677,0.6625261139589118
2021-07-22,0.0677533998052117,-0.20239980190753454,-0.5377349750448938,-0.12817463982546076,0.0290077079038715
2021-07-23,-0.41899897979355955,-0.37200739447246756,-0.2737213038348524,-0.5614755850878113,-0.4053969760501808
2021-07-26,-0.028056152599716364,0.15252599630142755,-0.19286046962587228,-0.08364324281581019,0.10846800141742832
2021-07-27,-0.28191650695708614,-0.25753284620465927,-0.05152860791576036,-0.3397903315671886,-0.03025142203200132
2021-07-28,-0.152192043339889,0.2799677831963967,0.7514176520213834,9.514286158273655e-4,0.0015074380629821558
2021-07-29,0.16457372673908047,-0.12645734520406773,-0.19640481620908937,0.19942341008002384,0.006988485561512573
2021-07-30,0.2846170700797985,-0.2742304257409349,0.14757480374152138,0.4573040588826903,-0.07067855930138883
2021-08-02,0.6635993906876227,0.7355603365682899,0.47656919244690454,0.04595250316744827,0.5476761975685073
2021-08-03,-0.22091370187377601,-0.2345950151567022,0.1583589731365998,-0.06773418274181746,-0.09732326429713055
2021-08-04,-0.6501245765237461,-0.5068272438312804,-0.2464557861252819,-0.42552997499099743,-0.36153917217278353
2021-08-05,0.21205834450242425,0.1859410973940559,-0.31704074725926784,0.49341066423352825,0.17529891666578487
2021-08-06,-0.16296504652993626,-0.2652999477642134,-0.4751465488648377,-0.0888485886238938,-0.0970014601610566
2021-08-09,0.5246046486210749,0.8737473084858565,0.41703133775504647,0.706514224752328,0.3120685737477684
2021-08-10,0.09035512180865288,0.12247919647319284,0.08068518654791718,0.17279331895945454,0.17952545234033812
2021-08-11,-0.17825578027410732,-0.19272317364891664,-0.45448616933351155,-0.6171828515630612,-0.11313972305687989
2021-08-12,-0.32237927165130104,-0.40305036315699877,-0.22372190042853338,-0.6748966428646161,0.015100873869829848
2021-08-13,0.42516105695869955,0.4266858579884704,0.4256009893851613,-0.43804869457172885,0.23685423451524928
2021-08-16,-0.2634004098434069,-0.3069774502358712,0.39841412456864245,-0.47550295052098557,-0.2346398663689783
2021-08-17,0.34962955317949895,0.311306798610769,0.6309932760318925,-0.10238544722054647,0.40280993289366984
2021-08-18,1.0237141528775429,1.1962964170315094,0.9616021976315464,0.11469592787992623,0.9322684651955331
2021-08-19,0.4264284422209227,0.35104696338030644,0.07292978075657464,0.9281756467157835,0.6030624737618064
2021-08-20,1.0176523360499132,1.1800524825121343,1.2176788473223938,0.9423436962026033,1.0387801925951106
2021-08-23,0.17697390513724376,0.1187092360147752,0.06877233971261489,0.47024743571110095,0.41375708035557546
2021-08-24,-0.810340358535828,-0.9910847823294395,-0.8691654209981646,-0.2578517766300229,-0.6680239764239202
2021-08-25,-0.4442277736375162,-0.5536669115550068,-0.6130104738113705,-0.17225119374164125,-0.7066288713022388
2021-08-26,-0.4669374233402751,-0.38828860003916954,-0.5969924821208287,-0.4221148234048367,-0.41620122814945804
2021-08-27,0.42151074231692787,0.5206985162008655,0.4577225529312795,-0.1703725529108937,0.39997414743120713
2021-08-30,-0.8759306002734158,-1.0490567660666745,-0.8647951154619637,-0.4142393960455629,-0.10184655690197437
2021-08-31,0.35805312123483163,0.30031178604580155,0.21688569465209612,-0.12277797274194277,0.4278538803585778
2021-09-01,-0.2324930866057588,-0.32951959361538496,-0.42322925288610647,0.17502001194307795,0.2729491490764812
2021-09-02,-0.6980613248838052,-0.7164033114923964,-0.7483113500576699,-0.3445489363708637,-0.6346694631547284
2021-09-03,-0.4075065195787291,-0.4168870078211992,-0.29311929738049086,-0.7140123472550041,-0.6237988784618589
2021-09-06,-0.5692870170742728,-0.6314521523813698,-0.43719646921674704,-0.5779738449667486,-0.6159053980131569
2021-09-07,0.011126849315795405,0.10717445454612622,0.05226813481593443,-0.11482685365198304,-0.13074947830783168
2021-09-08,0.5563137804788758,0.6820715271538353,0.2607078222116445,0.11412256051096784,0.28603019533560997
2021-09-09,0.41994615432608146,0.32221358680063916,0.38434438995068165,-0.1513668940688193,-0.18583472341227145
2021-09-10,0.015584479819548733,-0.09699671202973364,0.3059647697883678,-0.37115904071824757,0.20833543499029916
2021-09-13,0.195380433752487,0.035326582252975136,-0.08744522492969278,-0.06261215075004867,0.09413756919542318
2021-09-14,-0.07242948449117738,0.03197063153965374,-0.05392118420912703,-0.13350874473878913,0.01628869585719137
2021-09-15,0.8486284040141383,0.6641184603569515,0.9181214201521434,0.6273499091399997,0.5164977879495265
2021-09-16,-0.164035764838523,-0.3118514310403837,0.01020551684046191,0.30663539383347255,0.041781694171666446
2021-09-17,0.25421552771492584,0.6591577869941692,0.3568797317426831,-0.0021297371822307787,0.5004295205532022
2021-09-20,0.26577559993166344,0.4088132540411283,0.14839613278994754,-0.19974814994251644,0.27947580266086974
2021-09-21,0.07285843332431464,0.046859867393927127,0.5363352068699028,-0.36061891741803526,0.14116446760482054
2021-09-22,0.419690083217362,0.4479196357668457,0.7169155074756213,0.5799348578703287,0.2736224952897213
2021-09-23,0.022947449944283566,-0.07931780819052944,-0.6928672116618986,0.23562461559201564,-0.15389812110993745
2021-09-24,-0.8706338617638604,-0.9101831712890802,-1.4100176653257201,-0.319232655000505,-0.888922141762266
2021-09-27,0.28407869134097014,0.44320341792908596,0.048071613162554004,-0.016211280859080412,0.3637722044745475
2021-09-28,-0.00643998284657251,-0.17401282646440894,-0.33121432699096,0.06925131163762407,-0.13713174901141167
2021-09-29,0.4454819621585325,0.47756945932175127,-0.028399862836594604,-0.3816736507290839,0.009310607333619755
2021-09-30,0.7566620969070127,0.9196163569383081,0.539875778236276,0.7353772154299605,0.6843582646142253
2021-10-01,-0.29974765891857746,-0.7080676477472407,-0.2685927273236682,-0.17851346898934461,-0.5124390045586988
2021-10-04,-0.6505999581600126,-0.6263621338639593,-0.1736231455099821,-0.3516160042443826,-0.5669335257003842
2021-10-05,-0.22552783424078843,-0.20043982498851012,-0.2100691102687006,-0.6298934986839139,-0.8386514531795979
2021-10-06,-0.011433793642356273,-0.018358299806150113,-0.48462462975360415,-0.3834482143770719,-0.12226417629633594
2021-10-07,0.13366905219209416,0.1305812426290432,0.18539725315794517,-0.44550291229779565,-0.13561623903158912
2021-10-08,-0.47572870053617816,-0.48326189116088764,-0.6850377405229137,-0.5577551922298365,-0.5997449309828734
2021-10-11,0.3098523994073932,0.28653275619961294,-0.2767237385279316,-0.2837200634655183,-0.42539190652569764
2021-10-12,-0.8106040546446429,-0.7139898542535267,-1.703469822719872,-0.8172182465516217,-0.9118819268734868
2021-10-13,0.14454317708344738,0.15139553338505038,0.012651499024876368,-0.15662060672780753,-0.06196314240364445
2021-10-14,-0.3284785491383243,-0.6670425631114185,-0.43715876124308123,0.08628944256416038,-0.44545117339696333
2021-10-15,-0.5929857436445233,-0.4099722477038043,-0.8713758825125388,0.046877786263118976,-0.0326119984264149
2021-10-18,-0.11268242002240347,-0.1326255991169643,-0.5880742442875586,-0.17730914530867187,-0.156381025110288
2021-10-19,0.2055432249539951,0.09035965324998779,0.14748226969641362,-0.2033301358488993,-0.22637286729241107
2021-10-20,-0.05641459830841043,-0.7954380908299197,-1.0120557468390396,-0.03539316158956502,-0.6864650558484465
2021-10-21,-0.6914311691434911,-0.5374852185718761,-0.4167278563826395,-0.4253835455824122,-0.1968853688903785
2021-10-22,0.662405291538387,0.6968183594407886,1.1864396534650945,0.39045690752602125,0.5990881408317442
2021-10-25,0.11376402116720827,-0.06065652265400187,0.13963689902544868,0.02212645239187501,-0.14665604492154682
2021-10-26,-0.32672280157272,-0.3134547097912849,-0.4327841082565339,0.5259021582347628,-0.4700896036710986
2021-10-27,-0.2567060311024575,-0.2828479279054301,-0.664824793507812,-0.2017121632221341,-0.08237905372850013
2021-10-28,-0.0031189303376747144,0.15623989701467642,0.5166131321188792,-0.2215557531942946,-0.05425338896274722
2021-10-29,-0.3848333728752467,-0.40171784336612376,-0.23003656567098651,-0.11773380806547207,-0.08124428571148987
2021-11-01,-0.07173821021301166,0.16055199240800402,-0.3984114557260943,-0.38392037152209374,-0.009723969436693824
2021-11-02,0.10925352635974082,-0.013485791052309744,0.09456425106096604,-0.40225808894232695,0.10229031386920923
2021-11-03,1.0565508745923287,1.0776979624711798,1.2206518955202807,0.8770623279957301,1.2634060288392395
2021-11-04,-0.45030010165028905,-0.36700132721968737,-0.4611954723595289,-0.28612771882381394,0.1650331388126141
2021-11-05,0.8967625138426772,0.7671543616706464,0.9466026299197989,0.14642758117433607,0.7399345439914128
2021-11-08,0.22902517006555317,0.22595660289462402,0.5576742498586698,0.690366940510647,0.6849818853610301
2021-11-09,-0.16625774248045128,-0.2820376853412579,-0.08175505890053081,-1.6123353182072804,0.202447458327969
2021-11-10,0.5032354819045495,0.5345110323187151,0.8089067325531243,1.8573383668981411,0.19366164539956254
2021-11-11,0.6659420913017047,0.5762471978797055,-0.270924773831012,0.6000064648865278,0.29007824516151226
2021-11-12,0.5838948889216264,0.5872827039672448,0.41451645135821175,0.825766246073965,0.7287116660530908
2021-11-15,-0.3632365500029628,-0.5475794400215689,-0.4693443709764991,-0.14623745298340918,-0.469609896957914
2021-11-16,-0.2635396555141891,-0.18714860823143933,-0.336108603964106,-0.2161433267728975,-0.38790384740240325
2021-11-17,0.44283300938673004,0.5997125986460047,-0.07325865781897588,0.24720081729367582,0.5126695557396261
2021-11-18,0.7118027426677995,0.4617530937002832,1.082203786837359,0.927239373393961,0.8087447981024561
2021-11-19,-0.2353827256785409,-0.13772098000017954,-0.1850936998971084,-0.15829585952233782,0.08580357076025541
2021-11-22,0.5982348781880494,0.6447474941273952,0.731211436607609,-0.09463673297645572,0.47489613289688243
2021-11-23,0.1259384334418933,0.07184463414128636,-0.4795442768060546,0.26585379436881573,-0.04490758134185906
2021-11-24,-0.028995679985640357,0.06718412179265919,-0.27119892458808514,0.12800951632785032,0.03880445731097428
2021-11-25,0.25904380789929404,0.29172160393722535,0.06304295051047965,0.43526619472627076,0.050352961646183206
2021-11-26,0.5022314920211945,0.3924404071549887,0.6952313431138814,0.34622633329801455,0.5600496104327672
2021-11-29,0.36353116916844735,0.44231564650780464,1.6324967017151066,0.1715835821325693,-0.11760660574344811
2021-11-30,0.04635800145645962,-0.03870320853912784,-0.08622401319575143,0.32884628439909425,-0.1719858532150887
2021-12-01,0.6579487882289391,0.28823675981104396,0.6772976057400848,1.0903198026107372,0.27485199509937497
2021-12-02,0.22194638564596203,0.2541098117524482,0.6499511989001825,1.014307205501298,0.33533893179734114
2021-12-03,0.14515857421756428,0.27826912285001515,0.14882618691269406,0.6032211923586184,0.37031410155712174
2021-12-06,0.9992518304820673,0.998534685323162,0.9599621645619082,0.6530689560154068,0.7088449954166454
2021-12-07,-0.375746763345839,-0.42561788858901217,-0.7819684861002848,0.028754543384277464,-0.550190523926442
2021-12-08,-0.9544022019824113,-1.0605678979610447,-1.1569791720889653,-0.7015018813090386,-1.1619129486175597
2021-12-09,-0.35991829499820066,-0.671677988664196,-0.806896966839239,-0.4829718214283575,-0.7967943422777233
2021-12-10,-0.1795604938223384,0.3229278712971329,0.5497338113675639,-0.1842431480289055,-0.05178337096109023
2021-12-13,-0.021880678109976463,-0.2633025879739357,-0.2833304990419738,-0.5279331125736587,-0.4180388249449117
2021-12-14,0.377493041196243,0.4423872355374494,0.35917654970520685,-0.23942790327586944,0.2390200730584794
2021-12-15,0.39130526875779653,0.40583829920753045,0.263292896191705,0.39752654657718905,0.139859868627298
2021-12-16,-0.832494453053533,-0.8552734847650478,-1.2003433462729747,-0.7628431630528535,-1.0490200405570684
2021-12-17,-0.20327677327062504,-0.142831936903793,0.24085777619223947,-0.5117956101358452,-0.23715559449840345
2021-12-20,0.7231649152848852,0.8283670696951161,1.0019921355753216,0.6830412789805429,1.021710664733808
2021-12-21,0.14875610268633985,0.12001668137488228,-0.005051587190042443,-0.006142637347445246,0.5940191517717359
2021-12-22,-0.48460811427854855,-0.5450817959604588,-0.8625725467342904,-0.7364334284755373,-0.37379257971862817
2021-12-23,-0.9341558099017988,-0.9297593317237812,-1.056411080369346,-0.7665978583090101,-0.6900100513930828
2021-12-24,-0.3090431589418815,-0.283237133411655,-0.5661657431072757,-0.23764958227198293,0.1559554634544456
2021-12-27,0.06640002468225883,0.032094939142807026,0.15008981852198788,-0.15607432921141925,-0.2627844178416169
2021-12-28,-0.11641194601445798,-0.08228723322044584,-0.45950020870823977,-0.12347363086081667,0.31862614289492025
2021-12-29,0.07284012625379828,0.04181322167797387,0.034178837509511395,-0.20619412365709197,0.4135731447831357
2021-12-30,-0.3357098364510672,-0.3413193954770326,-0.47455402727992996,-0.019997367211853516,-0.051967026634369244
2021-12-31,0.024553648049159767,0.11483514224891367,0.002740236172708417,-0.41869170049333415,0.29355904640902336
2022-01-03,0.027911273119135042,-0.24373455069282168,-0.3029093700831642,-0.19060482589592492,-0.3151132058209096
2022-01-04,0.9683033737577702,0.9573377573063684,0.7947786363832468,0.3246470842688269,1.0612646844806253
2022-01-05,-0.48998922094506475,-0.5319892224058274,-1.2568118079740735,-0.6242786855390806,-0.5654878076351783
2022-01-06,0.19504286286874614,0.21151353948901314,0.2136994265992611,-0.1883976112121386,0.2726361439623637
2022-01-07,0.3973702506378307,0.8418407473943759,1.0963146214330968,0.23898626218553412,0.8852716514299562
2022-01-10,-0.12021579923974768,-0.23301217120908943,0.0021957308920054035,0.5911199850129181,0.10053403146147125
2022-01-11,-0.008978816014295314,-0.03007374096287902,0.23158609514837816,-0.051051422899547505,0.25627442586762583
2022-01-12,-0.3818792774618451,-0.39826524478677516,-0.4317494094325377,0.38494574955736793,-0.032211283781966846
2022-01-13,-0.7836988184012394,-1.0106678901525856,-0.4538550697757822,-0.599111322839276,-0.9889170856154536
2022-01-14,-0.04945713836103451,-0.017593084335503554,0.4888716469146379,-0.18304453483752384,-0.38932016394027513
2022-01-17,1.0289951136779873,0.9187302134946526,0.7723034001386838,0.610623416883509,0.32148895382410425
2022-01-18,0.22366351215188712,0.09352283380940764,-0.14644062564075522,0.19813826867404621,0.30257328174961995
2022-01-19,0.2234080909497099,0.31555614128983267,0.30867998342578523,0.039888193536109125,-0.12739896906713233
2022-01-20,-0.2640322984750453,-0.3958726274804814,-0.20828578665262432,0.07835740265086237,-0.20706484917151302
2022-01-21,0.03841876649277927,-0.02107627333056035,0.2881230935833859,-0.3042974774085661,-0.0337885951592898
2022-01-24,0.44365420881085416,0.41942473469381647,0.6084632262555224,0.3623465292673861,0.457063702128503
2022-01-25,0.6182968020011194,0.46585127664860176,0.2750259764412935,0.23848507649495282,0.2270453613788364
2022-01-26,0.0203875499447295,-0.04872507795901137,0.048564505107450424,-0.04785333205575566,-0.2166456187450817
2022-01-27,0.594847063025395,0.49184820702789733,-0.24375217778634062,0.09348041061659643,0.30965576749626955
2022-01-28,0.5287519292750329,1.2551757853146333,0.6784169151638226,1.0918398405952827,0.8720848911788375
2022-01-31,0.8028380138099708,0.5517556555364233,0.6448733045688968,0.44248383125196866,0.890082683810862
2022-02-01,-1.0952518289449558,-0.9984601276178845,-0.8821816364085925,-0.6490948738835877,-0.2335067956138941
2022-02-02,-1.0188574706418316,-0.9507559894918435,-0.6389782239744066,-0.8580447262125719,-1.234961823159079
2022-02-03,0.1483941108202866,0.18015134065685393,0.5084155929014924,0.23736591338914348,-0.10375907808793408
2022-02-04,-0.30164118734226075,-0.33121968590657525,-0.8066031380116919,-0.37476564101556104,-0.08747964906287845
2022-02-07,0.8858535902416391,0.8955467730312474,0.6284757611348493,1.023329299790967,0.8961204879220237
2022-02-08,-0.5198983486399477,-0.6668999355612003,-0.5039507652480558,-0.4136567654782759,-0.5771952390256582
2022-02-09,-0.49214385654097037,-0.2634015426807784,-0.6763554105071566,-0.22522111213368953,-0.386222894666959
2022-02-10,-0.39014318984162505,-0.41689596331800205,-0.4993473562657077,-0.37227336336878203,-0.6348133029692734
2022-02-11,0.3455380566910633,0.1921646999637911,-0.16200554038564874,-0.18552497642584614,-0.8446262720643802
2022-02-14,0.26175635347326537,0.26073153369522806,0.6456238779489869,0.02155258564552487,0.3794149891590204
2022-02-15,0.1414938428233204,0.16656457724259927,0.24479909088370572,0.4217080225967163,-0.19963643634833977
2022-02-16,0.046192803078355854,-0.22553147689048494,-0.3397823387311053,-0.1369564521258113,0.39511469235254854
2022-02-17,-0.5962393240086121,-0.6478976764227854,-0.4346170324908252,-0.642440653202887,-0.38719010530037345
2022-02-18,0.028414659393272756,0.06644526584513408,0.5228477707600769,-0.23834339601240817,-0.02808472656591062
2022-02-21,0.4470473637643657,0.25120999761844104,0.1944302263283447,0.48432475414748555,0.760834297814565
2022-02-22,-0.3078512836245818,-0.17622230817058857,0.11301632358616064,-0.055879443978743726,0.16229241849527526
2022-02-23,-0.4801829724971809,-0.5942998387223969,-1.0114721359104748,-0.4654838681503656,-0.7236597432298644
2022-02-24,0.16746751469635257,-0.025709299533732688,0.1184805104638276,-0.08487158495107831,-0.1438988214383351
2022-02-25,0.7371139639148679,0.9493874243108025,0.40085014749082465,-0.18299192560837826,-0.09556835615138196
2022-02-28,-0.15193234761234153,-0.34793149127769457,-0.3766464597052916,0.23058557924969852,0.07145038166424565
2022-03-01,-0.95503677624327,-1.067434313178878,-0.6307971535195945,-1.2722551990667144,-1.320104139159918
2022-03-02,-0.09961915251652131,-0.002503222545875785,0.21566653470932098,-0.687982972971148,-0.8860729392151032
2022-03-03,-0.548143338047072,-0.4320306371025449,-1.0075013445273637,-0.4755610802825092,-0.3213653213202555
2022-03-04,-0.622673895791124,-0.6120601514142037,-0.6029404578347732,-0.933273452432533,-0.9738149646256316
2022-03-07,-0.771012971601441,-0.7882291034480513,-0.31065962405771425,-2.079835573292916,-1.624200955476523
2022-03-08,0.8261620887398502,0.8836159664066852,0.5375398095992787,-0.8671257111624687,-0.19569067221913128
2022-03-09,0.9322924439306604,0.8645770456995844,0.555628632099503,0.45317613628232717,1.0519430480097876
2022-03-10,-0.6174481411601455,-0.6752933907427391,-0.8358866815882241,0.1902007473495284,0.5120905111775724
2022-03-11,-0.8013116178672158,-0.6830038963258802,-0.9465407539552567,-1.1543057242272752,-0.8441686500042166
2022-03-14,0.6296301804292584,0.9413260367457141,-0.20561734680440655,0.04045356938261596,0.22680760511335935
2022-03-15,1.0065040340568534,1.3777542088689292,0.7865762359790525,0.98229461030985,1.7516522173082
2022-03-16,0.08342166644896118,0.12068932476759126,0.07389656620338125,0.3577478652103872,0.6677041855166784
2022-03-17,-1.0915561136938585,-1.3578213880617462,-1.865310709621236,0.18908405203797074,-0.9702406751508204
2022-03-18,-1.2410554614644662,-1.2857575288058825,-0.9943328294637385,-0.05176336283402172,-1.3640151703574503
2022-03-21,-0.6747306599624263,-0.40304997266530923,-1.0109421241658072,-0.38038207989080025,-0.5351045354129346
2022-03-22,0.27123513932349247,0.1897801547830606,-0.09582910156626893,-0.7152196595199807,-0.3365986417766459
2022-03-23,-1.0287933856051095,-0.8891054396364122,-2.3140938149749233,-0.6747999874198812,-0.670482357448377
2022-03-24,-0.6619818281978651,-0.5195265728186298,-0.39895806658895155,-0.9738057687867127,-1.1818928940206876
2022-03-25,-0.13782427630941044,-0.19472844110617057,-1.1291652460445758,-0.45079666528011675,-0.07260617661699686
2022-03-28,-0.02619775276820334,-0.06215541827016514,-0.0307828521689349,-0.7811651994559319,0.021870651574838845
2022-03-29,0.16512970546109715,0.2548389631619292,-0.838726842314344,0.07547063610460189,0.571356438787127
2022-03-30,-0.0711875198706434,-0.1996842078732899,0.19557607617700923,0.9601014767154765,0.37226735274513234
2022-03-31,0.4121939088456221,0.1487158635629706,1.0958616263100536,0.33353119055862357,-0.012698507775437039
2022-04-01,0.29175146850868894,0.15629517185383035,0.3887957179162649,-0.1471408071527599,0.03136684164867973
2022-04-04,-0.2848696789196479,0.0702744699211814,-0.6508902754560513,-0.22952881514399617,-0.033674599930027575
2022-04-05,-0.7953709420956606,-0.7605083024065074,-0.9558887817038236,-0.3853089140492948,-0.08793504606312229
2022-04-06,-0.6078354944954187,-0.5739983797034963,-1.2472096807449549,-1.1071794303337748,-0.5292339113967961
2022-04-07,1.122715679328086,1.0697513414937605,1.0024613173082781,0.8594537837137487,0.3338182047054191
2022-04-08,0.42647822800884627,0.38076253525096615,0.1292099274325173,0.1401340377142024,0.46263651849399423
2022-04-11,0.35791603396432986,0.4191503500707628,0.15533568349011057,-0.004002821286880419,0.48561040608974076
2022-04-12,0.35776129571279913,0.43697679203045897,-0.44090250024700833,-0.1857875637370176,0.592393090347238
2022-04-13,-0.461948544169363,-0.5352945727362857,-0.5112360301085764,0.10180846864774794,-0.8623803943618092
2022-04-14,-0.027685688694307674,0.03480066437595438,0.07850313239354059,0.40037019578759003,-0.06526177993149053
2022-04-15,0.4072034937338334,0.566134845180656,-0.06296953139819429,0.15133363493781105,0.32415213083653777
2022-04-18,0.3609837722783832,0.22759671748800847,-0.134550300308697,0.3913075519678148,0.2400251924278834
2022-04-19,0.566515245337291,0.49177509792758456,0.1117984029255259,0.035918483113745306,0.5884457439673513
2022-04-20,-0.8769164429676026,-0.4815967306179183,-2.2285782814058073,-0.7905159450649687,-0.6216859115646826
2022-04-21,-1.1823729193313899,-0.7349798498261748,0.23048136652674317,-0.5121464148707159,-0.604768874898411
2022-04-22,0.6153683647043224,1.1566822206684941,0.9437185499309482,0.3834830188255591,1.0704207295928836
2022-04-25,0.9864046044543947,1.732510578660742,1.5556609833995447,1.694122884357328,1.6490061541444672
2022-04-26,-0.023671260913122785,0.8312012060712772,1.5060619179191914,0.7373901383388521,0.9583055745667531
2022-04-27,0.44951335109177454,0.45955189804819513,0.8272743885083441,-0.21553453201637843,0.22101062018610637
2022-04-28,0.2657471542167373,0.2916388039621106,-0.616114474198541,-0.15283494409765402,0.7212721970244999
2022-04-29,-0.7560386046892444,0.23902001007289927,-1.6715313993256535,-0.1665304379684382,0.19553059053482033
2022-05-02,0.8252227206573065,0.6175091798128831,1.1962530255261838,1.2544584740280176,0.7124151180191942
2022-05-03,0.2787306816883036,0.21602527003454416,0.22413717630841626,0.19281475667742873,0.31290332210487354
2022-05-04,-0.7487427269876922,-0.7493253632120158,-0.7963260243536565,-0.22660917608931555,-0.6396651179342098
2022-05-05,-2.1355527253007764,-2.093476804138515,-1.4131841626303916,-1.3808926067701666,-1.5724094527007209
2022-05-06,1.0055996846639195,1.7949345075094167,0.9624743009812605,0.2289627577419831,0.8956791641441653
2022-05-09,1.0039867817366548,1.1187480695779377,0.8039105646858751,0.8580984193906105,0.6808450727294582
2022-05-10,0.3593347699160479,1.2535802610079578,1.5475303049051485,1.1644875394192806,0.8302790071052686
2022-05-11,0.24750142852848422,0.3581706990897609,0.3596843712206208,0.382480018443077,0.5481211165960979
2022-05-12,0.3207442999620034,0.09495558673487507,0.47730419431186466,0.26285407808326977,3.410477701851211e-4
2022-05-13,-0.14550067213199724,0.8282506395522465,1.7838790340545636,-0.09131068842637276,0.7622968844573177
2022-05-16,-1.1243016493793878,-1.0708025410207291,-1.6860272705098747,-0.020128211764937676,-1.0079418038882433
2022-05-17,-0.40972059635192803,-0.41250993694754484,-0.10929350078553823,-0.6054723173991496,-0.9719987009618017
2022-05-18,-0.12982636900753938,-0.8457428611349551,-1.197295683545395,0.023810105213075305,-0.42428669392598606
2022-05-19,0.803246600926448,1.0261739164923172,2.2006666414452956,0.33348825020254935,0.431507532233418
2022-05-20,-0.5089280505336689,-1.1316164771127757,-0.9917192371459388,-0.13459964929764529,-0.589106935973235
2022-05-23,-0.058848092527775724,-0.36572595012651127,-0.48399140481397235,-1.149356341393907,-0.9200851659111133
2022-05-24,0.2740496204946076,-0.33234923557359863,-0.28584858012819625,0.5167943712295084,-0.12185638569797061
2022-05-25,-0.22892934689957395,-0.2351101700209428,0.6423959979258309,-0.24718721451631398,-0.13738551906315324
2022-05-26,-0.4080230801892144,0.2139394343528384,-0.07507179324167887,-0.35342247640635754,0.1487857272076106
2022-05-27,-0.8394583498677993,-0.14127788055299784,-0.07669061813152526,0.3166198019614046,-0.2768781628013668
2022-05-30,-0.3431423176906538,-0.894840358370404,-1.0813226017505442,-0.10199958288215855,-1.0252560561503377
2022-05-31,0.10781973788086323,-0.4755993657314306,-0.8783023817055552,0.6403638031469012,-0.3849102206753262
2022-06-01,0.020502058450865786,0.1809746964275519,-0.5569840673465617,-0.04923566615986841,0.03794477235495178
2022-06-02,-0.07813423676278239,0.1258121287790038,-0.9391743566338973,-0.2767604854731946,0.1565586287333851
2022-06-03,-0.9371105378367709,-1.3181086548438643,-1.179865536136733,-0.9529445542036246,-1.00963403038596
2022-06-06,0.8246733265655283,0.8504326045831525,0.27172653443276656,-0.05183046039004212,0.29211007143041134
2022-06-07,0.4025926971639752,0.27336400353555124,-0.843671946157361,-0.21319201179280206,0.13541061024411982
2022-06-08,-0.6925395832203007,-0.4712765696654156,-0.9963025823449693,-0.48920677134293034,-0.2406071838058333
2022-06-09,0.22241191999429874,0.48162322710833927,-0.7100187951734527,0.09075508022962223,0.36490650514365774
2022-06-10,1.1487526854870649,1.242432148461156,1.2511861302867482,0.7511079863325802,1.1787342687438915
2022-06-13,0.9460421864226274,1.1585938088757992,0.901773134060171,0.1652053114753394,0.8478803400124798
2022-06-14,0.451597908939333,1.1081764689510663,1.5169008257740535,0.08623679196843301,1.2263771315988967
2022-06-15,0.9587402367158073,0.7682146518625287,-0.017770722631381547,1.0069627006955093,1.1486222312909673
2022-06-16,-1.3717131966592337,-1.822455286282014,-1.0044676157080368,-0.6449768637296649,-1.5637960825046695
2022-06-17,-0.3191985446040544,-0.3840499939290799,0.911636747474216,-1.3149273497179244,-0.7060268219760572
2022-06-20,1.0839603632785788,1.2762285108353228,-0.8164714392901686,0.7358286552055527,1.2028194582943867
2022-06-21,0.20525019072382245,-0.2239485745736154,-0.1654446597634091,-0.1337037613138774,-0.0012801912242337565
2022-06-22,0.13909826340685208,0.09543395089829762,-0.7278505477501709,-0.01607158741898526,-0.17876687887158607
2022-06-23,0.6298533207917333,0.829449007731069,0.9695305871704165,0.35362134539542545,0.7184379904294262
2022-06-24,0.11903235223690489,0.03576147199436564,0.9601061899038471,0.08173814980167118,0.20671262174701005
2022-06-27,-0.4585087560404848,-0.5830821265456323,-0.7492427375559844,0.21328502784648554,-0.7024087584885474
2022-06-28,0.23918219499173043,0.2915177469863991,-0.028064546613327364,0.6129411450351574,-0.05313791003913864
2022-06-29,0.04260644866214315,0.2762443805570479,-0.15702537545652645,-0.03986576854280838,-0.5309851835192827
2022-06-30,0.455350781294292,0.34385283503190334,-0.06109804190891084,-0.41809891368024676,0.483402462320565
2022-07-01,-0.1961464402983546,-0.23767055122924813,0.3461432054953711,0.7637581672918524,-0.24094793251617705
2022-07-04,1.133364214988688,1.179089787237618,1.7543174812608833,0.6194202820563557,1.1564467027796825
2022-07-05,-0.7393641097894742,-0.8078594518110124,-1.3888858317337243,-0.5433299791390793,-0.6425095868910429
2022-07-06,0.7987866146393401,1.1305394662339128,1.304244791766157,0.03766508017447759,0.5061260416330932
2022-07-07,0.36191889835053903,0.16981527169910418,-0.11372691659456338,0.4983433567295437,0.6163362678337896
2022-07-08,-0.832787193712356,-0.9663052261288807,-0.9502600012982454,-0.27648278866551357,-1.0672918480752482
2022-07-11,0.07483372722341246,0.05344745020743972,-0.25406738849386173,0.21965723927529957,-0.2729527430780028
2022-07-12,1.1945880057836002,1.5047916655520674,0.7367732223271615,0.32290510425539,1.3094852406770991
2022-07-13,-0.0691854923394956,-0.014594833243529483,0.4573090518592016,0.4145190170919596,0.15599434340994123
2022-07-14,0.2656105862523749,0.188570932137408,-0.4516755722784907,0.3677057613376369,-0.20598062062150763
2022-07-15,-0.8737422426971118,-0.3086797716426576,-1.3302816332978407,-1.0310113961958058,-0.45473675234804634
2022-07-18,-0.9664844835764477,-0.9094725790731777,-0.4383787785683826,-1.3269831721505572,-0.7517722592310916
2022-07-19,0.2382019744585251,0.06403127637662157,0.15959365563019595,-0.3260772177602699,-0.4287376234640435
2022-07-20,-1.2593572381737337,-1.2768325617245022,-1.2399212914603186,-0.37271694036049874,-1.1131636356999117
2022-07-21,-0.10128919368829457,0.11909054827072013,-0.043116989658368084,-0.6377005923547584,-0.19846343547098022
2022-07-22,-0.6447382465951386,-0.48618882528493584,0.47323196823192043,-0.22876066305416104,-0.23446284285217261
2022-07-25,0.44731776484208385,0.23072004626755005,0.8469599832132174,0.03734619129777275,0.10072867587903601
2022-07-26,-0.6094970232837145,-0.6418072033448772,-0.7453446475891966,-0.7876178578123433,-0.4563552669583213
2022-07-27,-0.18677552737986147,0.017429584984981233,-0.39358446415738585,-0.20688616174299307,-0.16928226625864812
2022-07-28,-0.6045958254646645,-0.6538376383843533,-0.03283071194031841,-0.3526950278093098,-0.7041337984728745
2022-07-29,0.05244083464410319,-0.12135055113911979,1.1893676031603406,0.6424548971690309,0.152496479284633
2022-08-01,0.4826240564605543,0.44759246280030146,1.2041122666391597,-0.022447231676240603,0.9398009489038204
2022-08-02,-1.0854263585514363,-0.7589409852213367,0.628917904111383,-1.0406671650721335,-0.30880353121759097
2022-08-03,2.0713156889703908,1.9059406736191704,0.5414284946285133,0.989714798633657,2.2951820066783637
2022-08-04,-0.6158028307064761,-0.6462925449925834,-1.1389709623729625,0.20775946666637024,-0.9825338820589355
2022-08-05,-0.2516036344063728,-0.3490330122680412,0.6592748029372918,0.08687007236378401,-0.5508298569386894
2022-08-08,0.6244917359763306,0.8518495397887162,-0.9340051358189256,0.7538564492692038,0.44236527590404173
2022-08-09,-1.0160961109165125,-1.2301741798011516,-1.1311743616280547,-0.5623897112152696,-1.3891881262072014
2022-08-10,0.32985551802419844,0.4120968320324759,0.1862496987227682,-0.49721018592889465,0.23825896507455874
2022-08-11,-1.247785112227751,-1.6954828569739813,0.07278492735970832,-0.9446026343242999,-1.0463628583937863
2022-08-12,-0.7488685171525417,-0.4137483381395682,-0.4828901731077372,-1.3731273736865903,-1.176394954496582
2022-08-15,-0.18195190596549085,-0.15705047871443867,-0.4310947009213955,-0.278201213285277,-0.36859983017797293
2022-08-16,0.9294124119967502,1.3370591107557472,1.4796210700425252,0.43540090082881105,1.4283253101141864
2022-08-17,-0.15267870232943,0.06421248879819316,-0.7763113096884877,0.1766085653152416,0.751959564974808
2022-08-18,1.351064130660304,1.2370866606629347,0.6966746166625268,1.0178731515166402,1.088622185409961
2022-08-19,0.3008823647840595,0.33660682243302276,-0.2875171434014117,-0.28798781605016244,-0.0753141857786998
2022-08-22,0.019828558860304612,0.45982422975911025,-0.4628330703418856,-0.16743521100815528,0.26822241537957076
2022-08-23,-0.5014610067230841,0.013540808753374652,-0.3890772991508314,-0.6968924666956555,0.06764285072607018
2022-08-24,-0.46634091023489777,-0.6683870320333736,-0.04898793908426641,-0.44007550798992706,-0.6022197741081938
2022-08-25,-0.16337545163848194,0.21973318881027998,-0.026526543926339866,-0.10382623720291612,0.1939277008827478
2022-08-26,-0.656413270036961,-0.8037520597627109,-0.4300225086605464,-0.36001732969584266,-0.8695101466054671
2022-08-29,1.0372425676699224,1.3811648602248903,0.6919262850401813,0.7106284456015949,1.1640545057518543
2022-08-30,-1.0290490923962743,-0.5386781263368118,-1.3295343658723464,-0.7020148577260219,-0.39412384427382907
2022-08-31,0.5772035381657694,0.6776337281354139,0.5544248961574563,0.21584684447369312,0.9911344386243455
2022-09-01,0.8057249991893011,0.47589130478912123,0.09205618822318659,1.031168286908963,0.7612648778120844
2022-09-02,0.283671082423022,0.46018269765874115,-0.10288190518768514,-0.08132819965916493,0.36949506355223094
2022-09-05,0.16436004049052705,0.10497994533009232,-0.21603493131939838,-0.5692774311980419,0.10765117417070832
2022-09-06,-0.8385423200708401,-0.36863594257083815,-0.31247820819500416,-0.37444400981773374,-0.41171276294132764
2022-09-07,0.8912621026386575,1.2442820915652169,-0.6833890850740852,-0.053889365231138825,1.0318104542521762
2022-09-08,-0.4097691611231564,-0.28890255436831974,-1.0091544695813472,-0.1390488117609418,0.16491369577392181
2022-09-09,-0.13939464384640415,-0.2413478749379377,-0.036479918013133786,-0.8708720102646987,-0.2867391272626931
2022-09-12,-0.7427799622198287,-1.177976011110063,-0.27981658701432,-1.1705060008027952,-1.1731645023084543
2022-09-13,-0.7215207578857954,-0.7230754932570723,-0.6904517936400729,-0.7448422154689525,-0.48390934752114934
2022-09-14,2.2005022821263607,2.224941914690264,0.9347866934299525,0.6987010020442566,1.8552362461742105
2022-09-15,-0.49787993158251875,-0.08264112798077256,0.9558268137370671,0.14458445163738856,0.35693114631728734
2022-09-16,0.40823068573325527,0.9230623455628723,0.6445960173766763,0.4449468881384458,0.47239316659998953
2022-09-19,-0.35109374617764644,-0.5421086883303186,-0.17844515307727707,0.5037426073470348,-0.31870854361078016
2022-09-20,-0.5141741346379414,-0.14931552108975998,-0.4451178930432568,-0.21356090541897144,-0.18395036353954508
2022-09-21,0.39877015200463006,0.6208036459050612,0.3188666506615534,0.29394324239878056,0.49977002539885595
2022-09-22,0.8679656554664361,1.2560392581271322,0.7937278464247827,1.0540517838621493,0.9857474204600385
2022-09-23,-0.8930546614471854,-0.4953351942397175,0.9008556390170337,-0.6985524456916843,-1.6456711733522944
2022-09-26,0.9435092955562081,1.7016547170267606,0.8837423997639979,0.23575463444484257,1.2216963591965233
2022-09-27,0.6387887917546023,0.9121894055403778,0.18416226557646376,0.42152591567028463,0.635023693198688
2022-09-28,0.20237020900427607,0.5594081931465489,0.40658677590041137,0.9724546671743999,0.5180296403797877
2022-09-29,-1.348349955762861,-1.0001176878274292,-0.8204872644605639,-0.5883837472959237,-0.6006806057661818
2022-09-30,0.8318195256031027,-0.1734299608868358,-0.18884008549831455,-0.7164792103104584,-0.2927635018057524
2022-10-03,1.639777282261802,1.4557138608550573,1.1840747771043905,0.5486630467114282,1.3438774015087127
2022-10-04,-1.165121546758028,-1.238540517864125,-1.0048928907499712,-0.6177673988285396,-1.002223360606204
2022-10-05,-0.31178781193636285,-0.22907596970592656,0.24062079306621015,0.6874756252970936,-0.34514433745427286
2022-10-06,0.03309331078389928,0.04500592277339975,-0.38389229083676135,0.22015779064900934,-0.22730905935337792
2022-10-07,1.5314110721770806,1.5047327183815502,1.081854177067214,2.2459646482449833,0.6347184888317239
2022-10-10,0.7968196215872168,0.7464638614747184,0.4476646969711213,0.6507952873346399,0.21739705316613755
2022-10-11,0.6538961093153353,1.167585148611305,1.0241043453497543,0.6892007453028359,1.7005972146660535
2022-10-12,0.32233273503340054,0.4937745552440867,0.3446167196766602,0.3804933268426751,0.8959709294768762
2022-10-13,-0.30584872374467464,-0.19171917846882516,-0.7916865867969893,0.6587779737942938,0.015601930226565766
2022-10-14,-0.3414694091140352,-0.36839954739659836,-0.7877388505676074,-0.8063099572216332,-0.38035006675683003
2022-10-17,0.9310343927889463,1.215310612877881,0.328903546283294,0.39163411582199026,0.9044672792481792
2022-10-18,-1.2019788864377967,-1.1545358199540652,-1.3888520897498922,-0.3879742205389915,-0.7790636882752238
2022-10-19,-0.4539622722840786,-0.3376676254195829,-0.5022410917901354,0.003940972147209232,-0.5371647841208627
2022-10-20,0.47093840060681513,0.8722944462630423,0.46638418381022506,0.04378832064882526,-0.08361298744761272
2022-10-21,0.02702611370908104,-0.1789243100632112,-0.38825691884877445,0.27648490599373443,0.0275954392469464
2022-10-24,-1.9217653888398243,-1.5391180940161049,0.013271065969073861,-1.4177506320087554,-1.1882643538898443
2022-10-25,0.2760975322088667,0.6292539261493785,-0.035420512222385944,-0.7447991757322092,0.21146515455930828
2022-10-26,-1.3869483802688436,-0.8399121025041472,-0.2767198121879658,0.06500802020624391,-0.43658032816268266
2022-10-27,0.049937303187160206,-1.7259067321724166,-0.4258382611385546,-0.6532777966659924,-1.2717425619249638
2022-10-28,-0.07839138960949099,0.652900809057378,0.5575763954808334,-0.22091462005876572,-0.007830330778860611
2022-10-31,0.4406731588347498,0.7918104500509253,-0.2411119231774506,0.7094437353010892,1.0471385003524234
2022-11-01,-0.7956812891250424,-0.12895159393290748,-0.7894833849812969,-0.1545431980940516,-0.5671766623552643
2022-11-02,0.4876137717652045,0.1991823951884243,0.7468990138260304,0.6680228713692764,0.1450881885128384
2022-11-03,0.8016150303427335,0.9240022274666563,0.9815829193237159,0.7073094810544265,0.7087018155495102
2022-11-04,0.6649914381243824,0.8074199856984987,0.45436205308828626,0.9757996288984084,1.1466071886993794
2022-11-07,-0.6113916542133828,-2.3610379287297976,-1.332897882806716,-0.6316888630486143,-1.3469010780986959
2022-11-08,-1.3534314159551695,-0.6145813851965173,-0.4587217600383381,0.07502814447143005,-0.6059718224837263
2022-11-09,-0.8696678065563069,-0.49763426424262486,0.4167087889239669,0.7967821314093282,-0.07214174255102279
2022-11-10,1.2413351658161167,1.123270203510024,0.5534189874303674,1.6978927089892495,1.2322578916145888
2022-11-11,-1.7827639207787904,-2.5950289875422086,0.46204719534248057,-0.7525117576589158,-1.3903026611225398
2022-11-14,-0.4299126524999507,-1.4856459185896993,0.16730327637217562,1.2668340001399998,-1.6492752555038637
2022-11-15,0.6064849882534598,0.14210190064697542,-0.3069145778952684,-0.3624522996052052,-0.7304127384496695
2022-11-16,-0.6777712695819089,-1.177606317917606,-0.34298371209413703,-0.5707728423809624,-1.3313395640243444
2022-11-17,-0.2424833749811991,0.43282761645661405,0.18791906109483447,-1.4043869184059576,-0.274681234722334
2022-11-18,-0.21706301512494802,0.7681499699283766,-0.013303132417321811,0.12170118182596057,0.7005897035360391
2022-11-21,0.6215222919459445,0.11175667629207253,0.21050180244149266,0.17850664137197694,0.2250952069540935
2022-11-22,0.5302162221136367,1.1168087484651679,-0.17959961485701761,-0.3004717811669383,0.8810392236606526
2022-11-23,-0.2680440021747034,-0.6053370864137292,0.017419215592136692,-0.30360187629359414,-0.4821648966854327
2022-11-24,-1.801566765206117,-1.4348328546115277,-0.05137814777332873,-0.18608884954443505,-1.3959900056159773
2022-11-25,-0.22128557031338636,-0.33672061315038254,0.15462020266702858,1.0121384241535698,-0.5595433206059722
2022-11-28,0.5496043628459606,0.7953877658847661,0.44658023012110176,-0.22309147979615046,0.723318036925698
2022-11-29,0.4296619899439915,0.9175255478738067,1.1799753617242068,0.4468822322679743,1.0434072057428854
2022-11-30,0.1956930059360855,-0.47375059524122143,-0.47530066023337836,0.7316903278453946,-0.312447890006876
2022-12-01,-0.5434075941997035,-1.7307450503166066,-0.7666964821477258,2.0979364559668277,-1.3858948958545017
2022-12-02,0.2516119970729898,-0.1981782808729089,1.452685997860122,-1.5315235315908402,-0.19885301987967252
2022-12-05,0.283609861969772,-0.012059618467131824,0.5443341512715977,0.010710386845475817,-0.3481626959528281
2022-12-06,2.4688513791052196,1.543335771753992,-0.0893147243814525,1.1478714747355234,0.9175305698267229
2022-12-07,-0.19920173095618732,0.18184337068403866,-0.04910427188404768,-0.6004029944783,-0.28860431217796717
2022-12-08,-0.18121840255646754,-0.4500256182478308,-0.04746361716618784,-0.4426747323474181,-0.3452892396020613
2022-12-09,-0.6491868172922469,-0.7223253588639873,-0.904474460656178,-0.8098013162989675,-0.807877941947355
2022-12-12,0.029370305038280572,-0.09828146409494885,-0.173331684566788,0.7041473433802942,-0.3554852978436293
2022-12-13,0.13906844756062778,0.4213878704283283,-0.14519988503518527,0.259070284794112,0.0871786237652647
2022-12-14,-0.815006043331012,-1.300351168254864,0.10244570572835834,0.16330920666624568,-0.985798405566322
2022-12-15,-0.3770462861261412,-0.2575658445195761,-0.042811274981805786,-0.8108476281390843,-0.5128261375279893
2022-12-16,1.9168870481024236,2.2559801709742215,0.4733040854419574,0.5545003395842084,1.7605213355874623
2022-12-19,0.4126209828839231,0.3194594794477936,1.0671946269314039,0.9516605812440888,0.721119418043398
2022-12-20,-0.4221352934442568,-0.3276549843463506,-0.5080255976846109,0.5683077718109939,-0.06050199293645492
2022-12-21,0.5046896933282002,0.2977924246275576,4.030779405670776,1.7421084761075296,0.2013415937989474
2022-12-22,-0.6619182971596493,-0.42204091465113514,-0.621070496250958,0.40535347229691276,-0.6796072466863469
2022-12-23,0.48799869508771904,0.5687295948794957,0.4128818491653892,-0.02095160845233618,0.4713198307196793
2022-12-26,-0.5465874564279345,-0.4930573793956213,-0.7746729715103444,0.3454301141570921,-0.09569467597701624
2022-12-27,-0.1319966731417222,-0.5054076709767634,-0.5110685629250075,0.0748059650913925,-0.8677609621392878
2022-12-28,0.2555752933885838,0.22568525839252312,-0.3072786896703143,0.3265515737699224,0.23845943500504585
2022-12-29,-0.5014077046665111,-0.2551090480936486,-0.6629701169556713,-0.2653762601304935,-0.28801913009775004
2022-12-30,-0.11156146203502851,-0.2858853102596713,0.5448297020417178,0.7661917052293755,-0.31398742102310245
2023-01-02,0.12137484678716047,-0.8429689876197971,0.7715903523909475,-0.709042439422759,-0.7782287981020073
2023-01-03,0.26488336546994545,0.23769270964201716,0.2975107107127759,-0.603370110061603,0.1933883370746345
