Date,Actual,Forecast,Set,Pair
2022-12-30,-0.881992992121528,-0.18435162788428777,val,USDPHP_RET
2023-01-02,0.03592641634262156,0.23111922862718334,val,USDPHP_RET
2023-01-03,0.14360410360407533,-0.0016669243517172033,val,USDPHP_RET
2023-01-04,0.2418567463047332,-0.02897419593583031,val,USDPHP_RET
2023-01-05,0.27697600025639085,-0.05389125782971212,val,USDPHP_RET
2023-01-06,-0.22867340094045904,-0.06279756915455294,val,USDPHP_RET
2023-01-09,-0.7179771507775324,0.0654361055834582,val,USDPHP_RET
2023-01-10,-1.4735508913019244,0.18952449124392032,val,USDPHP_RET
2023-01-11,0.05482734161508755,0.3811394660736204,val,USDPHP_RET
2023-01-12,0.5284767024587796,-0.00646023587923011,val,USDPHP_RET
2023-01-13,0,-0.126578637947013,val,USDPHP_RET
2023-01-16,-0.35504555965227846,0.0074440849303616255,val,USDPHP_RET
2023-01-17,-0.4570391804197627,0.09748433160297856,val,USDPHP_RET
2023-01-18,0.13733261278201925,0.1233501128337922,val,USDPHP_RET
2023-01-19,0,-0.02738373362677899,val,USDPHP_RET
2023-01-20,0.12069214330337204,0.0074440849303616255,val,USDPHP_RET
2023-01-23,-0.4873300585799054,-0.02316367809905192,val,USDPHP_RET
2023-01-24,-0.30349205177643224,0.1310319386370513,val,USDPHP_RET
2023-01-25,0.6884234835390814,0.08441026141737751,val,USDPHP_RET
2023-01-26,-0.1922805007367206,-0.1671414537080832,val,USDPHP_RET
2023-01-27,-0.37647872088033263,0.05620679508402322,val,USDPHP_RET
2023-01-30,0.07357167209396862,0.10291982310958409,val,USDPHP_RET
2023-01-31,0.4402899746324817,-0.01121383466155098,val,USDPHP_RET
2023-02-01,0.00914703418180217,-0.10421431170531222,val,USDPHP_RET
2023-02-02,-0.993288959580076,0.0051243792146812555,val,USDPHP_RET
2023-02-03,-0.6398115697678428,0.2593441031290631,val,USDPHP_RET
2023-02-06,-0.34478229310933795,0.16970154738760584,val,USDPHP_RET
2023-02-07,2.261186818339792,0.0948815471825841,val,USDPHP_RET
2023-02-08,0.49158123961026295,-0.5659973041003381,val,USDPHP_RET
2023-02-09,-0.5463554887261054,-0.1172218765802905,val,USDPHP_RET
2023-02-10,-0.2468316353164088,0.14600090288920586,val,USDPHP_RET
2023-02-13,-0.45871640069060426,0.07004106925051816,val,USDPHP_RET
2023-02-14,0.5227688299491512,0.12377545916697487,val,USDPHP_RET
2023-02-15,0.4872819298484906,-0.12513111034169347,val,USDPHP_RET
2023-02-16,0.8339930904026887,-0.11613156323613517,val,USDPHP_RET
2023-02-17,-0.3381960806434864,-0.20405819003587114,val,USDPHP_RET
2023-02-20,0.4067774632700037,0.09321127085059919,val,USDPHP_RET
2023-02-21,-0.8880048585801334,-0.09571547343607255,val,USDPHP_RET
2023-02-22,0.350703101044763,0.23264384969109922,val,USDPHP_RET
2023-02-23,-0.00543903947527426,-0.08149490576662995,val,USDPHP_RET
2023-02-24,-0.29430794250113845,0.008823435953637132,val,USDPHP_RET
2023-02-27,-0.26051690342283357,0.08208115338564884,val,USDPHP_RET
2023-02-28,0.9260204695590948,0.07351167994422797,val,USDPHP_RET
2023-03-01,0.207624289770078,-0.22739651294854885,val,USDPHP_RET
2023-03-02,-1.078937399894634,-0.04520984006009206,val,USDPHP_RET
2023-03-03,0.21854451771681993,0.2810647147052237,val,USDPHP_RET
2023-03-06,0.9775550385588924,-0.04797923117431646,val,USDPHP_RET
2023-03-07,-0.8230463356210719,-0.2404657801982315,val,USDPHP_RET
2023-03-08,0.35356492892002717,0.2161702415252881,val,USDPHP_RET
2023-03-09,0.2530720627984931,-0.0822206708996335,val,USDPHP_RET
2023-03-10,-0.343609392143081,-0.05673548397522035,val,USDPHP_RET
2023-03-13,-0.21762600004137117,0.09458409720904337,val,USDPHP_RET
2023-03-14,0.16325869910178278,0.0626344631603862,val,USDPHP_RET
2023-03-15,-0.5653015829914986,-0.033958639702983136,val,USDPHP_RET
2023-03-16,0.2748678110230188,0.15080566936145628,val,USDPHP_RET
2023-03-17,-0.7664237786507594,-0.0622629282515903,val,USDPHP_RET
2023-03-20,0.06409348269260366,0.20181065059888872,val,USDPHP_RET
2023-03-21,-0.7810730893780112,-0.008810147336058168,val,USDPHP_RET
2023-03-22,0.02767032166670679,0.20552574438222568,val,USDPHP_RET
2023-03-23,0.24869597535279353,4.268373669193883e-4,val,USDPHP_RET
2023-03-24,-0.13808416139694862,-0.055625699660616826,val,USDPHP_RET
2023-03-27,0.00552421768678614,0.04246249768262744,val,USDPHP_RET
2023-03-28,-0.3747000107032454,0.006043132546451801,val,USDPHP_RET
2023-03-29,0.3765413487854072,0.10246873873815615,val,USDPHP_RET
2023-03-30,-0.03501231388819563,-0.08804753580778377,val,USDPHP_RET
2023-03-31,0.07001237344555118,0.01632327604645307,val,USDPHP_RET
2023-04-03,-0.05895415889443465,-0.010311189579610264,val,USDPHP_RET
2023-04-04,0.44862818417647327,0.022394974654008068,val,USDPHP_RET
2023-04-05,-0.4965465706959006,-0.10632889791471097,val,USDPHP_RET
2023-04-06,0.4525114478621315,0.1333692640924044,val,USDPHP_RET
2023-04-07,-0.04038432175456789,-0.10731370116219818,val,USDPHP_RET
2023-04-10,0.22008469655966817,0.01768562772292275,val,USDPHP_RET
2023-04-11,0.20314991881657277,-0.04836982353397255,val,USDPHP_RET
2023-04-12,0.5560893240308777,-0.0440751308561438,val,USDPHP_RET
2023-04-13,0.29048649263521215,-0.13358125265388132,val,USDPHP_RET
2023-04-14,0.0960405304829418,-0.06622385638273001,val,USDPHP_RET
2023-04-17,0.22794613035444183,-0.016911980988959248,val,USDPHP_RET
2023-04-18,1.2409323023397314,-0.050363498483111786,val,USDPHP_RET
2023-04-19,0.3741037556530018,-0.30725876817986125,val,USDPHP_RET
2023-04-20,0.09774113819062656,-0.08742935743331202,val,USDPHP_RET
2023-04-21,-0.6504774439146253,-0.0173432584217576,val,USDPHP_RET
2023-04-24,-0.0804936486609159,0.17240643388187976,val,USDPHP_RET
2023-04-25,-0.45733345157279665,0.027857431285420932,val,USDPHP_RET
2023-04-26,-0.36016743502274196,0.12342474057236681,val,USDPHP_RET
2023-04-27,0.22525575918709828,0.0987832491904414,val,USDPHP_RET
2023-04-28,0.12592139572132943,-0.04968121510577352,val,USDPHP_RET
2023-05-01,-0.2790384412715019,-0.02448982671526724,val,USDPHP_RET
2023-05-02,0.10450397652373818,0.07820877808082652,val,USDPHP_RET
2023-05-03,-0.1946889443695771,-0.019058327418302063,val,USDPHP_RET
2023-05-04,-0.17156066679782891,0.056817581088534526,val,USDPHP_RET
2023-05-05,0.02710773888076311,0.05095220476975313,val,USDPHP_RET
2023-05-08,-0.08135217030277708,5.695094591143934e-4,val,USDPHP_RET
2023-05-09,0.2528732584277892,0.028075154048895757,val,USDPHP_RET
2023-05-10,0.5935233504124718,-0.05668506679891401,val,USDPHP_RET
2023-05-11,-0.25136810150307043,-0.14307459478340695,val,USDPHP_RET
2023-05-12,0.40367577077860783,0.07119152592675158,val,USDPHP_RET
2023-05-15,0.00716468073613265,-0.09492887816840774,val,USDPHP_RET
2023-05-16,0.3824108950951029,0.00562710791635888,val,USDPHP_RET
2023-05-17,0.20489421842825084,-0.08953606420424913,val,USDPHP_RET
2023-05-18,-0.2941100693440242,-0.044517488641044024,val,USDPHP_RET
2023-05-19,-0.3720006036462612,0.08203097236692576,val,USDPHP_RET
2023-05-22,-0.3068696291659711,0.10178416384157471,val,USDPHP_RET
2023-05-23,-0.1492876455746115,0.08526682163350238,val,USDPHP_RET
2023-05-24,0.4704895570074683,0.04530372312968692,val,USDPHP_RET
2023-05-25,-0.21162515990155836,-0.11187298471932454,val,USDPHP_RET
2023-05-26,0.6799114746559985,0.061112638392430065,val,USDPHP_RET
2023-05-29,-0.2946578523388449,-0.16498279164718346,val,USDPHP_RET
2023-05-30,0.3766456634721536,0.08216989120321547,val,USDPHP_RET
2023-05-31,0.39830599187601745,-0.08807399021587557,val,USDPHP_RET
2023-06-01,-0.01597087792680692,-0.09356709176150217,val,USDPHP_RET
2023-06-02,-0.4892902686752975,0.011494330734072862,val,USDPHP_RET
2023-06-05,-0.09457865725745196,0.1315290517418937,val,USDPHP_RET
2023-06-06,0.01606439216534454,0.031429416947373987,val,USDPHP_RET
2023-06-07,0.13378780487445294,0.0033701237332975607,val,USDPHP_RET
2023-06-08,0.06771366712119381,-0.026484763424991634,val,USDPHP_RET
2023-06-09,-0.1336903776753477,-0.009728233170647572,val,USDPHP_RET
2023-06-12,0.01783344593678265,0.04134822555792735,val,USDPHP_RET
2023-06-13,-0.00713027516498355,0.002921488245183272,val,USDPHP_RET
2023-06-14,-0.3018901948402064,0.009252336624390756,val,USDPHP_RET
2023-06-15,0.06080838080851827,0.08400402737289805,val,USDPHP_RET
2023-06-16,-0.2775096954589556,-0.007977039088549263,val,USDPHP_RET
2023-06-19,-0.1273744464419077,0.07782108515996249,val,USDPHP_RET
2023-06-20,0.03230380448181918,0.039746493073839456,val,USDPHP_RET
2023-06-21,-0.30734948992210936,-7.482229155825098e-4,val,USDPHP_RET
2023-06-22,0.05938786873766309,0.08538851525753618,val,USDPHP_RET
2023-06-23,-0.06658463343793723,-0.007616794455757644,val,USDPHP_RET
2023-06-26,0.37195936941884605,0.024330077886390338,val,USDPHP_RET
2023-06-27,-0.12742930273617503,-0.08688553690032508,val,USDPHP_RET
2023-06-28,-0.9708606603423268,0.039760404737098146,val,USDPHP_RET
2023-06-29,0.23365424048968225,0.2536562426815419,val,USDPHP_RET
2023-06-30,0.2980575762149649,-0.05181108635075015,val,USDPHP_RET
2023-07-03,-0.3179629251046533,-0.06814389795082504,val,USDPHP_RET
2023-07-04,-0.01085850570841152,0.0880801031281633,val,USDPHP_RET
2023-07-05,0.02171583247335179,0.010197823164516494,val,USDPHP_RET
2023-07-06,0.34317495522573166,0.0019369074444164852,val,USDPHP_RET
2023-07-07,0.3509875332047553,-0.07958575329843161,val,USDPHP_RET
2023-07-10,-0.23925719499204037,-0.08156703831737193,val,USDPHP_RET
2023-07-11,0.04861832158828256,0.0681201764054391,val,USDPHP_RET
2023-07-12,-0.5125724558926008,-0.00488561628574394,val,USDPHP_RET
2023-07-13,-1.3663903756514717,0.13743345984708766,val,USDPHP_RET
2023-07-14,-0.3215275156091977,0.35396335021913317,val,USDPHP_RET
2023-07-17,0,0.08898409023514298,val,USDPHP_RET
2023-07-18,0.06438826026248924,0.0074440849303616255,val,USDPHP_RET
2023-07-19,-0.04230560928879398,-0.008884903502934461,val,USDPHP_RET
2023-07-20,0.484546747437051,0.01817286999030997,val,USDPHP_RET
2023-07-21,0.06406297955398632,-0.11543791563986099,val,USDPHP_RET
2023-07-24,0.12617650365953967,-0.008802411680588814,val,USDPHP_RET
2023-07-25,-0.43038499914221207,-0.024554522586149527,val,USDPHP_RET
2023-07-26,0.07338944415895537,0.11659056045567556,val,USDPHP_RET
2023-07-27,-0.11010437366475384,-0.011167621301678789,val,USDPHP_RET
2023-07-28,0.578508985903117,0.03536676892116478,val,USDPHP_RET
2023-07-31,0.22428071829412277,-0.1392669226486564,val,USDPHP_RET
2023-08-01,-0.3375162737012665,-0.04943394283287034,val,USDPHP_RET
2023-08-02,0.2919760509012949,0.0930388704836514,val,USDPHP_RET
2023-08-03,0.8202562139574314,-0.06660161126535037,val,USDPHP_RET
2023-08-04,0.718524007795815,-0.20057449136673813,val,USDPHP_RET
2023-08-07,-1.1005986040085458,-0.17477500539003,val,USDPHP_RET
2023-08-08,1.9386379169789796,0.2865580383326271,val,USDPHP_RET
2023-08-09,0.15290805985854408,-0.4841982733760772,val,USDPHP_RET
2023-08-10,0.01598676659666727,-0.0313336973953164,val,USDPHP_RET
2023-08-11,-0.243656864621893,0.0033898097289727317,val,USDPHP_RET
2023-08-14,0.7362772228177246,0.06923594120795608,val,USDPHP_RET
2023-08-15,0.5025177945572008,-0.1792772553586545,val,USDPHP_RET
2023-08-16,-0.0140703575139767,-0.11999540825362089,val,USDPHP_RET
2023-08-17,-0.3930378723506736,0.011012355049191264,val,USDPHP_RET
2023-08-18,0.13941885675483448,0.10711925623174161,val,USDPHP_RET
2023-08-21,-0.9978257476738818,-0.02791280916884608,val,USDPHP_RET
2023-08-22,0.1921876003089078,0.2604946414415763,val,USDPHP_RET
2023-08-23,-0.2046567074326839,-0.04129506549354459,val,USDPHP_RET
2023-08-24,0.4975622808644981,0.05934542524987349,val,USDPHP_RET
2023-08-25,0.36271640002779854,-0.11873868031223368,val,USDPHP_RET
2023-08-28,-0.04239376226250796,-0.08454150182839675,val,USDPHP_RET
2023-08-29,0.20298464183160952,0.018195225756442928,val,USDPHP_RET
2023-08-30,-0.0652621610269312,-0.04403321629027802,val,USDPHP_RET
2023-08-31,0.14986661974528168,0.023994696302625896,val,USDPHP_RET
2023-09-01,-0.2540216788964349,-0.030562382248307256,val,USDPHP_RET
2023-09-04,-0.1502548319735794,0.07186447833121883,val,USDPHP_RET
2023-09-05,0.07957559117531023,0.04554900348758453,val,USDPHP_RET
2023-09-06,0.6957629914372554,-0.01273644025508628,val,USDPHP_RET
2023-09-07,-0.08604681363404885,-0.1690027672314925,val,USDPHP_RET
2023-09-08,-0.42605799478020223,0.029265724757628613,val,USDPHP_RET
2023-09-11,-0.03352951259570081,0.11549322370686388,val,USDPHP_RET
2023-09-12,0.04587894917255916,0.015947234745518436,val,USDPHP_RET
2023-09-13,-0.11826724399209292,-0.004190906096208085,val,USDPHP_RET
2023-09-14,0.00530226105176186,0.03743688876310851,val,USDPHP_RET
2023-09-15,0.1923149417278524,0.006099421182163181,val,USDPHP_RET
2023-09-18,0.2271336168213857,-0.041327359525850316,val,USDPHP_RET
2023-09-19,-0.4618475610153737,-0.05015744346579833,val,USDPHP_RET
2023-09-20,0.2435289620585305,0.12456952753467919,val,USDPHP_RET
2023-09-21,0.02115018420173129,-0.05431533500760785,val,USDPHP_RET
2023-09-22,0.03347080590637186,0.002080356949760334,val,USDPHP_RET
2023-09-25,0.079243498473864,-0.001044176753836193,val,USDPHP_RET
2023-09-26,0.0668617502714569,-0.012652220898039034,val,USDPHP_RET
2023-09-27,0.6434847136512947,-0.009512185395342355,val,USDPHP_RET
2023-09-28,-0.4378904288123937,-0.15574489398255636,val,USDPHP_RET
2023-09-29,-0.5791989555843935,0.11849395206420317,val,USDPHP_RET
2023-10-02,0.1005871392387911,0.15433007016678119,val,USDPHP_RET
2023-10-03,0.12163028560074912,-0.018065009840528282,val,USDPHP_RET
2023-10-04,0.11620666318432488,-0.0234015928161169,val,USDPHP_RET
2023-10-05,-0.38963838743162776,-0.022026151589046646,val,USDPHP_RET
2023-10-06,0.03885439611717922,0.10625714022338903,val,USDPHP_RET
2023-10-09,0.08648725909218868,-0.002409465735453426,val,USDPHP_RET
2023-10-10,0.352238406671476,-0.01448925272446187,val,USDPHP_RET
2023-10-11,-0.17772770433613191,-0.0818842622691658,val,USDPHP_RET
2023-10-12,-0.4448119559588086,0.05251617752224134,val,USDPHP_RET
2023-10-13,0.4342431964428313,0.12024926485342598,val,USDPHP_RET
2023-10-16,0.04754726602115125,-0.10268083695828555,val,USDPHP_RET
2023-10-17,-0.31740514759475275,-0.004613994504136443,val,USDPHP_RET
2023-10-18,-0.0141292572581552,0.08793864966334862,val,USDPHP_RET
2023-10-19,0.3773002984723678,0.01102729213923678,val,USDPHP_RET
2023-10-20,-0.1250194204209401,-0.08824000692921664,val,USDPHP_RET
2023-10-23,0,0.039149253879928604,val,USDPHP_RET
2023-10-24,-0.17459128990303677,0.0074440849303616255,val,USDPHP_RET
2023-10-25,0.04059227072552884,0.0517207767024141,val,USDPHP_RET
2023-10-26,0.14457113000605587,-0.0028501941269734573,val,USDPHP_RET
2023-10-27,0.21118771978866088,-0.029219435718179754,val,USDPHP_RET
2023-10-30,-0.00879254572429038,-0.04611353286556763,val,USDPHP_RET
2023-10-31,-0.2975777056421139,0.009673891681559193,val,USDPHP_RET
2023-11-01,0.13217276103555764,0.08291037169797696,val,USDPHP_RET
2023-11-02,-0.22391771436479704,-0.02607518515626566,val,USDPHP_RET
2023-11-03,-0.28281035314321235,0.06423005418884387,val,USDPHP_RET
2023-11-06,-1.4333531794534822,0.07916534229103322,val,USDPHP_RET
2023-11-07,0.07358723645956684,0.37094524791735545,val,USDPHP_RET
2023-11-08,0.3546453964981882,-0.011217781815035001,val,USDPHP_RET
2023-11-09,-0.3223503949656473,-0.08249467958560233,val,USDPHP_RET
2023-11-10,0.3473784425355802,0.08919277404549424,val,USDPHP_RET
2023-11-13,-0.08404947728186721,-0.0806517658818157,val,USDPHP_RET
2023-11-14,-0.17368442782501117,0.028759196361625713,val,USDPHP_RET
2023-11-15,-0.5426851851576845,0.05149079471000886,val,USDPHP_RET
2023-11-16,0.4171589504552403,0.14507010674296575,val,USDPHP_RET
2023-11-17,-0.19757637654699256,-0.09834823884201872,val,USDPHP_RET
2023-11-20,-0.4215946714053031,0.05754983952252131,val,USDPHP_RET
2023-11-21,-0.4814275560562588,0.11436131619040554,val,USDPHP_RET
2023-11-22,0.2989013906936608,0.12953505248042568,val,USDPHP_RET
2023-11-23,0.06509465977370593,-0.06835789094902536,val,USDPHP_RET
2023-11-24,-0.1972214259410998,-0.009064047797265756,val,USDPHP_RET
2023-11-27,0.504229956979887,0.05745982335630737,val,USDPHP_RET
2023-11-28,-0.2726676026406495,-0.12042961598468853,val,USDPHP_RET
2023-11-29,-0.9258454304978876,0.07659312097362263,val,USDPHP_RET
2023-11-30,0.6725444293335272,0.2422402925618237,val,USDPHP_RET
2023-12-01,0.5456069240253445,-0.1631144945792429,val,USDPHP_RET
2023-12-04,-0.48041206165763217,-0.13092289555981254,val,USDPHP_RET
2023-12-05,0.1609983999159005,0.12927752111955879,val,USDPHP_RET
2023-12-06,-0.36941602945875224,-0.03338542341927556,val,USDPHP_RET
2023-12-07,0.2410025807281081,0.10112871078474757,val,USDPHP_RET
2023-12-08,0.21513649322019807,-0.05367463977288048,val,USDPHP_RET
2023-12-11,-0.01806483212715081,-0.047114949512428665,val,USDPHP_RET
2023-12-12,0.3300050263711645,0.01202536160488498,val,USDPHP_RET
2023-12-13,-0.03421354775142771,-0.07624583364449367,val,USDPHP_RET
2023-12-14,-0.0846809441410552,0.016120707395661453,val,USDPHP_RET
2023-12-15,0.3167269622824208,0.02891933758919818,val,USDPHP_RET
2023-12-18,0.14364020044061707,-0.07287849068418119,val,USDPHP_RET
2023-12-19,-0.1472317940283366,-0.028983350164007403,val,USDPHP_RET
2023-12-20,-0.11326303686749362,0.044782355166290436,val,USDPHP_RET
2023-12-21,0.05215190880850891,0.03616781207238444,val,USDPHP_RET
2023-12-22,-0.6493540480742779,-0.005781740899328712,val,USDPHP_RET
2023-12-25,-0.04524677469525422,0.1721215385048613,val,USDPHP_RET
2023-12-26,0.28022396515217285,0.018918755276023748,val,USDPHP_RET
2023-12-27,-0.13549663657114824,-0.06362125938936851,val,USDPHP_RET
2023-12-28,0.42214156176202894,0.04180629633817249,val,USDPHP_RET
2023-12-29,-0.42214156176203343,-0.09961183879120947,val,USDPHP_RET
2024-01-01,-0.117575426227354,0.11450000865193385,val,USDPHP_RET
2024-01-02,0.2494632210255824,0.037261442428135054,val,USDPHP_RET
2024-01-03,0.31545345574710193,-0.055820274660242405,val,USDPHP_RET
2024-01-04,0.19777885962848027,-0.07255552694203046,val,USDPHP_RET
2024-01-05,-0.2697967876909214,-0.042713019766336874,val,USDPHP_RET
2024-01-08,-0.05224304335239792,0.07586507670099996,val,USDPHP_RET
2024-01-09,0.27712193326810247,0.02069302265819878,val,USDPHP_RET
2024-01-10,0.7857971938518625,-0.06283457805105924,val,USDPHP_RET
2024-01-11,-0.0999011313065517,-0.19183561663347634,val,USDPHP_RET
2024-01-12,-0.1536017604815446,0.03277920675113578,val,USDPHP_RET
2024-01-15,-0.2917796295746275,0.04639779108754197,val,USDPHP_RET
2024-01-16,-0.09506041026544398,0.08143996829438459,val,USDPHP_RET
2024-01-17,0.30995059327535696,0.03155159045016996,val,USDPHP_RET
2024-01-18,0.00894573430147821,-0.07115999028232216,val,USDPHP_RET
2024-01-19,-0.3655633123200218,0.005175429257096343,val,USDPHP_RET
2024-01-22,0.28861475780678825,0.10015165420116194,val,USDPHP_RET
2024-01-23,0.834263320068855,-0.06574918077821866,val,USDPHP_RET
2024-01-24,-0.07280993690858223,-0.20412672080646774,val,USDPHP_RET
2024-01-25,-0.19382641915352436,0.025908826993005667,val,USDPHP_RET
2024-01-26,0.5732741938073138,0.05659884301083317,val,USDPHP_RET
2024-01-29,-0.5021007169650994,-0.1379393691593307,val,USDPHP_RET
2024-01-30,0.1830358318131197,0.13477780642320905,val,USDPHP_RET
2024-01-31,-0.04439782692935631,-0.03897415914660007,val,USDPHP_RET
2024-02-01,-0.3630000886967178,0.01870346046617321,val,USDPHP_RET
2024-02-02,-0.2981476247761399,0.09950161568907519,val,USDPHP_RET
2024-02-05,0.4192963874344183,0.08305490430235991,val,USDPHP_RET
2024-02-06,0.236525514430225,-0.09889029703038432,val,USDPHP_RET
2024-02-07,-0.3077725158941731,-0.05253924702433898,val,USDPHP_RET
2024-02-08,-0.3105089925270446,0.08549579546943588,val,USDPHP_RET
2024-02-09,0.02859080093760965,0.08618977128279041,val,USDPHP_RET
2024-02-12,-0.1716812050214035,1.9340202783137313e-4,val,USDPHP_RET
2024-02-13,0.03936822884637045,0.05098277349843901,val,USDPHP_RET
2024-02-14,0.23768202810153985,-0.0025397747181376594,val,USDPHP_RET
2024-02-15,0.01606095131058983,-0.05283254114790844,val,USDPHP_RET
2024-02-16,-0.3844338840183343,0.0033709963407769564,val,USDPHP_RET
2024-02-19,0.2522815841300134,0.10493726800304533,val,USDPHP_RET
2024-02-20,0.06788619939165473,-0.05653501704255666,val,USDPHP_RET
2024-02-21,-0.2664392664616501,-0.009771987691071661,val,USDPHP_RET
2024-02-22,-0.05193801251561156,0.07501360276625138,val,USDPHP_RET
2024-02-23,-0.10216468710687822,0.020615666242830857,val,USDPHP_RET
2024-02-26,0.18633005580463352,0.03335324891862053,val,USDPHP_RET
2024-02-27,0.2931201081561776,-0.03980958077835136,val,USDPHP_RET
2024-02-28,0.07314767526267807,-0.06689174641740839,val,USDPHP_RET
2024-02-29,0.2475887062548367,-0.01110630823785708,val,USDPHP_RET
2024-03-01,-0.0818637830543806,-0.055344894056934185,val,USDPHP_RET
2024-03-04,-0.2763587139735879,0.028204900040932252,val,USDPHP_RET
2024-03-05,-0.07501441364276015,0.0775291940095433,val,USDPHP_RET
2024-03-06,-0.06255502531904246,0.026467886594043408,val,USDPHP_RET
2024-03-07,-0.22552265347357692,0.02330816140509535,val,USDPHP_RET
2024-03-08,-0.1901191401498377,0.06463706987829679,val,USDPHP_RET
2024-03-11,-0.2354622128524512,0.055658669822065285,val,USDPHP_RET
2024-03-12,-0.49610263870612425,0.06715776153028495,val,USDPHP_RET
2024-03-13,0.2673024869917629,0.13325668207362218,val,USDPHP_RET
2024-03-14,-0.1733020933666678,-0.06034434731623177,val,USDPHP_RET
2024-03-15,0.26524381021573884,0.051393833945383625,val,USDPHP_RET
2024-03-18,0.14045545740968465,-0.059822262869058465,val,USDPHP_RET
2024-03-19,0.15284308165658986,-0.02817569311747261,val,USDPHP_RET
2024-03-20,0.3282578344604832,-0.03131721879651901,val,USDPHP_RET
2024-03-21,0.35038676212063036,-0.075802742366922915,val,USDPHP_RET
2024-03-22,-0.13571953710227308,-0.08141468159824732,val,USDPHP_RET
2024-03-25,0.538223667089746,0.04186282434777665,val,USDPHP_RET
2024-03-26,-0.05689559445942736,-0.12905048719515175,val,USDPHP_RET
2024-03-27,0.02134048941991286,0.021872918696735813,val,USDPHP_RET
2024-03-28,0.0319954170210574,0.0020320951751167183,val,USDPHP_RET
2024-03-29,-0.14229461193996665,-6.700152538251644e-4,val,USDPHP_RET
2024-04-01,-0.03560701076699163,0.04353027615552959,val,USDPHP_RET
2024-04-02,0.08365603336977578,0.016474092335254625,val,USDPHP_RET
2024-04-03,0.16887080950833985,-0.013771248357130589,val,USDPHP_RET
2024-04-04,0.07279571972724681,-0.03538188185211817,val,USDPHP_RET
2024-04-05,0.5645787341013397,-0.011017051627355993,val,USDPHP_RET
2024-04-08,-0.28631318152065394,-0.13573418361180686,val,USDPHP_RET
2024-04-09,-0.1860127943418443,0.08005366640207287,val,USDPHP_RET
2024-04-10,-0.1277499680650363,0.05461729251308866,val,USDPHP_RET
2024-04-11,0.4269715350082831,0.03984172609016141,val,USDPHP_RET
2024-04-12,-0.20351269847474152,-0.10083672943042993,val,USDPHP_RET
2024-04-15,0.27773699732125195,0.05905530234601378,val,USDPHP_RET
2024-04-16,0.48288354065079847,-0.06299055949501611,val,USDPHP_RET
2024-04-17,0.41405030640896384,-0.11501612315371242,val,USDPHP_RET
2024-04-18,0.16443849400402022,-0.09755988064647271,val,USDPHP_RET
2024-04-19,0,-0.034257837992139585,val,USDPHP_RET
2024-04-22,0.4638807354287788,0.0074440849303616255,val,USDPHP_RET
2024-04-23,0.08173475022288326,-0.11019697467221029,val,USDPHP_RET
2024-04-24,-0.23147856489128052,-0.013284007202379721,val,USDPHP_RET
2024-04-25,0.8346306113009839,0.06614750063466365,val,USDPHP_RET
2024-04-26,-0.29938244658062624,-0.2042198665795735,val,USDPHP_RET
2024-04-29,0.00346436042553646,0.08336805752129206,val,USDPHP_RET
2024-04-30,-0.09710042897762164,0.006565516366981612,val,USDPHP_RET
2024-05-01,0.29274766862912277,0.03206894317594725,val,USDPHP_RET
2024-05-02,-0.3847360528271274,-0.06679729502666434,val,USDPHP_RET
2024-05-03,-0.2625397773119875,0.10501389860252995,val,USDPHP_RET
2024-05-06,-0.542900387499032,0.07402468470943444,val,USDPHP_RET
2024-05-07,0.05774231069593271,0.1451246824766221,val,USDPHP_RET
2024-05-08,0.02274065012427649,-0.007199477725655114,val,USDPHP_RET
2024-05-09,0.37185041796539586,0.0016770116885757892,val,USDPHP_RET
2024-05-10,-0.24599626433123684,-0.0868579065991502,val,USDPHP_RET
2024-05-13,0.35397494735727714,0.06982921753874996,val,USDPHP_RET
2024-05-14,0.6454284244275249,-0.08232465237532487,val,USDPHP_RET
2024-05-15,-0.19908058135847717,-0.1562378228278668,val,USDPHP_RET
2024-05-16,-0.5874417299759417,0.05793130879763309,val,USDPHP_RET
2024-05-17,0.00348422765314502,0.15642045383531264,val,USDPHP_RET
2024-05-20,0.537157728524877,0.006560477999296272,val,USDPHP_RET
2024-05-21,0.6049598899255871,-0.12878016309530196,val,USDPHP_RET
2024-05-22,0.2100182362600192,-0.14597492351826155,val,USDPHP_RET
2024-05-23,-0.2651733393539137,-0.04581694956087404,val,USDPHP_RET
2024-05-24,0.373450997423617,0.0746925611817241,val,USDPHP_RET
2024-05-27,-0.06013977976606382,-0.08726381667271513,val,USDPHP_RET
2024-05-28,-0.1599740645026114,0.02269565042036956,val,USDPHP_RET
2024-05-29,-0.3466331111741876,0.048013819820563415,val,USDPHP_RET
2024-05-30,0.9370980181939832,0.09535091825504143,val,USDPHP_RET
2024-05-31,0.01539966457363743,-0.23020580089624243,val,USDPHP_RET
2024-06-03,0.23074340355239753,0.0035386999475333345,val,USDPHP_RET
2024-06-04,0.0682667740378816,-0.05107289242399448,val,USDPHP_RET
2024-06-05,0.4578722560683105,-0.009868502163910504,val,USDPHP_RET
2024-06-06,-0.2329271777611744,-0.10867321258299072,val,USDPHP_RET
2024-06-07,-0.25054453982336206,0.06651487168492017,val,USDPHP_RET
2024-06-10,0.1619868587059245,0.07098266907789061,val,USDPHP_RET
2024-06-11,0.21273888064128557,-0.03363609849705049,val,USDPHP_RET
2024-06-12,-0.10376143731747704,-0.0465069102843305,val,USDPHP_RET
2024-06-13,-0.8236801865853898,0.03375818788751702,val,USDPHP_RET
2024-06-14,0.6823250562555757,0.21633098736657325,val,USDPHP_RET
2024-06-17,0.0238568910103218,-0.16559488065008005,val,USDPHP_RET
2024-06-18,-0.2097910215665304,0.0013939308219286647,val,USDPHP_RET
2024-06-19,0.0648588408628843,0.060647497332000075,val,USDPHP_RET
2024-06-20,0.25562646008985584,-0.009004243661364878,val,USDPHP_RET
2024-06-21,0.1581567196705485,-0.05738328411230535,val,USDPHP_RET
2024-06-24,0.02039120131268962,-0.032664767764528646,val,USDPHP_RET
2024-06-25,-0.29775722217303524,0.0022728364913057533,val,USDPHP_RET
2024-06-26,0.10218438841597537,0.08295589744048112,val,USDPHP_RET
2024-06-27,0.31951577887904836,-0.018470075348324396,val,USDPHP_RET
2024-06-28,-0.5615281878500029,-0.07358574001446702,val,USDPHP_RET
2024-07-01,-0.21010931337670485,0.14984872899113796,val,USDPHP_RET
2024-07-02,0.4419066821044844,0.06072821675609328,val,USDPHP_RET
2024-07-03,0.06467547544135133,-0.1046243118746402,val,USDPHP_RET
2024-07-04,-0.21630280731103857,-0.008957741832691886,val,USDPHP_RET
2024-07-05,-0.4460086232946442,0.062298898902235104,val,USDPHP_RET
2024-07-08,0.2343601748808828,0.12055274202466344,val,USDPHP_RET
2024-07-09,-0.10941153091008926,-0.051990112689737834,val,USDPHP_RET
2024-07-10,0.04274976490923496,0.035191062646746284,val,USDPHP_RET
2024-07-11,-0.5091003903571117,-0.0033973388615418576,val,USDPHP_RET
2024-07-12,-0.05500340631255553,0.13655293725278989,val,USDPHP_RET
2024-07-15,0.4169568691592891,0.02139305609075871,val,USDPHP_RET
2024-07-16,-0.08565033396258631,-0.09829699063107591,val,USDPHP_RET
2024-07-17,-0.0582857283793543,0.029165176739357018,val,USDPHP_RET
2024-07-18,-0.28677638684385537,0.022225459371179906,val,USDPHP_RET
2024-07-19,0.07048309143596225,0.08017113617581677,val,USDPHP_RET
2024-07-22,0.23858360374218085,-0.010430564580416812,val,USDPHP_RET
2024-07-23,0.12849095501495872,-0.05306118248947836,val,USDPHP_RET
2024-07-24,0.0855777075959267,-0.025141471965710274,val,USDPHP_RET
2024-07-25,0.06156567701596343,-0.014258588690344437,val,USDPHP_RET
2024-07-26,0.02734891242845563,-0.008169090884350853,val,USDPHP_RET
2024-07-29,-0.2515670564428036,5.083473768553951e-4,val,USDPHP_RET
2024-07-30,0.4479346747659309,0.07124198128765753,val,USDPHP_RET
2024-07-31,-0.1143592154752093,-0.10615302257506111,val,USDPHP_RET
2024-08-01,-0.5222396260070747,0.03644580510610279,val,USDPHP_RET
2024-08-02,-0.07212869643885475,0.13988507305015338,val,USDPHP_RET
2024-08-05,-0.47701625231980177,0.025736063080684934,val,USDPHP_RET
2024-08-06,-0.45328977451668023,0.12841633724577403,val,USDPHP_RET
2024-08-07,0.02774529729225762,0.1223992561811419,val,USDPHP_RET
2024-08-08,-0.3420985863759903,4.078234019915016e-4,val,USDPHP_RET
2024-08-09,-0.6071826201278716,0.09420095391871046,val,USDPHP_RET
2024-08-12,0.23598688598912387,0.16142678209514952,val,USDPHP_RET
2024-08-13,-0.12054445856299184,-0.05240264980073441,val,USDPHP_RET
2024-08-14,-0.6049116197661852,0.03801439482146065,test,USDPHP_RET
2024-08-15,-0.01582733859697163,0.1608508519723785,test,USDPHP_RET
2024-08-16,0.5315433308405091,0.011457928879960815,test,USDPHP_RET
2024-08-19,-0.1242993297129954,-0.1273563408880513,test,USDPHP_RET
2024-08-20,-0.7755419261045179,0.038966637471393596,test,USDPHP_RET
2024-08-21,-0.6980168647276687,0.20412303058397507,test,USDPHP_RET
2024-08-22,-0.24564000876061173,0.18446252375629457,test,USDPHP_RET
2024-08-23,0.6483927121089205,0.06973887043093373,test,USDPHP_RET
2024-08-26,-0.1080703129159385,-0.15698957196761906,test,USDPHP_RET
2024-08-27,-0.8723603084843913,0.034850927146521014,test,USDPHP_RET
2024-08-28,0.4745141665203106,0.2286763612620584,test,USDPHP_RET
2024-08-29,0.02312678248852524,-0.11289363354437161,test,USDPHP_RET
2024-08-30,-0.23869985312746955,0.001579087767602694,test,USDPHP_RET
2024-09-02,0.26894598336164444,0.06797883342113005,test,USDPHP_RET
2024-09-03,0.418893489748446,-0.06076114120233081,test,USDPHP_RET
2024-09-04,-0.0761918806801113,-0.09878812139111057,test,USDPHP_RET
2024-09-05,-0.03723156918884284,0.026766494532122695,test,USDPHP_RET
2024-09-06,-0.8905888372902404,0.016886083520782528,test,USDPHP_RET
2024-09-09,0.5032627937590031,0.23329915173369534,test,USDPHP_RET
2024-09-10,-0.11221197939980618,-0.12018434150479822,test,USDPHP_RET
2024-09-11,-0.1658747813392249,0.03590126184781507,test,USDPHP_RET
2024-09-12,-0.1232488488497707,0.04951025312347329,test,USDPHP_RET
2024-09-13,0.19641218394211113,0.038700233474841014,test,USDPHP_RET
2024-09-16,-0.10708794982999877,-0.04236642814569342,test,USDPHP_RET
2024-09-17,-0.5658872187886491,0.03460179795119545,test,USDPHP_RET
2024-09-18,0.06463522721511303,0.15095418774227307,test,USDPHP_RET
2024-09-19,-0.11133308167894772,-0.00894753480398779,test,USDPHP_RET
2024-09-20,-0.3762136967974776,0.03567837167094988,test,USDPHP_RET
2024-09-23,0.32589402528977196,0.10285261248507208,test,USDPHP_RET
2024-09-24,0.5539153300574515,-0.0752032757490999,test,USDPHP_RET
2024-09-25,-0.11447436543889632,-0.13302992354044643,test,USDPHP_RET
2024-09-26,-0.23472810105055136,0.03647500736156791,test,USDPHP_RET
2024-09-27,-0.0430601103813511,0.06697158934496575,test,USDPHP_RET
2024-09-30,0.5904965086989622,0.01836421293952228,test,USDPHP_RET
2024-10-01,0.1942824449192679,-0.14230698181905868,test,USDPHP_RET
2024-10-02,0.20634535518846495,-0.04182632217407415,test,USDPHP_RET
2024-10-03,-0.05332846530949616,-0.04488549975481023,test,USDPHP_RET
2024-10-04,-0.02311670589096005,0.020968287784332778,test,USDPHP_RET
2024-10-07,0.1474942918300034,0.013306526648317139,test,USDPHP_RET
2024-10-08,0.8416963802862588,-0.029960755260240737,test,USDPHP_RET
2024-10-09,0.0704105131044361,-0.2060117593805677,test,USDPHP_RET
2024-10-10,0.4266720400910849,-0.01041215857393105,test,USDPHP_RET
2024-10-11,0.45799786946118537,-0.10076077693507093,test,USDPHP_RET
2024-10-14,-0.1990231185099602,-0.10870506838451352,test,USDPHP_RET
2024-10-15,0.33148769573134085,0.05791673610713093,test,USDPHP_RET
2024-10-16,0.4847896026807013,-0.07662184148713491,test,USDPHP_RET
2024-10-17,0.15761194294779832,-0.11549950420349611,test,USDPHP_RET
2024-10-18,-0.15935099075700593,-0.03252661132470169,test,USDPHP_RET
2024-10-21,-0.3125007924123287,0.047855807102971645,test,USDPHP_RET
2024-10-22,0.19976847768012956,0.08669489561998565,test,USDPHP_RET
2024-10-23,0.17512074241386769,-0.043217590786265254,test,USDPHP_RET
2024-10-24,0.5769273508495163,-0.036966877031475345,test,USDPHP_RET
2024-10-25,-0.2897805994305101,-0.1388658169130665,test,USDPHP_RET
2024-10-28,1.138731245073953,0.08093301034944195,test,USDPHP_RET
2024-10-29,-0.68718360337174,-0.2813403806483419,test,USDPHP_RET
2024-10-30,0.01031779295125786,0.1817151875391847,test,USDPHP_RET
2024-10-31,0.01203498673749876,0.004827472506429051,test,USDPHP_RET
2024-11-01,0.0824875641038064,0.004391988811747042,test,USDPHP_RET
2024-11-04,0.1115904271425702,-0.013474922271429657,test,USDPHP_RET
2024-11-05,0.18856714609164615,-0.02085546512191919,test,USDPHP_RET
2024-11-06,-0.1233824677180752,-0.040376911240021705,test,USDPHP_RET
2024-11-07,0.778874348310879,0.03873411948055261,test,USDPHP_RET
2024-11-08,-1.0054760514850207,-0.19007996949681855,test,USDPHP_RET
2024-11-11,0.24203120436518316,0.26243477341492094,test,USDPHP_RET
2024-11-12,0.5010814884581942,-0.053935500734234934,test,USDPHP_RET
2024-11-13,0.274272626152886,-0.11963115822447366,test,USDPHP_RET
2024-11-14,-0.24015961533263264,-0.062111988207233584,test,USDPHP_RET
2024-11-15,0.2758789103312756,0.0683490319645648,test,USDPHP_RET
2024-11-18,-0.35435038027047167,-0.06251934500896394,test,USDPHP_RET
2024-11-19,-0.0922035567466914,0.0973080327553577,test,USDPHP_RET
2024-11-20,0.5162557841688852,0.030827086823683427,test,USDPHP_RET
2024-11-21,0.23424863239360263,-0.12347938922393177,test,USDPHP_RET
2024-11-22,-0.2019628202949712,-0.0519618252973282,test,USDPHP_RET
2024-11-25,-0.08837810425788441,0.05866225021558945,test,USDPHP_RET
2024-11-26,0.2225043850373652,0.029856944608515613,test,USDPHP_RET
2024-11-27,0.00508691011936964,-0.04898346125307571,test,USDPHP_RET
2024-11-28,-0.46934238744211193,0.006154034598798397,test,USDPHP_RET
2024-11-29,-0.0153398124779361,0.1264702301399811,test,USDPHP_RET
2024-12-02,-0.1740397493131388,0.011334291304940038,test,USDPHP_RET
2024-12-03,0.07169896433529134,0.05158090493268119,test,USDPHP_RET
2024-12-04,-0.4858288332290972,-0.010738912320029048,test,USDPHP_RET
2024-12-05,-0.2506781845228163,0.13065122495898038,test,USDPHP_RET
2024-12-06,-0.8823522822580384,0.07101656163443218,test,USDPHP_RET
2024-12-09,0.3583718380967556,0.23121034530682896,test,USDPHP_RET
2024-12-10,0.3278102028997451,-0.08343971244582093,test,USDPHP_RET
2024-12-11,-0.00517137948438693,-0.07568922212972638,test,USDPHP_RET
2024-12-12,0.5719850238631755,0.008755556857705082,test,USDPHP_RET
2024-12-13,-0.1937286232118216,-0.1376124331461418,test,USDPHP_RET
2024-12-16,0.4793523958132283,0.05657404176920344,test,USDPHP_RET
2024-12-17,0.08194540386391864,-0.11412061793313469,test,USDPHP_RET
2024-12-18,0.5361072161027085,-0.013337429376761755,test,USDPHP_RET
2024-12-19,0.7794352361648517,-0.12851375109533966,test,USDPHP_RET
2024-12-20,-0.9170182205430308,-0.19022221175095866,test,USDPHP_RET
2024-12-23,-0.176925112127003,0.2400016948941196,test,USDPHP_RET
2024-12-24,-0.4727664360051928,0.052312638572033755,test,USDPHP_RET
2024-12-25,-2.3383834218589623,0.12733857553638814,test,USDPHP_RET
2024-12-26,1.5603847385008194,0.6004626832351662,test,USDPHP_RET
2024-12-27,-0.05519021900226091,-0.3882725292878244,test,USDPHP_RET
2024-12-30,-0.10355477275665298,0.021440432153366343,test,USDPHP_RET
2024-12-31,0.2104536537961489,0.033705777351659846,test,USDPHP_RET
2025-01-02,-1.4126524549616364,-0.04592737229759857,test,USDPHP_RET
2025-01-03,1.4798390226993907,0.36569550379614146,test,USDPHP_RET
2025-01-06,0.13423130544518877,-0.36784597860434065,test,USDPHP_RET
2025-01-07,-0.37907109066316447,-0.02659723603506345,test,USDPHP_RET
2025-01-08,0.2741080755465921,0.10357725314459543,test,USDPHP_RET
2025-01-09,0.9697036651802302,-0.06207025785241563,test,USDPHP_RET
2025-01-10,-0.756453684362163,-0.23847465659024747,test,USDPHP_RET
2025-01-13,0.7683877219913325,0.19928221523421705,test,USDPHP_RET
2025-01-14,-0.16549960101879027,-0.1874205406012699,test,USDPHP_RET
2025-01-15,-0.02390904100173881,0.049415106662180464,test,USDPHP_RET
2025-01-16,-0.40390275652831725,0.01350746437837005,test,USDPHP_RET
2025-01-17,0.33384958873407855,0.10987461205813905,test,USDPHP_RET
2025-01-20,-0.2104544323375507,-0.07722082216102112,test,USDPHP_RET
2025-01-21,-0.40159551489590184,0.06081573959794037,test,USDPHP_RET
2025-01-22,0.34334273770449364,0.10928949107839922,test,USDPHP_RET
2025-01-23,-0.05142501144901884,-0.07962830326241331,test,USDPHP_RET
2025-01-24,0.00686124858315399,0.0204855681714043,test,USDPHP_RET
2025-01-27,-0.27298799445475164,0.00570405890239391,test,USDPHP_RET
2025-01-28,0.4049214688019253,0.0766743729628093,test,USDPHP_RET
2025-01-29,-0.6907251207314509,-0.09524478961765652,test,USDPHP_RET
2025-01-30,0.7318088876869472,0.18261332325161558,test,USDPHP_RET
2025-01-31,-0.16272952096314294,-0.17814407685112676,test,USDPHP_RET
2025-02-03,0.13876440882755117,0.048712608955244895,test,USDPHP_RET
2025-02-04,0.25476768589396803,-0.02774683989756528,test,USDPHP_RET
2025-02-05,-1.0471310152824926,-0.05716549730063661,test,USDPHP_RET
2025-02-06,-0.4063475240546309,0.27299855350876734,test,USDPHP_RET
2025-02-07,0.34593264817381386,0.1104946098729042,test,USDPHP_RET
2025-02-10,-1.0920180675072708,-0.08028510961071963,test,USDPHP_RET
2025-02-11,0.9278477792810658,0.28438199753404664,test,USDPHP_RET
2025-02-12,0.35392471472540016,-0.227859922259384,test,USDPHP_RET
2025-02-13,-0.28476683606681635,-0.08231191328186979,test,USDPHP_RET
2025-02-14,-0.09510276900682804,0.07966151017783794,test,USDPHP_RET
2025-02-17,-0.3639502833614203,0.03156233270963294,test,USDPHP_RET
2025-02-18,0.4071924259767441,0.0997425869100098,test,USDPHP_RET
2025-02-19,0.5690126768836369,-0.09582070878815366,test,USDPHP_RET
2025-02-20,-0.07739956241877884,-0.13685864015265561,test,USDPHP_RET
2025-02-21,-0.5867652406331512,0.02707276497740903,test,USDPHP_RET
2025-02-24,-0.22700001243579288,0.15624889481805324,test,USDPHP_RET
2025-02-25,0.41894041088619377,0.06501173099365394,test,USDPHP_RET
2025-02-26,-0.20925411867922472,-0.09880002068319328,test,USDPHP_RET
2025-02-27,0.04327208031327079,0.060511337712204835,test,USDPHP_RET
2025-02-28,0.319609064999244,-0.0035297990671175955,test,USDPHP_RET
2025-03-03,-0.23312763333807376,-0.07360939755656325,test,USDPHP_RET
2025-03-04,-0.28047378381603727,0.06656570761033943,test,USDPHP_RET
2025-03-05,-0.11623198998219314,0.07857278375067982,test,USDPHP_RET
2025-03-06,-0.5866784559691857,0.036920744375125505,test,USDPHP_RET
2025-03-07,-0.15376105987174385,0.15622688605794227,test,USDPHP_RET
2025-03-10,-0.14174571058253857,0.04643818972371245,test,USDPHP_RET
2025-03-11,0.5744759029342297,0.04339107370030057,test,USDPHP_RET
2025-03-12,-0.6620709280294804,-0.13824412493862337,test,USDPHP_RET
2025-03-13,0.4110384165621936,0.17534656407395702,test,USDPHP_RET
2025-03-14,-0.07858206839535603,-0.09679605950470278,test,USDPHP_RET
2025-03-17,-0.03843757152933679,0.027372650800307735,test,USDPHP_RET
2025-03-18,-0.03145688402635277,0.017191928067415298,test,USDPHP_RET
2025-03-19,-0.06995001520986774,0.015421612096336225,test,USDPHP_RET
2025-03-20,-0.404917002281859,0.025183545270094334,test,USDPHP_RET
2025-03-21,0.30865743774320425,0.11013182676017613,test,USDPHP_RET
2025-03-24,0.3530787306565468,-0.07083204351623636,test,USDPHP_RET
2025-03-25,-0.2043554028705107,-0.08209737007137236,test,USDPHP_RET
2025-03-26,0.4883567458747961,0.05926901382501796,test,USDPHP_RET
2025-03-27,0.4253710953695308,-0.11640413867752644,test,USDPHP_RET
2025-03-28,-0.7652253713140537,-0.10043085481535512,test,USDPHP_RET
2025-03-31,0.1569998654537241,0.2015067321600356,test,USDPHP_RET
2025-04-01,-0.4454691422364181,-0.032371387277953516,test,USDPHP_RET
2025-04-02,0.04375775475351087,0.1204159285756924,test,USDPHP_RET
2025-04-03,-0.13134411807595,-0.003652967052782956,test,USDPHP_RET
2025-04-04,-0.2632002077130362,0.04075320954563118,test,USDPHP_RET
2025-04-07,0.6479863818876217,0.0741921711477348,test,USDPHP_RET
2025-04-08,0.00872977191379497,-0.15688652583068916,test,USDPHP_RET
2025-04-09,0.35718645220304485,0.0052301977399864,test,USDPHP_RET
2025-04-10,-0.8120545159226706,-0.08313909627031803,test,USDPHP_RET
2025-04-11,0.2889052878060859,0.21338269460315712,test,USDPHP_RET
2025-04-14,0.06466786802171938,-0.06582285975290622,test,USDPHP_RET
2025-04-15,-0.32727573722400816,-0.008955812576230057,test,USDPHP_RET
2025-04-16,-0.7478137130781184,0.09044185045226356,test,USDPHP_RET
2025-04-17,-0.13255118780919883,0.19709110165876043,test,USDPHP_RET
2025-04-22,-0.12209489930265602,0.04105932478514922,test,USDPHP_RET
2025-04-23,0.0867245210788112,0.03840758961817169,test,USDPHP_RET
2025-04-24,-0.15049425060568528,-0.014549422827201501,test,USDPHP_RET
2025-04-25,-0.1773337496171221,0.04560972051982667,test,USDPHP_RET
2025-04-28,-0.28439380483620363,0.0524162698368383,test,USDPHP_RET
2025-04-29,0.2488879322978066,0.07956690872991713,test,USDPHP_RET
2025-04-30,-0.614457120637214,-0.05567438031640766,test,USDPHP_RET
2025-05-01,-0.3669036615285508,0.16327160961791237,test,USDPHP_RET
2025-05-02,0.19346146661352656,0.1004915693756584,test,USDPHP_RET
2025-05-05,-0.44840712837520863,-0.04161812047389174,test,USDPHP_RET
2025-05-06,-0.1133160069335688,0.12116100759292193,test,USDPHP_RET
2025-05-07,-0.27934017971113995,0.036181245384493306,test,USDPHP_RET
2025-05-08,0.07216474299669487,0.0782852995378537,test,USDPHP_RET
2025-05-09,-0.0847985847103652,-0.01085703469736194,test,USDPHP_RET
2025-05-12,-0.06138807278550418,0.028949171467108816,test,USDPHP_RET
2025-05-13,0.5852564605981173,0.023012219965698313,test,USDPHP_RET
2025-05-14,0.0556426303176764,-0.14097809539659917,test,USDPHP_RET
2025-05-15,0.12553749304954792,-0.006666994684951809,test,USDPHP_RET
2025-05-16,-0.28717573797201634,-0.024392468248654285,test,USDPHP_RET
2025-05-19,0.28538443110217343,0.0802724124011097,test,USDPHP_RET
2025-05-20,-0.02330358717574215,-0.06492996362309772,test,USDPHP_RET
2025-05-21,-0.4960151851471109,0.013353920106770063,test,USDPHP_RET
2025-05-22,-0.01802186713069768,0.13323450368042195,test,USDPHP_RET
2025-05-23,0.13505744432045727,0.012014465597953598,test,USDPHP_RET
2025-05-26,-0.34429920740315156,-0.026806746465746954,test,USDPHP_RET
2025-05-27,-0.1789332348831681,0.09475903570492575,test,USDPHP_RET
2025-05-28,0.352128393572301,0.05282190242113268,test,USDPHP_RET
2025-05-29,-0.09016995758369883,-0.08185636273256369,test,USDPHP_RET
2025-05-30,0.3134456181776388,0.030311362108104936,test,USDPHP_RET
2025-06-02,0.34473747010874617,-0.07204633541683558,test,USDPHP_RET
2025-06-03,-0.4239046090789385,-0.07998201012145467,test,USDPHP_RET
2025-06-04,0.11693030728298144,0.11494712089145911,test,USDPHP_RET
2025-06-05,0,-0.022209669144399355,test,USDPHP_RET
2025-06-06,-0.1259327250665433,0.0074440849303616255,test,USDPHP_RET
2025-06-09,0.1079549823689333,0.0393808697200419,test,USDPHP_RET
2025-06-10,-0.12055698174946627,-0.019933509234050812,test,USDPHP_RET
2025-06-11,0.4078616251975232,0.0380175707259851,test,USDPHP_RET
2025-06-12,-0.02869129540562408,-0.09599041901624689,test,USDPHP_RET
2025-06-13,-2.8378979939761018,0.014720253426059456,test,USDPHP_RET
2025-06-16,4.174125501599486,0.7271405533486315,test,USDPHP_RET
2025-06-17,-0.2196956100805136,-1.051122286592676,test,USDPHP_RET
2025-06-18,-0.5210415908257383,0.06315932030441869,test,USDPHP_RET
2025-06-19,1.0446728825696945,0.13958124899062804,test,USDPHP_RET
2025-06-20,-0.09709049828069316,-0.25748699639590905,test,USDPHP_RET
2025-06-23,1.033130969922481,0.03206642473182998,test,USDPHP_RET
2025-06-24,-0.4221541834077627,-0.2545599448286491,test,USDPHP_RET
2025-06-25,-1.510437294851832,0.11450320952591743,test,USDPHP_RET
2025-06-26,0.45517756630319117,0.3904939299845397,test,USDPHP_RET
2025-06-27,-0.14201674047802956,-0.10798983400083031,test,USDPHP_RET
2025-06-30,0.4590599421742166,0.043459807410615274,test,USDPHP_RET
2025-07-01,-1.9265159088463824,-0.1089744120967944,test,USDPHP_RET
2025-07-02,0.35271981340569736,0.4960122783225977,test,USDPHP_RET
2025-07-03,0.7587992032911127,-0.08200634795625791,test,USDPHP_RET
2025-07-04,0.21727430290284008,-0.1849888735503192,test,USDPHP_RET
2025-07-07,0.43667128629160945,-0.04765710221911992,test,USDPHP_RET
2025-07-08,0.0743636019793533,-0.10329660528148715,test,USDPHP_RET
2025-07-09,-0.3990224244914554,-0.011414669625653302,test,USDPHP_RET
2025-07-10,0.3901705847361045,0.10863695033136325,test,USDPHP_RET
2025-07-11,-0.1505674707936617,-0.09150393663747433,test,USDPHP_RET
2025-07-14,0.10984972078735154,0.045628289302360577,test,USDPHP_RET
2025-07-15,0.3305909858690492,-0.02041401859386803,test,USDPHP_RET
2025-07-16,0.13404628874206012,-0.07639443411644822,test,USDPHP_RET
2025-07-17,-1.211151690444178,-0.026550315438155905,test,USDPHP_RET
2025-07-18,2.071104107763127,0.31459451675762795,test,USDPHP_RET
2025-07-21,-0.3816772397480117,-0.5177919578194703,test,USDPHP_RET
2025-07-22,-0.05615184264033638,0.10423817763748326,test,USDPHP_RET
2025-07-23,-0.3516433482679555,0.021684301784247892,test,USDPHP_RET
2025-07-24,-0.42362021793065174,0.09662152415771198,test,USDPHP_RET
2025-07-25,0.3971910032335076,0.11487499874136568,test,USDPHP_RET
2025-07-28,0.639253048635236,-0.09328432846625895,test,USDPHP_RET
2025-07-29,-0.2348509908036481,-0.15467173547789864,test,USDPHP_RET
2025-07-30,0.42023851234838344,0.06700275442612662,test,USDPHP_RET
2025-07-31,0.06113777689648268,-0.09912922174678668,test,USDPHP_RET
2025-08-01,1.5680120253713798,-0.00806057457915604,test,USDPHP_RET
2025-08-04,-0.7939273586423916,-0.39020682412012897,test,USDPHP_RET
2025-08-05,-0.6536643261208676,0.20878561214819513,test,USDPHP_RET
2025-08-06,0.2908519805872293,0.17321463342744697,test,USDPHP_RET
2025-08-07,-0.35191615700539874,-0.06631654484048095,test,USDPHP_RET
2025-08-08,-0.34440046717980183,0.09669070898581655,test,USDPHP_RET
2025-08-11,-0.4071220624402152,0.09478471538185661,test,USDPHP_RET
2025-08-12,0.245871906486047,0.11069103431872383,test,USDPHP_RET
2025-08-13,-0.254659444876811,-0.054909510285846584,test,USDPHP_RET
2025-08-14,-0.407057551991599,0.07202621702821509,test,USDPHP_RET
2025-08-15,0.7599034251284863,0.11067467434308563,test,USDPHP_RET
2025-08-18,-0.02629442476739758,-0.1852689063627723,test,USDPHP_RET
2025-08-19,-0.13330332866002656,0.014112402355566898,test,USDPHP_RET
2025-08-20,0.3066868590166929,0.04125006917245379,test,USDPHP_RET
2025-08-21,-0.0927838925248342,-0.07033230090631142,test,USDPHP_RET
2025-08-22,0.16799491328320684,0.030974261109338763,test,USDPHP_RET
2025-08-25,-1.3324259796875713,-0.0351597528604253,test,USDPHP_RET
2025-08-26,0.42259155808641546,0.3453499131332811,test,USDPHP_RET
2025-08-27,0.4577107450963758,-0.09972595873708125,test,USDPHP_RET
2025-08-28,-0.5671667895734942,-0.10863225308537701,test,USDPHP_RET
2025-08-29,0.5495976060102186,0.15127868938993586,test,USDPHP_RET
2025-09-01,0.3699820079155549,-0.13193494029756941,test,USDPHP_RET
2025-09-02,-2.0922381820022267,-0.08638407416497461,test,USDPHP_RET
2025-09-03,2.274094720516997,0.5380397701428387,test,USDPHP_RET
2025-09-04,0.03668074179934766,-0.5692707732776454,test,USDPHP_RET
2025-09-05,-0.7115632404299816,-0.0018582227593400757,test,USDPHP_RET
2025-09-08,-0.29592466302948345,0.18789791106532264,test,USDPHP_RET
2025-09-09,-0.00705939396842357,0.08249115686609071,test,USDPHP_RET
2025-09-10,0.6120630154234464,0.009234361014643767,test,USDPHP_RET
2025-09-11,0.05609672160503819,-0.14777629000373507,test,USDPHP_RET
2025-09-12,0.09808859669383936,-0.006782153121423975,test,USDPHP_RET
2025-09-15,0.13646231219810012,-0.017431374576113733,test,USDPHP_RET
2025-09-16,-0.21352191313145696,-0.02716302370061586,test,USDPHP_RET
2025-09-17,-0.7033022851238371,0.061593658712369895,test,USDPHP_RET
2025-09-18,0.13224734295772508,0.18580291668137597,test,USDPHP_RET
2025-09-19,0.7950672729975723,-0.026094099277247353,test,USDPHP_RET
2025-09-22,-0.1276937658893485,-0.19418652679208206,test,USDPHP_RET
2025-09-23,-0.5001104377285378,0.03982747310874847,test,USDPHP_RET
2025-09-24,0.6907169455494405,0.13427306772549685,test,USDPHP_RET
2025-09-25,0.7449626473759715,-0.16772308014878354,test,USDPHP_RET
2025-09-26,0.6430140625051303,-0.18147989597313469,test,USDPHP_RET
2025-09-29,0.17902965455295375,-0.15562553593358122,test,USDPHP_RET
2025-09-30,-0.13251929418578584,-0.037958184776795675,test,USDPHP_RET
2025-10-01,0.29921054949723047,0.04105123650002265,test,USDPHP_RET
2025-10-02,-0.15293401933296483,-0.0684362942248238,test,USDPHP_RET
2025-10-03,-0.29449769166188366,0.0462284506294034,test,USDPHP_RET
2025-10-06,-0.12598144032757022,0.08212927414304165,test,USDPHP_RET
2025-10-07,0.5734131513224182,0.03939322400528879,test,USDPHP_RET
2025-10-08,-0.395705216437987,-0.1379746090562872,test,USDPHP_RET
2025-10-09,0.01034340398006319,0.10779569989665508,test,USDPHP_RET
2025-10-10,0.7196234302613297,0.004820977499553229,test,USDPHP_RET
2025-10-13,-0.31881145393316396,-0.17505382107241538,test,USDPHP_RET
2025-10-14,-0.2819495143377826,0.08829529169467502,test,USDPHP_RET
2025-10-15,0.0086095427607851,0.07894703189035629,test,USDPHP_RET
2025-10-16,-0.1464302489628488,0.005260688087774021,test,USDPHP_RET
2025-10-17,0.07582456450582324,0.04457908177375337,test,USDPHP_RET
2025-10-20,0.106749794468612,-0.011785172572913467,test,USDPHP_RET
2025-10-21,0.089440705010626,-0.01962787123103492,test,USDPHP_RET
2025-10-22,-0.00515521797372194,-0.015238252371974074,test,USDPHP_RET
2025-10-23,0.3604210314979119,0.008751458267067016,test,USDPHP_RET
2025-10-24,0.4103299985461577,-0.08395939189062433,test,USDPHP_RET
2025-10-27,0.07674612439889256,-0.09661640331361096,test,USDPHP_RET
2025-10-28,-0.9713678528070644,-0.012018881959891342,test,USDPHP_RET
2025-10-29,-0.3673611211636452,0.2537848676802046,test,USDPHP_RET
2025-10-30,-1.6884759782990997,0.10060758203168768,test,USDPHP_RET
2025-10-31,3.3693012895639765,0.43564488748576824,test,USDPHP_RET
2025-11-03,-0.610118111915851,-0.8470172960930242,test,USDPHP_RET
2025-11-04,0.14860910928964197,0.1621712285401465,test,USDPHP_RET
2025-11-05,0.0034184208676524,-0.030243475143173805,test,USDPHP_RET
2025-11-06,0.19439064017818583,0.006577166728495675,test,USDPHP_RET
2025-11-07,0.2195193897626475,-0.0418537607028402,test,USDPHP_RET
2025-11-10,-0.6086858072981087,-0.04822646062725349,test,USDPHP_RET
2025-11-11,0.6766502968655368,0.16180799329445536,test,USDPHP_RET
2025-11-12,0.03736240876609786,-0.16415575059649684,test,USDPHP_RET
2025-11-13,0.3914809199436038,-0.002031094832137926,test,USDPHP_RET
2025-11-14,-0.4628230405629942,-0.09183624020274804,test,USDPHP_RET
2025-11-17,0.11039349270928142,0.12481691105125622,test,USDPHP_RET
2025-11-18,-0.00848897616949565,-0.02055192021424644,test,USDPHP_RET
2025-11-19,-0.2719699919141109,0.009596905850155518,test,USDPHP_RET
2025-11-20,0.19555620197245815,0.07641620553223388,test,USDPHP_RET
2025-11-21,0.093384547347265,-0.04214934944804585,test,USDPHP_RET
2025-11-24,-0.588962599570034,-0.016238418483547658,test,USDPHP_RET
2025-11-25,0.5499210171343597,0.1568061493318091,test,USDPHP_RET
2025-11-26,-0.21586162794792488,-0.13201695798967308,test,USDPHP_RET
2025-11-27,-0.01361232698599882,0.06218701495494527,test,USDPHP_RET
2025-11-28,-0.2590064241653168,0.010896197613612834,test,USDPHP_RET
2025-12-01,-0.20324253489992927,0.07312861945736007,test,USDPHP_RET
2025-12-02,-0.05472679940362989,0.05898678833631352,test,USDPHP_RET
2025-12-03,-0.12666687796567735,0.021322908038955427,test,USDPHP_RET
2025-12-04,0.810277439545002,0.03956705232769988,test,USDPHP_RET
2025-12-05,0.3493741616070874,-0.19804385470572625,test,USDPHP_RET
2025-12-08,-0.3408779746951921,-0.08115788413228402,test,USDPHP_RET
2025-12-09,0.4102619338769258,0.09389140441487162,test,USDPHP_RET
2025-12-10,0.34286146223326314,-0.0965991419806898,test,USDPHP_RET
2025-12-11,-0.6003476917944751,-0.07950625086387181,test,USDPHP_RET
2025-12-12,-0.2887754363139905,0.1596934309338749,test,USDPHP_RET
2025-12-15,0.5005770931969464,0.0806780990218752,test,USDPHP_RET
2025-12-16,-0.612910432358586,-0.11950324260207375,test,USDPHP_RET
2025-12-17,-0.4762820949057162,0.1628793664526417,test,USDPHP_RET
2025-12-18,0.33141504664681887,0.12823015349311553,test,USDPHP_RET
2025-12-19,-0.09213411928827922,-0.07660341753755136,test,USDPHP_RET
2025-12-22,-0.1435024475532274,0.03080947734874766,test,USDPHP_RET
2025-12-23,0.4792281007895394,0.043836585623713,test,USDPHP_RET
2025-12-24,-0.06637700119695233,-0.11408909647260977,test,USDPHP_RET
2025-12-26,0.06467657556480583,0.02427742194495629,test,USDPHP_RET
2025-12-29,-0.3254949440178439,-0.008958020826146443,test,USDPHP_RET
2025-12-30,0.4275212067245443,0.0899902378205974,test,USDPHP_RET
2025-12-31,0.07135909031617997,-0.10097612725016211,test,USDPHP_RET
2026-01-02,0.04584775116387565,-0.010652719605639457,test,USDPHP_RET
2026-01-05,-0.3809965424268949,-0.004182994220334159,test,USDPHP_RET
2026-01-06,0.7301042786399674,0.10406555146870995,test,USDPHP_RET
2026-01-07,0.2854927058711388,-0.177711784670876,test,USDPHP_RET
2026-01-08,0.05059886094215447,-0.06495742231576694,test,USDPHP_RET
2026-01-09,-0.3327100175781512,-0.0053878849302021374,test,USDPHP_RET
2026-01-12,0.07609978075640669,0.09181999455313447,test,USDPHP_RET
2026-01-13,-0.05579998247803541,-0.011854967951047797,test,USDPHP_RET
2026-01-14,0.4657230871799106,0.021595069360558734,test,USDPHP_RET
2026-01-15,0.1530781792874676,-0.11066419867098978,test,USDPHP_RET
2026-01-16,-0.19685971219655812,-0.031376840014418796,test,USDPHP_RET
2026-01-19,-0.07581512220478183,0.057368092044936224,test,USDPHP_RET
2026-01-20,0.02527809453143978,0.02667094784766933,test,USDPHP_RET
2026-01-21,0,0.0010335108360012809,test,USDPHP_RET
2026-01-22,-0.3375828340686692,0.0074440849303616255,test,USDPHP_RET
2026-01-23,-0.1980158204189066,0.09305575032269355,test,USDPHP_RET
2026-01-26,-0.12883577628485773,0.057661283345856726,test,USDPHP_RET
2026-01-27,0.15762862717242235,0.04011708917327566,test,USDPHP_RET
2026-01-28,-0.5860094210756137,-0.032530842476619665,test,USDPHP_RET
2026-01-29,-0.03407813558567019,0.1560572175035494,test,USDPHP_RET
2026-01-30,0.22979425876124895,0.016086366606216793,test,USDPHP_RET
2026-02-02,-0.42425453352216375,-0.05083218745304161,test,USDPHP_RET
2026-02-03,0.5381084988913015,0.1150358624130138,test,USDPHP_RET
2026-02-04,0.08148633116741252,-0.12902128031531657,test,USDPHP_RET
2026-02-05,0.01866716451191958,-0.013221007645211141,test,USDPHP_RET
2026-02-06,-0.3841742257722725,0.0027100555878240545,test,USDPHP_RET
2026-02-09,-0.9136396655590242,0.10487141816521359,test,USDPHP_RET
2026-02-10,0.4561499902536066,0.23914488675813028,test,USDPHP_RET
2026-02-11,0.0838011518610567,-0.10823644261199424,test,USDPHP_RET
2026-02-12,-0.3785137075461014,-0.013808050689666413,test,USDPHP_RET
2026-02-13,-0.6196776913498206,0.10343589969857385,test,USDPHP_RET
2026-02-16,-0.32514119012336984,0.16459555653671148,test,USDPHP_RET
2026-02-17,0.2906010679830684,0.08990052514273421,test,USDPHP_RET
2026-02-18,-0.32005801124281047,-0.06625291291449928,test,USDPHP_RET
2026-02-19,0.39775157806540823,0.08861142106061344,test,USDPHP_RET
2026-02-20,0.11212635023089608,-0.09342649133739082,test,USDPHP_RET
2026-02-23,-0.19327260875319427,-0.02099137626278143,test,USDPHP_RET
2026-02-24,-0.5334404831872147,0.05645839561274595,test,USDPHP_RET
2026-02-25,0.11107691146740856,0.1427256322855154,test,USDPHP_RET
2026-02-26,-0.21184601005041168,-0.02072523654475548,test,USDPHP_RET
2026-02-27,0.05734956412646706,0.06116864642108958,test,USDPHP_RET
2026-03-02,0.12847458648877677,-0.007099876429333748,test,USDPHP_RET
2026-03-03,1.0184972354815054,-0.025137320875533192,test,USDPHP_RET
2026-03-04,0.11329436665845193,-0.25084880122190334,test,USDPHP_RET
2026-03-05,0.13714731527745008,-0.021287587507777133,test,USDPHP_RET
2026-03-06,0.6812481215295232,-0.02733674181807825,test,USDPHP_RET
2026-03-09,0.4261855138920486,-0.16532176790229902,test,USDPHP_RET
2026-03-10,0.2031126833008166,-0.10063739294171295,test,USDPHP_RET
2026-03-11,-2.006812134909955,-0.044065687856696206,test,USDPHP_RET
2026-03-12,2.1841987485141363,0.5163755579217709,test,USDPHP_RET
2026-03-13,0.3487888400267836,-0.5464729793777878,test,USDPHP_RET
2026-03-16,-2.2143353435121123,-0.08100944543747264,test,USDPHP_RET
2026-03-17,2.5635871323910746,0.5690038485308161,test,USDPHP_RET
2026-03-18,-0.7064758796044622,-0.6426866137701192,test,USDPHP_RET
2026-03-19,0.8722770455480912,0.18660774643380043,test,USDPHP_RET
2026-03-20,-0.39233701812350225,-0.21376707575823148,test,USDPHP_RET
2026-03-23,-0.12607820370922493,0.10694151823226385,test,USDPHP_RET
2026-03-24,0.14455238446020893,0.03941776338767566,test,USDPHP_RET
2026-03-25,0.8046667134430967,-0.02921468181117773,test,USDPHP_RET
2026-03-26,-0.03499605749985524,-0.19662096361895187,test,USDPHP_RET
2026-03-27,0.34941700374492124,0.0163191533946514,test,USDPHP_RET
2026-03-30,0.5218374322648348,-0.08116874898202983,test,USDPHP_RET
2026-03-31,0.3134465895268786,-0.12489490607166041,test,USDPHP_RET
2026-04-01,-0.22590968600689865,-0.07204658175289805,test,USDPHP_RET
2026-04-02,-0.6691920968514761,0.06473522208390314,test,USDPHP_RET
2026-04-03,0.03988248285188873,0.17715250638163663,test,USDPHP_RET
2022-12-30,-0.6739669056760705,-0.11084231753919817,val,CNYPHP_RET
2023-01-02,0.9911974450548006,0.16817853432186536,val,CNYPHP_RET
2023-01-03,0.14070726777479958,-0.23120552483399873,val,CNYPHP_RET
2023-01-04,-0.00432326376441561,-0.027218321333522085,val,CNYPHP_RET
2023-01-05,0.6580827255018671,0.007566763010999772,val,CNYPHP_RET
2023-01-06,-0.13715894750590019,-0.1513090816983864,val,CNYPHP_RET
2023-01-09,-0.07506903838412891,0.039426954198814375,val,CNYPHP_RET
2023-01-10,-0.49767453965082986,0.024534898692829307,val,CNYPHP_RET
2023-01-11,-0.03965036569773925,0.1258954043050304,val,CNYPHP_RET
2023-01-12,0.6524943663695253,0.016039849383615804,val,CNYPHP_RET
2023-01-13,0.4619893266731556,-0.1499687325891133,val,CNYPHP_RET
2023-01-16,0.1806896988194959,-0.1042767406784108,val,CNYPHP_RET
2023-01-17,-0.9140821275223184,-0.03680797270849984,val,CNYPHP_RET
2023-01-18,-0.4535631688575696,0.225769361271754,val,CNYPHP_RET
2023-01-19,0.3742750233059106,0.11531544064281946,val,CNYPHP_RET
2023-01-20,-0.30377885900788026,-0.08323876054782302,val,CNYPHP_RET
2023-01-23,-0.5876324300803779,0.07939017858723206,val,CNYPHP_RET
2023-01-24,-0.3093902999667955,0.14747150123328978,val,CNYPHP_RET
2023-01-25,0.6810494051505441,0.08073606379484018,val,CNYPHP_RET
2023-01-26,-0.18343013541786585,-0.1568175624314714,val,CNYPHP_RET
2023-01-27,-0.3705803856116902,0.0505249427199675,val,CNYPHP_RET
2023-01-30,0.07504103739179369,0.0954122996716331,val,CNYPHP_RET
2023-01-31,0.9517433646179654,-0.011468497222575962,val,CNYPHP_RET
2023-02-01,-0.07677364888564937,-0.22174259657216738,val,CNYPHP_RET
2023-02-02,-0.803577368242977,0.024943743778347825,val,CNYPHP_RET
2023-02-03,-0.5017541254235645,0.19926516707755695,val,CNYPHP_RET
2023-02-06,-0.9771072487126016,0.12687387920744717,val,CNYPHP_RET
2023-02-07,1.969324964150476,0.24088572424140167,val,CNYPHP_RET
2023-02-08,0.5328023886367687,-0.4658061147259352,val,CNYPHP_RET
2023-02-09,-0.5021670940339651,-0.12126101500296634,val,CNYPHP_RET
2023-02-10,-0.12153441939302388,0.12697292833725432,val,CNYPHP_RET
2023-02-13,-0.8796798761785996,0.03567946377399444,val,CNYPHP_RET
2023-02-14,0.3232137655650333,0.2175180971969952,val,CNYPHP_RET
2023-02-15,0.4286616827187899,-0.07099188991718257,val,CNYPHP_RET
2023-02-16,0.4538142039593605,-0.0962832175653597,val,CNYPHP_RET
2023-02-17,-0.45196986200456535,-0.1023159650395979,val,CNYPHP_RET
2023-02-20,0.43739559945709183,0.11493329136238695,val,CNYPHP_RET
2023-02-21,-0.8369537897111956,-0.09837801806822978,val,CNYPHP_RET
2023-02-22,0.08261448163933018,0.2072703893129617,val,CNYPHP_RET
2023-02-23,-0.2786233364231321,-0.013284962308466222,val,CNYPHP_RET
2023-02-24,-0.5218703220112992,0.07335671125070516,val,CNYPHP_RET
2023-02-27,-0.9530583944139942,0.13169868118237568,val,CNYPHP_RET
2023-02-28,1.0857427166838096,0.23511768756465556,val,CNYPHP_RET
2023-03-01,0.37481732652826616,-0.25388188968688175,val,CNYPHP_RET
2023-03-02,-0.14706599106973314,-0.08336883014854597,val,CNYPHP_RET
2023-03-03,-0.4460987291121132,0.04180312521822211,val,CNYPHP_RET
2023-03-06,1.0788526711636297,0.11352511991948891,val,CNYPHP_RET
2023-03-07,-1.1497284367877243,-0.2522293354832019,val,CNYPHP_RET
2023-03-08,-0.1071734225019084,0.28228833459604347,val,CNYPHP_RET
2023-03-09,0.4126473487177133,0.032235027055552194,val,CNYPHP_RET
2023-03-10,-0.5347843424949018,-0.0924422335116112,val,CNYPHP_RET
2023-03-13,0.6245593167531289,0.1347960654847116,val,CNYPHP_RET
2023-03-14,1.0447289080949833,-0.14326860505898698,val,CNYPHP_RET
2023-03-15,-0.942986285661113,-0.24404486588292065,val,CNYPHP_RET
2023-03-16,-0.23905442515601036,0.23270192621580169,val,CNYPHP_RET
2023-03-17,-0.6447151504625125,0.06386624120112418,val,CNYPHP_RET
2023-03-20,0.2295107249079487,0.16116259939057956,val,CNYPHP_RET
2023-03-21,-0.6590142883957899,-0.04851753132522283,val,CNYPHP_RET
2023-03-22,-0.04936130277373236,0.16459219944640308,val,CNYPHP_RET
2023-03-23,0.3039184752987656,0.018368984922648338,val,CNYPHP_RET
2023-03-24,0.7496695375890639,-0.06636397955761343,val,CNYPHP_RET
2023-03-27,-0.7047275997517707,-0.17327586999797684,val,CNYPHP_RET
2023-03-28,-0.6277622035899162,0.1755563831552328,val,CNYPHP_RET
2023-03-29,0.5379028816603707,0.15709649220202523,val,CNYPHP_RET
2023-03-30,-0.21380593292000877,-0.12248435106980456,val,CNYPHP_RET
2023-03-31,0.29100894558953766,0.057810475406982816,val,CNYPHP_RET
2023-04-03,-0.02401673612737931,-0.0632676723523807,val,CNYPHP_RET
2023-04-04,0.3133127434098809,0.012290176004883566,val,CNYPHP_RET
2023-04-05,-0.5183569637327147,-0.0686171631123592,val,CNYPHP_RET
2023-04-06,0.45687175947467734,0.13085601403666475,val,CNYPHP_RET
2023-04-07,0.01196812442167811,-0.1030493094282558,val,CNYPHP_RET
2023-04-10,0.30157326623326264,0.003659328444441721,val,CNYPHP_RET
2023-04-11,0.03151430103175811,-0.065801489064865007,val,CNYPHP_RET
2023-04-12,0.4921697423424536,-0.0010287561593901899,val,CNYPHP_RET
2023-04-13,0.4620054054680917,-0.1115154116911099,val,CNYPHP_RET
2023-04-14,0.18191043346054347,-0.10428059712320263,val,CNYPHP_RET
2023-04-17,0.1900995975911984,-0.03710076179918616,val,CNYPHP_RET
2023-04-18,1.118743891303386,-0.039064905224523744,val,CNYPHP_RET
2023-04-19,0.43081651344179944,-0.2617971102299428,val,CNYPHP_RET
2023-04-20,-0.05051504935621363,-0.09680004645409465,val,CNYPHP_RET
2023-04-21,-0.46148527201450035,0.01864570715318752,val,CNYPHP_RET
2023-04-24,-0.3769070938011732,0.1172155303934064,val,CNYPHP_RET
2023-04-25,-0.4921467083393175,0.09692973931457365,val,CNYPHP_RET
2023-04-26,-0.8910369258049673,0.12456957258964949,val,CNYPHP_RET
2023-04-27,0.30896911892300927,0.22024204728505856,val,CNYPHP_RET
2023-04-28,0.17646962817768333,-0.06757535941397101,val,CNYPHP_RET
2023-05-01,-0.11711217870193556,-0.035795802983564384,val,CNYPHP_RET
2023-05-02,0.10595289970474514,0.03461880424390308,val,CNYPHP_RET
2023-05-03,-0.18890684186577344,-0.018882603248323495,val,CNYPHP_RET
2023-05-04,-0.17156066679784004,0.051838512309065644,val,CNYPHP_RET
2023-05-05,0.0980381428826373,0.047678090662746614,val,CNYPHP_RET
2023-05-08,-0.1363628153763403,-0.016984275491392135,val,CNYPHP_RET
2023-05-09,0.2239338902039457,0.039236004589913324,val,CNYPHP_RET
2023-05-10,0.4792829353057366,-0.047179946311258054,val,CNYPHP_RET
2023-05-11,-0.43618058993221065,-0.10842455444232041,val,CNYPHP_RET
2023-05-12,0.1803301395897496,0.11114628765395088,val,CNYPHP_RET
2023-05-15,-0.1309175038968966,-0.03672173363869271,val,CNYPHP_RET
2023-05-16,0.4643744091233983,0.037929964978223527,val,CNYPHP_RET
2023-05-17,-0.1540914620762007,-0.10484879466814535,val,CNYPHP_RET
2023-05-18,-0.5875144061510296,0.04348816076850476,val,CNYPHP_RET
2023-05-19,-0.9136148919946564,0.14744319359148855,val,CNYPHP_RET
2023-05-22,0.09478523219005312,0.2256572964046809,val,CNYPHP_RET
2023-05-23,-0.49122429537330253,-0.01620407582166851,val,CNYPHP_RET
2023-05-24,0.10846349269559231,0.1243483349475973,val,CNYPHP_RET
2023-05-25,-0.2598013808120087,-0.019484760518344742,val,CNYPHP_RET
2023-05-26,0.4309220261173696,0.0688423286133862,val,CNYPHP_RET
2023-05-29,0.02518184467658715,-0.09682535331383083,val,CNYPHP_RET
2023-05-30,0.1288958398197067,4.900621617235585e-4,val,CNYPHP_RET
2023-05-31,0.303614487454843,-0.02438539013423144,val,CNYPHP_RET
2023-06-01,-0.4641779979600919,-0.06629106909746181,val,CNYPHP_RET
2023-06-02,-0.2386550310396652,0.11786137163897033,val,CNYPHP_RET
2023-06-05,0.03521223445915819,0.06377044786798029,val,CNYPHP_RET
2023-06-06,-0.2827656151939233,-0.001915693032663369,val,CNYPHP_RET
2023-06-07,-0.06025525462793912,0.07435022285747696,val,CNYPHP_RET
2023-06-08,-0.07265739370991503,0.020981862570354386,val,CNYPHP_RET
2023-06-09,0.11350159920804218,0.023956473843170227,val,CNYPHP_RET
2023-06-12,-0.21252788248338236,-0.020693133390679328,val,CNYPHP_RET
2023-06-13,-0.24535184490684175,0.057503939315838574,val,CNYPHP_RET
2023-06-14,-0.6079490454930956,0.06537665611073441,val,CNYPHP_RET
2023-06-15,0.11524377699285795,0.15234437298812786,val,CNYPHP_RET
2023-06-16,0.3204240033056208,-0.02111098886252239,val,CNYPHP_RET
2023-06-19,-0.2073945906422805,-0.070322774838689,val,CNYPHP_RET
2023-06-20,-0.45488816002043847,0.05627273656313066,val,CNYPHP_RET
2023-06-21,-0.591845365297994,0.11563323530899758,val,CNYPHP_RET
2023-06-22,0.0928148206494037,0.14848195955077279,val,CNYPHP_RET
2023-06-23,-0.06797958362528499,-0.015731479252466967,val,CNYPHP_RET
2023-06-26,0.37195936941884605,0.0228345168551169,val,CNYPHP_RET
2023-06-27,-0.9321455572384264,-0.08268335876504405,val,CNYPHP_RET
2023-06-28,-0.7245843912921879,0.23010181402882232,val,CNYPHP_RET
2023-06-29,-0.10793085105680109,0.18031896770356454,val,CNYPHP_RET
2023-06-30,0.1821576337771782,0.032416693742471615,val,CNYPHP_RET
2023-07-03,-0.18825735917406983,-0.03716005196224956,val,CNYPHP_RET
2023-07-04,0.02505030684019728,0.05168273607373475,val,CNYPHP_RET
2023-07-05,0.38564631879328487,5.216110685968695e-4,val,CNYPHP_RET
2023-07-06,-0.11187540558212068,-0.08596612745765082,val,CNYPHP_RET
2023-07-07,0.31235528787900946,0.03336278185515088,val,CNYPHP_RET
2023-07-10,0.2849301900964813,-0.06838752062919361,val,CNYPHP_RET
2023-07-11,-0.21865947103618577,-0.06180970332826169,val,CNYPHP_RET
2023-07-12,-0.21616958593436383,0.05897458017132975,val,CNYPHP_RET
2023-07-13,-0.7555844335468611,0.058377389618721,val,CNYPHP_RET
2023-07-14,-0.1077729607388398,0.18775422339123313,val,CNYPHP_RET
2023-07-17,0.13576061905248743,0.032378824281681685,val,CNYPHP_RET
2023-07-18,-0.3590677937976313,-0.026031884304007217,val,CNYPHP_RET
2023-07-19,-0.16355934844354364,0.09265104331391365,val,CNYPHP_RET
2023-07-20,-0.16244884222164457,0.045759001413967895,val,CNYPHP_RET
2023-07-21,0.7500670242185543,0.045492650238226455,val,CNYPHP_RET
2023-07-24,0.10667037408216898,-0.17337120582682544,val,CNYPHP_RET
2023-07-25,-0.5334266146858623,-0.019054687060392907,val,CNYPHP_RET
2023-07-26,0.7702863550855978,0.1344704190442476,val,CNYPHP_RET
2023-07-27,-0.3145128203138605,-0.17822074421116024,val,CNYPHP_RET
2023-07-28,0.25595424321879057,0.08196468304099529,val,CNYPHP_RET
2023-07-31,1.2091667296620496,-0.05485992009706447,val,CNYPHP_RET
2023-08-01,-0.23750421555850323,-0.2834847233524714,val,CNYPHP_RET
2023-08-02,-0.8403079950816004,0.06349442865221691,val,CNYPHP_RET
2023-08-03,0.6267519177228706,0.2080748841698728,val,CNYPHP_RET
2023-08-04,1.103111730247361,-0.143794493014143,val,CNYPHP_RET
2023-08-07,-0.6584543381794935,-0.258047789069426,val,CNYPHP_RET
2023-08-08,1.0854892023012128,0.16445789727364069,val,CNYPHP_RET
2023-08-09,-0.17191602799405498,-0.2538210851163711,val,CNYPHP_RET
2023-08-10,0.11443321826074072,0.04776332284835551,val,CNYPHP_RET
2023-08-11,-0.3282446914854628,-0.020916579081604898,val,CNYPHP_RET
2023-08-14,1.0472426858698072,0.08525822607529863,val,CNYPHP_RET
2023-08-15,-0.39716796588623887,-0.24464778701264836,val,CNYPHP_RET
2023-08-16,-0.3469724589300698,0.101789241220088,val,CNYPHP_RET
2023-08-17,-0.6056808016523499,0.08975001799822278,val,CNYPHP_RET
2023-08-18,0.3671705747667819,0.15180034234522186,val,CNYPHP_RET
2023-08-21,-1.0019519113508637,-0.0815347825024272,val,CNYPHP_RET
2023-08-22,1.3345712536009091,0.246844632867131,val,CNYPHP_RET
2023-08-23,-1.5076057717216242,-0.31356257589911485,val,CNYPHP_RET
2023-08-24,2.183295722558492,0.3681240075991611,val,CNYPHP_RET
2023-08-25,-1.1047484778458887,-0.5171262802075849,val,CNYPHP_RET
2023-08-28,-0.21402964309201655,0.2715000429928936,val,CNYPHP_RET
2023-08-29,0.2016108578430361,0.05786413153800178,val,CNYPHP_RET
2023-08-30,0.06790597179262865,-0.04182584221153082,val,CNYPHP_RET
2023-08-31,0.09218644553519131,-0.009757175778487188,val,CNYPHP_RET
2023-09-01,0.11322910917970404,-0.015580765598480487,val,CNYPHP_RET
2023-09-04,1.472338698730424,-0.02062777757547141,val,CNYPHP_RET
2023-09-05,-1.7495091658058484,-0.34660563343947604,val,CNYPHP_RET
2023-09-06,0.26352610787487996,0.42614372163551617,val,CNYPHP_RET
2023-09-07,-0.2570510670034929,-0.05667600632326819,val,CNYPHP_RET
2023-09-08,-0.5885845560626239,0.0681826751129282,val,CNYPHP_RET
2023-09-11,1.2769088535500737,0.1476998654421742,val,CNYPHP_RET
2023-09-12,-0.7199462055027931,-0.299732443526377,val,CNYPHP_RET
2023-09-13,-0.15805246190789204,0.17920651446921892,val,CNYPHP_RET
2023-09-14,0.3088863398942863,0.044438193232508826,val,CNYPHP_RET
2023-09-15,0.09468341943778376,-0.06755550514283565,val,CNYPHP_RET
2023-09-18,0.2546234113919318,-0.016179656376070047,val,CNYPHP_RET
2023-09-19,-0.6911695211140116,-0.054540724567307075,val,CNYPHP_RET
2023-09-20,0.17496943704317716,0.17230452367462004,val,CNYPHP_RET
2023-09-21,0.15282522785345806,-0.03543598719448283,val,CNYPHP_RET
2023-09-22,-0.2474981434430961,-0.03012477322986439,val,CNYPHP_RET
2023-09-25,0.20249501322056832,0.06589143858322327,val,CNYPHP_RET
2023-09-26,-0.10291078270086387,-0.04203790389988508,val,CNYPHP_RET
2023-09-27,0.6325394341671913,0.031212647261201397,val,CNYPHP_RET
2023-09-28,-0.4023236766180336,-0.145182609333682,val,CNYPHP_RET
2023-09-29,-0.4669293866547485,0.1030258210681936,val,CNYPHP_RET
2023-10-02,1.9853884910401527,0.1185212829472476,val,CNYPHP_RET
2023-10-03,-0.10565326830018214,-0.4696588975282709,val,CNYPHP_RET
2023-10-04,-0.08415244985330021,0.0318704231920586,val,CNYPHP_RET
2023-10-05,-0.4730035680690869,0.02671352432936078,val,CNYPHP_RET
2023-10-06,0.07497320440371742,0.11997815489399737,val,CNYPHP_RET
2023-10-09,-1.3316421042751092,-0.011452227708932651,val,CNYPHP_RET
2023-10-10,0.49067934588103346,0.3259197148289634,val,CNYPHP_RET
2023-10-11,-0.2408051404673525,-0.11115794512136726,val,CNYPHP_RET
2023-10-12,-0.4955157474164424,0.06428614436993947,val,CNYPHP_RET
2023-10-13,0.39588772343640666,0.1253776252611388,val,CNYPHP_RET
2023-10-16,1.8914647980171,-0.08842249385537752,val,CNYPHP_RET
2023-10-17,-2.268094424975285,-0.44713161620976827,val,CNYPHP_RET
2023-10-18,-0.04695767486942084,0.5505246488002005,val,CNYPHP_RET
2023-10-19,0.35268442577913917,0.01779248286823978,val,CNYPHP_RET
2023-10-20,-0.09356871548952816,-0.0780603284753025,val,CNYPHP_RET
2023-10-23,-0.05742936470060275,0.028971983916389502,val,CNYPHP_RET
2023-10-24,-0.15681440153853118,0.02030408239243267,val,CNYPHP_RET
2023-10-25,0.11034182700451316,0.04414124862426141,val,CNYPHP_RET
2023-10-26,0.0529447807906856,-0.019935272673748058,val,CNYPHP_RET
2023-10-27,0.22212551801425695,-0.006168784524771267,val,CNYPHP_RET
2023-10-30,2.14970288886716,-0.046746214334432185,val,CNYPHP_RET
2023-10-31,-2.417787943611992,-0.5090691522296148,val,CNYPHP_RET
2023-11-01,0.0856873626766004,0.586428134889253,val,CNYPHP_RET
2023-11-02,-0.22938631457951592,-0.014021982471929005,val,CNYPHP_RET
2023-11-03,-0.2582025564803237,0.061547377453702916,val,CNYPHP_RET
2023-11-06,-1.2198424597013404,0.06845885598428189,val,CNYPHP_RET
2023-11-07,0.4841029313735789,0.29910494675969956,val,CNYPHP_RET
2023-11-08,0.22403119461082063,-0.10958061425938605,val,CNYPHP_RET
2023-11-09,-0.33883959099289523,-0.047203284445403434,val,CNYPHP_RET
2023-11-10,0.30617716572828957,0.08779937702521512,val,CNYPHP_RET
2023-11-13,1.305621846650019,-0.06690571884702581,val,CNYPHP_RET
2023-11-14,-1.6553178878520696,-0.3066191581799409,val,CNYPHP_RET
2023-11-15,-0.03515655759580702,0.4035522609729414,val,CNYPHP_RET
2023-11-16,0.5040677155417648,0.014962024651162548,val,CNYPHP_RET
2023-11-17,-0.1313113222092028,-0.11436910047563313,val,CNYPHP_RET
2023-11-20,0.01160394508900101,0.038024420973555,val,CNYPHP_RET
2023-11-21,0.10561594783622529,0.003746675630370494,val,CNYPHP_RET
2023-11-22,1.4297892907694498,-0.018801786477936507,val,CNYPHP_RET
2023-11-23,-0.880061857147381,-0.3364003012999345,val,CNYPHP_RET
2023-11-24,0.7634587850501084,0.2176097140453653,val,CNYPHP_RET
2023-11-27,0.5592854866062639,-0.17658317454198744,val,CNYPHP_RET
2023-11-28,-0.9537741417983642,-0.12761289682258192,val,CNYPHP_RET
2023-11-29,0.01117310445931032,0.2352893571632597,val,CNYPHP_RET
2023-11-30,0.4590065853970627,0.0038500113037889237,val,CNYPHP_RET
2023-12-01,0.5950616463050761,-0.10356134023296236,val,CNYPHP_RET
2023-12-04,-0.28801361074731757,-0.1361936881872593,val,CNYPHP_RET
2023-12-05,-0.8730323737171133,0.07560893690911191,val,CNYPHP_RET
2023-12-06,-0.5150636172219436,0.21592371612875305,val,CNYPHP_RET
2023-12-07,0.25499717197825117,0.13006611597218767,val,CNYPHP_RET
2023-12-08,0.15636836435052945,-0.05463036978464024,val,CNYPHP_RET
2023-12-11,0.29296149233270696,-0.030974582580948897,val,CNYPHP_RET
2023-12-12,-0.3356982296151942,-0.06373598411009773,val,CNYPHP_RET
2023-12-13,-0.05930114596679906,0.08704593208282789,val,CNYPHP_RET
2023-12-14,-0.02473938436831284,0.020753022822617394,val,CNYPHP_RET
2023-12-15,1.7873945967370977,0.012463500750683703,val,CNYPHP_RET
2023-12-18,0.094126709937566,-0.42217072907203207,val,CNYPHP_RET
2023-12-19,-1.0132829463638942,-0.016046131478140296,val,CNYPHP_RET
2023-12-20,0.7938137653711881,0.24956234343783534,val,CNYPHP_RET
2023-12-21,-0.8843651871365867,-0.18386371429826315,val,CNYPHP_RET
2023-12-22,-0.7110141994367876,0.21864185324425084,val,CNYPHP_RET
2023-12-25,0.7310315568044171,0.17706420290851302,val,CNYPHP_RET
2023-12-26,-0.454016263386617,-0.1688056131029298,val,CNYPHP_RET
2023-12-27,-0.23214718519428695,0.11542411383901949,val,CNYPHP_RET
2023-12-28,0.45294337431129256,0.06220956296857262,val,CNYPHP_RET
2023-12-29,0.04391947541898209,-0.10210709948255785,val,CNYPHP_RET
2024-01-01,0.42419762231443914,-0.004004095439943058,val,CNYPHP_RET
2024-01-02,0.2494632210255824,-0.09521252771794371,val,CNYPHP_RET
2024-01-03,0.01880665805336497,-0.05330307029394659,val,CNYPHP_RET
2024-01-04,0.06669021071303353,0.0020191291936601293,val,CNYPHP_RET
2024-01-05,-0.42604103578434527,-0.009465579579758038,val,CNYPHP_RET
2024-01-08,0.19419148774335607,0.10871434975435092,val,CNYPHP_RET
2024-01-09,0.3123774549669803,-0.040046331290888505,val,CNYPHP_RET
2024-01-10,0.622319927479923,-0.06839283733055679,val,CNYPHP_RET
2024-01-11,-1.0640337541792448,-0.14273149508688693,val,CNYPHP_RET
2024-01-12,0.7894159797277407,0.2617347536998239,val,CNYPHP_RET
2024-01-15,-0.2565767272511718,-0.18280892022895312,val,CNYPHP_RET
2024-01-16,-0.04435263130503911,0.06806890632150661,val,CNYPHP_RET
2024-01-17,0.03556650842511891,0.017167671946384543,val,CNYPHP_RET
2024-01-18,0.03705134967880727,-0.0020006644497589455,val,CNYPHP_RET
2024-01-19,-0.3725871058255242,-0.0023567986216440516,val,CNYPHP_RET
2024-01-22,0.3997061175078157,0.0958936047537647,val,CNYPHP_RET
2024-01-23,-0.36296912010314913,-0.08933832280825336,val,CNYPHP_RET
2024-01-24,1.5403643298095293,0.09358676328372045,val,CNYPHP_RET
2024-01-25,-0.255971912929907,-0.36292135185795393,val,CNYPHP_RET
2024-01-26,0.5859803348868884,0.06792384364432624,val,CNYPHP_RET
2024-01-29,-0.5797398557278993,-0.13401556624088062,val,CNYPHP_RET
2024-01-30,0.2126734874654051,0.14557849386696053,val,CNYPHP_RET
2024-01-31,-0.17981548572869083,-0.044479176653611806,val,CNYPHP_RET
2024-02-01,-0.45599053067193906,0.04965798117070327,val,CNYPHP_RET
2024-02-02,-0.12618751759813795,0.11589763519558978,val,CNYPHP_RET
2024-02-05,0.07988817026278383,0.036795493701006536,val,CNYPHP_RET
2024-02-06,0.29418414902311085,-0.012631065710445748,val,CNYPHP_RET
2024-02-07,-0.18953476789151055,-0.06402923419784629,val,CNYPHP_RET
2024-02-08,-0.32459128869657256,0.051989118250694424,val,CNYPHP_RET
2024-02-09,-0.05445910106389335,0.08438196972563686,val,CNYPHP_RET
2024-02-12,-1.179669969703049,0.01959167466674999,val,CNYPHP_RET
2024-02-13,-0.14433649567276569,0.28946971038505953,val,CNYPHP_RET
2024-02-14,0.28635748954138945,0.04114846494363141,val,CNYPHP_RET
2024-02-15,0.1942799048631238,-0.062152036291184015,val,CNYPHP_RET
2024-02-16,-0.21706632206979817,-0.04006753783916478,val,CNYPHP_RET
2024-02-19,0.8866265438413657,0.058592468759470266,val,CNYPHP_RET
2024-02-20,-1.0302113039707996,-0.20612454650421552,val,CNYPHP_RET
2024-02-21,-0.16218198336961168,0.2536225529738613,val,CNYPHP_RET
2024-02-22,-0.02967778479099132,0.04542864504168247,val,CNYPHP_RET
2024-02-23,-0.17447905942174008,0.013647959453322082,val,CNYPHP_RET
2024-02-26,0.17103833639994875,0.048378057300773755,val,CNYPHP_RET
2024-02-27,0.26671143999526575,-0.03449312595009354,val,CNYPHP_RET
2024-02-28,0.05786233074766864,-0.05743999750013963,val,CNYPHP_RET
2024-02-29,0.26704198181446115,-0.007348242313463176,val,CNYPHP_RET
2024-03-01,0.0405016258883327,-0.057519276841793254,val,CNYPHP_RET
2024-03-04,-0.39594098797170174,-0.003184335745630853,val,CNYPHP_RET
2024-03-05,-0.11809131333131466,0.10149495470129041,val,CNYPHP_RET
2024-03-06,-0.02226126057507854,0.03485364638580328,val,CNYPHP_RET
2024-03-07,-0.22413109568357983,0.011869131108312826,val,CNYPHP_RET
2024-03-08,-0.140076457005984,0.060286930907696615,val,CNYPHP_RET
2024-03-11,-0.13670194163301,0.040126709022569665,val,CNYPHP_RET
2024-03-12,-0.4766163298670464,0.03931734287997198,val,CNYPHP_RET
2024-03-13,0.30628649985784834,0.12084466363891434,val,CNYPHP_RET
2024-03-14,-0.2512549274883774,-0.06693194226962569,val,CNYPHP_RET
2024-03-15,0.1873516952083102,0.0667924905789124,val,CNYPHP_RET
2024-03-18,0.1015321400285893,-0.038405830096377824,val,CNYPHP_RET
2024-03-19,0.12227583232753676,-0.017822298934673773,val,CNYPHP_RET
2024-03-20,0.31714117384089885,-0.022797603641742215,val,CNYPHP_RET
2024-03-21,0.35594493795526316,-0.06953539925227216,val,CNYPHP_RET
2024-03-22,-0.14405999720571497,-0.0788423513352418,val,CNYPHP_RET
2024-03-25,0.12370795788070744,0.04108214771790374,val,CNYPHP_RET
2024-03-26,0.21602461658684563,-0.02314109413047091,val,CNYPHP_RET
2024-03-27,-0.10759572155394367,-0.04528293368257348,val,CNYPHP_RET
2024-03-28,-0.08016622845315663,0.032336314060348745,val,CNYPHP_RET
2024-03-29,-0.15198160910050706,0.025757442557141394,val,CNYPHP_RET
2024-04-01,0.05022288944661102,0.04298211964092192,val,CNYPHP_RET
2024-04-02,-0.04644627859490678,-0.005515948056646919,val,CNYPHP_RET
2024-04-03,0.1315338803528361,0.01766982619482315,val,CNYPHP_RET
2024-04-04,0.0451482083116782,-0.025018115267865532,val,CNYPHP_RET
2024-04-05,0.5714865995262045,-0.004298802884339104,val,CNYPHP_RET
2024-04-08,-0.2517469128504048,-0.13053929264774244,val,CNYPHP_RET
2024-04-09,-0.16250248786589533,0.06691049161036947,val,CNYPHP_RET
2024-04-10,-0.1415798415832929,0.045505516965254025,val,CNYPHP_RET
2024-04-11,0.4159063755835174,0.040487290748147935,val,CNYPHP_RET
2024-04-12,-0.264336019484371,-0.09322390012487466,val,CNYPHP_RET
2024-04-15,0.2818821180649627,0.06992994642058842,val,CNYPHP_RET
2024-04-16,0.4635367211093718,-0.061078633521240516,val,CNYPHP_RET
2024-04-17,0.42510705627609574,-0.10464787802036744,val,CNYPHP_RET
2024-04-18,0.1478538276134584,-0.09543065238953014,val,CNYPHP_RET
2024-04-19,0.00967240717319801,-0.02893239963222639,val,CNYPHP_RET
2024-04-22,0.42657991508316107,0.004209948491627863,val,CNYPHP_RET
2024-04-23,0.03892381424291242,-0.09578391261196466,val,CNYPHP_RET
2024-04-24,-0.2590941083848115,-0.0028059029385300053,val,CNYPHP_RET
2024-04-25,0.8387708111047113,0.06867269170470565,val,CNYPHP_RET
2024-04-26,-0.22204308265108344,-0.1946465102455998,val,CNYPHP_RET
2024-04-29,-0.07939084384039893,0.05978612801690524,val,CNYPHP_RET
2024-04-30,-0.00181398560451751,0.02557146917024163,val,CNYPHP_RET
2024-05-01,0.2513096277373469,0.006964921098751655,val,CNYPHP_RET
2024-05-02,-0.3736915391780523,-0.05374592472274424,val,CNYPHP_RET
2024-05-03,-0.24181732101155223,0.09615849937224857,val,CNYPHP_RET
2024-05-06,-0.5125005603607746,0.06452891246316922,val,CNYPHP_RET
2024-05-07,0.4482064201821949,0.12945137541963403,val,CNYPHP_RET
2024-05-08,-0.12143696991726932,-0.10097095699471047,val,CNYPHP_RET
2024-05-09,0.2970670608650741,0.03565609084556705,val,CNYPHP_RET
2024-05-10,-0.17536790475716596,-0.06472069088986976,val,CNYPHP_RET
2024-05-13,0.25566616723367896,0.04859124385972713,val,CNYPHP_RET
2024-05-14,0.5555166405508022,-0.05479082604263753,val,CNYPHP_RET
2024-05-15,-0.19908058135847717,-0.12670895179439107,val,CNYPHP_RET
2024-05-16,-0.38536830062501826,0.054278649448445855,val,CNYPHP_RET
2024-05-17,0.01318303605510699,0.09895913126329108,val,CNYPHP_RET
2024-05-20,0.4582071736622486,0.0033679359825135413,val,CNYPHP_RET
2024-05-21,0.48043274735343383,-0.10336960402179093,val,CNYPHP_RET
2024-05-22,0.1284675521255809,-0.10870033298794808,val,CNYPHP_RET
2024-05-23,-0.3024761091333974,-0.02428266677380675,val,CNYPHP_RET
2024-05-24,0.3568823072578717,0.0790777184191367,val,CNYPHP_RET
2024-05-27,-0.06013977976605271,-0.0790671762042342,val,CNYPHP_RET
2024-05-28,-0.15997406450262253,0.020954166313795437,val,CNYPHP_RET
2024-05-29,-0.3949537526117054,0.044899083140481605,val,CNYPHP_RET
2024-05-30,0.8763814183531298,0.10125816962644511,val,CNYPHP_RET
2024-05-31,0.23497090060693157,-0.20366728767432468,val,CNYPHP_RET
2024-06-03,0.12711050100342625,-0.04982713606988773,val,CNYPHP_RET
2024-06-04,0.05445848151402907,-0.023957182634412186,val,CNYPHP_RET
2024-06-05,0.45787225606833254,-0.0065318405432181785,val,CNYPHP_RET
2024-06-06,-0.29780128274355067,-0.10328927516531367,val,CNYPHP_RET
2024-06-07,-0.21466361907831807,0.07795647706022432,val,CNYPHP_RET
2024-06-10,0.1247241350159543,0.05801618854228806,val,CNYPHP_RET
2024-06-11,0.21273888064126345,-0.023384820792597762,val,CNYPHP_RET
2024-06-12,-0.10237963437254873,-0.044494860986515006,val,CNYPHP_RET
2024-06-13,-0.7049383435413069,0.031085253124230324,val,CNYPHP_RET
2024-06-14,0.49598937172816593,0.17560692934310307,val,CNYPHP_RET
2024-06-17,-0.01337387544422554,-0.11243153692995929,val,CNYPHP_RET
2024-06-18,-0.2194399631087953,0.009737521728563847,val,CNYPHP_RET
2024-06-19,0.09656975955808202,0.05916177856526663,val,CNYPHP_RET
2024-06-20,0.2060004257407043,-0.0166320886983586,val,CNYPHP_RET
2024-06-21,0.1195771718709648,-0.04287866528220341,val,CNYPHP_RET
2024-06-24,0.0190117587769312,-0.022150339023714535,val,CNYPHP_RET
2024-06-25,-0.27708986621437864,0.0019699364761498533,val,CNYPHP_RET
2024-06-26,0.05121351033747482,0.07298891358779115,val,CNYPHP_RET
2024-06-27,0.29060004388239663,-0.0057535451396640595,val,CNYPHP_RET
2024-06-28,-0.6124518121462308,-0.06316959865561793,val,CNYPHP_RET
2024-07-01,-0.19084290036421933,0.15342434639890348,val,CNYPHP_RET
2024-07-02,0.4267675362967424,0.052302869416838906,val,CNYPHP_RET
2024-07-03,0.03027803986629955,-0.09582891292789802,val,CNYPHP_RET
2024-07-04,-0.20529534072149355,-7.322430841367553e-4,val,CNYPHP_RET
2024-07-05,-0.4074795085014099,0.05576923854254276,val,CNYPHP_RET
2024-07-08,0.20683973845381157,0.10426242997409785,val,CNYPHP_RET
2024-07-09,-0.0997795834915234,-0.043079971608581805,val,CNYPHP_RET
2024-07-10,-0.02052984955355743,0.030461639680656485,val,CNYPHP_RET
2024-07-11,-0.5475982505036981,0.011453858008369993,val,CNYPHP_RET
2024-07-12,0.21617363297053385,0.1378694381472699,val,CNYPHP_RET
2024-07-15,0.4914139813856735,-0.04531867476012658,val,CNYPHP_RET
2024-07-16,-0.2166102377597713,-0.11133414497197922,val,CNYPHP_RET
2024-07-17,-0.08170147199085326,0.05848307847437566,val,CNYPHP_RET
2024-07-18,-0.27024471836580843,0.026125665547027627,val,CNYPHP_RET
2024-07-19,0.07736716656940691,0.07134712793937509,val,CNYPHP_RET
2024-07-22,0.09954232010439464,-0.012026411468499074,val,CNYPHP_RET
2024-07-23,0.07760585053265762,-0.017345047330070737,val,CNYPHP_RET
2024-07-24,0.06357639437754599,-0.0120836590128971,val,CNYPHP_RET
2024-07-25,0.24181610871089773,-0.008718741222939377,val,CNYPHP_RET
2024-07-26,0.4565698079129272,-0.0514689361703575,val,CNYPHP_RET
2024-07-29,-0.5278062415787672,-0.10297688736352248,val,CNYPHP_RET
2024-07-30,0.3349009471847477,0.13312239149099328,val,CNYPHP_RET
2024-07-31,-0.0095989781824275,-0.07379502105155056,val,CNYPHP_RET
2024-08-01,-0.05914194238428939,0.00883212533892127,val,CNYPHP_RET
2024-08-02,-0.4262152805284528,0.020714838379750262,val,CNYPHP_RET
2024-08-05,0.7118918568848422,0.10875614176914976,val,CNYPHP_RET
2024-08-06,0.0650088686266095,-0.16421502056379103,val,CNYPHP_RET
2024-08-07,-0.4779807154912782,-0.009062315345203121,val,CNYPHP_RET
2024-08-08,-0.6769086495438658,0.12117190693392028,val,CNYPHP_RET
2024-08-09,-0.5152168911749854,0.16888410167706439,val,CNYPHP_RET
2024-08-12,0.339195207918752,0.13010287821340538,val,CNYPHP_RET
2024-08-13,-0.22793366774331209,-0.0748249850201327,val,CNYPHP_RET
2024-08-14,-0.3103666357169027,0.0611989650043802,test,CNYPHP_RET
2024-08-15,0.20250705014609,0.08097023463497716,test,CNYPHP_RET
2024-08-16,0.02702590735503068,-0.042040790915915956,test,CNYPHP_RET
2024-08-19,0.00682475516961322,4.77699414202868e-5,test,CNYPHP_RET
2024-08-20,-0.4469741797307816,0.004892948230215731,test,CNYPHP_RET
2024-08-21,-0.5789052842144395,0.11373509380075825,test,CNYPHP_RET
2024-08-22,-0.24283858463408095,0.14537832470134326,test,CNYPHP_RET
2024-08-23,0.4718758787773971,0.06477385910213294,test,CNYPHP_RET
2024-08-26,0.1778771083450536,-0.10664799689027653,test,CNYPHP_RET
2024-08-27,-0.7895086728826747,-0.036133382359545496,test,CNYPHP_RET
2024-08-28,0.404300451108606,0.19589083789644124,test,CNYPHP_RET
2024-08-29,0.00627880817324342,-0.09044025824291146,test,CNYPHP_RET
2024-08-30,0.16636983941358682,0.005023891777859194,test,CNYPHP_RET
2024-09-02,0.3168730319184887,-0.033373402677281595,test,CNYPHP_RET
2024-09-03,0.07403552021099175,-0.06947108631562118,test,CNYPHP_RET
2024-09-04,-0.12957272505756526,-0.01122732731460659,test,CNYPHP_RET
2024-09-05,0.0822164512917207,0.037607424304515656,test,CNYPHP_RET
2024-09-06,-0.600515378999532,-0.013189496070658693,test,CNYPHP_RET
2024-09-09,0.5512182349940677,0.15056143312558082,test,CNYPHP_RET
2024-09-10,-0.4741405593769245,-0.12567799370404206,test,CNYPHP_RET
2024-09-11,-0.2670415576894362,0.1202508584283661,test,CNYPHP_RET
2024-09-12,-0.10779906368457194,0.0705788606434193,test,CNYPHP_RET
2024-09-13,0.23996167947535132,0.032385084985268,test,CNYPHP_RET
2024-09-16,0.2293122178474604,-0.0510241575662607,test,CNYPHP_RET
2024-09-17,-0.5630702720232718,-0.04846992007558605,test,CNYPHP_RET
2024-09-18,0.06463522721509084,0.1415803503795201,test,CNYPHP_RET
2024-09-19,0.05094668063583317,-0.008972698711544377,test,CNYPHP_RET
2024-09-20,-0.1783066602076279,-0.005689546934743195,test,CNYPHP_RET
2024-09-23,0.5539723784289928,0.04929609445309754,test,CNYPHP_RET
2024-09-24,0.5482415149796145,-0.12633856572749133,test,CNYPHP_RET
2024-09-25,0.18521046873733243,-0.1249640374379107,test,CNYPHP_RET
2024-09-26,-0.2645946377308981,-0.03789226414165646,test,CNYPHP_RET
2024-09-27,0.28882073517909596,0.06999197513566655,test,CNYPHP_RET
2024-09-30,0.5719458687150089,-0.06274283745807988,test,CNYPHP_RET
2024-10-01,0.09163249494527308,-0.13064944681528115,test,CNYPHP_RET
2024-10-02,0.02268972664530823,-0.015447902415890596,test,CNYPHP_RET
2024-10-03,-0.157114727278989,0.0010877882749392503,test,CNYPHP_RET
2024-10-04,-0.12820995915285494,0.04421328074123556,test,CNYPHP_RET
2024-10-07,0.5400294356045445,0.03728056949377968,test,CNYPHP_RET
2024-10-08,0.8188950537970672,-0.12299439786840753,test,CNYPHP_RET
2024-10-09,-0.47942253826296327,-0.1898793768218993,test,CNYPHP_RET
2024-10-10,0.11120422566087962,0.12151772326783725,test,CNYPHP_RET
2024-10-11,0.45799786946120746,-0.020142116085834695,test,CNYPHP_RET
2024-10-14,0.01165057697577806,-0.10331940311437089,test,CNYPHP_RET
2024-10-15,0.02058169391117841,0.003735491129441838,test,CNYPHP_RET
2024-10-16,0.05395373610405014,0.001593392823715875,test,CNYPHP_RET
2024-10-17,0.14918467820918208,-0.006410779057251824,test,CNYPHP_RET
2024-10-18,-0.2239520573240999,-0.0292515996636328,test,CNYPHP_RET
2024-10-21,-3.4615980434355e-4,0.06024398916040163,test,CNYPHP_RET
2024-10-22,-0.04216475776792252,0.006612868026062539,test,CNYPHP_RET
2024-10-23,0.12315645053717487,0.016642917850015742,test,CNYPHP_RET
2024-10-24,0.5263887014972574,-0.023008816952294696,test,CNYPHP_RET
2024-10-25,-0.19711135485817097,-0.11972271375191594,test,CNYPHP_RET
2024-10-28,1.1190667523330506,0.05380633710717793,test,CNYPHP_RET
2024-10-29,-0.7910612597175168,-0.261874547360106,test,CNYPHP_RET
2024-10-30,-0.02615000311846829,0.19626322061771379,test,CNYPHP_RET
2024-10-31,0.22684594659165108,0.012801832905171142,test,CNYPHP_RET
2024-11-01,0.03049320753614625,-0.04787839322438231,test,CNYPHP_RET
2024-11-04,0.06665317379239301,-7.838503247942713e-4,test,CNYPHP_RET
2024-11-05,0.5247260158456587,-0.00945669639912932,test,CNYPHP_RET
2024-11-06,-0.18535786906800536,-0.11932392420039557,test,CNYPHP_RET
2024-11-07,-0.2674179315316645,0.05098730314092303,test,CNYPHP_RET
2024-11-08,-0.5068076750909168,0.07066913264137747,test,CNYPHP_RET
2024-11-11,-0.2747472252638792,0.12808595606845316,test,CNYPHP_RET
2024-11-12,0.04379182133827062,0.07242703904877368,test,CNYPHP_RET
2024-11-13,-0.00960393659141504,-0.003973478038783839,test,CNYPHP_RET
2024-11-14,-0.12808797434699642,0.008833314596610777,test,CNYPHP_RET
2024-11-15,0.1969993678470409,0.0372513118490927,test,CNYPHP_RET
2024-11-18,-0.3792471355340932,-0.04071979187328713,test,CNYPHP_RET
2024-11-19,-0.15303767424717815,0.09749099044001211,test,CNYPHP_RET
2024-11-20,0.478948263885641,0.04323541330819591,test,CNYPHP_RET
2024-11-21,0.15277002803638684,-0.10834428462980455,test,CNYPHP_RET
2024-11-22,-0.05967279680581551,-0.030111533739722234,test,CNYPHP_RET
2024-11-25,-0.20305726145154013,0.020842162024168234,test,CNYPHP_RET
2024-11-26,0.2570319853496736,0.05523244277030907,test,CNYPHP_RET
2024-11-27,-0.16742542401708793,-0.05511841291596636,test,CNYPHP_RET
2024-11-28,-0.3893356184817135,0.04668626661447963,test,CNYPHP_RET
2024-11-29,0.03021429417723008,0.09991067908430529,test,CNYPHP_RET
2024-12-02,-0.14365881203100073,-7.169538953890634e-4,test,CNYPHP_RET
2024-12-03,-0.34452046194218294,0.04098592480544456,test,CNYPHP_RET
2024-12-04,-0.6630960520213576,0.08916191478208657,test,CNYPHP_RET
2024-12-05,0.03529711806342382,0.1655711966994841,test,CNYPHP_RET
2024-12-06,-0.8300197792998781,-0.0019360520791517856,test,CNYPHP_RET
2024-12-09,0.2193362952780551,0.20560729027827154,test,CNYPHP_RET
2024-12-10,0.4627141007362395,-0.04607722865876288,test,CNYPHP_RET
2024-12-11,0.1437083804510244,-0.10445057529549126,test,CNYPHP_RET
2024-12-12,0.4010705175723424,-0.027938128097394193,test,CNYPHP_RET
2024-12-13,-0.2832100583069274,-0.08966556956671538,test,CNYPHP_RET
2024-12-16,0.376205494942911,0.07445682104068785,test,CNYPHP_RET
2024-12-17,-0.01834517467046454,-0.08370177766570215,test,CNYPHP_RET
2024-12-18,0.5059067652101641,0.010929871098391688,test,CNYPHP_RET
2024-12-19,0.7684519448947275,-0.11481019034236742,test,CNYPHP_RET
2024-12-20,-1.0541880659714558,-0.17778076710747967,test,CNYPHP_RET
2024-12-23,-0.17692511212698075,0.2593732985558413,test,CNYPHP_RET
2024-12-24,-0.49469276291602465,0.048964734800745105,test,CNYPHP_RET
2024-12-25,-2.305488859939244,0.12518023520156005,test,CNYPHP_RET
2024-12-26,1.5247456396470385,0.5594935780348378,test,CNYPHP_RET
2024-12-27,-0.0565559247903685,-0.3591752616458644,test,CNYPHP_RET
2024-12-30,-0.11040915788161046,0.02009459077280667,test,CNYPHP_RET
2024-12-31,0.20634386171283303,0.03301110728434909,test,CNYPHP_RET
2025-01-02,-1.4126524549616364,-0.042961037242994375,test,CNYPHP_RET
2025-01-03,1.4729853890343982,0.34534977449642174,test,CNYPHP_RET
2025-01-06,-0.1530807091546298,-0.3467607399300184,test,CNYPHP_RET
2025-01-07,-0.41594952869113994,0.04324573508575251,test,CNYPHP_RET
2025-01-08,0.21813251375163104,0.1062939357789283,test,CNYPHP_RET
2025-01-09,0.9001131986075517,-0.04578850571549962,test,CNYPHP_RET
2025-01-10,-0.7646353197950053,-0.2093592752098769,test,CNYPHP_RET
2025-01-13,0.7738442391602,0.1899250479630871,test,CNYPHP_RET
2025-01-14,-0.13958520955982115,-0.1790740907190271,test,CNYPHP_RET
2025-01-15,-0.0389160093175491,0.04000888497774649,test,CNYPHP_RET
2025-01-16,-0.3929876383437638,0.0158637164800627,test,CNYPHP_RET
2025-01-17,0.3215750428386585,0.10078660374362393,test,CNYPHP_RET
2025-01-20,-0.11492430415855671,-0.07059884779253989,test,CNYPHP_RET
2025-01-21,-0.2553970918516877,0.03409404990618566,test,CNYPHP_RET
2025-01-22,0.9206689227542828,0.06778597474543538,test,CNYPHP_RET
2025-01-23,-0.05142501144902994,-0.21428949638894929,test,CNYPHP_RET
2025-01-24,-0.19921774300376857,0.018863958495253203,test,CNYPHP_RET
2025-01-27,0.3202960041996959,0.054311547206936144,test,CNYPHP_RET
2025-01-28,0.30005136933402693,-0.07029207468439481,test,CNYPHP_RET
2025-01-29,-0.6838262084385727,-0.06543646722124538,test,CNYPHP_RET
2025-01-30,1.85809196399242,0.17054325487092492,test,CNYPHP_RET
2025-01-31,-0.32858364739214607,-0.4391272544106093,test,CNYPHP_RET
2025-02-03,0.07055140557860273,0.085339523507487,test,CNYPHP_RET
2025-02-04,0.1268179580990671,-0.010391674158906308,test,CNYPHP_RET
2025-02-05,-0.8648921363276965,-0.023887017204453923,test,CNYPHP_RET
2025-02-06,-1.632458998845483,0.21397130761745467,test,CNYPHP_RET
2025-02-07,0.10827220402060626,0.3980696334621874,test,CNYPHP_RET
2025-02-10,-1.078296558306878,-0.019438880574150077,test,CNYPHP_RET
2025-02-11,0.6852346607562791,0.2651556392147816,test,CNYPHP_RET
2025-02-12,0.316970054969748,-0.15782138188730446,test,CNYPHP_RET
2025-02-13,-0.30666428393369166,-0.06949435696757011,test,CNYPHP_RET
2025-02-14,0.17892132127954152,0.08008223803394929,test,CNYPHP_RET
2025-02-17,0.1284241628374235,-0.036383833313660505,test,CNYPHP_RET
2025-02-18,0.4071924259767441,-0.02427225999923187,test,CNYPHP_RET
2025-02-19,0.21667074843843984,-0.09113388867122732,test,CNYPHP_RET
2025-02-20,-0.14194755615052743,-0.045437906230193975,test,CNYPHP_RET
2025-02-21,-0.2043386649121388,0.04057548584817419,test,CNYPHP_RET
2025-02-24,-0.151168912411492,0.055539783072955866,test,CNYPHP_RET
2025-02-25,0.4520482553038616,0.042787197078245805,test,CNYPHP_RET
2025-02-26,-0.2092541186792136,-0.10189240820451168,test,CNYPHP_RET
2025-02-27,-0.1001183374539332,0.05671873809756088,test,CNYPHP_RET
2025-02-28,-0.05582035826636428,0.03054288867719126,test,CNYPHP_RET
2025-03-03,-0.1988118280921135,0.019918167620337046,test,CNYPHP_RET
2025-03-04,-0.3010633708017596,0.0542141898830074,test,CNYPHP_RET
2025-03-05,0.14769448828387635,0.07873887789017214,test,CNYPHP_RET
2025-03-06,-0.3868927604361251,-0.02889418263088132,test,CNYPHP_RET
2025-03-07,-0.15376105987174385,0.0993247678126879,test,CNYPHP_RET
2025-03-10,0.08745858006490288,0.04340891491297578,test,CNYPHP_RET
2025-03-11,0.2281072290246806,-0.014446802994826462,test,CNYPHP_RET
2025-03-12,-0.6620709280294804,-0.04818090756635956,test,CNYPHP_RET
2025-03-13,0.714564205796363,0.16532532416393875,test,CNYPHP_RET
2025-03-14,-0.07858206839535603,-0.16485597444638855,test,CNYPHP_RET
2025-03-17,-0.03843757152933679,0.02537748710472056,test,CNYPHP_RET
2025-03-18,0.02936293978504123,0.01574896478853993,test,CNYPHP_RET
2025-03-19,0.00473469040886189,-5.127594128544622e-4,test,CNYPHP_RET
2025-03-20,-0.44226632734762705,0.005394243221116248,test,CNYPHP_RET
2025-03-21,0.06414064507626245,0.11260593126862405,test,CNYPHP_RET
2025-03-24,0.3420461026513234,-0.008854074851920808,test,CNYPHP_RET
2025-03-25,-0.26641674154740325,-0.07550876251634242,test,CNYPHP_RET
2025-03-26,0.43459963777603267,0.07042900059691895,test,CNYPHP_RET
2025-03-27,0.4253710953695308,-0.09770741607934169,test,CNYPHP_RET
2025-03-28,-0.8533799263579562,-0.09549398127647493,test,CNYPHP_RET
2025-03-31,0.1638802440348422,0.2112101428438085,test,CNYPHP_RET
2025-04-01,-0.3614417581469317,-0.032776281613776784,test,CNYPHP_RET
2025-04-02,-0.13522691914675927,0.09322043066459693,test,CNYPHP_RET
2025-04-03,-0.10107519876997624,0.03896356370637484,test,CNYPHP_RET
2025-04-04,-0.26320020771302505,0.030772388639932327,test,CNYPHP_RET
2025-04-07,0.4582779751141724,0.06965752579407304,test,CNYPHP_RET
2025-04-08,-0.3586627904859839,-0.10338658551148655,test,CNYPHP_RET
2025-04-09,-0.06201180141921082,0.09255390463417532,test,CNYPHP_RET
2025-04-10,-0.9645510227925392,0.021403164399983025,test,CNYPHP_RET
2025-04-11,0.7799015667381248,0.23787415575962897,test,CNYPHP_RET
2025-04-14,0.3713984283321642,-0.180526920329898,test,CNYPHP_RET
2025-04-15,-0.6052902414886787,-0.08254881893535819,test,CNYPHP_RET
2025-04-16,-0.7478137130781072,0.15170666780586295,test,CNYPHP_RET
2025-04-17,-0.13255118780920996,0.18589044226835819,test,CNYPHP_RET
2025-04-22,0.05449047047251459,0.038321798560290644,test,CNYPHP_RET
2025-04-23,-0.08849134847067255,-0.0065395129871319005,test,CNYPHP_RET
2025-04-24,0.20298716954775223,0.027754194543872242,test,CNYPHP_RET
2025-04-25,-0.1773337496171221,-0.0421559459367589,test,CNYPHP_RET
2025-04-28,-0.2898845460506696,0.049062745125950706,test,CNYPHP_RET
2025-04-29,0.14463416479956095,0.0760576744379587,test,CNYPHP_RET
2025-04-30,-0.271119627278589,-0.028160174354185125,test,CNYPHP_RET
2025-05-01,-0.3889096133254076,0.07155697189431237,test,CNYPHP_RET
2025-05-02,0.19346146661352656,0.09980850318288624,test,CNYPHP_RET
2025-05-05,-0.4484071283752198,-0.03987123818252783,test,CNYPHP_RET
2025-05-06,-0.10506516236508089,0.11407878170515424,test,CNYPHP_RET
2025-05-07,0.462052946907072,0.03172936796500471,test,CNYPHP_RET
2025-05-08,-0.05109345829081682,-0.10429199977716272,test,CNYPHP_RET
2025-05-09,-0.0847985847103763,0.018784436587343644,test,CNYPHP_RET
2025-05-12,-0.2148965943017559,0.026868497597835977,test,CNYPHP_RET
2025-05-13,1.063161282774315,0.058072066864676176,test,CNYPHP_RET
2025-05-14,0.00150344907183411,-0.24846580884634775,test,CNYPHP_RET
2025-05-15,0.12553749304954792,0.0061692455689193034,test,CNYPHP_RET
2025-05-16,-0.29827928571250095,-0.023579901976542805,test,CNYPHP_RET
2025-05-19,0.2506987494806302,0.07807112446181212,test,CNYPHP_RET
2025-05-20,-0.02330358717574215,-0.05359940763107669,test,CNYPHP_RET
2025-05-21,-0.6401728213762193,0.012119129631615615,test,CNYPHP_RET
2025-05-22,0.22467376190954663,0.160073137063507,test,CNYPHP_RET
2025-05-23,0.11006632596759432,-0.04735740204702839,test,CNYPHP_RET
2025-05-26,-0.34429920740315156,-0.01986919467827692,test,CNYPHP_RET
2025-05-27,-0.1789332348831681,0.08910884762636334,test,CNYPHP_RET
2025-05-28,0.352128393572301,0.049446376277934634,test,CNYPHP_RET
2025-05-29,-0.09016995758368772,-0.07792696602390788,test,CNYPHP_RET
2025-05-30,0.3134456181776388,0.028156803283963132,test,CNYPHP_RET
2025-06-02,0.34473747010874617,-0.06864903267771666,test,CNYPHP_RET
2025-06-03,-0.4239046090789496,-0.07615427793309615,test,CNYPHP_RET
2025-06-04,0.11693030728298144,0.10820193500723278,test,CNYPHP_RET
2025-06-05,0,-0.02151549747025423,test,CNYPHP_RET
2025-06-06,0.2732676543823275,0.006529842763292143,test,CNYPHP_RET
2025-06-09,-0.08141086480853024,-0.059012483431304025,test,CNYPHP_RET
2025-06-10,-0.00363748617060528,0.026055964393477786,test,CNYPHP_RET
2025-06-11,0.4078616251975232,0.007402281565685442,test,CNYPHP_RET
2025-06-12,-0.20401931556787023,-0.09129439384962691,test,CNYPHP_RET
2025-06-13,-2.8378979939761018,0.055463188208703114,test,CNYPHP_RET
2025-06-16,4.338310542988915,0.6871901150102836,test,CNYPHP_RET
2025-06-17,-0.19183583469050192,-1.0339993240886771,test,CNYPHP_RET
2025-06-18,-0.5976290081466803,0.05254102136954668,test,CNYPHP_RET
2025-06-19,0.9848447183878624,0.14986914680145003,test,CNYPHP_RET
2025-06-20,-0.0859662437625976,-0.22968184474690348,test,CNYPHP_RET
2025-06-23,1.0331309699225029,0.027148556687367615,test,CNYPHP_RET
2025-06-24,-0.2968628564230779,-0.2412631394886876,test,CNYPHP_RET
2025-06-25,-1.4031229215209324,0.07773139866905855,test,CNYPHP_RET
2025-06-26,0.3840825417813647,0.3430641480081178,test,CNYPHP_RET
2025-06-27,-0.01791985506114277,-0.08559106081010869,test,CNYPHP_RET
2025-06-30,0.39490127393628693,0.010827859623107006,test,CNYPHP_RET
2025-07-01,-1.8079294406942483,-0.08818589726637585,test,CNYPHP_RET
2025-07-02,0.34015333853425134,0.4401556277345686,test,CNYPHP_RET
2025-07-03,0.7532220048468983,-0.07505478942007177,test,CNYPHP_RET
2025-07-04,0.2172743029028179,-0.17412791730059263,test,CNYPHP_RET
2025-07-07,0.43667128629160945,-0.04558266673494485,test,CNYPHP_RET
2025-07-08,-0.05813977413557437,-0.09820429399588616,test,CNYPHP_RET
2025-07-09,-0.3906609414918364,0.020474471701858527,test,CNYPHP_RET
2025-07-10,0.3037845797160919,0.1002285533429292,test,CNYPHP_RET
2025-07-11,-0.0781190977180885,-0.0663318651532378,test,CNYPHP_RET
2025-07-14,0.2032762871161744,0.02526644514764522,test,CNYPHP_RET
2025-07-15,0.3459388153139428,-0.04222528981143352,test,CNYPHP_RET
2025-07-16,0.0517530604533601,-0.07644241653292162,test,CNYPHP_RET
2025-07-17,-1.2891925188467577,-0.005882954417076044,test,CNYPHP_RET
2025-07-18,2.0056563240045064,0.3157383247875436,test,CNYPHP_RET
2025-07-21,-0.3050825962335629,-0.47452006897722954,test,CNYPHP_RET
2025-07-22,-0.0254948926710534,0.07970287556818603,test,CNYPHP_RET
2025-07-23,-0.3349222471564673,0.012644706871594257,test,CNYPHP_RET
2025-07-24,-0.21711424394305096,0.08685981530458671,test,CNYPHP_RET
2025-07-25,0.4810314591600144,0.05860396265930883,test,CNYPHP_RET
2025-07-28,0.639253048635236,-0.10884393199754239,test,CNYPHP_RET
2025-07-29,-0.573970558025836,-0.1467928471439488,test,CNYPHP_RET
2025-07-30,0.4397449127817597,0.14419474725136833,test,CNYPHP_RET
2025-07-31,0.06113777689648268,-0.09894149295371059,test,CNYPHP_RET
2025-08-01,1.2369195898533656,-0.008133847036435788,test,CNYPHP_RET
2025-08-04,-0.9521275611393044,-0.2901411533628352,test,CNYPHP_RET
2025-08-05,-0.18666155957105549,0.23489443033993793,test,CNYPHP_RET
2025-08-06,0.21564787759930107,0.05129998891561102,test,CNYPHP_RET
2025-08-07,-0.34355851220342254,-0.045192574105741457,test,CNYPHP_RET
2025-08-08,-0.31934326172780114,0.08893119437830095,test,CNYPHP_RET
2025-08-11,-0.4071220624402152,0.08312324813912955,test,CNYPHP_RET
2025-08-12,0.1526197327272485,0.104176697740648,test,CNYPHP_RET
2025-08-13,-0.12658632088081093,-0.03007548591620895,test,CNYPHP_RET
2025-08-14,-0.34853264115498606,0.03689114532468483,test,CNYPHP_RET
2025-08-15,0.6874500074946257,0.0901242224482138,test,CNYPHP_RET
2025-08-18,-0.05693429628510887,-0.158352725338424,test,CNYPHP_RET
2025-08-19,-0.17367067135792455,0.020185341900989272,test,CNYPHP_RET
2025-08-20,0.3442722422369361,0.04818416814733488,test,CNYPHP_RET
2025-08-21,-0.00642075349433426,-0.07604269459551485,test,CNYPHP_RET
2025-08-22,0.1094814174373601,0.00806983885573844,test,CNYPHP_RET
2025-08-25,-1.159570225700809,-0.019728906338007505,test,CNYPHP_RET
2025-08-26,0.6530626750403294,0.2846488545073289,test,CNYPHP_RET
2025-08-27,0.4437286780580013,-0.15010503950902762,test,CNYPHP_RET
2025-08-28,-0.5811469019031642,-0.0998969856328874,test,CNYPHP_RET
2025-08-29,0.5495976060101966,0.1459159691513974,test,CNYPHP_RET
2025-09-01,0.6864292946865234,-0.1252892913025764,test,CNYPHP_RET
2025-09-02,-2.0922381820022267,-0.15810791081044462,test,CNYPHP_RET
2025-09-03,2.1535604427311705,0.5083461214280208,test,CNYPHP_RET
2025-09-04,0.00306933772733613,-0.5099943735268068,test,CNYPHP_RET
2025-09-05,-0.7115632404299705,0.005793672450778731,test,CNYPHP_RET
2025-09-08,-0.17122587917981436,0.17719588854086765,test,CNYPHP_RET
2025-09-09,0.03781648646075713,0.04759779298054874,test,CNYPHP_RET
2025-09-10,0.729955595060321,-0.002540314100852133,test,CNYPHP_RET
2025-09-11,0.05890920904947673,-0.16854754730380017,test,CNYPHP_RET
2025-09-12,0.13039099835316703,-0.007599332546949619,test,CNYPHP_RET
2025-09-15,0.05501972881581352,-0.024743998870908283,test,CNYPHP_RET
2025-09-16,-0.13348603768284825,-0.006666453817564679,test,CNYPHP_RET
2025-09-17,-0.6428763994042563,0.038546019152733146,test,CNYPHP_RET
2025-09-18,0.28557982158033535,0.160721581144482,test,CNYPHP_RET
2025-09-19,0.6600144851565299,-0.061965515250888545,test,CNYPHP_RET
2025-09-22,-0.12769376588933737,-0.15177240774296222,test,CNYPHP_RET
2025-09-23,-0.5155749922731009,0.037156762278712854,test,CNYPHP_RET
2025-09-24,0.724457827895628,0.1301887675552537,test,CNYPHP_RET
2025-09-25,0.4655310839434707,-0.16722892637274,test,CNYPHP_RET
2025-09-26,0.6107643025445127,-0.10512621922660478,test,CNYPHP_RET
2025-09-29,0.19304739547423813,-0.139959917380001,test,CNYPHP_RET
2025-09-30,0.05552299611736289,-0.03977192461488165,test,CNYPHP_RET
2025-10-01,0.30483009068628536,-0.0067871607842043295,test,CNYPHP_RET
2025-10-02,-0.15293401933296483,-0.06658262743684336,test,CNYPHP_RET
2025-10-03,-0.2944976916618948,0.0432105520262619,test,CNYPHP_RET
2025-10-06,-0.1259814403275591,0.07716412186993712,test,CNYPHP_RET
2025-10-07,0.5734131513224182,0.03674606676198552,test,CNYPHP_RET
2025-10-08,-0.39570521643799816,-0.13100136960501585,test,CNYPHP_RET
2025-10-09,0.01736325065690801,0.10143840569330655,test,CNYPHP_RET
2025-10-10,0.5932746230445709,0.002365325594489605,test,CNYPHP_RET
2025-10-13,0.06776646782458917,-0.13576507667916807,test,CNYPHP_RET
2025-10-14,-0.28194951433777143,-0.009723716221777663,test,CNYPHP_RET
2025-10-15,-0.5307806462537786,0.07415448381678261,test,CNYPHP_RET
2025-10-16,0.0246209046671044,0.13383579243076046,test,CNYPHP_RET
2025-10-17,0.12074012671600066,6.246017330468444e-4,test,CNYPHP_RET
2025-10-20,0.05903060672212432,-0.022429269825002433,test,CNYPHP_RET
2025-10-21,0.1863083531632299,-0.007628449369714162,test,CNYPHP_RET
2025-10-22,-0.0374526292617259,-0.03815558802215299,test,CNYPHP_RET
2025-10-23,0.30567386560891663,0.015512729704177258,test,CNYPHP_RET
2025-10-24,0.4103299985461356,-0.06678500400914175,test,CNYPHP_RET
2025-10-27,0.1413227064037204,-0.09188642488070697,test,CNYPHP_RET
2025-10-28,-0.8181840561774057,-0.02736593221509773,test,CNYPHP_RET
2025-10-29,-0.2069029847951463,0.2027685319649416,test,CNYPHP_RET
2025-10-30,-1.6912904251437508,0.05615482655704204,test,CNYPHP_RET
2025-10-31,3.217284412722869,0.41218015284162174,test,CNYPHP_RET
2025-11-03,-0.7099319262285081,-0.7651249837696981,test,CNYPHP_RET
2025-11-04,-0.6198364334415987,0.17680462332596397,test,CNYPHP_RET
2025-11-05,0.5949778946934913,0.1551955229359092,test,CNYPHP_RET
2025-11-06,0.24349428229349157,-0.1361736006454014,test,CNYPHP_RET
2025-11-07,0.32341892527490723,-0.051871440449944246,test,CNYPHP_RET
2025-11-10,-0.6086858072980975,-0.07104109678236001,test,CNYPHP_RET
2025-11-11,0.6668174288216636,0.15252108282471757,test,CNYPHP_RET
2025-11-12,0.03736240876609786,-0.15340407086017777,test,CNYPHP_RET
2025-11-13,0.39148091994362594,-0.002431405095692638,test,CNYPHP_RET
2025-11-14,-0.36023366702472825,-0.08736553688528835,test,CNYPHP_RET
2025-11-17,0.2905362020107085,0.09293067407930611,test,CNYPHP_RET
2025-11-18,-0.12533955295349142,-0.06315428639779322,test,CNYPHP_RET
2025-11-19,-0.2719699919141109,0.036592112237999026,test,CNYPHP_RET
2025-11-20,0.19555620197245815,0.07176092898704516,test,CNYPHP_RET
2025-11-21,0.093384547347265,-0.040373653400665434,test,CNYPHP_RET
2025-11-24,-0.5762953387060207,-0.015868126281393235,test,CNYPHP_RET
2025-11-25,0.6118513229900354,0.14475233806472665,test,CNYPHP_RET
2025-11-26,0.03367074621271321,-0.14022063557140818,test,CNYPHP_RET
2025-11-27,0.10926494514059525,-0.001545972270423873,test,CNYPHP_RET
2025-11-28,-0.2590064241653279,-0.019676986186979294,test,CNYPHP_RET
2025-12-01,-0.19334921427158316,0.06865166094009317,test,CNYPHP_RET
2025-12-02,-0.00666152678307504,0.052904000363104005,test,CNYPHP_RET
2025-12-03,-0.10262557536427136,0.008127587517815785,test,CNYPHP_RET
2025-12-04,0.9008433062520064,0.031144241242456547,test,CNYPHP_RET
2025-12-05,0.23900836182874904,-0.20953438906847893,test,CNYPHP_RET
2025-12-08,-0.31541923418937196,-0.050795507540695464,test,CNYPHP_RET
2025-12-09,0.39046088044475497,0.08218208335509525,test,CNYPHP_RET
2025-12-10,0.4518158082713896,-0.08712088384825954,test,CNYPHP_RET
2025-12-11,-0.6102575391936278,-0.1018366565669471,test,CNYPHP_RET
2025-12-12,-0.2023822723764441,0.15289805742429155,test,CNYPHP_RET
2025-12-15,0.5558503201462818,0.055070548914859074,test,CNYPHP_RET
2025-12-16,-0.5136271171221741,-0.12678898372111447,test,CNYPHP_RET
2025-12-17,-0.401043849616331,0.12972157626319625,test,CNYPHP_RET
2025-12-18,0.3129505436871229,0.10271885887390153,test,CNYPHP_RET
2025-12-19,-0.05663076886649512,-0.06853029072919971,test,CNYPHP_RET
2025-12-22,-0.1491846434234385,0.020112541872296698,test,CNYPHP_RET
2025-12-23,0.4792281007895615,0.042311276846973694,test,CNYPHP_RET
2025-12-24,0.11701126645931248,-0.10841140256836738,test,CNYPHP_RET
2025-12-26,0.06467657556478364,-0.021534915255924943,test,CNYPHP_RET
2025-12-29,-0.3254949440178439,-0.00898261597390497,test,CNYPHP_RET
2025-12-30,0.746753928201459,0.08459870840979662,test,CNYPHP_RET
2025-12-31,0.2070573014177843,-0.17257657090979767,test,CNYPHP_RET
2026-01-02,0.04584775116385346,-0.04313215335246509,test,CNYPHP_RET
2026-01-05,-0.33810942116861825,-0.004466585880493566,test,CNYPHP_RET
2026-01-06,0.803063494156977,0.0876242482529922,test,CNYPHP_RET
2026-01-07,0.35134220273610467,-0.18608223058281956,test,CNYPHP_RET
2026-01-08,-0.1368152291603103,-0.07773840080072529,test,CNYPHP_RET
2026-01-09,-0.14672982911662347,0.039344514511700145,test,CNYPHP_RET
2026-01-12,0.16635274724065505,0.041722497906384826,test,CNYPHP_RET
2026-01-13,0.00297790675141521,-0.033369303177191834,test,CNYPHP_RET
2026-01-14,0.40264656633956153,0.005815601862298892,test,CNYPHP_RET
2026-01-15,0.21759074033315773,-0.09004357955341927,test,CNYPHP_RET
2026-01-16,-0.0964225214980916,-0.04565856318645277,test,CNYPHP_RET
2026-01-19,-0.10595687284326474,0.029656459672337075,test,CNYPHP_RET
2026-01-20,0.02527809453143978,0.03194324171879518,test,CNYPHP_RET
2026-01-21,0.11775085543970672,4.66976958327669e-4,test,CNYPHP_RET
2026-01-22,-0.3921652047842373,-0.021712303181007024,test,CNYPHP_RET
2026-01-23,-0.3257422168800909,0.10058934582536166,test,CNYPHP_RET
2026-01-26,-0.12883577628486886,0.0846580159726807,test,CNYPHP_RET
2026-01-27,0.4218702801797739,0.03743066962435437,test,CNYPHP_RET
2026-01-28,-0.5903291261515078,-0.09465432254835843,test,CNYPHP_RET
2026-01-29,-0.03407813558567019,0.1481182947000877,test,CNYPHP_RET
2026-01-30,0.32330613853765405,0.014703368765512322,test,CNYPHP_RET
2026-02-02,-0.467426839584226,-0.07101404526343737,test,CNYPHP_RET
2026-02-03,0.6057501841870909,0.11864059535633593,test,CNYPHP_RET
2026-02-04,0.20537334058859796,-0.13875729798582762,test,CNYPHP_RET
2026-02-05,0.01866716451189739,-0.042728261021281855,test,CNYPHP_RET
2026-02-06,-0.385617572753736,0.0020525862495915127,test,CNYPHP_RET
2026-02-09,-0.9280513735813116,0.09901891834350211,test,CNYPHP_RET
2026-02-10,0.6985593063063181,0.229119837873021,test,CNYPHP_RET
2026-02-11,0.24862552942964108,-0.1610172532283237,test,CNYPHP_RET
2026-02-12,-0.40599986098301094,-0.05310215278705848,test,CNYPHP_RET
2026-02-13,-0.4401361615743677,0.10390754150212286,test,CNYPHP_RET
2026-02-16,-0.43956333269118314,0.1120950181849841,test,CNYPHP_RET
2026-02-17,0.2906010679830684,0.11195762710736011,test,CNYPHP_RET
2026-02-18,-0.3200580112428216,-0.06316984428271359,test,CNYPHP_RET
2026-02-19,0.39775157806540823,0.08329467840213228,test,CNYPHP_RET
2026-02-20,0.11067679786301876,-0.08886953310833796,test,CNYPHP_RET
2026-02-23,-0.19182305638529837,-0.02001561430555766,test,CNYPHP_RET
2026-02-24,-0.5334404831872147,0.052537956536097004,test,CNYPHP_RET
2026-02-25,0.4721791669166672,0.13447374535757045,test,CNYPHP_RET
2026-02-26,-0.00970080336428484,-0.10672073952862472,test,CNYPHP_RET
2026-02-27,0.4701886415248377,0.00885654776571453,test,CNYPHP_RET
2026-03-02,-0.11972535779164524,-0.10624331871998637,test,CNYPHP_RET
2026-03-03,0.6676962641402002,0.03524556644409755,test,CNYPHP_RET
2026-03-04,-0.14357096740296732,-0.15361485655030657,test,CNYPHP_RET
2026-03-05,0.17629187682094186,0.040964855567381886,test,CNYPHP_RET
2026-03-06,0.6812481215295011,-0.03575316991953998,test,CNYPHP_RET
2026-03-09,0.4334313230623212,-0.15686522388543764,test,CNYPHP_RET
2026-03-10,-0.00691331353805778,-0.09742719973161072,test,CNYPHP_RET
2026-03-11,-1.5063629240273169,0.008187977722664065,test,CNYPHP_RET
2026-03-12,2.344294202882385,0.367825914767155,test,CNYPHP_RET
2026-03-13,0.2992803204256924,-0.5557412232679858,test,CNYPHP_RET
2026-03-16,-2.6095443181955775,-0.0652515337384434,test,CNYPHP_RET
2026-03-17,1.7059180540879393,0.6324202552565853,test,CNYPHP_RET
2026-03-18,0.29340295655899656,-0.40262885483305727,test,CNYPHP_RET
2026-03-19,1.071421057862264,-0.06384186781736678,test,CNYPHP_RET
2026-03-20,-0.7873267183147648,-0.2504468880718858,test,CNYPHP_RET
2026-03-23,0.0784787988901164,0.19536750344489412,test,CNYPHP_RET
2026-03-24,0.22736853727546855,-0.012293032735246071,test,CNYPHP_RET
2026-03-25,0.6333047248998299,-0.048003734839153524,test,CNYPHP_RET
2026-03-26,-0.16840040655715607,-0.14536616173744407,test,CNYPHP_RET
2026-03-27,0.2089589405074412,0.04692011289174805,test,CNYPHP_RET
2026-03-30,0.5088111116272821,-0.04358825508100815,test,CNYPHP_RET
2026-03-31,0.31344658952685645,-0.11550678804502316,test,CNYPHP_RET
2026-04-01,0.02616225480795121,-0.06864926565255379,test,CNYPHP_RET
2026-04-02,-0.3248361142747344,2.5491409496975793e-4,test,CNYPHP_RET
2026-04-03,-0.12590310536988855,0.08444069031567865,test,CNYPHP_RET
2022-12-30,-0.04438088117238903,-0.05344319577577654,val,JPYPHP_RET
2023-01-02,1.606319078034249,4.337895076340255e-4,val,JPYPHP_RET
2023-01-03,0.1825851975675154,-0.22703554848674695,val,JPYPHP_RET
2023-01-04,-0.10464892249698364,-0.030842532630860515,val,JPYPHP_RET
2023-01-05,-0.4805409515670975,0.008738830884694722,val,JPYPHP_RET
2023-01-06,-1.027768307394895,0.060537409138151775,val,JPYPHP_RET
2023-01-09,0.3719101236904242,0.1359462947253249,val,JPYPHP_RET
2023-01-10,-1.37264030252617,-0.056931838183222325,val,JPYPHP_RET
2023-01-11,-0.2271680815629959,0.1834702581129633,val,JPYPHP_RET
2023-01-12,0.6792364829452091,0.02562218503330007,val,JPYPHP_RET
2023-01-13,2.0914341093380884,-0.09928194735842834,val,JPYPHP_RET
2023-01-16,0.5360995398039909,-0.2938852472501999,val,JPYPHP_RET
2023-01-17,-0.6871946330099521,-0.07955742654695334,val,JPYPHP_RET
2023-01-18,0.16850406559735745,0.08901464744528821,val,JPYPHP_RET
2023-01-19,-0.2009155711383234,-0.02890212804697552,val,JPYPHP_RET
2023-01-20,0.2522612002725551,0.022004543236143342,val,JPYPHP_RET
2023-01-23,-1.2509481728049574,-0.04044400752095958,val,JPYPHP_RET
2023-01-24,-1.2598304925384425,0.1667008700528129,val,JPYPHP_RET
2023-01-25,0.9629269537629224,0.16792486922865424,val,JPYPHP_RET
2023-01-26,0.5800482619051347,-0.13837498981735855,val,JPYPHP_RET
2023-01-27,-0.8111690708997801,-0.0856136372267252,val,JPYPHP_RET
2023-01-30,0.03197720112593998,0.10609854155804896,val,JPYPHP_RET
2023-01-31,-0.03986519741214665,-0.010088487623377315,val,JPYPHP_RET
2023-02-01,0.29235433467377336,-1.8847960299707683e-4,val,JPYPHP_RET
2023-02-02,0.1569537847634895,-0.04596891148033697,val,JPYPHP_RET
2023-02-03,-0.7361780101418949,-0.027310479170827316,val,JPYPHP_RET
2023-02-06,-2.8476457188304063,0.09576464238336728,val,JPYPHP_RET
2023-02-07,1.7971465616122249,0.3867285811737504,val,JPYPHP_RET
2023-02-08,1.690839806008913,-0.25333190908124187,val,JPYPHP_RET
2023-02-09,-0.809273199435744,-0.23868265245132228,val,JPYPHP_RET
2023-02-10,-0.3472506443856453,0.1058372871583978,val,JPYPHP_RET
2023-02-13,-0.48304276385399303,0.04216977196306831,val,JPYPHP_RET
2023-02-14,-0.07294834189694888,0.06088216324171391,val,JPYPHP_RET
2023-02-15,-0.00568753921106277,0.004370435500113054,val,JPYPHP_RET
2023-02-16,0.15057111555405153,-0.0048982206082221,val,JPYPHP_RET
2023-02-17,-0.4658229061110673,-0.026430936203851188,val,JPYPHP_RET
2023-02-20,0.23314240181744275,0.05850923676328635,val,JPYPHP_RET
2023-02-21,-0.90958866962428,-0.037809403695124026,val,JPYPHP_RET
2023-02-22,-0.12458251774710968,0.1196609341919559,val,JPYPHP_RET
2023-02-23,0.02715805915150077,0.011485715132255605,val,JPYPHP_RET
2023-02-24,-0.06875447097773248,-0.009424401440717274,val,JPYPHP_RET
2023-02-27,-1.5644824424132266,0.0037925127611517333,val,JPYPHP_RET
2023-02-28,0.9832258218784428,0.20990644011935752,val,JPYPHP_RET
2023-03-01,0.18488146723181123,-0.1411722093038677,val,JPYPHP_RET
2023-03-02,-0.965922180081064,-0.03115896260196501,val,JPYPHP_RET
2023-03-03,-0.15595460485930124,0.1274237903421814,val,JPYPHP_RET
2023-03-06,1.597593502990502,0.015808843540365623,val,JPYPHP_RET
2023-03-07,-0.9252995808611564,-0.22583314900296955,val,JPYPHP_RET
2023-03-08,-0.6647792552105518,0.12182592520586395,val,JPYPHP_RET
2023-03-09,0.3732456588538733,0.08592576922699946,val,JPYPHP_RET
2023-03-10,0.263797349722085,-0.05711587726179841,val,JPYPHP_RET
2023-03-13,0.8252271507035478,-0.04203370906765982,val,JPYPHP_RET
2023-03-14,1.555328263346053,-0.11939971640732781,val,JPYPHP_RET
2023-03-15,-1.5245253836316153,-0.22000892514661385,val,JPYPHP_RET
2023-03-16,1.3731650613841704,0.20440028761807313,val,JPYPHP_RET
2023-03-17,-1.0961276535207882,-0.19490651769449188,val,JPYPHP_RET
2023-03-20,0.880203039318189,0.14536633203874386,val,JPYPHP_RET
2023-03-21,-0.10448385779840363,-0.12697548989606988,val,JPYPHP_RET
2023-03-22,-0.6972959923898845,0.00871608468087808,val,JPYPHP_RET
2023-03-23,1.1359022046606644,0.09040663241395623,val,JPYPHP_RET
2023-03-24,0.10156681630275356,-0.162211281562366,val,JPYPHP_RET
2023-03-27,0.02005356594631434,-0.01967805816117603,val,JPYPHP_RET
2023-03-28,-0.6700376425226768,-0.0084453898661692,val,JPYPHP_RET
2023-03-29,0.5191349126505851,0.0866503841845124,val,JPYPHP_RET
2023-03-30,-1.1957772761717385,-0.07721967128962517,val,JPYPHP_RET
2023-03-31,-0.40030758135971417,0.15909822411845037,val,JPYPHP_RET
2023-04-03,-0.168499986345163,0.04948111056351365,val,JPYPHP_RET
2023-04-04,1.2376553879555896,0.017537619024704694,val,JPYPHP_RET
2023-04-05,0.12062350453481852,-0.1762330479735325,val,JPYPHP_RET
2023-04-06,0.8724472523835143,-0.022304103089775006,val,JPYPHP_RET
2023-04-07,-0.6001665754485128,-0.12590672890785015,val,JPYPHP_RET
2023-04-10,-0.10444093566040696,0.07702202908358911,val,JPYPHP_RET
2023-04-11,-0.8301195922442661,0.00871016993528125,val,JPYPHP_RET
2023-04-12,0.46247844224408174,0.10870995650407611,val,JPYPHP_RET
2023-04-13,0.6722098703112701,-0.06941231069414808,val,JPYPHP_RET
2023-04-14,0.5463953863102405,-0.0983136678626481,val,JPYPHP_RET
2023-04-17,-0.8859321658700113,-0.08097621218137838,val,JPYPHP_RET
2023-04-18,0.9026184307402948,0.11640102664895738,val,JPYPHP_RET
2023-04-19,0.6579331337453322,-0.13006436999159124,val,JPYPHP_RET
2023-04-20,-0.39341766291803104,-0.09634630862376202,val,JPYPHP_RET
2023-04-21,-0.12349999680272952,0.04853166776621801,val,JPYPHP_RET
2023-04-24,-0.05436732077038177,0.011336541855058968,val,JPYPHP_RET
2023-04-25,-0.5491099130674183,0.00180993832959684,val,JPYPHP_RET
2023-04-26,-0.08159513725884096,0.06998633181634496,val,JPYPHP_RET
2023-04-27,0.4094057363593662,0.005561979006110232,val,JPYPHP_RET
2023-04-28,-0.12626521616630523,-0.06209879911026883,val,JPYPHP_RET
2023-05-01,-2.1918387030927473,0.011717593913934723,val,JPYPHP_RET
2023-05-02,-0.7242452066877627,0.29635722877266774,val,JPYPHP_RET
2023-05-03,0.5754190473682834,0.09412028122191606,val,JPYPHP_RET
2023-05-04,1.246858745804324,-0.08497572337674993,val,JPYPHP_RET
2023-05-05,0.29876718586243095,-0.17750128676247826,val,JPYPHP_RET
2023-05-08,-0.8386590956603579,-0.0468526135767746,val,JPYPHP_RET
2023-05-09,0.3461179065809261,0.10988671499251318,val,JPYPHP_RET
2023-05-10,0.4344794134330014,-0.053377625608985235,val,JPYPHP_RET
2023-05-11,0.6403232040791742,-0.06555399561234296,val,JPYPHP_RET
2023-05-12,0.09763053823080906,-0.09391962955289453,val,JPYPHP_RET
2023-05-15,-0.972426676678521,-0.01913563216655896,val,JPYPHP_RET
2023-05-16,0.21836598360368809,0.1283201213360474,val,JPYPHP_RET
2023-05-17,-0.07769668053722777,-0.03577318745227251,val,JPYPHP_RET
2023-05-18,-1.1582144781538473,0.005024764859639118,val,JPYPHP_RET
2023-05-19,-1.100369432378728,0.15392200493295224,val,JPYPHP_RET
2023-05-22,0.3648328487830622,0.14595085657535187,val,JPYPHP_RET
2023-05-23,-0.8584971235090243,-0.05595657733766223,val,JPYPHP_RET
2023-05-24,0.5238598233761305,0.11262042988520578,val,JPYPHP_RET
2023-05-25,-0.7046411750977015,-0.07787077224157461,val,JPYPHP_RET
2023-05-26,0.1543151896750439,0.09141881142242846,val,JPYPHP_RET
2023-05-29,-0.9027340508313224,-0.02694687615826505,val,JPYPHP_RET
2023-05-30,0.6823619321665217,0.11871635574791978,val,JPYPHP_RET
2023-05-31,0.8614833997416891,-0.09971263972098751,val,JPYPHP_RET
2023-06-01,0.4608770886079199,-0.12439589086099968,val,JPYPHP_RET
2023-06-02,-0.216507155587375,-0.0691916413656726,val,JPYPHP_RET
2023-06-05,-1.1406347797425014,0.024153090810236595,val,JPYPHP_RET
2023-06-06,0.6055043031136188,0.151499491781809,val,JPYPHP_RET
2023-06-07,0.03053068884119073,-0.08912152417453525,val,JPYPHP_RET
2023-06-08,-0.19855325432414891,-0.009889155703619593,val,JPYPHP_RET
2023-06-09,0.6095961684556692,0.021679011852407483,val,JPYPHP_RET
2023-06-12,-0.34732405019196844,-0.08968539036676906,val,JPYPHP_RET
2023-06-13,-0.07097146698370894,0.04217988741141259,val,JPYPHP_RET
2023-06-14,-0.8146955734318805,0.004098018683656288,val,JPYPHP_RET
2023-06-15,0.2035848375071008,0.10658449976743664,val,JPYPHP_RET
2023-06-16,-0.4851854506197754,-0.0337363196989075,val,JPYPHP_RET
2023-06-19,-1.2608857716172437,0.06117742922110856,val,JPYPHP_RET
2023-06-20,0.00975164525895952,0.16807028852918515,val,JPYPHP_RET
2023-06-21,0.09090501996840485,-0.007025767198976856,val,JPYPHP_RET
2023-06-22,-0.1900597001339062,-0.01820884400115943,val,JPYPHP_RET
2023-06-23,-1.0092754127513557,0.02050858524756133,val,JPYPHP_RET
2023-06-26,0.01532723983017635,0.1333979415381185,val,JPYPHP_RET
2023-06-27,-0.0709879297125044,-0.007794093870923537,val,JPYPHP_RET
2023-06-28,-1.2645854609565483,0.004100287276443121,val,JPYPHP_RET
2023-06-29,-0.1181010779320659,0.16858011218314645,val,JPYPHP_RET
2023-06-30,0.02763340168121378,0.010592561403284155,val,JPYPHP_RET
2023-07-03,-0.05376301044474992,-0.009489904471689882,val,JPYPHP_RET
2023-07-04,-0.13958947706007063,0.0017266633110521535,val,JPYPHP_RET
2023-07-05,0.14489919074751575,0.013553700341311101,val,JPYPHP_RET
2023-07-06,0.28571978655433955,-0.025649335057197804,val,JPYPHP_RET
2023-07-07,0.7240252561926381,-0.04505465915955494,val,JPYPHP_RET
2023-07-10,0.978261599422981,-0.10545391855364769,val,JPYPHP_RET
2023-07-11,0.6919949837968923,-0.14048813077748096,val,JPYPHP_RET
2023-07-12,0.32534150089568137,-0.10104009106367684,val,JPYPHP_RET
2023-07-13,-0.0712716326335497,-0.05051460061115539,val,JPYPHP_RET
2023-07-14,-0.14785585308947888,0.004139382034565162,val,JPYPHP_RET
2023-07-17,-0.4386598010151517,0.014692821398735642,val,JPYPHP_RET
2023-07-18,0.03050563200171424,0.054766113429710106,val,JPYPHP_RET
2023-07-19,-0.2568745183064161,-0.009885702827367822,val,JPYPHP_RET
2023-07-20,0.07466593722428276,0.02971578391086075,val,JPYPHP_RET
2023-07-21,-0.12629655835461462,-0.015971070030887574,val,JPYPHP_RET
2023-07-24,-1.2132667022040895,0.011721912922235575,val,JPYPHP_RET
2023-07-25,-0.26941118397476865,0.1615082975780709,val,JPYPHP_RET
2023-07-26,0.504646008111705,0.031443358340321345,val,JPYPHP_RET
2023-07-27,0.27811425427783754,-0.0752230749334304,val,JPYPHP_RET
2023-07-28,1.655051692220479,-0.044006603525712014,val,JPYPHP_RET
2023-07-31,-1.1304239892984058,-0.23375098785284779,val,JPYPHP_RET
2023-08-01,-1.4432198857266865,0.15009242702133363,val,JPYPHP_RET
2023-08-02,-0.16159573999972038,0.1931962479738082,val,JPYPHP_RET
2023-08-03,0.5590093739920403,0.01658620181724152,val,JPYPHP_RET
2023-08-04,1.2403001913805367,-0.0827144417193662,val,JPYPHP_RET
2023-08-07,-0.5929939469287522,-0.17659750650571004,val,JPYPHP_RET
2023-08-08,1.4829444601622424,0.07603362834366681,val,JPYPHP_RET
2023-08-09,-0.37472963817395566,-0.21003431062027048,val,JPYPHP_RET
2023-08-10,-0.29690359115244414,0.04595642531028402,val,JPYPHP_RET
2023-08-11,-1.0247232522767804,0.03523186007602349,val,JPYPHP_RET
2023-08-14,0.7618252155455645,0.13552668081062724,val,JPYPHP_RET
2023-08-15,0.07530847800672139,-0.11066281898541193,val,JPYPHP_RET
2023-08-16,-0.13158158071146148,-0.0160596132731652,val,JPYPHP_RET
2023-08-17,-0.8897083292734917,0.012450198235440075,val,JPYPHP_RET
2023-08-18,0.563315674865515,0.11692138856255502,val,JPYPHP_RET
2023-08-21,-0.7167361184255138,-0.08330785750242875,val,JPYPHP_RET
2023-08-22,-0.447866939561855,0.09308551574171571,val,JPYPHP_RET
2023-08-23,0.12068910370681211,0.05603487320544048,val,JPYPHP_RET
2023-08-24,1.2481589272632247,-0.02231314277027123,val,JPYPHP_RET
2023-08-25,-0.5962213782264745,-0.17768045403880803,val,JPYPHP_RET
2023-08-28,-0.35955580310957097,0.07647837401450822,val,JPYPHP_RET
2023-08-29,0.2487201264430186,0.043865444331166285,val,JPYPHP_RET
2023-08-30,0.26026019959955876,-0.039956041361330526,val,JPYPHP_RET
2023-08-31,0.07386704780320663,-0.041546283601711115,val,JPYPHP_RET
2023-09-01,0.1753698743007461,-0.015860981673079505,val,JPYPHP_RET
2023-09-04,-0.5508999709626008,-0.029848248480216756,val,JPYPHP_RET
2023-09-05,-0.2526136558597216,0.07023300492136186,val,JPYPHP_RET
2023-09-06,0.06450265667929209,0.029128629622385126,val,JPYPHP_RET
2023-09-07,-0.2473088566460235,-0.01457055221750414,val,JPYPHP_RET
2023-09-08,-0.1698173515609216,0.028397619023758237,val,JPYPHP_RET
2023-09-11,0.11453742046595936,0.017719154252747865,val,JPYPHP_RET
2023-09-12,0.3420167714705358,-0.02146543007327665,val,JPYPHP_RET
2023-09-13,-0.4449878743547994,-0.05281248202648078,val,JPYPHP_RET
2023-09-14,-0.12236208862415728,0.05563813299045535,val,JPYPHP_RET
2023-09-15,0.10005667436655569,0.011179736120234438,val,JPYPHP_RET
2023-09-18,-0.03425241239917413,-0.019469957964293745,val,JPYPHP_RET
2023-09-19,-0.2838275287897619,-9.619311827858534e-4,val,JPYPHP_RET
2023-09-20,0.15075085578801958,0.03342995583980959,val,JPYPHP_RET
2023-09-21,-0.369979732192893,-0.026455704722081065,val,JPYPHP_RET
2023-09-22,0.4909594564443524,0.04530187996845996,val,JPYPHP_RET
2023-09-25,-0.45440669636834147,-0.0733370442045662,val,JPYPHP_RET
2023-09-26,-0.1868004410896196,0.05693606311770697,val,JPYPHP_RET
2023-09-27,0.4863661219797167,0.02005945365764332,val,JPYPHP_RET
2023-09-28,-0.7413664965614103,-0.07270407469122131,val,JPYPHP_RET
2023-09-29,-0.4714502010158671,0.09647962487576842,val,JPYPHP_RET
2023-10-02,-0.03524646646203749,0.059284687831516324,val,JPYPHP_RET
2023-10-03,-0.08612797010428001,-8.249487964054536e-4,val,JPYPHP_RET
2023-10-04,0.5569443834414353,0.0061866112906392556,val,JPYPHP_RET
2023-10-05,-0.23804227766610497,-0.08242988241415089,val,JPYPHP_RET
2023-10-06,0.3770907211214322,0.027120668252494026,val,JPYPHP_RET
2023-10-09,-0.3818955589497102,-0.05764573355922582,val,JPYPHP_RET
2023-10-10,0.9122695952852088,0.04694390171136451,val,JPYPHP_RET
2023-10-11,-0.380458914839867,-0.1313943173255462,val,JPYPHP_RET
2023-10-12,-0.718939667361706,0.046745929643347596,val,JPYPHP_RET
2023-10-13,-0.07039791992332874,0.09338916863451326,val,JPYPHP_RET
2023-10-16,0.1972012395914576,0.004018982896803774,val,JPYPHP_RET
2023-10-17,-0.3254338341880508,-0.03285664875459394,val,JPYPHP_RET
2023-10-18,-0.13506303726084937,0.03916337740594901,val,JPYPHP_RET
2023-10-19,0.3886513728474445,0.012929949029718934,val,JPYPHP_RET
2023-10-20,-0.16507868258254693,-0.059238811562428474,val,JPYPHP_RET
2023-10-23,-0.05205713367484878,0.017066157389524182,val,JPYPHP_RET
2023-10-24,-0.10049947265076108,0.0014915905121554336,val,JPYPHP_RET
2023-10-25,-0.01615017951112343,0.008167029447191337,val,JPYPHP_RET
2023-10-26,-0.01812379497151474,-0.0034564504976370273,val,JPYPHP_RET
2023-10-27,0.03280350115324981,-0.003184482839476755,val,JPYPHP_RET
2023-10-30,0.4130659384992357,-0.010202353210608106,val,JPYPHP_RET
2023-10-31,0.11869980888495488,-0.06260318135916759,val,JPYPHP_RET
2023-11-01,-1.3212333759328658,-0.0220390144687106,val,JPYPHP_RET
2023-11-02,0.25245498457117455,0.17638629382539842,val,JPYPHP_RET
2023-11-03,-0.2309935559829455,-0.04047071133583206,val,JPYPHP_RET
2023-11-06,-0.7345652915906569,0.026149342091108807,val,JPYPHP_RET
2023-11-07,-0.28708433169101094,0.09554240694974088,val,JPYPHP_RET
2023-11-08,0.08366120143934361,0.03387874896892637,val,JPYPHP_RET
2023-11-09,-0.633047270985183,-0.01721063315359332,val,JPYPHP_RET
2023-11-10,0.02641208381768367,0.0815530463679876,val,JPYPHP_RET
2023-11-13,-0.163301784725278,-0.009321604736569377,val,JPYPHP_RET
2023-11-14,-0.29047309149799416,0.016821297760721103,val,JPYPHP_RET
2023-11-15,0.22585641476710244,0.034345725990169475,val,JPYPHP_RET
2023-11-16,-0.06676359479864881,-0.036805381951661276,val,JPYPHP_RET
2023-11-17,0.14025814583330842,0.003518166545802821,val,JPYPHP_RET
2023-11-20,0.0859787408217495,-0.025009790960556333,val,JPYPHP_RET
2023-11-21,0.5779056087535589,-0.01752999412900956,val,JPYPHP_RET
2023-11-22,0.4405518722416457,-0.08531837587942695,val,JPYPHP_RET
2023-11-23,-0.8139171678770352,-0.06639079104418168,val,JPYPHP_RET
2023-11-24,-0.3142329521921078,0.10647723412217855,val,JPYPHP_RET
2023-11-27,0.5470067486629464,0.03761987630003338,val,JPYPHP_RET
2023-11-28,0.4782869031346387,-0.08106045898157309,val,JPYPHP_RET
2023-11-29,0.01421009375348812,-0.07159074422074327,val,JPYPHP_RET
2023-11-30,0.6888667085700709,-0.0076401491900080385,val,JPYPHP_RET
2023-12-01,-0.1051532229567948,-0.10060900927262181,val,JPYPHP_RET
2023-12-04,0.6106525663287341,0.0088083243690216,val,JPYPHP_RET
2023-12-05,-0.4749771023886225,-0.08983096383910394,val,JPYPHP_RET
2023-12-06,-0.27298647467175996,0.059770701001843014,val,JPYPHP_RET
2023-12-07,0.2416764433141486,0.03193603964405928,val,JPYPHP_RET
2023-12-08,2.2092915489437046,-0.038985409521528264,val,JPYPHP_RET
2023-12-11,-0.505516111865147,-0.3101262083135825,val,JPYPHP_RET
2023-12-12,-0.4272133820757209,0.06397902985645076,val,JPYPHP_RET
2023-12-13,0.5183648111825634,0.05318877690405219,val,JPYPHP_RET
2023-12-14,1.65601756658019,-0.07711354996203781,val,JPYPHP_RET
2023-12-15,0.6633223401369899,-0.23388408702690655,val,JPYPHP_RET
2023-12-18,0.11974874815883228,-0.09708895067896303,val,JPYPHP_RET
2023-12-19,-0.4342118894385018,-0.022183560133047973,val,JPYPHP_RET
2023-12-20,-0.9276168923434432,0.054153183444369604,val,JPYPHP_RET
2023-12-21,0.30684744541616665,0.12214525477624567,val,JPYPHP_RET
2023-12-22,0.3681780312092372,-0.0479660874587237,val,JPYPHP_RET
2023-12-25,-0.23651015001159584,-0.056417549319704434,val,JPYPHP_RET
2023-12-26,0.3589383299223139,0.026909538385221497,val,JPYPHP_RET
2023-12-27,-0.2977798580074755,-0.05514430234148773,val,JPYPHP_RET
2023-12-28,1.1703987397175164,0.0353526111794016,val,JPYPHP_RET
2023-12-29,-0.44405628852988327,-0.1669649643553634,val,JPYPHP_RET
2024-01-01,0.22097115403424183,0.05550975883639014,val,JPYPHP_RET
2024-01-02,0.12608511232160297,-0.036132184488587585,val,JPYPHP_RET
2024-01-03,-0.4110309915720341,-0.02305672218370284,val,JPYPHP_RET
2024-01-04,-0.3941796117654655,0.05095881522354826,val,JPYPHP_RET
2024-01-05,-1.4972113970884169,0.0486366656484466,val,JPYPHP_RET
2024-01-08,-0.0183921366107856,0.2006363725574858,val,JPYPHP_RET
2024-01-09,0.6135226103455083,-0.0031475048928179287,val,JPYPHP_RET
2024-01-10,0.6486119537904471,-0.09022646091830913,val,JPYPHP_RET
2024-01-11,-1.00009387347346,-0.09506183374276471,val,JPYPHP_RET
2024-01-12,0.31960105121735183,0.13213270938634927,val,JPYPHP_RET
2024-01-15,-0.36276419367614615,-0.049723556617462396,val,JPYPHP_RET
2024-01-16,-0.5384498786413787,0.044307566155993273,val,JPYPHP_RET
2024-01-17,-0.6810456463546921,0.06851736045037124,val,JPYPHP_RET
2024-01-18,-0.5815098098103003,0.088167306342499,val,JPYPHP_RET
2024-01-19,-0.3723210511955145,0.07445109418704972,val,JPYPHP_RET
2024-01-22,0.29334306675475863,0.04562451781708265,val,JPYPHP_RET
2024-01-23,0.8200893639889297,-0.04610516048831757,val,JPYPHP_RET
2024-01-24,-0.14636686436783988,-0.11869172042282909,val,JPYPHP_RET
2024-01-25,0.25236089275739454,0.014487636151772223,val,JPYPHP_RET
2024-01-26,0.4838752569305171,-0.04045774531952373,val,JPYPHP_RET
2024-01-29,-0.7839828410016794,-0.07236082913613746,val,JPYPHP_RET
2024-01-30,0.637690796499088,0.10235223158633477,val,JPYPHP_RET
2024-01-31,0.02275726233867754,-0.09355687918979318,val,JPYPHP_RET
2024-02-01,-0.10957234334151668,-0.008817963952137093,val,JPYPHP_RET
2024-02-02,0.07329851984596962,0.009417286877818952,val,JPYPHP_RET
2024-02-05,-0.970784700371197,-0.015782637527408022,val,JPYPHP_RET
2024-02-06,0.14297240888007626,0.12809385413252183,val,JPYPHP_RET
2024-02-07,0.24678047496551947,-0.02538382114996012,val,JPYPHP_RET
2024-02-08,-0.49165250656921816,-0.03968875399934464,val,JPYPHP_RET
2024-02-09,-0.7603985754226044,0.062068600828272945,val,JPYPHP_RET
2024-02-12,-0.11002756958174362,0.09910227859007115,val,JPYPHP_RET
2024-02-13,-0.12005152816321464,0.009480017848959136,val,JPYPHP_RET
2024-02-14,-0.641279182345051,0.01086133685238735,val,JPYPHP_RET
2024-02-15,0.13555103587863726,0.08268741813374302,val,JPYPHP_RET
2024-02-16,0.01358800069827295,-0.024361142985929604,val,JPYPHP_RET
2024-02-19,0.15562398355977097,-0.007554423680262034,val,JPYPHP_RET
2024-02-20,-0.05130428878778985,-0.02712723024191878,val,JPYPHP_RET
2024-02-21,-0.0459201976300938,0.0013878471715703554,val,JPYPHP_RET
2024-02-22,-0.3290002546311765,6.459100045450739e-4,val,JPYPHP_RET
2024-02-23,-0.1872643023557339,0.039654836373208775,val,JPYPHP_RET
2024-02-26,0.17636305488368956,0.02012337455043535,val,JPYPHP_RET
2024-02-27,0.24795152854114244,-0.029985110499538302,val,JPYPHP_RET
2024-02-28,0.12031363121749444,-0.03985012722778462,val,JPYPHP_RET
2024-02-29,0.14065845730523568,-0.022261402005328557,val,JPYPHP_RET
2024-03-01,0.29120581680805613,-0.025064954580693945,val,JPYPHP_RET
2024-03-04,-0.28301727955735145,-0.045810643712089746,val,JPYPHP_RET
2024-03-05,-0.3152291150276819,0.033318302080155134,val,JPYPHP_RET
2024-03-06,0.21497369357543197,0.037757149278977144,val,JPYPHP_RET
2024-03-07,0.295662549373145,-0.03530572396037104,val,JPYPHP_RET
2024-03-08,0.7528878833925998,-0.046424789245046574,val,JPYPHP_RET
2024-03-11,0.5071333263495026,-0.10943123900206482,val,JPYPHP_RET
2024-03-12,-0.4674780470128732,-0.07556583173170711,val,JPYPHP_RET
2024-03-13,-0.33538706268198176,0.05873731807092882,val,JPYPHP_RET
2024-03-14,-0.17465617907998973,0.040534949679755475,val,JPYPHP_RET
2024-03-15,-0.1909680366901932,0.018385953137846543,val,JPYPHP_RET
2024-03-18,-0.3029392803604317,0.020633755611795174,val,JPYPHP_RET
2024-03-19,0.0260426648352878,0.036063588592658714,val,JPYPHP_RET
2024-03-20,-0.9316780569557472,-0.009270698155455427,val,JPYPHP_RET
2024-03-21,0.5326357941201915,0.12270489035428918,val,JPYPHP_RET
2024-03-22,-0.7131162047300982,-0.07908011634089177,val,JPYPHP_RET
2024-03-25,0.7547716541704473,0.09258668531084278,val,JPYPHP_RET
2024-03-26,-0.10183339991265448,-0.10969082590602046,val,JPYPHP_RET
2024-03-27,-0.08232153755654542,0.008350846954124205,val,JPYPHP_RET
2024-03-28,0.1924859224420246,0.005662078236086084,val,JPYPHP_RET
2024-03-29,-0.2433757103734468,-0.03220686981419183,val,JPYPHP_RET
2024-04-01,-0.00786449040027488,0.027855624596565008,val,JPYPHP_RET
2024-04-02,-0.03714355098223695,-0.004598232931422158,val,JPYPHP_RET
2024-04-03,0.1959229558312021,-5.635272354958861e-4,val,JPYPHP_RET
2024-04-04,0.04574357340438276,-0.03268049901939067,val,JPYPHP_RET
2024-04-05,0.7554087471459741,-0.011985517771888745,val,JPYPHP_RET
2024-04-08,-0.5490318981744022,-0.10977861843098882,val,JPYPHP_RET
2024-04-09,-0.2868254825754335,0.06997558122780276,val,JPYPHP_RET
2024-04-10,-0.0842682978285764,0.03384307910861503,val,JPYPHP_RET
2024-04-11,-0.35206228876601364,0.0059303452023768445,val,JPYPHP_RET
2024-04-12,-0.352454325590735,0.0428328249641678,val,JPYPHP_RET
2024-04-15,0.21834982457895105,0.04288684832346542,val,JPYPHP_RET
2024-04-16,-0.11745771934921584,-0.03577096071043547,val,JPYPHP_RET
2024-04-17,0.095501615685433,0.01050390546668121,val,JPYPHP_RET
2024-04-18,0.3948313058249605,-0.018842262920781096,val,JPYPHP_RET
2024-04-19,-0.1734932558575782,-0.060090417122484856,val,JPYPHP_RET
2024-04-22,0.4444797463319396,0.018225700286282058,val,JPYPHP_RET
2024-04-23,-0.03007813688894249,-0.06693205895544634,val,JPYPHP_RET
2024-04-24,-0.18689857234732724,-0.0015371536401577587,val,JPYPHP_RET
2024-04-25,0.502375856681264,0.020072976316381393,val,JPYPHP_RET
2024-04-26,-0.516844915807283,-0.07491024410057717,val,JPYPHP_RET
2024-04-29,-1.670776861405577,0.06554015883001925,val,JPYPHP_RET
2024-04-30,1.117396498784885,0.2245539967427357,val,JPYPHP_RET
2024-05-01,-0.6039738638684228,-0.15966116296497693,val,JPYPHP_RET
2024-05-02,0.9029894645967536,0.07754668007882318,val,JPYPHP_RET
2024-05-03,1.4599353624382458,-0.1301154991051721,val,JPYPHP_RET
2024-05-06,-0.8827424727712113,-0.20686361675920015,val,JPYPHP_RET
2024-05-07,-0.37825495089230154,0.1159614813678525,val,JPYPHP_RET
2024-05-08,-0.30802107085365243,0.04644221956125785,val,JPYPHP_RET
2024-05-09,-0.0608237734999059,0.03676386820002881,val,JPYPHP_RET
2024-05-10,-0.22669252823251548,0.0026996487945336236,val,JPYPHP_RET
2024-05-13,0.07828329106072575,0.025556652953613465,val,JPYPHP_RET
2024-05-14,0.3794406234457447,-0.01646954770872225,val,JPYPHP_RET
2024-05-15,-0.3685549543473813,-0.05796955420457177,val,JPYPHP_RET
2024-05-16,0.8386738400183426,0.04510554309239717,val,JPYPHP_RET
2024-05-17,-0.7050355582978107,-0.12125269368499283,val,JPYPHP_RET
2024-05-20,0.29610313972717295,0.09147315811635341,val,JPYPHP_RET
2024-05-21,0.210246168333997,-0.04648550336550103,val,JPYPHP_RET
2024-05-22,0.286141108376022,-0.03465426272356469,val,JPYPHP_RET
2024-05-23,-0.5546641508782739,-0.045112718042591905,val,JPYPHP_RET
2024-05-24,0.2019290079572039,0.07075171548940563,val,JPYPHP_RET
2024-05-27,0.00550583788286408,-0.033508143494355096,val,JPYPHP_RET
2024-05-28,-0.14403992247624378,-0.006440687525529558,val,JPYPHP_RET
2024-05-29,-0.6121429149018844,0.014166979494164287,val,JPYPHP_RET
2024-05-30,0.7173194140571288,0.07867238958178878,val,JPYPHP_RET
2024-05-31,0.43185289068403904,-0.1045298417929066,val,JPYPHP_RET
2024-06-03,0.08622513340831586,-0.06519205618925071,val,JPYPHP_RET
2024-06-04,0.773117266744508,-0.0175639474578628,val,JPYPHP_RET
2024-06-05,1.0697065025594337,-0.11221888336676494,val,JPYPHP_RET
2024-06-06,-0.7505301251351529,-0.1530893981752257,val,JPYPHP_RET
2024-06-07,-0.10165152929489864,0.09774238890121702,val,JPYPHP_RET
2024-06-10,-0.5649778073542492,0.008325784865286793,val,JPYPHP_RET
2024-06-11,0.08083790682576862,0.07217295536877119,val,JPYPHP_RET
2024-06-12,-0.14514515796064664,-0.016821578223815737,val,JPYPHP_RET
2024-06-13,-0.6293584822859019,0.014319282874656189,val,JPYPHP_RET
2024-06-14,0.4733580067363052,0.08104472484126393,val,JPYPHP_RET
2024-06-17,-0.2418145648569423,-0.07091153368674005,val,JPYPHP_RET
2024-06-18,-0.30748724000775085,0.027640496017218068,val,JPYPHP_RET
2024-06-19,-0.04351947414378535,0.0366903053769119,val,JPYPHP_RET
2024-06-20,0.20053946042175017,3.150861142963519e-4,val,JPYPHP_RET
2024-06-21,-0.45594492702851547,-0.03331666141656229,val,JPYPHP_RET
2024-06-24,-0.5630584064279003,0.057148033989821496,val,JPYPHP_RET
2024-06-25,-0.1882347969493314,0.07190845856810958,val,JPYPHP_RET
2024-06-26,0.10218438841597537,0.02025711040079476,val,JPYPHP_RET
2024-06-27,-0.26429924504627117,-0.019763160677217693,val,JPYPHP_RET
2024-06-28,-0.602606694391453,0.030738924225903665,val,JPYPHP_RET
2024-07-01,-0.34692856935212835,0.0773582817365818,val,JPYPHP_RET
2024-07-02,0.06662082468248914,0.042125389460815246,val,JPYPHP_RET
2024-07-03,0.06962606964593313,-0.014862439468582579,val,JPYPHP_RET
2024-07-04,-0.2887233254665789,-0.015276567474422055,val,JPYPHP_RET
2024-07-05,-0.283149401345002,0.034104605174365754,val,JPYPHP_RET
2024-07-08,0.6815721997402614,0.033336508693297566,val,JPYPHP_RET
2024-07-09,-0.24564641967789205,-0.09960381321306146,val,JPYPHP_RET
2024-07-10,-0.2514879985406013,0.02816853230543058,val,JPYPHP_RET
2024-07-11,-0.6800316860104609,0.028973512077394153,val,JPYPHP_RET
2024-07-12,2.0750992792482803,0.08802758083577174,val,JPYPHP_RET
2024-07-15,0.3461862152765289,-0.291634279128431,val,JPYPHP_RET
2024-07-16,0.0230524043870372,-0.05338703866656809,val,JPYPHP_RET
2024-07-17,-0.19035877681767796,-0.00885863504198612,val,JPYPHP_RET
2024-07-18,1.4098859574504314,0.020549798537043577,val,JPYPHP_RET
2024-07-19,-0.8654705404260152,-0.1999667213203328,val,JPYPHP_RET
2024-07-22,0.06564815530547442,0.11358137891826271,val,JPYPHP_RET
2024-07-23,0.4663650485138636,-0.014728403929269131,val,JPYPHP_RET
2024-07-24,0.8039359735437219,-0.06994789182765522,val,JPYPHP_RET
2024-07-25,1.2738810421205145,-0.11646575500104392,val,JPYPHP_RET
2024-07-26,0.15349184509032282,-0.18122500640022882,val,JPYPHP_RET
2024-07-29,-0.538734006841106,-0.026833417836185862,val,JPYPHP_RET
2024-07-30,0.6466638548471996,0.06855651381263858,val,JPYPHP_RET
2024-07-31,0.6445240590136534,-0.09479338230524177,val,JPYPHP_RET
2024-08-01,1.4129129590113485,-0.09449851470135946,val,JPYPHP_RET
2024-08-02,0.2911487301379596,-0.20038384742331075,val,JPYPHP_RET
2024-08-05,1.9771017537281117,-0.04580277706922547,val,JPYPHP_RET
2024-08-06,-0.5946844711392443,-0.27813004891940263,val,JPYPHP_RET
2024-08-07,0.7560917759532754,0.0762665855330575,val,JPYPHP_RET
2024-08-08,-1.299279444560618,-0.10987274099382126,val,JPYPHP_RET
2024-08-09,-1.6589623933236486,0.17336100373087426,val,JPYPHP_RET
2024-08-12,0.6614883555729766,0.22292594240229482,val,JPYPHP_RET
2024-08-13,-0.07972274483034987,-0.09683622440224554,val,JPYPHP_RET
2024-08-14,-0.5974263500934004,0.0053039600585728115,test,JPYPHP_RET
2024-08-15,-0.20752687823519195,0.07664442124274176,test,JPYPHP_RET
2024-08-16,-0.7967461033490513,0.022915592903416028,test,JPYPHP_RET
2024-08-19,0.7277248140657705,0.10411103143400707,test,JPYPHP_RET
2024-08-20,0.0776566659932647,-0.10596372409134079,test,JPYPHP_RET
2024-08-21,0.22787469977820807,-0.01638319767977177,test,JPYPHP_RET
2024-08-22,-0.08795907881348805,-0.037083505151943426,test,JPYPHP_RET
2024-08-23,-0.0958093106141615,0.006438941269540742,test,JPYPHP_RET
2024-08-26,1.409519601945339,0.007520716925281272,test,JPYPHP_RET
2024-08-27,-1.2300576343422642,-0.19991623689174287,test,JPYPHP_RET
2024-08-28,0.8495698714162219,0.16382211735887156,test,JPYPHP_RET
2024-08-29,-0.2944739297888995,-0.12275418584595031,test,JPYPHP_RET
2024-08-30,-0.5546105242994408,0.03489704849573991,test,JPYPHP_RET
2024-09-02,-0.7548499714488298,0.07074432565316191,test,JPYPHP_RET
2024-09-03,0.1862083411710519,0.09833767126960202,test,JPYPHP_RET
2024-09-04,0.8612477055736407,-0.03134180814871485,test,JPYPHP_RET
2024-09-05,1.3685091707526102,-0.12436341179290734,test,JPYPHP_RET
2024-09-06,-0.9387200907187148,-0.19426492783206514,test,JPYPHP_RET
2024-09-09,1.1378081712175698,0.12367529490858879,test,JPYPHP_RET
2024-09-10,-0.5960064385101601,-0.16247392708344974,test,JPYPHP_RET
2024-09-11,0.4949349767272429,0.07644875494612087,test,JPYPHP_RET
2024-09-12,-0.3732298937554048,-0.07388487784440403,test,JPYPHP_RET
2024-09-13,0.9644875566388,0.045749757909496966,test,JPYPHP_RET
2024-09-16,0.3952349598636074,-0.13859004361987917,test,JPYPHP_RET
2024-09-17,-0.565887218788638,-0.06014604135415558,test,JPYPHP_RET
2024-09-18,-0.8016958467940717,0.07229827385308518,test,JPYPHP_RET
2024-09-19,-0.5995295447191435,0.10479311472746154,test,JPYPHP_RET
2024-09-20,-0.47986326817913816,0.07693424513624998,test,JPYPHP_RET
2024-09-23,-0.47309795850772773,0.060444023183442615,test,JPYPHP_RET
2024-09-24,0.8083966047992167,0.05951175169237021,test,JPYPHP_RET
2024-09-25,0.35656677169888246,-0.11708043778034931,test,JPYPHP_RET
2024-09-26,-1.430657642389921,-0.054817497475412404,test,JPYPHP_RET
2024-09-27,-0.31432389058647453,0.19146514889695856,test,JPYPHP_RET
2024-09-30,2.1836707351050944,0.03763240776963783,test,JPYPHP_RET
2024-10-01,-0.4528573812919007,-0.306595615409499,test,JPYPHP_RET
2024-10-02,0.18826493805168895,0.05672256479366746,test,JPYPHP_RET
2024-10-03,-2.0140057504951474,-0.03162521079154563,test,JPYPHP_RET
2024-10-04,-0.19896969205477255,0.27185153724747735,test,JPYPHP_RET
2024-10-07,-1.1919094576919478,0.021736397699164495,test,JPYPHP_RET
2024-10-08,1.295628736225915,0.15856523197522449,test,JPYPHP_RET
2024-10-09,0.06163544105979361,-0.18422187663910455,test,JPYPHP_RET
2024-10-10,-0.2466861115811312,-0.01417544489638448,test,JPYPHP_RET
2024-10-11,0.7641840952683997,0.02831180366593973,test,JPYPHP_RET
2024-10-14,-0.6217919151331128,-0.11098787673195697,test,JPYPHP_RET
2024-10-15,0.10674242205342252,0.080002038669537,test,JPYPHP_RET
2024-10-16,0.8670246043589616,-0.020391265674908815,test,JPYPHP_RET
2024-10-17,-0.16180240747631075,-0.12515947853721685,test,JPYPHP_RET
2024-10-18,-0.5090637415413054,0.01661468095654408,test,JPYPHP_RET
2024-10-21,0.02116650390103961,0.06446789942319675,test,JPYPHP_RET
2024-10-22,-0.469769586114454,-0.008598754660527013,test,JPYPHP_RET
2024-10-23,-0.1781635570031906,0.059053096162227335,test,JPYPHP_RET
2024-10-24,-0.4964354710346497,0.018869275942719005,test,JPYPHP_RET
2024-10-25,0.35772516000537374,0.06272770168699306,test,JPYPHP_RET
2024-10-28,0.3715093501762742,-0.05497712540764101,test,JPYPHP_RET
2024-10-29,-0.8354894259994649,-0.05687661089285927,test,JPYPHP_RET
2024-10-30,-0.05168272447763508,0.10944992897613093,test,JPYPHP_RET
2024-10-31,0.05772004482413299,0.0014399962707221563,test,JPYPHP_RET
2024-11-01,0.8846302875947127,-0.013635896455285911,test,JPYPHP_RET
2024-11-04,-0.09021058436957648,-0.12758557244255617,test,JPYPHP_RET
2024-11-05,0.1957916525424939,0.006749202668335624,test,JPYPHP_RET
2024-11-06,0.4304371644993687,-0.032662405196832334,test,JPYPHP_RET
2024-11-07,-1.108319871752255,-0.06499696664786425,test,JPYPHP_RET
2024-11-08,-0.2639997123124374,0.1470464410096847,test,JPYPHP_RET
2024-11-11,0.42236457226161395,0.030697648091926197,test,JPYPHP_RET
2024-11-12,0.12508963311031931,-0.0638845493354514,test,JPYPHP_RET
2024-11-13,-0.48838579824953743,-0.022919543409380523,test,JPYPHP_RET
2024-11-14,-0.7393815575150712,0.06161844271519245,test,JPYPHP_RET
2024-11-15,-0.39037007417403985,0.0962060968076833,test,JPYPHP_RET
2024-11-18,0.8052995748362848,0.048111704713448576,test,JPYPHP_RET
2024-11-19,-0.06181237863755711,-0.11665366164124075,test,JPYPHP_RET
2024-11-20,0.45095575268102805,0.002835880309501035,test,JPYPHP_RET
2024-11-21,-0.13799157363105624,-0.0678244639433174,test,JPYPHP_RET
2024-11-22,0.49396930189419697,0.013333506457407726,test,JPYPHP_RET
2024-11-25,-0.04167600721331841,-0.0737518061654683,test,JPYPHP_RET
2024-11-26,0.07210446161560347,6.105315091675233e-5,test,JPYPHP_RET
2024-11-27,0.8958287495071937,-0.015618094217357492,test,JPYPHP_RET
2024-11-28,0.6300816185003197,-0.12912874005674307,test,JPYPHP_RET
2024-11-29,0.09176579190223044,-0.09250832116905322,test,JPYPHP_RET
2024-12-02,0.6736037744213983,-0.01832745987732723,test,JPYPHP_RET
2024-12-03,0.3322145334713186,-0.09850575028404157,test,JPYPHP_RET
2024-12-04,-0.5787623151573568,-0.051461716506611896,test,JPYPHP_RET
2024-12-05,-0.863575008137084,0.07407248462426246,test,JPYPHP_RET
2024-12-06,-0.6429693703171485,0.1133201712575335,test,JPYPHP_RET
2024-12-09,0.4762800065896565,0.08292032898889555,test,JPYPHP_RET
2024-12-10,-0.5864843217485667,-0.07131419037098749,test,JPYPHP_RET
2024-12-11,-0.26835248216078134,0.07513659062214167,test,JPYPHP_RET
2024-12-12,0.28388392182368233,0.0312974673809026,test,JPYPHP_RET
2024-12-13,-0.4181214958322671,-0.04480167379258944,test,JPYPHP_RET
2024-12-16,-0.08658643680212258,0.0519358990970444,test,JPYPHP_RET
2024-12-17,-0.3297074247779606,0.006249788802499642,test,JPYPHP_RET
2024-12-18,0.8702397787666877,0.039752285654794564,test,JPYPHP_RET
2024-12-19,0.0650667500982837,-0.12560253518720516,test,JPYPHP_RET
2024-12-20,-2.8196252841971066,-0.014648285276058694,test,JPYPHP_RET
2024-12-23,0.5303176558960592,0.3828673163322495,test,JPYPHP_RET
2024-12-24,-0.87569497514823,-0.07876067284403951,test,JPYPHP_RET
2024-12-25,-2.3014735729922013,0.11499032388409816,test,JPYPHP_RET
2024-12-26,1.5438362549024025,0.3114651053664946,test,JPYPHP_RET
2024-12-27,-0.4458179682993824,-0.21842530630763396,test,JPYPHP_RET
2024-12-30,-0.1827637009745273,0.055752521386113994,test,JPYPHP_RET
2024-12-31,0.7681529231429792,0.019503183817982855,test,JPYPHP_RET
2025-01-02,-1.8727529432519112,-0.11153478814623854,test,JPYPHP_RET
2025-01-03,1.706444110827105,0.25238665365415036,test,JPYPHP_RET
2025-01-06,0.0586359765422231,-0.24083295291450435,test,JPYPHP_RET
2025-01-07,-0.5452979447997478,-0.013762113446084258,test,JPYPHP_RET
2025-01-08,-0.03793584734945087,0.06946103592991425,test,JPYPHP_RET
2025-01-09,0.997508467546704,-4.543474120274685e-4,test,JPYPHP_RET
2025-01-10,-0.6653853819124511,-0.1431403828273766,test,JPYPHP_RET
2025-01-13,0.8703142305270962,0.08600929454536684,test,JPYPHP_RET
2025-01-14,0.16629664291654525,-0.1256127947698496,test,JPYPHP_RET
2025-01-15,-0.458896528663636,-0.028597941345402285,test,JPYPHP_RET
2025-01-16,0.7383111051634422,0.0575547698513082,test,JPYPHP_RET
2025-01-17,0.9108539610081688,-0.10742253349784284,test,JPYPHP_RET
2025-01-20,-0.8200891537227263,-0.13119924044919176,test,JPYPHP_RET
2025-01-21,0.2769433731324927,0.10732774455358657,test,JPYPHP_RET
2025-01-22,0.00574091252056673,-0.04384525405846558,test,JPYPHP_RET
2025-01-23,-0.4780563391639127,-0.006473081221257999,test,JPYPHP_RET
2025-01-24,0.1892082086862637,0.06019502520861155,test,JPYPHP_RET
2025-01-27,-0.00944388655678795,-0.03175519513279405,test,JPYPHP_RET
2025-01-28,0.9425043829451866,-0.004380589381999906,test,JPYPHP_RET
2025-01-29,-1.1094543296401411,-0.13556072388238727,test,JPYPHP_RET
2025-01-30,0.9821928342770372,0.14720277128842535,test,JPYPHP_RET
2025-01-31,0.531170803471483,-0.141029861807863,test,JPYPHP_RET
2025-02-03,-0.6794437635629018,-0.07887823807030053,test,JPYPHP_RET
2025-02-04,0.31014612802151825,0.08794656409545352,test,JPYPHP_RET
2025-02-05,-0.30765753461309037,-0.04842065168422568,test,JPYPHP_RET
2025-02-06,0.5892907351214101,0.03671377227101615,test,JPYPHP_RET
2025-02-07,1.2761660272536566,-0.0868872661816489,test,JPYPHP_RET
2025-02-10,-1.5229863048320968,-0.18153988134322735,test,JPYPHP_RET
2025-02-11,0.9851527380597516,0.20418819987087533,test,JPYPHP_RET
2025-02-12,-0.2897570878812637,-0.1414377417197912,test,JPYPHP_RET
2025-02-13,-1.2724205210195576,0.034247059440993856,test,JPYPHP_RET
2025-02-14,0.7290068124830089,0.16965979714693327,test,JPYPHP_RET
2025-02-17,0.2694717909860515,-0.10614038571276545,test,JPYPHP_RET
2025-02-18,0.788779526132775,-0.04281565698654316,test,JPYPHP_RET
2025-02-19,0.24795792284284168,-0.11437717007094447,test,JPYPHP_RET
2025-02-20,0.39167349789618067,-0.039851008373729006,test,JPYPHP_RET
2025-02-21,0.6187235143593905,-0.059655265673509116,test,JPYPHP_RET
2025-02-24,-0.21293595333008553,-0.09094315457690637,test,JPYPHP_RET
2025-02-25,0.10014086006389177,0.02366097290063169,test,JPYPHP_RET
2025-02-26,0.316598582560252,-0.019481558900451057,test,JPYPHP_RET
2025-02-27,0.20439504436450487,-0.049309811191487085,test,JPYPHP_RET
2025-02-28,-0.4660707387813125,-0.03384796761921204,test,JPYPHP_RET
2025-03-03,-0.7378132858307849,0.058543388538186227,test,JPYPHP_RET
2025-03-04,0.696622109421294,0.0959899862299673,test,JPYPHP_RET
2025-03-05,-0.4465543954550484,-0.10167771705786743,test,JPYPHP_RET
2025-03-06,0.01661098887367009,0.055854002334632905,test,JPYPHP_RET
2025-03-07,0.3782114645429755,-0.00797099673170436,test,JPYPHP_RET
2025-03-10,0.196416898607056,-0.05780017396054657,test,JPYPHP_RET
2025-03-11,0.9403015780873238,-0.032748565196774354,test,JPYPHP_RET
2025-03-12,-1.3214910801773083,-0.13525717352488337,test,JPYPHP_RET
2025-03-13,0.2510770565954159,0.17642180592046738,test,JPYPHP_RET
2025-03-14,0.1442206066424278,-0.040280830453663506,test,JPYPHP_RET
2025-03-17,-0.4761442988831602,-0.025555824982094848,test,JPYPHP_RET
2025-03-18,-0.5556532990637454,0.05993154271777148,test,JPYPHP_RET
2025-03-19,-0.11880575633282552,0.07088802183731134,test,JPYPHP_RET
2025-03-20,0.2408420347534752,0.010689667317914918,test,JPYPHP_RET
2025-03-21,0.23730600829363063,-0.038870426564235144,test,JPYPHP_RET
2025-03-24,-0.37176975534983553,-0.03838315594096691,test,JPYPHP_RET
2025-03-25,-0.9345942652081786,0.04554854828648672,test,JPYPHP_RET
2025-03-26,1.0363723294966682,0.12310674894581246,test,JPYPHP_RET
2025-03-27,0.07718818323721534,-0.1484958908955492,test,JPYPHP_RET
2025-03-28,-1.0134618659913126,-0.016318639937593388,test,JPYPHP_RET
2025-03-31,0.9757352746053284,0.13397484210791985,test,JPYPHP_RET
2025-04-01,-0.6431054977171434,-0.14013999880435946,test,JPYPHP_RET
2025-04-02,0.1305054140787397,0.08293908758241646,test,JPYPHP_RET
2025-04-03,1.1527176362856857,-0.023665847487682704,test,JPYPHP_RET
2025-04-04,0.8527409818265336,-0.16452847741525242,test,JPYPHP_RET
2025-04-07,1.1951955936204997,-0.12319117040011932,test,JPYPHP_RET
2025-04-08,-1.5982802813529868,-0.17038201414093795,test,JPYPHP_RET
2025-04-09,1.6813032980077671,0.21456384136686404,test,JPYPHP_RET
2025-04-10,-1.8719332410098912,-0.23736850498939266,test,JPYPHP_RET
2025-04-11,2.7977494144982944,0.2522736972532582,test,JPYPHP_RET
2025-04-14,0.10014959816970352,-0.3912167301668835,test,JPYPHP_RET
2025-04-15,0.00383503726787736,-0.019482763026696555,test,JPYPHP_RET
2025-04-16,-0.7198856347836445,-0.006210448282054749,test,JPYPHP_RET
2025-04-17,0.7464207682160168,0.09351952459777142,test,JPYPHP_RET
2025-04-22,0.6218772817090858,-0.10854005923329704,test,JPYPHP_RET
2025-04-23,-1.1913086960092172,-0.09137774922702575,test,JPYPHP_RET
2025-04-24,-0.5247395692150825,0.15848244596587074,test,JPYPHP_RET
2025-04-25,0.06314660996256433,0.06662805586082207,test,JPYPHP_RET
2025-04-28,-0.9554381833702988,-0.014383686611054517,test,JPYPHP_RET
2025-04-29,1.4117676014241238,0.12597907728089364,test,JPYPHP_RET
2025-04-30,-0.6995270622665515,-0.20022601514696053,test,JPYPHP_RET
2025-05-01,-0.864617138115973,0.09071407774042765,test,JPYPHP_RET
2025-05-02,-1.4976422201241288,0.11346377858912629,test,JPYPHP_RET
2025-05-05,0.11973276038974329,0.20069574072441373,test,JPYPHP_RET
2025-05-06,0.5596383100438796,-0.0221813569905384,test,JPYPHP_RET
2025-05-07,0.1524895974223856,-0.08280111020600107,test,JPYPHP_RET
2025-05-08,-0.49462080072635833,-0.026695306356712835,test,JPYPHP_RET
2025-05-09,-1.580010122693819,0.062477636948454214,test,JPYPHP_RET
2025-05-12,0.07773748127142553,0.2120461815874026,test,JPYPHP_RET
2025-05-13,-1.1134000250012193,-0.01639433416627893,test,JPYPHP_RET
2025-05-14,0.5843100150160285,0.14774649500193615,test,JPYPHP_RET
2025-05-15,0.7224608572024809,-0.0862009142502834,test,JPYPHP_RET
2025-05-16,0.42245336637038017,-0.10523834163994789,test,JPYPHP_RET
2025-05-19,0.5019472650180276,-0.06389678531875424,test,JPYPHP_RET
2025-05-20,0.19924426865371583,-0.07485118342067434,test,JPYPHP_RET
2025-05-21,-0.0487303437815424,-0.033138181728350424,test,JPYPHP_RET
2025-05-22,0.379779313054677,0.0010331530532725333,test,JPYPHP_RET
2025-05-23,0.06343562735519591,-0.05801622622434115,test,JPYPHP_RET
2025-05-26,0.34695634370558054,-0.014423513712645024,test,JPYPHP_RET
2025-05-27,-0.03042933547100326,-0.05349316370943247,test,JPYPHP_RET
2025-05-28,-0.7091321734865325,-0.0014887578620392918,test,JPYPHP_RET
2025-05-29,-1.1389140058249092,0.09203767884575607,test,JPYPHP_RET
2025-05-30,1.6386174791623254,0.15126236612993654,test,JPYPHP_RET
2025-06-02,0.3197053189442858,-0.2314863245844283,test,JPYPHP_RET
2025-06-03,0.5283650551881852,-0.04973792489237969,test,JPYPHP_RET
2025-06-04,-0.8506378240587849,-0.0784916010554869,test,JPYPHP_RET
2025-06-05,0.7712044653470727,0.11153740469151473,test,JPYPHP_RET
2025-06-06,-0.6918346045228692,-0.11195529599271639,test,JPYPHP_RET
2025-06-09,-0.6893117398419825,0.08965404362535676,test,JPYPHP_RET
2025-06-10,-0.01614148217842515,0.08930638846512612,test,JPYPHP_RET
2025-06-11,0.20189968939745429,-0.0034576490052762626,test,JPYPHP_RET
2025-06-12,0.4106896419756979,-0.033504103345604865,test,JPYPHP_RET
2025-06-13,-2.1357286462992513,-0.06227572354706024,test,JPYPHP_RET
2025-06-16,3.5496542779815883,0.2886251649275956,test,JPYPHP_RET
2025-06-17,-0.661494315046895,-0.4948305338611076,test,JPYPHP_RET
2025-06-18,-0.9670898988879808,0.08547309873396977,test,JPYPHP_RET
2025-06-19,1.3346905046574764,0.12758470403366814,test,JPYPHP_RET
2025-06-20,-0.2783620545843015,-0.18960465656616507,test,JPYPHP_RET
2025-06-23,0.34277014689028157,0.032676803946633935,test,JPYPHP_RET
2025-06-24,-0.21951627053437475,-0.052916298475396896,test,JPYPHP_RET
2025-06-25,-0.8428217994906675,0.02456775210657055,test,JPYPHP_RET
2025-06-26,0.49174252233279486,0.1104603428521772,test,JPYPHP_RET
2025-06-27,0.00301654390670408,-0.07344495205193514,test,JPYPHP_RET
2025-06-30,0.5814632920613816,-0.0060976584670550775,test,JPYPHP_RET
2025-07-01,-1.4291489731700322,-0.085808630854179,test,JPYPHP_RET
2025-07-02,0.6298839797072785,0.19125725164295634,test,JPYPHP_RET
2025-07-03,0.6723606618292889,-0.09248108619811599,test,JPYPHP_RET
2025-07-04,-0.5849324557279737,-0.09833444719724951,test,JPYPHP_RET
2025-07-07,0.5639316480658172,0.07492274077354175,test,JPYPHP_RET
2025-07-08,-0.8857299985458298,-0.08339273968547693,test,JPYPHP_RET
2025-07-09,-1.0528455311909248,0.11637316763851809,test,JPYPHP_RET
2025-07-10,0.8919419066451297,0.1394019799719408,test,JPYPHP_RET
2025-07-11,-0.2695789662706565,-0.12859312632040615,test,JPYPHP_RET
2025-07-14,-0.5761625884806515,0.03146647903379439,test,JPYPHP_RET
2025-07-15,-0.00626542451772948,0.07371423774673742,test,JPYPHP_RET
2025-07-16,-0.5194608817729776,-0.004818587003452803,test,JPYPHP_RET
2025-07-17,-0.700309920876235,0.0659006435099355,test,JPYPHP_RET
2025-07-18,1.7749306716230318,0.09082195702442152,test,JPYPHP_RET
2025-07-21,-0.3742655944462258,-0.25027052063168587,test,JPYPHP_RET
2025-07-22,0.6347670676360093,0.04589247927396263,test,JPYPHP_RET
2025-07-23,0.07256234942513279,-0.0931539842449849,test,JPYPHP_RET
2025-07-24,-0.12614196142917383,-0.01568119195739705,test,JPYPHP_RET
2025-07-25,-0.05005494817037984,0.011700609195843722,test,JPYPHP_RET
2025-07-28,0.0911178213540674,0.0012156858520121156,test,JPYPHP_RET
2025-07-29,-0.6844085024066348,-0.018238168403847493,test,JPYPHP_RET
2025-07-30,0.4451626928637223,0.08863071378104612,test,JPYPHP_RET
2025-07-31,-0.4656225042202915,-0.06702617018056857,test,JPYPHP_RET
2025-08-01,0.5373258677778436,0.05848162103265441,test,JPYPHP_RET
2025-08-04,1.5066291547292356,-0.0797264166840285,test,JPYPHP_RET
2025-08-05,-0.2796851533431205,-0.21329810290650913,test,JPYPHP_RET
2025-08-06,-0.23029102471184368,0.03285912926692679,test,JPYPHP_RET
2025-08-07,-0.10289097609593592,0.026052532054695716,test,JPYPHP_RET
2025-08-08,-0.1022566558364868,0.008496582799665314,test,JPYPHP_RET
2025-08-11,-0.9687486806966829,0.00840917235981611,test,JPYPHP_RET
2025-08-12,-0.06583603812000079,0.1278132870646412,test,JPYPHP_RET
2025-08-13,-0.00658531544285678,0.0033903476151318952,test,JPYPHP_RET
2025-08-14,0.02566479683931113,-0.004774505475151264,test,JPYPHP_RET
2025-08-15,0.3725366850284746,-0.009218627285510421,test,JPYPHP_RET
2025-08-18,0.26323244540336255,-0.05701817943014868,test,JPYPHP_RET
2025-08-19,-0.5750635025469831,-0.041955864265705786,test,JPYPHP_RET
2025-08-20,0.431834471373929,0.07356278178507941,test,JPYPHP_RET
2025-08-21,0.18717633031939387,-0.06518951797614077,test,JPYPHP_RET
2025-08-22,-0.5543579029149864,-0.03147519874434128,test,JPYPHP_RET
2025-08-25,-0.5401340843088686,0.07070951398507858,test,JPYPHP_RET
2025-08-26,0.0111104632439497,0.06874944693349833,test,JPYPHP_RET
2025-08-27,0.7015443251618856,-0.007213014691034183,test,JPYPHP_RET
2025-08-28,-0.4681014831118591,-0.10235600698556332,test,JPYPHP_RET
2025-08-29,0.9072928313109274,0.0588232286544526,test,JPYPHP_RET
2025-09-01,0.16105343707015465,-0.13070851055595728,test,JPYPHP_RET
2025-09-02,-2.083399753755325,-0.027875418420388126,test,JPYPHP_RET
2025-09-03,1.2836630584989728,0.2814141521214482,test,JPYPHP_RET
2025-09-04,0.4197873069870583,-0.1825729853454319,test,JPYPHP_RET
2025-09-05,-0.9781384708608336,-0.06352939767838052,test,JPYPHP_RET
2025-09-08,-0.2750255226979643,0.12910721655233084,test,JPYPHP_RET
2025-09-09,0.6557561808655382,0.03221702402409306,test,JPYPHP_RET
2025-09-10,0.5930643329016558,-0.09604632071399694,test,JPYPHP_RET
2025-09-11,0.0968111253328214,-0.0874072745478829,test,JPYPHP_RET
2025-09-12,0.17142046833369476,-0.01902271563777992,test,JPYPHP_RET
2025-09-15,-0.16331162024437995,-0.02930401343872078,test,JPYPHP_RET
2025-09-16,-0.03661421583838496,0.016822653112435068,test,JPYPHP_RET
2025-09-17,-0.02804876971307724,-6.364705430168018e-4,test,JPYPHP_RET
2025-09-18,-0.1937028703243223,-0.0018168039821032807,test,JPYPHP_RET
2025-09-19,0.07873883100769657,0.021010620464072212,test,JPYPHP_RET
2025-09-22,-0.22767620332948957,-0.016532321909199756,test,JPYPHP_RET
2025-09-23,-0.24996149515385505,0.025692205100363262,test,JPYPHP_RET
2025-09-24,0.7665619179358615,0.028763157244044407,test,JPYPHP_RET
2025-09-25,-0.02301593906861912,-0.11131554484936307,test,JPYPHP_RET
2025-09-26,-0.10041919919614958,-0.002510336836785694,test,JPYPHP_RET
2025-09-29,0.4837712681188572,0.00815596762491579,test,JPYPHP_RET
2025-09-30,0.4111045671520556,-0.07234649929623217,test,JPYPHP_RET
2025-10-01,0.7024635179599219,-0.062332900961197125,test,JPYPHP_RET
2025-10-02,0.46656200176463414,-0.10248267335887506,test,JPYPHP_RET
2025-10-03,-0.34004074564769743,-0.06997503232966998,test,JPYPHP_RET
2025-10-06,-1.7812571656712584,0.041176235321972274,test,JPYPHP_RET
2025-10-07,0.08998345426717964,0.23977837566912205,test,JPYPHP_RET
2025-10-08,-1.5333521906156895,-0.018081850637643032,test,JPYPHP_RET
2025-10-09,-0.4024788699127288,0.20561663704007016,test,JPYPHP_RET
2025-10-10,0.5331301096071474,0.049780317919153494,test,JPYPHP_RET
2025-10-13,0.27721261302559336,-0.0791482338785164,test,JPYPHP_RET
2025-10-14,-0.5302375821343378,-0.04388235578607132,test,JPYPHP_RET
2025-10-15,0.4708613874716966,0.0673856916456007,test,JPYPHP_RET
2025-10-16,0.35373020937350663,-0.07056749519072078,test,JPYPHP_RET
2025-10-17,0.6430933994733782,-0.05442661423177123,test,JPYPHP_RET
2025-10-20,-0.4114885640939665,-0.09430136731748351,test,JPYPHP_RET
2025-10-21,0.17296916970883133,0.05102186951640619,test,JPYPHP_RET
2025-10-22,-0.7445872451938113,-0.029517427193648485,test,JPYPHP_RET
2025-10-23,0.3202762344932471,0.09692344966365456,test,JPYPHP_RET
2025-10-24,-0.01521488142238742,-0.04981659805236168,test,JPYPHP_RET
2025-10-27,-0.2235846086744102,-0.0035853362081415836,test,JPYPHP_RET
2025-10-28,-0.7299942814377639,0.025128376209266917,test,JPYPHP_RET
2025-10-29,0.26399834529410243,0.09491251376555258,test,JPYPHP_RET
2025-10-30,-2.339480110194223,-0.04206140660860395,test,JPYPHP_RET
2025-10-31,2.600928770252549,0.316702472586736,test,JPYPHP_RET
2025-11-03,-0.8016262614995103,-0.36409450156288875,test,JPYPHP_RET
2025-11-04,0.14278066840631448,0.10478352575231209,test,JPYPHP_RET
2025-11-05,0.4238673177773111,-0.02535739897772339,test,JPYPHP_RET
2025-11-06,-0.1410718872996964,-0.06409163029266784,test,JPYPHP_RET
2025-11-07,0.9523715720967832,0.013757979061961119,test,JPYPHP_RET
2025-11-10,-1.1752469352941652,-0.13692043978451754,test,JPYPHP_RET
2025-11-11,0.4629915918455703,0.15626910728096946,test,JPYPHP_RET
2025-11-12,0.08343269493505087,-0.06948302360565671,test,JPYPHP_RET
2025-11-13,-0.0217484851821346,-0.017179144558122673,test,JPYPHP_RET
2025-11-14,-0.411099834419902,-0.0026849941964645573,test,JPYPHP_RET
2025-11-17,0.1414323660134688,0.050968301888246366,test,JPYPHP_RET
2025-11-18,-0.45255652196541973,-0.025171600552633316,test,JPYPHP_RET
2025-11-19,-0.44892665043610047,0.056681105852905776,test,JPYPHP_RET
2025-11-20,-0.7284922267063033,0.05618090321512553,test,JPYPHP_RET
2025-11-21,-0.14646649834816916,0.09470552799961067,test,JPYPHP_RET
2025-11-24,-0.15528284820069402,0.014501365888312677,test,JPYPHP_RET
2025-11-25,0.3898634482695797,0.01571627429931461,test,JPYPHP_RET
2025-11-26,0.23692959039633507,-0.0594058376729791,test,JPYPHP_RET
2025-11-27,-0.01937461746484924,-0.038331284897153345,test,JPYPHP_RET
2025-11-28,-0.2878031335127246,-0.003012117314827425,test,JPYPHP_RET
2025-12-01,0.02480954055151173,0.03397780111563687,test,JPYPHP_RET
2025-12-02,0.18347864430650052,-0.009100771475000336,test,JPYPHP_RET
2025-12-03,-0.2872506594855778,-0.030965651152259077,test,JPYPHP_RET
2025-12-04,1.260571338531154,0.033901669229576506,test,JPYPHP_RET
2025-12-05,0.3268092778803236,-0.17939090599482968,test,JPYPHP_RET
2025-12-08,-0.46842036178404345,-0.05071686284370577,test,JPYPHP_RET
2025-12-09,0.08633894372118306,0.058867170692530287,test,JPYPHP_RET
2025-12-10,-0.29293252084742116,-0.017579630717791686,test,JPYPHP_RET
2025-12-11,0.07010288024080938,0.03468463965090949,test,JPYPHP_RET
2025-12-12,-0.14553665553643677,-0.015342272807338726,test,JPYPHP_RET
2025-12-15,0.2944482737664342,0.014373231924509068,test,JPYPHP_RET
2025-12-16,-0.05131830014474509,-0.04625745994521791,test,JPYPHP_RET
2025-12-17,-0.3232769860008565,0.001389777961035294,test,JPYPHP_RET
2025-12-18,-0.1307563489233946,0.03886615995794516,test,JPYPHP_RET
2025-12-19,-0.15064198214180244,0.012336479853443076,test,JPYPHP_RET
2025-12-22,-1.4778662660599735,0.015076754849248085,test,JPYPHP_RET
2025-12-23,0.9872491375638646,0.19797057970766377,test,JPYPHP_RET
2025-12-24,0.3814738189085929,-0.14172662923366838,test,JPYPHP_RET
2025-12-26,0.1197568851412406,-0.05824973209115119,test,JPYPHP_RET
2025-12-29,-0.5641752850412475,-0.022184681423438372,test,JPYPHP_RET
2025-12-30,0.715541574568829,0.07206236639210946,test,JPYPHP_RET
2025-12-31,-0.1846977817721825,-0.10428485240570252,test,JPYPHP_RET
2026-01-02,-0.15725914855292095,0.0197697035305548,test,JPYPHP_RET
2026-01-05,-0.5454716556653255,0.015988611940260078,test,JPYPHP_RET
2026-01-06,0.9615928801077006,0.0694849735906472,test,JPYPHP_RET
2026-01-07,0.251030808378279,-0.13819115213716932,test,JPYPHP_RET
2026-01-08,0.01804727020572675,-0.04027445736855081,test,JPYPHP_RET
2026-01-09,-0.4277335229738128,-0.00816891880830854,test,JPYPHP_RET
2026-01-12,-0.7295428922309031,0.053260453228445886,test,JPYPHP_RET
2026-01-13,0.04732663167983429,0.09485031154431318,test,JPYPHP_RET
2026-01-14,-0.28657560571459506,-0.012203665967698087,test,JPYPHP_RET
2026-01-15,0.6424082227005021,0.0338086456406804,test,JPYPHP_RET
2026-01-16,-0.31925813554714466,-0.09420694876124258,test,JPYPHP_RET
2026-01-19,0.5954214060632248,0.038312355344874455,test,JPYPHP_RET
2026-01-20,-0.381421153205337,-0.08773208334712956,test,JPYPHP_RET
2026-01-21,0.00948311112163373,0.0468785277710482,test,JPYPHP_RET
2026-01-22,-0.5232900123541104,-0.006988762725749786,test,JPYPHP_RET
2026-01-23,-0.22641931233293977,0.06642830439314226,test,JPYPHP_RET
2026-01-26,1.9977075407347216,0.025519003325369764,test,JPYPHP_RET
2026-01-27,0.6939765820908712,-0.280969562365262,test,JPYPHP_RET
2026-01-28,0.6415569143767934,-0.10131315877025074,test,JPYPHP_RET
2026-01-29,-0.45495404741880474,-0.09408963698708091,test,JPYPHP_RET
2026-01-30,0.18668712461047657,0.057011489048630994,test,JPYPHP_RET
2026-02-02,-1.747381135677124,-0.03140778534305667,test,JPYPHP_RET
2026-02-03,0.38294915538008734,0.23511019955773046,test,JPYPHP_RET
2026-02-04,-0.14727648059829945,-0.058453036034195514,test,JPYPHP_RET
2026-02-05,-0.6963689870306475,0.014612982857342525,test,JPYPHP_RET
2026-02-06,-0.2993731760333704,0.09027888945606326,test,JPYPHP_RET
2026-02-09,-1.2066116572767631,0.03557217318674485,test,JPYPHP_RET
2026-02-10,1.165843236628851,0.1605912207613553,test,JPYPHP_RET
2026-02-11,1.1462289137201875,-0.166337208071715,test,JPYPHP_RET
2026-02-12,0.40978836150464576,-0.16363432011054607,test,JPYPHP_RET
2026-02-13,-0.32695439288769346,-0.06215152552369806,test,JPYPHP_RET
2026-02-16,-0.2976593923971841,0.039372913051031085,test,JPYPHP_RET
2026-02-17,-0.2511881673634883,0.03533601080786149,test,JPYPHP_RET
2026-02-18,-0.02015267449939536,0.02893219481741146,test,JPYPHP_RET
2026-02-19,-0.6053630454035975,-0.0029048996962753896,test,JPYPHP_RET
2026-02-20,-0.1893139175473452,0.07773811172113818,test,JPYPHP_RET
2026-02-23,0.33726290155163724,0.02040581510432203,test,JPYPHP_RET
2026-02-24,-0.7250359454042694,-0.052157390447098315,test,JPYPHP_RET
2026-02-25,-0.6908276986972426,0.09422924639839596,test,JPYPHP_RET
2026-02-26,-0.416916617390397,0.08951529024361679,test,JPYPHP_RET
2026-02-27,0.27590026390135797,0.05176986474294675,test,JPYPHP_RET
2026-03-02,-0.3669004534580222,-0.04370151178420268,test,JPYPHP_RET
2026-03-03,0.6208999867832751,0.04487754997958792,test,JPYPHP_RET
2026-03-04,-0.2142881965027829,-0.09124307627900781,test,JPYPHP_RET
2026-03-05,0.6391202423941279,0.023847314372069495,test,JPYPHP_RET
2026-03-06,0.33087250448969757,-0.09375385933123559,test,JPYPHP_RET
2026-03-09,-0.13907903017386536,-0.05127678256854763,test,JPYPHP_RET
2026-03-10,0.5692468267025038,0.013483359868689893,test,JPYPHP_RET
2026-03-11,-2.175181286293176,-0.0841251805867235,test,JPYPHP_RET
2026-03-12,1.5782499358784892,0.2940618076387652,test,JPYPHP_RET
2026-03-13,0.26647370631360284,-0.22316757166356369,test,JPYPHP_RET
2026-03-16,-2.4414552982762823,-0.04240251568131118,test,JPYPHP_RET
2026-03-17,2.854165737069112,0.33075483164539077,test,JPYPHP_RET
2026-03-18,-0.5706316874776857,-0.3989909979710877,test,JPYPHP_RET
2026-03-19,0.3036931034168641,0.07295206992657115,test,JPYPHP_RET
2026-03-20,0.7854482954191232,-0.04753141362088459,test,JPYPHP_RET
2026-03-23,-0.9521680716826028,-0.11391812065926028,test,JPYPHP_RET
2026-03-24,0.619818458711565,0.12552845017775527,test,JPYPHP_RET
2026-03-25,0.6539726945066083,-0.091094039821399575,test,JPYPHP_RET
2026-03-26,-0.4537305067403482,-0.09580055317815549,test,JPYPHP_RET
2026-03-27,0.14885027903589154,0.05684288300573057,test,JPYPHP_RET
2026-03-30,0.19052368802640884,-0.026193801925511143,test,JPYPHP_RET
2026-03-31,0.5590079820320346,-0.031936470483883234,test,JPYPHP_RET
2026-04-01,0.5667636901857807,-0.08271424990484579,test,JPYPHP_RET
2026-04-02,-0.7379094824851935,-0.08378300003691591,test,JPYPHP_RET
2026-04-03,-0.5156412598927929,0.0960032422969912,test,JPYPHP_RET
2022-12-30,-0.8895669778213418,-0.20966474993103565,val,HKDPHP_RET
2023-01-02,-0.026277247153691,0.2368084027418301,val,HKDPHP_RET
2023-01-03,0.06350150786738308,0.014060916808053447,val,HKDPHP_RET
2023-01-04,0.14325741292949545,-0.009103950397933864,val,HKDPHP_RET
2023-01-05,0.24485513178927656,-0.029682704795045804,val,HKDPHP_RET
2023-01-06,-0.1747930814996054,-0.05589712117078656,val,HKDPHP_RET
2023-01-09,-0.6708530855178008,0.05238122521288654,val,HKDPHP_RET
2023-01-10,-1.4348666757842603,0.1803754719206479,val,HKDPHP_RET
2023-01-11,0.00743467490034688,0.37750755910472344,val,HKDPHP_RET
2023-01-12,0.4951827246642077,0.0053625092899599784,val,HKDPHP_RET
2023-01-13,0.03649390959478841,-0.12048707283118841,val,HKDPHP_RET
2023-01-16,-0.3801476189497914,-0.002135403915077735,val,HKDPHP_RET
2023-01-17,-0.45972547855334694,0.10536715255242111,val,HKDPHP_RET
2023-01-18,0.0382830338886644,0.12589996735721937,val,HKDPHP_RET
2023-01-19,-0.06751250522680603,-0.00259703681111104,val,HKDPHP_RET
2023-01-20,0.0394303178503229,0.024700508293189392,val,HKDPHP_RET
2023-01-23,-0.4571798665414784,-0.0028930609719845096,val,HKDPHP_RET
2023-01-24,-0.34896358492012225,0.1252431442123778,val,HKDPHP_RET
2023-01-25,0.6820362250277179,0.09732099500574196,val,HKDPHP_RET
2023-01-26,-0.1667411990289909,-0.16869933108625762,val,HKDPHP_RET
2023-01-27,-0.3583402725766842,0.05030366479064389,val,HKDPHP_RET
2023-01-30,0.06795558865284103,0.09974038391735353,val,HKDPHP_RET
2023-01-31,0.3558857150700084,-0.01025319990463123,val,HKDPHP_RET
2023-02-01,-0.04865218377946331,-0.08454542128251935,val,HKDPHP_RET
2023-02-02,-0.9848706048123772,0.019834136046354665,val,HKDPHP_RET
2023-02-03,-0.7086704159337119,0.2613988068188087,val,HKDPHP_RET
2023-02-06,-0.3693858241683377,0.19013316389314064,val,HKDPHP_RET
2023-02-07,2.255711411256953,0.10259037594249883,val,HKDPHP_RET
2023-02-08,0.4694092100298232,-0.5747416815933527,val,HKDPHP_RET
2023-02-09,-0.5489071744883326,-0.11383694670951361,val,HKDPHP_RET
2023-02-10,-0.25957086378289,0.1489107803614067,val,HKDPHP_RET
2023-02-13,-0.45349211607622913,0.07425573291963082,val,HKDPHP_RET
2023-02-14,0.5170342810032625,0.12429162455946813,val,HKDPHP_RET
2023-02-15,0.4992556041815898,-0.12612524859693094,val,HKDPHP_RET
2023-02-16,0.8644531440827271,-0.12153796413775637,val,HKDPHP_RET
2023-02-17,-0.3708189132028842,-0.21576685507946425,val,HKDPHP_RET
2023-02-20,0.4633592440914834,0.10296014401482098,val,HKDPHP_RET
2023-02-21,-0.7524028583520143,-0.11227592419890416,val,HKDPHP_RET
2023-02-22,0.21166067563811045,0.2014170831341199,val,HKDPHP_RET
2023-02-23,-0.01002811496609305,-0.04733223108586352,val,HKDPHP_RET
2023-02-24,-0.3157188184144703,0.009868288059193153,val,HKDPHP_RET
2023-02-27,-0.2724996448866785,0.08874312375750833,val,HKDPHP_RET
2023-02-28,0.9627267096916656,0.07759163902942524,val,HKDPHP_RET
2023-03-01,0.15512149753022383,-0.24112356777452862,val,HKDPHP_RET
2023-03-02,-1.0672178122490847,-0.03274389610062762,val,HKDPHP_RET
2023-03-03,0.2019831789395573,0.28264617346593424,val,HKDPHP_RET
2023-03-06,0.9769171841795208,-0.04483522691315315,val,HKDPHP_RET
2023-03-07,-0.8226636234816963,-0.2447850181591319,val,HKDPHP_RET
2023-03-08,0.3501266469915179,0.2195458853617527,val,HKDPHP_RET
2023-03-09,0.25600006220000693,-0.08305945673292009,val,HKDPHP_RET
2023-03-10,-0.34513414941739345,-0.05877275508800826,val,HKDPHP_RET
2023-03-13,-0.1913799217656169,0.09633291753826334,val,HKDPHP_RET
2023-03-14,0.20047067478606403,0.05666098997503865,val,HKDPHP_RET
2023-03-15,-0.6086321838730018,-0.0444449680166475,val,HKDPHP_RET
2023-03-16,0.2742298428580324,0.1643211289560987,val,HKDPHP_RET
2023-03-17,-0.7813267720688183,-0.06347643412697812,val,HKDPHP_RET
2023-03-20,0.06880776470195528,0.20888008059014304,val,HKDPHP_RET
2023-03-21,-0.7039666874497337,-0.01047307981953115,val,HKDPHP_RET
2023-03-22,-0.00827995160275631,0.18891949986228168,val,HKDPHP_RET
2023-03-23,0.2307256841398345,0.009417223972187692,val,HKDPHP_RET
2023-03-24,-0.16828059030631878,-0.052251417034920054,val,HKDPHP_RET
2023-03-27,0.00386580476302487,0.05070086114861282,val,HKDPHP_RET
2023-03-28,-0.3768625884376746,0.006283355238281183,val,HKDPHP_RET
2023-03-29,0.3765413487854072,0.1045195433873916,val,HKDPHP_RET
2023-03-30,-0.03755753507306404,-0.08987502305701946,val,HKDPHP_RET
2023-03-31,0.07421597168981006,0.016971475900081863,val,HKDPHP_RET
2023-04-03,-0.05933686373378293,-0.011868514593233915,val,HKDPHP_RET
2023-04-04,0.4841773867641233,0.022591015357302895,val,HKDPHP_RET
2023-04-05,-0.5282747338807928,-0.1176474568111998,val,HKDPHP_RET
2023-04-06,0.446139080292454,0.14358716291207932,val,HKDPHP_RET
2023-04-07,-0.03961893013920324,-0.10783274822062032,val,HKDPHP_RET
2023-04-10,0.22059496089118288,0.017503360564276454,val,HKDPHP_RET
2023-04-11,0.20697090947478897,-0.049637470576200104,val,HKDPHP_RET
2023-04-12,0.5509926774258095,-0.04612216963674926,val,HKDPHP_RET
2023-04-13,0.3234886944586351,-0.13488725185117437,val,HKDPHP_RET
2023-04-14,0.06431398460637713,-0.07618628687309326,val,HKDPHP_RET
2023-04-17,0.23329798812316377,-0.00931358702925419,val,HKDPHP_RET
2023-04-18,1.2409323023397094,-0.05291512728767716,val,HKDPHP_RET
2023-04-19,0.3755009960910206,-0.3129066483946839,val,HKDPHP_RET
2023-04-20,0.10029267110618044,-0.08960658948376264,val,HKDPHP_RET
2023-04-21,-0.6481870839212646,-0.01859686896848531,val,HKDPHP_RET
2023-04-24,-0.06915042954100403,0.17452715160309382,val,HKDPHP_RET
2023-04-25,-0.4726255344866652,0.025123128313069912,val,HKDPHP_RET
2023-04-26,-0.3665338901243588,0.1292284617496286,val,HKDPHP_RET
2023-04-27,0.22398008696704336,0.10185451506546284,val,HKDPHP_RET
2023-04-28,0.12337617453646683,-0.0505109065689851,val,HKDPHP_RET
2023-05-01,-0.2790384412715019,-0.02455291381992058,val,HKDPHP_RET
2023-05-02,0.10794216655391146,0.0792787904040001,val,HKDPHP_RET
2023-05-03,-0.19634730873577083,-0.020570604806077385,val,HKDPHP_RET
2023-05-04,-0.15920428016134705,0.05794268361734141,val,HKDPHP_RET
2023-05-05,0.04864697925224669,0.048358976153891384,val,HKDPHP_RET
2023-05-08,-0.08237303451904288,-0.005271159636952599,val,HKDPHP_RET
2023-05-09,0.23388586833697625,0.028534847359091405,val,HKDPHP_RET
2023-05-10,0.6823667513406102,-0.05306681314122678,val,HKDPHP_RET
2023-05-11,-0.12950785976220014,-0.16878461404818373,val,HKDPHP_RET
2023-05-12,0.34432123739488185,0.040696655208608344,val,HKDPHP_RET
2023-05-15,-0.06426722602534336,-0.08156153506591912,val,HKDPHP_RET
2023-05-16,0.43445309332617554,0.023863155829005757,val,HKDPHP_RET
2023-05-17,0.2051436385644692,-0.10481750996986494,val,HKDPHP_RET
2023-05-18,-0.18432916906773497,-0.045650694085801996,val,HKDPHP_RET
2023-05-19,-0.34134439331105576,0.05484174276103626,val,HKDPHP_RET
2023-05-22,-0.17263428583133283,0.09535507821619003,val,HKDPHP_RET
2023-05-23,-0.2988492233102642,0.05182420907951895,val,HKDPHP_RET
2023-05-24,0.3642634167360186,0.0843904021106557,val,HKDPHP_RET
2023-05-25,-0.12328071811268008,-0.08670705012821843,val,HKDPHP_RET
2023-05-26,0.6147945510753186,0.039089917519383933,val,HKDPHP_RET
2023-05-29,-0.28891251467269946,-0.1513495199037569,val,HKDPHP_RET
2023-05-30,0.4602825629345294,0.08182651563217042,val,HKDPHP_RET
2023-05-31,0.32079213551440167,-0.11148207368917863,val,HKDPHP_RET
2023-06-01,0.02054387628405994,-0.07549051614379743,val,HKDPHP_RET
2023-06-02,-0.49299227156888414,0.0019800508323997686,val,HKDPHP_RET
2023-06-05,-0.170780238706966,0.13448352192303056,val,HKDPHP_RET
2023-06-06,0.01108774680656333,0.051345824684240586,val,HKDPHP_RET
2023-06-07,0.06823237107315029,0.004419937457887199,val,HKDPHP_RET
2023-06-08,0.10928976610334352,-0.010324615775901784,val,HKDPHP_RET
2023-06-09,-0.0959303607770337,-0.020918314735916738,val,HKDPHP_RET
2023-06-12,-0.00793762231257696,0.03203293175958107,val,HKDPHP_RET
2023-06-13,0.04875804093151163,0.009328895585969114,val,HKDPHP_RET
2023-06-14,-0.2877199623601617,-0.005299815960503112,val,HKDPHP_RET
2023-06-15,0.09157833304251724,0.0815188112543402,val,HKDPHP_RET
2023-06-16,-0.17107519985812794,-0.01634838062638863,val,HKDPHP_RET
2023-06-19,-0.1096040225315206,0.051421931062592435,val,HKDPHP_RET
2023-06-20,0.08448113907818387,0.03556103324292114,val,HKDPHP_RET
2023-06-21,-0.41858071755791176,-0.014517150557756852,val,HKDPHP_RET
2023-06-22,0.02744662329916781,0.11528372608212467,val,HKDPHP_RET
2023-06-23,-0.08957625804063765,1.9899229662518822e-4,val,HKDPHP_RET
2023-06-26,0.3766851631551288,0.030393435354587883,val,HKDPHP_RET
2023-06-27,-0.13343394555704077,-0.08991213028551837,val,HKDPHP_RET
2023-06-28,-1.0080132208593018,0.041709670548990906,val,HKDPHP_RET
2023-06-29,0.23582139850067205,0.2673701040082197,val,HKDPHP_RET
2023-06-30,0.22327517056440044,-0.05356622192902598,val,HKDPHP_RET
2023-07-03,-0.2988238570251464,-0.050329022838756135,val,HKDPHP_RET
2023-07-04,0.0299809125466769,0.08438385705858714,val,HKDPHP_RET
2023-07-05,0.05618459593940399,-4.549093292809548e-4,val,HKDPHP_RET
2023-07-06,0.4619951059010253,-0.0072160283262839055,val,HKDPHP_RET
2023-07-07,0.3727222230836907,-0.11192394694075261,val,HKDPHP_RET
2023-07-10,-0.32744694798840684,-0.088889605741949,val,HKDPHP_RET
2023-07-11,0.03712342558052993,0.09176923571563338,val,HKDPHP_RET
2023-07-12,-0.4946868739814392,-0.002297832701379411,val,HKDPHP_RET
2023-07-13,-1.3496532504418284,0.1349207661223355,val,HKDPHP_RET
2023-07-14,-0.26925089889709103,0.35552064603423816,val,HKDPHP_RET
2023-07-17,0.08569962068250035,0.07675339205866794,val,HKDPHP_RET
2023-07-18,0.07373054824566047,-0.014831545255592703,val,HKDPHP_RET
2023-07-19,-0.04140855726718012,-0.011743264809810668,val,HKDPHP_RET
2023-07-20,0.5549568657656294,0.017965123202420472,val,HKDPHP_RET
2023-07-21,-0.00379019123523833,-0.13591009847507662,val,HKDPHP_RET
2023-07-24,0.08305888111475423,0.008258768358987827,val,HKDPHP_RET
2023-07-25,-0.384319787927681,-0.014150177136842605,val,HKDPHP_RET
2023-07-26,0.10244279229170156,0.10644366269461529,val,HKDPHP_RET
2023-07-27,0.00774586952161932,-0.019151646897046307,val,HKDPHP_RET
2023-07-28,0.5664634920567541,0.005282214324015069,val,HKDPHP_RET
2023-07-31,0.307229072235547,-0.13887905777909298,val,HKDPHP_RET
2023-08-01,-0.35611349700782796,-0.07199095146741802,val,HKDPHP_RET
2023-08-02,0.3396960984406429,0.0991658274943113,val,HKDPHP_RET
2023-08-03,0.7217706973880684,-0.0803681488393109,val,HKDPHP_RET
2023-08-04,0.6375506862605287,-0.1789516872869137,val,HKDPHP_RET
2023-08-07,-1.1428553698944866,-0.1572210966433001,val,HKDPHP_RET
2023-08-08,1.9911364399465457,0.3021623048516909,val,HKDPHP_RET
2023-08-09,0.06713444686421964,-0.5064755970949115,val,HKDPHP_RET
2023-08-10,-0.06485997778748573,-0.010041327502455054,val,HKDPHP_RET
2023-08-11,-0.23317499719110177,0.024016098647748563,val,HKDPHP_RET
2023-08-14,0.7618614950031564,0.06744502648644178,val,HKDPHP_RET
2023-08-15,0.4807692213937745,-0.1892959831363898,val,HKDPHP_RET
2023-08-16,-0.07543608269017678,-0.11676807618042984,val,HKDPHP_RET
2023-08-17,-0.4850159099807329,0.026744963239042137,val,HKDPHP_RET
2023-08-18,0.15984908080599497,0.13242544752744456,val,HKDPHP_RET
2023-08-21,-1.0353703025896273,-0.03396371518547434,val,HKDPHP_RET
2023-08-22,0.11102118499408252,0.27442882480778497,val,HKDPHP_RET
2023-08-23,-0.1903669959489055,-0.021365058385597463,val,HKDPHP_RET
2023-08-24,0.4603184062012398,0.05639963313144989,val,HKDPHP_RET
2023-08-25,0.3563371244857176,-0.11149132202987327,val,HKDPHP_RET
2023-08-28,-0.06840531730367622,-0.08466189470842041,val,HKDPHP_RET
2023-08-29,0.1702214146925994,0.024930873185147903,val,HKDPHP_RET
2023-08-30,-0.06895722805209727,-0.036640002432306334,val,HKDPHP_RET
2023-08-31,0.15419982894774928,0.025073278136004372,val,HKDPHP_RET
2023-09-01,-0.20991314858495969,-0.03250608560396901,val,HKDPHP_RET
2023-09-04,-0.1909234019305496,0.06144296470912515,val,HKDPHP_RET
2023-09-05,0.20571420241482707,0.05654319795003506,val,HKDPHP_RET
2023-09-06,0.6204961221947537,-0.045797911941774426,val,HKDPHP_RET
2023-09-07,-0.09879757598365364,-0.15282064899010037,val,HKDPHP_RET
2023-09-08,-0.35310070361128404,0.032772735508215675,val,HKDPHP_RET
2023-09-11,-0.0786847662532056,0.09838846141328653,val,HKDPHP_RET
2023-09-12,0.15511263780341947,0.02758319410239251,val,HKDPHP_RET
2023-09-13,-0.06130595739854021,-0.032741610098835146,val,HKDPHP_RET
2023-09-14,0.01935725509238454,0.023099084256783024,val,HKDPHP_RET
2023-09-15,0.15527177090351593,0.002286224852328189,val,HKDPHP_RET
2023-09-18,0.2750407568395423,-0.03278266989222331,val,HKDPHP_RET
2023-09-19,-0.3691603346086922,-0.06368566753295202,val,HKDPHP_RET
2023-09-20,0.2090020135300476,0.10253219474245547,val,HKDPHP_RET
2023-09-21,-0.0159246541790139,-0.046646238562750346,val,HKDPHP_RET
2023-09-22,0.06926529084127672,0.011389723144923019,val,HKDPHP_RET
2023-09-25,0.08679172343429951,-0.010591131492871478,val,HKDPHP_RET
2023-09-26,0.11865989188672169,-0.015113331466760175,val,HKDPHP_RET
2023-09-27,0.5803034817415134,-0.023336010541838773,val,HKDPHP_RET
2023-09-28,-0.4350798344321445,-0.1424500754781514,val,HKDPHP_RET
2023-09-29,-0.6848802371517594,0.11954085630539354,val,HKDPHP_RET
2023-10-02,0.07185076579239658,0.18399478146445508,val,HKDPHP_RET
2023-10-03,0.11780061066694844,-0.011258240141159585,val,HKDPHP_RET
2023-10-04,0.10726929604027435,-0.023114297338709885,val,HKDPHP_RET
2023-10-05,-0.34111251731662834,-0.020396989610683224,val,HKDPHP_RET
2023-10-06,0.00948274492052031,0.09529524917737225,val,HKDPHP_RET
2023-10-09,0.08189015549195204,0.004834062776809459,val,HKDPHP_RET
2023-10-10,0.3874862392460181,-0.01384862056205949,val,HKDPHP_RET
2023-10-11,-0.05681755976701676,-0.09269904232577203,val,HKDPHP_RET
2023-10-12,-0.4506905004743523,0.021940980259044333,val,HKDPHP_RET
2023-10-13,0.3818211316071818,0.12356874693252325,val,HKDPHP_RET
2023-10-16,0.05381281409042844,-0.0912373216087665,val,HKDPHP_RET
2023-10-17,-0.24311507952297973,-0.00660405713599292,val,HKDPHP_RET
2023-10-18,-0.10107191521494348,0.070009783451277,val,HKDPHP_RET
2023-10-19,0.32248480952208447,0.03335956438840932,val,HKDPHP_RET
2023-10-20,-0.06228101341434751,-0.07592726277279438,val,HKDPHP_RET
2023-10-23,-0.01994017709730694,0.0233506698698746,val,HKDPHP_RET
2023-10-24,-0.15708290595983887,0.012425815204152646,val,HKDPHP_RET
2023-10-25,0.04468186153205046,0.047811615571083016,val,HKDPHP_RET
2023-10-26,0.16566778620335848,-0.004248073212743529,val,HKDPHP_RET
2023-10-27,0.2303620465153119,-0.0354650674576132,val,HKDPHP_RET
2023-10-30,-0.02374822636381775,-0.052157590635999854,val,HKDPHP_RET
2023-10-31,-0.28645718448303814,0.013408374558555296,val,HKDPHP_RET
2023-11-01,0.08526036219031402,0.08119298715678662,val,HKDPHP_RET
2023-11-02,-0.19605089199508752,-0.014718207031664226,val,HKDPHP_RET
2023-11-03,-0.3125968478303994,0.057866201665303325,val,HKDPHP_RET
2023-11-06,-1.428240065830355,0.08793758759269935,val,HKDPHP_RET
2023-11-07,0.11475153504341218,0.375797749923564,val,HKDPHP_RET
2023-11-08,0.3699926229531146,-0.02232756965571127,val,HKDPHP_RET
2023-11-09,-0.25788095518964216,-0.08818530966950515,val,HKDPHP_RET
2023-11-10,0.4211157104804394,0.07381969982757408,val,HKDPHP_RET
2023-11-13,-0.11324568251988078,-0.10137617574302733,val,HKDPHP_RET
2023-11-14,-0.14064726755778006,0.03650066055252149,val,HKDPHP_RET
2023-11-15,-0.5006693055423829,0.043570864171267466,val,HKDPHP_RET
2023-11-16,0.39474095517396113,0.1364643632979216,val,HKDPHP_RET
2023-11-17,-0.13723181811157947,-0.09457091647961291,val,HKDPHP_RET
2023-11-20,-0.33273753499113307,0.04268960409084612,val,HKDPHP_RET
2023-11-21,-0.44113978273413823,0.09313432198054213,val,HKDPHP_RET
2023-11-22,0.2564360315800521,0.12110445448246653,val,HKDPHP_RET
2023-11-23,0.05354690741953765,-0.058885244649622845,val,HKDPHP_RET
2023-11-24,-0.22030070164292792,-0.0065354474441017205,val,HKDPHP_RET
2023-11-27,0.5888983808186703,0.06412317883246088,val,HKDPHP_RET
2023-11-28,-0.2340319050161826,-0.14466774596962198,val,HKDPHP_RET
2023-11-29,-1.0005386616019996,0.06766612730223176,val,HKDPHP_RET
2023-11-30,0.5495828297982194,0.26544150550428586,val,HKDPHP_RET
2023-12-01,0.4667079773358471,-0.13452348056624028,val,HKDPHP_RET
2023-12-04,-0.5293154953211751,-0.11313997005135279,val,HKDPHP_RET
2023-12-05,0.14244918519619326,0.14385570195067376,val,HKDPHP_RET
2023-12-06,-0.4150849058950835,-0.029474164499407415,val,HKDPHP_RET
2023-12-07,0.34759168400785706,0.11438173080576393,val,HKDPHP_RET
2023-12-08,0.2057903779024364,-0.08240538126846514,val,HKDPHP_RET
2023-12-11,0.00805276043595913,-0.04581756687076523,val,HKDPHP_RET
2023-12-12,0.3717597220831866,0.005203029807859359,val,HKDPHP_RET
2023-12-13,-0.07648113702759764,-0.08864125959527906,val,HKDPHP_RET
2023-12-14,-0.10900373257070343,0.027014609938238544,val,HKDPHP_RET
2023-12-15,0.3743505499672457,0.035406145405323566,val,HKDPHP_RET
2023-12-18,0.2025804177243988,-0.08930974941643677,val,HKDPHP_RET
2023-12-19,-0.05491173201691009,-0.0449893274811313,val,HKDPHP_RET
2023-12-20,-0.170973826940645,0.021449235338563497,val,HKDPHP_RET
2023-12-21,-0.04088451602285685,0.051395774649850644,val,HKDPHP_RET
2023-12-22,-0.6839311413206581,0.01782990918845515,val,HKDPHP_RET
2023-12-25,-0.0493436916315096,0.18374989414241485,val,HKDPHP_RET
2023-12-26,0.2799675318198872,0.02001256007953256,val,HKDPHP_RET
2023-12-27,-0.09579659153449976,-0.06495688240050816,val,HKDPHP_RET
2023-12-28,0.38244151672538007,0.03199841639189952,val,HKDPHP_RET
2023-12-29,-0.4464692099426888,-0.09139739443308068,val,HKDPHP_RET
2024-01-01,-0.06892031711458718,0.12247956236340195,val,HKDPHP_RET
2024-01-02,0.228206897746604,0.025063754313072444,val,HKDPHP_RET
2024-01-03,0.2479956280629993,-0.05160151548186626,val,HKDPHP_RET
2024-01-04,0.2928994936370296,-0.05670743736557683,val,HKDPHP_RET
2024-01-05,-0.2902912039502705,-0.06829360920337688,val,HKDPHP_RET
2024-01-08,-0.07964379303934253,0.08218224738659,val,HKDPHP_RET
2024-01-09,0.34422679410409773,0.027830643826357075,val,HKDPHP_RET
2024-01-10,0.6600757933144911,-0.08153716664725486,val,HKDPHP_RET
2024-01-11,-0.152087007648194,-0.16303306311112653,val,HKDPHP_RET
2024-01-12,-0.12674370787162423,0.0465225653839123,val,HKDPHP_RET
2024-01-15,-0.31953404592042456,0.03998344403222993,val,HKDPHP_RET
2024-01-16,-0.13021957902397988,0.08972753525347209,val,HKDPHP_RET
2024-01-17,0.26419573576178396,0.04088029422413268,val,HKDPHP_RET
2024-01-18,0.05763868604786117,-0.06088741673237637,val,HKDPHP_RET
2024-01-19,-0.35047526530739775,-0.007591215131447816,val,HKDPHP_RET
2024-01-22,0.342968884044051,0.09771104135268575,val,HKDPHP_RET
2024-01-23,0.8294017739431016,-0.0812125985521502,val,HKDPHP_RET
2024-01-24,-0.1311239667679771,-0.20672284088610926,val,HKDPHP_RET
2024-01-25,-0.1388366480114244,0.04111364588942923,val,HKDPHP_RET
2024-01-26,0.5643205933957481,0.04310368503359677,val,HKDPHP_RET
2024-01-29,-0.434544674775755,-0.13832614341860272,val,HKDPHP_RET
2024-01-30,0.174333287753755,0.11940277349981938,val,HKDPHP_RET
2024-01-31,-0.08534332249482604,-0.03770095491941965,val,HKDPHP_RET
2024-02-01,-0.3693987861705307,0.029301246119092107,val,HKDPHP_RET
2024-02-02,-0.33139717994581136,0.1025937204203706,val,HKDPHP_RET
2024-02-05,0.40343782891490343,0.09278848128998606,val,HKDPHP_RET
2024-02-06,0.2332029133014515,-0.09681489864743063,val,HKDPHP_RET
2024-02-07,-0.3158255552518352,-0.05289059592032771,val,HKDPHP_RET
2024-02-08,-0.2704873422558174,0.08877066417798936,val,HKDPHP_RET
2024-02-09,4.5690830181988e-4,0.07707242127895395,val,HKDPHP_RET
2024-02-12,-0.14968817618021388,0.0071629245063584415,val,HKDPHP_RET
2024-02-13,0.06367166934211968,0.04590361480487766,val,HKDPHP_RET
2024-02-14,0.216195898358456,-0.0091478557513209,val,HKDPHP_RET
2024-02-15,0.03204550907871631,-0.048502416972733095,val,HKDPHP_RET
2024-02-16,-0.40899208877905113,-9.876200411571504e-4,val,HKDPHP_RET
2024-02-19,0.2449951718132173,0.11280965176133825,val,HKDPHP_RET
2024-02-20,0.0640511378870625,-0.0559332545361618,val,HKDPHP_RET
2024-02-21,-0.26656730254392436,-0.0092457668712778,val,HKDPHP_RET
2024-02-22,-0.04861511825245214,0.0760609659591861,val,HKDPHP_RET
2024-02-23,-0.12581885066695836,0.019824572335976502,val,HKDPHP_RET
2024-02-26,0.16792879159377558,0.03974481080184534,val,HKDPHP_RET
2024-02-27,0.2895365526531891,-0.036048455917485914,val,HKDPHP_RET
2024-02-28,0.06957034232854362,-0.06742589744580181,val,HKDPHP_RET
2024-02-29,0.20542604378684157,-0.010669841396922472,val,HKDPHP_RET
2024-03-01,-0.08940488220055878,-0.045723560762032885,val,HKDPHP_RET
2024-03-04,-0.2752074844070776,0.030349216668587954,val,HKDPHP_RET
2024-03-05,-0.03157474687851458,0.0782903203921869,val,HKDPHP_RET
2024-03-06,-0.05590642119895946,0.01542778670528567,val,HKDPHP_RET
2024-03-07,-0.22066541943460297,0.0217058867346315,val,HKDPHP_RET
2024-03-08,-0.14410083656211403,0.0642172839379486,val,HKDPHP_RET
2024-03-11,-0.2349500341576928,0.044461959924971456,val,HKDPHP_RET
2024-03-12,-0.5094001425720738,0.06790302454630737,val,HKDPHP_RET
2024-03-13,0.23355756814363815,0.13871710873131987,val,HKDPHP_RET
2024-03-14,-0.1610330853865119,-0.0529821045664577,val,HKDPHP_RET
2024-03-15,0.2785384584384217,0.04883084759136693,val,HKDPHP_RET
2024-03-18,0.14327188211599923,-0.06458815045383003,val,HKDPHP_RET
2024-03-19,0.18340212147719653,-0.02968643815917922,val,HKDPHP_RET
2024-03-20,0.28644576283202416,-0.04004091083513034,val,HKDPHP_RET
2024-03-21,0.34655273011223003,-0.06662840659451859,val,HKDPHP_RET
2024-03-22,-0.1075917587729424,-0.0821373086156455,val,HKDPHP_RET
2024-03-25,0.5300356799231625,0.035041825522342446,val,HKDPHP_RET
2024-03-26,-0.05663953949101108,-0.12947989167925988,val,HKDPHP_RET
2024-03-27,0.00152864940940389,0.02189504716437537,val,HKDPHP_RET
2024-03-28,0.0252176209078569,0.006886392041294143,val,HKDPHP_RET
2024-03-29,-0.17040658993925678,7.741232881880028e-4,val,HKDPHP_RET
2024-04-01,-0.03318187953406731,0.05124941519311284,val,HKDPHP_RET
2024-04-02,0.08761680129373313,0.015842461808984153,val,HKDPHP_RET
2024-04-03,0.12798495361396114,-0.015326219460627915,val,HKDPHP_RET
2024-04-04,0.07177850804880552,-0.025742078843280815,val,HKDPHP_RET
2024-04-05,0.5553816611029263,-0.011239596075149781,val,HKDPHP_RET
2024-04-08,-0.27839522229375663,-0.13601970489115908,val,HKDPHP_RET
2024-04-09,-0.22585813065822813,0.07911282594837424,val,HKDPHP_RET
2024-04-10,-0.11230211721122292,0.06555711612771421,val,HKDPHP_RET
2024-04-11,0.3655656749647658,0.03625720022529703,val,HKDPHP_RET
2024-04-12,-0.23541522244913227,-0.08704306101330758,val,HKDPHP_RET
2024-04-15,0.28437465844553084,0.068023053221180907,val,HKDPHP_RET
2024-04-16,0.5898647856126037,-0.06609401671495752,val,HKDPHP_RET
2024-04-17,0.3754790617858724,-0.1449170993797182,val,HKDPHP_RET
2024-04-18,0.18780843182139575,-0.08960092995700829,val,HKDPHP_RET
2024-04-19,-0.01800593007060252,-0.0411778345312518,val,HKDPHP_RET
2024-04-22,0.46120173986197766,0.011926737493544316,val,HKDPHP_RET
2024-04-23,0.03220452997865859,-0.11171924128476567,val,HKDPHP_RET
2024-04-24,-0.21373767189478865,-0.0010286508844705236,val,HKDPHP_RET
2024-04-25,0.879316307836762,0.06242977472422945,val,HKDPHP_RET
2024-04-26,-0.26106713227393485,-0.21960187389368419,val,HKDPHP_RET
2024-04-29,-0.01147737399531148,0.07464180266287264,val,HKDPHP_RET
2024-04-30,-0.05404780807453532,0.010242228341067663,val,HKDPHP_RET
2024-05-01,0.31703272151788947,0.021226324212245393,val,HKDPHP_RET
2024-05-02,-0.3613473546551097,-0.07452050574455438,val,HKDPHP_RET
2024-05-03,-0.16161368793488204,0.10051627635435467,val,HKDPHP_RET
2024-05-06,-0.4928478740438125,0.04898065564928993,val,HKDPHP_RET
2024-05-07,-0.04835148955904958,0.1344462642277955,val,HKDPHP_RET
2024-05-08,-0.00731079857195474,0.01975655041171475,val,HKDPHP_RET
2024-05-09,0.42314090541207655,0.009167161457336282,val,HKDPHP_RET
2024-05-10,-0.21400720049877467,-0.10189871998689216,val,HKDPHP_RET
2024-05-13,0.34245453268770354,0.0624993189534637,val,HKDPHP_RET
2024-05-14,0.6787057842026989,-0.08107988473957603,val,HKDPHP_RET
2024-05-15,-0.18884433057384792,-0.16784000507498856,val,HKDPHP_RET
2024-05-16,-0.5355790502447206,0.0560067524192582,val,HKDPHP_RET
2024-05-17,0.08395085777448931,0.14547183505485062,val,HKDPHP_RET
2024-05-20,0.5245977373608537,-0.014380326473049742,val,HKDPHP_RET
2024-05-21,0.6504706153332379,-0.12807678448201593,val,HKDPHP_RET
2024-05-22,0.13541472969903542,-0.16055471873696614,val,HKDPHP_RET
2024-05-23,-0.2562038148958333,-0.027659122316879503,val,HKDPHP_RET
2024-05-24,0.31337420422192325,0.0733869612338748,val,HKDPHP_RET
2024-05-27,-0.10738786081401316,-0.07357652888374837,val,HKDPHP_RET
2024-05-28,-0.09108172844187867,0.034989215423872504,val,HKDPHP_RET
2024-05-29,-0.4015713012926912,0.030781879390363455,val,HKDPHP_RET
2024-05-30,0.905609336021403,0.11089492754128163,val,HKDPHP_RET
2024-05-31,-0.03104924744694676,-0.22638604578599347,val,HKDPHP_RET
2024-06-03,0.19877312283329224,0.015292196447365153,val,HKDPHP_RET
2024-06-04,0.06570569051892865,-0.044006962771954664,val,HKDPHP_RET
2024-06-05,0.5346295670846551,-0.00967267735799038,val,HKDPHP_RET
2024-06-06,-0.1830030075635243,-0.13066521426510203,val,HKDPHP_RET
2024-06-07,-0.2418377614015868,0.05449956431212013,val,HKDPHP_RET
2024-06-10,0.1327922238155182,0.06968020765514434,val,HKDPHP_RET
2024-06-11,0.20889940080792144,-0.02698245888437438,val,HKDPHP_RET
2024-06-12,-0.1040178043295722,-0.046619762253503914,val,HKDPHP_RET
2024-06-13,-0.7773281156520189,0.03411966771271939,val,HKDPHP_RET
2024-06-14,0.6559471654643789,0.20784834045434158,val,HKDPHP_RET
2024-06-17,0.00349816158231951,-0.16196778752484403,val,HKDPHP_RET
2024-06-18,-0.19122720130000648,0.0063782151576265485,val,HKDPHP_RET
2024-06-19,0.10506886535148847,0.05662158478051717,val,HKDPHP_RET
2024-06-20,0.2713851388024336,-0.01982923073844514,val,HKDPHP_RET
2024-06-21,0.17506646705002032,-0.06274243874385199,val,HKDPHP_RET
2024-06-24,0.03974195280636199,-0.03789013108957459,val,HKDPHP_RET
2024-06-25,-0.35797237418412875,-0.0029734695538555164,val,HKDPHP_RET
2024-06-26,0.09066108071195388,0.09964545814781213,val,HKDPHP_RET
2024-06-27,0.3220743636776999,-0.01611170961856618,val,HKDPHP_RET
2024-06-28,-0.5653690936252063,-0.07582135883730112,val,HKDPHP_RET
2024-07-01,-0.2053707501668087,0.15315831276115838,val,HKDPHP_RET
2024-07-02,0.39542839158336895,0.06027092733649223,val,HKDPHP_RET
2024-07-03,0.04880710670015795,-0.09474828999223017,val,HKDPHP_RET
2024-07-04,-0.15101275217697915,-0.005312475993656668,val,HKDPHP_RET
2024-07-05,-0.4549728869096057,0.04624538415846363,val,HKDPHP_RET
2024-07-08,0.1891663907323841,0.12467369557069584,val,HKDPHP_RET
2024-07-09,-0.07356586054218679,-0.04152821740119523,val,HKDPHP_RET
2024-07-10,0.01753070279098915,0.026262405336632877,val,HKDPHP_RET
2024-07-11,-0.4962993518988817,0.002757514986577463,val,HKDPHP_RET
2024-07-12,-0.01222982764144238,0.13533682041960632,val,HKDPHP_RET
2024-07-15,0.4183615938592341,0.010436377711786734,val,HKDPHP_RET
2024-07-16,-0.07988464848694934,-0.10066555388393553,val,HKDPHP_RET
2024-07-17,-0.06558439504444678,0.027892789758970422,val,HKDPHP_RET
2024-07-18,-0.27691847995168106,0.0242030140216061,val,HKDPHP_RET
2024-07-19,0.02822431528684263,0.07873179437532993,val,HKDPHP_RET
2024-07-22,0.24562345777528247,-1.6691139437018457e-6,val,HKDPHP_RET
2024-07-23,0.16370987713096177,-0.05609536594966057,val,HKDPHP_RET
2024-07-24,0.07276994684497982,-0.03495988442569411,val,HKDPHP_RET
2024-07-25,0.04747720265627762,-0.011495408801120982,val,HKDPHP_RET
2024-07-26,0.05424514753910049,-0.004969331888283834,val,HKDPHP_RET
2024-07-29,-0.2515670564428036,-0.00671560854840495,val,HKDPHP_RET
2024-07-30,0.4018356320908504,0.07219057692440803,val,HKDPHP_RET
2024-07-31,-0.1436783604977364,-0.09640149709537825,val,HKDPHP_RET
2024-08-01,-0.5249251058435889,0.04435295193163586,val,HKDPHP_RET
2024-08-02,-0.09004632507154904,0.1427228861836588,val,HKDPHP_RET
2024-08-05,-0.35882638543257656,0.03051472285012532,val,HKDPHP_RET
2024-08-06,-0.2985288404188708,0.09986581158396826,val,HKDPHP_RET
2024-08-07,0.00464924333240822,0.08430773637161246,val,HKDPHP_RET
2024-08-08,-0.31001963284025974,0.006081211084917128,val,HKDPHP_RET
2024-08-09,-0.6282250785202339,0.08727261019360474,val,HKDPHP_RET
2024-08-12,0.17749633022801156,0.16937652098706968,val,HKDPHP_RET
2024-08-13,-0.03254181366077612,-0.03851708852325334,val,HKDPHP_RET
2024-08-14,-0.5684546447746696,0.01567731092273724,test,HKDPHP_RET
2024-08-15,-0.05305542237008701,0.15395445192145105,test,HKDPHP_RET
2024-08-16,0.4635500233040799,0.02097026716338936,test,HKDPHP_RET
2024-08-19,-0.08966608302845007,-0.11232514937611254,test,HKDPHP_RET
2024-08-20,-0.7079046220070551,0.0304166121508574,test,HKDPHP_RET
2024-08-21,-0.6899293949108494,0.18993557244053036,test,HKDPHP_RET
2024-08-22,-0.3013513054800028,0.18529757374492214,test,HKDPHP_RET
2024-08-23,0.5950241834814006,0.08503599361152755,test,HKDPHP_RET
2024-08-26,-0.10934850816785144,-0.14624833600095982,test,HKDPHP_RET
2024-08-27,-0.8710821132324659,0.03549510499183068,test,HKDPHP_RET
2024-08-28,0.41041049306784527,0.23203890651277842,test,HKDPHP_RET
2024-08-29,0.0459389452110302,-0.09861399732213304,test,HKDPHP_RET
2024-08-30,-0.1981789309645104,-0.004572428083598489,test,HKDPHP_RET
2024-09-02,0.25830512935825817,0.058415281902874844,test,HKDPHP_RET
2024-09-03,0.4358215413499499,-0.059367512440226367,test,HKDPHP_RET
2024-09-04,-0.10094084954590524,-0.10517059925854562,test,HKDPHP_RET
2024-09-05,-0.00388904984162033,0.03332574660136357,test,HKDPHP_RET
2024-09-06,-0.8633904291409455,0.008284276024899105,test,HKDPHP_RET
2024-09-09,0.48004029940215087,0.2300542850894957,test,HKDPHP_RET
2024-09-10,-0.1264511368376191,-0.116579998487266,test,HKDPHP_RET
2024-09-11,-0.1748527266678574,0.03990795435597572,test,HKDPHP_RET
2024-09-12,-0.12722383967571893,0.05239661496073626,test,HKDPHP_RET
2024-09-13,0.13218600778949224,0.040107328457677956,test,HKDPHP_RET
2024-09-16,-0.05171014744284726,-0.026826041993343354,test,HKDPHP_RET
2024-09-17,-0.4902013035731996,0.020623157036525404,test,HKDPHP_RET
2024-09-18,0.04667046575608014,0.13376339160956144,test,HKDPHP_RET
2024-09-19,-0.11133308167894772,-0.00476117625994105,test,HKDPHP_RET
2024-09-20,-0.3792911233508414,0.036007168027615416,test,HKDPHP_RET
2024-09-23,0.3649042026676396,0.10514615809991917,test,HKDPHP_RET
2024-09-24,0.6104106804280542,-0.08687238680514141,test,HKDPHP_RET
2024-09-25,-0.06360247186481938,-0.15021838613643893,test,HKDPHP_RET
2024-09-26,-0.28303404929364095,0.02369163482885877,test,HKDPHP_RET
2024-09-27,0.04585779260717722,0.08030974398782183,test,HKDPHP_RET
2024-09-30,0.668935839913421,-0.004551488950601678,test,HKDPHP_RET
2024-10-01,0.18373812070176956,-0.1653191474175406,test,HKDPHP_RET
2024-10-02,0.2374785455892199,-0.040127605927045146,test,HKDPHP_RET
2024-10-03,0.06267045530038828,-0.053993801841868264,test,HKDPHP_RET
2024-10-04,-0.05801955083326329,-0.008889520799850103,test,HKDPHP_RET
2024-10-07,0.131781854814374,0.022251120040174602,test,HKDPHP_RET
2024-10-08,0.8482659539773041,-0.026721761754690883,test,HKDPHP_RET
2024-10-09,-0.04039787439441086,-0.21159020873209425,test,HKDPHP_RET
2024-10-10,0.4536862587881384,0.01770434508704596,test,HKDPHP_RET
2024-10-11,0.49712130858157166,-0.10978008406406539,test,HKDPHP_RET
2024-10-14,-0.2335146405861124,-0.12098726955370766,test,HKDPHP_RET
2024-10-15,0.4545666592402541,0.06753266185341658,test,HKDPHP_RET
2024-10-16,0.4188573097518781,-0.11000724648747574,test,HKDPHP_RET
2024-10-17,0.12324147425593077,-0.10079345934244073,test,HKDPHP_RET
2024-10-18,-0.19962305720612836,-0.02451815822422876,test,HKDPHP_RET
2024-10-21,-0.26540467281787206,0.05878789781415485,test,HKDPHP_RET
2024-10-22,0.1513842141501901,0.07576098225805979,test,HKDPHP_RET
2024-10-23,0.1957084958528919,-0.03177959588072256,test,HKDPHP_RET
2024-10-24,0.6116711272031526,-0.04321622250138402,test,HKDPHP_RET
2024-10-25,-0.2995630953985868,-0.1505436087590796,test,HKDPHP_RET
2024-10-28,1.1313980692216117,0.0845745966021495,test,HKDPHP_RET
2024-10-29,-0.7022410083760957,-0.2846444390992354,test,HKDPHP_RET
2024-10-30,0.02061352402995547,0.18847423720998058,test,HKDPHP_RET
2024-10-31,0.0092063161545063,0.00196208020243851,test,HKDPHP_RET
2024-11-01,0.05083768135489013,0.00490538739759671,test,HKDPHP_RET
2024-11-04,0.08059441792188694,-0.0058364083228326855,test,HKDPHP_RET
2024-11-05,0.23345744116700728,-0.01351429214842398,test,HKDPHP_RET
2024-11-06,-0.10691539271990422,-0.05295626963349559,test,HKDPHP_RET
2024-11-07,0.7195712245039453,0.03486730840192137,test,HKDPHP_RET
2024-11-08,-0.940767160250624,-0.17838417554906524,test,HKDPHP_RET
2024-11-11,0.19262930950668392,0.2500191609731984,test,HKDPHP_RET
2024-11-12,0.48744858069518393,-0.04242172559846246,test,HKDPHP_RET
2024-11-13,0.24469505544772807,-0.11849149583803041,test,HKDPHP_RET
2024-11-14,-0.2779465795004282,-0.05585581800063322,test,HKDPHP_RET
2024-11-15,0.2722756439331309,0.07899706637108965,test,HKDPHP_RET
2024-11-18,-0.41768048734308033,-0.06297220839363174,test,HKDPHP_RET
2024-11-19,-0.05585705252007308,0.11505144714958108,test,HKDPHP_RET
2024-11-20,0.5189574926688648,0.02169314854406214,test,HKDPHP_RET
2024-11-21,0.2382308755108232,-0.1266214789448816,test,HKDPHP_RET
2024-11-22,-0.19939572105357584,-0.054187919288974096,test,HKDPHP_RET
2024-11-25,-0.09300373666460485,0.05872924015306607,test,HKDPHP_RET
2024-11-26,0.2332999025676193,0.03127779922393451,test,HKDPHP_RET
2024-11-27,2.0366277239914e-4,-0.05291562125589464,test,HKDPHP_RET
2024-11-28,-0.44788373056873915,0.007228267348973761,test,HKDPHP_RET
2024-11-29,-0.04835923489516387,0.12284453938335388,test,HKDPHP_RET
2024-12-02,-0.14731379113538412,0.019758548876524278,test,HKDPHP_RET
2024-12-03,0.07362311681817221,0.0452909719335608,test,HKDPHP_RET
2024-12-04,-0.5067719153638456,-0.011715545170003555,test,HKDPHP_RET
2024-12-05,-0.2673780375404495,0.13803896907287308,test,HKDPHP_RET
2024-12-06,-0.8475342843651211,0.07627015318314953,test,HKDPHP_RET
2024-12-09,0.38163552082913743,0.2259630556216259,test,HKDPHP_RET
2024-12-10,0.3990444479877137,-0.09118942999983978,test,HKDPHP_RET
2024-12-11,-0.00298167696826459,-0.09568131102149645,test,HKDPHP_RET
2024-12-12,0.5632326346224685,0.00805015413144372,test,HKDPHP_RET
2024-12-13,-0.1982302545939932,-0.1380454264438274,test,HKDPHP_RET
2024-12-16,0.47652518052352594,0.05842852451312512,test,HKDPHP_RET
2024-12-17,0.09609454683247225,-0.11567302153021762,test,HKDPHP_RET
2024-12-18,0.5865440052166405,-0.017513661796678855,test,HKDPHP_RET
2024-12-19,0.7627080905396169,-0.1440602659687996,test,HKDPHP_RET
2024-12-20,-0.8964310390803418,-0.18951442315791475,test,HKDPHP_RET
2024-12-23,-0.2124391845217909,0.2385794795129568,test,HKDPHP_RET
2024-12-24,-0.4346809692919508,0.06209473680176011,test,HKDPHP_RET
2024-12-25,-2.307484697796708,0.11943794044291009,test,HKDPHP_RET
2024-12-26,1.5784103341586655,0.6026619466513623,test,HKDPHP_RET
2024-12-27,-0.08351645019631099,-0.39998330467254184,test,HKDPHP_RET
2024-12-30,-0.04071544122634756,0.028829873418641266,test,HKDPHP_RET
2024-12-31,0.20813193635901375,0.017786284221634238,test,HKDPHP_RET
2025-01-02,-1.4696957182040704,-0.04642173976989864,test,HKDPHP_RET
2025-01-03,1.3657151276787758,0.3864942079213306,test,HKDPHP_RET
2025-01-06,0.1245868673002852,-0.34510332541352723,test,HKDPHP_RET
2025-01-07,-0.3502637723014051,-0.024865298827871724,test,HKDPHP_RET
2025-01-08,0.25931707475205396,0.09765647156724303,test,HKDPHP_RET
2025-01-09,0.9347339803645774,-0.059628616313425406,test,HKDPHP_RET
2025-01-10,-0.7941133426816729,-0.2339008360999478,test,HKDPHP_RET
2025-01-13,0.7171333188454132,0.21217929330697374,test,HKDPHP_RET
2025-01-14,-0.15175592797114107,-0.17775514298086617,test,HKDPHP_RET
2025-01-15,-0.04921455530753452,0.04643713964202345,test,HKDPHP_RET
2025-01-16,-0.3787258682397185,0.019979240105384443,test,HKDPHP_RET
2025-01-17,0.29968380264669386,0.1050003100138815,test,HKDPHP_RET
2025-01-20,-0.1663962100998259,-0.07004410816336318,test,HKDPHP_RET
2025-01-21,-0.3530256905923057,0.05021465015984658,test,HKDPHP_RET
2025-01-22,0.27640377494727436,0.09836910642643085,test,HKDPHP_RET
2025-01-23,-0.0764711831868873,-0.0640373557854518,test,HKDPHP_RET
2025-01-24,-0.01316505138487875,0.027012041631313474,test,HKDPHP_RET
2025-01-27,-0.2542413915328623,0.010677685734152433,test,HKDPHP_RET
2025-01-28,0.3988844586214138,0.07288061341701678,test,HKDPHP_RET
2025-01-29,-0.7148633964985135,-0.0956400302928448,test,HKDPHP_RET
2025-01-30,0.703570277240405,0.19173108728113164,test,HKDPHP_RET
2025-01-31,-0.15502497812157845,-0.17425558389680953,test,HKDPHP_RET
2025-02-03,0.09693202501525194,0.047280625526928174,test,HKDPHP_RET
2025-02-04,0.27734900343390795,-0.017729749343086125,test,HKDPHP_RET
2025-02-05,-0.9662589688453156,-0.06428124524868889,test,HKDPHP_RET
2025-02-06,-0.3960716266100719,0.2565966008229475,test,HKDPHP_RET
2025-02-07,0.34079456745895054,0.10947589211726509,test,HKDPHP_RET
2025-02-10,-1.1413216455316524,-0.08065157768540053,test,HKDPHP_RET
2025-02-11,0.9437633270112104,0.3017665706806467,test,HKDPHP_RET
2025-02-12,0.32016840089543486,-0.23623060349287922,test,HKDPHP_RET
2025-02-13,-0.2552467538572496,-0.0753295790755929,test,HKDPHP_RET
2025-02-14,-0.07674242819735955,0.07314001871544032,test,HKDPHP_RET
2025-02-17,-0.2961304524380179,0.02708202873067124,test,HKDPHP_RET
2025-02-18,0.44060783152482874,0.08368890022188136,test,HKDPHP_RET
2025-02-19,0.6425560832064549,-0.1064055659974402,test,HKDPHP_RET
2025-02-20,-0.12137882811835934,-0.15851259768425816,test,HKDPHP_RET
2025-02-21,-0.5584740503970634,0.03859918862535445,test,HKDPHP_RET
2025-02-24,-0.14864548291024385,0.1513792419696111,test,HKDPHP_RET
2025-02-25,0.3628369390063283,0.045634577312324294,test,HKDPHP_RET
2025-02-26,-0.20063571687706064,-0.08633898791603006,test,HKDPHP_RET
2025-02-27,0.04584854392571329,0.0590491859863566,test,HKDPHP_RET
2025-02-28,0.27085768115246445,-0.004549102590065801,test,HKDPHP_RET
2025-03-03,-0.24495464808673176,-0.06260634322308598,test,HKDPHP_RET
2025-03-04,-0.2732759642495139,0.07048443206369785,test,HKDPHP_RET
2025-03-05,-0.05513389178218544,0.07779194627299638,test,HKDPHP_RET
2025-03-06,-0.5606872623951433,0.02150655737939497,test,HKDPHP_RET
2025-03-07,-0.1794945835485373,0.15195029869703156,test,HKDPHP_RET
2025-03-10,-0.12630884542825557,0.05359431477518466,test,HKDPHP_RET
2025-03-11,0.6002195374105391,0.03987124008430103,test,HKDPHP_RET
2025-03-12,-0.6788065784067412,-0.1475888500661008,test,HKDPHP_RET
2025-03-13,0.4264851934406507,0.18242764569553285,test,HKDPHP_RET
2025-03-14,-0.10830747374102008,-0.10276161887719543,test,HKDPHP_RET
2025-03-17,-0.05272029624838937,0.0352264955168079,test,HKDPHP_RET
2025-03-18,-3.1816538610991e-4,0.020883797350964795,test,HKDPHP_RET
2025-03-19,-0.06222979453045957,0.007362910338769839,test,HKDPHP_RET
2025-03-20,-0.40761730622578,0.023337454286261036,test,HKDPHP_RET
2025-03-21,0.27403863720456645,0.11245492802657318,test,HKDPHP_RET
2025-03-24,0.34742256133559696,-0.06342709891877063,test,HKDPHP_RET
2025-03-25,-0.2167095235099256,-0.0823617439486615,test,HKDPHP_RET
2025-03-26,0.4652045479762043,0.06319657693711808,test,HKDPHP_RET
2025-03-27,0.4253710953695308,-0.11275205264860497,test,HKDPHP_RET
2025-03-28,-0.770364125654168,-0.10247415739629295,test,HKDPHP_RET
2025-03-31,0.12485491702715457,0.20605147989990227,test,HKDPHP_RET
2025-04-01,-0.45575481484907726,-0.02493446147471476,test,HKDPHP_RET
2025-04-02,0.01805432863457549,0.12487544994875843,test,HKDPHP_RET
2025-04-03,-0.160900406354637,0.002622408155017442,test,HKDPHP_RET
2025-04-04,-0.18865552188180473,0.04879661352169556,test,HKDPHP_RET
2025-04-07,0.7265684786897418,0.0559580356791175,test,HKDPHP_RET
2025-04-08,0.05249093900465549,-0.18018961898590583,test,HKDPHP_RET
2025-04-09,0.34160918459736633,-0.0062629846760591,test,HKDPHP_RET
2025-04-10,-0.7013038020022659,-0.08086176658622339,test,HKDPHP_RET
2025-04-11,0.33490938768958506,0.18823241762594564,test,HKDPHP_RET
2025-04-14,0.09806267138266536,-0.07913307358263465,test,HKDPHP_RET
2025-04-15,-0.3397816512649103,-0.018021480643569357,test,HKDPHP_RET
2025-04-16,-0.7605762487825773,0.09495185685309945,test,HKDPHP_RET
2025-04-17,-0.19506162156492257,0.20352599524703835,test,HKDPHP_RET
2025-04-22,-0.09180938110632612,0.05761094842482119,test,HKDPHP_RET
2025-04-23,0.09961201197990092,0.030969629569568453,test,HKDPHP_RET
2025-04-24,-0.16338174150679236,-0.01842124414199816,test,HKDPHP_RET
2025-04-25,-0.16328464360511552,0.049436851841771774,test,HKDPHP_RET
2025-04-28,-0.26647618006908236,0.04941179847588587,test,HKDPHP_RET
2025-04-29,0.25301282127296515,0.07603745438310443,test,HKDPHP_RET
2025-04-30,-0.6428176743092554,-0.058001982098663835,test,HKDPHP_RET
2025-05-01,-0.3198468056828283,0.1731417273943537,test,HKDPHP_RET
2025-05-02,0.16831664243853636,0.08980823405979613,test,HKDPHP_RET
2025-05-05,-0.3619968204256358,-0.036148529852711504,test,HKDPHP_RET
2025-05-06,-0.1133160069335688,0.10068385261808811,test,HKDPHP_RET
2025-05-07,-0.29481847030141045,0.0365188057774585,test,HKDPHP_RET
2025-05-08,-0.01925962560585337,0.08335038035753255,test,HKDPHP_RET
2025-05-09,-0.2944102317317824,0.01225021814978652,test,HKDPHP_RET
2025-05-12,-0.08929535859860654,0.08324504594682952,test,HKDPHP_RET
2025-05-13,0.4073322153719613,0.030320957202364017,test,HKDPHP_RET
2025-05-14,-0.01941997100218399,-0.09781973487071492,test,HKDPHP_RET
2025-05-15,0.0416948046439845,0.01229159074191278,test,HKDPHP_RET
2025-05-16,-0.31305709737908377,-0.003477347709448953,test,HKDPHP_RET
2025-05-19,0.1774405049311137,0.0880563419647597,test,HKDPHP_RET
2025-05-20,-0.11757901563000953,-0.0385026843851132,test,HKDPHP_RET
2025-05-21,-0.5880334039333589,0.037618754538474825,test,HKDPHP_RET
2025-05-22,-0.01840560688351538,0.15900619668960453,test,HKDPHP_RET
2025-05-23,0.13825532058978138,0.012029862785204525,test,HKDPHP_RET
2025-05-26,-0.3749580624126692,-0.028392056414208222,test,HKDPHP_RET
2025-05-27,-0.25960989569309073,0.1040281343402374,test,HKDPHP_RET
2025-05-28,0.33299443306731724,0.07426580399954703,test,HKDPHP_RET
2025-05-29,-0.04027405643379659,-0.0786389737310616,test,HKDPHP_RET
2025-05-30,0.2291056488385305,0.017672397366065955,test,HKDPHP_RET
2025-06-02,0.3319858951853194,-0.05183341276859993,test,HKDPHP_RET
2025-06-03,-0.45577947360478377,-0.07837874906985748,test,HKDPHP_RET
2025-06-04,0.10979435598043552,0.12488181244288382,test,HKDPHP_RET
2025-06-05,0.01810223867268777,-0.021048509874995888,test,HKDPHP_RET
2025-06-06,-0.1572904348236457,0.0026100463254237457,test,HKDPHP_RET
2025-06-09,0.09903390304367944,0.04786516252181057,test,HKDPHP_RET
2025-06-10,-0.12845645572152725,-0.01827207949012677,test,HKDPHP_RET
2025-06-11,0.40442251073877233,0.04042537014816939,test,HKDPHP_RET
2025-06-12,-0.03901400463078246,-0.09706896792790483,test,HKDPHP_RET
2025-06-13,-2.842229690510029,0.01734727665479483,test,HKDPHP_RET
2025-06-16,4.170814583786967,0.7406377599978831,test,HKDPHP_RET
2025-06-17,-0.22479238672273905,-1.0688798623579363,test,HKDPHP_RET
2025-06-18,-0.5210415908257383,0.06528213106320317,test,HKDPHP_RET
2025-06-19,1.0435247768393396,0.14172085502762585,test,HKDPHP_RET
2025-06-20,-0.09467277880237092,-0.2619712226070886,test,HKDPHP_RET
2025-06-23,1.0314786527997963,0.0317084483176257,test,HKDPHP_RET
2025-06-24,-0.42266445229577343,-0.25886306117560776,test,HKDPHP_RET
2025-06-25,-1.512733472627115,0.11633741827116025,test,HKDPHP_RET
2025-06-26,0.4698302725876652,0.39759888258316683,test,HKDPHP_RET
2025-06-27,-0.14787929563823468,-0.11394558998748659,test,HKDPHP_RET
2025-06-30,0.4547285548359541,0.04543688436807659,test,HKDPHP_RET
2025-07-01,-1.931606415999276,-0.11004901906468229,test,HKDPHP_RET
2025-07-02,0.379979524041377,0.5056771925031418,test,HKDPHP_RET
2025-07-03,0.7328090578934293,-0.0907621468895649,test,HKDPHP_RET
2025-07-04,0.2440300388688654,-0.181799823855732,test,HKDPHP_RET
2025-07-07,0.4099155503255651,-0.055684229290859755,test,HKDPHP_RET
2025-07-08,0.0743636019793533,-0.0984862913532009,test,HKDPHP_RET
2025-07-09,-0.3969813671653595,-0.011906606411861248,test,HKDPHP_RET
2025-07-10,0.3881295274100276,0.10971062492404317,test,HKDPHP_RET
2025-07-11,-0.1480161426267452,-0.09286502463295557,test,HKDPHP_RET
2025-07-14,0.10946701741261768,0.045472193861014434,test,HKDPHP_RET
2025-07-15,0.32829479637717207,-0.02096404942048058,test,HKDPHP_RET
2025-07-16,0.1354495093885896,-0.07742636547181314,test,HKDPHP_RET
2025-07-17,-1.2124273463910422,-0.027668096231585705,test,HKDPHP_RET
2025-07-18,2.0876706779387204,0.3201133846636406,test,HKDPHP_RET
2025-07-21,-0.37913156454779345,-0.5313835255173427,test,HKDPHP_RET
2025-07-22,-0.06965715497819257,0.10510498846593076,test,HKDPHP_RET
2025-07-23,-0.355847058869347,0.025253874473000655,test,HKDPHP_RET
2025-07-24,-0.42030950687800656,0.09909708067224773,test,HKDPHP_RET
2025-07-25,0.39120750450629255,0.11572979124551132,test,HKDPHP_RET
2025-07-28,0.6443435557881289,-0.09365920952314825,test,HKDPHP_RET
2025-07-29,-0.2307747535017921,-0.1589738044026973,test,HKDPHP_RET
2025-07-30,0.4148926612985578,0.06682571152365559,test,HKDPHP_RET
2025-07-31,0.06508638929081252,-0.09977049399926984,test,HKDPHP_RET
2025-08-01,1.5602425195721394,-0.009512884200840366,test,HKDPHP_RET
2025-08-04,-0.78768871800069,-0.3952956142248286,test,HKDPHP_RET
2025-08-05,-0.6514955935642269,0.21052160070978476,test,HKDPHP_RET
2025-08-06,0.2837141726268902,0.17538081889343396,test,HKDPHP_RET
2025-08-07,-0.34681951040033426,-0.0659235970396495,test,HKDPHP_RET
2025-08-08,-0.3433798917100839,0.096767777248167,test,HKDPHP_RET
2025-08-11,-0.4106879563480795,0.09588028097825126,test,HKDPHP_RET
2025-08-12,0.24485136740813265,0.11324722239847017,test,HKDPHP_RET
2025-08-13,-0.23809869669167336,-0.05589614987875549,test,HKDPHP_RET
2025-08-14,-0.41750098445659295,0.06871544781347125,test,HKDPHP_RET
2025-08-15,0.9460803027426148,0.11500513150923171,test,HKDPHP_RET
2025-08-18,0.1000212417489305,-0.23682843351541497,test,HKDPHP_RET
2025-08-19,-0.07207044021844208,-0.01852683430365814,test,HKDPHP_RET
2025-08-20,0.5681573365281168,0.025876554438961717,test,HKDPHP_RET
2025-08-21,-0.25548345280282997,-0.13931610641312123,test,HKDPHP_RET
2025-08-22,0.14623741181053057,0.07320109218032496,test,HKDPHP_RET
2025-08-25,-1.3541787483012782,-0.03045160917935104,test,HKDPHP_RET
2025-08-26,0.4597053028022533,0.3566883226959442,test,HKDPHP_RET
2025-08-27,0.7027370970795788,-0.1113331280471462,test,HKDPHP_RET
2025-08-28,-0.44686922320393624,-0.17404060533334348,test,HKDPHP_RET
2025-08-29,0.42224585083378746,0.12258277446603419,test,HKDPHP_RET
2025-09-01,0.3524068224904897,-0.1016677764809,test,HKDPHP_RET
2025-09-02,-2.105198896345936,-0.08364779149683645,test,HKDPHP_RET
2025-09-03,2.1332377519802725,0.5504678197984793,test,HKDPHP_RET
2025-09-04,0.12779003993277752,-0.54314081953295,test,HKDPHP_RET
2025-09-05,-0.7093869917995996,-0.02569178688344923,test,HKDPHP_RET
2025-09-08,-0.2725881441788677,0.1903180560179246,test,HKDPHP_RET
2025-09-09,0.0583571233278528,0.07761447376745324,test,HKDPHP_RET
2025-09-10,0.6879251226418264,-0.007776587541467652,test,HKDPHP_RET
2025-09-11,0.02772585678660583,-0.1702187944736532,test,HKDPHP_RET
2025-09-12,0.11092612003915492,1.2694399684147917e-4,test,HKDPHP_RET
2025-09-15,0.244369976357262,-0.021340529564092596,test,HKDPHP_RET
2025-09-16,-0.21082518067621744,-0.055771940540310636,test,HKDPHP_RET
2025-09-17,-0.7094678892063591,0.061678288781915266,test,HKDPHP_RET
2025-09-18,0.17698417887252693,0.1903389293045329,test,HKDPHP_RET
2025-09-19,0.7935221760316737,-0.03838494235864699,test,HKDPHP_RET
2025-09-22,-0.09335264712787449,-0.1974651259531349,test,HKDPHP_RET
2025-09-23,-0.4342344744978974,0.03136782569563735,test,HKDPHP_RET
2025-09-24,0.61172250939573,0.11932273509605511,test,HKDPHP_RET
2025-09-25,0.7143534374070506,-0.15055686647987923,test,HKDPHP_RET
2025-09-26,0.5805493355459405,-0.17703787323979053,test,HKDPHP_RET
2025-09-29,0.20859012114952735,-0.1425135110953005,test,HKDPHP_RET
2025-09-30,-0.16593349780030955,-0.04653996138954083,test,HKDPHP_RET
2025-10-01,0.3125736656683536,0.05009526034462407,test,HKDPHP_RET
2025-10-02,-0.14046997141567916,-0.0733699725633543,test,HKDPHP_RET
2025-10-03,-0.3135179160880224,0.04352511791886134,test,HKDPHP_RET
2025-10-06,-0.10837069942135172,0.08817524319251778,test,HKDPHP_RET
2025-10-07,0.5534925328680955,0.03524280911447972,test,HKDPHP_RET
2025-10-08,-0.402640655468154,-0.13553226880803826,test,HKDPHP_RET
2025-10-09,0.03077124289421519,0.1111708441260566,test,HKDPHP_RET
2025-10-10,0.7106282947363162,-6.588317109768108e-4,test,HKDPHP_RET
2025-10-13,-0.31881145393316396,-0.1760767055863667,test,HKDPHP_RET
2025-10-14,-0.24133630768499084,0.08954109083880993,test,HKDPHP_RET
2025-10-15,0.07856150576121375,0.06955082171353524,test,HKDPHP_RET
2025-10-16,-0.16315007851104968,-0.012989756691985795,test,HKDPHP_RET
2025-10-17,0.12998707821226343,0.04937707776123724,test,HKDPHP_RET
2025-10-20,0.15424971687541963,-0.02625867044046465,test,HKDPHP_RET
2025-10-21,0.07991313321129084,-0.032518957771993554,test,HKDPHP_RET
2025-10-22,-0.0484046270371663,-0.0133385059076065,test,HKDPHP_RET
2025-10-23,0.37071769002042554,0.019770261034277356,test,HKDPHP_RET
2025-10-24,0.39231460957550407,-0.08837239270853538,test,HKDPHP_RET
2025-10-27,0.10775964387863736,-0.09394486665779375,test,HKDPHP_RET
2025-10-28,-0.9469073937841864,-0.02052350999468449,test,HKDPHP_RET
2025-10-29,-0.3723826018065882,0.2516034744823948,test,HKDPHP_RET
2025-10-30,-1.7299211873662517,0.1033636096103042,test,HKDPHP_RET
2025-10-31,3.394529697768984,0.45363802647108303,test,HKDPHP_RET
2025-11-03,-0.6311002960688072,-0.8685815145539322,test,HKDPHP_RET
2025-11-04,0.13406715415890247,0.17011838951359792,test,HKDPHP_RET
2025-11-05,-0.02218132603526918,-0.02731141858196038,test,HKDPHP_RET
2025-11-06,0.1826879783060738,0.01300408026836019,test,HKDPHP_RET
2025-11-07,0.20922855784223657,-0.03985664639839096,test,HKDPHP_RET
2025-11-10,-0.6203858957795749,-0.04670469191184053,test,HKDPHP_RET
2025-11-11,0.7203793277138174,0.16735384171124093,test,HKDPHP_RET
2025-11-12,0.05846099097240574,-0.17859268371495624,test,HKDPHP_RET
2025-11-13,0.4049927311095462,-0.007803387647934963,test,HKDPHP_RET
2025-11-14,-0.47028482957946216,-0.09721609715869027,test,HKDPHP_RET
2025-11-17,0.10382806977064808,0.12862450908475778,test,HKDPHP_RET
2025-11-18,-0.03923641649716877,-0.019509078550400245,test,HKDPHP_RET
2025-11-19,-0.4030925662169656,0.01740466374318412,test,HKDPHP_RET
2025-11-20,0.16755303863252496,0.11128744690677819,test,HKDPHP_RET
2025-11-21,0.12909424394440025,-0.03595150349875852,test,HKDPHP_RET
2025-11-24,-0.5736702950432468,-0.026028299822748346,test,HKDPHP_RET
2025-11-25,0.5586587761583884,0.15530020288264562,test,HKDPHP_RET
2025-11-26,-0.13499807613421055,-0.13686527169658763,test,HKDPHP_RET
2025-11-27,-0.04524584785490371,0.04211325018322015,test,HKDPHP_RET
2025-11-28,-0.2705744725175773,0.018955227452301597,test,HKDPHP_RET
2025-12-01,-0.28137610081827724,0.07709490277742001,test,HKDPHP_RET
2025-12-02,-0.09864743848008374,0.07988195729978906,test,HKDPHP_RET
2025-12-03,-0.07786429629652492,0.03273399677395701,test,HKDPHP_RET
2025-12-04,0.8247960422193255,0.02737149504743737,test,HKDPHP_RET
2025-12-05,0.368643663727756,-0.2055344621461431,test,HKDPHP_RET
2025-12-08,-0.36901203884200695,-0.08783724891376858,test,HKDPHP_RET
2025-12-09,0.4560083232160804,0.10249393121628307,test,HKDPHP_RET
2025-12-10,0.3181842429836533,-0.11037922708074453,test,HKDPHP_RET
2025-12-11,-0.558189899870642,-0.07481762327345085,test,HKDPHP_RET
2025-12-12,-0.3268218024716874,0.15130592496705836,test,HKDPHP_RET
2025-12-15,0.4716720229312237,0.09160793460518887,test,HKDPHP_RET
2025-12-16,-0.584005362092862,-0.11442080154644728,test,HKDPHP_RET
2025-12-17,-0.449293220298688,0.1579668744767562,test,HKDPHP_RET
2025-12-18,0.33989806844157117,0.12320821832292933,test,HKDPHP_RET
2025-12-19,-0.11475595453040702,-0.08042026148277535,test,HKDPHP_RET
2025-12-22,-0.14491192925925794,0.03689034350769889,test,HKDPHP_RET
2025-12-23,0.4934892951081361,0.04467123944345748,test,HKDPHP_RET
2025-12-24,-0.02651822163522352,-0.12005013125430995,test,HKDPHP_RET
2025-12-26,0.07495955526496553,0.01412309345400295,test,HKDPHP_RET
2025-12-29,-0.2583444564109844,-0.012060375293139884,test,HKDPHP_RET
2025-12-30,0.3998630188012952,0.07393929320174913,test,HKDPHP_RET
2025-12-31,-0.02675716169806176,-0.09589252005631611,test,HKDPHP_RET
2026-01-02,-0.01427919238203825,0.014184745175777648,test,HKDPHP_RET
2026-01-05,-0.4480223540973837,0.010965158290904727,test,HKDPHP_RET
2026-01-06,0.7937860007679167,0.12288030726220142,test,HKDPHP_RET
2026-01-07,0.2687984297154051,-0.19753319846070408,test,HKDPHP_RET
2026-01-08,0.06216085088861498,-0.06207501166171579,test,HKDPHP_RET
2026-01-09,-0.4097422735234853,-0.008758031801995957,test,HKDPHP_RET
2026-01-12,0.04851042992390844,0.11300321570617905,test,HKDPHP_RET
2026-01-13,-0.0846661170660215,-0.005235926946799122,test,HKDPHP_RET
2026-01-14,0.4095623011379546,0.029126512421506878,test,HKDPHP_RET
2026-01-15,0.19256781282431845,-0.09839514539645758,test,HKDPHP_RET
2026-01-16,-0.19301324024100672,-0.042405858119789246,test,HKDPHP_RET
2026-01-19,-0.07376034841788044,0.0570824215885491,test,HKDPHP_RET
2026-01-20,0.03220103601865987,0.026312587429407057,test,HKDPHP_RET
2026-01-21,-0.03206044194251494,-0.0010277493669636883,test,HKDPHP_RET
2026-01-22,-0.31065348748556326,0.015553106572525207,test,HKDPHP_RET
2026-01-23,-0.19339845802854053,0.08743615844823255,test,HKDPHP_RET
2026-01-26,-0.1029256667259845,0.05718181613786659,test,HKDPHP_RET
2026-01-27,0.12633059629826746,0.03383787250903411,test,HKDPHP_RET
2026-01-28,-0.6238328952292417,-0.025315218752379548,test,HKDPHP_RET
2026-01-29,-0.05574100807435885,0.16824324237726596,test,HKDPHP_RET
2026-01-30,0.18199239647476215,0.02166320655862994,test,HKDPHP_RET
2026-02-02,-0.4781760518133375,-0.03967717119014766,test,HKDPHP_RET
2026-02-03,0.5336270356329579,0.130660615679216,test,HKDPHP_RET
2026-02-04,0.03911773369079215,-0.13040653939326913,test,HKDPHP_RET
2026-02-05,0.0340230203261886,-0.0028124074750127005,test,HKDPHP_RET
2026-02-06,-0.4033747797056049,-0.0014978608596591322,test,HKDPHP_RET
2026-02-09,-0.897893774425935,0.11136026411154488,test,HKDPHP_RET
2026-02-10,0.4283766409866322,0.2389568969769238,test,HKDPHP_RET
2026-02-11,0.04337240404913023,-0.10324965339292765,test,HKDPHP_RET
2026-02-12,-0.3554859052620042,-0.003910204763836956,test,HKDPHP_RET
2026-02-13,-0.6260772074046206,0.09900389520366895,test,HKDPHP_RET
2026-02-16,-0.31746050153944777,0.16882232362537672,test,HKDPHP_RET
2026-02-17,0.29060106798304625,0.08919251580238065,test,HKDPHP_RET
2026-02-18,-0.3149392581528611,-0.06770056550339616,test,HKDPHP_RET
2026-02-19,0.39518911826005065,0.08854198029171842,test,HKDPHP_RET
2026-02-20,0.12236438016467131,-0.09468655228201908,test,HKDPHP_RET
2026-02-23,-0.1749721121691841,-0.02429184891367514,test,HKDPHP_RET
2026-02-24,-0.6029145524131567,0.05242741901102526,test,HKDPHP_RET
2026-02-25,0.06479376123477171,0.16284585595338225,test,HKDPHP_RET
2026-02-26,-0.1745150859155091,-0.009437379811663435,test,HKDPHP_RET
2026-02-27,0.01030256988435754,0.05230949631903041,test,HKDPHP_RET
2026-03-02,0.13716658462616033,0.0046225301440057974,test,HKDPHP_RET
2026-03-03,1.038310012727066,-0.028111138907457943,test,HKDPHP_RET
2026-03-04,0.3224395424648499,-0.260625700293452,test,HKDPHP_RET
2026-03-05,-0.02275982933347913,-0.07591558288962605,test,HKDPHP_RET
2026-03-06,0.655540576095308,0.013153346674183188,test,HKDPHP_RET
2026-03-09,0.46123235936682205,-0.1618628786436763,test,HKDPHP_RET
2026-03-10,0.15144331390201926,-0.11172714178153094,test,HKDPHP_RET
2026-03-11,-2.0488744111065373,-0.03179484489929836,test,HKDPHP_RET
2026-03-12,2.163753119661983,0.5359348802326545,test,HKDPHP_RET
2026-03-13,0.32450937269955277,-0.5510144466502203,test,HKDPHP_RET
2026-03-16,-2.2115208114860696,-0.0764496440103731,test,HKDPHP_RET
2026-03-17,2.52832591441002,0.577901181340743,test,HKDPHP_RET
2026-03-18,-0.7914987354925074,-0.6450821397839862,test,HKDPHP_RET
2026-03-19,0.8773823422945773,0.21150466790903164,test,HKDPHP_RET
2026-03-20,-0.36042757227038685,-0.21910286881219085,test,HKDPHP_RET
2026-03-23,-0.1265895167538297,0.10027895253765094,test,HKDPHP_RET
2026-03-24,0.12974978789219335,0.03994365937752833,test,HKDPHP_RET
2026-03-25,0.8964757169908836,-0.02619744438812744,test,HKDPHP_RET
2026-03-26,0.0870836722777166,-0.22402937385506286,test,HKDPHP_RET
2026-03-27,0.2517437373537675,-0.01518866060433967,test,HKDPHP_RET
2026-03-30,0.43957623768925314,-0.05767453090539916,test,HKDPHP_RET
2026-03-31,0.2680023383280864,-0.10613939239984448,test,HKDPHP_RET
2026-04-01,-0.2603595367779242,-0.06186960280672846,test,HKDPHP_RET
2026-04-02,-0.6526075145006831,0.07445922766841216,test,HKDPHP_RET
2026-04-03,0.04116020602222979,0.17566771862634425,test,HKDPHP_RET
2022-12-30,-0.4571568571523478,-0.1810383206022011,val,SGDPHP_RET
2023-01-02,0.49847443622755544,0.14598237482540447,val,SGDPHP_RET
2023-01-03,-0.14611012082019545,-0.14024664541742243,val,SGDPHP_RET
2023-01-04,-0.06634805855860101,0.05281819821583052,val,SGDPHP_RET
2023-01-05,0.5672903461390689,0.028928004276139625,val,SGDPHP_RET
2023-01-06,-0.5323668171040394,-0.16085826687387964,val,SGDPHP_RET
2023-01-09,0.1576326132213615,0.16850913101118895,val,SGDPHP_RET
2023-01-10,-1.2190678041724567,-0.03815829635154666,val,SGDPHP_RET
2023-01-11,-0.03908740063139605,0.3741886143956211,val,SGDPHP_RET
2023-01-12,0.6426888324204935,0.02076293950300772,val,SGDPHP_RET
2023-01-13,0.5775505399397294,-0.1834414901375248,val,SGDPHP_RET
2023-01-16,-0.16052967516503558,-0.16393138224735987,val,SGDPHP_RET
2023-01-17,-0.4638578744636781,0.05713711801372062,val,SGDPHP_RET
2023-01-18,0.14415130682593552,0.1479894518570372,val,SGDPHP_RET
2023-01-19,-0.01666208124630828,-0.0341203989449973,val,SGDPHP_RET
2023-01-20,0.04648252621875806,0.014046146906645542,val,SGDPHP_RET
2023-01-23,-0.30246655452486615,-0.004866815920701657,val,SGDPHP_RET
2023-01-24,-0.27618696920873304,0.09964980485950176,val,SGDPHP_RET
2023-01-25,0.576980655360527,0.09177858924576791,val,SGDPHP_RET
2023-01-26,0.4149682555641244,-0.1637606914109603,val,SGDPHP_RET
2023-01-27,-0.3246296231329145,-0.11523501965642684,val,SGDPHP_RET
2023-01-30,-0.00114829398700724,0.10628804855997709,val,SGDPHP_RET
2023-01-31,0.2788434868342653,0.009399484372416342,val,SGDPHP_RET
2023-02-01,0.03198100387953147,-0.07446316606159105,val,SGDPHP_RET
2023-02-02,-0.326642642644681,-5.233452119246512e-4,val,SGDPHP_RET
2023-02-03,-1.0496365164659731,0.10689098465737586,val,SGDPHP_RET
2023-02-06,-1.427774320394292,0.3234408502582781,val,SGDPHP_RET
2023-02-07,2.080188234724217,0.4367000265587652,val,SGDPHP_RET
2023-02-08,0.7934278049422029,-0.6139988069304922,val,SGDPHP_RET
2023-02-09,-0.7471842332711882,-0.22859056459353158,val,SGDPHP_RET
2023-02-10,-0.20986242486963536,0.23285086928050594,val,SGDPHP_RET
2023-02-13,-0.7781191611241594,0.07191317726549601,val,SGDPHP_RET
2023-02-14,0.6409173092160628,0.242116444981069,val,SGDPHP_RET
2023-02-15,0.45566330884710893,-0.18291088659340246,val,SGDPHP_RET
2023-02-16,0.30770303001629573,-0.12742393112323422,val,SGDPHP_RET
2023-02-17,-0.45344970196841566,-0.08310712616092222,val,SGDPHP_RET
2023-02-20,0.40527956794665104,0.14487201416273499,val,SGDPHP_RET
2023-02-21,-0.8064439146844441,-0.11233308081934675,val,SGDPHP_RET
2023-02-22,0.03009653334704031,0.25060022582452113,val,SGDPHP_RET
2023-02-23,-0.00319755272191012,4.108811913935452e-5,val,SGDPHP_RET
2023-02-24,-0.4903546729653238,0.010013274778798655,val,SGDPHP_RET
2023-02-27,-0.7626685493104549,0.1559257267857012,val,SGDPHP_RET
2023-02-28,1.1552343427971876,0.23748870464625058,val,SGDPHP_RET
2023-03-01,0.0718100050517356,-0.3369582285294931,val,SGDPHP_RET
2023-03-02,-0.6024006657237995,-0.012452858259210695,val,SGDPHP_RET
2023-03-03,-0.1837954128700696,0.18948554734783915,val,SGDPHP_RET
2023-03-06,1.1379972732505497,0.06410563124122867,val,SGDPHP_RET
2023-03-07,-0.8208130806465432,-0.3317954114865917,val,SGDPHP_RET
2023-03-08,-0.3369120134773733,0.25490405338179134,val,SGDPHP_RET
2023-03-09,0.34614447958800965,0.10996684871950348,val,SGDPHP_RET
2023-03-10,-0.3450893665043158,-0.09462104217000328,val,SGDPHP_RET
2023-03-13,0.214866996195838,0.11241611525283683,val,SGDPHP_RET
2023-03-14,0.2063198464184262,-0.055301039035334607,val,SGDPHP_RET
2023-03-15,-0.43751342961608314,-0.05274101162350234,val,SGDPHP_RET
2023-03-16,-0.16502525628282233,0.140098809629428,val,SGDPHP_RET
2023-03-17,-0.392677127860895,0.05848362663862677,val,SGDPHP_RET
2023-03-20,0.4772899807867168,0.12666951863445697,val,SGDPHP_RET
2023-03-21,-0.5405637110405253,-0.13390151422800406,val,SGDPHP_RET
2023-03-22,0.05909116551780269,0.17096425040370763,val,SGDPHP_RET
2023-03-23,0.7865002250256458,-0.008643333598766054,val,SGDPHP_RET
2023-03-24,0.02073537469835371,-0.226515627925063,val,SGDPHP_RET
2023-03-27,-0.3051043858587614,0.0028449260500578062,val,SGDPHP_RET
2023-03-28,-0.2995723521729523,0.10043988350541577,val,SGDPHP_RET
2023-03-29,0.6195767844167893,0.09878293841288001,val,SGDPHP_RET
2023-03-30,-0.1727794962535332,-0.1765190097816251,val,SGDPHP_RET
2023-03-31,0.16785950671583205,0.06080616308643855,val,SGDPHP_RET
2023-04-03,-0.5082692903043933,-0.04122143767532743,val,SGDPHP_RET
2023-04-04,1.0358454581964986,0.16129148176307462,val,SGDPHP_RET
2023-04-05,-0.41884741842889495,-0.301199077794405,val,SGDPHP_RET
2023-04-06,0.21657914161056133,0.13450799847562606,val,SGDPHP_RET
2023-04-07,-0.2088962125888866,-0.05581385784732247,val,SGDPHP_RET
2023-04-10,0.208813475764334,0.07162377904634899,val,SGDPHP_RET
2023-04-11,0.08972896421969402,-0.053487899141180364,val,SGDPHP_RET
2023-04-12,0.537325085536129,-0.017819913693609284,val,SGDPHP_RET
2023-04-13,0.664214620233171,-0.1518831242188444,val,SGDPHP_RET
2023-04-14,0.5702715829166073,-0.1898888566043409,val,SGDPHP_RET
2023-04-17,-0.5742192561686477,-0.16175120172004678,val,SGDPHP_RET
2023-04-18,1.0736275682473009,0.18104470065109307,val,SGDPHP_RET
2023-04-19,0.5128844671923061,-0.3125155095787801,val,SGDPHP_RET
2023-04-20,-0.1039947739197421,-0.14456271278909827,val,SGDPHP_RET
2023-04-21,-0.4172097958086593,0.04020388287893069,val,SGDPHP_RET
2023-04-24,-0.22606699836566263,0.13401750060122128,val,SGDPHP_RET
2023-04-25,-0.3568036742081025,0.07676674288997047,val,SGDPHP_RET
2023-04-26,-0.7743800656144524,0.11592476428945321,val,SGDPHP_RET
2023-04-27,0.4782189851390458,0.24099651760766483,val,SGDPHP_RET
2023-04-28,0.08846250828744105,-0.13417976799324857,val,SGDPHP_RET
2023-05-01,-0.2528169070257907,-0.017440587019000923,val,SGDPHP_RET
2023-05-02,-0.05571865577884526,0.08477882893237443,val,SGDPHP_RET
2023-05-03,0.00974897519748117,0.02574430407241851,val,SGDPHP_RET
2023-05-04,0.13475707359137454,0.006135553289784362,val,SGDPHP_RET
2023-05-05,0.24765755686970095,-0.03130665457173508,val,SGDPHP_RET
2023-05-08,-0.00596228877350262,-0.06512241064581994,val,SGDPHP_RET
2023-05-09,0.3086906489765781,0.010841363704683955,val,SGDPHP_RET
2023-05-10,0.4585521181627667,-0.0834029360714318,val,SGDPHP_RET
2023-05-11,-0.02882661499002393,-0.12828918225703145,val,SGDPHP_RET
2023-05-12,-0.11607628773368033,0.01768964686242855,val,SGDPHP_RET
2023-05-15,-0.5629637779475419,0.043822516849971,val,SGDPHP_RET
2023-05-16,0.5618653041278263,0.17767347942182884,val,SGDPHP_RET
2023-05-17,-0.06341493524231435,-0.15923336774132596,val,SGDPHP_RET
2023-05-18,-0.47308406117651497,0.028049480290070903,val,SGDPHP_RET
2023-05-19,-0.8009680498833771,0.1507528632288568,val,SGDPHP_RET
2023-05-22,-0.04688339587456675,0.24896010433849472,val,SGDPHP_RET
2023-05-23,-0.24816382671013745,0.023097982417287208,val,SGDPHP_RET
2023-05-24,0.4036438031042591,0.08338514642209362,val,SGDPHP_RET
2023-05-25,-0.3807845184045773,-0.11184313938332538,val,SGDPHP_RET
2023-05-26,0.2486606260833749,0.12310746496753171,val,SGDPHP_RET
2023-05-29,-0.15801336190945325,-0.06542284818931038,val,SGDPHP_RET
2023-05-30,0.2990684842520689,0.05638343625093323,val,SGDPHP_RET
2023-05-31,0.6363985406476498,-0.08052092205536664,val,SGDPHP_RET
2023-06-01,-0.05371775845595335,-0.18155743290367826,val,SGDPHP_RET
2023-06-02,-0.15571955650331248,0.025144998791914088,val,SGDPHP_RET
2023-06-05,-0.3837392762170568,0.055696399651592426,val,SGDPHP_RET
2023-06-06,0.12199407045772633,0.1239924688802119,val,SGDPHP_RET
2023-06-07,0.2546630880813851,-0.02748390210683858,val,SGDPHP_RET
2023-06-08,0.00763348117182646,-0.06722069515041051,val,SGDPHP_RET
2023-06-09,0.3159817387755247,0.006769182375067972,val,SGDPHP_RET
2023-06-12,-0.05291759750756709,-0.08558675058662403,val,SGDPHP_RET
2023-06-13,-0.0056394269761693,0.02490533597856781,val,SGDPHP_RET
2023-06-14,-0.21400625350864672,0.010744660701585649,val,SGDPHP_RET
2023-06-15,0.17113881673704587,0.07315432960072711,val,SGDPHP_RET
2023-06-16,0.0347583712191687,-0.04220365090018399,val,SGDPHP_RET
2023-06-19,-0.18048535487474532,-0.0013552174392008672,val,SGDPHP_RET
2023-06-20,-0.2320726864396311,0.06311420843673084,val,SGDPHP_RET
2023-06-21,-0.4854525810145384,0.07856555611972169,val,SGDPHP_RET
2023-06-22,0.31209905732626053,0.15445746074425445,val,SGDPHP_RET
2023-06-23,-0.43760701427310605,-0.0844238166027365,val,SGDPHP_RET
2023-06-26,-0.14502902034907178,0.14012683994287103,val,SGDPHP_RET
2023-06-27,-0.2560726882048333,0.05249438888604252,val,SGDPHP_RET
2023-06-28,-0.691178982766126,0.08575399483941211,val,SGDPHP_RET
2023-06-29,0.01310011737521757,0.21607627421275596,val,SGDPHP_RET
2023-06-30,0.03595462305446071,0.0051318250225408325,val,SGDPHP_RET
2023-07-03,-0.04624436486341452,-0.0017135167049860001,val,SGDPHP_RET
2023-07-04,0.12157129047449151,0.02290658096204607,val,SGDPHP_RET
2023-07-05,0.13654199579865023,-0.027357271782760786,val,SGDPHP_RET
2023-07-06,0.04269662682715697,-0.03184127136184796,val,SGDPHP_RET
2023-07-07,0.3679821284974126,-0.0037328699301269162,val,SGDPHP_RET
2023-07-10,0.2935746226241768,-0.10116181672923528,val,SGDPHP_RET
2023-07-11,0.15567874446306285,-0.07887541019112079,val,SGDPHP_RET
2023-07-12,-0.21160504860731655,-0.03757307698478346,val,SGDPHP_RET
2023-07-13,-0.5528382393756393,0.07243512489168168,val,SGDPHP_RET
2023-07-14,0.20337107339077287,0.174640695747891,val,SGDPHP_RET
2023-07-17,0.08169961617370022,-0.05185780026314753,val,SGDPHP_RET
2023-07-18,0.02806607295542635,-0.015414977354338714,val,SGDPHP_RET
2023-07-19,-0.1088545301581706,6.492480784872825e-4,val,SGDPHP_RET
2023-07-20,0.3334661576944804,0.041659468601562916,val,SGDPHP_RET
2023-07-21,-0.05061012050839943,-0.0908236532826289,val,SGDPHP_RET
2023-07-24,-0.23582866908810948,0.0242142044875001,val,SGDPHP_RET
2023-07-25,-0.485966102425447,0.07969054149951255,val,SGDPHP_RET
2023-07-26,0.3756888124703807,0.15461126978267367,val,SGDPHP_RET
2023-07-27,0.04289476072898735,-0.10347010928744772,val,SGDPHP_RET
2023-07-28,0.19832572379160163,-0.0037922146512454746,val,SGDPHP_RET
2023-07-31,0.19197666767011484,-0.05034662594041717,val,SGDPHP_RET
2023-08-01,-0.22177526079032475,-0.04844496771123499,val,SGDPHP_RET
2023-08-02,-0.0758381517756589,0.0754812891277945,val,SGDPHP_RET
2023-08-03,0.312800329125824,0.03177046046436715,val,SGDPHP_RET
2023-08-04,0.7878734482211259,-0.08463386031049647,val,SGDPHP_RET
2023-08-07,-1.0199964786702784,-0.22692693334436007,val,SGDPHP_RET
2023-08-08,1.865497210926181,0.31456311777191703,val,SGDPHP_RET
2023-08-09,-0.3954213763811767,-0.5496949254833909,val,SGDPHP_RET
2023-08-10,0.13774053663700953,0.1274914711706542,val,SGDPHP_RET
2023-08-11,-0.4914686722530104,-0.03220025622584427,val,SGDPHP_RET
2023-08-14,0.4624693784000746,0.15625938991171498,val,SGDPHP_RET
2023-08-15,0.3216259624728701,-0.12946247321927612,val,SGDPHP_RET
2023-08-16,-0.2005253227715535,-0.0872772986359754,val,SGDPHP_RET
2023-08-17,-0.5556285179671007,0.06911654471070716,val,SGDPHP_RET
2023-08-18,0.3211546887343097,0.17547643513082167,val,SGDPHP_RET
2023-08-21,-0.9130987622790252,-0.08713614354678066,val,SGDPHP_RET
2023-08-22,0.15239289827694175,0.2825452999787733,val,SGDPHP_RET
2023-08-23,-0.226752180339349,-0.03658890605920015,val,SGDPHP_RET
2023-08-24,0.924227464080274,0.0769719674011129,val,SGDPHP_RET
2023-08-25,-0.0064780952355074,-0.26776745064000224,val,SGDPHP_RET
2023-08-28,0.05788790151657837,0.01099585715762685,val,SGDPHP_RET
2023-08-29,0.22512379905876176,-0.008282934061256367,val,SGDPHP_RET
2023-08-30,0.3518017193260444,-0.05837313876105109,val,SGDPHP_RET
2023-08-31,0.13726188148650748,-0.09631548876118744,val,SGDPHP_RET
2023-09-01,-0.30068159702849784,-0.032056890269003505,val,SGDPHP_RET
2023-09-04,-0.41798680215836176,0.09911517749966132,val,SGDPHP_RET
2023-09-05,-1.6365692107332e-4,0.13425022818950608,val,SGDPHP_RET
2023-09-06,0.26715986713420176,0.009104567593707424,val,SGDPHP_RET
2023-09-07,-0.32385476771267807,-0.07096370864239002,val,SGDPHP_RET
2023-09-08,-0.529373038220477,0.10605596521433894,val,SGDPHP_RET
2023-09-11,0.11085118962253468,0.16761243957527436,val,SGDPHP_RET
2023-09-12,0.2632008526948598,-0.024146405850453894,val,SGDPHP_RET
2023-09-13,-0.1278172695741313,-0.06977791153428971,val,SGDPHP_RET
2023-09-14,-0.02262413992388363,0.0473391552775336,val,SGDPHP_RET
2023-09-15,-0.0469208255296747,0.01583189233559334,val,SGDPHP_RET
2023-09-18,0.3415405523267012,0.02310919328238109,val,SGDPHP_RET
2023-09-19,-0.5109975557167811,-0.09324208189693312,val,SGDPHP_RET
2023-09-20,0.1760788831119549,0.16210864706663872,val,SGDPHP_RET
2023-09-21,-0.11802004279222968,-0.0436832909749912,val,SGDPHP_RET
2023-09-22,0.0100546954107324,0.0444047069790038,val,SGDPHP_RET
2023-09-25,0.13340375945640218,0.006043984504088957,val,SGDPHP_RET
2023-09-26,0.0383164133676758,-0.030901312279558887,val,SGDPHP_RET
2023-09-27,0.4467863315385023,-0.0024209160252610957,val,SGDPHP_RET
2023-09-28,-0.7318628025126325,-0.12476511434383207,val,SGDPHP_RET
2023-09-29,-0.07608479608126976,0.22826182103028678,val,SGDPHP_RET
2023-10-02,0.03472275937512056,0.03184433493711886,val,SGDPHP_RET
2023-10-03,-0.34474617268028246,-0.0013445510417089135,val,SGDPHP_RET
2023-10-04,0.10892414897943786,0.11231332243652059,val,SGDPHP_RET
2023-10-05,-0.26943075709516895,-0.023569221994020225,val,SGDPHP_RET
2023-10-06,0.3608544466362793,0.0897549803631218,val,SGDPHP_RET
2023-10-09,0.18672639519917375,-0.09902694587491333,val,SGDPHP_RET
2023-10-10,0.4921671813773183,-0.04687241524693647,val,SGDPHP_RET
2023-10-11,-0.07945186028616881,-0.1383575074321854,val,SGDPHP_RET
2023-10-12,-0.43232820854386333,0.03285283214220129,val,SGDPHP_RET
2023-10-13,-0.06868290989473694,0.13854574124675217,val,SGDPHP_RET
2023-10-16,0.07821934211384225,0.02962733488092881,val,SGDPHP_RET
2023-10-17,-0.27283856600093237,-0.01437257173071536,val,SGDPHP_RET
2023-10-18,0.00925502120775743,0.09077568135002813,val,SGDPHP_RET
2023-10-19,0.02706557743887866,0.006283501528297576,val,SGDPHP_RET
2023-10-20,-0.10462090774828228,9.489147526979425e-4,val,SGDPHP_RET
2023-10-23,0.00509810707918551,0.040391421392503304,val,SGDPHP_RET
2023-10-24,0.2503411538769489,0.007528573206566382,val,SGDPHP_RET
2023-10-25,-0.04863118343661536,-0.06592619694649082,val,SGDPHP_RET
2023-10-26,-0.17438262424557802,0.023621476703151807,val,SGDPHP_RET
2023-10-27,0.4760568086166071,0.06128632918989872,val,SGDPHP_RET
2023-10-30,-0.10883477515871424,-0.13353215664785112,val,SGDPHP_RET
2023-10-31,0.08855271330677572,0.041653551618539786,val,SGDPHP_RET
2023-11-01,-0.17655817892435055,-0.017467605069251067,val,SGDPHP_RET
2023-11-02,-0.0279666063921897,0.061937947537375984,val,SGDPHP_RET
2023-11-03,-0.18029325456404552,0.017432058585376765,val,SGDPHP_RET
2023-11-06,-0.5975835279253287,0.06305667088631693,val,SGDPHP_RET
2023-11-07,0.29250681732829853,0.18804272662609992,val,SGDPHP_RET
2023-11-08,0.06999366533843654,-0.07855558300906154,val,SGDPHP_RET
2023-11-09,-0.4293522151627208,-0.011908831352424324,val,SGDPHP_RET
2023-11-10,6.1265480221102e-4,0.1376543768935393,val,SGDPHP_RET
2023-11-13,-0.03773444211619058,0.00887204805871731,val,SGDPHP_RET
2023-11-14,-0.08541177554659024,0.0203577037254446,val,SGDPHP_RET
2023-11-15,0.1604132244246166,0.03463793557857707,val,SGDPHP_RET
2023-11-16,0.3623253079712519,-0.03899114017520276,val,SGDPHP_RET
2023-11-17,0.02044323627433104,-0.09946749569966137,val,SGDPHP_RET
2023-11-20,-0.15920551017036125,0.002932426841903527,val,SGDPHP_RET
2023-11-21,-0.03682521796022839,0.05674050642126746,val,SGDPHP_RET
2023-11-22,0.2869327833649707,0.020085374490157924,val,SGDPHP_RET
2023-11-23,-0.25880541748965746,-0.07688605806656962,val,SGDPHP_RET
2023-11-24,-0.08763136096138213,0.08657249715427211,val,SGDPHP_RET
2023-11-27,0.5542168031196739,0.03530274193540343,val,SGDPHP_RET
2023-11-28,-0.0021365152541955,-0.15694250204337792,val,SGDPHP_RET
2023-11-29,-0.4668095012809768,0.009695474684841129,val,SGDPHP_RET
2023-11-30,0.5042844198792709,0.1488735179794952,val,SGDPHP_RET
2023-12-01,0.20769578770716096,-0.14198684159954583,val,SGDPHP_RET
2023-12-04,-0.14925549958667012,-0.053153131161355976,val,SGDPHP_RET
2023-12-05,-0.2225026004434256,0.053760296584581535,val,SGDPHP_RET
2023-12-06,-0.5755320262564461,0.07569914063363468,val,SGDPHP_RET
2023-12-07,0.149280895810611,0.18143789926088918,val,SGDPHP_RET
2023-12-08,0.36879432610403623,-0.0356568045017253,val,SGDPHP_RET
2023-12-11,-0.14787138738831176,-0.10140508474148845,val,SGDPHP_RET
2023-12-12,0.14230785610919344,0.05334572971011152,val,SGDPHP_RET
2023-12-13,0.1654113949740734,-0.03356825179768819,val,SGDPHP_RET
2023-12-14,0.5413690296324536,-0.04048818351115056,val,SGDPHP_RET
2023-12-15,0.6511714343040922,-0.15309435930985307,val,SGDPHP_RET
2023-12-18,-0.2230615502612947,-0.18598218427664737,val,SGDPHP_RET
2023-12-19,-0.06469430051023119,0.0758665563093685,val,SGDPHP_RET
2023-12-20,0.1731627878304008,0.02843267354640869,val,SGDPHP_RET
2023-12-21,-0.20423687325965936,-0.042809867196222,val,SGDPHP_RET
2023-12-22,-0.25736625291284987,0.07022822184722596,val,SGDPHP_RET
2023-12-25,0.2976007810422903,0.08614144108731255,val,SGDPHP_RET
2023-12-26,0.08071895878617717,-0.08008131814677512,val,SGDPHP_RET
2023-12-27,-0.0070792860054964,-0.015121252561974653,val,SGDPHP_RET
2023-12-28,0.6741870543346676,0.011175924769754087,val,SGDPHP_RET
2023-12-29,-0.4395755655206229,-0.1928757826940172,val,SGDPHP_RET
2024-01-01,-0.05996841233574374,0.14071645698322735,val,SGDPHP_RET
2024-01-02,0.22974516565715475,0.02701718375308423,val,SGDPHP_RET
2024-01-03,-0.21673695327560205,-0.059757322433984766,val,SGDPHP_RET
2024-01-04,0.04333433314339505,0.07397222403793055,val,SGDPHP_RET
2024-01-05,-0.34505107946528046,-0.003923874615055044,val,SGDPHP_RET
2024-01-08,-0.0695393089219796,0.11240464758560262,val,SGDPHP_RET
2024-01-09,0.3493485192614265,0.029883842025685038,val,SGDPHP_RET
2024-01-10,0.6143430342938144,-0.09558071055141185,val,SGDPHP_RET
2024-01-11,-0.08938532565583747,-0.17495140606220677,val,SGDPHP_RET
2024-01-12,-0.05586115924668431,0.035828086385205654,val,SGDPHP_RET
2024-01-15,-0.4728907615743428,0.025786986462858565,val,SGDPHP_RET
2024-01-16,-0.24810887693424363,0.15069496646875033,val,SGDPHP_RET
2024-01-17,-0.32373976967316337,0.08336868796094274,val,SGDPHP_RET
2024-01-18,-0.13620973920014734,0.10602152120187497,val,SGDPHP_RET
2024-01-19,-0.3164533942118465,0.049852853159879196,val,SGDPHP_RET
2024-01-22,0.5359941955025923,0.10383911871687701,val,SGDPHP_RET
2024-01-23,0.6963393062420349,-0.15148449835446648,val,SGDPHP_RET
2024-01-24,0.03154651878070967,-0.19951078659514768,val,SGDPHP_RET
2024-01-25,-0.10577985650267814,-3.9320899201705263e-4,val,SGDPHP_RET
2024-01-26,0.52700428300888,0.04073854770448197,val,SGDPHP_RET
2024-01-29,-0.6288618262566186,-0.14879185542515935,val,SGDPHP_RET
2024-01-30,0.35904786281928025,0.19741114805416304,val,SGDPHP_RET
2024-01-31,-0.0197632668845554,-0.09848584103719155,val,SGDPHP_RET
2024-02-01,-0.4458417205023104,0.014975008626616155,val,SGDPHP_RET
2024-02-02,-0.01200844444361433,0.14259328480743416,val,SGDPHP_RET
2024-02-05,-0.09636041782728008,0.01265229771833571,val,SGDPHP_RET
2024-02-06,-0.02513691878179974,0.03791725384148919,val,SGDPHP_RET
2024-02-07,-0.05876233112602738,0.016584515481748826,val,SGDPHP_RET
2024-02-08,-0.28073905799759746,0.026655940410194704,val,SGDPHP_RET
2024-02-09,-0.235338052257836,0.09314202294987647,val,SGDPHP_RET
2024-02-12,-0.05058500448731588,0.07954359280118439,val,SGDPHP_RET
2024-02-13,0.07060264623719384,0.024206681780618328,val,SGDPHP_RET
2024-02-14,-0.2297158896907332,-0.012091232250349509,val,SGDPHP_RET
2024-02-15,0.26061764005548743,0.07785965246313187,val,SGDPHP_RET
2024-02-16,-0.22106614487244353,-0.06900419218461107,val,SGDPHP_RET
2024-02-19,0.2701172591333288,0.07526889596338078,val,SGDPHP_RET
2024-02-20,-0.00642141743995354,-0.07184950154206601,val,SGDPHP_RET
2024-02-21,-0.06941077780485434,0.010978881123037687,val,SGDPHP_RET
2024-02-22,-0.06979558709549419,0.029845344609390347,val,SGDPHP_RET
2024-02-23,0.01770096944261376,0.029960602017768657,val,SGDPHP_RET
2024-02-26,0.10962788310392028,0.0037537858261941365,val,SGDPHP_RET
2024-02-27,0.2224269006351655,-0.02378000321305045,val,SGDPHP_RET
2024-02-28,0.09993229374377016,-0.0575653684433272,val,SGDPHP_RET
2024-02-29,0.09590692468834672,-0.020875997178026958,val,SGDPHP_RET
2024-03-01,-0.07888784642460768,-0.019670325650910477,val,SGDPHP_RET
2024-03-04,-0.11946527756222258,0.03268389969292261,val,SGDPHP_RET
2024-03-05,-0.04301162104392264,0.044837581179651684,val,SGDPHP_RET
2024-03-06,-0.03128762547311453,0.021938315164808972,val,SGDPHP_RET
2024-03-07,0.11385494058455516,0.018426764435139006,val,SGDPHP_RET
2024-03-08,0.2186637607551774,-0.025046084105936454,val,SGDPHP_RET
2024-03-11,-0.11084959761046488,-0.056438239342022745,val,SGDPHP_RET
2024-03-12,-0.4119404627752983,0.04225702772938181,val,SGDPHP_RET
2024-03-13,0.10580404034617,0.13243923915047104,val,SGDPHP_RET
2024-03-14,-0.13951958661161395,-0.02263469249154566,val,SGDPHP_RET
2024-03-15,-0.06682346661673473,0.050844212890666846,val,SGDPHP_RET
2024-03-18,0.00510187068493287,0.029070397669530797,val,SGDPHP_RET
2024-03-19,0.07216207979217312,0.007527445937929294,val,SGDPHP_RET
2024-03-20,0.08810541067900646,-0.012558311072137382,val,SGDPHP_RET
2024-03-21,0.6054771803447987,-0.017333629765401804,val,SGDPHP_RET
2024-03-22,-0.4421956067390787,-0.17229592093209192,val,SGDPHP_RET
2024-03-25,0.06432182175409736,0.14150120716475612,val,SGDPHP_RET
2024-03-26,0.2124624610573453,-0.010210010642635596,val,SGDPHP_RET
2024-03-27,0.06369738878575393,-0.05458083685945567,val,SGDPHP_RET
2024-03-28,-0.22263741696738984,-0.010022981567746139,val,SGDPHP_RET
2024-03-29,-0.2238254812515553,0.07573952064403634,val,SGDPHP_RET
2024-04-01,0.12157693357825924,0.07609536758877111,val,SGDPHP_RET
2024-04-02,-0.2763155798902451,-0.02735896199537077,val,SGDPHP_RET
2024-04-03,0.25763740633264964,0.09181711049304912,val,SGDPHP_RET
2024-04-04,0.32915916679275253,-0.06811155777164049,val,SGDPHP_RET
2024-04-05,0.522303834597483,-0.08953363087070454,val,SGDPHP_RET
2024-04-08,-0.31152283189413704,-0.14738398530535857,val,SGDPHP_RET
2024-04-09,-0.07696983723231528,0.10236232528072575,val,SGDPHP_RET
2024-04-10,0.06540734785724191,0.03210942092090071,val,SGDPHP_RET
2024-04-11,-0.25632843441721054,-0.010535145530016853,val,SGDPHP_RET
2024-04-12,-0.11927926198252796,0.08583059549942257,val,SGDPHP_RET
2024-04-15,-0.2376316960893173,0.0447818661172686,val,SGDPHP_RET
2024-04-16,0.24929665764532744,0.08023058100596465,val,SGDPHP_RET
2024-04-17,0.294534629123092,-0.06561335125475239,val,SGDPHP_RET
2024-04-18,0.4829800148657511,-0.07916294966530377,val,SGDPHP_RET
2024-04-19,-0.12709727068038892,-0.13560578332307524,val,SGDPHP_RET
2024-04-22,0.5152887307842002,0.047123502463148545,val,SGDPHP_RET
2024-04-23,0.03325889127082724,-0.14528283363181307,val,SGDPHP_RET
2024-04-24,-0.11686535175383882,-9.060958172314223e-4,val,SGDPHP_RET
2024-04-25,0.7758406653950765,0.044058855930705826,val,SGDPHP_RET
2024-04-26,-0.14498835082712477,-0.22332289519392073,val,SGDPHP_RET
2024-04-29,-0.16783059422956517,0.05248220762167699,val,SGDPHP_RET
2024-04-30,0.00358503874062953,0.05932387657341727,val,SGDPHP_RET
2024-05-01,-0.08520283136721721,0.007981764799501327,val,SGDPHP_RET
2024-05-02,-1.6775704959854e-4,0.0345753529819609,val,SGDPHP_RET
2024-05-03,0.1973505130424293,0.0091057956570607,val,SGDPHP_RET
2024-05-06,-0.33141246644610284,-0.050054532515683633,val,SGDPHP_RET
2024-05-07,-7.2142340706914e-4,0.10831963397314197,val,SGDPHP_RET
2024-05-08,-0.17976974537098628,0.009271628839939972,val,SGDPHP_RET
2024-05-09,0.29214821613779784,0.06289987032478708,val,SGDPHP_RET
2024-05-10,0.02586280771722221,-0.07844817540518129,val,SGDPHP_RET
2024-05-13,0.17658830418815158,0.0013091662444525169,val,SGDPHP_RET
2024-05-14,0.7710458864529932,-0.04383587188830046,val,SGDPHP_RET
2024-05-15,-0.16358913688351068,-0.2218867713578966,val,SGDPHP_RET
2024-05-16,0.04025788351945716,0.05805348265792597,val,SGDPHP_RET
2024-05-17,-0.16310278629871086,-0.003002421782999143,val,SGDPHP_RET
2024-05-20,0.6092602474787803,0.057907811778010104,val,SGDPHP_RET
2024-05-21,0.4184967545055004,-0.17342901860979837,val,SGDPHP_RET
2024-05-22,0.21892831862578557,-0.11629186951255267,val,SGDPHP_RET
2024-05-23,-0.46390859608819907,-0.05651747925455625,val,SGDPHP_RET
2024-05-24,0.23427463573005416,0.1480046439096545,val,SGDPHP_RET
2024-05-27,0.10126660874406204,-0.06111398141969025,val,SGDPHP_RET
2024-05-28,-0.08362836856023059,-0.02127564888248095,val,SGDPHP_RET
2024-05-29,-0.33402693105281694,0.03410377262479339,val,SGDPHP_RET
2024-05-30,0.6697299478096659,0.10910271385763654,val,SGDPHP_RET
2024-05-31,0.18640530085948004,-0.19154079791211764,val,SGDPHP_RET
2024-06-03,0.16334049398752096,-0.046776241629671395,val,SGDPHP_RET
2024-06-04,0.4844988824736215,-0.0398679108552559,val,SGDPHP_RET
2024-06-05,0.3352726637651693,-0.13606071190305266,val,SGDPHP_RET
2024-06-06,-0.32125166403717037,-0.09136473483391129,val,SGDPHP_RET
2024-06-07,-0.03962046124420795,0.10527628813616809,val,SGDPHP_RET
2024-06-10,-0.3571073297603997,0.020922600889142898,val,SGDPHP_RET
2024-06-11,0.1609773569493159,0.1160157146714964,val,SGDPHP_RET
2024-06-12,-0.12298007252660906,-0.039160108166257854,val,SGDPHP_RET
2024-06-13,-0.45566448462025033,0.045890326444462545,val,SGDPHP_RET
2024-06-14,0.45409658730800995,0.14553538200436703,val,SGDPHP_RET
2024-06-17,-0.1550963721173172,-0.1269546694171388,val,SGDPHP_RET
2024-06-18,-0.01825490660807961,0.05550974454991281,val,SGDPHP_RET
2024-06-19,0.04635571378604802,0.014523227184233822,val,SGDPHP_RET
2024-06-20,0.29560174124999056,-0.004828833281768991,val,SGDPHP_RET
2024-06-21,-0.10951386871569216,-0.07948256923059775,val,SGDPHP_RET
2024-06-24,-0.05121101725292311,0.041856952537715986,val,SGDPHP_RET
2024-06-25,-0.12272220416595409,0.024394184033632166,val,SGDPHP_RET
2024-06-26,-0.03520359930489256,0.0458130901622968,val,SGDPHP_RET
2024-06-27,0.01290154795038987,0.019599670095440343,val,SGDPHP_RET
2024-06-28,-0.4989585024437554,0.005191300190748849,val,SGDPHP_RET
2024-07-01,0.03319605612457906,0.15850273080284447,val,SGDPHP_RET
2024-07-02,0.21848613433852415,-8.872755436886617e-4,val,SGDPHP_RET
2024-07-03,0.19364965236290357,-0.05638503698713952,val,SGDPHP_RET
2024-07-04,-0.01402861752935324,-0.04894605717200866,val,SGDPHP_RET
2024-07-05,-0.324747302220479,0.013257376441748868,val,SGDPHP_RET
2024-07-08,0.44767545024731986,0.10632329559528243,val,SGDPHP_RET
2024-07-09,-0.16722641876242894,-0.1250314216306145,val,SGDPHP_RET
2024-07-10,-0.04095762228092725,0.05914291498999996,val,SGDPHP_RET
2024-07-11,-0.3653595773972836,0.02132310503346972,val,SGDPHP_RET
2024-07-12,0.4296034154878554,0.11848741350792981,val,SGDPHP_RET
2024-07-15,0.35513178599849693,-0.11961851726171223,val,SGDPHP_RET
2024-07-16,-0.12361612083756247,-0.09731290452980276,val,SGDPHP_RET
2024-07-17,-0.09474700167734688,0.04608083452653612,val,SGDPHP_RET
2024-07-18,0.06353481385326568,0.037434006246900686,val,SGDPHP_RET
2024-07-19,-0.2515473829464064,-0.009974287407179698,val,SGDPHP_RET
2024-07-22,0.20286144335054773,0.08439858329168214,val,SGDPHP_RET
2024-07-23,-0.00385451606633114,-0.051705156761296486,val,SGDPHP_RET
2024-07-24,0.09152116529675668,0.010210047295261575,val,SGDPHP_RET
2024-07-25,0.21772787805823848,-0.018356710638120655,val,SGDPHP_RET
2024-07-26,0.08690474800483225,-0.056157925386983026,val,SGDPHP_RET
2024-07-29,-0.2545408085534359,-0.016974009372838543,val,SGDPHP_RET
2024-07-30,0.4419785596158411,0.08529516891482501,val,SGDPHP_RET
2024-07-31,-0.03018619308567382,-0.12332509887289957,val,SGDPHP_RET
2024-08-01,-0.05988703597131638,0.018096865325194788,val,SGDPHP_RET
2024-08-02,-0.1514570326431544,0.026992810046172034,val,SGDPHP_RET
2024-08-05,0.35606511670109575,0.054419695930495574,val,SGDPHP_RET
2024-08-06,-0.42311578639682945,-0.09759245411594342,val,SGDPHP_RET
2024-08-07,0.01115072553196468,0.13578645261370342,val,SGDPHP_RET
2024-08-08,-0.4295770499010925,0.005715703471508509,val,SGDPHP_RET
2024-08-09,-0.5687342443721888,0.13772171900270472,val,SGDPHP_RET
2024-08-12,0.3748314259575381,0.17940183947294133,val,SGDPHP_RET
2024-08-13,-0.08353169179719527,-0.10321330637272484,val,SGDPHP_RET
2024-08-14,-0.0967574119432354,0.034074816169144075,test,SGDPHP_RET
2024-08-15,0.01227057412301545,0.038036160827519504,test,SGDPHP_RET
2024-08-16,0.11395764076194216,0.005380288372340816,test,SGDPHP_RET
2024-08-19,0.366981304593411,-0.025076844684159338,test,SGDPHP_RET
2024-08-20,-0.17485006511328438,-0.10086205169698649,test,SGDPHP_RET
2024-08-21,-0.4415470760361333,0.06142633626429228,test,SGDPHP_RET
2024-08-22,-0.30541274533927354,0.14130696037837795,test,SGDPHP_RET
2024-08-23,0.281341342737985,0.10053224279984346,test,SGDPHP_RET
2024-08-26,0.5789613957767672,-0.07521131951050204,test,SGDPHP_RET
2024-08-27,-1.0727594254791624,-0.1643539593298986,test,SGDPHP_RET
2024-08-28,0.6572323576700717,0.33036658368481847,test,SGDPHP_RET
2024-08-29,-0.1419427624357663,-0.18779754148483951,test,SGDPHP_RET
2024-08-30,-0.1696390231997118,0.051569998292241695,test,SGDPHP_RET
2024-09-02,0.0052183325900265,0.059865534068195475,test,SGDPHP_RET
2024-09-03,0.39286553839273974,0.0074925634709972376,test,SGDPHP_RET
2024-09-04,-0.11446402565411992,-0.10861485231312623,test,SGDPHP_RET
2024-09-05,0.26163459605375056,0.04333961492053012,test,SGDPHP_RET
2024-09-06,-0.6423934612425691,-0.06930878907363028,test,SGDPHP_RET
2024-09-09,0.2343474580452375,0.2014641197924718,test,SGDPHP_RET
2024-09-10,-0.31457516277719244,-0.0611357930326744,test,SGDPHP_RET
2024-09-11,-0.03024367636541308,0.1032765541095284,test,SGDPHP_RET
2024-09-12,-0.15544682822266734,0.018114082617003976,test,SGDPHP_RET
2024-09-13,0.49426632669000886,0.05561471255207785,test,SGDPHP_RET
2024-09-16,0.14309425619065938,-0.13898623977944213,test,SGDPHP_RET
2024-09-17,-0.4293690287536214,-0.033803792980146505,test,SGDPHP_RET
2024-09-18,0.04843417516008982,0.13765941287099584,test,SGDPHP_RET
2024-09-19,-0.12754070709862195,-0.005451370411753956,test,SGDPHP_RET
2024-09-20,-0.09420185252661274,0.04725631976665262,test,SGDPHP_RET
2024-09-23,0.4985899748317439,0.037270724122945784,test,SGDPHP_RET
2024-09-24,0.49889942245915353,-0.1402812513388758,test,SGDPHP_RET
2024-09-25,0.5500559373043582,-0.14037393655316663,test,SGDPHP_RET
2024-09-26,-0.8116860943449324,-0.15569624676277963,test,SGDPHP_RET
2024-09-27,0.4154336818529247,0.2521703543443309,test,SGDPHP_RET
2024-09-30,0.838492569099116,-0.1153744233276559,test,SGDPHP_RET
2024-10-01,-0.1463543630394043,-0.24208828424907605,test,SGDPHP_RET
2024-10-02,-0.04469484745006902,0.05289135321984763,test,SGDPHP_RET
2024-10-03,-0.34320930424545065,0.022442472205726004,test,SGDPHP_RET
2024-10-04,-0.336858102947411,0.11185300228020989,test,SGDPHP_RET
2024-10-07,-0.5123078059246704,0.10995070153148359,test,SGDPHP_RET
2024-10-08,0.8999620581548631,0.1625010909263942,test,SGDPHP_RET
2024-10-09,0.04280434435819574,-0.26049951852859143,test,SGDPHP_RET
2024-10-10,0.19616574052115004,-0.003765133297375132,test,SGDPHP_RET
2024-10-11,0.561312627068531,-0.04969967151403415,test,SGDPHP_RET
2024-10-14,-0.31381779914421254,-0.15906783087131277,test,SGDPHP_RET
2024-10-15,0.29325510565674395,0.1030497098735379,test,SGDPHP_RET
2024-10-16,0.35718912482545695,-0.07877970902564746,test,SGDPHP_RET
2024-10-17,-0.12755867470009313,-0.09792911507128216,test,SGDPHP_RET
2024-10-18,-0.221770362660159,0.047261701391344946,test,SGDPHP_RET
2024-10-21,0.00683854486041993,0.07547982204838001,test,SGDPHP_RET
2024-10-22,-0.30810757138342015,0.007007280314247621,test,SGDPHP_RET
2024-10-23,0.21462202341373704,0.10133939240208477,test,SGDPHP_RET
2024-10-24,0.05554983490936043,-0.05522766521439272,test,SGDPHP_RET
2024-10-25,0.03424636196778308,-0.007582640424073833,test,SGDPHP_RET
2024-10-28,0.7920275261601711,-0.001201861320167719,test,SGDPHP_RET
2024-10-29,-0.6244383124476527,-0.2281711555320826,test,SGDPHP_RET
2024-10-30,-0.06904664697285343,0.19608622490405062,test,SGDPHP_RET
2024-10-31,0.1322415098293428,0.029736280776920816,test,SGDPHP_RET
2024-11-01,0.25359244145138654,-0.0305531972959503,test,SGDPHP_RET
2024-11-04,-0.06178689834052587,-0.06690001693690527,test,SGDPHP_RET
2024-11-05,0.36042690602445,0.02756185351335668,test,SGDPHP_RET
2024-11-06,0.3581894797484137,-0.09889888965565212,test,SGDPHP_RET
2024-11-07,-0.7167120815128665,-0.09822873963514539,test,SGDPHP_RET
2024-11-08,-0.06493657668742199,0.22372390346963666,test,SGDPHP_RET
2024-11-11,-0.2866007551703713,0.028505239684945484,test,SGDPHP_RET
2024-11-12,0.10417965087910824,0.09489770827574014,test,SGDPHP_RET
2024-11-13,-0.17036255945030138,-0.022148158188126803,test,SGDPHP_RET
2024-11-14,-0.5429392868735642,0.060082246385541174,test,SGDPHP_RET
2024-11-15,0.07131230274938868,0.1716757787388654,test,SGDPHP_RET
2024-11-18,-0.10807246123353656,-0.012303787332630309,test,SGDPHP_RET
2024-11-19,0.20396892097983813,0.041425224679653816,test,SGDPHP_RET
2024-11-20,0.6396097089131743,-0.05203686653154846,test,SGDPHP_RET
2024-11-21,-0.20465287591507095,-0.18251923642857656,test,SGDPHP_RET
2024-11-22,-0.4964599707007533,0.07035282223788053,test,SGDPHP_RET
2024-11-25,0.17261660834133313,0.15775437492772895,test,SGDPHP_RET
2024-11-26,-0.22323159426127365,-0.042646276467124336,test,SGDPHP_RET
2024-11-27,0.24404702277734344,0.07591748759201832,test,SGDPHP_RET
2024-11-28,-0.102365330381614,-0.06404098976418084,test,SGDPHP_RET
2024-11-29,-0.04293029592731437,0.03971583478895044,test,SGDPHP_RET
2024-12-02,-0.1635964378424501,0.02191395680755427,test,SGDPHP_RET
2024-12-03,-0.20379900188521705,0.05805566942842891,test,SGDPHP_RET
2024-12-04,-0.4850842599054838,0.07009707137594354,test,SGDPHP_RET
2024-12-05,-0.15992282666313773,0.15434714184730144,test,SGDPHP_RET
2024-12-06,-0.5020660949929907,0.05695535580758805,test,SGDPHP_RET
2024-12-09,0.16208368586891458,0.15943351150963314,test,SGDPHP_RET
2024-12-10,0.38747797760438873,-0.03949147387698407,test,SGDPHP_RET
2024-12-11,-0.06633239235335234,-0.10700117949115917,test,SGDPHP_RET
2024-12-12,0.44233611915453497,0.028923311961634737,test,SGDPHP_RET
2024-12-13,-0.4361866643847885,-0.12343219448304525,test,SGDPHP_RET
2024-12-16,0.333860370129084,0.13970141921863202,test,SGDPHP_RET
2024-12-17,0.00706089592366144,-0.09094172710430655,test,SGDPHP_RET
2024-12-18,0.5190556718938827,0.006940682111130525,test,SGDPHP_RET
2024-12-19,-0.1940182740757506,-0.14641110127081366,test,SGDPHP_RET
2024-12-20,-0.8362617008113834,0.06716756482089561,test,SGDPHP_RET
2024-12-23,0.2743287448867675,0.25953119718141143,test,SGDPHP_RET
2024-12-24,-0.6017986212402399,-0.07311091841834882,test,SGDPHP_RET
2024-12-25,-2.535661581658132,0.18930522403291047,test,SGDPHP_RET
2024-12-26,1.6207089097360794,0.7685324890658228,test,SGDPHP_RET
2024-12-27,-0.04047854605277829,-0.47637635994255445,test,SGDPHP_RET
2024-12-30,-0.03876959451850285,0.021179612956185687,test,SGDPHP_RET
2024-12-31,0.10961688086252092,0.0206677507697057,test,SGDPHP_RET
2025-01-02,-1.8670146989135117,-0.023776707840872883,test,SGDPHP_RET
2025-01-03,1.18221984620069,0.5682605395574374,test,SGDPHP_RET
2025-01-06,0.05247824246084908,-0.3450408794990165,test,SGDPHP_RET
2025-01-07,0.12927901376731432,-0.006662642404740283,test,SGDPHP_RET
2025-01-08,0.2052042530714534,-0.02966587563624556,test,SGDPHP_RET
2025-01-09,0.7208658980385373,-0.05240687104762806,test,SGDPHP_RET
2025-01-10,-0.746223072060689,-0.20685694864367093,test,SGDPHP_RET
2025-01-13,0.5237847562986658,0.2325629839491209,test,SGDPHP_RET
2025-01-14,0.0630259133256924,-0.14782754839346832,test,SGDPHP_RET
2025-01-15,0.05432400671710977,-0.009821862407687298,test,SGDPHP_RET
2025-01-16,-0.3475544906642202,-0.007215482499375717,test,SGDPHP_RET
2025-01-17,0.2899370794710157,0.11315446494686035,test,SGDPHP_RET
2025-01-20,-0.24556009935959344,-0.07778589960264075,test,SGDPHP_RET
2025-01-21,0.5108700453904687,0.08260528254186236,test,SGDPHP_RET
2025-01-22,0.35589844708232493,-0.1439593566802203,test,SGDPHP_RET
2025-01-23,-0.07725620684325535,-0.09754253352207473,test,SGDPHP_RET
2025-01-24,-0.06101061076081543,0.03219519384790145,test,SGDPHP_RET
2025-01-27,0.2964576557118674,0.02732934120980776,test,SGDPHP_RET
2025-01-28,0.3522772071982026,-0.07973893123917974,test,SGDPHP_RET
2025-01-29,-0.8499651887116105,-0.09645790606033618,test,SGDPHP_RET
2025-01-30,0.9244124431264767,0.26363564200522926,test,SGDPHP_RET
2025-01-31,-0.398985979103143,-0.26782285524167954,test,SGDPHP_RET
2025-02-03,-1.0707993352204026,0.12855913476824812,test,SGDPHP_RET
2025-02-04,0.8808857315998824,0.3297795008650753,test,SGDPHP_RET
2025-02-05,-0.5184163621285104,-0.2547858104306151,test,SGDPHP_RET
2025-02-06,-0.11164736835159592,0.16433071503920388,test,SGDPHP_RET
2025-02-07,0.22661335290157084,0.04249597463201485,test,SGDPHP_RET
2025-02-10,-1.5988208956129784,-0.05881928733318317,test,SGDPHP_RET
2025-02-11,1.0111520464794834,0.48793159879786363,test,SGDPHP_RET
2025-02-12,0.5894747261498099,-0.2938029501338971,test,SGDPHP_RET
2025-02-13,-0.28845928600730686,-0.16750289372856408,test,SGDPHP_RET
2025-02-14,0.5739179406999446,0.09545437219437938,test,SGDPHP_RET
2025-02-17,-0.0516468961009956,-0.16284335245120177,test,SGDPHP_RET
2025-02-18,0.3057210468195741,0.024524737706887366,test,SGDPHP_RET
2025-02-19,0.4937139880224006,-0.08251348600653911,test,SGDPHP_RET
2025-02-20,-0.1474218582999179,-0.13882080426391752,test,SGDPHP_RET
2025-02-21,0.1419518116299944,0.05321108754065457,test,SGDPHP_RET
2025-02-24,-0.415860973766357,-0.03346160997552311,test,SGDPHP_RET
2025-02-25,0.14827865695809542,0.1336135037728162,test,SGDPHP_RET
2025-02-26,0.06215737076628559,-0.03535661566656251,test,SGDPHP_RET
2025-02-27,-0.10411242046188054,-0.009561718053331811,test,SGDPHP_RET
2025-02-28,-0.4489774233583233,0.04023912016628671,test,SGDPHP_RET
2025-03-03,-0.344350752940402,0.14353248506433952,test,SGDPHP_RET
2025-03-04,-0.04973119148190302,0.11219488700486958,test,SGDPHP_RET
2025-03-05,0.5029297812028866,0.023950949196615605,test,SGDPHP_RET
2025-03-06,-0.04108962807878675,-0.14158110258303336,test,SGDPHP_RET
2025-03-07,-0.31219897073163927,0.021362643180084885,test,SGDPHP_RET
2025-03-10,0.09939440528371082,0.10256484120747184,test,SGDPHP_RET
2025-03-11,0.266589561909844,-0.02071488976349454,test,SGDPHP_RET
2025-03-12,-0.4579188781127312,-0.07079289181508631,test,SGDPHP_RET
2025-03-13,0.30815424473255104,0.14621061401598562,test,SGDPHP_RET
2025-03-14,-0.30723700239701746,-0.0832422732066998,test,SGDPHP_RET
2025-03-17,0.1024381968606944,0.1010786410958456,test,SGDPHP_RET
2025-03-18,0.22082827941744929,-0.021626560914218388,test,SGDPHP_RET
2025-03-19,-0.12556184553985042,-0.05708655220106293,test,SGDPHP_RET
2025-03-20,-0.29440665707315383,0.04666361459983029,test,SGDPHP_RET
2025-03-21,-0.07797527542621956,0.09723571841544874,test,SGDPHP_RET
2025-03-24,0.3290982589515851,0.03241056801722286,test,SGDPHP_RET
2025-03-25,-0.5020556125522431,-0.08951538786022212,test,SGDPHP_RET
2025-03-26,0.6969553706481386,0.1594303718272413,test,SGDPHP_RET
2025-03-27,0.04139962723826121,-0.1996953091328535,test,SGDPHP_RET
2025-03-28,-0.6249534898718984,-0.0033443948726892565,test,SGDPHP_RET
2025-03-31,-0.09579370418387896,0.19624052994869973,test,SGDPHP_RET
2025-04-01,-0.4826968022315798,0.03774751275825693,test,SGDPHP_RET
2025-04-02,-0.0068510514424852,0.15363205468386643,test,SGDPHP_RET
2025-04-03,-0.27782680970343165,0.011107564351035281,test,SGDPHP_RET
2025-04-04,0.5297481125598732,0.09226975141406822,test,SGDPHP_RET
2025-04-07,-0.20066758697137224,-0.14961368247240514,test,SGDPHP_RET
2025-04-08,-0.3966464142775396,0.06915915543600659,test,SGDPHP_RET
2025-04-09,0.3483174086504148,0.12785839238730476,test,SGDPHP_RET
2025-04-10,-0.07202613317780181,-0.0952718740974401,test,SGDPHP_RET
2025-04-11,1.3050282055658395,0.030628691294635375,test,SGDPHP_RET
2025-04-14,0.7011489084828298,-0.38182422535868543,test,SGDPHP_RET
2025-04-15,0.00199286011587785,-0.20095135027977912,test,SGDPHP_RET
2025-04-16,-0.9338213313660813,0.008458651367544128,test,SGDPHP_RET
2025-04-17,0.4814488569591466,0.2887520877721324,test,SGDPHP_RET
2025-04-22,0.28014708801052696,-0.1351471735742312,test,SGDPHP_RET
2025-04-23,-0.5891249437044841,-0.07485361841497629,test,SGDPHP_RET
2025-04-24,-0.31324031388105866,0.1855092262154857,test,SGDPHP_RET
2025-04-25,0.10726438189523405,0.10287674249352192,test,SGDPHP_RET
2025-04-28,-0.5058994425928901,-0.02307209144834429,test,SGDPHP_RET
2025-04-29,0.708424823304092,0.1605816691049006,test,SGDPHP_RET
2025-04-30,-0.5464507334682472,-0.20313061961209075,test,SGDPHP_RET
2025-05-01,-0.16490743739458788,0.17272752110581568,test,SGDPHP_RET
2025-05-02,-0.1979194778273101,0.0584483377304683,test,SGDPHP_RET
2025-05-05,0.653191208506837,0.0683360465725,test,SGDPHP_RET
2025-05-06,0.3629708565552709,-0.186587143527321,test,SGDPHP_RET
2025-05-07,-0.15912919558422348,-0.09966084928697368,test,SGDPHP_RET
2025-05-08,-0.3691689808573112,0.05671764880937072,test,SGDPHP_RET
2025-05-09,-0.5565005412945386,0.11962839939613457,test,SGDPHP_RET
2025-05-12,0.15568651509268683,0.1757376220387542,test,SGDPHP_RET
2025-05-13,0.00820805517192091,-0.03757540443023166,test,SGDPHP_RET
2025-05-14,0.3856378144056808,0.006597086971492007,test,SGDPHP_RET
2025-05-15,0.1409151985777485,-0.10645001701552466,test,SGDPHP_RET
2025-05-16,0.02698973663424849,-0.033151125439938395,test,SGDPHP_RET
2025-05-19,0.16206066112293074,9.716304583828658e-4,test,SGDPHP_RET
2025-05-20,0.22194976504745997,-0.03948457754517708,test,SGDPHP_RET
2025-05-21,-0.46358047766378846,-0.05742245762328811,test,SGDPHP_RET
2025-05-22,0.3782480906506517,0.1479063664507713,test,SGDPHP_RET
2025-05-23,-0.0617237919483992,-0.10423665982963114,test,SGDPHP_RET
2025-05-26,0.2246314574552306,0.027542951996720917,test,SGDPHP_RET
2025-05-27,-0.08469689244484949,-0.05822567346164144,test,SGDPHP_RET
2025-05-28,-0.01649404109124476,0.03442381503730042,test,SGDPHP_RET
2025-05-29,-0.5115621743831333,0.013995815812134006,test,SGDPHP_RET
2025-05-30,0.8894285387318334,0.16227776066599486,test,SGDPHP_RET
2025-06-02,0.07687217177089858,-0.25734453714084404,test,SGDPHP_RET
2025-06-03,-0.0463576094011076,-0.013969069616424856,test,SGDPHP_RET
2025-06-04,-0.20787044467297133,0.022940499768699104,test,SGDPHP_RET
2025-06-05,0.27344086640293014,0.07131654282710535,test,SGDPHP_RET
2025-06-06,-0.1819189846328122,-0.0728449826015919,test,SGDPHP_RET
2025-06-09,-0.05363501130374212,0.06354360672442307,test,SGDPHP_RET
2025-06-10,0.08769068750520811,0.025120214509032835,test,SGDPHP_RET
2025-06-11,0.37674790969449273,-0.017209412602851117,test,SGDPHP_RET
2025-06-12,0.15109710229649814,-0.10378732824302139,test,SGDPHP_RET
2025-06-13,-2.404617958537773,-0.03620079150446934,test,SGDPHP_RET
2025-06-16,3.920957684822661,0.729282531352373,test,SGDPHP_RET
2025-06-17,-0.2033115955388484,-1.1653428659253744,test,SGDPHP_RET
2025-06-18,-0.9175412397044546,0.06995108427616177,test,SGDPHP_RET
2025-06-19,1.124008529299817,0.2838759030782535,test,SGDPHP_RET
2025-06-20,-0.06907573895760946,-0.3276055272674547,test,SGDPHP_RET
2025-06-23,0.6331164737280743,0.02974499435751547,test,SGDPHP_RET
2025-06-24,0.13830778757839465,-0.18057439393742705,test,SGDPHP_RET
2025-06-25,-1.297400524219753,-0.0323701582396327,test,SGDPHP_RET
2025-06-26,0.7195712898340726,0.3976506942452603,test,SGDPHP_RET
2025-06-27,-0.02917050985320064,-0.2064691898495322,test,SGDPHP_RET
2025-06-30,0.4151544539652065,0.01779264965276777,test,SGDPHP_RET
2025-07-01,-1.524404392071226,-0.1152907894771534,test,SGDPHP_RET
2025-07-02,0.20960002082873527,0.4656424972937494,test,SGDPHP_RET
2025-07-03,0.7407304478340192,-0.0537234837486749,test,SGDPHP_RET
2025-07-04,0.13245381297760594,-0.2128067439935238,test,SGDPHP_RET
2025-07-07,0.4123337893733314,-0.030616785965076974,test,SGDPHP_RET
2025-07-08,-0.2953870412993802,-0.11444594893231257,test,SGDPHP_RET
2025-07-09,-0.4826555115797922,0.09752936139101707,test,SGDPHP_RET
2025-07-10,0.41439797582496407,0.15361968737977308,test,SGDPHP_RET
2025-07-11,-0.1286823248647178,-0.11506421046240506,test,SGDPHP_RET
2025-07-14,0.03014897111909271,0.047598255131206996,test,SGDPHP_RET
2025-07-15,0.1799692824780185,2.538204900304729e-5,test,SGDPHP_RET
2025-07-16,-0.04359831523491318,-0.044848536615873555,test,SGDPHP_RET
2025-07-17,-1.1083427926954337,0.02211404078684824,test,SGDPHP_RET
2025-07-18,1.9130395370164528,0.3410244518456983,test,SGDPHP_RET
2025-07-21,-0.3373155478177711,-0.5639347201731969,test,SGDPHP_RET
2025-07-22,0.2720786466553922,0.11008771462216546,test,SGDPHP_RET
2025-07-23,-0.20002776201859665,-0.07243697291585403,test,SGDPHP_RET
2025-07-24,-0.25062236270908367,0.0689675161807535,test,SGDPHP_RET
2025-07-25,0.3407954839126266,0.0841215228416238,test,SGDPHP_RET
2025-07-28,0.3733718059715795,-0.09301892030349032,test,SGDPHP_RET
2025-07-29,-0.6922169381121566,-0.10277612353725056,test,SGDPHP_RET
2025-07-30,0.3246661859221548,0.21638716078983672,test,SGDPHP_RET
2025-07-31,-0.5675081075564539,-0.0881879010673067,test,SGDPHP_RET
2025-08-01,1.4153127585899807,0.17903458910987485,test,SGDPHP_RET
2025-08-04,-0.07391784627545517,-0.4148564625600984,test,SGDPHP_RET
2025-08-05,-0.529399050926628,0.03119529390619991,test,SGDPHP_RET
2025-08-06,0.25356173776854113,0.16762023085570546,test,SGDPHP_RET
2025-08-07,-0.18709864857974,-0.066890820623306535,test,SGDPHP_RET
2025-08-08,-0.1387650044823403,0.06509501064661219,test,SGDPHP_RET
2025-08-11,-0.6049747385334558,0.050618201765820936,test,SGDPHP_RET
2025-08-12,0.1284338665335941,0.19025652915164323,test,SGDPHP_RET
2025-08-13,0.03179304934956379,-0.029412738609084072,test,SGDPHP_RET
2025-08-14,-0.154964697675921,-4.6704939853351064e-4,test,SGDPHP_RET
2025-08-15,0.3956223190667455,0.05547030565060829,test,SGDPHP_RET
2025-08-18,0.0968036038780374,-0.10944055845817537,test,SGDPHP_RET
2025-08-19,-0.26418856765638765,-0.019938897439753377,test,SGDPHP_RET
2025-08-20,0.23975485558978352,0.08818484891453479,test,SGDPHP_RET
2025-08-21,-0.08656019627703244,-0.06275540732530052,test,SGDPHP_RET
2025-08-22,-0.091550164499554,0.03498190855516141,test,SGDPHP_RET
2025-08-25,-0.8485415854433626,0.03647649514443438,test,SGDPHP_RET
2025-08-26,0.136802096996101,0.263209246834301,test,SGDPHP_RET
2025-08-27,0.5035977382651022,-0.03191917641940108,test,SGDPHP_RET
2025-08-28,-0.5438211539952396,-0.1417811679186986,test,SGDPHP_RET
2025-08-29,0.7661544383535248,0.1719399140428996,test,SGDPHP_RET
2025-09-01,0.2709967220466587,-0.2204216933442543,test,SGDPHP_RET
2025-09-02,-2.095358625261402,-0.07211291674180481,test,SGDPHP_RET
2025-09-03,1.8550764477900987,0.6366537145923344,test,SGDPHP_RET
2025-09-04,0.12127148813103517,-0.5465737166622838,test,SGDPHP_RET
2025-09-05,-0.788403815292171,-0.027267475507117157,test,SGDPHP_RET
2025-09-08,-0.03723512403147328,0.2451968866811672,test,SGDPHP_RET
2025-09-09,0.2257900943946778,0.0202081488425434,test,SGDPHP_RET
2025-09-10,0.5715292929863145,-0.05857270637934987,test,SGDPHP_RET
2025-09-11,0.14030481871845052,-0.16212790884914108,test,SGDPHP_RET
2025-09-12,0.13163357431762632,-0.03296830552778912,test,SGDPHP_RET
2025-09-15,0.05378732745573589,-0.030371109510530476,test,SGDPHP_RET
2025-09-16,-0.03169933451631942,-0.0070547372619270896,test,SGDPHP_RET
2025-09-17,-0.3245694292479708,0.018550078810545087,test,SGDPHP_RET
2025-09-18,0.00689217033451808,0.10627001939241905,test,SGDPHP_RET
2025-09-19,0.43084136061100387,0.006991218505663598,test,SGDPHP_RET
2025-09-22,-0.4136079199320535,-0.11998930442844465,test,SGDPHP_RET
2025-09-23,-0.22043668273859923,0.13293867301328113,test,SGDPHP_RET
2025-09-24,0.5745455324998936,0.07508036056160151,test,SGDPHP_RET
2025-09-25,0.35765388896897976,-0.1630313276538309,test,SGDPHP_RET
2025-09-26,0.17450654869080628,-0.09806832041791123,test,SGDPHP_RET
2025-09-29,0.41571851261611126,-0.043212348108242135,test,SGDPHP_RET
2025-09-30,-0.00775780142026307,-0.11545973534165827,test,SGDPHP_RET
2025-10-01,0.2588996132007168,0.011379152524782315,test,SGDPHP_RET
2025-10-02,0.04490425282972826,-0.06848961177394597,test,SGDPHP_RET
2025-10-03,-0.3643698423559208,-0.00439409422463876,test,SGDPHP_RET
2025-10-06,-0.37169141288147595,0.11819096979250132,test,SGDPHP_RET
2025-10-07,0.6206473246335926,0.12038391384182862,test,SGDPHP_RET
2025-10-08,-0.5837340797973111,-0.1768396561224355,test,SGDPHP_RET
2025-10-09,-0.14182968662777418,0.18389456404912327,test,SGDPHP_RET
2025-10-10,0.4382740826788756,0.05153613002321476,test,SGDPHP_RET
2025-10-13,-0.15934654623984731,-0.12221554039409589,test,SGDPHP_RET
2025-10-14,-0.4491126249541271,0.05678274929910909,test,SGDPHP_RET
2025-10-15,0.07713429190704627,0.14357298041078775,test,SGDPHP_RET
2025-10-16,0.07872109250000658,-0.014047579382979392,test,SGDPHP_RET
2025-10-17,0.2805963607223921,-0.014522855132308807,test,SGDPHP_RET
2025-10-20,-0.09647604002997812,-0.07498818379498198,test,SGDPHP_RET
2025-10-21,0.2284817056387705,0.037951884802222516,test,SGDPHP_RET
2025-10-22,-0.37166475528713466,-0.059378893090279355,test,SGDPHP_RET
2025-10-23,0.4043357249284626,0.12037592940561018,test,SGDPHP_RET
2025-10-24,0.35024831485205465,-0.11205038260275359,test,SGDPHP_RET
2025-10-27,0.11910165633349527,-0.09585021575923462,test,SGDPHP_RET
2025-10-28,-0.8218001869719755,-0.026617571267057206,test,SGDPHP_RET
2025-10-29,-0.14722596612630884,0.2551997097488037,test,SGDPHP_RET
2025-10-30,-1.9949840214270824,0.05315241425806766,test,SGDPHP_RET
2025-10-31,3.217550381649247,0.6065896881087043,test,SGDPHP_RET
2025-11-03,-0.8108069963857807,-0.9546595358442861,test,SGDPHP_RET
2025-11-04,-0.09153364293992232,0.2519070484550317,test,SGDPHP_RET
2025-11-05,-0.2009834528818014,0.036471546635674756,test,SGDPHP_RET
2025-11-06,0.3099370636355704,0.06925376304324649,test,SGDPHP_RET
2025-11-07,0.37046801241783867,-0.08377626001878587,test,SGDPHP_RET
2025-11-10,-0.4928400204998076,-0.10190638435056587,test,SGDPHP_RET
2025-11-11,0.6828002947671213,0.15667013374964875,test,SGDPHP_RET
2025-11-12,0.15719809274448066,-0.1954556054637149,test,SGDPHP_RET
2025-11-13,0.33154512721656815,-0.038028149535264455,test,SGDPHP_RET
2025-11-14,-0.4182616437248517,-0.09024826958040134,test,SGDPHP_RET
2025-11-17,0.2811562331500851,0.13433254825671545,test,SGDPHP_RET
2025-11-18,-0.31211697709105723,-0.07515587580920302,test,SGDPHP_RET
2025-11-19,-0.12526971408452278,0.10254028261508112,test,SGDPHP_RET
2025-11-20,-0.1864930805680928,0.04657611589523597,test,SGDPHP_RET
2025-11-21,-0.01070212484819135,0.06491363197068882,test,SGDPHP_RET
2025-11-24,-0.5744267164311786,0.012261031148778866,test,SGDPHP_RET
2025-11-25,0.7298611632412805,0.18110683878752176,test,SGDPHP_RET
2025-11-26,0.00741149783397455,-0.20955119480706236,test,SGDPHP_RET
2025-11-27,0.4136043032369718,0.006835670437716969,test,SGDPHP_RET
2025-11-28,-0.2883184505257681,-0.11482649103146099,test,SGDPHP_RET
2025-12-01,-0.11991797985216208,0.09541218939629029,test,SGDPHP_RET
2025-12-02,-0.1195346559497362,0.044973173780907746,test,SGDPHP_RET
2025-12-03,-0.08886893245474968,0.04485836127341966,test,SGDPHP_RET
2025-12-04,0.9840373817733832,0.035673417193194744,test,SGDPHP_RET
2025-12-05,0.1408965935721146,-0.2856816129960241,test,SGDPHP_RET
2025-12-08,-0.30461501940775815,-0.03314555290106164,test,SGDPHP_RET
2025-12-09,0.28919152442160573,0.10029330931850844,test,SGDPHP_RET
2025-12-10,0.38911199288726334,-0.07756259225303004,test,SGDPHP_RET
2025-12-11,-0.22956211642887825,-0.10749059690216171,test,SGDPHP_RET
2025-12-12,-0.25858430555970635,0.07781359456362062,test,SGDPHP_RET
2025-12-15,0.5021182664478939,0.08650627009419952,test,SGDPHP_RET
2025-12-16,-0.43469408154708544,-0.14133803909731113,test,SGDPHP_RET
2025-12-17,-0.44525067441906113,0.13925436340722594,test,SGDPHP_RET
2025-12-18,0.1663084369502079,0.1424162557142067,test,SGDPHP_RET
2025-12-19,0.02100307639550194,-0.04075686396115713,test,SGDPHP_RET
2025-12-22,-0.3920843223908303,0.0027647445040757,test,SGDPHP_RET
2025-12-23,0.8690345159268108,0.1264919625727555,test,SGDPHP_RET
2025-12-24,0.2018580830037232,-0.25123615495753804,test,SGDPHP_RET
2025-12-26,0.08959944590806665,-0.05140463201811196,test,SGDPHP_RET
2025-12-29,-0.3426306647226479,-0.017781120594537056,test,SGDPHP_RET
2025-12-30,0.3831546353030338,0.11167968917835465,test,SGDPHP_RET
2025-12-31,0.14921081734413366,-0.10570625953650335,test,SGDPHP_RET
2026-01-02,-0.0164440459089701,-0.035635814721525674,test,SGDPHP_RET
2026-01-05,-0.6258887909653423,0.013980841342232833,test,SGDPHP_RET
2026-01-06,1.118322926111614,0.1965206697028738,test,SGDPHP_RET
2026-01-07,0.465724365951746,-0.3259025853050865,test,SGDPHP_RET
2026-01-08,-0.10546018256178467,-0.1304374014204261,test,SGDPHP_RET
2026-01-09,-0.5313357485268632,0.040642799522591144,test,SGDPHP_RET
2026-01-12,-0.09028923858781164,0.1682003071471184,test,SGDPHP_RET
2026-01-13,0.07246157782199936,0.036098824811935826,test,SGDPHP_RET
2026-01-14,0.2109181083044942,-0.012648016200292642,test,SGDPHP_RET
2026-01-15,0.2571017614216998,-0.054118275013249825,test,SGDPHP_RET
2026-01-16,-0.2248172546847951,-0.067951122341029,test,SGDPHP_RET
2026-01-19,0.01274083493733102,0.07639242183978363,test,SGDPHP_RET
2026-01-20,0.14424777231912878,0.005239436672451338,test,SGDPHP_RET
2026-01-21,0.1113296386085317,-0.03414929212147155,test,SGDPHP_RET
2026-01-22,-0.4543569838576911,-0.02428971005726126,test,SGDPHP_RET
2026-01-23,0.20660273181014965,0.14514376165368717,test,SGDPHP_RET
2026-01-26,0.5751468735288198,-0.052825740963232976,test,SGDPHP_RET
2026-01-27,0.23790146906298895,-0.16321144027125323,test,SGDPHP_RET
2026-01-28,0.1568429095369828,-0.0622002842214731,test,SGDPHP_RET
2026-01-29,-0.08324567048119182,-0.03792176567969893,test,SGDPHP_RET
2026-01-30,0.02782872081376953,0.033989147562836004,test,SGDPHP_RET
2026-02-02,-1.080390734912719,7.203393784788181e-4,test,SGDPHP_RET
2026-02-03,0.5837058889800973,0.3326523001922921,test,SGDPHP_RET
2026-02-04,0.20896937109932415,-0.16577502166905128,test,SGDPHP_RET
2026-02-05,-0.2007766257014541,-0.053534592640340314,test,SGDPHP_RET
2026-02-06,-0.6039318848160512,0.0691918145264906,test,SGDPHP_RET
2026-02-09,-0.5641623176786623,0.18994417542290168,test,SGDPHP_RET
2026-02-10,0.8692307738941908,0.17803246395418687,test,SGDPHP_RET
2026-02-11,0.12488669230694972,-0.25129493780203793,test,SGDPHP_RET
2026-02-12,-0.10707799324874089,-0.02835029516404779,test,SGDPHP_RET
2026-02-13,-0.6521589637829819,0.041127363361253305,test,SGDPHP_RET
2026-02-16,-0.3401929042152932,0.20438906610145582,test,SGDPHP_RET
2026-02-17,0.30010019220115186,0.11094953539787415,test,SGDPHP_RET
2026-02-18,-0.3406508946851343,-0.08082993742299688,test,SGDPHP_RET
2026-02-19,0.04042679205449859,0.11108671190556212,test,SGDPHP_RET
2026-02-20,0.01510891850617598,-0.0030530129731689074,test,SGDPHP_RET
2026-02-23,0.14551279885366475,0.004530152407213102,test,SGDPHP_RET
2026-02-24,-0.6954780475204076,-0.03452819066536578,test,SGDPHP_RET
2026-02-25,0.10239684051887862,0.2173639225988049,test,SGDPHP_RET
2026-02-26,0.0688867374570255,-0.021614173934762233,test,SGDPHP_RET
2026-02-27,0.02171821278562977,-0.0115772862416995,test,SGDPHP_RET
2026-03-02,-0.372951492261018,0.002550548098302593,test,SGDPHP_RET
2026-03-03,0.7958294399493457,0.12076133062247722,test,SGDPHP_RET
2026-03-04,-0.24992779728856185,-0.22930989812712077,test,SGDPHP_RET
2026-03-05,0.31584871434269396,0.08391348781683158,test,SGDPHP_RET
2026-03-06,0.29211395413092556,-0.08554690734023677,test,SGDPHP_RET
2026-03-09,0.0697061475030296,-0.07843791330856878,test,SGDPHP_RET
2026-03-10,0.921273309965418,-0.011822714511231527,test,SGDPHP_RET
2026-03-11,-1.843554766806191,-0.26688262754578257,test,SGDPHP_RET
2026-03-12,1.943326719315527,0.5612338615608513,test,SGDPHP_RET
2026-03-13,0.16010160563143297,-0.573006284253857,test,SGDPHP_RET
2026-03-16,-2.518134572856743,-0.038897804657121574,test,SGDPHP_RET
2026-03-17,2.886950652547351,0.7632828299224248,test,SGDPHP_RET
2026-03-18,-0.5475444386610897,-0.8556388809024629,test,SGDPHP_RET
2026-03-19,0.31592957608204625,0.17305510577989494,test,SGDPHP_RET
2026-03-20,0.06219916816085757,-0.08557112690754298,test,SGDPHP_RET
2026-03-23,-0.4753688908064953,-0.009574237136141174,test,SGDPHP_RET
2026-03-24,0.6748316143982503,0.1514372114193582,test,SGDPHP_RET
2026-03-25,0.6307236642911714,-0.1930688402014105,test,SGDPHP_RET
2026-03-26,-0.31875578122002124,-0.17985770382326163,test,SGDPHP_RET
2026-03-27,-0.02302712576645542,0.10452872566270952,test,SGDPHP_RET
2026-03-30,0.21123876362399047,0.015952593953141983,test,SGDPHP_RET
2026-03-31,0.1445657228476006,-0.05421431713595015,test,SGDPHP_RET
2026-04-01,0.36873649071438475,-0.03424452410987609,test,SGDPHP_RET
2026-04-02,-0.5336237540100682,-0.10138776198633175,test,SGDPHP_RET
2026-04-03,-0.27149472972990607,0.1688856065636452,test,SGDPHP_RET
