Date,Actual,Forecast,Set,Pair,Nonlinear,Hybrid
2023-01-04,0.1400934932407738,-0.0602483308329355,val,USDIDR_RET,-0.4948675786581847,-0.5551159094911202
2023-01-05,-0.0758054807405237,-0.0078171348401764,val,USDIDR_RET,-0.48382356895805995,-0.4916407037982363
2023-01-06,0.3848625661294456,0.092919164854983,val,USDIDR_RET,-0.48931794381340826,-0.39639877895842524
2023-01-09,-0.1133817644402937,-0.0380572673319387,val,USDIDR_RET,-0.4319104361999637,-0.4699677035319024
2023-01-10,-0.1430286324534819,0.0312241809314969,val,USDIDR_RET,-0.4858195570469617,-0.4545953761154648
2023-01-11,-0.3285211286258423,0.0486079690097341,val,USDIDR_RET,-0.4205073513354771,-0.37189938232574304
2023-01-12,-0.7426641800542236,0.0765019466926855,val,USDIDR_RET,-0.20176581272281677,-0.1252638660301313
2023-01-13,-1.5824563529148967,0.167259784062509,val,USDIDR_RET,0.32537451825333563,0.4926343023158446
2023-01-16,-0.3777240493563054,0.2408771239576564,val,USDIDR_RET,-0.38340153057198306,-0.14252440661432667
2023-01-17,-0.2172403552634189,0.0597419789465753,val,USDIDR_RET,0.11682628998506939,0.17656826893164468
2023-01-18,0.5290317853656795,0.0939634434050205,val,USDIDR_RET,-0.321247770514135,-0.2272843271091145
2023-01-19,-0.4362489567863119,-0.0845144334464812,val,USDIDR_RET,-0.3316075838108031,-0.41612201725728426
2023-01-20,0.2976487959986031,0.1095972236189356,val,USDIDR_RET,-0.23366271263055444,-0.12406548901161883
2023-01-23,-0.5636329130641213,-0.054861223417513,val,USDIDR_RET,-0.489303606789668,-0.544164830207181
2023-01-24,-0.3253207981741371,0.1828274757524134,val,USDIDR_RET,-0.027317347730600298,0.1555101280218131
2023-01-25,-0.3437633756596605,0.1589898811860974,val,USDIDR_RET,-0.028156134235800736,0.13083374695029665
2023-01-26,-0.1123950889891015,0.0679304338692509,val,USDIDR_RET,-0.03541753435489414,0.03251289951435676
2023-01-27,0.0254327448907241,0.0440143133383914,val,USDIDR_RET,-0.41546065030543167,-0.37144633696704027
2023-01-30,0.1865442558326439,0.04156132322325,val,USDIDR_RET,-0.5077678518381631,-0.4662065286149131
2023-01-31,0.1641867926373941,-0.0189850419975823,val,USDIDR_RET,-0.5050771503232896,-0.5240621923208719
2023-02-01,-0.0286790349330749,-0.0023202369368957,val,USDIDR_RET,-0.4913641053703265,-0.4936843423072222
2023-02-02,-0.909351293707064,0.0187874461203097,val,USDIDR_RET,-0.5054598321608039,-0.48667238604049423
2023-02-03,0.1748722533342161,0.1859098899376051,val,USDIDR_RET,0.385184849831548,0.571094739769153
2023-02-06,1.3204539415985903,-0.0329298877446911,val,USDIDR_RET,-0.5097920797231202,-0.5427219674678113
2023-02-07,0.8005656988331463,-0.1759351635643331,val,USDIDR_RET,-0.2945953449163887,-0.47053050848072187
2023-02-08,-0.3492935307342385,-0.1070982546309766,val,USDIDR_RET,-0.317964893786642,-0.4250631484176186
2023-02-09,-0.1982554178317643,0.0450280291030291,val,USDIDR_RET,-0.3579731975560942,-0.3129451684530651
2023-02-10,0.1520309642731903,0.0548426915021794,val,USDIDR_RET,-0.3568692251466197,-0.30202653364444026
2023-02-13,0.2783453858003911,-0.0076082429885017,val,USDIDR_RET,-0.5156908992469879,-0.5232991422354896
2023-02-14,0.1895148462299434,-0.0559529517310503,val,USDIDR_RET,-0.4357927200655902,-0.4917456717966405
2023-02-15,-0.2105956684883772,0.0305102168320363,val,USDIDR_RET,-0.46043745714209566,-0.42992724031005936
2023-02-16,0.2040212626479247,0.09714522858985,val,USDIDR_RET,-0.3590753856775721,-0.26193015708772205
2023-02-17,-0.4480766590086654,-0.0245858439890357,val,USDIDR_RET,-0.5141616679058046,-0.5387475118948404
2023-02-20,0.1122075296766406,0.1072070099649746,val,USDIDR_RET,-0.1415590465908889,-0.03435203662591428
2023-02-21,0.0230859292287367,0.0088968075840301,val,USDIDR_RET,-0.5133920418445284,-0.5044952342604982
2023-02-22,0.4638852884395508,0.0203876925178715,val,USDIDR_RET,-0.5150231184939671,-0.4946354259760956
2023-02-23,-0.2695153644579279,-0.063124471097,val,USDIDR_RET,-0.32580657143473307,-0.38893104253173305
2023-02-24,0.1184132761216772,0.0743550725462561,val,USDIDR_RET,-0.392551966670924,-0.3181968941246679
2023-02-27,0.3131200187701666,-0.0371367136627078,val,USDIDR_RET,-0.5181600597233059,-0.5552967733860137
2023-02-28,-0.3196948568671503,0.0089563422078452,val,USDIDR_RET,-0.39192427398160457,-0.3829679317737594
2023-03-01,0.2036192368268597,0.0881354090311065,val,USDIDR_RET,-0.2618092806247965,-0.17367387159369002
2023-03-02,0.0196831021204406,-0.0330667650270317,val,USDIDR_RET,-0.5125326859313296,-0.5455994509583613
2023-03-03,0.5169322814924677,0.0297379175561653,val,USDIDR_RET,-0.5184545877585626,-0.4887166702023973
2023-03-06,-0.4375856325878552,-0.0890870172924985,val,USDIDR_RET,-0.2971588195704362,-0.38624583686293473
2023-03-07,0.6331910936648111,0.0619598543794089,val,USDIDR_RET,-0.23766014413715167,-0.17570028975774277
2023-03-08,0.5521466494305457,-0.0920354799430453,val,USDIDR_RET,-0.2524394293984935,-0.3444749093415388
2023-03-09,0.0841778144050314,-0.0755788718194341,val,USDIDR_RET,-0.2293708859639468,-0.3049497577833809
2023-03-10,0.2521091221867173,-0.00191694000606,val,USDIDR_RET,-0.5002946185034367,-0.5022115585094967
2023-03-13,-0.1059402121712409,-0.0610588472972268,val,USDIDR_RET,-0.45548423797479065,-0.5165430852720174
2023-03-14,-0.4118938144193022,0.0048024946499034,val,USDIDR_RET,-0.49906222951738294,-0.49425973486747954
2023-03-15,-0.2404081597118813,0.0318690123487443,val,USDIDR_RET,-0.1505113044144035,-0.1186422920656592
2023-03-16,0.6936593889142967,0.1332545284288978,val,USDIDR_RET,-0.32638218219010345,-0.19312765376120566
2023-03-17,-0.368920518097151,-0.1967105580193391,val,USDIDR_RET,-0.2572249185364388,-0.45393547655577793
2023-03-20,-0.3475101335820484,0.1378877279713523,val,USDIDR_RET,-0.4221797092845949,-0.2842919813132426
2023-03-21,-0.1856164135838211,0.0713570634389823,val,USDIDR_RET,-0.05879082068574823,0.012566242753234064
2023-03-22,-0.3003201317076792,0.0363875749934521,val,USDIDR_RET,-0.34272721124282474,-0.30633963624937266
2023-03-23,-0.2815519947986706,0.1294297468733046,val,USDIDR_RET,-0.2520855206092355,-0.1226557737359309
2023-03-24,-1.346643889730572,0.0634279797684561,val,USDIDR_RET,-0.15801077064109822,-0.09458279087264213
2023-03-27,0.6689874262807298,0.2689020599081234,val,USDIDR_RET,0.05141849622812817,0.32032055613625154
2023-03-28,-0.267720078597184,-0.1289354799681238,val,USDIDR_RET,-0.3562702128243222,-0.48520569279244596
2023-03-29,-0.3082688023864924,0.0949263609838782,val,USDIDR_RET,-0.44767652120743506,-0.3527501602235569
2023-03-30,-0.1960622045355314,0.0893574919555682,val,USDIDR_RET,-0.16818162412777513,-0.07882413217220692
2023-03-31,-0.0765352848367474,0.1189500726990914,val,USDIDR_RET,-0.3119169099747771,-0.1929668372756857
2023-04-03,-0.2132765404547721,0.0618589611918344,val,USDIDR_RET,-0.402378705260812,-0.34051974406897756
2023-04-04,-0.4882462964729085,0.0348234546559828,val,USDIDR_RET,-0.3232690624693479,-0.2884456078133651
2023-04-05,0.2878855802764026,0.1201542957328599,val,USDIDR_RET,-0.008104849594966084,0.11204944613789382
2023-04-06,-0.0133716654608543,-0.067079116842365,val,USDIDR_RET,-0.49743490690703157,-0.5645140237493966
2023-04-07,-0.1605996062529837,-0.0260519117697349,val,USDIDR_RET,-0.5184701151369232,-0.5445220269066581
2023-04-10,-0.1742744592835283,0.0654146623236494,val,USDIDR_RET,-0.4506506165688872,-0.3852359542452378
2023-04-11,0.3281875622409326,0.0730297683902134,val,USDIDR_RET,-0.3605042514692273,-0.2874744830790139
2023-04-12,-0.2812376301266094,0.0091180807053631,val,USDIDR_RET,-0.4548181604710393,-0.4457000797656762
2023-04-13,-0.6019556454390488,0.0835121178286345,val,USDIDR_RET,-0.3063863250721446,-0.2228742072435101
2023-04-14,-0.700664602552455,0.1429040948330474,val,USDIDR_RET,0.1970832683100685,0.3399873631431159
2023-04-17,-0.1835923406920944,0.1620348335742801,val,USDIDR_RET,0.34271914453843905,0.5047539781127192
2023-04-18,1.1301849395803814,0.0609782542761363,val,USDIDR_RET,-0.2411937079661757,-0.1802154536900394
2023-04-19,0.20168074063046,-0.1934817864988148,val,USDIDR_RET,-0.3586221977984768,-0.5521039842972917
2023-04-20,0.7760274427619477,-0.0224892578548769,val,USDIDR_RET,-0.35979010848666065,-0.38227936634153753
2023-04-21,-0.4006415615438633,-0.1140407748881949,val,USDIDR_RET,-0.23813263168870122,-0.3521734065768961
2023-04-24,-0.7252247740764209,0.0798432909599799,val,USDIDR_RET,-0.31059831317044084,-0.23075502221046096
2023-04-25,0.7185337968567088,0.1520639036596931,val,USDIDR_RET,0.3144008280639066,0.4664647317235997
2023-04-26,-0.0669344067828061,-0.1169185844782065,val,USDIDR_RET,-0.2545040025659835,-0.37142258704418996
2023-04-27,-0.6280140869776544,-0.0050804328149776,val,USDIDR_RET,-0.5183909091999457,-0.5234713420149233
2023-04-28,-1.0668845163708691,0.146664214856882,val,USDIDR_RET,0.12225658642286348,0.2689208012797455
2023-05-01,-0.1431151639645648,0.2436578929013725,val,USDIDR_RET,0.29721079543792905,0.5408686883393016
2023-05-02,0.0579522421578125,0.156504936792596,val,USDIDR_RET,-0.18943024063278913,-0.032925303840193126
2023-05-03,0.5505723532666436,0.0433421080279479,val,USDIDR_RET,-0.4734772737431771,-0.4301351657152292
2023-05-04,-0.489247739733991,-0.1173132297323532,val,USDIDR_RET,-0.2850630369322669,-0.4023762666646201
2023-05-05,0.1327411232843726,0.0618896256018461,val,USDIDR_RET,-0.2083621966367803,-0.1464725710349342
2023-05-08,-0.2179243575611028,-0.007312799066844,val,USDIDR_RET,-0.5181836700512231,-0.5254964691180671
2023-05-09,0.5574832576749261,0.1135606901098882,val,USDIDR_RET,-0.38865778232040565,-0.2750970922105175
2023-05-10,0.1151878705808007,-0.090058982569967,val,USDIDR_RET,-0.3255160193631672,-0.41557500193313424
2023-05-11,-0.5159900103346821,0.0071096487999298,val,USDIDR_RET,-0.48152372176565655,-0.47441407296572674
2023-05-12,0.5396886985539376,0.0861823532581074,val,USDIDR_RET,-0.008064724354190091,0.07811762890391731
2023-05-15,-0.1863554506146697,-0.1038699382809317,val,USDIDR_RET,-0.31901723077642435,-0.42288716905735607
2023-05-16,0.3520891984490341,0.0716266079495136,val,USDIDR_RET,-0.4822186157055478,-0.4105920077560342
2023-05-17,0.6064708615566653,-0.0254305628676203,val,USDIDR_RET,-0.43930360469847257,-0.46473416756609287
2023-05-18,-0.0571207783956661,-0.1017887357927742,val,USDIDR_RET,-0.23206890292336063,-0.33385763871613483
2023-05-19,0.2651675632791281,0.0745034612009267,val,USDIDR_RET,-0.5181897650316964,-0.44368630383076973
2023-05-22,0.0134075216397169,-0.0108219404577941,val,USDIDR_RET,-0.4881731836983114,-0.49899512415610553
2023-05-23,-0.2147363595252529,0.0013736598597176,val,USDIDR_RET,-0.516446421908433,-0.5150727620487154
2023-05-24,0.0604412227526626,0.0963297109325483,val,USDIDR_RET,-0.3835098434183323,-0.287180132485784
2023-05-25,0.3411454703020676,0.0057870883372342,val,USDIDR_RET,-0.5023263927285767,-0.49653930439134253
2023-05-26,0.1611157563270784,-0.0394289907135502,val,USDIDR_RET,-0.4024336491836998,-0.44186263989725
2023-05-29,-0.1470686808299498,-0.0134925514180328,val,USDIDR_RET,-0.4837296775134066,-0.4972222289314394
2023-05-30,0.0802460923093813,0.0853560489511457,val,USDIDR_RET,-0.45132423796588367,-0.365968189014738
2023-05-31,0.1269247640250693,-0.0167467180492103,val,USDIDR_RET,-0.5112341548872645,-0.5279808729364749
2023-06-01,0.0333744955205445,-0.007951791135098,val,USDIDR_RET,-0.5054686300096543,-0.5134204211447523
2023-06-02,-0.5152063853494162,-0.0122624795396201,val,USDIDR_RET,-0.5180101771617496,-0.5302726567013697
2023-06-05,0.5085323772713815,0.1180964694662405,val,USDIDR_RET,-0.03516086352529396,0.08293560594094654
2023-06-06,-0.895003041281685,-0.042797429427258,val,USDIDR_RET,-0.3631754127464438,-0.40597284217370183
2023-06-07,0.1514055770952535,0.1807311219878124,val,USDIDR_RET,0.3483384077842415,0.5290695297720539
2023-06-08,0.1142434854270579,0.007681373837998,val,USDIDR_RET,-0.5045203403557009,-0.49683896651770293
2023-06-09,-0.35660256460691,0.0123195367054169,val,USDIDR_RET,-0.5142162953259594,-0.5018967586205425
2023-06-12,-0.0202231285869018,0.0779386186353739,val,USDIDR_RET,-0.21217136082088386,-0.13423274218550996
2023-06-13,0.2592201286567275,0.0401119196021348,val,USDIDR_RET,-0.4737007447431656,-0.4335888251410308
2023-06-14,-0.0168120912956275,-0.0290760093244147,val,USDIDR_RET,-0.47469165107651295,-0.5037676604009277
2023-06-15,0.268654873117597,0.0613993916333903,val,USDIDR_RET,-0.5147073906105352,-0.45330799897714485
2023-06-16,-0.0805207048806192,-0.0420263965397322,val,USDIDR_RET,-0.48056384565505345,-0.5225902421947857
2023-06-19,0.207879370753201,0.0614001338347927,val,USDIDR_RET,-0.501411190019274,-0.44001105618448133
2023-06-20,0.5344748158880943,0.0393382281698594,val,USDIDR_RET,-0.5046238304006936,-0.4652856022308342
2023-06-21,0.0532907020338876,-0.0990599556655487,val,USDIDR_RET,-0.2922732898124171,-0.39133324547796583
2023-06-22,-0.4873336524951668,-0.0241124918505571,val,USDIDR_RET,-0.502776954164551,-0.5268894460151081
2023-06-23,-0.053551109118293,0.149679622563446,val,USDIDR_RET,-0.08861395744489413,0.06106566511855187
2023-06-26,0.3475706994785948,0.0533164089843796,val,USDIDR_RET,-0.39543464868182965,-0.34211823969745003
2023-06-27,0.3463668286616913,-0.0689196165844679,val,USDIDR_RET,-0.4303986401438804,-0.4993182567283483
2023-06-28,-0.3763973599272789,-0.052787531849383,val,USDIDR_RET,-0.3454610305486334,-0.3982485623980164
2023-06-29,-0.0100121814958399,0.1311395610532954,val,USDIDR_RET,-0.26783636329701227,-0.13669680224371686
2023-06-30,0.5525059819606466,0.028945613554053,val,USDIDR_RET,-0.4459891631199019,-0.4170435495658489
2023-07-03,-0.5191359412732344,-0.0933798774934581,val,USDIDR_RET,-0.2758058629195682,-0.3691857404130263
2023-07-04,0.4660150900904797,0.1297135131989709,val,USDIDR_RET,-0.1385663811792035,-0.008852867980232604
2023-07-05,-0.3059937197653244,-0.0606909641723616,val,USDIDR_RET,-0.40177271007651766,-0.46246367424887924
2023-07-06,0.4453758151410926,0.080927970961102,val,USDIDR_RET,-0.3548126369817497,-0.2738846660206477
2023-07-07,0.7420815941181194,-0.0716902633045117,val,USDIDR_RET,-0.38180802361075894,-0.4534982869152706
2023-07-10,-0.4043888381806167,-0.1351481432604142,val,USDIDR_RET,-0.2429448222494109,-0.3780929655098251
2023-07-11,0.580017444687817,0.0632587191682759,val,USDIDR_RET,-0.3296688656832812,-0.2664101465150053
2023-07-12,-0.3898242550031907,-0.1238443276307014,val,USDIDR_RET,-0.27959144062227764,-0.40343576825297905
2023-07-13,-1.5210619148014566,0.0667603906291566,val,USDIDR_RET,-0.3331745650422925,-0.26641417441313586
2023-07-14,0.1740178472735836,0.2953078592930604,val,USDIDR_RET,-0.2117946992825648,0.08351316001049561
2023-07-17,-0.0200635345933032,0.0160786162241951,val,USDIDR_RET,-0.4595706464869225,-0.4434920302627274
2023-07-18,0.2104666118412443,0.0553038149105215,val,USDIDR_RET,-0.5022384026311855,-0.44693458772066397
2023-07-19,0.0233578591915668,-0.0187818407498254,val,USDIDR_RET,-0.5018542979602247,-0.5206361387100501
2023-07-20,0.0400293553947312,0.023857004588419,val,USDIDR_RET,-0.5180576757108022,-0.4942006711223832
2023-07-21,0.3960928506402152,0.0300220947010708,val,USDIDR_RET,-0.5153339482592916,-0.48531185355822076
2023-07-24,-0.2228172324776328,-0.0651392479510371,val,USDIDR_RET,-0.38064673518223047,-0.44578598313326756
2023-07-25,0.0233026516142882,0.1082204827075735,val,USDIDR_RET,-0.4337017914907189,-0.3254813087831454
2023-07-26,0.0698753917329104,-0.0032468102699456,val,USDIDR_RET,-0.4809539274253196,-0.4842007376952652
2023-07-27,-0.1664503197311653,0.0022597322213351,val,USDIDR_RET,-0.5180660289231952,-0.5158062967018601
2023-07-28,0.5846804244949481,0.0466866241437781,val,USDIDR_RET,-0.4250149544327972,-0.3783283302890191
2023-07-31,-0.0463837267700403,-0.1714539096650642,val,USDIDR_RET,-0.2681252759052953,-0.43957918557035947
2023-08-01,0.1059883512043252,0.0876558352573021,val,USDIDR_RET,-0.510424065123836,-0.4227682298665339
2023-08-02,0.1786010066288733,0.0689126503401136,val,USDIDR_RET,-0.5156558712514665,-0.4467432209113529
2023-08-03,0.5864732964105956,-0.0040182819576011,val,USDIDR_RET,-0.5136572220567666,-0.5176755040143677
2023-08-04,-0.3884011334095197,-0.1068450375986438,val,USDIDR_RET,-0.2447526136578536,-0.35159765125649745
2023-08-07,0.0131908719357537,0.0706377123512946,val,USDIDR_RET,-0.3162091316031407,-0.24557141925184608
2023-08-08,0.4540228230207399,-0.0133015057455118,val,USDIDR_RET,-0.4940045027734082,-0.5073060085189199
2023-08-09,-0.1629465295780018,-0.0391331476600575,val,USDIDR_RET,-0.3098487974271013,-0.3489819450871588
2023-08-10,-0.0013164594907514,0.0451171388437326,val,USDIDR_RET,-0.4579183437655951,-0.4128012049218625
2023-08-11,0.3413644751276602,0.0472465773549238,val,USDIDR_RET,-0.49846872519057567,-0.45122214783565184
2023-08-14,0.3793829772818476,-0.0253240173072113,val,USDIDR_RET,-0.4304880791771237,-0.45581209648433496
2023-08-15,0.1956692510540913,-0.0799233175438276,val,USDIDR_RET,-0.3529729897970187,-0.4328963073408463
2023-08-16,-0.2315835142998772,0.0122302354137377,val,USDIDR_RET,-0.4423768503087104,-0.4301466148949727
2023-08-17,0.3292747526531066,0.0603093340210539,val,USDIDR_RET,-0.3563301316199543,-0.29602079759890043
2023-08-18,0.0032547315663061,-0.0269836237260955,val,USDIDR_RET,-0.44649452750158236,-0.4734781512276779
2023-08-21,-0.5515589772985302,0.0024702992290615,val,USDIDR_RET,-0.5171192684076763,-0.5146489691786148
2023-08-22,0.2673500548387653,0.1233075207710485,val,USDIDR_RET,0.03320909118536135,0.15651661195640987
2023-08-23,-0.012406298513877,-0.0157158379111323,val,USDIDR_RET,-0.5053584219230175,-0.5210742598341498
2023-08-24,-0.1496215110820049,0.0160175462282158,val,USDIDR_RET,-0.5130576365736522,-0.4970400903454364
2023-08-25,-0.3609176263873282,0.0039660639009416,val,USDIDR_RET,-0.4274714304600701,-0.42350536655912846
2023-08-28,0.3210275630248189,0.1370598255842541,val,USDIDR_RET,-0.21725867608004068,-0.08019885049578657
2023-08-29,-0.2128113167493986,-0.0154314440979634,val,USDIDR_RET,-0.49103259551153633,-0.5064640396094997
2023-08-30,-0.3874955590773155,0.0624837846563177,val,USDIDR_RET,-0.4006962255043055,-0.3382124408479878
2023-08-31,0.1282367623329853,0.1042631340395311,val,USDIDR_RET,-0.10635215432234799,-0.002089020282816892
2023-09-01,0.0985318830332416,0.0051310267297043,val,USDIDR_RET,-0.516414803470179,-0.5112837767404746
2023-09-04,0.0131302521197135,-0.0329212741299942,val,USDIDR_RET,-0.5162001444874983,-0.5491214186174925
2023-09-05,-0.0393959295968626,-0.0002574792453260226,val,USDIDR_RET,-0.5182521001193464,-0.5185095793646725
2023-09-06,0.4651933041078918,0.0628724966119983,val,USDIDR_RET,-0.5011811002898937,-0.4383086036778954
2023-09-07,0.2480904843669157,-0.0550127563267586,val,USDIDR_RET,-0.3546743837790455,-0.4096871401058041
2023-09-08,0.0391159793761257,-0.0320454526758506,val,USDIDR_RET,-0.42454188011766,-0.4565873327935106
2023-09-11,-0.1565558049702783,-0.0094993381915643,val,USDIDR_RET,-0.5181687054658962,-0.5276680436574606
2023-09-12,0.1376491121165884,0.0319173628184298,val,USDIDR_RET,-0.44170029521385734,-0.4097829323954275
2023-09-13,0.0723417379494102,-0.0008908691769868906,val,USDIDR_RET,-0.514359160436643,-0.5152500296136299
2023-09-14,0.0182378688700159,0.0202320296324745,val,USDIDR_RET,-0.51805983674447,-0.4978278071119955
2023-09-15,0.2731886699701755,0.0207671657827559,val,USDIDR_RET,-0.5119397289561554,-0.49117256317339947
2023-09-18,-0.3187927620990172,-0.0446269488849909,val,USDIDR_RET,-0.4564242322660702,-0.5010511811510611
2023-09-19,0.2018032778082239,0.1092213361696624,val,USDIDR_RET,-0.3243272687157825,-0.2151059325461201
2023-09-20,0.0487622524818958,-0.0261985846148114,val,USDIDR_RET,-0.5163036578943183,-0.5425022425091297
2023-09-21,-0.1528679291366279,0.0086970737338661,val,USDIDR_RET,-0.5179572068702402,-0.5092601331363741
2023-09-22,0.2568146657983481,0.0561568855618273,val,USDIDR_RET,-0.43068474354914693,-0.37452785798731963
2023-09-25,-0.2112550958736545,-0.0626296591718441,val,USDIDR_RET,-0.4836773303748237,-0.5463069895466678
2023-09-26,0.2404706582375783,0.0980695113166345,val,USDIDR_RET,-0.4405416283982406,-0.34247211708160613
2023-09-27,0.5696176965523537,-0.0123400579402729,val,USDIDR_RET,-0.505842619901164,-0.5181826778414369
2023-09-28,0.4893448693382737,-0.0917633680681009,val,USDIDR_RET,-0.24802470397277762,-0.3397880720408785
2023-09-29,-0.6120561580274709,-0.0874502224572101,val,USDIDR_RET,-0.24836220105948562,-0.3358124235166957
2023-10-02,-0.1681651001049456,0.1743511175927179,val,USDIDR_RET,-0.0060442778538272015,0.1683068397388907
2023-10-03,0.4392204451507521,0.0283611677804229,val,USDIDR_RET,-0.24500726481958982,-0.21664609703916693
2023-10-04,0.6808427610384835,-0.0802602929297855,val,USDIDR_RET,-0.34859766258570746,-0.42885795551549294
2023-10-05,-0.1986352493691011,-0.1438169581597776,val,USDIDR_RET,-0.22903719283108956,-0.37285415099086716
2023-10-06,0.2562297218919555,0.0689823977779177,val,USDIDR_RET,-0.4951102303149779,-0.4261278325370602
2023-10-09,-0.1792918454288997,-0.03251716882347,val,USDIDR_RET,-0.4896477905400509,-0.5221649593635209
2023-10-10,0.5649613007610067,0.1036315305266395,val,USDIDR_RET,-0.44190754962822637,-0.3382760191015869
2023-10-11,0.1725546134313746,-0.1102826066124656,val,USDIDR_RET,-0.3137948473300112,-0.42407745394247676
2023-10-12,-0.162360954438531,0.0048620282183184,val,USDIDR_RET,-0.43779112201315346,-0.4329290937948351
2023-10-13,0.2926955512880284,0.0683521819836343,val,USDIDR_RET,-0.4262081226950875,-0.3578559407114532
2023-10-16,-0.4010828232078808,-0.0487101801689363,val,USDIDR_RET,-0.47198803771234166,-0.520698217881278
2023-10-17,-0.0063793818400625,0.0729661180993129,val,USDIDR_RET,-0.23287252780283085,-0.15990640970351794
2023-10-18,0.3388205397932576,0.045301604648684,val,USDIDR_RET,-0.48382012825538584,-0.43851852360670185
2023-10-19,0.4997587978341329,-0.0365658317164343,val,USDIDR_RET,-0.43088053636340795,-0.46744636807984224
2023-10-20,0.3095097692373739,-0.108542861366219,val,USDIDR_RET,-0.2689880962004107,-0.3775309575666297
2023-10-23,0.0756525064451434,-0.043379874751076,val,USDIDR_RET,-0.34350697801563695,-0.386886852766713
2023-10-24,0.0378048016600098,0.0100120583244619,val,USDIDR_RET,-0.5117880425209318,-0.5017759841964698
2023-10-25,-0.0378048016600064,0.0378068142903066,val,USDIDR_RET,-0.5168615699932856,-0.479054755702979
2023-10-26,0.0598510042909211,0.0211771652344307,val,USDIDR_RET,-0.4856787070700756,-0.4645015418356449
2023-10-27,0.2673167721244139,-0.0014295664088455,val,USDIDR_RET,-0.5178383550315363,-0.5192679214403818
2023-10-30,-0.1036969628013669,0.0015447855574169,val,USDIDR_RET,-0.44662933936337734,-0.44508455380596046
2023-10-31,-0.3811448395317543,-0.0124466994342817,val,USDIDR_RET,-0.46957121062219187,-0.48201791005647354
2023-11-01,-0.5969927808573252,0.1245582616669221,val,USDIDR_RET,-0.21245407331935723,-0.08789581165243512
2023-11-02,0.9561274641853388,0.1965690093046291,val,USDIDR_RET,0.23656501954769216,0.4331340288523212
2023-11-03,-0.3906993437965077,-0.1188259113356424,val,USDIDR_RET,-0.22875019316634507,-0.34757610450198745
2023-11-06,-1.6289321307572542,0.0384022782815619,val,USDIDR_RET,-0.3268204104268696,-0.2884181321453077
2023-11-07,-0.0776808634741216,0.3677138354038495,val,USDIDR_RET,-0.3104343649446255,0.05727947045922399
2023-11-08,0.4715876841987344,0.0708417767111253,val,USDIDR_RET,-0.11247540991708636,-0.04163363320596106
2023-11-09,-0.1765833017157648,-0.0801591830449793,val,USDIDR_RET,-0.3557984863612438,-0.4359576694062231
2023-11-10,0.6236926073888707,0.0637952654954323,val,USDIDR_RET,-0.47468752985330426,-0.41089226435787196
2023-11-13,-0.1955632592337756,-0.110707734303734,val,USDIDR_RET,-0.2574571621830379,-0.36816489648677186
2023-11-14,-0.1020733740937623,0.0501335023643536,val,USDIDR_RET,-0.48098658593322396,-0.43085308356887037
2023-11-15,-2.494636278822989,0.0679961657281606,val,USDIDR_RET,-0.4378670072323732,-0.3698708415042126
2023-11-16,1.3442377993851875,0.5182991023595566,val,USDIDR_RET,0.6427577506297689,1.1610568529893255
2023-11-17,-0.0826786046312162,-0.2199030274770335,val,USDIDR_RET,-0.24719648723746268,-0.4670995147144962
2023-11-20,-0.4897245582790649,0.0317994128701393,val,USDIDR_RET,-0.5073132438786992,-0.47551383100855993
2023-11-21,-0.1124102663728693,0.1107398085613379,val,USDIDR_RET,-0.010179116547659397,0.10056069201367851
2023-11-22,0.7719408452079587,0.0122227381268318,val,USDIDR_RET,-0.3767969540999607,-0.36457421597312895
2023-11-23,0.7167199353393117,-0.1559346319098632,val,USDIDR_RET,-0.2287795192702214,-0.38471415118008456
2023-11-24,-0.7573686889901778,-0.0817901552211414,val,USDIDR_RET,-0.2664254635431083,-0.3482156187642497
2023-11-27,0.418612751053409,0.1685452859006512,val,USDIDR_RET,0.18574726318312024,0.35429254908377145
2023-11-28,-0.6027124106274666,-0.0638480731213563,val,USDIDR_RET,-0.45779392398645,-0.5216419971078063
2023-11-29,-1.35069017343724,0.1291860140297723,val,USDIDR_RET,0.013034955225823226,0.14222096925559555
2023-11-30,0.9652458690039386,0.2642600500378925,val,USDIDR_RET,-0.05370565529264642,0.21055439474524607
2023-12-01,0.9193657374325788,-0.1880090706299785,val,USDIDR_RET,-0.22349689682082746,-0.4115059674508059
2023-12-04,-0.7222447035734653,-0.1540865724119925,val,USDIDR_RET,-0.36962928914389254,-0.523715861555885
2023-12-05,0.53299346664147,0.1222329648455644,val,USDIDR_RET,0.051861030145501114,0.1740939949910655
2023-12-06,-0.4061121434462394,-0.0627657706657693,val,USDIDR_RET,-0.3486677653849446,-0.41143353605071387
2023-12-07,0.1486892991399653,0.0771815183475705,val,USDIDR_RET,-0.2439911388948049,-0.1668096205472344
2023-12-08,0.1291155763619808,-0.0183778216475215,val,USDIDR_RET,-0.5181515738036576,-0.5365293954511792
2023-12-11,0.3876360764932309,-0.103850985912386,val,USDIDR_RET,-0.5043125574312264,-0.6081635433436123
2023-12-12,0.5562820629787064,-0.0415916045261452,val,USDIDR_RET,-0.2945040362920384,-0.3360956408181836
2023-12-13,-0.4997447612382725,-0.0586022941833373,val,USDIDR_RET,-0.24209847864040507,-0.30070077282374236
2023-12-14,-1.9064252649878448,0.1065151449646043,val,USDIDR_RET,-0.11814482135108054,-0.011629676386476231
2023-12-15,1.255586868739173,0.3481691201431506,val,USDIDR_RET,-0.3187819929376016,0.02938712720554898
2023-12-18,-1.2045373500778511,-0.2406298811221713,val,USDIDR_RET,-0.28296981340319527,-0.5235996945253666
2023-12-19,1.11657774745952,0.2242896318865875,val,USDIDR_RET,0.3942244462026381,0.6185140780892255
2023-12-20,0.0038797865212253,-0.1678329323586027,val,USDIDR_RET,-0.27559574623026156,-0.44342867858886426
2023-12-21,0.4068064887678001,0.0770924361978112,val,USDIDR_RET,-0.49593602489957056,-0.41884358870175936
2023-12-22,-0.503909587512742,-0.0797313072472784,val,USDIDR_RET,-0.4063743787822287,-0.4861056860295071
2023-12-25,-0.1996798278480923,0.090620036959902,val,USDIDR_RET,-0.14065123247831163,-0.05003119551840962
2023-12-26,0.3291296841126606,0.0902842603169487,val,USDIDR_RET,-0.30644918916393454,-0.21616492884698585
2023-12-27,-0.388853373969248,-0.0576534455203634,val,USDIDR_RET,-0.46416510841660397,-0.5218185539369674
2023-12-28,-0.1754785489121081,0.1186069092261253,val,USDIDR_RET,-0.2587451693729184,-0.14013826014679312
2023-12-29,0.337684586098913,0.035262493899812,val,USDIDR_RET,-0.3021729755417667,-0.2669104816419547
2024-01-01,-0.2720090949521681,-0.0858519821190694,val,USDIDR_RET,-0.42499637143053126,-0.5108483535496007
2024-01-02,-0.00064752683158165,0.0851973818514291,val,USDIDR_RET,-0.4105093078460503,-0.32531192599462116
2024-01-03,0.7447979768144393,0.0238242900814775,val,USDIDR_RET,-0.48046636141247856,-0.45664207133100104
2024-01-04,0.3671147007841835,-0.1254582332482672,val,USDIDR_RET,-0.22402624354501577,-0.349484476793283
2024-01-05,-0.2832680706986551,-0.0288254569414747,val,USDIDR_RET,-0.2938377446991921,-0.3226632016406668
2024-01-08,-0.2162093231363607,0.1392506333330435,val,USDIDR_RET,-0.3453764835595985,-0.206125850226555
2024-01-09,0.1162302781546704,0.0551600216657066,val,USDIDR_RET,-0.22904082989617608,-0.17388080823046947
2024-01-10,0.2513697746419373,-0.0217850809619175,val,USDIDR_RET,-0.518477777941267,-0.5402628589031845
2024-01-11,0.1318773410384277,-0.0318446429592393,val,USDIDR_RET,-0.44390029887859495,-0.4757449418378342
2024-01-12,0.0096427366161172,0.0531941745063662,val,USDIDR_RET,-0.49889660022110965,-0.44570242571474344
2024-01-15,-0.3432090887653464,-0.0104380905245015,val,USDIDR_RET,-0.4995636985109151,-0.5100017890354166
2024-01-16,0.2756903979919822,0.0705313850453855,val,USDIDR_RET,-0.2568508068353018,-0.1863194217899163
2024-01-17,0.5068824814437365,-0.0234873365505779,val,USDIDR_RET,-0.48156546042701665,-0.5050527969775945
2024-01-18,-0.0064002048087338,-0.0654626618384116,val,USDIDR_RET,-0.2721210321073749,-0.3375836939457865
2024-01-19,-0.0697913135582987,0.045537327687932,val,USDIDR_RET,-0.5184952644417163,-0.47295793675378434
2024-01-22,-0.0775265673682455,0.037638551623887,val,USDIDR_RET,-0.46338839216382577,-0.42574984053993875
2024-01-23,0.3487278180966617,0.0525268813365709,val,USDIDR_RET,-0.4634914086225732,-0.4109645272860023
2024-01-24,0.3793377303451954,-0.0471234176254698,val,USDIDR_RET,-0.4291193039246953,-0.47624272155016506
2024-01-25,-0.0031817241765998,-0.058082117336492,val,USDIDR_RET,-0.33759855293601365,-0.39568067027250564
2024-01-26,0.5932287997747042,-0.0011708747955942,val,USDIDR_RET,-0.518484772653118,-0.5196556474487122
2024-01-29,-0.2558964084352622,-0.0959011194124351,val,USDIDR_RET,-0.24332689215607792,-0.339228011568513
2024-01-30,0.3823346602018515,0.0768016493963378,val,USDIDR_RET,-0.43190888479270867,-0.3551072353963709
2024-01-31,-0.2720401513222918,-0.0674367478951709,val,USDIDR_RET,-0.4229158712621063,-0.4903526191572772
2024-02-01,-0.1014134586505174,0.0725040179021905,val,USDIDR_RET,-0.39418599861134,-0.3216819807091495
2024-02-02,-0.2730593854125545,0.0182269847143091,val,USDIDR_RET,-0.42078275050372876,-0.40255576578941965
2024-02-05,0.007631626070664,0.0701706933637556,val,USDIDR_RET,-0.3053377392127055,-0.23516704584894993
2024-02-06,-0.099878153486796,0.0619376930195668,val,USDIDR_RET,-0.4917908907191086,-0.4298531976995418
2024-02-07,0.136748896312307,0.0267923229953,val,USDIDR_RET,-0.4304884030471415,-0.4036960800518415
2024-02-08,-0.5481211938366071,-0.0213545705429581,val,USDIDR_RET,-0.5136076996146484,-0.5349622701576064
2024-02-09,0.0849629675540957,0.1402618386159095,val,USDIDR_RET,-0.0031474856021515354,0.13711435301375796
2024-02-12,-0.3986134087154906,0.0263629576822632,val,USDIDR_RET,-0.49490995022937434,-0.46854699254711113
2024-02-13,-0.1186753406864486,0.118594955666543,val,USDIDR_RET,-0.1395968910832496,-0.0210019354167066
2024-02-14,0.5249523914695733,0.0564557199467915,val,USDIDR_RET,-0.36293180937738445,-0.30647608943059296
2024-02-15,-0.6945520862232175,-0.0706824663879972,val,USDIDR_RET,-0.309083041729183,-0.3797655081171802
2024-02-16,0.7615730088334143,0.1684454454747398,val,USDIDR_RET,0.12342609387062853,0.29187153934536836
2024-02-19,-0.2773136552019936,-0.1448415420562057,val,USDIDR_RET,-0.2437859039065046,-0.38862744596271026
2024-02-20,0.0345485707918997,0.074934121972397,val,USDIDR_RET,-0.4520858894183706,-0.37715176744597356
2024-02-21,0.1725515686158179,0.0267571178341263,val,USDIDR_RET,-0.5007312889240881,-0.4739741710899618
2024-02-22,-0.1213941304877186,-0.0189375420149123,val,USDIDR_RET,-0.5048321723649188,-0.5237697143798311
2024-02-23,-0.3458216702956829,0.0617900867258963,val,USDIDR_RET,-0.47121650855681085,-0.40942642183091454
2024-02-26,-0.012192112369989,0.1020716292805065,val,USDIDR_RET,-0.1624196651150111,-0.0603480358345046
2024-02-27,0.3356356236553982,0.0171347859184809,val,USDIDR_RET,-0.46405762208740275,-0.44692283616892187
2024-02-28,0.0926769316769015,-0.051083025087497,val,USDIDR_RET,-0.4141203155089437,-0.4652033405964407
2024-02-29,0.3774901179872823,0.0042168616326186,val,USDIDR_RET,-0.5054423914317638,-0.5012255297991453
2024-03-01,-0.0522036111798861,-0.0632412068699295,val,USDIDR_RET,-0.3754861716662022,-0.4387273785361317
2024-03-04,-0.0770776427717393,0.0078411812351542,val,USDIDR_RET,-0.5144990884615582,-0.506657907226404
2024-03-05,0.4711042091273978,0.0475228219562448,val,USDIDR_RET,-0.4809534068664194,-0.4334305849101746
2024-03-06,-0.0920123805695776,-0.0554184566236355,val,USDIDR_RET,-0.33961638618995504,-0.3950348428135905
2024-03-07,-0.5315183028435815,0.0236531373950229,val,USDIDR_RET,-0.5020811045475211,-0.4784279671524982
2024-03-08,-0.3004252954713118,0.1216514234138485,val,USDIDR_RET,0.034722513648056834,0.15637393706190533
2024-03-11,-0.54369540680019,0.0565289883050593,val,USDIDR_RET,-0.14342525092958797,-0.08689626262452867
2024-03-12,-0.117856830911225,0.0952336710961377,val,USDIDR_RET,0.0935048247021771,0.1887384957983148
2024-03-13,0.1802730336270394,0.0492106013390195,val,USDIDR_RET,-0.3863472815783824,-0.3371366802393629
2024-03-14,0.1799486346766333,0.0064194949262135,val,USDIDR_RET,-0.508950833725045,-0.5025313387988315
2024-03-15,0.3589287278590953,-0.0125430966980811,val,USDIDR_RET,-0.49523668710815255,-0.5077797838062337
2024-03-18,0.0594820160335365,-0.0473852984509639,val,USDIDR_RET,-0.376777731880887,-0.4241630303318509
2024-03-19,0.6608857438771518,0.0200461806498841,val,USDIDR_RET,-0.5141631898129981,-0.494117009163114
2024-03-20,-0.1589269588508745,-0.1120520041257751,val,USDIDR_RET,-0.23005572064574142,-0.3421077247715165
2024-03-21,-0.197420856987996,0.1098405766348326,val,USDIDR_RET,-0.49829835645028325,-0.38845777981545065
2024-03-22,0.232406465537846,0.0698901615368593,val,USDIDR_RET,-0.2870595585920348,-0.21716939705517552
2024-03-25,0.501805020841928,-0.012728086677663,val,USDIDR_RET,-0.49932671644051774,-0.5120548031181807
2024-03-26,-0.1177690017586619,-0.1138631237982937,val,USDIDR_RET,-0.28085222052709174,-0.39471534432538546
2024-03-27,0.2783754802863706,0.0585744310093173,val,USDIDR_RET,-0.5115111034367784,-0.4529366724274611
2024-03-28,0.3090997572196567,-0.0273874590102941,val,USDIDR_RET,-0.47433763523320593,-0.5017250942435
2024-03-29,0.0,-0.0696460937704963,val,USDIDR_RET,-0.401642546353224,-0.4712886401237203
2024-04-01,-0.182821169912464,0.0200310788086032,val,USDIDR_RET,-0.5182385828533278,-0.4982075040447246
2024-04-02,0.6152150026509989,0.0655337003894884,val,USDIDR_RET,-0.39577798885929927,-0.33024428846981085
2024-04-03,0.0576800307446915,-0.1223028275152248,val,USDIDR_RET,-0.26227845607529154,-0.38458128359051635
2024-04-04,-0.1191558887964395,0.0123881500186007,val,USDIDR_RET,-0.4926743601726772,-0.48028621015407646
2024-04-05,-0.1978612790416891,0.066981286268049,val,USDIDR_RET,-0.4527230246853689,-0.3857417384173199
2024-04-08,-0.1478661923315958,0.0485403977042871,val,USDIDR_RET,-0.3343915173450556,-0.28585111964076854
2024-04-09,0.2327118255148005,0.0557830787294344,val,USDIDR_RET,-0.4015618821933237,-0.34577880346388934
2024-04-10,-0.1615841476635565,-0.0133319539910447,val,USDIDR_RET,-0.49390194414445926,-0.507233898135504
2024-04-11,0.6641525212564126,0.063898358099166,val,USDIDR_RET,-0.44081798623129087,-0.3769196281321249
2024-04-12,0.0549898444974288,-0.1174338550935066,val,USDIDR_RET,-0.24127807412752128,-0.3587119292210279
2024-04-15,0.6476141944289098,0.022689252623173,val,USDIDR_RET,-0.49566344316642763,-0.4729741905432546
2024-04-16,-0.2236998385166521,-0.1391390849112219,val,USDIDR_RET,-0.23382265935517463,-0.3729617442663965
2024-04-17,1.4648035958918595,0.0764464577282764,val,USDIDR_RET,-0.48114090695163,-0.40469444922335357
2024-04-18,-0.4066581453839627,-0.2591966052332882,val,USDIDR_RET,-0.2614497364300654,-0.5206463416633536
2024-04-19,-0.1601675941495288,0.1115515945628061,val,USDIDR_RET,-0.4414019161410249,-0.3298503215782188
2024-04-22,-0.0598218065216811,0.0496031721644417,val,USDIDR_RET,-0.3269877316381404,-0.27738455947369867
2024-04-23,0.2199894006711942,0.0321326297231003,val,USDIDR_RET,-0.467049568982675,-0.43491693925957475
2024-04-24,-0.6533658189008232,-0.0211690201093753,val,USDIDR_RET,-0.4893871385714063,-0.5105561586807816
2024-04-25,0.4931982247512919,0.1539982585724449,val,USDIDR_RET,0.13377240489202488,0.2877706634644698
2024-04-26,-0.1110357278967403,-0.0627489787778925,val,USDIDR_RET,-0.39973762232733473,-0.4624866011052272
2024-04-29,0.006171887056426,0.06462293061731,val,USDIDR_RET,-0.4977485918496218,-0.4331256612323118
2024-04-30,0.2650314349898274,0.1041141983578436,val,USDIDR_RET,-0.493575431622143,-0.38946123326429943
2024-05-01,0.1660568049715153,-0.0934089277260006,val,USDIDR_RET,-0.4998903872447252,-0.5932993149707257
2024-05-02,-0.5088794558167319,0.0090726277610346,val,USDIDR_RET,-0.4522598196799021,-0.44318719191886746
2024-05-03,-0.5785578896217525,0.0762985913521232,val,USDIDR_RET,-0.014975129014895694,0.06132346233722751
2024-05-06,-0.124324004326946,0.0745963046079058,val,USDIDR_RET,0.16135064107575461,0.23594694568366043
2024-05-07,-0.2678211560062965,0.0798067666235434,val,USDIDR_RET,-0.39932051386682216,-0.31951374724327875
2024-05-08,0.2429377966244032,0.091888102113845,val,USDIDR_RET,-0.23873297485306322,-0.1468448727392182
2024-05-09,0.0062214203522671,-0.0247089747707424,val,USDIDR_RET,-0.5031954845977168,-0.5279044593684592
2024-05-10,-0.2741093169065046,0.037393619020687,val,USDIDR_RET,-0.5171881692123772,-0.4797945501916902
2024-05-13,0.0498939763375435,0.0944778667283804,val,USDIDR_RET,-0.28212087253171175,-0.18764300580333135
2024-05-14,0.5161863509024458,0.0145175501918398,val,USDIDR_RET,-0.4991749606702699,-0.4846574104784301
2024-05-15,-0.1179282016072418,-0.0576672178004818,val,USDIDR_RET,-0.2883431712466362,-0.346010389047118
2024-05-16,-1.174426292244593,0.0565056518561368,val,USDIDR_RET,-0.4927928275523019,-0.4362871756961651
2024-05-17,0.105510515682714,0.217932837797568,val,USDIDR_RET,0.28038945000628107,0.4983222878038491
2024-05-20,0.1705940773918948,0.027558516058736,val,USDIDR_RET,-0.4652056948282461,-0.4376471787695101
2024-05-21,0.4564076821447397,0.0004883041387913888,val,USDIDR_RET,-0.5056564893878092,-0.5051681852490177
2024-05-22,-0.1623174285710154,-0.0620857913164964,val,USDIDR_RET,-0.3173981041109836,-0.37948389542748
2024-05-23,0.2228081138119733,0.0496839040565257,val,USDIDR_RET,-0.47251149939263765,-0.4228275953361119
2024-05-24,0.337941019082533,-0.0255489026915455,val,USDIDR_RET,-0.4953934257987101,-0.5209423284902556
2024-05-27,-0.3547758365934561,-0.0483693875920624,val,USDIDR_RET,-0.38249314261583783,-0.4308625302079002
2024-05-28,0.2055499182095959,0.0921747824028744,val,USDIDR_RET,-0.28805082867768617,-0.19587604627481175
2024-05-29,0.2858209973648116,-0.0128406968371025,val,USDIDR_RET,-0.512955046957673,-0.5257957437947756
2024-05-30,0.7116123569266416,-0.0185913569247231,val,USDIDR_RET,-0.4274946498149573,-0.44608600673968035
2024-05-31,-0.0252593765646549,-0.1254519945437611,val,USDIDR_RET,-0.22471910859558025,-0.35017110313934136
2024-06-03,0.0923901393057927,0.0109796866922774,val,USDIDR_RET,-0.5152513979977396,-0.5042717113054621
2024-06-04,-0.2465636458394971,0.0096913836169697,val,USDIDR_RET,-0.5174798674239384,-0.5077884838069686
2024-06-05,0.4495219860579692,0.0509009284302018,val,USDIDR_RET,-0.34348085468886735,-0.2925799262586656
2024-06-06,0.2393299905840484,-0.0966697402169895,val,USDIDR_RET,-0.3573164618825893,-0.4539862020995788
2024-06-07,-0.4502908961971802,-0.0133088892930254,val,USDIDR_RET,-0.4019842994201609,-0.4152931887131863
2024-06-10,0.1740900147634265,0.1210697620423146,val,USDIDR_RET,-0.1236818439946381,-0.0026120819523235
2024-06-11,0.2578112041207696,-0.0133772870547123,val,USDIDR_RET,-0.5184593116709936,-0.5318365987257059
2024-06-12,-0.0404668022958482,-0.0283121340913534,val,USDIDR_RET,-0.4451217509167887,-0.4734338850081421
2024-06-13,-0.4634983722695624,0.0309349213919187,val,USDIDR_RET,-0.509505693991514,-0.4785707725995953
2024-06-14,0.3444461518439712,0.1276695502948434,val,USDIDR_RET,-0.04662170330084821,0.08104784699399518
2024-06-17,1.183563715992772,-0.0537988290978236,val,USDIDR_RET,-0.47587441714624096,-0.5296732462440645
2024-06-18,-0.0054637176274238,-0.2146340262581202,val,USDIDR_RET,-0.36509011640070493,-0.5797241426588251
2024-06-19,-0.6086816528350548,0.0406579660782326,val,USDIDR_RET,-0.4796391381762888,-0.4389811720980562
2024-06-20,0.0116019316571308,0.1411952070963174,val,USDIDR_RET,0.15471832343066869,0.2959135305269861
2024-06-21,0.675332914936444,0.0259700612244014,val,USDIDR_RET,-0.45405289248349,-0.42808283125908864
2024-06-24,-0.2969520234089248,-0.0953536778233172,val,USDIDR_RET,-0.22838312148328385,-0.32373679930660104
2024-06-25,-0.2978364554416523,0.105207037287151,val,USDIDR_RET,-0.3969125337804602,-0.29170549649330924
2024-06-26,0.0420818403299452,0.0836143576294756,val,USDIDR_RET,-0.16837915993496932,-0.08476480230549373
2024-06-27,0.20100509280241,-0.0006130639771463551,val,USDIDR_RET,-0.500312541569518,-0.5009256055466643
2024-06-28,-0.363319602452479,-0.0060901351686942,val,USDIDR_RET,-0.4832312062900211,-0.4893213414587153
2024-07-01,-0.1919492373550351,0.0960862868969578,val,USDIDR_RET,-0.22683827137143456,-0.13075198447447675
2024-07-02,0.2871721644817343,0.0825884885925485,val,USDIDR_RET,-0.3089924949286568,-0.22640400633610833
2024-07-03,0.0061010951484823,-0.0316589174713442,val,USDIDR_RET,-0.4818383456898699,-0.5134972631612141
2024-07-04,-0.3116314275366171,0.0304174887836078,val,USDIDR_RET,-0.5177731503899906,-0.48735566160638283
2024-07-05,-0.0704042149166486,0.102829510178017,val,USDIDR_RET,-0.24557876129945688,-0.14274925112143988
2024-07-08,-0.5126878161626748,0.034072797835831,val,USDIDR_RET,-0.4213432195289609,-0.3872704216931299
2024-07-09,0.1980198488480612,0.113744465175285,val,USDIDR_RET,0.023557099911799346,0.13730156508708435
2024-07-10,-0.0012299200183217,-0.0172786020647642,val,USDIDR_RET,-0.5172203061299048,-0.5344989081946689
2024-07-11,-0.4865290582563077,0.031938880000752,val,USDIDR_RET,-0.5153149933138353,-0.48337611331308333
2024-07-12,-0.5820089489307785,0.1389158611364283,val,USDIDR_RET,-0.014282246225723348,0.12463361491070493
2024-07-15,0.0248354651717423,0.0519655637918234,val,USDIDR_RET,0.235906757138159,0.2878723209299824
2024-07-16,0.5386509634084996,0.0130736576141768,val,USDIDR_RET,-0.50521871575713,-0.4921450581429532
2024-07-17,-0.1359367485651267,-0.0932585311225163,val,USDIDR_RET,-0.27470327974927106,-0.36796181087178736
2024-07-18,-0.2166445711326508,0.0498804855929946,val,USDIDR_RET,-0.499889425756198,-0.45000894016320336
2024-07-19,0.2908147951892954,-0.0036401214356821,val,USDIDR_RET,-0.33259021375482367,-0.33623033519050577
2024-07-22,0.1296656660325769,-0.0078509292704507,val,USDIDR_RET,-0.4302670327967606,-0.4381179620672113
2024-07-23,0.0875847070253287,0.0043485757636579,val,USDIDR_RET,-0.5072325376972272,-0.5028839619335693
2024-07-24,0.011095453936611,-0.0289098118176139,val,USDIDR_RET,-0.5173178299019998,-0.5462276417196137
2024-07-25,0.1478378980609037,-0.0212324774524281,val,USDIDR_RET,-0.5179278444189217,-0.5391603218713498
2024-07-26,0.5634704860933651,-0.0668091366560786,val,USDIDR_RET,-0.49693601911020485,-0.5637451557662835
2024-07-29,-0.3359810707612564,-0.1003408083992957,val,USDIDR_RET,-0.23246239943440145,-0.33280320783369716
2024-07-30,0.1147790051982353,0.1059448603282488,val,USDIDR_RET,-0.3645591922228177,-0.2586143318945689
2024-07-31,0.1642638448624886,-0.0127812206448288,val,USDIDR_RET,-0.5141107514892304,-0.5268919721340591
2024-08-01,-0.4511493526821673,-0.0508782214116232,val,USDIDR_RET,-0.49385568241236144,-0.5447339038239847
2024-08-02,0.1598229993508713,0.0313636235923785,val,USDIDR_RET,-0.1719858438386887,-0.14062222024631021
2024-08-05,-1.6660342619050317,-0.0341026445779845,val,USDIDR_RET,-0.509605347170956,-0.5437079917489405
2024-08-06,1.2166506376000323,0.2665267166235519,val,USDIDR_RET,-0.2692811066774232,-0.0027543900538713473
2024-08-07,-0.3442505208945768,-0.2100238292658437,val,USDIDR_RET,-0.3045796154763441,-0.5146034447421878
2024-08-08,-0.8037252271638867,0.0496367305030013,val,USDIDR_RET,-0.4508735257813013,-0.40123679527830003
2024-08-09,-0.2749829868491479,0.2318775309950617,val,USDIDR_RET,0.3490696059816953,0.5809471369767569
2024-08-12,-0.3824815773593904,0.1380453541869273,val,USDIDR_RET,-0.029888984140474393,0.1081563700464529
2024-08-13,0.1951832430904185,0.0808139246816205,val,USDIDR_RET,-0.011517453168756873,0.06929647151286364
2024-08-14,-1.2625505622118236,-0.0192293910369421,val,USDIDR_RET,-0.5127577924868951,-0.5319871835238372
2024-08-15,-0.8256737536520352,0.3090272520953342,val,USDIDR_RET,0.26769706034294066,0.5767243124382748
2024-08-16,0.8637641553314572,0.1983874287452112,val,USDIDR_RET,0.3579495663561949,0.5563369951014061
2024-08-19,-0.4580452056950378,-0.1059744970732618,val,USDIDR_RET,-0.2259004525168162,-0.331874949590078
2024-08-20,-1.0254528107981356,0.0992085298352031,test,USDIDR_RET,-0.23324649087703808,-0.13403796104183496
2024-08-21,-0.5231725157682242,0.2206211720957643,test,USDIDR_RET,0.36375436557495433,0.5843755376707186
2024-08-22,0.2716162828777683,0.0878451884491903,test,USDIDR_RET,0.25927651125883017,0.3471216997080205
2024-08-23,1.5667120621540127,-0.0446209506176522,test,USDIDR_RET,-0.4911146677136601,-0.5357356183313122
2024-08-26,-2.258844774834769,-0.2768636386212693,test,USDIDR_RET,0.01830866210491692,-0.25855497651635234
2024-08-27,0.5538274106028928,0.4330143964510735,test,USDIDR_RET,-0.35226349588537503,0.08075090056569845
2024-08-28,0.0290982463161111,-0.0853779344801324,test,USDIDR_RET,-0.5113984439375834,-0.5967763784177158
2024-08-29,-0.1753617561154018,0.0095770505983632,test,USDIDR_RET,-0.5127363907706128,-0.5031593401722496
2024-08-30,0.0310819869741539,0.0604215589259838,test,USDIDR_RET,-0.4115521499525001,-0.35113059102651634
2024-09-02,0.5179263353170831,0.0308224086203392,test,USDIDR_RET,-0.5045158209759344,-0.4736934123555952
2024-09-03,-0.0315694955233353,-0.0484776190606094,test,USDIDR_RET,-0.2972151010934306,-0.34569272015403996
2024-09-04,0.0824447362578207,0.0434061689260656,test,USDIDR_RET,-0.5154455460973251,-0.4720393771712595
2024-09-05,-0.5713876842058656,-0.0515461181432298,test,USDIDR_RET,-0.5178635195899042,-0.569409637733134
2024-09-06,-0.177570670662648,0.0780444930456832,test,USDIDR_RET,-0.012437609876774695,0.0656068831689085
2024-09-09,-0.0778664629571022,0.0747240241376359,test,USDIDR_RET,-0.34415101183512176,-0.26942698769748585
2024-09-10,0.3356891280381195,-0.0229426895739575,test,USDIDR_RET,-0.43757808051678354,-0.46052077009074105
2024-09-11,0.2081071236609351,-0.0319478517729643,test,USDIDR_RET,-0.3859633566870071,-0.41791120845997143
2024-09-12,-0.3362869365917498,-0.047076967141358,test,USDIDR_RET,-0.4634913153257269,-0.5105682824670849
2024-09-13,-0.1186154047210606,0.0987869358279965,test,USDIDR_RET,-0.3076747231937562,-0.20888778736575972
2024-09-16,-0.1668210524556188,0.0215711069262607,test,USDIDR_RET,-0.38228774809106364,-0.36071664116480295
2024-09-17,-0.0519851853932322,0.0392525426990819,test,USDIDR_RET,-0.4085846520359632,-0.3693321093368813
2024-09-18,-0.2603320702305615,0.0411865340641882,test,USDIDR_RET,-0.47756985726559575,-0.43638332320140755
2024-09-19,-0.292377509796548,0.115930945815169,test,USDIDR_RET,-0.2936899772799952,-0.1777590314648262
2024-09-20,-0.6728418028103564,0.10011434051986,test,USDIDR_RET,-0.16150904613457195,-0.061394705614711956
2024-09-23,-0.2872971436448869,0.178053514387964,test,USDIDR_RET,0.28695167769573615,0.46500519208370017
2024-09-24,0.1325477862221396,0.1295909880559793,test,USDIDR_RET,-0.08575530981241955,0.043835678243559745
2024-09-25,-0.3498907776621608,-0.0230537458753993,test,USDIDR_RET,-0.512986537146755,-0.5360402830221543
2024-09-26,0.530301359900913,0.1134466207683669,test,USDIDR_RET,-0.2639833619235721,-0.15053674115520518
2024-09-27,-0.8688094555386581,-0.0626421136776112,test,USDIDR_RET,-0.34435259951312647,-0.40699471319073766
2024-09-30,0.3180074231580842,0.2417465116889111,test,USDIDR_RET,0.3152808212265504,0.5570273329154615
2024-10-01,0.3473231706357974,-0.1105671361330343,test,USDIDR_RET,-0.5178729479078559,-0.6284400840408901
2024-10-02,0.5914999389739878,-0.0354660006234599,test,USDIDR_RET,-0.3160810731178747,-0.3515470737413346
2024-10-03,0.4145908872319708,-0.1139756361985534,test,USDIDR_RET,-0.233293155181766,-0.3472687913803194
2024-10-04,0.8641748331778991,0.0276346825208871,test,USDIDR_RET,-0.27308638762761456,-0.24545170510672745
2024-10-07,1.240894181598073,-0.1640048330932346,test,USDIDR_RET,-0.2511788102273781,-0.4151836433206127
2024-10-08,0.598842332373537,-0.2094306173229926,test,USDIDR_RET,-0.24412750799073313,-0.45355812531372575
2024-10-09,-0.3920250967324259,-0.1227429403716438,test,USDIDR_RET,-0.24114156118580465,-0.36388450155744845
2024-10-10,-0.1135724832576788,0.10124962873197,test,USDIDR_RET,-0.32962413086540304,-0.22837450213343302
2024-10-11,0.0402149723790366,0.0667425572665574,test,USDIDR_RET,-0.38472317908019754,-0.3179806218136402
2024-10-14,-0.6973469039048545,0.0028892769548159,test,USDIDR_RET,-0.5054072559784167,-0.5025179790236008
2024-10-15,0.0706600318463272,0.1788111831912016,test,USDIDR_RET,0.21361328107226196,0.39242446426346356
2024-10-16,0.0359507024071011,0.0150505610792223,test,USDIDR_RET,-0.46782382704703274,-0.4527732659678104
2024-10-17,0.0340202570469414,-0.0140374628941136,test,USDIDR_RET,-0.5160159622040337,-0.5300534250981472
2024-10-18,-0.585004609358728,0.0076583489103836,test,USDIDR_RET,-0.5183300001566894,-0.5106716512463058
2024-10-21,-0.1679586958152003,0.1527773653142554,test,USDIDR_RET,0.08378459095614044,0.23656195627039583
2024-10-22,0.5737694237498034,0.0570819972561449,test,USDIDR_RET,-0.2712515933100626,-0.2141695960539177
2024-10-23,0.1926659127868296,-0.0948576951298612,test,USDIDR_RET,-0.27963166411641655,-0.37448935924627774
2024-10-24,0.4928167675155842,0.0055282528344977,test,USDIDR_RET,-0.43478031204718287,-0.42925205921268517
2024-10-25,-0.2653072565806861,-0.0598068271396814,test,USDIDR_RET,-0.29710024225603054,-0.35690706939571193
2024-10-28,0.4254267742392145,0.0616589626634519,test,USDIDR_RET,-0.393367118278046,-0.3317081556145941
2024-10-29,0.3747432665162275,-0.0487503270390467,test,USDIDR_RET,-0.3822944185780457,-0.4310447456170924
2024-10-30,0.1332698912146597,-0.0403239048502171,test,USDIDR_RET,-0.3396779998310478,-0.3800019046812649
2024-10-31,-0.460852278454625,-0.0097147757540909,test,USDIDR_RET,-0.4952116158201508,-0.5049263915742417
2024-11-01,0.111434814212182,0.1165102648972868,test,USDIDR_RET,-0.1048036910035715,0.011706573893715308
2024-11-04,0.8176245834093111,-0.0334485447689882,test,USDIDR_RET,-0.511242166662156,-0.5446907114311442
2024-11-05,-0.3287812774537166,-0.1441864585230004,test,USDIDR_RET,-0.25702349958898796,-0.40120995811198834
2024-11-06,-0.7947903863395682,0.0956817318075003,test,USDIDR_RET,-0.4118457919774937,-0.31616406016999343
2024-11-07,0.9732263783957948,0.1856546102422667,test,USDIDR_RET,0.3698031105041513,0.555457720746418
2024-11-08,-1.658621240353065,-0.1716040001312925,test,USDIDR_RET,-0.23505947474232106,-0.40666347487361354
2024-11-11,0.5717023938853723,0.3811469776952938,test,USDIDR_RET,-0.064532265835281,0.31661471186001283
2024-11-12,0.7500293273588129,-0.1387500658563193,test,USDIDR_RET,-0.48822058694520903,-0.6269706528015283
2024-11-13,0.1514893239813545,-0.1349532222157882,test,USDIDR_RET,-0.2739204154661841,-0.4088736376819723
2024-11-14,0.3685654654228878,0.0002149122302209568,test,USDIDR_RET,-0.43547784112064447,-0.4352629288904235
2024-11-15,0.5418405627704005,-0.0503508089975608,test,USDIDR_RET,-0.3790143383709275,-0.4293651473684883
2024-11-18,-0.2639469146465905,-0.0645562811463488,test,USDIDR_RET,-0.2441268376010195,-0.3086831187473683
2024-11-19,-0.5375860611719596,0.0270730325403487,test,USDIDR_RET,-0.39889911444746645,-0.37182608190711774
2024-11-20,0.0695691815844745,0.1475598256491471,test,USDIDR_RET,0.04725659825056937,0.19481642389971648
2024-11-21,0.6044776651616975,0.0200067572600407,test,USDIDR_RET,-0.4845002855208422,-0.4644935282608015
2024-11-22,-0.6057371881433168,-0.1148185501213277,test,USDIDR_RET,-0.24703867754093858,-0.3618572276622663
2024-11-25,0.7752660015455214,0.0793966623538557,test,USDIDR_RET,-0.05135557042257469,0.028041091931281015
2024-11-26,-0.2437083002737254,-0.1170416965474018,test,USDIDR_RET,-0.2235774436332165,-0.3406191401806183
2024-11-27,0.1809533562625379,0.0387159268043707,test,USDIDR_RET,-0.4560241940702366,-0.4173082672658659
2024-11-28,-0.4183251103330261,-0.0468217945938753,test,USDIDR_RET,-0.5058904444774481,-0.5527122390713234
2024-11-29,0.0913630484294764,0.072423895688783,test,USDIDR_RET,-0.20890817652511068,-0.1364842808363277
2024-12-02,-0.3090802599320389,-0.0055739062431865,test,USDIDR_RET,-0.5157431575136382,-0.5213170637568247
2024-12-03,0.510414164609419,0.0367971161025012,test,USDIDR_RET,-0.2914024420718081,-0.2546053259693069
2024-12-04,0.1883831012373544,-0.1083763909259683,test,USDIDR_RET,-0.30576240717303915,-0.41413879809900744
2024-12-05,-0.2097580481499295,-0.0121788719125056,test,USDIDR_RET,-0.4287512540352533,-0.44093012594775893
2024-12-06,-0.4208345167118378,0.101288403971209,test,USDIDR_RET,-0.40051862156766166,-0.29923021759645263
2024-12-09,-0.08842403797747,0.1196818526731647,test,USDIDR_RET,-0.009375296622127629,0.11030655605103706
2024-12-10,0.2410883883818364,0.0159973666898729,test,USDIDR_RET,-0.3909756884220273,-0.3749783217321544
2024-12-11,0.2769736127949366,0.0327485153902743,test,USDIDR_RET,-0.4715965853476885,-0.4388480699574142
2024-12-12,0.3451416936897682,-0.0263943445900413,test,USDIDR_RET,-0.46114409413061247,-0.4875384387206538
2024-12-13,0.0275623894409485,-0.0418125376731267,test,USDIDR_RET,-0.37673170093763664,-0.41854423861076334
2024-12-16,0.3650743193421752,0.0079314938136522,test,USDIDR_RET,-0.5182502148577173,-0.5103187210440651
2024-12-17,-0.4427651639966184,-0.0327728525014936,test,USDIDR_RET,-0.3870253112076251,-0.4197981637091187
2024-12-18,-0.1806695629083581,0.1305932226905532,test,USDIDR_RET,-0.15930630621479877,-0.028713083524245564
2024-12-19,1.3663409443517411,0.0358853588081121,test,USDIDR_RET,-0.2824014266032434,-0.2465160677951313
2024-12-20,-1.0209697047084252,-0.2829663319830801,test,USDIDR_RET,-0.3135228386798487,-0.5964891706629287
2024-12-23,1.1076446738815615,0.3436961226929336,test,USDIDR_RET,0.2534921672466631,0.5971882899395967
2024-12-24,0.3601324941715081,-0.2161688588475741,test,USDIDR_RET,-0.22958496716096663,-0.44575382600854074
2024-12-25,-1.5335005509063122,-0.0343810802507242,test,USDIDR_RET,-0.2503114431364283,-0.28469252338715245
2024-12-26,-5.809581910188904,0.3105636492762761,test,USDIDR_RET,-0.08283813863947227,0.22772551063680385
2024-12-27,7.166577569223397,1.1945953796772917,test,USDIDR_RET,1.7022066022002198,2.8968019818775117
2024-12-30,-0.0679704663607955,-1.3939019751863388,test,USDIDR_RET,0.4410668954774615,-0.9528350797088774
2024-12-31,-0.5727857050603126,0.0473160502342548,test,USDIDR_RET,-0.3169797088639959,-0.2696636586297411
2025-01-01,0.0,0.1076139183234877,test,USDIDR_RET,0.1187102006041657,0.22632411892765342
2025-01-02,0.8967750654069752,0.0198293921616041,test,USDIDR_RET,-0.4681486903246417,-0.44831929816303756
2025-01-03,-0.1813071142523237,-0.1699987513188042,test,USDIDR_RET,-0.26838476477737744,-0.43838351609618165
2025-01-06,-0.1377385885479271,0.0198334573013597,test,USDIDR_RET,-0.5097230966363425,-0.4898896393349828
2025-01-07,0.0018530540791391,0.0469505624768241,test,USDIDR_RET,-0.43378334959928483,-0.3868327871224607
2025-01-08,-0.1323533393261078,0.0678419860756817,test,USDIDR_RET,-0.498980115832262,-0.4311381297565803
2025-01-09,0.1848764596972112,0.0631754702520723,test,USDIDR_RET,-0.3981766489735294,-0.33500117872145707
2025-01-10,0.3047095689249836,-0.0346923598677317,test,USDIDR_RET,-0.5112001913842371,-0.5458925512519688
2025-01-13,0.1907399440000838,-0.0449008745827009,test,USDIDR_RET,-0.39959559424083796,-0.4444964688235389
2025-01-14,0.1670609858707128,-0.0351979364545225,test,USDIDR_RET,-0.46593473744853947,-0.5011326739030619
2025-01-15,0.1520751632275911,0.0007210703340518829,test,USDIDR_RET,-0.48293219969714785,-0.48221112936309596
2025-01-16,0.249686826075392,0.0169072509882448,test,USDIDR_RET,-0.5030980300096901,-0.4861907790214453
2025-01-17,0.0488854141498737,-0.093835850950674,test,USDIDR_RET,-0.4674954342870172,-0.5613312852376912
2025-01-20,-0.0103873444411813,-0.0204365821044607,test,USDIDR_RET,-0.5057488610000903,-0.526185443104551
2025-01-21,-0.7488029372738205,0.0513477375987071,test,USDIDR_RET,-0.5143271344607055,-0.46297939686199846
2025-01-22,0.5267714291308307,0.1913822412650436,test,USDIDR_RET,0.310414795462282,0.5017970367273257
2025-01-23,-0.6019008773060666,-0.0642566822356391,test,USDIDR_RET,-0.4024120726345689,-0.466668754870208
2025-01-24,-0.0117017718451051,0.162905853713082,test,USDIDR_RET,0.011405993368101195,0.1743118470811832
2025-01-27,-0.4074607802350225,0.0077077808192491,test,USDIDR_RET,-0.4202155823214752,-0.4125078015022261
2025-01-28,-0.0575534506380369,0.1176547062185757,test,USDIDR_RET,-0.15251900297975918,-0.03486429676118348
2025-01-29,-1.7130682599186888,0.00638580231486,test,USDIDR_RET,-0.41972087472434466,-0.41333507240948464
2025-01-30,2.221814242731201,0.3767246423766816,test,USDIDR_RET,-0.36076582641475874,0.015958815961922834
2025-01-31,0.2245291216243071,-0.4342387493408816,test,USDIDR_RET,0.2223411839969933,-0.2118975653438883
2025-02-03,0.4096168022127336,-0.0813495723228232,test,USDIDR_RET,-0.22682015673123052,-0.3081697290540537
2025-02-04,-0.1304284142664093,-0.1155027314163155,test,USDIDR_RET,-0.2948242914637195,-0.41032702288003503
2025-02-05,-0.1281481937607184,0.1073702509534662,test,USDIDR_RET,-0.5087752303023065,-0.40140497934884034
2025-02-06,-0.0061354964492703,0.0500326661928439,test,USDIDR_RET,-0.36468053449418497,-0.31464786830134106
2025-02-07,0.1771666510166318,0.009295850798141,test,USDIDR_RET,-0.49454553690199554,-0.48524968610385455
2025-02-10,-0.0753625282754564,-0.0670963303007905,test,USDIDR_RET,-0.49738317804934135,-0.5644795083501318
2025-02-11,0.0943452880513333,0.0158453859782903,test,USDIDR_RET,-0.5104825829535041,-0.4946371969752138
2025-02-12,0.0808008732938515,0.0065701352350034,test,USDIDR_RET,-0.517713665276172,-0.5111435300411686
2025-02-13,0.1937766046591032,0.0379209816609141,test,USDIDR_RET,-0.518001870146718,-0.4800808884858038
2025-02-14,-0.9572387015763122,0.0391357769607013,test,USDIDR_RET,-0.5016232273994136,-0.46248745043871226
2025-02-17,-0.2840209367911084,0.2113171720569999,test,USDIDR_RET,0.397552096479407,0.6088692685364069
2025-02-18,0.2901863549625398,0.0497788073505275,test,USDIDR_RET,-0.04540303631939722,0.004375771031130279
2025-02-19,0.5962460421666506,-0.0544686955932621,test,USDIDR_RET,-0.46329431241688857,-0.5177630080101506
2025-02-20,0.1800204400846624,-0.0820010770172372,test,USDIDR_RET,-0.22814015444137856,-0.3101412314586158
2025-02-21,-0.6216412713147557,-0.048126203946968,test,USDIDR_RET,-0.45072519243389225,-0.49885139638086023
2025-02-24,0.2023202108217295,0.1164300763224428,test,USDIDR_RET,0.058889716399738154,0.17531979272218096
2025-02-25,0.0079847204527999,-0.0350219137159035,test,USDIDR_RET,-0.517061184018803,-0.5520830977347064
2025-02-26,0.2129284769010965,0.0192533877230931,test,USDIDR_RET,-0.5181056181844915,-0.4988522304613984
2025-02-27,0.3267940633544475,-0.0180669564435273,test,USDIDR_RET,-0.48684707072119604,-0.5049140271647233
2025-02-28,1.1318019084013096,-0.0622437895032461,test,USDIDR_RET,-0.3957463550993968,-0.4579901446026429
2025-03-03,-0.1916768455632647,-0.2141564892657976,test,USDIDR_RET,-0.3748575579681346,-0.5890140472339322
2025-03-04,-0.429445075020314,0.0817635049587615,test,USDIDR_RET,-0.5162253115658877,-0.4344618066071262
2025-03-05,-0.4398348889867847,0.0647825921377487,test,USDIDR_RET,-0.02403929735531815,0.04074329478243055
2025-03-06,-0.6744692640855517,0.1697838363953236,test,USDIDR_RET,-0.032907919933809475,0.13687591646151412
2025-03-07,0.3264659936779097,0.1515876839430763,test,USDIDR_RET,0.3431745163520238,0.4947622002951001
2025-03-10,-0.1809000772749516,-0.0807115293964817,test,USDIDR_RET,-0.4947110014027483,-0.57542253079923
2025-03-11,0.1925424520142653,0.0518118496513362,test,USDIDR_RET,-0.47253640855502405,-0.4207245589036879
2025-03-12,0.6709880770543672,-0.0512033141686235,test,USDIDR_RET,-0.5063265913379105,-0.5575299055065339
2025-03-13,-0.7837715178304514,-0.0652998912937708,test,USDIDR_RET,-0.2241015690519582,-0.289401460345729
2025-03-14,-0.2843542385690564,0.1781485172584171,test,USDIDR_RET,0.23331849566775067,0.4114670129261678
2025-03-17,0.37875814184509,0.032122787077854,test,USDIDR_RET,-0.08957801629629988,-0.05745522921844588
2025-03-18,0.2997769214484789,-0.0190944946941868,test,USDIDR_RET,-0.394491290692982,-0.4135857853871688
2025-03-19,0.8788391494282294,0.0086131300413649,test,USDIDR_RET,-0.41386626413367344,-0.40525313409230856
2025-03-20,-1.1216516927685969,-0.1693438498222417,test,USDIDR_RET,-0.2653288682857061,-0.43467271810794783
2025-03-21,0.5995365522758161,0.2089700660832535,test,USDIDR_RET,0.3919017780154963,0.6008718440987498
2025-03-24,0.5493602100605619,-0.1243215440012344,test,USDIDR_RET,-0.36308183081773515,-0.48740337481896956
2025-03-25,0.3432613926175262,-0.0619369659875489,test,USDIDR_RET,-0.2249546452698734,-0.2868916112574223
2025-03-26,0.2723108589794078,-0.0454571333669307,test,USDIDR_RET,-0.3526229216417882,-0.3980800550087189
2025-03-27,0.0481203016804209,-0.0463016173185336,test,USDIDR_RET,-0.41462230428661956,-0.46092392160515316
2025-03-28,-0.4103640212182297,0.0153830486015949,test,USDIDR_RET,-0.516067789712942,-0.5006847411113471
2025-03-31,0.0851017178331124,0.1152675604835678,test,USDIDR_RET,-0.13857827089158242,-0.02331071040801462
2025-04-01,0.4634793260802827,-0.0692354514387748,test,USDIDR_RET,-0.5042483205176969,-0.5734837719564716
2025-04-02,0.4756887520048592,-0.0678765401191335,test,USDIDR_RET,-0.2708771815949694,-0.3387537217141029
2025-04-03,0.0454109267705478,-0.0775011856269524,test,USDIDR_RET,-0.2652950839433577,-0.3427962695703101
2025-04-04,0.0047838108382958,-0.0729664028326279,test,USDIDR_RET,-0.5109255480954031,-0.583891950928031
2025-04-07,-0.0107580618183596,0.0075658342468452,test,USDIDR_RET,-0.5177689931569164,-0.5102031589100712
2025-04-08,0.7007248566714114,-0.0673481221808729,test,USDIDR_RET,-0.507840479521295,-0.5751886017021679
2025-04-09,1.1572825201644352,-0.0412257665379149,test,USDIDR_RET,-0.23042244020216404,-0.27164820674007895
2025-04-10,-1.45554435948975,-0.2691465962620774,test,USDIDR_RET,-0.37425833730004415,-0.6434049335621215
2025-04-11,0.1682602626672824,0.4251070162353783,test,USDIDR_RET,0.3210786041601233,0.7461856203955015
2025-04-14,-0.2724470939471664,-0.0782018265046077,test,USDIDR_RET,-0.34286023360093604,-0.42106206010554376
2025-04-15,-0.0476644432284343,0.1178906994285392,test,USDIDR_RET,-0.40347433787359643,-0.28558363844505724
2025-04-16,0.1994434108062664,0.0356237702815148,test,USDIDR_RET,-0.4275381407285382,-0.3919143704470234
2025-04-17,-0.1124752237538056,-0.0469807798363103,test,USDIDR_RET,-0.4988615701265366,-0.5458423499628469
2025-04-18,0.0,0.0385626635265487,test,USDIDR_RET,-0.49046303622125864,-0.45190037269470995
2025-04-21,0.0,0.0198293921616041,test,USDIDR_RET,-0.5013868458036386,-0.48155745364203445
2025-04-22,0.1208038424781101,0.0198293921616041,test,USDIDR_RET,-0.5074126522905289,-0.4875832601289248
2025-04-23,0.2565808953744685,-0.0312091068648184,test,USDIDR_RET,-0.5151318876675692,-0.5463409945323876
2025-04-24,-0.0717990394938439,-0.0090438079463993,test,USDIDR_RET,-0.4346081564070543,-0.4436519643534536
2025-04-25,-0.4014934983318995,0.0468666177226184,test,USDIDR_RET,-0.4916948403281589,-0.4448282226055405
2025-04-28,0.2648692827170346,0.1014691031671954,test,USDIDR_RET,-0.10851599406998172,-0.007046890902786318
2025-04-29,-0.1665774672767299,-0.0086705009626077,test,USDIDR_RET,-0.49901183038736846,-0.5076823313499762
2025-04-30,-0.4960159178101433,0.0181146220319161,test,USDIDR_RET,-0.43352538546713776,-0.41541076343522165
2025-05-01,-0.9982703284658874,0.1255813841794988,test,USDIDR_RET,-0.02011041012503791,0.10547097405446089
2025-05-02,0.3625715238343203,0.243087734818475,test,USDIDR_RET,0.3642028640920495,0.6072905989105245
2025-05-05,-0.8830880590915127,0.0171933339497377,test,USDIDR_RET,-0.5116902810255496,-0.4944969470758119
2025-05-06,-0.2341743387238087,0.2474242516305379,test,USDIDR_RET,0.37437202617312426,0.6217962778036622
2025-05-07,0.063920132451676,0.0567020273865903,test,USDIDR_RET,-0.06390627511967306,-0.007204247733082765
2025-05-08,0.3681118587573649,0.0024652079209325,test,USDIDR_RET,-0.5138144540008399,-0.5113492460799074
2025-05-09,0.2767178641620079,-0.054979780244873,test,USDIDR_RET,-0.3809502721344708,-0.4359300523793438
2025-05-12,0.0284101209482722,0.0526248642878356,test,USDIDR_RET,-0.4049924083539811,-0.3523675440661455
2025-05-13,0.8774830935892072,0.003647972515252,test,USDIDR_RET,-0.5061185076957265,-0.5024705351804746
2025-05-14,-0.537130889734091,-0.1258605145446023,test,USDIDR_RET,-0.26696177936400406,-0.39282229390860635
2025-05-15,-0.2485173448352787,0.1275653036453018,test,USDIDR_RET,-0.15763267417537732,-0.03006737053007552
2025-05-16,-0.2806076077734921,0.0508510374933267,test,USDIDR_RET,-0.20309743782457856,-0.15224640033125186
2025-05-19,-0.1503132558300824,0.0597463046512406,test,USDIDR_RET,-0.25843350657046565,-0.19868720191922506
2025-05-20,-0.358499548472938,0.0298314458684944,test,USDIDR_RET,-0.38916993196093025,-0.35933848609243585
2025-05-21,-0.1522951163963451,0.0944616203516914,test,USDIDR_RET,-0.18742711657757213,-0.09296549622588074
2025-05-22,-0.3383171247415402,0.034552434629798,test,USDIDR_RET,-0.35332544204677724,-0.3187730074169792
2025-05-23,0.0568776865614065,0.0961166666140283,test,USDIDR_RET,-0.20717739442554212,-0.11106072781151381
2025-05-26,-0.8959826389111293,0.0091190922727519,test,USDIDR_RET,-0.5011450528711798,-0.49202596059842796
2025-05-27,0.2002804594970587,0.1802993030640685,test,USDIDR_RET,0.37647352142357726,0.5567728244876458
2025-05-28,0.2183104871966134,-0.0223555714290752,test,USDIDR_RET,-0.5158898953753152,-0.5382454668043903
2025-05-29,0.042990941856682,0.013279047934946,test,USDIDR_RET,-0.4631496958590053,-0.4498706479240593
2025-05-30,0.0429724675878273,0.0375451775365884,test,USDIDR_RET,-0.5170656653787586,-0.4795204878421703
2025-06-02,0.1778323326233211,-0.0182375711158633,test,USDIDR_RET,-0.5134747568476957,-0.531712327963559
2025-06-03,-0.2054553704123294,-0.0305984091513846,test,USDIDR_RET,-0.48577471826639906,-0.5163731274177836
2025-06-04,0.2691551526913724,0.0320943088928961,test,USDIDR_RET,-0.42001031784700993,-0.3879160089541138
2025-06-05,-0.2507389463778203,0.005982642313908,test,USDIDR_RET,-0.4651533773767665,-0.4591707350628585
2025-06-06,-0.2772129591337314,0.0546174131627613,test,USDIDR_RET,-0.342991581723452,-0.2883741685606907
2025-06-09,0.3845732860054604,0.0972601066268884,test,USDIDR_RET,-0.2579855039856517,-0.1607253973587633
2025-06-10,-0.1853466888784271,-0.0256037340598223,test,USDIDR_RET,-0.43491622458948875,-0.46051995864931106
2025-06-11,-0.1906132811817154,0.0654372796536936,test,USDIDR_RET,-0.43210494160655943,-0.3666676619528658
2025-06-12,-2.93409383012815,0.0637326164468945,test,USDIDR_RET,-0.34369511107013995,-0.27996249462324546
2025-06-13,2.4200915002307624,0.5918319632900205,test,USDIDR_RET,0.4240702911094712,1.0159022543994918
2025-06-16,0.7279549317049017,-0.461496525523724,test,USDIDR_RET,0.21622421112107135,-0.24527231440265265
2025-06-17,-3.002379982289249,-0.0943636289437881,test,USDIDR_RET,-0.3753792260795134,-0.4697428550233015
2025-06-18,2.955695892527097,0.6411722351596412,test,USDIDR_RET,0.5295248166463268,1.170697051805968
2025-06-19,-4.245543230837287,-0.5682601655968545,test,USDIDR_RET,0.06091887565424874,-0.5073412899426059
2025-06-20,4.94966369694782,0.8669809364434976,test,USDIDR_RET,0.7127827510047342,1.579763687448232
2025-06-23,0.2498401713955711,-0.9578147236254188,test,USDIDR_RET,-0.09015808868913097,-1.0479728123145498
2025-06-24,-0.3719403086650416,-0.0233457867336924,test,USDIDR_RET,-0.3727421367526118,-0.3960879234863042
2025-06-25,-0.4898968769089721,0.1152350736305827,test,USDIDR_RET,-0.23754189981001247,-0.12230682617942977
2025-06-26,0.0,0.0851385880517755,test,USDIDR_RET,0.09977629255998957,0.1849148806117651
2025-06-27,-0.4133774477113782,0.0432398911607924,test,USDIDR_RET,-0.4808381041731001,-0.43759821301230767
2025-06-30,0.0382117196904782,0.0908106052594164,test,USDIDR_RET,-0.09746899196800929,-0.006658386708592895
2025-07-01,0.0061616192754931,-0.0044363308815852,test,USDIDR_RET,-0.4960242283520153,-0.5004605592336006
2025-07-02,0.0394277815274165,0.0299043908961079,test,USDIDR_RET,-0.5144230480054273,-0.48451865710931935
2025-07-03,-0.0086253786964679,-0.0175139449899483,test,USDIDR_RET,-0.5142341663648871,-0.5317481113548354
2025-07-04,-0.1929782279349813,0.0267366947803898,test,USDIDR_RET,-0.5141205603621299,-0.4873838655817401
2025-07-07,-0.1587328679698617,0.0848192686460152,test,USDIDR_RET,-0.38008938285314575,-0.29527011420713056
2025-07-08,0.8671674644769983,0.0481551637893168,test,USDIDR_RET,-0.35659617058244397,-0.3084410067931272
2025-07-09,-0.3554366396945507,-0.1143900122125015,test,USDIDR_RET,-0.24473277687015446,-0.35912278908265594
2025-07-10,-0.1600197288776106,0.1150995147405265,test,USDIDR_RET,-0.35913525270941543,-0.24403573796888894
2025-07-11,-0.1596616730863992,0.0263384841260511,test,USDIDR_RET,-0.32328682214971655,-0.29694833802366544
2025-07-14,0.0795556824207722,0.060262563439236,test,USDIDR_RET,-0.41064390708947135,-0.3503813436502353
2025-07-15,0.21060408364883,0.0381434854008485,test,USDIDR_RET,-0.5157934564301332,-0.4776499710292847
2025-07-16,-0.0252279324596137,-0.0107045936993916,test,USDIDR_RET,-0.49564925615541505,-0.5063538498548067
2025-07-17,0.1174578732674303,0.0493765545514551,test,USDIDR_RET,-0.5088830629401238,-0.45950650838866863
2025-07-18,0.3588861785330446,-0.0269175831550642,test,USDIDR_RET,-0.5183020566238286,-0.5452196397788928
2025-07-21,-0.053292550949096,-0.0418396510721809,test,USDIDR_RET,-0.36649672612149536,-0.40833637719367627
2025-07-22,0.0520665851489155,0.0360537714678028,test,USDIDR_RET,-0.5096861559403376,-0.4736323844725348
2025-07-23,-0.5169663871526231,-0.0021166026709453,test,USDIDR_RET,-0.5153094850638382,-0.5174260877347835
2025-07-24,0.1279539355437705,0.1158882613810545,test,USDIDR_RET,-0.019143617935941125,0.09674464344511338
2025-07-25,0.2511299975180663,-0.0092655429390095,test,USDIDR_RET,-0.5146740962042186,-0.523939639143228
2025-07-28,0.2816903271113373,-0.0094923613159866,test,USDIDR_RET,-0.4517029466572347,-0.4611953079732213
2025-07-29,0.2796842311763248,-0.0243848158340465,test,USDIDR_RET,-0.43240642535524415,-0.45679124118929065
2025-07-30,-0.1886085488015751,-0.0347601805694252,test,USDIDR_RET,-0.4238964447210647,-0.4586566252904899
2025-07-31,0.3592071392803567,0.0573310543913668,test,USDIDR_RET,-0.43662736384812656,-0.37929630945675974
2025-08-01,0.3415351782414361,-0.052025700506812,test,USDIDR_RET,-0.4253602622802709,-0.4773859627870829
2025-08-04,0.0,-0.0055521419229034,test,USDIDR_RET,-0.36093670879469275,-0.3664888507175961
2025-08-05,-0.7367973657712434,-0.0585087038205537,test,USDIDR_RET,-0.5134988269679962,-0.5720075307885499
2025-08-06,0.0946868532387864,0.1710587569245826,test,USDIDR_RET,0.18887442784015696,0.35993318476473957
2025-08-07,-0.2616750255511518,0.022941434874061,test,USDIDR_RET,-0.485304311108082,-0.46236287623402095
2025-08-08,-0.2126583555666154,0.0724584904318618,test,USDIDR_RET,-0.3128119359740242,-0.24035344554216237
2025-08-11,-0.3133739392077433,0.0544029089412867,test,USDIDR_RET,-0.3122545331689658,-0.2578516242276791
2025-08-12,0.3011032477388849,0.100100664113795,test,USDIDR_RET,-0.2136163330608014,-0.11351566894700642
2025-08-13,-0.3060255467852915,-0.0254236771367781,test,USDIDR_RET,-0.48351743882062653,-0.5089411159574047
2025-08-14,-0.8604023414346622,0.0863450384871901,test,USDIDR_RET,-0.3172641769175481,-0.230919138430358
2025-08-15,0.3717706741849013,0.1822398437370735,test,USDIDR_RET,0.39057980671951803,0.5728196504565916
2025-08-18,0.1668469412237203,-0.0533445631714666,test,USDIDR_RET,-0.48866585927116546,-0.5420104224426321
2025-08-19,0.0580245963163272,-0.0253450243554823,test,USDIDR_RET,-0.4741376141074229,-0.4994826384629052
2025-08-20,0.4297944673151451,0.0162495443325642,test,USDIDR_RET,-0.5173055176730079,-0.5010559733404437
2025-08-21,-0.071303099675602,-0.0859269699439411,test,USDIDR_RET,-0.346693593461509,-0.43262056340545013
2025-08-22,0.4668283553967008,0.0157242626817604,test,USDIDR_RET,-0.5150925079606535,-0.4993682452788931
2025-08-25,-0.6921219806040692,-0.0439251797497592,test,USDIDR_RET,-0.3206362052207594,-0.3645613849705186
2025-08-26,0.2461994226916803,0.1514073257052839,test,USDIDR_RET,0.1533376104363772,0.3047449361416611
2025-08-27,0.1977523052298517,-0.0229207243205182,test,USDIDR_RET,-0.5160189048506273,-0.5389396291711455
2025-08-28,0.0907596041773875,-0.0299063060082359,test,USDIDR_RET,-0.47389043204036146,-0.5037967380485974
2025-08-29,0.1855565878354993,-1.7945431463978733e-05,test,USDIDR_RET,-0.5114310323598411,-0.511448977791305
2025-09-01,0.3950764036269641,-0.0222043196194392,test,USDIDR_RET,-0.49035789385361495,-0.5125622134730542
2025-09-02,-0.0231654671300067,-0.0404636747476117,test,USDIDR_RET,-0.3440517837944861,-0.3845154585420978
2025-09-03,0.2356301404998003,0.0182235153688344,test,USDIDR_RET,-0.5155038955452373,-0.49728038017640297
2025-09-04,0.116082713917355,-0.0035813022561258,test,USDIDR_RET,-0.4755561343826226,-0.4791374366387484
2025-09-05,-0.0662333770995655,-0.0155113789323611,test,USDIDR_RET,-0.5116510582735017,-0.5271624372058628
2025-09-08,-0.3659693958290495,0.0457853427208388,test,USDIDR_RET,-0.49678312924014245,-0.45099778651930367
2025-09-09,0.3294932347685051,0.1109999151206817,test,USDIDR_RET,-0.15699801259255888,-0.04599809747187718
2025-09-10,0.0231078627609019,-0.071871310307049,test,USDIDR_RET,-0.47500485907481454,-0.5468761693818636
2025-09-11,-0.0662861384519284,0.0191682921071623,test,USDIDR_RET,-0.5159940178214474,-0.49682572571428507
2025-09-12,-0.154632485637667,0.0323095148494436,test,USDIDR_RET,-0.4806720922348147,-0.4483625773853711
2025-09-15,-0.0767927090024829,0.0556839985509034,test,USDIDR_RET,-0.409835115219883,-0.3541511166689796
2025-09-16,-0.2221867204248137,0.0467724778638334,test,USDIDR_RET,-0.45208272816873535,-0.405310250304902
2025-09-17,0.2045009261981315,0.0630680652054858,test,USDIDR_RET,-0.3299724812698664,-0.2669044160643806
2025-09-18,0.1249364083200824,-0.0370533715143148,test,USDIDR_RET,-0.5061242280876315,-0.5431775996019462
2025-09-19,0.9124676638782304,0.0022621110279434,test,USDIDR_RET,-0.49951317159033676,-0.4972510605623934
2025-09-22,0.4089639316917525,-0.1403018685655855,test,USDIDR_RET,-0.2843515637463739,-0.4246534323119594
2025-09-23,-0.3311360983578854,-0.0827302335144062,test,USDIDR_RET,-0.2624803552960475,-0.34521058881045374
2025-09-24,0.3070904114370978,0.1010769624507667,test,USDIDR_RET,-0.35163222341920897,-0.2505552609684423
2025-09-25,0.3726565989007728,-0.0397414420971475,test,USDIDR_RET,-0.4811586132246501,-0.5209000553217976
2025-09-26,0.3826131222430909,-0.039985575643733,test,USDIDR_RET,-0.3475062340485587,-0.3874918096922917
2025-09-29,-0.2156353620850625,-0.0520805451902271,test,USDIDR_RET,-0.3403063567499352,-0.3923869019401623
2025-09-30,-0.5696996008594781,0.061550884934993,test,USDIDR_RET,-0.42912183191306896,-0.36757094697807596
2025-10-01,0.3302215483145523,0.1115638426882599,test,USDIDR_RET,0.13260205537372227,0.2441658980619822
2025-10-02,-0.2334461069055723,-0.0680826189390501,test,USDIDR_RET,-0.47492121553866323,-0.5430038344777133
2025-10-03,-0.2562723078549703,0.0423428553523308,test,USDIDR_RET,-0.42769041938413294,-0.38534756403180215
2025-10-06,-0.2623684009316981,0.0691521543043528,test,USDIDR_RET,-0.29701696967128666,-0.22786481536693387
2025-10-07,0.2322461041800509,0.1468177842812963,test,USDIDR_RET,-0.258358909687026,-0.11154112540572972
2025-10-08,-0.0572573734509081,0.0042296106525203,test,USDIDR_RET,-0.5171076350824805,-0.5128780244299602
2025-10-09,-0.1870682137419646,0.081321206009732,test,USDIDR_RET,-0.4922559537830981,-0.41093474777336614
2025-10-10,0.1309797720378419,0.0693528090235297,test,USDIDR_RET,-0.3305864690667185,-0.2612336600431888
2025-10-13,0.1223834569391927,-0.0142318032362755,test,USDIDR_RET,-0.5184703356635268,-0.5327021388998023
2025-10-14,-0.3016957577091129,-0.0335109792457579,test,USDIDR_RET,-0.5074806245412212,-0.5409916037869791
2025-10-15,0.2287711782065185,0.0778019135724945,test,USDIDR_RET,-0.3308068047126487,-0.25300489114015423
2025-10-16,-0.0657424309303998,-0.036551386917422,test,USDIDR_RET,-0.5032211863003585,-0.5397725732177805
2025-10-17,-0.0790635811012185,-0.0100137760626182,test,USDIDR_RET,-0.504563638254129,-0.5145774143167472
2025-10-20,0.0247501915158251,0.0252070605339469,test,USDIDR_RET,-0.488823754680489,-0.4636166941465421
2025-10-21,-0.1449800906357688,0.0288054511700243,test,USDIDR_RET,-0.5122745356106303,-0.483469084440606
2025-10-22,0.3433850370101495,0.0502712480808267,test,USDIDR_RET,-0.4208910088139464,-0.37061976073311975
2025-10-23,-0.0138620069207209,-0.0321933806148499,test,USDIDR_RET,-0.43114571172018723,-0.4633390923350371
2025-10-24,-0.016865286942575,0.0207641435650796,test,USDIDR_RET,-0.5156557056078837,-0.49489156204280405
2025-10-27,0.024102482743012,0.0437276229959045,test,USDIDR_RET,-0.5017177231575568,-0.4579901001616523
2025-10-28,-2.684253069065849,0.0363104762876988,test,USDIDR_RET,-0.507471189293367,-0.4711607130056682
2025-10-29,2.466991581077467,0.565285977895732,test,USDIDR_RET,0.6822807498491984,1.2475667277449305
2025-10-30,0.0013325962778969,-0.4929799545350821,test,USDIDR_RET,0.23179023552979539,-0.2611897190052867
2025-10-31,-2.51908649428428,0.0355792877243237,test,USDIDR_RET,-0.2927748252112903,-0.25719553748696655
2025-11-03,2.928824353617075,0.565475134946397,test,USDIDR_RET,0.6357826718613825,1.2012578068077795
2025-11-04,0.0655250737853955,-0.5651800739976593,test,USDIDR_RET,0.06657593093666823,-0.4986041430609911
2025-11-05,0.3964249332951008,-0.004941312032324,test,USDIDR_RET,-0.232358320137021,-0.23729963216934502
2025-11-06,-0.2277086314690332,-0.1064423773917278,test,USDIDR_RET,-0.35535560771907887,-0.46179798511080666
2025-11-07,0.1504633226778473,0.0876119334397489,test,USDIDR_RET,-0.4595861008930525,-0.3719741674533036
2025-11-10,-0.2464959811595542,-0.0371961557420049,test,USDIDR_RET,-0.5184500092152431,-0.555646164957248
2025-11-11,0.2219357297609884,0.1101265843713885,test,USDIDR_RET,-0.3898734233095941,-0.2797468389382056
2025-11-12,0.0293569284488301,-0.0102364684681647,test,USDIDR_RET,-0.5132589515367824,-0.5234954200049471
2025-11-13,0.204043339091162,0.0134444036179599,test,USDIDR_RET,-0.517900859587513,-0.504456455969553
2025-11-14,-0.0597943093634691,0.001686451327671,test,USDIDR_RET,-0.4882016099533094,-0.48651515862563843
2025-11-17,-0.2365376793382797,0.0382296611604879,test,USDIDR_RET,-0.4922586928348949,-0.454029031674407
2025-11-18,0.355495490434648,0.0727944394909538,test,USDIDR_RET,-0.3236710818567787,-0.25087664236582485
2025-11-19,-0.0669394107797015,-0.0506162160504899,test,USDIDR_RET,-0.4378780948689881,-0.488494310919478
2025-11-20,-0.2454033141000888,0.0526063642075302,test,USDIDR_RET,-0.5083960083433524,-0.45578964413582224
2025-11-21,0.2651337957851439,0.0882504536772208,test,USDIDR_RET,-0.2977086189831457,-0.20945816530592493
2025-11-24,-0.5513948642156175,-0.0214872261759276,test,USDIDR_RET,-0.4939199916696404,-0.515407217845568
2025-11-25,0.0360533593618044,0.1359278277466429,test,USDIDR_RET,0.0010603494332453289,0.1369881771798882
2025-11-26,-0.0691136947745093,0.0203273871291919,test,USDIDR_RET,-0.47271777646013247,-0.45239038933094056
2025-11-27,-0.113093543082905,0.0231368979540182,test,USDIDR_RET,-0.4785462601576582,-0.45540936220364003
2025-11-28,-0.0650167594804739,0.0762135883488918,test,USDIDR_RET,-0.4494765097109644,-0.3732629213620726
2025-12-01,0.1871278416830559,0.0384014855939589,test,USDIDR_RET,-0.4459328160236764,-0.4075313304297175
2025-12-02,-0.156419235357826,-0.0243545589743417,test,USDIDR_RET,-0.5039297658054237,-0.5282843247797654
2025-12-03,0.0054209538222722,0.0399671261011034,test,USDIDR_RET,-0.45236595308299277,-0.41239882698188934
2025-12-04,-0.0957742412990932,0.0401036888358416,test,USDIDR_RET,-0.5027880610862696,-0.462684372250428
2025-12-05,0.3633284991735711,0.034242506393094,test,USDIDR_RET,-0.4497232436208108,-0.4154807372277168
2025-12-08,0.1715767639707415,-0.0774064780487198,test,USDIDR_RET,-0.40681126032106285,-0.48421773836978266
2025-12-09,0.0179807606346067,-0.0014320192225136,test,USDIDR_RET,-0.4584209861898306,-0.45985300541234425
2025-12-10,-0.1439366927165329,0.0310266245589801,test,USDIDR_RET,-0.5158103550627651,-0.484783730503785
2025-12-11,-0.1381340119347271,0.0805204355085627,test,USDIDR_RET,-0.4199227028058069,-0.3394022672972442
2025-12-12,0.0600817129345043,0.035603406742358,test,USDIDR_RET,-0.3810993013353448,-0.3454958945929868
2025-12-15,-0.1556883765119343,0.0153880333981414,test,USDIDR_RET,-0.5164769435093416,-0.5010889101112002
2025-12-16,0.1364708489413994,0.0721217974467332,test,USDIDR_RET,-0.423102134224177,-0.3509803367774438
2025-12-17,-0.0072163257961905,-0.0199259775070025,test,USDIDR_RET,-0.5184177554627525,-0.538343732969755
2025-12-18,0.0744732465922861,0.0194973754654051,test,USDIDR_RET,-0.5147817161849645,-0.4952843407195594
2025-12-19,0.1691503628095345,0.0015725630561614,test,USDIDR_RET,-0.5184855252572651,-0.5169129622011037
2025-12-22,-0.0401587293789522,-0.006810668574888,test,USDIDR_RET,-0.4974917482278372,-0.5043024168027253
2025-12-23,0.4659833328401457,0.0622658271873717,test,USDIDR_RET,-0.5031945151663381,-0.44092868797896634
2025-12-24,-0.1277963494388101,-0.0695730140575148,test,USDIDR_RET,-0.3536782420854722,-0.42325125614298703
2025-12-25,0.0,0.0364720052019184,test,USDIDR_RET,-0.493673047360347,-0.4572010421584286
2025-12-26,0.1080957793874837,0.0198293921616041,test,USDIDR_RET,-0.5021236282960494,-0.4822942361344453
2025-12-29,-0.0716542015831507,0.0157117938644648,test,USDIDR_RET,-0.5168102533853479,-0.5010984595208832
2025-12-30,0.1724825393784226,0.0377233552112315,test,USDIDR_RET,-0.4796597947810281,-0.4419364395697966
2025-12-31,-0.3644079423111088,-0.0361215598116121,test,USDIDR_RET,-0.5079832136938651,-0.5441047735054773
2026-01-01,0.0,0.1078164243868202,test,USDIDR_RET,-0.26224693898554235,-0.15443051459872215
2026-01-02,-0.2456782851799374,0.0198293921616041,test,USDIDR_RET,-0.46802635246214724,-0.4481969603005431
2026-01-05,0.0899523313329613,0.0814003127165148,test,USDIDR_RET,-0.3336802307419427,-0.25227991802542793
2026-01-06,0.2645853396172549,-0.0076994094727295,test,USDIDR_RET,-0.514059724592076,-0.5217591340648056
2026-01-07,0.0884441968155628,-0.0086724149582134,test,USDIDR_RET,-0.4444416110088616,-0.453114025967075
2026-01-08,0.0656814473530753,0.015826059511125,test,USDIDR_RET,-0.5157009991384138,-0.49987493962728885
2026-01-09,0.3140721380516486,-0.0112137006271108,test,USDIDR_RET,-0.5183872614986822,-0.529600962125793
2026-01-12,0.1248796024353325,-0.0544968858371099,test,USDIDR_RET,-0.4094473131344955,-0.4639441989716054
2026-01-13,0.1941523805159971,0.036343977139072,test,USDIDR_RET,-0.49292021855469476,-0.45657624141562275
2026-01-14,-0.110382790706057,-0.0183490268971639,test,USDIDR_RET,-0.5009639873311877,-0.5193130142283516
2026-01-15,0.0255230116962031,0.0690820756742034,test,USDIDR_RET,-0.47713360630252466,-0.4080515306283213
2026-01-16,0.20045541791186,-0.0081751907979042,test,USDIDR_RET,-0.4995608414986288,-0.507736032296533
2026-01-19,-0.0136320377631121,-0.011201245025304,test,USDIDR_RET,-0.4799007190264804,-0.4911019640517844
2026-01-20,0.3690631671430694,0.0024684607659583,test,USDIDR_RET,-0.511843030624644,-0.5093745698586857
2026-01-21,0.1244847936545682,-0.0150017481680322,test,USDIDR_RET,-0.3802716773406343,-0.39527342550866645
2026-01-22,-0.37274121622778,0.0085887745095034,test,USDIDR_RET,-0.5066811999890628,-0.4980924254795594
2026-01-23,-0.4567436833710745,0.1088592942687014,test,USDIDR_RET,-0.19640632316779202,-0.08754702889909062
2026-01-26,-0.2977078709684503,0.1475538039373584,test,USDIDR_RET,0.04849967813875692,0.1960534820761153
2026-01-27,-0.2148997961710617,0.0137594660444915,test,USDIDR_RET,-0.11265291671166235,-0.09889345066717084
2026-01-28,-0.3550024090475515,0.0421807881911041,test,USDIDR_RET,-0.3714501747601761,-0.329269386569072
2026-01-29,0.2880550685560941,0.0757164223582477,test,USDIDR_RET,-0.17599385973686002,-0.10027743737861232
2026-01-30,0.3313326916747825,-0.0024094916359175,test,USDIDR_RET,-0.47808860169527573,-0.48049809333119325
2026-02-02,-0.1186782973002747,-0.0692162820869039,test,USDIDR_RET,-0.4035646238324267,-0.4727809059193306
2026-02-03,0.0,0.0632468909228166,test,USDIDR_RET,-0.49728536393487827,-0.43403847301206167
2026-02-04,0.0035778990499058,-0.0127282146465339,test,USDIDR_RET,-0.49147574575478165,-0.5042039604013155
2026-02-05,0.2443459006476875,0.0464213175847071,test,USDIDR_RET,-0.5153543863398986,-0.46893306875519153
2026-02-06,0.4744701711862009,-0.015362798054705,test,USDIDR_RET,-0.48493360455704454,-0.5002964026117496
2026-02-09,-0.2158762422509259,-0.0916588240823142,test,USDIDR_RET,-0.29552309783617675,-0.38718192191849093
2026-02-10,-0.2824062876619129,0.1164318476647291,test,USDIDR_RET,-0.4576517844421881,-0.34121993677745904
2026-02-11,-0.1072258397843952,0.0737388161126881,test,USDIDR_RET,-0.17384704043067467,-0.10010822431798658
2026-02-12,0.0947244071911616,-0.0248874933342681,test,USDIDR_RET,-0.4149229857821218,-0.4398104791163899
2026-02-13,0.0898708755242768,-0.0170332617625813,test,USDIDR_RET,-0.5116624113706812,-0.5286956731332626
2026-02-16,0.1016771827451399,-0.0247622194291749,test,USDIDR_RET,-0.5141567610165528,-0.5389189804457277
2026-02-17,-0.1159585917158129,-0.0017014044299791,test,USDIDR_RET,-0.5100978783721635,-0.5117992828021426
2026-02-18,0.1985365652630173,0.0810393942521488,test,USDIDR_RET,-0.4640617291346035,-0.3830223348824547
2026-02-19,0.4461575184722177,-0.0433559369551702,test,USDIDR_RET,-0.5121154014070401,-0.5554713383622103
2026-02-20,-0.1662691752030217,-0.0361146824176087,test,USDIDR_RET,-0.2957205123226581,-0.3318351947402668
2026-02-23,-0.2596980382695996,0.0699473724614482,test,USDIDR_RET,-0.45367160227563597,-0.38372422981418775
2026-02-24,-0.2324059333157868,0.0593045496957951,test,USDIDR_RET,-0.2606153743986188,-0.20131082470282372
2026-02-25,0.0743580667796553,0.0730745586983187,test,USDIDR_RET,-0.3048592784952681,-0.23178471979694942
2026-02-26,-0.3992068655186433,0.0424010520768134,test,USDIDR_RET,-0.5126429537063393,-0.4702419016295259
2026-02-27,-0.0047809547295825,0.1325591096627006,test,USDIDR_RET,-0.11752473613137442,0.015034373531326181
2026-03-02,0.2742668067923067,0.0023839959810369,test,USDIDR_RET,-0.4486971687508464,-0.44631317276980953
2026-03-03,0.4040649623791585,-0.0422415358634952,test,USDIDR_RET,-0.444691223813961,-0.4869327596774562
2026-03-04,0.2079293768692369,-0.0374230588418222,test,USDIDR_RET,-0.3238897433190827,-0.3613128021609049
2026-03-05,-0.1960697943126347,-0.0159100569167808,test,USDIDR_RET,-0.4605031925707688,-0.47641324948754965
2026-03-06,0.2847977976409716,0.0479694300029281,test,USDIDR_RET,-0.41559991395794155,-0.36763048395501347
2026-03-09,0.0626513741772935,-0.0588414911949262,test,USDIDR_RET,-0.46528160198225155,-0.5241230931771778
2026-03-10,-0.2230083984488035,0.0150448265602709,test,USDIDR_RET,-0.5112468943170679,-0.49620206775679704
2026-03-11,-0.201553213053811,0.082279962498669,test,USDIDR_RET,-0.3621477063920078,-0.2798677438933388
2026-03-12,0.1897083803482142,0.1057337252001642,test,USDIDR_RET,-0.31368338017472314,-0.20794965497455892
2026-03-13,0.1420454784291122,-0.0031023788058767,test,USDIDR_RET,-0.5172489204235423,-0.520351299229419
2026-03-16,0.2604814210153772,-0.013671848727095,test,USDIDR_RET,-0.5050275324481919,-0.5186993811752869
2026-03-17,0.005898800321672,-0.0339872564901106,test,USDIDR_RET,-0.44327756224499765,-0.47726481873510823
2026-03-18,0.1073043202642071,0.0298720911753703,test,USDIDR_RET,-0.5179200983837415,-0.4880480072083712
2026-03-19,0.413950771917503,-0.0049471328399993,test,USDIDR_RET,-0.5177918544999863,-0.5227389873399856
2026-03-20,-0.7409204717800206,-0.052173727869973,test,USDIDR_RET,-0.34291082616866825,-0.39508455403864123
2026-03-23,0.2562370871311893,0.1374837248859527,test,USDIDR_RET,0.2007955380583868,0.3382792629443395
2026-03-24,-0.5570027219276752,0.0091719321790268,test,USDIDR_RET,-0.5118481277269704,-0.5026761955479436
2026-03-25,-0.4028169055941573,0.1265821316374741,test,USDIDR_RET,0.04925220726941866,0.17583433890689276
2026-03-26,-0.2843851650562427,0.1282884995421849,test,USDIDR_RET,0.00037928096831211296,0.12866778051049702
2026-03-27,1.0417464730876944,0.0907105942207843,test,USDIDR_RET,-0.15579336810282862,-0.06508277388204432
2026-03-30,0.194788008347254,-0.2167540766596202,test,USDIDR_RET,-0.30504561329901736,-0.5217996899586376
2026-03-31,0.1025561361361049,-0.0112809296747415,test,USDIDR_RET,-0.34811320016291547,-0.35939412983765695
2026-04-01,-0.2300085297465897,-0.0408205687365448,test,USDIDR_RET,-0.5128638126260172,-0.553684381362562
2026-04-02,-0.0726556417720676,0.0399668490131691,test,USDIDR_RET,-0.40789578313875036,-0.36792893412558125
2026-04-03,0.5062787879784677,0.0198959905339702,test,USDIDR_RET,-0.4650814581726797,-0.44518546763870953
2023-01-04,-0.1060865168283818,-0.0599016539569807,val,CNYIDR_RET,-0.4139190936516465,-0.4738207476086272
2023-01-05,0.3053012445049516,0.0155242325708472,val,CNYIDR_RET,-0.34068619874603845,-0.3251619661751913
2023-01-06,0.4763770195639764,0.0578929618817406,val,CNYIDR_RET,-0.3991504120197518,-0.34125745013801123
2023-01-09,0.5295263479531362,-0.0607931484212559,val,CNYIDR_RET,-0.27971237418577644,-0.3405055226070323
2023-01-10,0.8328477191976201,0.0139703085029416,val,CNYIDR_RET,-0.11025137706604166,-0.09628106856310005
2023-01-11,-0.4229988359386672,-0.0558577695634816,val,CNYIDR_RET,-0.0593912863256098,-0.1152490558890914
2023-01-12,-0.6186465161434707,0.1027218774947055,val,CNYIDR_RET,0.06985661509599943,0.17257849259070493
2023-01-13,-1.1204670262417271,0.1646021833506448,val,CNYIDR_RET,0.18092661226427903,0.34552879561492383
2023-01-16,0.15801120911544,0.245760079898511,val,CNYIDR_RET,-0.054339478736666336,0.19142060116184467
2023-01-17,-0.6742833023659679,0.0128306244897373,val,CNYIDR_RET,-0.2933620589854248,-0.28053143449568746
2023-01-18,-0.0618639962739019,0.1502107094387802,val,CNYIDR_RET,0.19229027781675256,0.3425009872555328
2023-01-19,-0.0619739334803852,0.0072963788457743,val,CNYIDR_RET,-0.1277817885126591,-0.12048540966688479
2023-01-20,-0.1268222063126358,0.0677923755503778,val,CNYIDR_RET,-0.3151492365432011,-0.24735686099282328
2023-01-23,-0.6639352845645904,0.0140578239060569,val,CNYIDR_RET,-0.15201787596955066,-0.13796005206349377
2023-01-24,-0.3312190463644864,0.2080385356730901,val,CNYIDR_RET,0.19471234140893345,0.40275087708202356
2023-01-25,-0.3511374540481942,0.1454435963743627,val,CNYIDR_RET,0.1921750711642757,0.3376186675386384
2023-01-26,-0.1035447236702748,0.0731855703921679,val,CNYIDR_RET,0.17434548873239308,0.24753105912456097
2023-01-27,0.0313310801593636,0.0882458320161827,val,CNYIDR_RET,-0.17675820072187765,-0.08851236870569494
2023-01-30,0.1880136211304803,0.0485121341154601,val,CNYIDR_RET,-0.3290646833448109,-0.2805525492293508
2023-01-31,0.6756401826228883,-0.0142085994098132,val,CNYIDR_RET,-0.4517552273219336,-0.46596382673174674
2023-02-01,-0.1145997180005111,-0.0730854420071282,val,CNYIDR_RET,-0.05425323732289544,-0.12733867933002363
2023-02-02,-0.719639702369977,0.0391349162812053,val,CNYIDR_RET,-0.3456032054392017,-0.3064682891579964
2023-02-03,0.3129296976785068,0.2099013815519487,val,CNYIDR_RET,0.1649918177856201,0.3748931993375688
2023-02-06,0.6881289859953319,-0.0667392670348972,val,CNYIDR_RET,-0.44516790641077947,-0.5119071734456767
2023-02-07,0.508703844643834,-0.158218346702564,val,CNYIDR_RET,-0.045181083045136544,-0.20339942974770053
2023-02-08,-0.3080723817077418,-0.0823958429561187,val,CNYIDR_RET,-0.06292253896960431,-0.145318381925723
2023-02-09,-0.154067023139639,0.0749027533305583,val,CNYIDR_RET,-0.10893563364660398,-0.03403288031604568
2023-02-10,0.2773281801965968,0.0483972374188753,val,CNYIDR_RET,-0.10438547337832617,-0.05598823595945087
2023-02-13,-0.1426180896876376,-0.0107811373329852,val,CNYIDR_RET,-0.43490255653726534,-0.44568369387025053
2023-02-14,-0.0100402181541649,-0.0036151086191848,val,CNYIDR_RET,-0.23748306472758268,-0.24109817334676747
2023-02-15,-0.2692159156180915,0.0621878276154985,val,CNYIDR_RET,-0.3795556135097622,-0.3173677858942637
2023-02-16,-0.176157623795378,0.0999140455275593,val,CNYIDR_RET,0.0293458630774099,0.1292599086049692
2023-02-17,-0.5618504403697081,0.0084008983277615,val,CNYIDR_RET,-0.04049458434775127,-0.03209368601998977
2023-02-20,0.1428256658636732,0.1246828757991829,val,CNYIDR_RET,0.19983271549026835,0.32451559128945123
2023-02-21,0.0741369980976979,0.0110468147695417,val,CNYIDR_RET,-0.399895592611074,-0.38884877784153227
2023-02-22,0.1957966690340988,0.0276757743459277,val,CNYIDR_RET,-0.42893537010133703,-0.4012595957554093
2023-02-23,-0.5426996614057701,-0.0398676147497721,val,CNYIDR_RET,-0.45137594249134433,-0.49124355724111646
2023-02-24,-0.1091491033884792,0.1195213615849612,val,CNYIDR_RET,0.17749015840601717,0.29701151999097836
2023-02-27,-0.3794214722209823,0.0021168949960093,val,CNYIDR_RET,-0.10479875201480666,-0.10268185701879737
2023-02-28,-0.1599726097424488,0.0664531516797169,val,CNYIDR_RET,0.08492609350570064,0.15137924518541754
2023-03-01,0.3708122735850346,0.0918896549587775,val,CNYIDR_RET,-0.10789990004182412,-0.016010245083046618
2023-03-02,0.9515545109453284,-0.050200467303799,val,CNYIDR_RET,-0.4067842012006148,-0.4569846685044138
2023-03-03,-0.1477109653364655,-0.0564023637056586,val,CNYIDR_RET,-0.20993462429108478,-0.2663369879967434
2023-03-06,-0.336287999983104,-0.0107581342407215,val,CNYIDR_RET,-0.28904113869458076,-0.2997992729353023
2023-03-07,0.306508992498176,0.0858736811716468,val,CNYIDR_RET,0.022302870536742566,0.10817655170838937
2023-03-08,0.0914082980086007,-0.0424753685646864,val,CNYIDR_RET,-0.4383531644355473,-0.4808285330002337
2023-03-09,0.2437531003242299,-0.0498956661808835,val,CNYIDR_RET,-0.45125807350453306,-0.5011537396854165
2023-03-10,0.0609341718348875,-0.0052056304941487,val,CNYIDR_RET,-0.39630738971795704,-0.4015130202121057
2023-03-13,0.7362451046232322,-0.0199497247747671,val,CNYIDR_RET,-0.4305005947165411,-0.4504503194913082
2023-03-14,0.4695763945738938,-0.0643091932171513,val,CNYIDR_RET,-0.045242140272828586,-0.10955133348997989
2023-03-15,-0.618092862381481,-0.0672978054868269,val,CNYIDR_RET,-0.15972592342763745,-0.22702372891446435
2023-03-16,0.1797371527352802,0.1873512678198093,val,CNYIDR_RET,0.19553892326436573,0.382890191084175
2023-03-17,-0.2472118899088991,-0.1323942362772872,val,CNYIDR_RET,-0.3784964542484542,-0.5108906905257413
2023-03-20,-0.1820928913666994,0.1436097869117454,val,CNYIDR_RET,-0.25961807846253643,-0.11600829155079104
2023-03-21,-0.0635576126016009,0.0867802252311388,val,CNYIDR_RET,0.02251150367387964,0.10929172890501844
2023-03-22,-0.3773517561481069,0.0472744270849141,val,CNYIDR_RET,-0.21279247895285694,-0.16551805186794283
2023-03-23,-0.226329494852706,0.1369321816363581,val,CNYIDR_RET,0.12517104172868568,0.26210322336504377
2023-03-24,-0.4588901907445425,0.1007977032841535,val,CNYIDR_RET,0.06566713870014973,0.16646484198430322
2023-03-27,-0.0412643911578318,0.1736003829285137,val,CNYIDR_RET,0.19771467292216835,0.37131505585068203
2023-03-28,-0.5207822714838453,-0.0389819141746666,val,CNYIDR_RET,-0.12391086976268764,-0.16289278393735424
2023-03-29,-0.1469072695115478,0.1388109942739706,val,CNYIDR_RET,0.16618272505951015,0.30499371933348074
2023-03-30,-0.3748558235673505,0.0894924536554724,val,CNYIDR_RET,-0.027817714688518503,0.0616747389669539
2023-03-31,0.1444612873072522,0.1292488766596343,val,CNYIDR_RET,0.15523736650919637,0.28448624316883064
2023-04-03,-0.1783391176877408,0.0441710668304431,val,CNYIDR_RET,-0.3976282112978677,-0.3534571444674246
2023-04-04,-0.6235617372394917,0.0173414575496208,val,CNYIDR_RET,-0.11331611474172155,-0.09597465719210076
2023-04-05,0.2660751872396018,0.1799771754847058,val,CNYIDR_RET,0.2016129172194428,0.38159009270414856
2023-04-06,-0.0090113538483236,-0.0426856115488681,val,CNYIDR_RET,-0.439423372819253,-0.4821089843681211
2023-04-07,-0.1082471600767271,-0.017940106314643,val,CNYIDR_RET,-0.41116662772731194,-0.42910673404195493
2023-04-10,-0.0927858896099691,0.0566529829011382,val,CNYIDR_RET,-0.29026067952907464,-0.23360769662793643
2023-04-11,0.1565519444561062,0.0655835194265363,val,CNYIDR_RET,-0.2140049523395718,-0.1484214329130355
2023-04-12,-0.3451572118150423,0.02256455455103,val,CNYIDR_RET,-0.4412489366287461,-0.4186843820777161
2023-04-13,-0.4304367326061701,0.0963576376054901,val,CNYIDR_RET,0.07047911161514356,0.16683674922063366
2023-04-14,-0.6147946995748639,0.150327915058788,val,CNYIDR_RET,0.18784827994808548,0.33817619500687346
2023-04-17,-0.2214388734553257,0.189248586548606,val,CNYIDR_RET,0.1619809149561018,0.3512295015047078
2023-04-18,1.0079965285440002,0.0247251208695779,val,CNYIDR_RET,0.11298520173627018,0.1377103226058481
2023-04-19,0.2583934984192453,-0.1790450064696706,val,CNYIDR_RET,-0.18904680001944332,-0.3680918064891139
2023-04-20,0.6277712552150956,-0.0132158197834044,val,CNYIDR_RET,-0.2595599391742971,-0.2727757589577015
2023-04-21,-0.2116493896437437,-0.1023458807114776,val,CNYIDR_RET,-0.07593943233112199,-0.1782853130425996
2023-04-24,-1.0216382192166529,0.083798806700259,val,CNYIDR_RET,-0.2666488338745396,-0.1828500271742806
2023-04-25,0.6837205400901716,0.1940647912060091,val,CNYIDR_RET,-0.01669020309225151,0.17737458811375761
2023-04-26,-0.5978038975650379,-0.0928211791801281,val,CNYIDR_RET,-0.20416090878772739,-0.29698208796785547
2023-04-27,-0.5443007272417378,0.0564384971802141,val,CNYIDR_RET,0.17852974451397263,0.23496824169418673
2023-04-28,-1.016336283914527,0.1608777408905669,val,CNYIDR_RET,0.20317289792779575,0.36405063881836264
2023-05-01,0.0188110986050155,0.238375021264361,val,CNYIDR_RET,-0.03797692511462643,0.20039809614973458
2023-05-02,0.0594011653388106,0.1228445276787203,val,CNYIDR_RET,-0.11739634034309253,0.005448187335627769
2023-05-03,0.556354455770463,0.0355255953789459,val,CNYIDR_RET,-0.32178051873595515,-0.28625492335700925
2023-05-04,-0.489247739733991,-0.0893474471948681,val,CNYIDR_RET,-0.1724476970876683,-0.2617951442825364
2023-05-05,0.203671527286236,0.0991493610131119,val,CNYIDR_RET,0.10299811325477505,0.20214747426788696
2023-05-08,-0.272935002634686,0.0070368197684364,val,CNYIDR_RET,-0.44559342984792877,-0.43855661007949237
2023-05-09,0.5285438894510724,0.1230157238598223,val,CNYIDR_RET,-0.03534804623004639,0.08766767762977591
2023-05-10,0.00094745547406794,-0.0730060753449957,val,CNYIDR_RET,-0.29333155558939816,-0.36633763093439387
2023-05-11,-0.7008024987638325,0.016834748450732,val,CNYIDR_RET,-0.4342681877685639,-0.4174334393178319
2023-05-12,0.3163430673650722,0.1420875209432411,val,CNYIDR_RET,0.1823266444914687,0.3244141654347098
2023-05-15,-0.3244376352476825,-0.0926921193502059,val,CNYIDR_RET,-0.4506664724041734,-0.5433585917543793
2023-05-16,0.4340527124773228,0.061018188682276,val,CNYIDR_RET,-0.10055562828555467,-0.03953743960327867
2023-05-17,0.2474851810522045,-0.021781826365031,val,CNYIDR_RET,-0.3264765255937183,-0.3482583519587493
2023-05-18,-0.3505251152026719,-0.0586219973512258,val,CNYIDR_RET,-0.4131414245183964,-0.4717634218696222
2023-05-19,-0.276446725069265,0.1006083368883148,val,CNYIDR_RET,-0.019787220901668984,0.08082111598664582
2023-05-22,0.4150623829957328,0.0373352058890215,val,CNYIDR_RET,0.0803158564633748,0.11765106235239631
2023-05-23,-0.5566730093239352,-0.0270660758698994,val,CNYIDR_RET,-0.32180438366206954,-0.34887045953196893
2023-05-24,-0.3015848415591956,0.1388535485781176,val,CNYIDR_RET,0.18888789137535483,0.32774143995347244
2023-05-25,0.2929692493916125,0.0589272583582761,val,CNYIDR_RET,0.13798152137862962,0.19690877973690574
2023-05-26,-0.0878736922115405,-0.0313083502200811,val,CNYIDR_RET,-0.4325963670718864,-0.4639047172919675
2023-05-29,0.1727710161854767,0.0043212381095367,val,CNYIDR_RET,-0.32945007751790795,-0.32512883940837123
2023-05-30,-0.1675037313430569,0.0547459003851531,val,CNYIDR_RET,-0.45134348665645807,-0.396597586271305
2023-05-31,0.0322332596038728,0.0255898165484538,val,CNYIDR_RET,-0.11367679561452773,-0.08808697906607393
2023-06-01,-0.4148326245127235,0.0270173494807815,val,CNYIDR_RET,-0.39074794829657034,-0.36373059881578884
2023-06-02,-0.2645711477137754,0.0602318822547566,val,CNYIDR_RET,0.13907165599566554,0.19930353825042213
2023-06-05,0.638323268987973,0.1191357850949744,val,CNYIDR_RET,0.021424444575853307,0.1405602296708277
2023-06-06,-1.1938330486409492,-0.0761192389492423,val,CNYIDR_RET,-0.17407361656488063,-0.25019285551412296
2023-06-07,-0.0426374824071329,0.2350829224375084,val,CNYIDR_RET,-0.020951214769980783,0.2141317076675276
2023-06-08,-0.0261275754040603,0.0463910644793093,val,CNYIDR_RET,-0.038315553884416154,0.00807551059489315
2023-06-09,-0.1094105877235048,0.032355086939165,val,CNYIDR_RET,-0.3114010373558773,-0.2790459504167123
2023-06-12,-0.2505844570070839,0.0842255291855911,val,CNYIDR_RET,-0.22430400004688167,-0.14007847086129055
2023-06-13,0.0209985589148566,0.0731893861542949,val,CNYIDR_RET,0.033383443650188575,0.10657282980448349
2023-06-14,-0.3228709419485135,0.0140352901524674,val,CNYIDR_RET,-0.33423596233506425,-0.32020067218259685
2023-06-15,0.3230902693019226,0.1091128322712049,val,CNYIDR_RET,0.03585079443154719,0.1449636267027521
2023-06-16,0.517412993883947,-0.0268389433948045,val,CNYIDR_RET,-0.4408561742994107,-0.46769511769421523
2023-06-19,0.1278592265528438,0.0059533858650947,val,CNYIDR_RET,-0.1499203141724626,-0.1439669283073679
2023-06-20,0.0472828513858242,0.0439898413706636,val,CNYIDR_RET,-0.4495686347432571,-0.4055787933725935
2023-06-21,-0.2312051733419978,-0.0370253459421566,val,CNYIDR_RET,-0.38795799459014324,-0.42498334053229986
2023-06-22,-0.4539067005834297,0.0198113212774215,val,CNYIDR_RET,-0.15262090981376114,-0.13280958853633965
2023-06-23,-0.0549460593056345,0.1615575623143402,val,CNYIDR_RET,0.16128883822374268,0.3228464005380829
2023-06-26,0.3475706994785948,0.0367778260704053,val,CNYIDR_RET,-0.12163808706626,-0.0848602609958547
2023-06-27,-0.4583494258405528,-0.0852652169607484,val,CNYIDR_RET,-0.38300107216217105,-0.46826628912291945
2023-06-28,-0.1301210908771445,0.0575282395006144,val,CNYIDR_RET,0.07616986588997432,0.1336981053905887
2023-06-29,-0.351597273042343,0.1152234061464776,val,CNYIDR_RET,-0.16167167324401585,-0.04644826709753826
2023-06-30,0.4366060395228665,0.0689241759700373,val,CNYIDR_RET,0.15687342860322168,0.22579760457325898
2023-07-03,-0.3894303753426404,-0.0821309943973326,val,CNYIDR_RET,-0.33174910213561065,-0.4138800965329432
2023-07-04,0.5019239026390925,0.1342132946603421,val,CNYIDR_RET,-0.00016492552917900716,0.13404836913116308
2023-07-05,0.0579367665546265,-0.0471317169710764,val,CNYIDR_RET,-0.33172095612878094,-0.3788526730998573
2023-07-06,-0.0096745456667745,0.0466834082105377,val,CNYIDR_RET,-0.4457457401205778,-0.39906233191004015
2023-07-07,0.7034493487923785,-0.0235802143065839,val,CNYIDR_RET,-0.32967860672315913,-0.35325882102974304
2023-07-10,0.1197985469079039,-0.1218556377645394,val,CNYIDR_RET,-0.04618862133328681,-0.16804425909782622
2023-07-11,0.3127396520633455,0.0429297603444268,val,CNYIDR_RET,-0.4289117824617487,-0.3859820221173219
2023-07-12,-0.0934213850449604,-0.0634856223720533,val,CNYIDR_RET,-0.4127951465818336,-0.4762807689538869
2023-07-13,-0.9102559726968568,0.0615083755057955,val,CNYIDR_RET,-0.3574042574022306,-0.29589588189643506
2023-07-14,0.3877724021439286,0.2781250287388187,val,CNYIDR_RET,0.044949197342679985,0.3230742260814987
2023-07-17,0.1156970844591779,0.0209702245876969,val,CNYIDR_RET,-0.4469525715339496,-0.4259823469462527
2023-07-18,-0.2129894422188542,0.0438938814202087,val,CNYIDR_RET,-0.4425623911302691,-0.3986685097100604
2023-07-19,-0.0978958799631753,0.0449494236216614,val,CNYIDR_RET,-0.06618505644507813,-0.021235632823416735
2023-07-20,-0.6069662342639619,0.0434995124882641,val,CNYIDR_RET,-0.22286057008443425,-0.17936105759617016
2023-07-21,1.0820968953047647,0.1130765701442755,val,CNYIDR_RET,0.2003085804111169,0.3133851505553924
2023-07-24,-0.2423233620550078,-0.1512602424554419,val,CNYIDR_RET,-0.17358674620372957,-0.3248469886591715
2023-07-25,-0.0797389639293483,0.0907195180549826,val,CNYIDR_RET,-0.2893403262289477,-0.19862080817396507
2023-07-26,0.7667723026595583,0.0234814187343802,val,CNYIDR_RET,-0.1853861796641696,-0.1619047609297894
2023-07-27,-0.3708587663802541,-0.0646402475631394,val,CNYIDR_RET,-0.04507008760272745,-0.10971033516586684
2023-07-28,0.262125681810627,0.0924475669469151,val,CNYIDR_RET,-0.00152416142142804,0.09092340552548706
2023-07-31,0.9385022845978628,-0.1300360150095923,val,CNYIDR_RET,-0.45121667015606265,-0.581252685165655
2023-08-01,0.2060004093470729,-0.0461783082185763,val,CNYIDR_RET,-0.29116106644697454,-0.33733937466555086
2023-08-02,-0.953683039353987,0.0574865281479377,val,CNYIDR_RET,-0.4233365396844751,-0.3658500115365374
2023-08-03,0.3929690001760451,0.1313101633851575,val,CNYIDR_RET,0.024162043893603595,0.1554722072787611
2023-08-04,-0.0038134109579732,-0.1041010130331417,val,CNYIDR_RET,-0.41785104461990036,-0.5219520576530421
2023-08-07,0.4553351377648246,0.036524457384347,val,CNYIDR_RET,-0.4443527977770905,-0.4078283403927435
2023-08-08,-0.399125891657054,-0.0500055405622805,val,CNYIDR_RET,-0.27936700607020576,-0.3293725466324863
2023-08-09,-0.4877706174305974,0.0732206226210042,val,CNYIDR_RET,0.0499536279609754,0.1231742505819796
2023-08-10,0.0971299921733235,0.0653392635356696,val,CNYIDR_RET,0.19800327997296904,0.2633425435086386
2023-08-11,0.2567766482640795,0.044493419285732,val,CNYIDR_RET,-0.4098676729186546,-0.36537425363292264
2023-08-14,0.6903484403339362,-0.0217141574538303,val,CNYIDR_RET,-0.44145474509699095,-0.46316890255082127
2023-08-15,-0.7040165093893501,-0.1229073868748078,val,CNYIDR_RET,-0.04852301883192093,-0.17143040570672874
2023-08-16,-0.5644856157159576,0.1191398483599882,val,CNYIDR_RET,0.20148900092626323,0.32062884928625146
2023-08-17,0.1166318233514192,0.104200668511261,val,CNYIDR_RET,0.19324848716168175,0.2974491556729427
2023-08-18,0.2310064495782606,-0.0023882263570906,val,CNYIDR_RET,-0.3954356738926168,-0.3978239002497074
2023-08-21,-0.5556851409755176,-0.0020758643317854,val,CNYIDR_RET,-0.43289595894066385,-0.43497182327244927
2023-08-22,1.4097337081307642,0.1366103726571552,val,CNYIDR_RET,0.19626653738381372,0.3328769100409689
2023-08-23,-1.3153553628028116,-0.1623484315818203,val,CNYIDR_RET,-0.5369666509214728,-0.6993150825032931
2023-08-24,1.536111930612,0.199074228291761,val,CNYIDR_RET,-0.03177296910529669,0.1673012591864643
2023-08-25,-1.8283825042610136,-0.1680078180468995,val,CNYIDR_RET,-0.5950272259816518,-0.7630350440285513
2023-08-28,0.1493916821953207,0.3075933022886601,val,CNYIDR_RET,0.002187391175886348,0.30978069346454645
2023-08-29,-0.2141851007379808,0.0171168389976876,val,CNYIDR_RET,-0.20213873623587464,-0.18502189723818704
2023-08-30,-0.2543274262577702,0.0721500664030376,val,CNYIDR_RET,-0.10116730488545343,-0.02901723848241583
2023-08-31,0.070556588122866,0.1205186898082572,val,CNYIDR_RET,0.023445871623906347,0.14396456143216355
2023-09-01,0.4657826711093925,0.0162040275401885,val,CNYIDR_RET,-0.3366460240528215,-0.320441996512633
2023-09-04,1.6357237828237232,-0.0673681861851574,val,CNYIDR_RET,-0.2465911543087827,-0.3139593404939401
2023-09-05,-1.868480686578014,-0.2183016071464245,val,CNYIDR_RET,-0.6425984542829156,-0.8609000614293401
2023-09-06,0.0329564205454914,0.3023111348433528,val,CNYIDR_RET,-0.002002903995990793,0.300308230847362
2023-09-07,0.07708623099748,-0.021022807531769,val,CNYIDR_RET,-0.04942116283822069,-0.0704439703699897
2023-09-08,-0.1234105819062997,-0.0151676138395912,val,CNYIDR_RET,-0.44367313925686996,-0.45884075309646116
2023-09-11,1.1538825611754966,0.020437867577377,val,CNYIDR_RET,-0.2679924625130896,-0.2475545949357126
2023-09-12,-0.6281760425587537,-0.1173980580399426,val,CNYIDR_RET,-0.37386202021805964,-0.4912600782580022
2023-09-13,0.0325565200336035,0.1231995240570775,val,CNYIDR_RET,0.18122308628948558,0.3044226103465631
2023-09-14,0.3218219477125281,0.0330657053169098,val,CNYIDR_RET,-0.2898519391715512,-0.25678623385464144
2023-09-15,0.1755571476801262,-0.0142083267989459,val,CNYIDR_RET,-0.3998896171864276,-0.41409794398537353
2023-09-18,-0.2913029675284679,-0.0345980511525319,val,CNYIDR_RET,-0.44789994756246004,-0.48249799871499194
2023-09-19,-0.0275186822904147,0.1141297887177568,val,CNYIDR_RET,-0.06642648572978975,0.047703302987967044
2023-09-20,-0.0197972725334316,0.0099383763261402,val,CNYIDR_RET,-0.2244605813335464,-0.2145222050074062
2023-09-21,-0.0211928854849157,0.0247085933273649,val,CNYIDR_RET,-0.3576032205900504,-0.3328946272626855
2023-09-22,-0.0241542835511141,0.0400186798640951,val,CNYIDR_RET,-0.34098703182782164,-0.3009683519637265
2023-09-25,-0.0880035811269699,-0.0066583818163287,val,CNYIDR_RET,-0.32095681904506285,-0.32761520086139156
2023-09-26,0.0706981252652739,0.0845214225049025,val,CNYIDR_RET,-0.30103741156654024,-0.21651598906163774
2023-09-27,0.5586724170682547,0.0145028729497572,val,CNYIDR_RET,-0.3728573465654114,-0.3583544736156542
2023-09-28,0.524911621532627,-0.0952517614008684,val,CNYIDR_RET,-0.14999713673076479,-0.2452488981316332
2023-09-29,-0.4997865890978315,-0.0949181109121548,val,CNYIDR_RET,-0.08870069633766067,-0.18361880724981547
2023-10-02,1.7166362516964204,0.1895363160140754,val,CNYIDR_RET,0.10765708095639372,0.2971933969704691
2023-10-03,0.2119368912497965,-0.2090145599781055,val,CNYIDR_RET,-0.6795492912604356,-0.8885638512385411
2023-10-04,0.4804836480008424,-0.0688472086586311,val,CNYIDR_RET,-0.27710130249845655,-0.34594851115708763
2023-10-05,-0.2820004300065636,-0.0980314308176483,val,CNYIDR_RET,-0.1452209434357663,-0.24325237425341462
2023-10-06,0.2923485301785042,0.0901669652809721,val,CNYIDR_RET,-0.16676437924599274,-0.07659741396502065
2023-10-09,-1.597421208796201,-0.0045722784962806,val,CNYIDR_RET,-0.44469628063152344,-0.44926855912780406
2023-10-10,0.7034022399705749,0.2979666163270779,val,CNYIDR_RET,-0.021886310114834603,0.2760803062122433
2023-10-11,0.1094771773001595,-0.1080065185422802,val,CNYIDR_RET,-0.2934281942352887,-0.4014347127775689
2023-10-12,-0.2130647458961448,0.0250681603298109,val,CNYIDR_RET,-0.43956784484209394,-0.41449968451228303
2023-10-13,0.2543400782815703,0.0817615072553685,val,CNYIDR_RET,-0.09176411745892708,-0.010002610203558582
2023-10-16,1.4428347087880804,-0.0609347730784663,val,CNYIDR_RET,-0.4508822254321654,-0.5118169985106317
2023-10-17,-1.9570686592206,-0.156647124115957,val,CNYIDR_RET,-0.676540588826125,-0.8331877129420819
2023-10-18,0.3059921221820106,0.3124652267834368,val,CNYIDR_RET,0.08480568027246471,0.3972709070559015
2023-10-19,0.4751429251408938,-0.023784900789897,val,CNYIDR_RET,-0.37951298972011205,-0.403297890510009
2023-10-20,0.3409604741688032,-0.1085061986220729,val,CNYIDR_RET,-0.19456313233727257,-0.30306933095934546
2023-10-23,0.018223141744541,-0.0333031782338488,val,CNYIDR_RET,-0.24671078380164357,-0.2800139620354924
2023-10-24,0.0555816900245314,0.0258381751040883,val,CNYIDR_RET,-0.422522408706164,-0.39668423360207566
2023-10-25,0.031944754618967,0.0662353504174812,val,CNYIDR_RET,-0.4084343691704243,-0.3421990187529431
2023-10-26,-0.0317753449244569,0.0180028367683941,val,CNYIDR_RET,-0.3530319331713639,-0.3350290964029698
2023-10-27,0.2782545703500308,0.0008742692614812027,val,CNYIDR_RET,-0.3368440457532146,-0.3359697764917334
2023-10-30,2.054798471790084,0.0164378339086282,val,CNYIDR_RET,-0.40782756624578265,-0.39138973233715446
2023-10-31,-2.5013550775016333,-0.2866799929512756,val,CNYIDR_RET,-0.34186995538401915,-0.6285499483352948
2023-11-01,-0.6434781792162804,0.4323601667876741,val,CNYIDR_RET,0.6053518600414356,1.0377120268291096
2023-11-02,0.9506588639706272,0.1804045462564764,val,CNYIDR_RET,-0.005376335334576641,0.17502821092189974
2023-11-03,-0.3660915471336311,-0.1359281783257911,val,CNYIDR_RET,-0.046500406759147905,-0.182428585084939
2023-11-06,-1.4154214110051018,0.0928718776214131,val,CNYIDR_RET,-0.10273797552455202,-0.009866097903138929
2023-11-07,0.3328348314398735,0.3883451091260934,val,CNYIDR_RET,-0.041768003051937626,0.34657710607415576
2023-11-08,0.3409734823113657,0.029555562738095,val,CNYIDR_RET,-0.33061100973679713,-0.3010554469987021
2023-11-09,-0.1930724977430013,-0.0672635917085797,val,CNYIDR_RET,-0.3824947247278056,-0.4497583164363853
2023-11-10,0.5824913305816001,0.0669915246344535,val,CNYIDR_RET,-0.24539346595958594,-0.17840194132513243
2023-11-13,1.1941080646981084,-0.114220826893918,val,CNYIDR_RET,-0.1777466711623681,-0.2919674980562861
2023-11-14,-1.583706834120803,-0.1207870062277827,val,CNYIDR_RET,-0.5706061862753499,-0.6913931925031326
2023-11-15,-1.987107651261112,0.2746280381224707,val,CNYIDR_RET,-0.048726913670447576,0.22590112445202315
2023-11-16,1.431146564471704,0.4961385497368532,val,CNYIDR_RET,0.6667249127727469,1.1628634625096002
2023-11-17,-0.016413550293445,-0.2301810635358157,val,CNYIDR_RET,-0.1393454068249123,-0.369526470360728
2023-11-20,-0.0565259417847537,0.0467517958234913,val,CNYIDR_RET,-0.4409311903861389,-0.3941793945626476
2023-11-21,0.4746332375196247,0.0748503358933149,val,CNYIDR_RET,-0.2742446830068517,-0.19939434711353676
2023-11-22,1.9028287452837709,-0.0251188270921481,val,CNYIDR_RET,-0.29931099672355793,-0.324429823815706
2023-11-23,-0.2284365815817596,-0.2906449829838713,val,CNYIDR_RET,-0.4700832519424054,-0.7607282349262767
2023-11-24,0.2033115220010393,0.0246611432707645,val,CNYIDR_RET,-0.4284729345905762,-0.4038117913198117
2023-11-27,0.4736682806797614,0.0580314246422136,val,CNYIDR_RET,-0.4500234993986719,-0.3919920747564583
2023-11-28,-1.2838189497851786,-0.057002852384149,val,CNYIDR_RET,-0.282719207218768,-0.33972205960291696
2023-11-29,-0.4136716384800374,0.2441868970746933,val,CNYIDR_RET,-0.047694691376435436,0.19649220569825787
2023-11-30,0.7517080250674968,0.1758050523684532,val,CNYIDR_RET,0.19906856269672893,0.37487361506518213
2023-12-01,0.9688204597123332,-0.1521927126798044,val,CNYIDR_RET,-0.121903671620497,-0.27409638430030137
2023-12-04,-0.5298462526631411,-0.1701855219629815,val,CNYIDR_RET,-0.35802847982594166,-0.5282140017889232
2023-12-05,-0.5010373069915314,0.1338702567480458,val,CNYIDR_RET,0.061730888598293586,0.1956011453463394
2023-12-06,-0.5517597312094402,0.0552371415715555,val,CNYIDR_RET,0.2022538646981751,0.2574910062697306
2023-12-07,0.1626838903901016,0.0993060565637944,val,CNYIDR_RET,0.20336314364086217,0.3026692002046566
2023-12-08,0.0703474474923109,-0.0134350171211283,val,CNYIDR_RET,-0.4290852682391878,-0.4425202853603161
2023-12-11,0.698662400953131,-0.0576445730592401,val,CNYIDR_RET,-0.4385067085453304,-0.4961512816045705
2023-12-12,-0.1094211930076751,-0.0843352408090336,val,CNYIDR_RET,-0.04524775774868655,-0.12958299855772015
2023-12-13,-0.5248323594536433,0.0246326072014568,val,CNYIDR_RET,-0.3621771500197279,-0.33754454281827106
2023-12-14,-1.8464837052150995,0.1310553418581272,val,CNYIDR_RET,0.19518239168071913,0.32623773353884633
2023-12-15,2.7262545031938266,0.3923869072890443,val,CNYIDR_RET,0.26890935864827287,0.6612962659373172
2023-12-18,-1.2540508405809154,-0.4011400206724814,val,CNYIDR_RET,0.11016661622577223,-0.29097340444670916
2023-12-19,0.25052659512394,0.2268228666102195,val,CNYIDR_RET,0.11422550864404656,0.34104837525426607
2023-12-20,0.910956588759931,-0.0435956633312478,val,CNYIDR_RET,-0.404076554705665,-0.4476722180369128
2023-12-21,-0.5297106071773244,-0.0293739898482434,val,CNYIDR_RET,-0.15853571690334092,-0.18790970675158433
2023-12-22,-0.5655697388752698,0.0415645103574629,val,CNYIDR_RET,0.17625674844108288,0.21782125879854577
2023-12-25,0.5765985036515913,0.1377179250755224,val,CNYIDR_RET,0.20336547533437593,0.3410834004098984
2023-12-26,-0.4051105444261331,0.008739260622524,val,CNYIDR_RET,-0.2580204112468633,-0.2492811506243393
2023-12-27,-0.4855039225923541,0.0411479601331355,val,CNYIDR_RET,0.11582181243025383,0.15696977256338934
2023-12-28,-0.1446767363628519,0.142315766934918,val,CNYIDR_RET,0.18779462968710325,0.33011039662202124
2023-12-29,0.8037456232799176,0.0573483022084385,val,CNYIDR_RET,-0.02615675599146776,0.03119154621697074
2024-01-01,0.2697639535896165,-0.1144402607343705,val,CNYIDR_RET,-0.045025609806839006,-0.1594658705412095
2024-01-02,-0.00064752683157054,0.0073411254438951,val,CNYIDR_RET,-0.3152848989689737,-0.3079437735250786
2024-01-03,0.4481511791206883,0.0319896724598375,val,CNYIDR_RET,-0.3781614317853862,-0.34617175932554867
2024-01-04,0.2360260518687326,-0.1066142478612153,val,CNYIDR_RET,-0.28216566604235055,-0.38877991390356587
2024-01-05,-0.4395123187920835,-0.0159692089718748,val,CNYIDR_RET,-0.3554927593817035,-0.3714619683535783
2024-01-08,0.0302252079593866,0.1520147250070093,val,CNYIDR_RET,0.12425379552978887,0.2762685205367982
2024-01-09,0.1514857998535441,0.0325697527921581,val,CNYIDR_RET,-0.2506262581393732,-0.21805650534721513
2024-01-10,0.0878925082699986,-0.0063437631509057,val,CNYIDR_RET,-0.4490132596817373,-0.45535702283264295
2024-01-11,-0.8322552818342713,-0.0108288809903207,val,CNYIDR_RET,-0.4423956685317795,-0.4532245495221002
2024-01-12,0.952660476825402,0.1806922939692643,val,CNYIDR_RET,0.1323590890349877,0.313051383004252
2024-01-15,-0.3080061864419051,-0.1153923548875465,val,CNYIDR_RET,-0.0467301170842125,-0.162122471971759
2024-01-16,0.3263981769523778,0.0707189747886235,val,CNYIDR_RET,-0.1547926056714761,-0.08407363088285259
2024-01-17,0.2324983965934945,-0.031059267745494,val,CNYIDR_RET,-0.4213613721329642,-0.4524206398784582
2024-01-18,0.0217054105685731,-0.0617256982439658,val,CNYIDR_RET,-0.4167008808713086,-0.47842657911527436
2024-01-19,-0.0768151070638036,0.0361569997438369,val,CNYIDR_RET,-0.43836487853555356,-0.40220787879171666
2024-01-22,0.0335647923327928,0.0500188410121794,val,CNYIDR_RET,-0.2619794435000573,-0.2119606024878779
2024-01-23,-0.8485046220753505,0.058143754364165,val,CNYIDR_RET,-0.3704141456860574,-0.3122703913218924
2024-01-24,1.9925119970632947,0.1143166859786817,val,CNYIDR_RET,0.08237596189578024,0.19669264787446195
2024-01-25,-0.0653272179529652,-0.2571911093224458,val,CNYIDR_RET,-0.5187761148836819,-0.7759672242061277
2024-01-26,0.6059349408542543,0.0281386004746122,val,CNYIDR_RET,-0.44741969614357086,-0.41928109566895866
2024-01-29,-0.3335355471980505,-0.0902817025066952,val,CNYIDR_RET,-0.12033071800864167,-0.21061242051533688
2024-01-30,0.4119723158541315,0.0874713649986118,val,CNYIDR_RET,-0.08474097549302442,0.0027303895055873773
2024-01-31,-0.4074578101216363,-0.0487408537988345,val,CNYIDR_RET,-0.3715748860906717,-0.4203157398895062
2024-02-01,-0.1944039006257217,0.1014456684148104,val,CNYIDR_RET,0.06069177125111267,0.16213743966592306
2024-02-02,-0.1010992782345599,0.040373348616144,val,CNYIDR_RET,-0.014705755461469584,0.025667593154674415
2024-02-05,-0.3317765911009776,0.0753006384669245,val,CNYIDR_RET,-0.22469546189249817,-0.14939482342557367
2024-02-06,-0.0422195188938842,0.0761703761676672,val,CNYIDR_RET,0.10969597049977538,0.18586634666744256
2024-02-07,0.2549866443149776,0.0141143430920147,val,CNYIDR_RET,-0.25502467056582057,-0.24091032747380586
2024-02-08,-0.562203490006139,-0.0093350611080781,val,CNYIDR_RET,-0.4293038590871598,-0.43863892019523787
2024-02-09,0.0019130655525853,0.1500356039692537,val,CNYIDR_RET,0.1960785094082027,0.3461141133774564
2024-02-12,-1.4066021733971346,0.0272483035501022,val,CNYIDR_RET,-0.21577820837531392,-0.1885299048252117
2024-02-13,-0.3023800652055898,0.2629687436362004,val,CNYIDR_RET,-0.05200089688122481,0.21096784675497557
2024-02-14,0.5736278529094665,0.0892990366463993,val,CNYIDR_RET,0.19891232984178084,0.28821136648818013
2024-02-15,-0.5163331326706863,-0.097464793979662,val,CNYIDR_RET,-0.20972498087272567,-0.3071897748523877
2024-02-16,0.9289405707819524,0.1644196195039091,val,CNYIDR_RET,0.12023713688320654,0.28465675638711563
2024-02-19,0.3570313045093772,-0.1424967465735888,val,CNYIDR_RET,-0.04585245589829798,-0.18834920247188677
2024-02-20,-1.0635489325705672,0.0001566027792037776,val,CNYIDR_RET,-0.19394605646195917,-0.19378945368275538
2024-02-21,0.2768088517078538,0.1747508501326022,val,CNYIDR_RET,-0.0003226477315542033,0.17442820240104798
2024-02-22,-0.099133902763068,-0.007400025352079,val,CNYIDR_RET,-0.4448844192819579,-0.4522844446340369
2024-02-23,-0.4181360426105709,0.0612513603627547,val,CNYIDR_RET,-0.28852240212881686,-0.22727104176606217
2024-02-26,-0.0274838317746859,0.1251239181380156,val,CNYIDR_RET,0.16475342364909876,0.28987734178711433
2024-02-27,0.3092269554944948,0.0250052603590311,val,CNYIDR_RET,-0.20972581233351414,-0.18472055197448303
2024-02-28,0.0773915871618851,-0.0398621434701824,val,CNYIDR_RET,-0.40312036347657165,-0.44298250694675406
2024-02-29,0.3969433935469003,0.0153110357698156,val,CNYIDR_RET,-0.4486813867708847,-0.43337035100106913
2024-03-01,0.0701617977628326,-0.0617454285046109,val,CNYIDR_RET,-0.3178830326351633,-0.3796284611397742
2024-03-04,-0.1966599167698647,0.0057534163737154,val,CNYIDR_RET,-0.4510383541606611,-0.4452849377869457
2024-03-05,0.4280273094388206,0.0800412706382022,val,CNYIDR_RET,-0.1411941109203004,-0.061152840282098206
2024-03-06,-0.0517186158256174,-0.0419420158332788,val,CNYIDR_RET,-0.35056355359117203,-0.3925055694244508
2024-03-07,-0.5301267450535787,0.0326933442901125,val,CNYIDR_RET,-0.376552998585405,-0.34385965429529247
2024-03-08,-0.2503826123274708,0.1507054803149121,val,CNYIDR_RET,0.1983952641536064,0.34910074446851846
2024-03-11,-0.4449351355807273,0.0879450970264726,val,CNYIDR_RET,0.10412110750147228,0.19206620452794487
2024-03-12,-0.098370522072166,0.1039485300438111,val,CNYIDR_RET,0.19005137371968495,0.29399990376349605
2024-03-13,0.2192570464931572,0.0588197048810963,val,CNYIDR_RET,-0.141325008088829,-0.0825053032077327
2024-03-14,0.1019958005549255,-0.0038311767641199,val,CNYIDR_RET,-0.4519534811500943,-0.45578465791421424
2024-03-15,0.2810366128516708,0.0090511073624441,val,CNYIDR_RET,-0.4459542649534706,-0.43690315759102655
2024-03-18,0.0205586986524328,-0.0488087115938643,val,CNYIDR_RET,-0.41139396582949317,-0.46020267742335746
2024-03-19,0.6303184945480959,0.0256458960203551,val,CNYIDR_RET,-0.43209934329475974,-0.40645344727440463
2024-03-20,-0.1700436194704883,-0.1006972179036949,val,CNYIDR_RET,-0.09943231095071084,-0.20012952885440574
2024-03-21,-0.1918626811533692,0.0910251229916911,val,CNYIDR_RET,-0.3150618543457611,-0.22403673135407
2024-03-22,0.224066005434409,0.0901850206306143,val,CNYIDR_RET,-0.03151881027800298,0.05866621035261132
2024-03-25,0.0872893116328826,-0.0249172658091513,val,CNYIDR_RET,-0.45125779118263204,-0.47617505699178336
2024-03-26,0.1551512092876023,-0.0740128041344742,val,CNYIDR_RET,-0.44757273436984973,-0.521585538504324
2024-03-27,0.1494392693124968,0.0465221226249387,val,CNYIDR_RET,-0.43480035878545187,-0.38827823616051316
2024-03-28,0.1969381117454685,0.001873774969569,val,CNYIDR_RET,-0.44513571038489747,-0.4432619354153285
2024-03-29,-0.0096869971605282,-0.0535059731625117,val,CNYIDR_RET,-0.4466391061605856,-0.5001450793230973
2024-04-01,-0.0969912696988667,0.0254902943630443,val,CNYIDR_RET,-0.41783369984516716,-0.3923434054821229
2024-04-02,0.4851126906863242,0.0705133998364555,val,CNYIDR_RET,-0.2497277622201888,-0.17921436238373328
2024-04-03,0.0203431015892194,-0.1110667673129699,val,CNYIDR_RET,-0.2838131790746355,-0.3948799463876054
2024-04-04,-0.146803400212012,0.0321497017843981,val,CNYIDR_RET,-0.4509793883870024,-0.41882968660260433
2024-04-05,-0.1909534136168324,0.0891473878394856,val,CNYIDR_RET,-0.1736930227788777,-0.08454563493939209
2024-04-08,-0.113299923661322,0.054510833441444,val,CNYIDR_RET,-0.03517833008380002,0.019332503357643978
2024-04-09,0.2562221319907435,0.0601883360047974,val,CNYIDR_RET,-0.18901827208855826,-0.12882993608376087
2024-04-10,-0.1754140211818398,-0.0023742582887211,val,CNYIDR_RET,-0.44639122246942087,-0.448765480758142
2024-04-11,0.6530873618316617,0.0839870199867573,val,CNYIDR_RET,-0.18183911532552569,-0.09785209533876839
2024-04-12,-0.0058334765122073,-0.145968136388892,val,CNYIDR_RET,-0.1276567579074417,-0.2736248942963337
2024-04-15,0.6517593151725976,0.0432925343935746,val,CNYIDR_RET,-0.4517994505112401,-0.4085069161176655
2024-04-16,-0.2430466580580516,-0.1559085295666714,val,CNYIDR_RET,-0.09671045980302134,-0.25261898936969274
2024-04-17,1.4758603457589927,0.073306613682623,val,CNYIDR_RET,-0.29409955976847896,-0.22079294608585595
2024-04-18,-0.4232428117745002,-0.25880472165322,val,CNYIDR_RET,-0.6396549026373993,-0.8984596242906193
2024-04-19,-0.1504951869763545,0.1391418342447466,val,CNYIDR_RET,-0.19363484515944165,-0.05449301091469505
2024-04-22,-0.0971226268672849,0.0511074135832209,val,CNYIDR_RET,-0.022720280208593915,0.028387133374626984
2024-04-23,0.1771784646912374,0.0517445541970064,val,CNYIDR_RET,-0.21563348716122455,-0.16388893296421814
2024-04-24,-0.6809813623943424,-0.0088126293841007,val,CNYIDR_RET,-0.4501553203009034,-0.4589679496850041
2024-04-25,0.4973384245550224,0.1723939152458098,val,CNYIDR_RET,0.1961155763806642,0.368509491626474
2024-04-26,-0.0336963639671875,-0.0599818822993672,val,CNYIDR_RET,-0.3711942544851233,-0.43117613678449046
2024-04-29,-0.0766833172095033,0.068131303900903,val,CNYIDR_RET,-0.40596287012461146,-0.33783156622370847
2024-04-30,0.3603178783629258,0.0948556770066552,val,CNYIDR_RET,-0.22022275882455664,-0.12536708181790143
2024-05-01,0.1246187640797452,-0.0779741085964363,val,CNYIDR_RET,-0.41553030175002803,-0.4935044103464643
2024-05-02,-0.4978349421676683,-0.0028673531870361,val,CNYIDR_RET,-0.4445753333876258,-0.4474426865746619
2024-05-03,-0.5578354333213091,0.1158343180571329,val,CNYIDR_RET,0.173504089999443,0.2893384080565759
2024-05-06,-0.0939241771886998,0.1188026035807476,val,CNYIDR_RET,0.19576484701065025,0.31456745059139785
2024-05-07,0.1226429534799633,0.0899474470617783,val,CNYIDR_RET,-0.12687694683554848,-0.03692949977377018
2024-05-08,0.0987601765828598,0.0397209390929915,val,CNYIDR_RET,-0.41049401070487695,-0.37077307161188544
2024-05-09,-0.0685619367480601,-0.00788706941896,val,CNYIDR_RET,-0.42677454826331024,-0.43466161768227024
2024-05-10,-0.203480957332437,0.0482200820099168,val,CNYIDR_RET,-0.32488853996838246,-0.2766684579584657
2024-05-13,-0.0484148037860704,0.105159303613236,val,CNYIDR_RET,-0.07321469278555119,0.03194461082768481
2024-05-14,0.4262745670257385,0.0248184466983553,val,CNYIDR_RET,-0.20841807996092387,-0.18359963326256856
2024-05-15,-0.1179282016072307,-0.0324826930356612,val,CNYIDR_RET,-0.29757393619357814,-0.33005662922923934
2024-05-16,-0.9723528628936864,0.0644674078198729,val,CNYIDR_RET,-0.29613751237888525,-0.23167010455901235
2024-05-17,0.1152093240846839,0.242550159608154,val,CNYIDR_RET,0.011699825430866074,0.2542499850390201
2024-05-20,0.0916435225292751,0.0192125295698127,val,CNYIDR_RET,-0.24339011652724418,-0.22417758695743148
2024-05-21,0.3318805395725652,0.0247077571067748,val,CNYIDR_RET,-0.43356158025808794,-0.40885382315131313
2024-05-22,-0.2438681127054385,-0.0476343237455033,val,CNYIDR_RET,-0.3859051188619993,-0.4335394426075026
2024-05-23,0.1855053440324808,0.0703878133772893,val,CNYIDR_RET,-0.14977150565806563,-0.07938369228077632
2024-05-24,0.3213723289168266,-0.0209793515454712,val,CNYIDR_RET,-0.44823069391388765,-0.46921004545935885
2024-05-27,-0.3547758365934672,-0.0438778959913442,val,CNYIDR_RET,-0.3557565555689106,-0.3996344515602548
2024-05-28,0.2055499182095959,0.1131929687328582,val,CNYIDR_RET,0.004339379274818376,0.11753234800767658
2024-05-29,0.2375003559272877,-0.0016505478973619,val,CNYIDR_RET,-0.4417438707537524,-0.4433944186511143
2024-05-30,0.6508957570857756,-0.0060554472306976,val,CNYIDR_RET,-0.43015612645518453,-0.43621157368588215
2024-05-31,0.1943118594686466,-0.1230136302944539,val,CNYIDR_RET,-0.06753487423354107,-0.190548504527995
2024-06-03,-0.0112427632431946,0.0046849086065245,val,CNYIDR_RET,-0.377638788653189,-0.3729538800466645
2024-06-04,-0.2603719383633363,0.0253836534206019,val,CNYIDR_RET,-0.3709055397011463,-0.3455218862805444
2024-06-05,0.4495219860579692,0.0950077206824574,val,CNYIDR_RET,-0.027769011333597084,0.06723870934886031
2024-06-06,0.1744558856016817,-0.0958751402091489,val,CNYIDR_RET,-0.3444368234247467,-0.4403119636338956
2024-06-07,-0.4144099754521481,0.0012719068138817,val,CNYIDR_RET,-0.41246147631410307,-0.4111895695002214
2024-06-10,0.1368272910734771,0.1325102073158521,val,CNYIDR_RET,0.11744599987242003,0.24995620718827216
2024-06-11,0.2578112041207474,-0.0297054893503247,val,CNYIDR_RET,-0.3888166402761994,-0.4185221296265241
2024-06-12,-0.0390849993509184,-0.0218128127182351,val,CNYIDR_RET,-0.4007813907700171,-0.4225942034882522
2024-06-13,-0.3447565292254809,0.0371691827719068,val,CNYIDR_RET,-0.36964786672106353,-0.33247868394915675
2024-06-14,0.1581104673165463,0.1388065027299416,val,CNYIDR_RET,0.08532084029226429,0.22412734302220588
2024-06-17,1.1463329495382435,-0.0305108603976769,val,CNYIDR_RET,-0.4007818457939872,-0.4312927061916641
2024-06-18,-0.0151126591696874,-0.2076182626427423,val,CNYIDR_RET,-0.42817929826306145,-0.6357975609058037
2024-06-19,-0.5769707341398753,0.0588713522322497,val,CNYIDR_RET,-0.44726783483839383,-0.3883964826061441
2024-06-20,-0.0380241026920184,0.1455156666165119,val,CNYIDR_RET,0.20216307002836748,0.34767873664487936
2024-06-21,0.6367533671368749,0.0417681397901847,val,CNYIDR_RET,-0.1673578754258555,-0.1255897356356708
2024-06-24,-0.2983314659446654,-0.101201872534948,val,CNYIDR_RET,-0.10664583011023512,-0.20784770264518312
2024-06-25,-0.2771690994830073,0.1047490908998897,val,CNYIDR_RET,-0.14852847607430766,-0.04377938517441797
2024-06-26,-0.0088890377485442,0.1001247737837504,val,CNYIDR_RET,0.08531318037321915,0.18543795415696956
2024-06-27,0.1720893578057848,0.0110224982970414,val,CNYIDR_RET,-0.267016140544258,-0.2559936422472166
2024-06-28,-0.4142432267487337,-0.0156253801281145,val,CNYIDR_RET,-0.451919226975038,-0.4675446071031525
2024-07-01,-0.1726828243425856,0.1159499706824882,val,CNYIDR_RET,0.10177924066140145,0.21772921134388967
2024-07-02,0.2720330186740692,0.0990188613970266,val,CNYIDR_RET,-0.024023536374141816,0.07499532502288479
2024-07-03,-0.0282963404265959,-0.0346710299219406,val,CNYIDR_RET,-0.4508277595413294,-0.48549878946327
2024-07-04,-0.3006239609470917,0.0487364810965989,val,CNYIDR_RET,-0.39052620373194935,-0.34178972263535046
2024-07-05,-0.0318751001234231,0.1168217975394644,val,CNYIDR_RET,0.050226034448926,0.1670478319883904
2024-07-08,-0.5402082525897417,0.0450476711320125,val,CNYIDR_RET,-0.2150047951918687,-0.1699571240598562
2024-07-09,0.2076517962666483,0.1395629822627088,val,CNYIDR_RET,0.20198406798469923,0.34154705024740806
2024-07-10,-0.0645095344811213,-0.0121449875051553,val,CNYIDR_RET,-0.4314731398832991,-0.4436181273884544
2024-07-11,-0.5250269184028903,0.0417926875123073,val,CNYIDR_RET,-0.33404730077272876,-0.29225461326042146
2024-07-12,-0.3108319096476892,0.155418729808944,val,CNYIDR_RET,0.19919980237465912,0.3546185321836031
2024-07-15,0.0992925773980987,0.068913430087445,val,CNYIDR_RET,0.15649870662658374,0.22541213671402874
2024-07-16,0.4076910596113012,0.0094288379990136,val,CNYIDR_RET,-0.40888177772929296,-0.39945293973027934
2024-07-17,-0.1593524921766399,-0.0668113915622671,val,CNYIDR_RET,-0.30088642291948303,-0.36769781448175015
2024-07-18,-0.2001129026546043,0.0601325391873322,val,CNYIDR_RET,-0.2875363178180626,-0.2274037786307304
2024-07-19,0.2976988703227555,0.03656076225013,val,CNYIDR_RET,-0.06164336541715353,-0.025082603167023536
2024-07-22,-0.0093756176052097,-0.0251359579903258,val,CNYIDR_RET,-0.41816349600162683,-0.44329945399195264
2024-07-23,0.0366996025430246,0.0274491529316064,val,CNYIDR_RET,-0.3980555142959155,-0.37060636136430913
2024-07-24,-0.010905859281751,-0.0125601930039511,val,CNYIDR_RET,-0.3928802710969643,-0.4054404641009154
2024-07-25,0.3280883297558413,-0.0008806231586594358,val,CNYIDR_RET,-0.3865733095982107,-0.3874539327568701
2024-07-26,0.9926913815778432,-0.0603072091278051,val,CNYIDR_RET,-0.36771081887159784,-0.4280180279994029
2024-07-29,-0.6122202558972145,-0.1409302453526011,val,CNYIDR_RET,-0.2716666984682843,-0.4125969438208854
2024-07-30,0.0017452776170522,0.1468479021485231,val,CNYIDR_RET,0.159759554070766,0.3066074562192891
2024-07-31,0.2690240821552667,0.0133366742905073,val,CNYIDR_RET,-0.21983647079905633,-0.20649979650854902
2024-08-01,0.0119483309406084,-0.0417692731296337,val,CNYIDR_RET,-0.42135667230082413,-0.4631259454304578
2024-08-02,-0.1942635847387267,0.021506447014325,val,CNYIDR_RET,-0.4237952858738765,-0.40228883885955147
2024-08-05,-0.477126152700391,0.0224865033753908,val,CNYIDR_RET,-0.12265534564988533,-0.10016884227449452
2024-08-06,1.734949280743342,0.1790936343586893,val,CNYIDR_RET,0.17589345597058575,0.35498709032927506
2024-08-07,-0.8499765336781222,-0.2707549599008004,val,CNYIDR_RET,-0.6805372588194517,-0.9512922187202522
2024-08-08,-1.1385352903317685,0.1334133881488729,val,CNYIDR_RET,0.2012386088600271,0.3346519970089
2024-08-09,-0.1830172578962616,0.2669459322086416,val,CNYIDR_RET,-0.05326246074382456,0.21368347146481703
2024-08-12,-0.2792732554297418,0.1223617314867421,val,CNYIDR_RET,0.14516481651512173,0.2675265480018638
2024-08-13,0.087794033910106,0.087151546722337,val,CNYIDR_RET,0.10463624221778861,0.1917877889401256
2024-08-14,-0.9680055781625424,0.0081774982676592,val,CNYIDR_RET,-0.38571173563609323,-0.37753423736843406
2024-08-15,-0.6073393649089683,0.2967825974068713,val,CNYIDR_RET,0.0425310606749028,0.3393136580817741
2024-08-16,0.3592467318459937,0.1733372248207673,val,CNYIDR_RET,0.08387264934897125,0.25720987416973856
2024-08-19,-0.3269211208124316,-0.0604230397211698,val,CNYIDR_RET,-0.448716969194528,-0.5091400089156979
2024-08-20,-0.6968850644243801,0.121585376428252,test,CNYIDR_RET,-0.05324026380664213,0.06834511262160986
2024-08-21,-0.4040609352549992,0.2187544377193289,test,CNYIDR_RET,0.134018546361803,0.3527729840811319
2024-08-22,0.2744177070043048,0.1038401917221204,test,CNYIDR_RET,0.2031197877010113,0.3069599794231317
2024-08-23,1.3901952288224764,-0.0377554841361812,test,CNYIDR_RET,-0.4511182177466012,-0.4888737018827824
2024-08-26,-1.9728973535737704,-0.2643493411818352,test,CNYIDR_RET,-0.6526002248130329,-0.9169495659948681
2024-08-27,0.6366790462046088,0.4467623677039063,test,CNYIDR_RET,0.025044865448278414,0.47180723315218476
2024-08-28,-0.0411154690956081,-0.0990183683246283,test,CNYIDR_RET,-0.4478661802639888,-0.5468845485886171
2024-08-29,-0.1922097304306712,0.0392836399383428,test,CNYIDR_RET,-0.42615175165359415,-0.3868681117152514
2024-08-30,0.4361516795152082,0.0604125228965265,test,CNYIDR_RET,-0.10090331160730744,-0.040490788710780934
2024-09-02,0.5658533838739294,-0.012384530372773,test,CNYIDR_RET,-0.32378918413747587,-0.33617371451024886
2024-09-03,-0.3764274650608044,-0.0659427432311164,test,CNYIDR_RET,-0.11996567898367774,-0.18590842221479414
2024-09-04,0.0290638918804089,0.0922894689795537,test,CNYIDR_RET,0.0038238201980007828,0.09611328917755449
2024-09-05,-0.4519396637253095,-0.0257404694687472,test,CNYIDR_RET,-0.3220260207370437,-0.34776649020579087
2024-09-06,0.1125027876280453,0.0982986189480864,test,CNYIDR_RET,0.12649421783572712,0.2247928367838135
2024-09-09,-0.0299110217220285,0.0552221863551704,test,CNYIDR_RET,-0.39683793200077344,-0.34161574564560304
2024-09-10,-0.0262394519390209,-0.0233572545908683,test,CNYIDR_RET,-0.2965125642586822,-0.3198698188495505
2024-09-11,0.1069403473107346,0.0116908592805868,test,CNYIDR_RET,-0.3826716669617095,-0.37098080768112274
2024-09-12,-0.3208371514265547,-0.0103679654751451,test,CNYIDR_RET,-0.442738440451779,-0.45310640592692414
2024-09-13,-0.0750659091878213,0.10047094123731,test,CNYIDR_RET,0.003804428106905939,0.10427536934421594
2024-09-16,0.1695791152218521,0.047589108734242,test,CNYIDR_RET,-0.1784024320471419,-0.1308133233128999
2024-09-17,-0.0491682386278589,0.0216356427225296,test,CNYIDR_RET,-0.44958349654878427,-0.42794785382625466
2024-09-18,-0.2603320702305726,0.0556068014547129,test,CNYIDR_RET,-0.3133841915478659,-0.257777390093153
2024-09-19,-0.1300977474817645,0.1159824509631605,test,CNYIDR_RET,0.010593170081585074,0.12657562104474557
2024-09-20,-0.4749347662205162,0.0826697131998979,test,CNYIDR_RET,-0.08087572886757063,0.0017939843323272614
2024-09-23,-0.0592187905056696,0.1714238669740138,test,CNYIDR_RET,0.19723729878344726,0.36866116575746105
2024-09-24,0.1268739711443187,0.1086756243899397,test,CNYIDR_RET,-0.10207668452223286,0.006598939867706849
2024-09-25,-0.0502059434859422,-0.0133478926093927,test,CNYIDR_RET,-0.39993815387319837,-0.41328604648259104
2024-09-26,0.5004348232205875,0.1151559089108589,test,CNYIDR_RET,-0.35041648096377087,-0.23526057205291195
2024-09-27,-0.5369286099782249,-0.0867883499485143,test,CNYIDR_RET,-0.3141956800027023,-0.4009840299512166
2024-09-30,0.2994567831741456,0.2205536511265058,test,CNYIDR_RET,0.1452945056924302,0.365848156818936
2024-10-01,0.2446732206617672,-0.070735107395281,test,CNYIDR_RET,-0.43647271528808435,-0.5072078226833654
2024-10-02,0.4078443104308368,-0.0357702244342418,test,CNYIDR_RET,-0.37922845272677486,-0.4149986771610167
2024-10-03,0.3108046252624801,-0.0901619338102607,test,CNYIDR_RET,-0.2529638381089447,-0.3431257719192054
2024-10-04,0.759081579916007,0.0154316234284051,test,CNYIDR_RET,-0.2980825600328886,-0.2826509366044835
2024-10-07,1.6334293253726109,-0.155004974331603,test,CNYIDR_RET,-0.04506216532722747,-0.2000671396588305
2024-10-08,0.5760410058843711,-0.2904521141769704,test,CNYIDR_RET,-0.5918423969351977,-0.8822945111121681
2024-10-09,-0.9418581480998468,-0.0990834380815965,test,CNYIDR_RET,-0.08436733879538112,-0.18345077687697764
2024-10-10,-0.4290402976878854,0.1808752643151794,test,CNYIDR_RET,0.12014097514578108,0.30101623946096046
2024-10-11,0.0402149723790366,0.0987237452159259,test,CNYIDR_RET,0.20339575572330232,0.30211950093922824
2024-10-14,-0.4866732084191231,0.0202109077084164,test,CNYIDR_RET,-0.32730070426609686,-0.3070897965576805
2024-10-15,-0.2402459699738435,0.1435302738392717,test,CNYIDR_RET,0.17943077472535615,0.3229610485646278
2024-10-16,-0.3948851641695392,0.0636776808042446,test,CNYIDR_RET,0.08719884512314202,0.15087652592738662
2024-10-17,0.025592992308334,0.0508268766602362,test,CNYIDR_RET,0.15129955909014772,0.20212643575038391
2024-10-18,-0.6496056759258388,0.0031888202086575,test,CNYIDR_RET,-0.3620330866396864,-0.3588442664310289
2024-10-21,0.1441959367927709,0.161539880276031,test,CNYIDR_RET,0.19993946417619157,0.3614793444522226
2024-10-22,0.3318361883017539,0.0419082473477883,test,CNYIDR_RET,-0.36958051262198277,-0.32767226527419446
2024-10-23,0.1407016209101657,-0.0808821148056638,test,CNYIDR_RET,-0.3990407459492439,-0.4799228607549077
2024-10-24,0.4422781181632957,0.0194412295406751,test,CNYIDR_RET,-0.43797718998741136,-0.41853596044673624
2024-10-25,-0.1726380120083422,-0.0759588787715449,test,CNYIDR_RET,-0.27510301795391373,-0.3510618967254586
2024-10-28,0.4057622814983307,0.0787403058178274,test,CNYIDR_RET,-0.2824517820825711,-0.2037114762647437
2024-10-29,0.2708656101704562,-0.0591976030074885,test,CNYIDR_RET,-0.3694027544707426,-0.4286003574782311
2024-10-30,0.0968020951449382,-0.0154023962437805,test,CNYIDR_RET,-0.3667544641678638,-0.38215686041164426
2024-10-31,-0.2460413186004864,0.0011992214956638,test,CNYIDR_RET,-0.44757224475101587,-0.44637302325535205
2024-11-01,0.0594404576445483,0.1018157987200759,test,CNYIDR_RET,-0.07929131196556435,0.022524486754511547
2024-11-04,0.7726873300591663,-0.00035388519527771486,test,CNYIDR_RET,-0.34470334105840195,-0.3450572262536797
2024-11-05,0.0073775923003188,-0.1366742690623512,test,CNYIDR_RET,-0.046882368885182234,-0.18355663794753344
2024-11-06,-0.8567657876895177,0.066818455712246,test,CNYIDR_RET,-0.45201990770731776,-0.3852014519950718
2024-11-07,-0.0730659014467277,0.227564455215696,test,CNYIDR_RET,0.07239713862531076,0.29996159384100674
2024-11-08,-1.1599528639589831,-0.1093577261740027,test,CNYIDR_RET,-0.008596797761531699,-0.1179545239355344
2024-11-11,0.0549239642562944,0.3659676672547622,test,CNYIDR_RET,0.005401199118479871,0.37136886637324207
2024-11-12,0.29273966023889,-0.0812371179981682,test,CNYIDR_RET,0.004521137930082739,-0.07671598006808546
2024-11-13,-0.1323872387629438,-0.0844810360180023,test,CNYIDR_RET,-0.3255420131496115,-0.4100230491676138
2024-11-14,0.4806371064085364,0.0198372561768369,test,CNYIDR_RET,-0.3388520144428549,-0.319014758266018
2024-11-15,0.4629610202861528,-0.0733089366323693,test,CNYIDR_RET,-0.23461535100332,-0.3079242876356893
2024-11-18,-0.2888436699101964,-0.060597744519083,test,CNYIDR_RET,-0.15744615351938301,-0.21804389803846602
2024-11-19,-0.598420178672441,0.0627164531835921,test,CNYIDR_RET,-0.10538503722912036,-0.04266858404552826
2024-11-20,0.0322616613012363,0.1773121912451259,test,CNYIDR_RET,0.19845560329344297,0.3757677945385689
2024-11-21,0.5229990608045095,0.0387412333461353,test,CNYIDR_RET,-0.21990635300747852,-0.18116511966134322
2024-11-22,-0.4634471646541818,-0.1148165492718684,test,CNYIDR_RET,-0.2097993498894361,-0.3246158991613045
2024-11-25,0.6605868443518881,0.0621875307454579,test,CNYIDR_RET,0.04939738790439986,0.11158491864985776
2024-11-26,-0.2091806999614316,-0.077737886722626,test,CNYIDR_RET,-0.10406101275720347,-0.18179889947982947
2024-11-27,0.0084410221260591,0.0241717933024133,test,CNYIDR_RET,-0.23800248128358853,-0.21383068798117522
2024-11-28,-0.3383183413726024,0.0069737225700169,test,CNYIDR_RET,-0.3710890282508101,-0.3641153056807932
2024-11-29,0.1369171550846361,0.0962933143848972,test,CNYIDR_RET,0.045584621513781384,0.1418779358986786
2024-12-02,-0.2786993226499084,-0.002831924134772,test,CNYIDR_RET,-0.41579416176104944,-0.41862608589582145
2024-12-03,0.0941947383319573,0.0498574182989019,test,CNYIDR_RET,-0.040764897284219205,0.009092521014682692
2024-12-04,0.0111158824450993,-0.0552641910722597,test,CNYIDR_RET,-0.4181593049528061,-0.47342349602506584
2024-12-05,0.0762172544362854,0.0210779062159576,test,CNYIDR_RET,-0.4306216616624229,-0.40954375544646526
2024-12-06,-0.3685020137536768,0.068484875606266,test,CNYIDR_RET,-0.4246067979130327,-0.3561219223067667
2024-12-09,-0.2274595807961854,0.1397370258099699,test,CNYIDR_RET,0.1352788045527848,0.2750158303627547
2024-12-10,0.3759922862183622,0.037035019736875,test,CNYIDR_RET,0.06991620522359485,0.10695122496046985
2024-12-11,0.4258533727303422,0.012642709234626,test,CNYIDR_RET,-0.35884059856192074,-0.3461978893272947
2024-12-12,0.1742271873989173,-0.0417498995278753,test,CNYIDR_RET,-0.28527573687222246,-0.32702563640009774
2024-12-13,-0.0619190456541368,-0.0173670870464244,test,CNYIDR_RET,-0.4401295933256558,-0.45749668037208024
2024-12-16,0.2619274184718502,0.0169026320758346,test,CNYIDR_RET,-0.3424152434532773,-0.3255126113774427
2024-12-17,-0.5430557425310201,-0.0206146316408886,test,CNYIDR_RET,-0.42718630376427275,-0.44780093540516136
2024-12-18,-0.2108700138008902,0.1409292022767094,test,CNYIDR_RET,0.18616634935938442,0.32709555163609383
2024-12-19,1.3553576530816018,0.0519705135293927,test,CNYIDR_RET,0.0529822647919226,0.1049527783213153
2024-12-20,-1.1581395501368477,-0.321518970005421,test,CNYIDR_RET,-0.566121873608079,-0.8876408436134999
2024-12-23,1.1076446738815395,0.3453441260679756,test,CNYIDR_RET,0.12370063481465524,0.4690447608826308
2024-12-24,0.3382061672606804,-0.168586474742908,test,CNYIDR_RET,-0.04565139189744486,-0.21423786664035285
2024-12-25,-1.500605988986598,-0.0345479699080884,test,CNYIDR_RET,-0.18652288614939494,-0.22107085605748333
2024-12-26,-5.845221009042674,0.3010708920967946,test,CNYIDR_RET,-0.0483194383174567,0.2527514537793379
2024-12-27,7.165211863435286,1.1862053441328018,test,CNYIDR_RET,1.8676897456383499,3.0538950897711516
2024-12-30,-0.0748248514857652,-1.361040328037028,test,CNYIDR_RET,0.46416841772035294,-0.8968719103166751
2024-12-31,-0.5768954971436228,0.0562090729831335,test,CNYIDR_RET,-0.5499278853266698,-0.4937188123435363
2025-01-01,0.0,0.1091540990817154,test,CNYIDR_RET,0.20241945557519977,0.31157355465691516
2025-01-02,0.8967750654069752,0.0292133158107351,test,CNYIDR_RET,-0.2668382965764325,-0.23762498076569738
2025-01-03,-0.1881607479173009,-0.1816355911796391,test,CNYIDR_RET,-0.08506036324678376,-0.26669595442642285
2025-01-06,-0.4250506031477534,0.019700231415782,test,CNYIDR_RET,-0.37946675052703965,-0.3597665191112577
2025-01-07,-0.035025383948829,0.0900865662179213,test,CNYIDR_RET,0.14128407917382,0.2313706453917413
2025-01-08,-0.1883289011210625,0.1025050818783298,test,CNYIDR_RET,-0.246303283164324,-0.14379820128599421
2025-01-09,0.1152859931245155,0.0700063480571681,test,CNYIDR_RET,-0.021169665728036694,0.04883668232913141
2025-01-10,0.2965279334921563,-0.0277009507888735,test,CNYIDR_RET,-0.4187474607671653,-0.4464484115560388
2025-01-13,0.1961964611689467,-0.0322026429152164,test,CNYIDR_RET,-0.37180802719431144,-0.40401067010952785
2025-01-14,0.1929753773296736,-0.0406564948577413,test,CNYIDR_RET,-0.4351346919829807,-0.475791186840722
2025-01-15,0.1370681949117841,0.0102096938725454,test,CNYIDR_RET,-0.43278643103742775,-0.42257673716488237
2025-01-16,0.2606019442599591,0.0292835467403111,test,CNYIDR_RET,-0.4503711389336002,-0.4210875921932891
2025-01-17,0.0366108682544546,-0.0666612287543685,test,CNYIDR_RET,-0.4338422366475316,-0.5005034654019
2025-01-20,0.0851427837377997,-0.0080570474964181,test,CNYIDR_RET,-0.44523825165817216,-0.45329529915459027
2025-01-21,-0.6026045142295964,0.0403153328391521,test,CNYIDR_RET,-0.44203877744457015,-0.40172344460541803
2025-01-22,1.1040976141806051,0.232563352870683,test,CNYIDR_RET,0.2013664466998486,0.43392979957053157
2025-01-23,-0.6019008773060666,-0.137290096654397,test,CNYIDR_RET,-0.08768548172876671,-0.22497557838316373
2025-01-24,-0.2177807634320122,0.1636272724060333,test,CNYIDR_RET,0.1554124042873372,0.3190396766933705
2025-01-27,0.1858232184194382,0.0440620144800681,test,CNYIDR_RET,0.08479314337590123,0.12885515785596932
2025-01-28,-0.1624235501059378,0.0800612218172441,test,CNYIDR_RET,-0.45190209507668677,-0.3718408732594427
2025-01-29,-1.706169347625825,0.0276089309435413,test,CNYIDR_RET,-0.08579414022409493,-0.058185209280553624
2025-01-30,3.348097319036699,0.365362386832443,test,CNYIDR_RET,0.03921293572925334,0.4045753225616963
2025-01-31,0.0586749951953027,-0.5545747513265199,test,CNYIDR_RET,0.5175710823455316,-0.03700366898098828
2025-02-03,0.3414037989637556,-0.0510190741343478,test,CNYIDR_RET,-0.09336466940838302,-0.1443837435427308
2025-02-04,-0.2583781420613015,-0.1528765611698058,test,CNYIDR_RET,-0.3069051626391462,-0.459781723808952
2025-02-05,0.0540906851941201,0.1504489859189397,test,CNYIDR_RET,-0.27145233338712854,-0.12100334746818883
2025-02-06,-1.2322469712401547,0.0615131218290484,test,CNYIDR_RET,-0.28284774871442636,-0.22133462688537797
2025-02-07,-0.0604937931365852,0.197857018231479,test,CNYIDR_RET,-0.0549257178129566,0.1429313004185224
2025-02-10,-0.0616410190750481,-0.0254530124690315,test,CNYIDR_RET,-0.06420080425910255,-0.08965381672813405
2025-02-11,-0.1482678304734542,-0.0009666224228963978,test,CNYIDR_RET,-0.35110172041920146,-0.35206834284209787
2025-02-12,0.0438462135382171,0.0524701444457379,test,CNYIDR_RET,-0.2168833241229467,-0.1644131796772088
2025-02-13,0.1718791567922103,0.0693319769395254,test,CNYIDR_RET,-0.3775916616432508,-0.3082596847037254
2025-02-14,-0.6832146112899539,0.0385831642726696,test,CNYIDR_RET,-0.4450280355445092,-0.4064448712718396
2025-02-17,0.2083535094077387,0.2216348368139947,test,CNYIDR_RET,0.18076311311344065,0.4023979499274354
2025-02-18,0.2901863549625619,0.0215514045241123,test,CNYIDR_RET,-0.3733567163336746,-0.3518053118095623
2025-02-19,0.2439041137214282,-0.0530541445033855,test,CNYIDR_RET,-0.41354288202257566,-0.46659702652596113
2025-02-20,0.1154724463529092,-0.0323711337368199,test,CNYIDR_RET,-0.3938287072565515,-0.4261998409933714
2025-02-21,-0.2392146955937368,-0.0266162701351415,test,CNYIDR_RET,-0.4521462585972336,-0.4787625287323751
2025-02-24,0.2781513108460086,0.1275166694159842,test,CNYIDR_RET,-0.12705505010918386,0.0004616193068003316
2025-02-25,0.0410925648704889,-0.0441150093465268,test,CNYIDR_RET,-0.4521846357474344,-0.4962996450939612
2025-02-26,0.2129284769010965,0.0058977981244114,test,CNYIDR_RET,-0.43907458149844325,-0.43317678337403187
2025-02-27,0.1834036455872367,0.0006830718077802121,test,CNYIDR_RET,-0.4432105689369965,-0.4425274971292163
2025-02-28,0.756372485135707,-0.0389499327512214,test,CNYIDR_RET,-0.44932830279898306,-0.48827823555020444
2025-03-03,-0.1573610403173075,-0.1964868060799413,test,CNYIDR_RET,-0.051505631364925766,-0.24799243744486704
2025-03-04,-0.4500346620060424,0.0723964667283713,test,CNYIDR_RET,-0.41481873350041076,-0.34242226677203946
2025-03-05,-0.1759084107207267,0.0995479861333616,test,CNYIDR_RET,0.1861623908537295,0.2857103769870911
2025-03-06,-0.4746835685524795,0.1670469581599052,test,CNYIDR_RET,-0.0413090041520795,0.1257379540078257
2025-03-07,0.3264659936779097,0.169458423061895,test,CNYIDR_RET,0.20151366984732547,0.3709720929092205
2025-03-10,0.0483042133725068,-0.0756213433297913,test,CNYIDR_RET,-0.45209902168575566,-0.527720365015547
2025-03-11,-0.1538262218952821,0.0458399217861998,test,CNYIDR_RET,-0.44991359525824515,-0.40407367347204537
2025-03-12,0.6709880770543453,-0.0104327692546659,test,CNYIDR_RET,-0.14500793323489705,-0.15544070248956296
2025-03-13,-0.4802457285962646,-0.049855719409045,test,CNYIDR_RET,-0.05712078801074794,-0.10697650741979295
2025-03-14,-0.2843542385690564,0.136134058646616,test,CNYIDR_RET,0.12996716961086674,0.2661012282574827
2025-03-17,0.37875814184509,0.0432368890792243,test,CNYIDR_RET,0.12163960112072564,0.16487649019994993
2025-03-18,0.3605967452598917,-0.0083536121435374,test,CNYIDR_RET,-0.3619271275062613,-0.37028073964979874
2025-03-19,0.9535238550469592,0.0155422994904761,test,CNYIDR_RET,-0.33050525714599865,-0.31496295765552257
2025-03-20,-1.1590010178343606,-0.1620044516008239,test,CNYIDR_RET,-0.14217538950051703,-0.30417984110134094
2025-03-21,0.3550197596088562,0.2371017308131283,test,CNYIDR_RET,0.03142678739139245,0.2685285182045207
2025-03-24,0.5383275820553515,-0.0976553261635174,test,CNYIDR_RET,-0.4488159891223549,-0.5464713152858722
2025-03-25,0.2812000539406406,-0.0511270751984815,test,CNYIDR_RET,-0.07882464877884778,-0.1299517239773293
2025-03-26,0.2185537508806059,-0.0374689324939411,test,CNYIDR_RET,-0.36476361013880226,-0.4022325426327434
2025-03-27,0.0481203016804209,-0.0152368266280108,test,CNYIDR_RET,-0.4211643649714533,-0.4364011915994641
2025-03-28,-0.4985185762621259,-0.0062973805700434,test,CNYIDR_RET,-0.42907449405014214,-0.43537187462018556
2025-03-31,0.091982096414223,0.1465271203009565,test,CNYIDR_RET,0.17204386265770186,0.3185709829586584
2025-04-01,0.5475067101697708,-0.0573706620285159,test,CNYIDR_RET,-0.33166943243134983,-0.38904009445986576
2025-04-02,0.2967040781045911,-0.0701838805724424,test,CNYIDR_RET,-0.09928390140692397,-0.16946778197936638
2025-04-03,0.0756798460765105,-0.0474424345679229,test,CNYIDR_RET,-0.3325257421981284,-0.3799681767660513
2025-04-04,0.0047838108382958,-0.0588170845225462,test,CNYIDR_RET,-0.44977931716520736,-0.5085964016877536
2025-04-07,-0.2004664685917823,0.0710320463954135,test,CNYIDR_RET,-0.42920118454433415,-0.35816913814892065
2025-04-08,0.3333322942716442,-0.0668434909256055,test,CNYIDR_RET,-0.04656378703468194,-0.11340727796028743
2025-04-09,0.7380842665421676,-0.0287223137306011,test,CNYIDR_RET,-0.29890345729137036,-0.32762577102197143
2025-04-10,-1.6080408663596162,-0.1948837401459424,test,CNYIDR_RET,-0.04608851650144817,-0.24097225664739058
2025-04-11,0.6592565415993268,0.4719490007070335,test,CNYIDR_RET,-0.053788562261678136,0.41816043844535533
2025-04-14,0.0342834663632664,-0.061813201223228,test,CNYIDR_RET,-0.44843056798052805,-0.510243769203756
2025-04-15,-0.3256789474931157,0.1142575945860858,test,CNYIDR_RET,-0.44302039201284976,-0.32876279742676395
2025-04-16,0.1994434108062664,0.1017971923355566,test,CNYIDR_RET,0.13759182357020788,0.2393890159057645
2025-04-17,-0.1124752237538056,-0.0369899464160903,test,CNYIDR_RET,-0.4435251347577893,-0.48051508117387964
2025-04-18,0.0,0.085550249209995,test,CNYIDR_RET,-0.30794652817598744,-0.22239627896599246
2025-04-21,0.0,0.0292133158107351,test,CNYIDR_RET,-0.2960116583232375,-0.2667983425125024
2025-04-22,0.2973892122532979,0.0292133158107351,test,CNYIDR_RET,-0.3581217348740317,-0.3289084190632966
2025-04-23,0.0813650258249627,-0.0086216567632152,test,CNYIDR_RET,-0.413833306332172,-0.4224549630953872
2025-04-24,0.2816823806595975,-0.0205433528915277,test,CNYIDR_RET,-0.4408921563980049,-0.4614355092895326
2025-04-25,-0.4014934983318773,-0.0072473863095377,test,CNYIDR_RET,-0.38979336019936867,-0.39704074650890636
2025-04-28,0.259378541502562,0.1295004824853815,test,CNYIDR_RET,0.09757465810686561,0.22707514059224712
2025-04-29,-0.2708312347749803,-0.0176788711074201,test,CNYIDR_RET,-0.4507884944627965,-0.4684673655702166
2025-04-30,-0.1526784244515275,0.0783342948274516,test,CNYIDR_RET,-0.07124259556021625,0.007091699267235352
2025-05-01,-1.0202762802627516,0.090081436156518,test,CNYIDR_RET,-0.10156620383243842,-0.011484767675920424
2025-05-02,0.3625715238342982,0.2688487573019883,test,CNYIDR_RET,-0.01842875139263197,0.25042000590935637
2025-05-05,-0.8830880590915127,-0.012288102456591,test,CNYIDR_RET,-0.44221963794225483,-0.45450774039884584
2025-05-06,-0.2259234941553358,0.3094512412342202,test,CNYIDR_RET,0.103669803256508,0.4131210444907282
2025-05-07,0.8053132590698844,0.0987366854344889,test,CNYIDR_RET,0.19090455358762107,0.28964123902211
2025-05-08,0.2448536574698381,-0.0875697337210616,test,CNYIDR_RET,-0.049688560583491165,-0.13725829430455277
2025-05-09,0.2767178641620079,-0.0536453770438491,test,CNYIDR_RET,-0.3646785958715887,-0.41832397291543777
2025-05-12,-0.1250984005679869,-0.0029573766415011,test,CNYIDR_RET,-0.3664915700595606,-0.3694489467010617
2025-05-13,1.3553879157653836,0.0588719982334117,test,CNYIDR_RET,-0.250170021389084,-0.1912980231556723
2025-05-14,-0.5912700709799286,-0.209678275918845,test,CNYIDR_RET,-0.5597545397414235,-0.7694328156602686
2025-05-15,-0.2485173448352898,0.1598500393855471,test,CNYIDR_RET,0.08498057623348826,0.24483061561903535
2025-05-16,-0.2917111555139711,0.0575025807718707,test,CNYIDR_RET,0.11087761002048227,0.16838019079235297
2025-05-19,-0.1849989374516284,0.0919389335812925,test,CNYIDR_RET,0.05005960506196207,0.14199853864325457
2025-05-20,-0.358499548472938,0.0395611202896857,test,CNYIDR_RET,-0.03934916633706152,0.00021195395262417482
2025-05-21,-0.2964527526254427,0.118219968111194,test,CNYIDR_RET,0.10124761991940891,0.2194675880306029
2025-05-22,-0.0956214957013021,0.0651934960271937,test,CNYIDR_RET,0.11655309652593476,0.18174659255312847
2025-05-23,0.0318865682085648,0.092217173707955,test,CNYIDR_RET,-0.19858067174126398,-0.10636349803330898
2025-05-26,-0.8959826389111293,0.0046123409140931,test,CNYIDR_RET,-0.32527306624930413,-0.320660725335211
2025-05-27,0.2002804594970587,0.2357364766406372,test,CNYIDR_RET,0.0859645439299375,0.3217010205705747
2025-05-28,0.2183104871965913,-0.0057435456283188,test,CNYIDR_RET,-0.35184815932049357,-0.35759170494881237
2025-05-29,0.042990941856682,-0.008985918749122,test,CNYIDR_RET,-0.43697536793726327,-0.4459612866863853
2025-05-30,0.0429724675878273,0.0167183285207032,test,CNYIDR_RET,-0.42278630674997425,-0.40606797822927104
2025-06-02,0.1778323326233211,0.0312468352070965,test,CNYIDR_RET,-0.405940153796531,-0.3746933185894345
2025-06-03,-0.2054553704123294,-0.0355254866612616,test,CNYIDR_RET,-0.45211381938699857,-0.48763930604826017
2025-06-04,0.2691551526913724,0.0712662124006121,test,CNYIDR_RET,-0.1861118226594634,-0.11484561025885132
2025-06-05,-0.2507389463778092,-0.0164216162624954,test,CNYIDR_RET,-0.44590210754758247,-0.46232372381007786
2025-06-06,0.1219874203151363,0.0791642917964487,test,CNYIDR_RET,-0.09701198763189885,-0.01784769583545015
2025-06-09,0.1952074388280057,0.0452192651638303,test,CNYIDR_RET,-0.4172040113991146,-0.3719847462352843
2025-06-10,-0.0684271932995664,-0.0043541744030836,test,CNYIDR_RET,-0.4521798650077121,-0.45653403941079573
2025-06-11,-0.1906132811817154,0.0693663717639548,test,CNYIDR_RET,-0.3210697668135526,-0.2517033950495978
2025-06-12,-3.109421850290394,0.0710681550318134,test,CNYIDR_RET,-0.06200183411620618,0.00906632091560721
2025-06-13,2.420091500230784,0.6310115538880591,test,CNYIDR_RET,0.0162713438836563,0.6472828977717153
2025-06-16,0.8921399730943216,-0.42288827122892,test,CNYIDR_RET,-0.5913867826846161,-1.0142750539135361
2025-06-17,-2.9745202068992525,-0.1344051149416381,test,CNYIDR_RET,-0.5765562070265621,-0.7109613219682002
2025-06-18,2.8791084752061726,0.6355092071618708,test,CNYIDR_RET,0.4246890123097027,1.0601982194715736
2025-06-19,-4.305371395019146,-0.5663461375033282,test,CNYIDR_RET,-0.03875138277929621,-0.6050975202826244
2025-06-20,4.960787951465924,0.8710765961054239,test,CNYIDR_RET,1.0657263629968983,1.9368029591023221
2025-06-23,0.2498401713955711,-0.9337208523214944,test,CNYIDR_RET,0.25261034095196083,-0.6811105113695335
2025-06-24,-0.2466489816803664,-0.0376435237379098,test,CNYIDR_RET,-0.43638268923382,-0.4740262129717298
2025-06-25,-0.382582503578067,0.1401005415636239,test,CNYIDR_RET,-0.13204178387392945,0.00805875768969444
2025-06-26,-0.0710950245218341,0.1030023508153753,test,CNYIDR_RET,0.1862621478612026,0.2892644986765779
2025-06-27,-0.2892805622944861,0.0708077655968716,test,CNYIDR_RET,-0.18038416126698356,-0.10957639567011196
2025-06-30,-0.0259469485474629,0.0966552595811154,test,CNYIDR_RET,0.06220066772262609,0.15885592730374148
2025-07-01,0.1247480874276344,0.0179014093811332,test,CNYIDR_RET,-0.2495710214798109,-0.2316696120986777
2025-07-02,0.0268613066560034,0.0403575830971673,test,CNYIDR_RET,-0.4462292137205494,-0.4058716306233821
2025-07-03,-0.0142025771406931,-0.0072425381900471,test,CNYIDR_RET,-0.37315882538411543,-0.38040136357416254
2025-07-04,-0.1929782279349813,0.0338820453298372,test,CNYIDR_RET,-0.3790799311704616,-0.34519788584062444
2025-07-07,-0.1587328679698506,0.0889512910605674,test,CNYIDR_RET,-0.10729937173572328,-0.01834808067515588
2025-07-08,0.7346640883620582,0.0535283133346386,test,CNYIDR_RET,-0.07868594937212897,-0.02515763603749037
2025-07-09,-0.3470751566949286,-0.120403082914552,test,CNYIDR_RET,-0.05722433511328226,-0.17762741802783427
2025-07-10,-0.2464057338976366,0.115103551558783,test,CNYIDR_RET,-0.10755946436905496,0.007544087189728044
2025-07-11,-0.0872133000108268,0.0534426689936576,test,CNYIDR_RET,0.06375723337854665,0.11719990237220425
2025-07-14,0.1729822487496054,0.0585382472151724,test,CNYIDR_RET,-0.22578561646571207,-0.16724736925053968
2025-07-15,0.225951913093694,0.0221660457449902,test,CNYIDR_RET,-0.4480829492127742,-0.425916903467784
2025-07-16,-0.1075211607483269,-0.0161223182726547,test,CNYIDR_RET,-0.444219196825065,-0.4603415150977197
2025-07-17,0.0394170448648409,0.0537443010257757,test,CNYIDR_RET,-0.28893111061542515,-0.23518680958964944
2025-07-18,0.2934383947744155,0.0057932415920769,test,CNYIDR_RET,-0.3723917819931385,-0.3665985404010616
2025-07-21,0.023302092565361,-0.0363660599231074,test,CNYIDR_RET,-0.40068927228174167,-0.43705533220484905
2025-07-22,0.0827235351181946,0.0348773852477918,test,CNYIDR_RET,-0.42711610782105547,-0.39223872257326364
2025-07-23,-0.5002452860411263,0.024075156192261,test,CNYIDR_RET,-0.42032456206346963,-0.3962494058712086
2025-07-24,0.3344599095313557,0.1293310855115044,test,CNYIDR_RET,0.18690331302865495,0.31623439854015933
2025-07-25,0.3349704534445804,-0.016990685835565,test,CNYIDR_RET,-0.4438088266029046,-0.4607995124384696
2025-07-28,0.2816903271113373,-0.0185800867644757,test,CNYIDR_RET,-0.3468465471894197,-0.3654266339538954
2025-07-29,-0.0594353360458677,-0.0331807630496035,test,CNYIDR_RET,-0.3913040800943324,-0.42448484314393586
2025-07-30,-0.1691021483681895,-0.0103632797466438,test,CNYIDR_RET,-0.3610364661627484,-0.37139974590939223
2025-07-31,0.3592071392803567,0.053584046271605,test,CNYIDR_RET,-0.2014079524156931,-0.14782390614408808
2025-08-01,0.010442742723417,-0.0878232953640451,test,CNYIDR_RET,-0.387133209169855,-0.4749565045339001
2025-08-04,-0.1582002024969148,0.0344726009994445,test,CNYIDR_RET,-0.44372305819881386,-0.40925045719936937
2025-08-05,-0.269794599221427,0.0339020282980083,test,CNYIDR_RET,-0.1547108378275054,-0.12080880952949709
2025-08-06,0.0194827502508452,0.112354164585503,test,CNYIDR_RET,-0.0047066921735610095,0.10764747241194199
2025-08-07,-0.2533173807491798,0.03840713136136,test,CNYIDR_RET,-0.28713226496417954,-0.24872513360281953
2025-08-08,-0.1876011501146128,0.088716610123946,test,CNYIDR_RET,-0.020017996766478873,0.06869861335746712
2025-08-11,-0.3133739392077322,0.0783840097411249,test,CNYIDR_RET,-0.040169029825847476,0.038214979915277426
2025-08-12,0.2078510739800785,0.092402687573466,test,CNYIDR_RET,0.09514769488114172,0.1875503824546077
2025-08-13,-0.177952422789285,-0.0153161095218732,test,CNYIDR_RET,-0.4483022791525011,-0.46361838867437427
2025-08-14,-0.8018774305980679,0.0941924464952992,test,CNYIDR_RET,-0.196096247009674,-0.10190380051437481
2025-08-15,0.2993172565510439,0.1998201651951721,test,CNYIDR_RET,0.08865177027694372,0.2884719354721158
2025-08-18,0.1362070697059996,-0.058123956003757,test,CNYIDR_RET,-0.44410942475497217,-0.5022333807587291
2025-08-19,0.0176572536184217,0.0010445384578614,test,CNYIDR_RET,-0.44682308220245703,-0.44577854374459563
2025-08-20,0.4673798505353729,0.0252689736562274,test,CNYIDR_RET,-0.39871718728034966,-0.3734482136241223
2025-08-21,0.0150600393548914,-0.0764223130040964,test,CNYIDR_RET,-0.25457030777063555,-0.33099262077473196
2025-08-22,0.4083148595508534,0.0185959435555854,test,CNYIDR_RET,-0.4414334461877376,-0.4228375026321522
2025-08-25,-0.5192662266172923,-0.0507379859922154,test,CNYIDR_RET,-0.30967451334106005,-0.36041249933327546
2025-08-26,0.4766705396456022,0.1643794812885844,test,CNYIDR_RET,0.15798696954448296,0.32236645083306736
2025-08-27,0.1837702381914988,-0.0655010343538916,test,CNYIDR_RET,-0.3817849919888728,-0.4472860263427644
2025-08-28,0.0767794918476867,-0.0130628916111377,test,CNYIDR_RET,-0.42493162399788864,-0.43799451560902636
2025-08-29,0.1855565878354993,0.0123415860507479,test,CNYIDR_RET,-0.44083923848765916,-0.42849765243691124
2025-09-01,0.7115236903979298,0.0024119901833537,test,CNYIDR_RET,-0.45080227341884,-0.4483902832354863
2025-09-02,-0.0231654671300067,-0.09038259476078,test,CNYIDR_RET,-0.049129431564796364,-0.13951202632557635
2025-09-03,0.1150958627139895,0.0313133859168923,test,CNYIDR_RET,-0.43104085788896,-0.3997274719720677
2025-09-04,0.0824713098453024,-0.0066167895460512,test,CNYIDR_RET,-0.4385067134509623,-0.44512350299701353
2025-09-05,-0.0662333770995544,0.0050493927058979,test,CNYIDR_RET,-0.44056063439215754,-0.43551124168625965
2025-09-08,-0.2412706119793604,0.0459747998382447,test,CNYIDR_RET,-0.31283135939154666,-0.26685655955330195
2025-09-09,0.3743691151976801,0.1138437847422357,test,CNYIDR_RET,-0.025827484827049368,0.08801629991518634
2025-09-10,0.141000442397744,-0.0452486620499582,test,CNYIDR_RET,-0.4185295377071734,-0.4637781997571316
2025-09-11,-0.0634736510074852,0.0061588724751111,test,CNYIDR_RET,-0.44864842838355534,-0.44248955590844424
2025-09-12,-0.1223300839783105,0.0486502872280074,test,CNYIDR_RET,-0.3147330871933149,-0.2660827999653075
2025-09-15,-0.1582352923847741,0.0578820768419725,test,CNYIDR_RET,-0.18466949822078144,-0.12678742137880894
2025-09-16,-0.1421508449762018,0.059324577898477,test,CNYIDR_RET,-0.12217367745480523,-0.06284909955632823
2025-09-17,0.2649268119177112,0.0741934656295506,test,CNYIDR_RET,-0.1424962533532716,-0.06830278772372099
2025-09-18,0.2782688869427104,-0.006051802135188,test,CNYIDR_RET,-0.4476815492034951,-0.45373335133868314
2025-09-19,0.7774148760372115,-0.0175161470320457,test,CNYIDR_RET,-0.40305076526213734,-0.420566912294183
2025-09-22,0.4089639316917525,-0.1402430550070827,test,CNYIDR_RET,-0.05140046078139685,-0.19164351578847955
2025-09-23,-0.3466006529024519,-0.0824568360283234,test,CNYIDR_RET,-0.14533469695447987,-0.22779153298280327
2025-09-24,0.3408312937832825,0.1212582174318147,test,CNYIDR_RET,-0.05639736024019545,0.06486085719161924
2025-09-25,0.0932250354682832,-0.0485666891840484,test,CNYIDR_RET,-0.43876853264769783,-0.4873352218317462
2025-09-26,0.3503633622824358,-0.0173194101667858,test,CNYIDR_RET,-0.4519038703509734,-0.4692232805177592
2025-09-29,-0.2016176211637672,-0.0651186929577229,test,CNYIDR_RET,-0.33174821218962897,-0.3968669051473519
2025-09-30,-0.3816573105563088,0.0837958634566002,test,CNYIDR_RET,-0.23131700409627795,-0.14752114063967775
2025-10-01,0.3358410895036118,0.1055611794045597,test,CNYIDR_RET,0.1559719785277362,0.2615331579322959
2025-10-02,-0.2334461069055723,-0.0580900761672912,test,CNYIDR_RET,-0.43430711322589644,-0.49239718939318766
2025-10-03,-0.2562723078549703,0.0699002855479414,test,CNYIDR_RET,-0.17865145633276103,-0.10875117078481963
2025-10-06,-0.2623684009317203,0.0734742761318075,test,CNYIDR_RET,0.02307839122053906,0.09655266735234656
2025-10-07,0.2322461041800731,0.1250765986140947,test,CNYIDR_RET,0.034600629692660485,0.15967722830675518
2025-10-08,-0.0572573734509193,0.0108008943432801,test,CNYIDR_RET,-0.4463149717946452,-0.4355140774513651
2025-10-09,-0.1800483670651103,0.0686984959446246,test,CNYIDR_RET,-0.31653845126444813,-0.24783995531982353
2025-10-10,0.0046309648210549,0.0652781495347255,test,CNYIDR_RET,-0.07723667302910556,-0.011958523494380063
2025-10-13,0.5089613786969724,-0.0035726409524054,test,CNYIDR_RET,-0.32491947639365903,-0.3284921173460644
2025-10-14,-0.3016957577091352,-0.0580613547404263,test,CNYIDR_RET,-0.18072014785242682,-0.23878150259285313
2025-10-15,-0.3106190108080368,0.0783983827043229,test,CNYIDR_RET,-0.0842200579581345,-0.005821675253811609
2025-10-16,0.1053087226995705,0.0496619171990651,test,CNYIDR_RET,0.09244635188069389,0.142108269079759
2025-10-17,-0.034148018891048,0.0134076314608282,test,CNYIDR_RET,-0.42489370519641556,-0.4114860737355874
2025-10-20,-0.022968996230649,0.0396434822925033,test,CNYIDR_RET,-0.33922649947292327,-0.29958301718041996
2025-10-21,-0.0481124424831614,0.0297231227078268,test,CNYIDR_RET,-0.322716225784755,-0.2929931030769282
2025-10-22,0.311087625722138,0.0559116546548623,test,CNYIDR_RET,-0.30518889720761727,-0.24927724255275496
2025-10-23,-0.068609172809736,-0.0439553005101105,test,CNYIDR_RET,-0.4216489777588964,-0.4656042782690069
2025-10-24,-0.0168652869425639,0.0443029169212532,test,CNYIDR_RET,-0.36259737715215623,-0.318294460230903
2025-10-27,0.0886790647478477,0.0446335215853351,test,CNYIDR_RET,-0.32433674579501154,-0.2797032242096764
2025-10-28,-2.5310692724361967,0.0343680252757546,test,CNYIDR_RET,-0.417976202539213,-0.3836081772634584
2025-10-29,2.627449717445991,0.5460850464811258,test,CNYIDR_RET,0.7924145099833702,1.338499556464496
2025-10-30,-0.0014818505667984,-0.4797759276181451,test,CNYIDR_RET,-0.28469935408219477,-0.7644752817003398
2025-10-31,-2.6711033711254024,0.0223842579779732,test,CNYIDR_RET,-0.21606579528000786,-0.19368153730203466
2025-11-03,2.8290105393044165,0.5644985426192798,test,CNYIDR_RET,0.6636147031696081,1.228113245788888
2025-11-04,-0.702920468945859,-0.5465626908371545,test,CNYIDR_RET,-0.004560964780216651,-0.5511236556173711
2025-11-05,0.9879844071209638,0.0960699719556966,test,CNYIDR_RET,-0.20464406288812825,-0.10857409093243166
2025-11-06,-0.1786049893537277,-0.1762594804423374,test,CNYIDR_RET,-0.10233503918483922,-0.27859451962717663
2025-11-07,0.2543628581901193,0.0943336766332127,test,CNYIDR_RET,-0.3831384430050228,-0.28880476637181013
2025-11-10,-0.2464959811595542,-0.0284209389878542,test,CNYIDR_RET,-0.4519744416355065,-0.4803953806233607
2025-11-11,0.2121028617171241,0.1169140479052338,test,CNYIDR_RET,-0.11945959906570934,-0.0025455511604755426
2025-11-12,0.0293569284488079,-0.0022238723814984,test,CNYIDR_RET,-0.44271808478970914,-0.44494195717120755
2025-11-13,0.204043339091162,0.0336238144550212,test,CNYIDR_RET,-0.4097217244909855,-0.37609791003596427
2025-11-14,0.0427950641748041,0.0015477022789533,test,CNYIDR_RET,-0.4511358544138233,-0.44958815213487
2025-11-17,-0.0563949700368529,0.0316317357995559,test,CNYIDR_RET,-0.41619654979812065,-0.38456481399856474
2025-11-18,0.2386449136506615,0.0681722761059343,test,CNYIDR_RET,-0.2930261844273356,-0.22485390832140129
2025-11-19,-0.0669394107797126,-0.0415190202066618,test,CNYIDR_RET,-0.4511299416357807,-0.4926489618424425
2025-11-20,-0.2454033141000888,0.0673407175008986,test,CNYIDR_RET,-0.3618513205454818,-0.2945106030445832
2025-11-21,0.2651337957851439,0.0716633367549616,test,CNYIDR_RET,0.006637328444956357,0.07830066519991796
2025-11-24,-0.5387276033516003,-0.0228267899966931,test,CNYIDR_RET,-0.4470351054656153,-0.4698618954623084
2025-11-25,0.0979836652175056,0.1271586270735514,test,CNYIDR_RET,0.18347280317724457,0.310631430250796
2025-11-26,0.1804186793861262,0.0377046542021645,test,CNYIDR_RET,-0.35815976190135906,-0.32045510769919455
2025-11-27,0.0097837290436847,0.0142570648698094,test,CNYIDR_RET,-0.45195489817749523,-0.43769783330768586
2025-11-28,-0.0650167594804628,0.0862656990441553,test,CNYIDR_RET,-0.38127966166486343,-0.2950139626207081
2025-12-01,0.1970211623114164,0.0416468612951777,test,CNYIDR_RET,-0.21151717404982234,-0.16987031275464465
2025-12-02,-0.1083539627372753,-0.0091766220721049,test,CNYIDR_RET,-0.45214389118340786,-0.46132051325551277
2025-12-03,0.0294622564236617,0.0371040076992264,test,CNYIDR_RET,-0.2793586647991374,-0.242254657099911
2025-12-04,-0.0052083745920619,0.0394057126487591,test,CNYIDR_RET,-0.37847175642452235,-0.33906604377576327
2025-12-05,0.252962699395247,0.0385481643914165,test,CNYIDR_RET,-0.3423496523349948,-0.3038014879435783
2025-12-08,0.1970355044765267,-0.0539950724292944,test,CNYIDR_RET,-0.4406992082129334,-0.4946942806422278
2025-12-09,-0.0018202927975642,0.0029590619381085,test,CNYIDR_RET,-0.4239713884125147,-0.4210123264744062
2025-12-10,-0.0349823466783613,0.030090145318506,test,CNYIDR_RET,-0.3810105499050115,-0.3509204045865055
2025-12-11,-0.1480438593339038,0.074047846716915,test,CNYIDR_RET,-0.3199386467894971,-0.24589080007258213
2025-12-12,0.1464748768720644,0.0716543947419432,test,CNYIDR_RET,-0.11389542597202967,-0.042241031230086476
2025-12-15,-0.1004151495626055,0.0067662454621546,test,CNYIDR_RET,-0.4346645624611358,-0.4278983169989812
2025-12-16,0.2357541641778196,0.0644212615152197,test,CNYIDR_RET,-0.269334546780488,-0.2049132852652683
2025-12-17,0.0680219194932176,-0.0132800655278067,test,CNYIDR_RET,-0.45103187797981864,-0.46431194350762534
2025-12-18,0.0560087436325815,0.0184904504032857,test,CNYIDR_RET,-0.4374900233689033,-0.41899957296561763
2025-12-19,0.2046537132313158,0.0127654636681506,test,CNYIDR_RET,-0.4137585269662611,-0.40099306329811046
2025-12-22,-0.045840925249154,0.0058025835706969,test,CNYIDR_RET,-0.44741397445523196,-0.44161139088453505
2025-12-23,0.4659833328401457,0.0608599333404733,test,CNYIDR_RET,-0.3348295951118164,-0.27396966177134313
2025-12-24,0.0555919182174798,-0.0373811695716636,test,CNYIDR_RET,-0.29375416488138445,-0.33113533445304805
2025-12-25,0.0,0.0399237135363146,test,CNYIDR_RET,-0.4419598560435394,-0.40203614250722475
2025-12-26,0.1080957793874837,0.0292133158107351,test,CNYIDR_RET,-0.34725747114846367,-0.31804415533772856
2025-12-29,-0.0716542015831619,0.0142290450664904,test,CNYIDR_RET,-0.436463804849609,-0.4222347597831186
2025-12-30,0.491715260855304,0.0492566318009505,test,CNYIDR_RET,-0.29561131076248953,-0.24635467896153904
2025-12-31,-0.2287097312094892,-0.067619626509296,test,CNYIDR_RET,-0.25419879924159666,-0.32181842575089264
2026-01-01,0.0,0.1012091024895872,test,CNYIDR_RET,-0.19820563952489076,-0.09699653703530356
2026-01-02,-0.2456782851799374,0.0292133158107351,test,CNYIDR_RET,-0.2768303582101265,-0.24761704239939142
2026-01-05,0.1328394525912298,0.0808317586994125,test,CNYIDR_RET,-0.04205720149485985,0.038774557204552654
2026-01-06,0.3375445551342241,-0.0165245496042893,test,CNYIDR_RET,-0.422804325579944,-0.4393288751842333
2026-01-07,0.1542936936805132,0.0058216559069497,test,CNYIDR_RET,-0.3448582146986424,-0.3390365587916927
2026-01-08,-0.1217326427493837,0.0252870192198133,test,CNYIDR_RET,-0.4521589380710697,-0.4268719188512564
2026-01-09,0.5000523265131505,0.0225576366119799,test,CNYIDR_RET,-0.2172619143662414,-0.1947042777542615
2026-01-12,0.2151325689196211,-0.0784100241175183,test,CNYIDR_RET,-0.2169083930060984,-0.2953184171236167
2026-01-13,0.2529302697454515,0.0108029371227488,test,CNYIDR_RET,-0.3963861739780546,-0.38558323685530577
2026-01-14,-0.1734593115464263,-0.0072914773208843,test,CNYIDR_RET,-0.4286730201404164,-0.4359644974613007
2026-01-15,0.0900355727418912,0.0638734498560274,test,CNYIDR_RET,-0.19126858815518794,-0.12739513829916055
2026-01-16,0.3008926086103251,0.0049414838625085,test,CNYIDR_RET,-0.40587351083712,-0.4009320269746115
2026-01-19,-0.0437737884016062,-0.0206751484667704,test,CNYIDR_RET,-0.39458769478661476,-0.41526284325338514
2026-01-20,0.3690631671430915,0.0201298677016777,test,CNYIDR_RET,-0.3641031070986994,-0.34397323939702174
2026-01-21,0.2422356490942618,-0.0087572031310706,test,CNYIDR_RET,-0.34968171538483617,-0.35843891851590676
2026-01-22,-0.4273235869433533,0.0031388700682337,test,CNYIDR_RET,-0.42399213823425935,-0.42085326816602564
2026-01-23,-0.5844700798322455,0.1082392766474672,test,CNYIDR_RET,0.13002653668479866,0.23826581333226587
2026-01-26,-0.2977078709684614,0.1877333915307119,test,CNYIDR_RET,0.19067280262825975,0.37840619415897164
2026-01-27,0.0493418568363202,0.077615608494684,test,CNYIDR_RET,0.1682881059298471,0.24590371442453113
2026-01-28,-0.3593221141234546,0.0216542449473437,test,CNYIDR_RET,-0.3590514543411577,-0.337397209393814
2026-01-29,0.2880550685560941,0.1332774598399742,test,CNYIDR_RET,0.08435233258925365,0.21762979242922784
2026-01-30,0.4248445714511917,-0.0098246214661931,test,CNYIDR_RET,-0.4521563461413699,-0.461980967607563
2026-02-02,-0.1618506033623424,-0.0741919500608526,test,CNYIDR_RET,-0.26251481471183635,-0.33670676477268896
2026-02-03,0.0676416852957904,0.0372270015068779,test,CNYIDR_RET,-0.29347107241015336,-0.25624407090327544
2026-02-04,0.1274649084710631,0.018542331997655,test,CNYIDR_RET,-0.4089067277454382,-0.3903643957477832
2026-02-05,0.2443459006476875,0.0383098772810446,test,CNYIDR_RET,-0.4467698481607377,-0.4084599708796931
2026-02-06,0.4730268242047438,-0.0163065527018153,test,CNYIDR_RET,-0.44352595027715713,-0.45983250297897243
2026-02-09,-0.2302879502732313,-0.0925063768195746,test,CNYIDR_RET,-0.20449666689533363,-0.29700304371490827
2026-02-10,-0.0399969716092115,0.131822472874565,test,CNYIDR_RET,-0.22961354729174685,-0.09779107441718185
2026-02-11,0.0575985377842174,0.0709382120563801,test,CNYIDR_RET,-0.18351673780186742,-0.11257852574548732
2026-02-12,0.0672382537542444,-0.0178599573739057,test,CNYIDR_RET,-0.37330302095132256,-0.3911629783252283
2026-02-13,0.2694124052997173,0.0136265503013941,test,CNYIDR_RET,-0.43903142334941614,-0.42540487304802205
2026-02-16,-0.0127449598226733,-0.03260178622171,test,CNYIDR_RET,-0.42130026118637326,-0.45390204740808326
2026-02-17,-0.1159585917158241,0.0224962218779723,test,CNYIDR_RET,-0.4012013659832495,-0.3787051441052772
2026-02-18,0.1985365652630395,0.0793762184987905,test,CNYIDR_RET,-0.22871825999936596,-0.14934204150057545
2026-02-19,0.4461575184721957,-0.0271880674304888,test,CNYIDR_RET,-0.4490606426095679,-0.4762487100400567
2026-02-20,-0.1677187275709153,-0.0554350253553722,test,CNYIDR_RET,-0.2212907213190449,-0.2767257466744171
2026-02-23,-0.2582484859016841,0.0661091976915001,test,CNYIDR_RET,-0.2628581570957092,-0.1967489594042091
2026-02-24,-0.2324059333157868,0.094517057907441,test,CNYIDR_RET,0.020885474521394574,0.11540253242883558
2026-02-25,0.4354603222289029,0.0665194620421537,test,CNYIDR_RET,0.023982329495057377,0.09050179153721108
2026-02-26,-0.1970616588325214,-0.0028425419159837,test,CNYIDR_RET,-0.3305145831269293,-0.333357125042913
2026-02-27,0.4080581226687969,0.1225314637304559,test,CNYIDR_RET,-0.1525664146998126,-0.03003495096935671
2026-03-02,0.0260668625118597,-0.0420591948589136,test,CNYIDR_RET,-0.40219954244825623,-0.4442587373071698
2026-03-03,0.0532639910378718,-0.0275177083742476,test,CNYIDR_RET,-0.43149151255662677,-0.4590092209308744
2026-03-04,-0.0489359571921877,-0.0051018695535278,test,CNYIDR_RET,-0.4372722226604389,-0.44237409221396673
2026-03-05,-0.156925232769142,-0.0004960749366045143,test,CNYIDR_RET,-0.3431719959218396,-0.34366807085844414
2026-03-06,0.2847977976409716,0.0625065718415475,test,CNYIDR_RET,-0.2045471554145372,-0.1420405835729897
2026-03-09,0.0698971833475634,-0.0614828844019913,test,CNYIDR_RET,-0.4376935944394699,-0.4991764788414612
2026-03-10,-0.4330343952876687,-0.0007725592844389427,test,CNYIDR_RET,-0.4509758082892428,-0.4517483675736817
2026-03-11,0.298895997828847,0.1670721115531104,test,CNYIDR_RET,0.13149368515191684,0.29856579670502725
2026-03-12,0.3498038347164667,0.0339005508725856,test,CNYIDR_RET,-0.45102857659252016,-0.41712802571993457
2026-03-13,0.0925369588280123,-0.0323817267284317,test,CNYIDR_RET,-0.3788193033957358,-0.4112010301241675
2026-03-16,-0.134727553668076,-0.0094185766583551,test,CNYIDR_RET,-0.4500742802587078,-0.45949285691706293
2026-03-17,-0.8517702779814526,0.0090156113545665,test,CNYIDR_RET,-0.24604618432123845,-0.23703057296667196
2026-03-18,1.1071831564276924,0.1735745362668766,test,CNYIDR_RET,0.1095933006837366,0.2831678369506132
2026-03-19,0.6130947842316486,-0.1196525209465958,test,CNYIDR_RET,-0.13802513037119202,-0.2576776513177878
2026-03-20,-1.135910171971278,-0.114706953361949,test,CNYIDR_RET,-0.045626181205495525,-0.16033313456744452
2026-03-23,0.460794089730523,0.2319537981007792,test,CNYIDR_RET,0.019177971344146644,0.2511317694449259
2026-03-24,-0.4741865691123968,-0.0482566858616784,test,CNYIDR_RET,-0.4349422286542593,-0.4831989145159377
2026-03-25,-0.5741788941374253,0.1641220194977348,test,CNYIDR_RET,0.12626843753147016,0.29039045702920496
2026-03-26,-0.417789514113558,0.1279323358371763,test,CNYIDR_RET,0.1741218345507998,0.3020541703879761
2026-03-27,0.9012884098501972,0.0918525318852422,test,CNYIDR_RET,0.19413539745129538,0.2859879293365376
2026-03-30,0.1817616877096965,-0.195288880482228,test,CNYIDR_RET,-0.055864779294311245,-0.25115365977653925
2026-03-31,0.1025561361361271,-0.0258640126137304,test,CNYIDR_RET,-0.32248078282565795,-0.34834479543938834
2026-04-01,0.0220634110682448,-0.0262870511302548,test,CNYIDR_RET,-0.4505937880649396,-0.4768808391951944
2026-04-02,0.2717003408046629,0.0674764686164909,test,CNYIDR_RET,-0.4206301837333885,-0.35315371511689764
2026-04-03,0.3404931997567083,0.0063927374098472,test,CNYIDR_RET,-0.4440864553300897,-0.43769371792024253
2023-01-04,0.0437784976118638,-0.1166916431022748,val,INRIDR_RET,-0.4353261244411,-0.5520177675433748
2023-01-05,0.0682865107220167,-0.0257772858320639,val,INRIDR_RET,-0.3793286752066405,-0.4051059610387044
2023-01-06,0.4106243729397581,0.0391244338409535,val,INRIDR_RET,-0.3451643288229103,-0.30603989498195683
2023-01-09,0.3375120815157225,-0.0995495446019526,val,INRIDR_RET,-0.464579018892284,-0.5641285634942366
2023-01-10,-0.0295620581444998,-0.0342404233466085,val,INRIDR_RET,-0.47652508144130495,-0.5107655047879135
2023-01-11,0.3340499833432002,-0.0342523623405225,val,INRIDR_RET,-0.30103379954672427,-0.33528616188724675
2023-01-12,-0.7358043733784635,-0.087540563256327,val,INRIDR_RET,-0.4637815252603579,-0.5513220885166848
2023-01-13,-0.9481003622793156,0.1359312547568111,val,INRIDR_RET,-0.2776559455211924,-0.1417246907643813
2023-01-16,-0.5777311255775688,0.1074475781465458,val,INRIDR_RET,-0.28827282404123517,-0.18082524589468935
2023-01-17,-0.6770728540000006,0.0616356403057378,val,INRIDR_RET,-0.28502826802671705,-0.22339262772097923
2023-01-18,0.6848195266632703,0.1843881431518006,val,INRIDR_RET,-0.2945845881724117,-0.11019644502061107
2023-01-19,-0.3264065224747438,-0.0944233334248144,val,INRIDR_RET,-0.479780567560018,-0.5742039009848324
2023-01-20,0.5388618210526237,0.0327754338539592,val,INRIDR_RET,-0.22913743119964192,-0.19636199734568272
2023-01-23,-0.2383849268007511,-0.1020211443199524,val,INRIDR_RET,-0.4796731262545952,-0.5816942705745476
2023-01-24,-0.95561765464222,0.1055328437168078,val,INRIDR_RET,-0.2479081611677918,-0.142375317450984
2023-01-25,-0.4834400220505368,0.2529940739153782,val,INRIDR_RET,-0.2938510889241677,-0.04085701500878952
2023-01-26,0.0092414565585729,0.0591747912079028,val,INRIDR_RET,-0.29421277950724245,-0.23503798829933964
2023-01-27,0.0961326024186925,0.0554834004101512,val,INRIDR_RET,-0.2773580233589821,-0.22187462294883087
2023-01-30,0.1093387774225392,0.0064004732515134,val,INRIDR_RET,-0.3182085891762438,-0.3118081159247304
2023-01-31,0.076014198439177,-0.0315825720337893,val,INRIDR_RET,-0.34973528084623734,-0.3813178528800266
2023-02-01,-0.2594736362553986,-0.0547413753959141,val,INRIDR_RET,-0.35213906953890634,-0.40688044493482045
2023-02-02,-0.838265003385359,0.0498826363256067,val,INRIDR_RET,-0.23293904388048145,-0.18305640755487473
2023-02-03,-0.235008150089116,0.1928110537173262,val,INRIDR_RET,-0.30959404301633464,-0.11678298929900843
2023-02-06,1.101183861381864,-0.0194533137704099,val,INRIDR_RET,-0.2342656789343324,-0.2537189927047423
2023-02-07,0.1592783299903137,-0.2141906168390189,val,INRIDR_RET,-0.30013983924457815,-0.5143304560835971
2023-02-08,-0.3334628162661999,0.0062822334734228,val,INRIDR_RET,-0.4650604876772473,-0.45877825420382445
2023-02-09,-0.0986220786980493,0.0463986915916588,val,INRIDR_RET,-0.22561646017153117,-0.17921776857987237
2023-02-10,0.3049396814208384,-0.0139646039713995,val,INRIDR_RET,-0.2455873541451364,-0.2595519581165359
2023-02-13,0.3028265751611401,-0.0638305999723327,val,INRIDR_RET,-0.44910831306294896,-0.5129389130352817
2023-02-14,0.0872846160140768,-0.0843333631128937,val,INRIDR_RET,-0.4633637206552065,-0.5476970837681002
2023-02-15,-0.537193901200333,0.0496118897202824,val,INRIDR_RET,-0.3849650854977363,-0.33535319577745387
2023-02-16,0.3608980017628869,0.1331680720659749,val,INRIDR_RET,-0.26463693141837197,-0.13146885935239708
2023-02-17,-0.396812188101961,-0.1059644097999443,val,INRIDR_RET,-0.4121452112928045,-0.5181096210927488
2023-02-20,0.0364085018250095,0.0627540746518461,val,INRIDR_RET,-0.22503692703335793,-0.16228285238151183
2023-02-21,0.0962187043439091,-0.0008325270382134308,val,INRIDR_RET,-0.2871739146788996,-0.288006441717113
2023-02-22,0.2661350743438604,-0.0127481561862358,val,INRIDR_RET,-0.3467015568937625,-0.3594497130799983
2023-02-23,-0.2382512213801946,-0.0569433327019899,val,INRIDR_RET,-0.4342657877895362,-0.4912091204915261
2023-02-24,0.3812062962703347,0.0579772270747044,val,INRIDR_RET,-0.2371949011504446,-0.17921767407574019
2023-02-27,-0.0494630455322899,-0.1138184550473826,val,INRIDR_RET,-0.45056200601560675,-0.5643804610629893
2023-02-28,0.0016182670981267,0.0495069197928297,val,INRIDR_RET,-0.33001515448129615,-0.2805082346884664
2023-03-01,0.2237073531949828,0.0084692294384799,val,INRIDR_RET,-0.2781818733431293,-0.26971264390464944
2023-03-02,0.280807710885447,-0.0803123042326385,val,INRIDR_RET,-0.40630995786591556,-0.4866222620985541
2023-03-03,0.5948580903461653,-0.0567211566760051,val,INRIDR_RET,-0.4619203863936082,-0.5186415430696133
2023-03-06,0.3464778292228698,-0.1196812128346681,val,INRIDR_RET,-0.4565872963353687,-0.5762685091700368
2023-03-07,0.4596851549811024,-0.1105082144120284,val,INRIDR_RET,-0.47904200443356976,-0.5895502188455981
2023-03-08,0.2834941032031942,-0.0524583252679913,val,INRIDR_RET,-0.47408364196238556,-0.5265419672303768
2023-03-09,0.2184138698075989,-0.0800036649046783,val,INRIDR_RET,-0.4546565859120964,-0.5346602508167747
2023-03-10,0.1863685193873031,-0.0509404424832612,val,INRIDR_RET,-0.4418135819026445,-0.4927540243859057
2023-03-13,-0.032268734574501,-0.0525360310283986,val,INRIDR_RET,-0.4165163779705937,-0.4690524089989923
2023-03-14,-0.9708552740467588,-0.0392572494799691,val,INRIDR_RET,-0.30834917917518145,-0.34760642865515057
2023-03-15,-0.103820167138759,0.0724566891091451,val,INRIDR_RET,-0.30956762818144773,-0.23711093907230263
2023-03-16,0.1957846153551896,0.1083365470647573,val,INRIDR_RET,-0.2382283466731879,-0.1298917996084306
2023-03-17,-0.2565504203416174,-0.1142637104739707,val,INRIDR_RET,-0.3417669719672839,-0.4560306824412546
2023-03-20,-0.2387575351852048,0.1122735908239764,val,INRIDR_RET,-0.24630722336209646,-0.13403363253812006
2023-03-21,-0.1808925905994691,0.0547792780129324,val,INRIDR_RET,-0.22621757946194695,-0.17143830144901456
2023-03-22,-0.4793734251181528,0.0285167689494904,val,INRIDR_RET,-0.22871711931772487,-0.20020035036823447
2023-03-23,-0.0985050018185188,0.1404650080188084,val,INRIDR_RET,-0.2481672789039096,-0.1077022708851012
2023-03-24,-1.0304788856916478,0.0517475840935831,val,INRIDR_RET,-0.22836018464760258,-0.17661260055401948
2023-03-27,0.5796803023062597,0.1259299325263402,val,INRIDR_RET,-0.28874652282185403,-0.16281659029551385
2023-03-28,-0.1171292455060915,-0.1105503226818443,val,INRIDR_RET,-0.4781813109894289,-0.5887316336712732
2023-03-29,-0.2467060896963911,0.058454201292123,val,INRIDR_RET,-0.2958902258617608,-0.23743602456963778
2023-03-30,-0.3068793500185672,0.0630448561551666,val,INRIDR_RET,-0.22485119446108623,-0.16180633830591962
2023-03-31,0.1119576620105827,0.1057783222504981,val,INRIDR_RET,-0.22758425409829067,-0.12180593184779256
2023-04-03,-0.3158994616215329,-0.0071198767586526,val,INRIDR_RET,-0.30172874701567576,-0.30884862377432837
2023-04-04,-0.4348163856510373,-0.0156518654602755,val,INRIDR_RET,-0.22485204673817114,-0.24050391219844663
2023-04-05,0.3196654929916624,0.1467472240298389,val,INRIDR_RET,-0.23305263937554033,-0.08630541534570144
2023-04-06,0.1875277477796837,-0.0802505070334216,val,INRIDR_RET,-0.38561873306144206,-0.46586924009486363
2023-04-07,-0.0156524798595163,-0.1089416533682333,val,INRIDR_RET,-0.42973662919336286,-0.5386782825615961
2023-04-10,-0.2396375419648549,-0.0111485907036288,val,INRIDR_RET,-0.34476602490416297,-0.35591461560779175
2023-04-11,0.2072392491464412,0.0522069335151224,val,INRIDR_RET,-0.22955620922050052,-0.17734927570537812
2023-04-12,-0.3863212085788784,0.0080755205541546,val,INRIDR_RET,-0.376560620189813,-0.3684850996356584
2023-04-13,-0.4684476056385727,0.0785710658437152,val,INRIDR_RET,-0.22997960578066687,-0.15140853993695166
2023-04-14,-0.3585750893800072,0.1110839480305914,val,INRIDR_RET,-0.2561612871348778,-0.14507733910428638
2023-04-17,-0.3842958358346006,0.1023933908558777,val,INRIDR_RET,-0.24100194401098363,-0.13860855315510592
2023-04-18,0.9362283922860228,-0.0040737853334946,val,INRIDR_RET,-0.24409459971204006,-0.24816838504553465
2023-04-19,0.0746912008977868,-0.1722995546001092,val,INRIDR_RET,-0.3504428497692663,-0.5227424043693756
2023-04-20,0.4936272082073916,-0.0065675429696469,val,INRIDR_RET,-0.4208350799208991,-0.427402622890546
2023-04-21,-0.1584207759138806,-0.0829522786820178,val,INRIDR_RET,-0.47978365929801636,-0.5627359379800342
2023-04-24,-0.6203526923622156,0.0161654255023728,val,INRIDR_RET,-0.2675326899211517,-0.2513672644187789
2023-04-25,0.9656243586766792,0.1022246733448119,val,INRIDR_RET,-0.2752178243558081,-0.17299315101099622
2023-04-26,-0.2369712732311815,-0.1680201924608276,val,INRIDR_RET,-0.37963092663667475,-0.5476511190975024
2023-04-27,-0.3535842773144909,-0.00012539786554963006,val,INRIDR_RET,-0.26995669279546897,-0.27008209066101857
2023-04-28,-1.0646824554470335,0.0794609920657103,val,INRIDR_RET,-0.22636834698330127,-0.14690735491759097
2023-05-01,-0.1182826375762898,0.1965339020456633,val,INRIDR_RET,-0.26905733206223426,-0.07252343001657097
2023-05-02,0.0213821709891639,0.1071328536126873,val,INRIDR_RET,-0.22489560268328362,-0.11776274907059632
2023-05-03,0.5456743417603904,0.0081051529804021,val,INRIDR_RET,-0.26383002933608274,-0.25572487635568064
2023-05-04,-0.4908337110897114,-0.1084347668535508,val,INRIDR_RET,-0.47791359388500587,-0.5863483607385567
2023-05-05,0.2109034548790379,0.0689620925491476,val,INRIDR_RET,-0.22872095055754232,-0.15975885800839473
2023-05-08,-0.2346819063509125,-0.0263982319912961,val,INRIDR_RET,-0.36985757175304096,-0.39625580374433705
2023-05-09,0.4873933954252962,0.0961516109530983,val,INRIDR_RET,-0.23237372145333834,-0.13622211050024005
2023-05-10,-0.2727527319579209,-0.0839726918044197,val,INRIDR_RET,-0.4690701401349891,-0.5530428319394088
2023-05-11,-0.2902871493034838,0.0557975989091164,val,INRIDR_RET,-0.23573786618518672,-0.17994026727607032
2023-05-12,0.3197100216166722,0.048047724654315,val,INRIDR_RET,-0.22593374080283163,-0.17788601614851662
2023-05-15,-0.3080817047542738,-0.1123426072521706,val,INRIDR_RET,-0.43133949881519595,-0.5436821060673666
2023-05-16,0.2713451913779754,0.0193017944549946,val,INRIDR_RET,-0.23446467034490742,-0.2151628758899128
2023-05-17,0.5708651312171553,-0.017018127656992,val,INRIDR_RET,-0.4230467955984076,-0.4400649232553996
2023-05-18,-0.2444446208808966,-0.1141568947362943,val,INRIDR_RET,-0.4711982628075722,-0.5853551575438665
2023-05-19,-0.0675645337708229,0.0834381140547229,val,INRIDR_RET,-0.24960904851759702,-0.16617093446287412
2023-05-22,-0.2035857040932015,0.0242699281721007,val,INRIDR_RET,-0.24405473613594883,-0.21978480796384814
2023-05-23,-0.1184308378453936,0.0251101689476848,val,INRIDR_RET,-0.2296342636212689,-0.2045240946735841
2023-05-24,-0.0187367995623582,0.058105641911719,val,INRIDR_RET,-0.24597546622566246,-0.18786982431394347
2023-05-25,0.5547906917518566,0.0151449478062226,val,INRIDR_RET,-0.2670292413833409,-0.2518842935771183
2023-05-26,0.1267812263582928,-0.1159636593262007,val,INRIDR_RET,-0.47772950819857907,-0.5936931675247797
2023-05-29,0.0553365755073275,-0.0557708063878969,val,INRIDR_RET,-0.4189539129128915,-0.4747247193007884
2023-05-30,0.0743145900715321,0.0093640737923546,val,INRIDR_RET,-0.35395181950747856,-0.34458774571512396
2023-05-31,0.00082042271475167,-0.0280108766072265,val,INRIDR_RET,-0.33031535450032506,-0.3583262311075516
2023-06-01,0.0540547504772421,0.0262173759050021,val,INRIDR_RET,-0.3124542729684129,-0.28623689706341077
2023-06-02,-0.0421967925365089,-0.012567149893358,val,INRIDR_RET,-0.31197492232811963,-0.32454207222147763
2023-06-05,0.3468982225225477,0.011035720686991,val,INRIDR_RET,-0.28576752999831095,-0.27473180931131996
2023-06-06,-1.0179737932861457,-0.0678580468756393,val,INRIDR_RET,-0.45462861743382027,-0.5224866643094596
2023-06-07,0.1441380955860003,0.2005306890394704,val,INRIDR_RET,-0.30882453914577573,-0.10829385010630532
2023-06-08,-0.0079670713990644,0.0103437383602192,val,INRIDR_RET,-0.27479067937878804,-0.26444694101856886
2023-06-09,-0.199362693028026,0.016198038549182,val,INRIDR_RET,-0.2906660631872437,-0.2744680246380617
2023-06-12,0.0325196862886455,0.0495934389597563,val,INRIDR_RET,-0.23128093614919312,-0.18168749718943683
2023-06-13,0.3898229824618121,0.0112519959934569,val,INRIDR_RET,-0.29121004445015575,-0.27995804845669886
2023-06-14,0.0400419344237279,-0.0603426288537821,val,INRIDR_RET,-0.466273748168912,-0.526616377022694
2023-06-15,0.5673119655706713,0.0501747105413416,val,INRIDR_RET,-0.3484186438552988,-0.2982439333139572
2023-06-16,0.0808640465644941,-0.1128744838352035,val,INRIDR_RET,-0.479278283313279,-0.5921527671484825
2023-06-19,0.2053087243127835,-0.0036517349709721,val,INRIDR_RET,-0.3959542199563115,-0.3996059549272836
2023-06-20,0.4532075410149029,0.0125254305774767,val,INRIDR_RET,-0.403324511597436,-0.3907990810199593
2023-06-21,0.0406070867956998,-0.0936737614163617,val,INRIDR_RET,-0.47693289303679776,-0.5706066544531595
2023-06-22,-0.4259664978194967,-0.040950179475486,val,INRIDR_RET,-0.3659157030733514,-0.40686588254883743
2023-06-23,-0.0264530612317706,0.127102354187741,val,INRIDR_RET,-0.22898201002268692,-0.10187965583494593
2023-06-26,0.2676386104970109,-0.0162103597712286,val,INRIDR_RET,-0.24341847646514952,-0.2596288362363781
2023-06-27,0.3199044518843826,-0.1215150359402209,val,INRIDR_RET,-0.43623650859537866,-0.5577515445355996
2023-06-28,-0.3665166586871726,-0.0286209363800042,val,INRIDR_RET,-0.47701266127016445,-0.5056335976501687
2023-06-29,-0.0442741273820434,0.109669874476078,val,INRIDR_RET,-0.22553389707562635,-0.11586402259954835
2023-06-30,0.4929034777465231,0.0104191899735252,val,INRIDR_RET,-0.24332255980016393,-0.23290336982663873
2023-07-03,-0.5445933274056061,-0.1158694692897795,val,INRIDR_RET,-0.47969286148558804,-0.5955623307753676
2023-07-04,0.644250631922425,0.122949844433375,val,INRIDR_RET,-0.23439637046804965,-0.11144652603467464
2023-07-05,-0.3755230926759968,-0.1033265375542473,val,INRIDR_RET,-0.47906657527352076,-0.5823931128277681
2023-07-06,-0.0254165203757609,0.0563299730727238,val,INRIDR_RET,-0.22574409370673143,-0.16941412063400763
2023-07-07,0.288823294714127,0.0041144126809129,val,INRIDR_RET,-0.26525402826463657,-0.26113961558372367
2023-07-10,-0.219244716922771,-0.0517669424829819,val,INRIDR_RET,-0.4365742518259924,-0.4883411943089743
2023-07-11,0.6890202883807571,0.0224966187907117,val,INRIDR_RET,-0.2401369582884554,-0.2176403394977437
2023-07-12,-0.2377592563217357,-0.1303514386921667,val,INRIDR_RET,-0.45231322562817716,-0.5826646643203439
2023-07-13,-1.0367572174767248,0.0227674250246527,val,INRIDR_RET,-0.25653649533016626,-0.23376907030551355
2023-07-14,0.1386598405795722,0.2004822882646545,val,INRIDR_RET,-0.29421272307249846,-0.09373043480784396
2023-07-17,-0.0761214156127489,0.0390396731752338,val,INRIDR_RET,-0.2726746989040114,-0.23363502572877762
2023-07-18,0.2289848308654251,0.0394770899850681,val,INRIDR_RET,-0.2540976231104229,-0.21462053312535478
2023-07-19,0.0065407190558116,-0.0206117147887022,val,INRIDR_RET,-0.3938757875026744,-0.4144875022913766
2023-07-20,0.0567256325820691,0.0040980053444561,val,INRIDR_RET,-0.3116450248219228,-0.3075470194774667
2023-07-21,0.3708728787616379,0.0267360228883326,val,INRIDR_RET,-0.3241348333614196,-0.297398810473087
2023-07-24,-0.1105567153074094,-0.1311973088346726,val,INRIDR_RET,-0.4571429349322317,-0.5883402437669043
2023-07-25,0.2383171935723812,0.0188952236108943,val,INRIDR_RET,-0.3085269019213308,-0.2896316783104365
2023-07-26,-0.0960978170045777,-0.0667499444918689,val,INRIDR_RET,-0.4082804868189148,-0.4750304313107837
2023-07-27,-0.1974378576180678,0.001227085864909,val,INRIDR_RET,-0.2858877095841075,-0.2846606237191985
2023-07-28,0.0986462157852294,0.0561055871371012,val,INRIDR_RET,-0.23395351023357547,-0.17784792309647426
2023-07-31,0.1019520051502714,-0.09912803354116,val,INRIDR_RET,-0.31913843285323334,-0.41826646639439335
2023-08-01,0.1296994521459388,-0.0367713094771418,val,INRIDR_RET,-0.39953091625595055,-0.43630222573309235
2023-08-02,0.0886566350362159,0.0403296283958566,val,INRIDR_RET,-0.38236954782546906,-0.3420399194296125
2023-08-03,0.0702324940369671,0.0249100625888207,val,INRIDR_RET,-0.3219971318297223,-0.29708706924090156
2023-08-04,-0.4500290252390805,-0.0563214228901058,val,INRIDR_RET,-0.32051016071799837,-0.37683158360810415
2023-08-07,0.1207624707584482,0.0402585919216482,val,INRIDR_RET,-0.22990307680990155,-0.18964448488825336
2023-08-08,0.3899509496576409,-0.0739951254006283,val,INRIDR_RET,-0.3382134033051553,-0.4122085287057836
2023-08-09,-0.2797418187047804,-0.0010137706881428,val,INRIDR_RET,-0.4789116921574371,-0.4799254628455799
2023-08-10,-0.0270253510045507,0.0082699784484574,val,INRIDR_RET,-0.22543550503819326,-0.21716552658973587
2023-08-11,0.4215332169295646,0.0324211754605398,val,INRIDR_RET,-0.2833707216143128,-0.250949546153773
2023-08-14,0.2618137087763239,-0.0822438258739893,val,INRIDR_RET,-0.468621909852662,-0.5508657357266513
2023-08-15,-0.2089497357179315,-0.1185895539781164,val,INRIDR_RET,-0.45711940361450554,-0.575708957592622
2023-08-16,-0.1844761468653171,0.1071519666458842,val,INRIDR_RET,-0.2622194965746038,-0.1550675299287196
2023-08-17,0.2778410013524893,0.0265444524086247,val,INRIDR_RET,-0.2250189186279426,-0.1984744662193179
2023-08-18,0.1700292256588335,-0.0405781074174673,val,INRIDR_RET,-0.4227217515593021,-0.4632998589767694
2023-08-21,-0.6345590090448652,-0.0482222241668241,val,INRIDR_RET,-0.4041109534295401,-0.4523331775963642
2023-08-22,0.3320536920116627,0.1183713381299162,val,INRIDR_RET,-0.2645362728565982,-0.14616493472668202
2023-08-23,0.0359721276720183,-0.1249503112344123,val,INRIDR_RET,-0.40557324309366466,-0.530523554328077
2023-08-24,0.4887201942669761,0.0619687156603404,val,INRIDR_RET,-0.37955840373869826,-0.31758968807835786
2023-08-25,-0.4780008246635407,-0.2061698121691728,val,INRIDR_RET,-0.4752170322227432,-0.681386844391916
2023-08-28,0.2933263853537883,0.1807550716790583,val,INRIDR_RET,-0.22576332764610704,-0.045008255967048744
2023-08-29,-0.2457086112782441,-0.0108640089121569,val,INRIDR_RET,-0.35470795429528396,-0.36557196320744084
2023-08-30,-0.149218595798196,0.0450647822945826,val,INRIDR_RET,-0.22880944186092322,-0.18374465956634062
2023-08-31,-0.1208067541746205,0.0607545940420991,val,INRIDR_RET,-0.2347243153090373,-0.17396972126693822
2023-09-01,0.1202968322785503,0.0348968582298651,val,INRIDR_RET,-0.23714395235952018,-0.20224709412965508
2023-09-04,-0.0045201101206857,-0.0831165522894722,val,INRIDR_RET,-0.34071744086293676,-0.423833993152409
2023-09-05,-0.0848499517644232,-0.1456319678939697,val,INRIDR_RET,-0.3372399216844248,-0.4828718895783945
2023-09-06,0.041238991879109,0.1496022658357001,val,INRIDR_RET,-0.3282160781682959,-0.1786138123325958
2023-09-07,0.0421276931674413,-0.0049819776289236,val,INRIDR_RET,-0.25623095720454725,-0.26121293483347086
2023-09-08,0.0582147939879858,-0.0236256138091041,val,INRIDR_RET,-0.3213940081584964,-0.3450196219676005
2023-09-11,0.0962787600568967,-0.0341763191547502,val,INRIDR_RET,-0.3388962229423196,-0.3730725420970698
2023-09-12,0.243695547221497,-0.1089881904525918,val,INRIDR_RET,-0.3639433570123,-0.4729315474648918
2023-09-13,0.1933360931462378,0.0252035103390441,val,INRIDR_RET,-0.4596125742323369,-0.4344090638932928
2023-09-14,-0.0949192059253124,-0.0264853846579481,val,INRIDR_RET,-0.3832089039346178,-0.4096942885925659
2023-09-15,0.1629253189962982,-0.0016419054056092,val,INRIDR_RET,-0.27015158864938826,-0.2717934940549975
2023-09-18,-0.3880255962910904,-0.0589795419662256,val,INRIDR_RET,-0.3814065773815296,-0.44038611934775523
2023-09-19,-0.001511918566051,0.1024102638660692,val,INRIDR_RET,-0.2252024068561722,-0.122792142990103
2023-09-20,0.120733914650889,0.004140717890388,val,INRIDR_RET,-0.25766293722715383,-0.25352221933676583
2023-09-21,-0.0229660447738181,-0.0308334952805514,val,INRIDR_RET,-0.356785646766991,-0.3876191420475424
2023-09-22,0.4926306687895275,-0.0183756215734647,val,INRIDR_RET,-0.30251281484051984,-0.32088843641398457
2023-09-25,-0.3119432195626151,-0.1113120940374371,val,INRIDR_RET,-0.47952743491630817,-0.5908395289537453
2023-09-26,0.1760172629699031,0.0859717821688781,val,INRIDR_RET,-0.23361803481057497,-0.14764625264169687
2023-09-27,0.2444735576641728,-0.0133137183153993,val,INRIDR_RET,-0.34309957888882475,-0.35641329720422404
2023-09-28,0.5806201096326848,-0.0609867462403987,val,INRIDR_RET,-0.42552436952131567,-0.48651111576171435
2023-09-29,-0.5763609288847265,-0.1531016156079674,val,INRIDR_RET,-0.45927459748908783,-0.6123762130970553
2023-10-02,0.0221799254919928,0.1756918903248545,val,INRIDR_RET,-0.233618062046694,-0.0579261717218395
2023-10-03,0.0490618456803282,-0.1564166666414716,val,INRIDR_RET,-0.24342921696515268,-0.3998458836066243
2023-10-04,0.8364357463491182,-0.0506528371670233,val,INRIDR_RET,-0.4016544094569296,-0.4523072466239529
2023-10-05,-0.4626163890056095,-0.1740162493908282,val,INRIDR_RET,-0.37036807951762496,-0.5443843289084531
2023-10-06,0.5260960319548942,0.1122873875755577,val,INRIDR_RET,-0.22509393832105803,-0.11280655074550033
2023-10-09,-0.058707135387305,-0.075902291994091,val,INRIDR_RET,-0.47326925022959726,-0.5491715422236882
2023-10-10,0.389837447635448,0.1463578482768848,val,INRIDR_RET,-0.30689092616304103,-0.16053307788615623
2023-10-11,0.1965807971388849,-0.0827751937673308,val,INRIDR_RET,-0.41928088156280463,-0.5020560753301354
2023-10-12,-0.1235605011606421,-0.0090277698867652,val,INRIDR_RET,-0.43445489026592893,-0.4434826601526941
2023-10-13,0.23936140768082,0.0375880526547805,val,INRIDR_RET,-0.2542918258165384,-0.21670377316175793
2023-10-16,-0.4249864242860421,-0.1046377996485097,val,INRIDR_RET,-0.3998666299417654,-0.5045044295902751
2023-10-17,0.0930931415690629,-0.0595067913977693,val,INRIDR_RET,-0.22498117668834894,-0.28448796808611826
2023-10-18,0.2609700382410423,0.1246683671265166,val,INRIDR_RET,-0.37531903801541006,-0.2506506708888935
2023-10-19,0.4945910759370693,-0.0361583139489843,val,INRIDR_RET,-0.36695662377481103,-0.4031149377237953
2023-10-20,0.4853623038817008,-0.1545679011037508,val,INRIDR_RET,-0.478459665514903,-0.6330275666186538
2023-10-23,0.0305502669807461,-0.0973630509516553,val,INRIDR_RET,-0.45971288506287833,-0.5570759360145336
2023-10-24,0.194727161991461,0.00037311628180863816,val,INRIDR_RET,-0.3626319459642568,-0.36225882968244816
2023-10-25,0.0123142079077227,0.0227184902331206,val,INRIDR_RET,-0.3962555791480237,-0.37353708891490306
2023-10-26,-0.1606574462765458,-0.0254565636553659,val,INRIDR_RET,-0.2941710133827851,-0.31962757703815103
2023-10-27,0.1333410749721751,-0.0051771007455003,val,INRIDR_RET,-0.24822912066727656,-0.25340622141277686
2023-10-30,-0.2607464750039036,0.0314359853579832,val,INRIDR_RET,-0.3680975097061823,-0.3366615243481991
2023-10-31,-0.2409040952984676,-0.1438128993144914,val,INRIDR_RET,-0.2250066830108084,-0.36881958232529977
2023-11-01,-0.5738170115058341,0.2350256610948606,val,INRIDR_RET,-0.25992373783055794,-0.024898076735697355
2023-11-02,-1.31949493321265,0.1254157611597183,val,INRIDR_RET,-0.30416985751393777,-0.17875409635421946
2023-11-03,1.920833202379472,0.3440505816472085,val,INRIDR_RET,-0.06316313773081719,0.2808874439163913
2023-11-06,-1.522206846603036,-0.4403459229125835,val,INRIDR_RET,-0.2870735206646044,-0.7274194435771879
2023-11-07,-0.1549738520300178,0.3687084463149184,val,INRIDR_RET,-0.2888417382990093,0.07986670801590912
2023-11-08,0.4596982304372784,0.0549227491310026,val,INRIDR_RET,-0.25133175688745013,-0.19640900775644754
2023-11-09,-0.1585606472086443,-0.1144677156367457,val,INRIDR_RET,-0.4717099524336096,-0.5861776680703553
2023-11-10,0.5015578454208799,0.023565765706736,val,INRIDR_RET,-0.27972523425040857,-0.25615946854367255
2023-11-13,-0.170955897405706,-0.1324752309105762,val,INRIDR_RET,-0.4795682206087858,-0.612043451519362
2023-11-14,0.0196054417858546,-0.0613867730633249,val,INRIDR_RET,-0.2820399380659136,-0.3434267111292385
2023-11-15,-2.2346716856211843,0.1165078341528822,val,INRIDR_RET,-0.3384628233041533,-0.2219549891512711
2023-11-16,1.097974438095957,0.4467841544845549,val,INRIDR_RET,0.31405406222294363,0.7608382167074985
2023-11-17,-0.0034240810804621,-0.1884355374807593,val,INRIDR_RET,-0.45669464759704265,-0.645130185077802
2023-11-20,-0.6954744483820335,0.00986137293872,val,INRIDR_RET,-0.39165403748894484,-0.3817926645502248
2023-11-21,-0.149262800332958,0.1223369140532539,val,INRIDR_RET,-0.2888106406122192,-0.1664737265589653
2023-11-22,0.74373365630766,0.0066864744625022,val,INRIDR_RET,-0.2257756059191919,-0.2190891314566897
2023-11-23,0.4739326985983931,-0.2314584425922293,val,INRIDR_RET,-0.42882244055521496,-0.6602808831474443
2023-11-24,-0.512540108446284,-0.024736688258134,val,INRIDR_RET,-0.43996438792423415,-0.46470107618236817
2023-11-27,0.4540179285171201,0.0369914284322358,val,INRIDR_RET,-0.2443028700614483,-0.2073114416292125
2023-11-28,-0.66271163428674,-0.0866108581857093,val,INRIDR_RET,-0.4737851389179019,-0.5603959971036112
2023-11-29,-1.4149612644234038,0.1801482769501626,val,INRIDR_RET,-0.26234108254072436,-0.08219280559056175
2023-11-30,1.0705531241542448,0.2257677995583631,val,INRIDR_RET,0.09499283234871006,0.32076063190707316
2023-12-01,0.8924884882121614,-0.2208850875235136,val,INRIDR_RET,-0.3870010215469191,-0.6078861090704327
2023-12-04,-0.5612302919535209,-0.1971928911739611,val,INRIDR_RET,-0.3015221396685973,-0.4987150308425584
2023-12-05,0.2947471783820016,0.0823587608094091,val,INRIDR_RET,-0.2271114514321133,-0.1447526906227042
2023-12-06,-0.2847248950296774,-0.0078934364082099,val,INRIDR_RET,-0.40495891351809815,-0.41285234992630804
2023-12-07,0.1802682718365586,0.0143106319162215,val,INRIDR_RET,-0.22551828576912164,-0.21120765385290013
2023-12-08,0.0507451604913168,-0.0551587348593919,val,INRIDR_RET,-0.38211012565739366,-0.43726886051678554
2023-12-11,0.2974565654102969,-0.0797590233664988,val,INRIDR_RET,-0.351265279080679,-0.4310243024471778
2023-12-12,0.6601369492358197,-0.0753564866679536,val,INRIDR_RET,-0.46595628246350473,-0.5413127691314583
2023-12-13,-0.5627238325255093,-0.0761445411573643,val,INRIDR_RET,-0.42938798817632584,-0.5055325293336901
2023-12-14,-1.773593894401981,0.1119402883825717,val,INRIDR_RET,-0.24407408743929743,-0.13213379905672573
2023-12-15,1.2420210092874957,0.3362553616534898,val,INRIDR_RET,0.3634057679493385,0.6996611296028283
2023-12-18,-0.8980555995614184,-0.2993671673656152,val,INRIDR_RET,-0.36320862184337643,-0.6625757892089916
2023-12-19,1.0329244876646682,0.0918195324492617,val,INRIDR_RET,-0.267186607147517,-0.1753670746982553
2023-12-20,0.0274653278032845,-0.1000801537950301,val,INRIDR_RET,-0.3501548154510523,-0.4502349692460824
2023-12-21,0.195698672591335,0.0156948306380607,val,INRIDR_RET,-0.3624421054962354,-0.3467472748581747
2023-12-22,-0.3409309335662845,-0.0207327484765452,val,INRIDR_RET,-0.3891649599065132,-0.4098977083830584
2023-12-25,-0.2398508110652187,0.074098491372512,val,INRIDR_RET,-0.22497827780913354,-0.15087978643662153
2023-12-26,0.3203507386418626,0.0555855455095982,val,INRIDR_RET,-0.22488612914863376,-0.16930058363903555
2023-12-27,-0.4014746242088914,-0.0479511450525866,val,INRIDR_RET,-0.4284796486524619,-0.4764307937050485
2023-12-28,-0.2768860239309697,0.1090098181994433,val,INRIDR_RET,-0.22637246085461415,-0.11736264265517085
2023-12-29,1.503608736382383,0.0556201861983446,val,INRIDR_RET,-0.22907145060688397,-0.17345126440853936
2024-01-01,-1.4155924646687588,-0.3654494408633285,val,INRIDR_RET,-0.284742218764098,-0.6501916596274264
2024-01-02,0.0546210711081661,0.2591932756100997,val,INRIDR_RET,-0.2962112425443831,-0.037017966934283386
2024-01-03,0.6794305079877048,-0.0130263658782294,val,INRIDR_RET,-0.23296501708877343,-0.24599138296700282
2024-01-04,0.2937589678241726,-0.1609106172231328,val,INRIDR_RET,-0.4442552099701676,-0.6051658271933004
2024-01-05,-0.1902085127408978,-0.0423093040891302,val,INRIDR_RET,-0.4782559227492856,-0.5205652268384158
2024-01-08,-0.1567260483942232,0.0884381103076847,val,INRIDR_RET,-0.2448425907765427,-0.156404480468858
2024-01-09,0.2851454153739269,0.000611583802031365,val,INRIDR_RET,-0.22773780069417363,-0.22712621689214227
2024-01-10,0.1546008206026466,-0.0702879012454217,val,INRIDR_RET,-0.4365055832603549,-0.5067934845057765
2024-01-11,0.2588742193679733,-0.0391779992469551,val,INRIDR_RET,-0.4108309525193202,-0.4500089517662753
2024-01-12,-0.051171322969578,0.0605967314711149,val,INRIDR_RET,-0.4416775761862048,-0.3810808447150899
2024-01-15,-0.09734624943631,-0.0668278776723712,val,INRIDR_RET,-0.2551535458075431,-0.3219814234799143
2024-01-16,0.2910199424873211,-0.0257915216086248,val,INRIDR_RET,-0.28538907560477134,-0.31118059721339614
2024-01-17,0.2301709822622603,-0.0658566287682492,val,INRIDR_RET,-0.44839381360596636,-0.5142504423742156
2024-01-18,-0.1129762342826977,-0.0748168976913513,val,INRIDR_RET,-0.44092017437348785,-0.5157370720648391
2024-01-19,-0.0493530840909659,0.0244899189821915,val,INRIDR_RET,-0.28217363050006156,-0.25768371151787006
2024-01-22,-0.0343522139332214,0.0142217497703669,val,INRIDR_RET,-0.26813172983086325,-0.25390998006049637
2024-01-23,0.3843457776725008,0.0357789122300425,val,INRIDR_RET,-0.2779051544185765,-0.24212624218853399
2024-01-24,0.2274622122631596,-0.0126970170252434,val,INRIDR_RET,-0.45843935321533474,-0.47113637024057814
2024-01-25,0.1456823001905358,-0.1345253060917852,val,INRIDR_RET,-0.41779848127004265,-0.5523237873618279
2024-01-26,0.5348806509621258,-0.0393618662806235,val,INRIDR_RET,-0.4347947517397572,-0.47415661802038067
2024-01-29,-0.2260611413775979,-0.1047403476228661,val,INRIDR_RET,-0.47347190552612617,-0.5782122531489923
2024-01-30,0.3440854564486273,0.0351487495620565,val,INRIDR_RET,-0.2522264293215565,-0.2170776797595
2024-01-31,-0.21983846035496,-0.0603732642168099,val,INRIDR_RET,-0.44564191728817765,-0.5060151815049876
2024-02-01,-0.0338816153812656,0.0458660931504272,val,INRIDR_RET,-0.2419865208265031,-0.1961204276760759
2024-02-02,-0.1212355887554558,-0.0204044750666539,val,INRIDR_RET,-0.26597344447386395,-0.28637791954051783
2024-02-05,-0.0787932470114778,0.0312253943777252,val,INRIDR_RET,-0.2586772741089418,-0.2274518797312166
2024-02-06,-0.2255840715114797,0.0201577120813979,val,INRIDR_RET,-0.2557049079722464,-0.23554719589084847
2024-02-07,0.1765821481276018,-0.0013622036998999,val,INRIDR_RET,-0.2276829414048605,-0.2290451451047604
2024-02-08,-0.4782782989174228,-0.0312875146399188,val,INRIDR_RET,-0.38813703881109946,-0.41942455345101826
2024-02-09,0.117861700560214,0.0977613746942798,val,INRIDR_RET,-0.23718413659471102,-0.13942276190043124
2024-02-12,-0.4338005863857963,-0.0265007686514102,val,INRIDR_RET,-0.3082697230921895,-0.3347704917435997
2024-02-13,-0.0893903250294492,0.1693339889576251,val,INRIDR_RET,-0.23150405819378994,-0.06217006923616483
2024-02-14,0.4233005052509069,0.0387166748987862,val,INRIDR_RET,-0.2265919934367104,-0.18787531853792422
2024-02-15,-0.6566250373302116,-0.1179790997822553,val,INRIDR_RET,-0.46763952829488975,-0.585618628077145
2024-02-16,0.8019224552467695,0.1402545774268073,val,INRIDR_RET,-0.25441103698559897,-0.11415645955879167
2024-02-19,-0.2850245891125016,-0.1577966571875333,val,INRIDR_RET,-0.4537333533748808,-0.6115300105624141
2024-02-20,0.0285199353230047,0.0117437756654353,val,INRIDR_RET,-0.2504878780116454,-0.2387441023462101
2024-02-21,0.4039680587724936,0.0641725225656258,val,INRIDR_RET,-0.3066926504066509,-0.24252012784102508
2024-02-22,-0.2532640334376615,-0.0723452408595588,val,INRIDR_RET,-0.4558387061291331,-0.5281839469886919
2024-02-23,-0.2660908954608079,0.0581823121614954,val,INRIDR_RET,-0.23727332302543003,-0.17909101086393464
2024-02-26,-0.0236531819599298,0.0729884534848695,val,INRIDR_RET,-0.2250679981183176,-0.15207954463344808
2024-02-27,0.371597408432455,-0.0103171877109407,val,INRIDR_RET,-0.2600749779675487,-0.2703921656784894
2024-02-28,-0.023365208253624,-0.0819298535403791,val,INRIDR_RET,-0.4670418270247441,-0.5489716805651232
2024-02-29,0.4212535431990308,0.0089429541498517,val,INRIDR_RET,-0.32710285378677684,-0.31815989963692515
2024-03-01,-0.0503908384846292,-0.1057052337690346,val,INRIDR_RET,-0.47302197088785425,-0.5787272046568889
2024-03-04,0.00050669357713047,-0.0214398522995205,val,INRIDR_RET,-0.32547564970679027,-0.34691550200631077
2024-03-05,0.3934002471717102,0.0295012128277619,val,INRIDR_RET,-0.3091495421167869,-0.279648329289025
2024-03-06,-0.0610153613915841,-0.0524511522815519,val,INRIDR_RET,-0.46265190764891606,-0.515103059930468
2024-03-07,-0.4522149818252697,-0.0049630647316309,val,INRIDR_RET,-0.2949961202625578,-0.29995918499418867
2024-03-08,-0.2197314270795276,0.109578722247285,val,INRIDR_RET,-0.23722595810635247,-0.12764723585906745
2024-03-11,-0.5434556980500188,0.0535572941312099,val,INRIDR_RET,-0.22521075969921772,-0.1716534655680078
2024-03-12,-0.1495118522850327,0.0741874026841922,val,INRIDR_RET,-0.2668273285951088,-0.1926399259109166
2024-03-13,0.1116785286048315,0.0372876047589082,val,INRIDR_RET,-0.23016294717949612,-0.1928753424205879
2024-03-14,0.1847749695183628,-0.021729677880311,val,INRIDR_RET,-0.3350980585586437,-0.3568277364389547
2024-03-15,0.1966834888626908,-0.026367173733511,val,INRIDR_RET,-0.40214761288787015,-0.42851478662138115
2024-03-18,0.1519706838414519,-0.0622366689731409,val,INRIDR_RET,-0.40997656624977163,-0.47221323522291253
2024-03-19,0.6914120672682769,-0.0336367237268095,val,INRIDR_RET,-0.4058220861873081,-0.43945880991411757
2024-03-20,-0.3744645909624536,-0.1383299796792073,val,INRIDR_RET,-0.4331428216497417,-0.571472801328949
2024-03-21,-0.2121195345836244,0.0976808097997163,val,INRIDR_RET,-0.228665966450883,-0.1309851566511667
2024-03-22,0.0255314522646939,0.0710996896486342,val,INRIDR_RET,-0.2248557248712547,-0.1537560352226205
2024-03-25,0.0618135072581478,-0.0231372669030047,val,INRIDR_RET,-0.27912322232805414,-0.30226048923105886
2024-03-26,0.0932361876592735,-0.0602198801972491,val,INRIDR_RET,-0.3404874070386672,-0.4007072872359163
2024-03-27,0.3646049968560982,-0.00010430226593146716,val,INRIDR_RET,-0.37575626831481107,-0.3758605705807425
2024-03-28,0.2857050303173221,-0.0526711797174796,val,INRIDR_RET,-0.46286249102999966,-0.5155336707474792
2024-03-29,-0.0335814520810957,-0.0997021781797509,val,INRIDR_RET,-0.45540512700074354,-0.5551073051804944
2024-04-01,-0.1490017708525644,-0.00420666432403,val,INRIDR_RET,-0.3309061352992614,-0.3351127996232914
2024-04-02,0.5613710535539803,0.0424403464499354,val,INRIDR_RET,-0.24564631151622368,-0.2032059650662883
2024-04-03,0.128913945564156,-0.1523325790039138,val,INRIDR_RET,-0.4791912914070565,-0.6315238704109704
2024-04-04,-0.1467404598427528,-0.0135450081526754,val,INRIDR_RET,-0.43520799513509684,-0.44875300328777223
2024-04-05,-0.3231224638587427,0.0727208180704141,val,INRIDR_RET,-0.24878771215015788,-0.1760668940797438
2024-04-08,0.0691930361091269,0.0440550600249697,val,INRIDR_RET,-0.2301418916427877,-0.186086831617818
2024-04-09,0.2653700230515,-0.0187068157784093,val,INRIDR_RET,-0.3106768617536126,-0.3293836775320219
2024-04-10,-0.1071637192859917,-0.0317036730980883,val,INRIDR_RET,-0.43632610957674434,-0.46802978267483264
2024-04-11,0.4380318442369351,0.0465069142258532,val,INRIDR_RET,-0.267535794803111,-0.2210288805772578
2024-04-12,0.1310266803657833,-0.1538461106809809,val,INRIDR_RET,-0.4691290637426387,-0.6229751744236196
2024-04-15,0.3340034286687553,-0.0043056066533839,val,INRIDR_RET,-0.4366385103237163,-0.44094411697710023
2024-04-16,-0.0979167134282288,-0.1393975357021942,val,INRIDR_RET,-0.45538451908061867,-0.5947820547828129
2024-04-17,1.271583135686538,0.0008462613247041546,val,INRIDR_RET,-0.3186171347396929,-0.3177708734149887
2024-04-18,-0.3209237950888595,-0.2368964521076127,val,INRIDR_RET,-0.2836700685462594,-0.5205665206538721
2024-04-19,-0.0993755677819053,0.0973755015540154,val,INRIDR_RET,-0.2644400688064892,-0.16706456725247376
2024-04-22,0.1315137833669231,-0.0014804580155508,val,INRIDR_RET,-0.2342862573500433,-0.2357667153655941
2024-04-23,0.2189097574987514,-0.0230415123984749,val,INRIDR_RET,-0.3652526349197886,-0.3882941473182635
2024-04-24,-0.5298907311109373,-0.043684209485341,val,INRIDR_RET,-0.4186000585257817,-0.4622842680111227
2024-04-25,0.4244244717447708,0.1094270203400733,val,INRIDR_RET,-0.24400458445354037,-0.13457756411346705
2024-04-26,-0.0644743830341918,-0.0730824774944128,val,INRIDR_RET,-0.44776873270898754,-0.5208512102034003
2024-04-29,-0.1143943089724667,0.0387905770933111,val,INRIDR_RET,-0.3028576369243971,-0.264067059831086
2024-04-30,0.2065306937859366,0.0837031670183318,val,INRIDR_RET,-0.24351016646802062,-0.15980699944968882
2024-05-01,0.1093994113639507,-0.0903362080836704,val,INRIDR_RET,-0.36000617025629345,-0.4503423783399638
2024-05-02,-0.3986426641304473,-0.038634422222756,val,INRIDR_RET,-0.3988788912570599,-0.43751331347981587
2024-05-03,-0.5784389752640956,0.0667113942154359,val,INRIDR_RET,-0.22681207440716736,-0.16010068019173146
2024-05-06,-0.0927792641919239,0.0948920505636939,val,INRIDR_RET,-0.2770132095337005,-0.1821211589700066
2024-05-07,-0.3790616811920825,0.0641549907981894,val,INRIDR_RET,-0.23594817815431485,-0.17179318735612545
2024-05-08,0.2464110480643031,0.0550064690328803,val,INRIDR_RET,-0.2365856911607797,-0.1815792221278994
2024-05-09,0.0129306212834813,-0.0572672660419315,val,INRIDR_RET,-0.39480913092095127,-0.45207639696288276
2024-05-10,-0.2682315407353784,0.0073517616437007,val,INRIDR_RET,-0.3329691983866271,-0.32561743674292637
2024-05-13,-0.028444935784559,0.0871181976192776,val,INRIDR_RET,-0.2255758061569647,-0.13845760853768713
2024-05-14,0.5392987655876026,-0.0047106664545714,val,INRIDR_RET,-0.2539736868986579,-0.2586843533532293
2024-05-15,-0.1403190050825351,-0.0626707019199534,val,INRIDR_RET,-0.4773157754008948,-0.5399864773208483
2024-05-16,-1.0317281567120669,0.0382035253530404,val,INRIDR_RET,-0.266735189032235,-0.22853166367919459
2024-05-17,0.0276050565958622,0.2041636566381569,val,INRIDR_RET,-0.29181891080671607,-0.08765525416855918
2024-05-20,0.3741081052857717,0.0008410991460727086,val,INRIDR_RET,-0.2381693588250035,-0.2373282596789308
2024-05-21,0.4388790971814139,-0.0507039926898476,val,INRIDR_RET,-0.465011446625593,-0.5157154393154406
2024-05-22,-0.1644785251334702,-0.0875156446850432,val,INRIDR_RET,-0.4798058172964417,-0.5673214619814849
2024-05-23,0.2824843570881111,0.0307221755563166,val,INRIDR_RET,-0.26698523600250906,-0.23626306044619247
2024-05-24,0.3147624385522833,-0.0754201317064158,val,INRIDR_RET,-0.4229244819589435,-0.4983446136653593
2024-05-27,-0.0731819330020193,-0.0751810510660314,val,INRIDR_RET,-0.468848323268467,-0.5440293743344984
2024-05-28,0.093035571779497,0.0233364863024498,val,INRIDR_RET,-0.29979854561795766,-0.2764620593155079
2024-05-29,0.212724700130795,-0.0037182032239947,val,INRIDR_RET,-0.33271642160290843,-0.3364346248269031
2024-05-30,0.5205798321977222,-0.0208295147464959,val,INRIDR_RET,-0.40687900094501034,-0.42770851569150625
2024-05-31,0.02837498912524,-0.1231367656186843,val,INRIDR_RET,-0.47756667459074914,-0.6007034402094334
2024-06-03,-0.0633894073646609,-0.0182401453060784,val,INRIDR_RET,-0.37476295965956286,-0.3930031049656413
2024-06-04,0.1826311765667316,0.0177459641296231,val,INRIDR_RET,-0.27929391288330757,-0.2615479487536845
2024-06-05,-0.1934674018302775,-0.0172653260415388,val,INRIDR_RET,-0.3815675537109016,-0.3988328797524404
2024-06-06,0.5370411527458697,0.0062940464726111,val,INRIDR_RET,-0.2382440254080739,-0.23194997893546282
2024-06-07,-0.5609271187381306,-0.099607806198093,val,INRIDR_RET,-0.47845983327273595,-0.578067639470829
2024-06-10,0.1088155628060528,0.1315289304176316,val,INRIDR_RET,-0.239554846968713,-0.10802591655108137
2024-06-11,0.255180652492096,-0.0715642650551795,val,INRIDR_RET,-0.2887436739731306,-0.3603079390283101
2024-06-12,-0.120647151195278,-0.053003391391406,val,INRIDR_RET,-0.45172087700161306,-0.5047242683930191
2024-06-13,-0.3887067845893133,0.0208245412942887,val,INRIDR_RET,-0.2704499793278079,-0.2496254380335192
2024-06-14,0.3590512811018021,0.1110007920782378,val,INRIDR_RET,-0.2317848630031297,-0.12078407092489189
2024-06-17,1.1480091115139086,-0.0861890471172786,val,INRIDR_RET,-0.421301413936626,-0.5074904610539046
2024-06-18,0.0444606159866805,-0.229875591681852,val,INRIDR_RET,-0.28571320628250996,-0.515588797964362
2024-06-19,-0.4456924469468778,0.0251291900042301,val,INRIDR_RET,-0.4324313339845534,-0.40730214398032333
2024-06-20,-0.0428396385652816,0.0725530246088437,val,INRIDR_RET,-0.24120735994518122,-0.1686543353363375
2024-06-21,0.4572784803082695,0.0200056366933718,val,INRIDR_RET,-0.2540262062374689,-0.2340205695440971
2024-06-24,-0.2501708693998765,-0.0919857590191652,val,INRIDR_RET,-0.47654960983865313,-0.5685353688578183
2024-06-25,-0.1755818804950588,0.0582485240470299,val,INRIDR_RET,-0.24229181827793217,-0.18404329423090227
2024-06-26,0.0969814788810996,0.0474531072217374,val,INRIDR_RET,-0.22892415684995854,-0.18147104962822114
2024-06-27,0.0024338047020595,-0.0438408633047617,val,INRIDR_RET,-0.32259320955097165,-0.3664340728557334
2024-06-28,-0.2082572015776793,-0.0173988007825877,val,INRIDR_RET,-0.32098082845399517,-0.3383796292365829
2024-07-01,-0.0919639601822278,0.045478653228502,val,INRIDR_RET,-0.2353491532299821,-0.1898705000014801
2024-07-02,0.1986886573416259,0.0572688592567128,val,INRIDR_RET,-0.24761234735971294,-0.19034348810300014
2024-07-03,-0.0391943270724343,-0.0553990774495021,val,INRIDR_RET,-0.36958956797384795,-0.4249886454233501
2024-07-04,-0.3261252857667348,0.0302567811058756,val,INRIDR_RET,-0.30642248950445283,-0.27616570839857724
2024-07-05,-0.0730359133775145,0.0955749147889315,val,INRIDR_RET,-0.22655976904323022,-0.13098485425429873
2024-07-08,-0.4871720423502513,0.0201827860857655,val,INRIDR_RET,-0.23988398124468593,-0.21970119515892045
2024-07-09,0.2153874585739014,0.1022161176006205,val,INRIDR_RET,-0.24806178912895335,-0.14584567152833283
2024-07-10,-0.0436290031369686,-0.0479635990019812,val,INRIDR_RET,-0.35501790024569313,-0.40298149924767435
2024-07-11,-0.4900104864591184,0.0113009518618705,val,INRIDR_RET,-0.3008749296300954,-0.28957397776822486
2024-07-12,-0.6090704072937383,0.1239448830935394,val,INRIDR_RET,-0.24687995048601785,-0.12293506739247845
2024-07-15,0.0226796342198719,0.0671828699505866,val,INRIDR_RET,-0.29364757565838356,-0.22646470570779698
2024-07-16,0.4581055292537772,-0.0201312379131565,val,INRIDR_RET,-0.2795575335459104,-0.2996887714590669
2024-07-17,-0.0665259894120402,-0.0877795836978387,val,INRIDR_RET,-0.4795760728150898,-0.5673556565129285
2024-07-18,-0.2675066850412974,0.0081019804054389,val,INRIDR_RET,-0.30881899099079013,-0.3007170105853512
2024-07-19,0.1685958625016713,0.0218863977575886,val,INRIDR_RET,-0.225574613238551,-0.2036882154809624
2024-07-22,0.0627621791962775,-0.0387612848680824,val,INRIDR_RET,-0.3723046095056771,-0.4110658943737595
2024-07-23,0.1580716187983548,0.0002344764811121695,val,INRIDR_RET,-0.34900571784774903,-0.34877124136663684
2024-07-24,-0.031322965427749,-0.0720460276037861,val,INRIDR_RET,-0.37798975501137,-0.4500357826151561
2024-07-25,0.1046084065643691,-0.0296897149067102,val,INRIDR_RET,-0.318244855696245,-0.3479345706029552
2024-07-26,0.5699118076379569,-0.0684699710752198,val,INRIDR_RET,-0.36592460332078425,-0.43439457439600404
2024-07-29,-0.3242726558372019,-0.1365976761104129,val,INRIDR_RET,-0.4601141242019615,-0.5967118003123744
2024-07-30,0.0876649516251034,0.0902363336502529,val,INRIDR_RET,-0.2359474795739866,-0.1457111459237337
2024-07-31,0.1780021709510537,-0.021541032508157,val,INRIDR_RET,-0.2977071553842367,-0.3192481878923937
2024-08-01,-0.4258268955687429,-0.068461578057851,val,INRIDR_RET,-0.39878546104772,-0.46724703910557097
2024-08-02,0.1286515016014455,0.0231703556320527,val,INRIDR_RET,-0.22662656560182784,-0.20345620996977515
2024-08-05,-1.6557663266397653,-0.0325791206854176,val,INRIDR_RET,-0.35104711659413323,-0.3836262372795508
2024-08-06,0.8979347201848249,0.2373926356515885,val,INRIDR_RET,0.1257534046735722,0.36314604032516073
2024-08-07,-0.2636214169265337,-0.1822307484159906,val,INRIDR_RET,-0.45405835839840414,-0.6362891068143948
2024-08-08,-0.8126599610295167,0.0390244432462695,val,INRIDR_RET,-0.26538168228606307,-0.22635723903979357
2024-08-09,-0.3304822490104676,0.2051744081004143,val,INRIDR_RET,-0.30791125851141254,-0.10273685041099825
2024-08-12,-0.3357981063396822,0.1133501684987398,val,INRIDR_RET,-0.2537905219641249,-0.14044035346538508
2024-08-13,0.2664407131162718,0.0519845442024089,val,INRIDR_RET,-0.23753125554474078,-0.18554671134233186
2024-08-14,-1.2530190488203885,-0.0436583017117667,val,INRIDR_RET,-0.4059399380133925,-0.4495982397251592
2024-08-15,-0.9323057942541656,0.2950163719312829,val,INRIDR_RET,-0.24020194704623893,0.054814424885043955
2024-08-16,0.8913884849810723,0.1725599480210576,val,INRIDR_RET,-0.23071637615821053,-0.05815642813715294
2024-08-19,-0.3883325502798749,-0.1385895808306687,val,INRIDR_RET,-0.4353377823200271,-0.5739273631506958
2024-08-20,-1.0121011294941993,0.0983252239888879,test,INRIDR_RET,-0.22731776945045387,-0.12899254546156597
2024-08-21,-0.4048394848913121,0.2209409298521963,test,INRIDR_RET,-0.2806702613321698,-0.05972933147997353
2024-08-22,0.1413594242361053,0.055798298766165,test,INRIDR_RET,-0.2729607602090796,-0.21716246144291462
2024-08-23,1.5047510623241578,-0.0429592912643119,test,INRIDR_RET,-0.3407999798881249,-0.3837592711524368
2024-08-26,-2.107670718724421,-0.2932907606321419,test,INRIDR_RET,-0.2870364660799005,-0.5803272267120424
2024-08-27,0.4704624003513778,0.402983932413716,test,INRIDR_RET,0.31384416872743304,0.716828101141149
2024-08-28,-0.0160765284509693,-0.1100136944660275,test,INRIDR_RET,-0.33159236006840587,-0.44160605453443336
2024-08-29,-0.1990685281822062,0.0191429105916139,test,INRIDR_RET,-0.3450992080514918,-0.3259562974598779
2024-08-30,0.0863671261853239,0.0230759136013394,test,INRIDR_RET,-0.23090475086251352,-0.20782883726117413
2024-09-02,0.555245852160972,-0.0231069645282143,test,INRIDR_RET,-0.32947873333104255,-0.35258569785925686
2024-09-03,-0.1072581987811063,-0.105375214686982,test,INRIDR_RET,-0.4728211003299057,-0.5781963150168877
2024-09-04,0.0550406937492161,0.0517464601468406,test,INRIDR_RET,-0.2980208595045176,-0.24627439935767703
2024-09-05,-0.609731647100765,-0.0628118190083664,test,INRIDR_RET,-0.3003948090229476,-0.363206628031314
2024-09-06,-0.1788788308752437,0.0832065547135989,test,INRIDR_RET,-0.2561405279186734,-0.17293397320507453
2024-09-09,-0.0766764012441982,0.0542475142435616,test,INRIDR_RET,-0.2263535666198937,-0.17210605237633209
2024-09-10,0.3377059061787719,-0.0715647468336435,test,INRIDR_RET,-0.24942819323697962,-0.3209929400706231
2024-09-11,0.206798938610517,-0.0505933400710663,test,INRIDR_RET,-0.4725063294600165,-0.5230996695310828
2024-09-12,-0.3489045929610234,-0.0443788622378851,test,INRIDR_RET,-0.4253552701430239,-0.469734132380909
2024-09-13,-0.049775780329691,0.0677094954826007,test,INRIDR_RET,-0.22485301272533773,-0.157143517242737
2024-09-16,-0.1072387117056266,0.0125946329714638,test,INRIDR_RET,-0.253384629644297,-0.24078999667283318
2024-09-17,-0.0510301968674022,0.0075997380434384,test,INRIDR_RET,-0.25267285826690644,-0.24507312022346806
2024-09-18,-0.1250499649730791,0.0294360439983595,test,INRIDR_RET,-0.2739140775367691,-0.2444780335384096
2024-09-19,-0.1981526326805273,0.0552792884910702,test,INRIDR_RET,-0.24318918699392755,-0.18790989850285736
2024-09-20,-0.580790951739705,0.0396035301828667,test,INRIDR_RET,-0.22700399303785984,-0.18740046285499315
2024-09-23,-0.1345738945929633,0.1403596466147872,test,INRIDR_RET,-0.271820395667517,-0.13146074905272978
2024-09-24,0.0457431489684251,0.0691802873524856,test,INRIDR_RET,-0.2256067077839001,-0.1564264204314145
2024-09-25,-0.3594590652965732,-0.0304517294427933,test,INRIDR_RET,-0.28842969244174027,-0.31888142188453356
2024-09-26,0.4627103259620743,0.1333331781902988,test,INRIDR_RET,-0.2252011902943208,-0.09186801210402201
2024-09-27,-0.8604429111095858,-0.1239438017472571,test,INRIDR_RET,-0.45257488653753863,-0.5765186882847957
2024-09-30,0.1993263709240845,0.2250376325723719,test,INRIDR_RET,-0.29422345451004467,-0.06918582193767278
2024-10-01,0.2149387308421276,-0.0719216509923955,test,INRIDR_RET,-0.2874469762213759,-0.3593686272137714
2024-10-02,0.5380712382659927,-0.0568621126782399,test,INRIDR_RET,-0.4374146677988999,-0.49427678047713985
2024-10-03,0.3579723405723752,-0.1304483821058261,test,INRIDR_RET,-0.469897393484153,-0.600345775589979
2024-10-04,0.7572272758947923,-0.0110716971089795,test,INRIDR_RET,-0.4797943532956065,-0.490866050404586
2024-10-07,1.2189917700114197,-0.1775063013609977,test,INRIDR_RET,-0.4171201944962899,-0.5946264958572876
2024-10-08,0.6746767220288206,-0.3037941365063867,test,INRIDR_RET,-0.2832916239530298,-0.5870857604594165
2024-10-09,-0.3330454376418763,-0.1429270811535765,test,INRIDR_RET,-0.3372694491920787,-0.4801965303456552
2024-10-10,-0.1464614103397319,0.0913915559598918,test,INRIDR_RET,-0.23548673619975538,-0.14409518023986356
2024-10-11,0.0356888192566847,0.0419841105376891,test,INRIDR_RET,-0.2284790821358674,-0.1864949715981783
2024-10-14,-0.9618072185371256,-0.0074879896815698,test,INRIDR_RET,-0.2960182900094453,-0.30350627969101507
2024-10-15,0.2130914363285396,0.1719092120560852,test,INRIDR_RET,-0.3085915537731259,-0.13668234171704072
2024-10-16,0.0267920540520152,-0.0215206759215282,test,INRIDR_RET,-0.3184703920029661,-0.3399910679244943
2024-10-17,0.0541268146074089,-0.0183555702397404,test,INRIDR_RET,-0.32199005336656006,-0.34034562360630044
2024-10-18,-0.6022610927127064,-0.0470276094130018,test,INRIDR_RET,-0.3341282069247498,-0.38115581633775164
2024-10-21,-0.1856841128161936,0.1204988823659689,test,INRIDR_RET,-0.2578936347014233,-0.1373947523354544
2024-10-22,0.5680612921336284,0.0475890215280158,test,INRIDR_RET,-0.22484950211360968,-0.17726048058559388
2024-10-23,0.1801799436062474,-0.1453058761242523,test,INRIDR_RET,-0.47911143344858653,-0.6244173095728388
2024-10-24,0.5123267795257644,-0.0078811976353374,test,INRIDR_RET,-0.4513082407461943,-0.4591894383815317
2024-10-25,-0.2822040552038738,-0.1317524380552518,test,INRIDR_RET,-0.47912545808128754,-0.6108778961365393
2024-10-28,0.4014113726939162,0.0662809978870426,test,INRIDR_RET,-0.24419347546418557,-0.17791247757714296
2024-10-29,0.3737907533351493,-0.0968399008633875,test,INRIDR_RET,-0.45440039451439146,-0.551240295377779
2024-10-30,0.149318681749567,-0.046848540030065,test,INRIDR_RET,-0.4792746234612445,-0.5261231634913095
2024-10-31,-0.4606163810373262,-0.0398132330986674,test,INRIDR_RET,-0.39714176825919634,-0.43695500135786375
2024-11-01,0.1085859364702273,0.0849388186708631,test,INRIDR_RET,-0.23327704809709643,-0.14833822942623331
2024-11-04,0.7675737877922431,-0.0306622293403334,test,INRIDR_RET,-0.3099623792033133,-0.34062460854364673
2024-11-05,-0.3512406617194269,-0.1604273073799157,test,INRIDR_RET,-0.4054736681048999,-0.5659009754848155
2024-11-06,-0.7517713020333936,0.0676921458517373,test,INRIDR_RET,-0.2353575017700754,-0.1676653559183381
2024-11-07,0.8129871952680526,0.1942290611805687,test,INRIDR_RET,-0.30526233765351546,-0.11103327647294675
2024-11-08,-1.724116564531404,-0.2359079460217545,test,INRIDR_RET,-0.4648955144005407,-0.7008034604222952
2024-11-11,0.4810031646805924,0.408520530070272,test,INRIDR_RET,-0.019770354041626203,0.3887501760286458
2024-11-12,0.7339098118296982,-0.1524276611537299,test,INRIDR_RET,-0.33412833375297746,-0.48655599490670737
2024-11-13,0.1529086049311649,-0.1556537238525196,test,INRIDR_RET,-0.3706589983097391,-0.5263127221622587
2024-11-14,0.3357553936839427,-0.0498615644408393,test,INRIDR_RET,-0.44550862453435,-0.49537018897518925
2024-11-15,0.4816805827541367,-0.0997963564546254,test,INRIDR_RET,-0.4678671687610894,-0.5676635252157148
2024-11-18,-0.2683271784430297,-0.086420677105209,test,INRIDR_RET,-0.4723065361732597,-0.5587272132784686
2024-11-19,-0.4440234632998124,0.0322917111980033,test,INRIDR_RET,-0.2370747440773717,-0.2047830328793684
2024-11-20,0.0706358751535098,0.129342820715217,test,INRIDR_RET,-0.24218967099352692,-0.11284685027830993
2024-11-21,0.6216548063707394,0.0107926395920471,test,INRIDR_RET,-0.27388402176738225,-0.2630913821753351
2024-11-22,-0.7303220569515909,-0.1708871885241739,test,INRIDR_RET,-0.4666541699907231,-0.637541358514897
2024-11-25,0.8371866407781146,0.0404120836452892,test,INRIDR_RET,-0.25878443472516144,-0.21837235107987224
2024-11-26,-0.1744074796610646,-0.1100533485435401,test,INRIDR_RET,-0.40604896872179375,-0.5161023172653338
2024-11-27,0.2264719856580452,-0.0461660574849044,test,INRIDR_RET,-0.27170154473943386,-0.31786760222433824
2024-11-28,-0.5145563707822992,-0.0384769384163658,test,INRIDR_RET,-0.4317390335534608,-0.4702159719698266
2024-11-29,0.0306140742524345,0.0980912597622012,test,INRIDR_RET,-0.24214712915745462,-0.14405586939525342
2024-12-02,-0.4101233010981072,-0.0201944394641811,test,INRIDR_RET,-0.27051300005499684,-0.29070743951917793
2024-12-03,0.2976488556240932,0.0333968587112854,test,INRIDR_RET,-0.229492505073089,-0.1960956463618036
2024-12-04,0.2521309393651838,-0.0808787106397334,test,INRIDR_RET,-0.42826439166275343,-0.5091431023024868
2024-12-05,-0.2379803509015093,-0.0351566444302574,test,INRIDR_RET,-0.45373408903919876,-0.48889073346945616
2024-12-06,-0.3934410704923142,0.0678810153792243,test,INRIDR_RET,-0.23325153755858996,-0.16537052217936565
2024-12-09,-0.0674031953247003,0.118463782590347,test,INRIDR_RET,-0.23955532027800627,-0.12109153768765928
2024-12-10,0.0271849678541112,-0.0217824745695673,test,INRIDR_RET,-0.23629482430993431,-0.2580772988795016
2024-12-11,0.2455068713074355,0.0470540681786326,test,INRIDR_RET,-0.3223147887090479,-0.2752607205304153
2024-12-12,0.3650544954620455,-0.0558056540088649,test,INRIDR_RET,-0.3982554822155728,-0.45406113622443767
2024-12-13,0.0486572031533295,-0.0675237340960411,test,INRIDR_RET,-0.4743724736180603,-0.5418962077141014
2024-12-16,0.4089326830776656,-0.0375817639247415,test,INRIDR_RET,-0.3565726624480189,-0.3941544263727604
2024-12-17,-0.5786311831900691,-0.0702257097848862,test,INRIDR_RET,-0.4775333663616991,-0.5477590761465853
2024-12-18,-0.1784323973987633,0.1244958037385854,test,INRIDR_RET,-0.2482689293199517,-0.1237731255813663
2024-12-19,1.0722463452254616,0.0118424869501026,test,INRIDR_RET,-0.22486020186313838,-0.21301771491303578
2024-12-20,-1.1546280036265846,-0.322349883197445,test,INRIDR_RET,-0.31332986075426444,-0.6356797439517095
2024-12-23,1.500543007183759,0.3364218070781339,test,INRIDR_RET,-0.30643890988294065,0.02998289719519326
2024-12-24,0.1791201921413357,-0.2552959607333466,test,INRIDR_RET,-0.2930533126453227,-0.5483492733786692
2024-12-25,-1.6305210647734616,-0.0297394471110073,test,INRIDR_RET,-0.47621014050103055,-0.5059495876120379
2024-12-26,-6.081448873196212,0.264434719592562,test,INRIDR_RET,0.1012139942753956,0.3656487138679576
2024-12-27,7.3452762689646205,1.1495187531572146,test,INRIDR_RET,0.8641159397359393,2.013634692893154
2024-12-30,-0.2145880745480227,-1.3507911051040435,test,INRIDR_RET,0.5135610767190175,-0.837230028385026
2024-12-31,-1.040848175925276,0.0580378241085377,test,INRIDR_RET,-0.2973701180823954,-0.2393322939738577
2025-01-01,0.0,0.1631806945817766,test,INRIDR_RET,-0.2841514067649153,-0.1209707121831387
2025-01-02,0.8978244988818985,-0.0034742408452415,test,INRIDR_RET,-0.24111567773543172,-0.24458991858067322
2025-01-03,-0.2026404666374442,-0.2255950296817156,test,INRIDR_RET,-0.36490693022935605,-0.5905019599110717
2025-01-06,-0.0852818594762032,-0.0276374057501952,test,INRIDR_RET,-0.30963107443422794,-0.3372684801844231
2025-01-07,0.0931976834537262,0.0206692000587528,test,INRIDR_RET,-0.2742993826199876,-0.2536301825612348
2025-01-08,-0.2790711176254143,0.0748189817036564,test,INRIDR_RET,-0.3341516158970481,-0.2593326341933917
2025-01-09,0.067241399312054,0.0621546849000857,test,INRIDR_RET,-0.22639590807906132,-0.1642412231789756
2025-01-10,0.2901636454743087,-0.0507083485854868,test,INRIDR_RET,-0.3012226574625779,-0.3519310060480647
2025-01-13,-0.1206989026045321,-0.0589493444371207,test,INRIDR_RET,-0.45616519236004993,-0.5151145367971707
2025-01-14,-0.3682293749247235,-0.0164247470454316,test,INRIDR_RET,-0.2727028442354865,-0.28912759128091814
2025-01-15,0.2851069868226255,0.1075603553196853,test,INRIDR_RET,-0.22626480194691317,-0.11870444662722787
2025-01-16,0.3704046618580853,-0.0250787752174229,test,INRIDR_RET,-0.38793825749409955,-0.41301703271152246
2025-01-17,-0.1535015790316178,-0.1259387328254488,test,INRIDR_RET,-0.46993637930014187,-0.5958751121255906
2025-01-20,0.0324614781603801,-0.0027221359095003,test,INRIDR_RET,-0.28665118064589856,-0.2893733165553989
2025-01-21,-0.334515594020598,0.0066205590107699,test,INRIDR_RET,-0.31553508529696267,-0.30891452628619276
2025-01-22,0.247847613210368,0.1551100820872704,test,INRIDR_RET,-0.22568155542764917,-0.07057147334037878
2025-01-23,-0.6259638031642338,-0.060660607896754,test,INRIDR_RET,-0.34448245293761665,-0.4051430608343706
2025-01-24,0.0258908202096924,0.1307356075783174,test,INRIDR_RET,-0.2600331499604083,-0.12929754238209093
2025-01-27,-0.132676693640359,-0.0158856258237637,test,INRIDR_RET,-0.25736298443818956,-0.27324861026195324
2025-01-28,-0.3649538934594784,0.0524483845425733,test,INRIDR_RET,-0.2535967126004913,-0.20114832805791802
2025-01-29,-1.8473662202292649,0.0479578560095781,test,INRIDR_RET,-0.23281410085052706,-0.18485624484094895
2025-01-30,2.157158804185481,0.3377278607893771,test,INRIDR_RET,0.3689962189706328,0.7067240797600098
2025-01-31,0.2171413318235475,-0.4618316036968025,test,INRIDR_RET,-0.260796705748178,-0.7226283094449805
2025-02-03,0.5170091684361047,-0.1075664536226995,test,INRIDR_RET,-0.4485410979629359,-0.5561075515856354
2025-02-04,-0.5793081380701466,-0.2672411362121579,test,INRIDR_RET,-0.4635380264815284,-0.7307791626936864
2025-02-05,-0.3426541256145246,0.237331491173411,test,INRIDR_RET,-0.22486926981225283,0.012462221361158182
2025-02-06,-0.23999720435252,0.1098961573375562,test,INRIDR_RET,-0.26317369500121923,-0.15327753766366303
2025-02-07,-0.1134810570668969,0.1400910427598397,test,INRIDR_RET,-0.22614950662071365,-0.08605846386087396
2025-02-10,0.0105339243377145,-0.0212005298735693,test,INRIDR_RET,-0.22699250156704354,-0.24819303144061283
2025-02-11,0.1206335217245464,-0.0760272962866195,test,INRIDR_RET,-0.31385863239714273,-0.38988592868376226
2025-02-12,0.859793888132352,0.0022090391854314,test,INRIDR_RET,-0.3973826074648699,-0.3951735682794385
2025-02-13,0.1214646888035431,-0.1184803616850512,test,INRIDR_RET,-0.3819270208600968,-0.5004073825451479
2025-02-14,-0.8191232868289307,0.0278909146497221,test,INRIDR_RET,-0.4177024446228957,-0.3898115299731736
2025-02-17,0.0849367622472614,0.1973541695094416,test,INRIDR_RET,-0.3075920174479466,-0.11023784793850502
2025-02-18,-0.1947796742821144,-0.0477809994686116,test,INRIDR_RET,-0.2549500887081964,-0.302731088176808
2025-02-19,0.5589470130854062,0.0154392093401343,test,INRIDR_RET,-0.24507414461603488,-0.2296349352759006
2025-02-20,0.1965911897812765,-0.0769214089584048,test,INRIDR_RET,-0.47736518352636104,-0.5542865924847659
2025-02-21,-0.1351521978656277,-0.0718393964309428,test,INRIDR_RET,-0.4320960524567599,-0.5039354488877027
2025-02-24,0.1119039485072296,0.0395167976034542,test,INRIDR_RET,-0.27210077879587447,-0.23258398119242027
2025-02-25,-0.1775578751408209,-0.0595315678086963,test,INRIDR_RET,-0.33407984951243713,-0.3936114173211334
2025-02-26,-0.2372018725452609,0.0037841524512452,test,INRIDR_RET,-0.25321986331890267,-0.24943571086765748
2025-02-27,0.2338191933661522,0.079286733146582,test,INRIDR_RET,-0.22815075739200574,-0.14886402424542375
2025-02-28,0.9429047203671446,-0.0664104915808063,test,INRIDR_RET,-0.37630563797220495,-0.44271612955301126
2025-03-03,-0.3484279780203788,-0.2370745694602186,test,INRIDR_RET,-0.32750279031674195,-0.5645773597769606
2025-03-04,-0.2756643360400935,0.0712983249613744,test,INRIDR_RET,-0.2552838038470202,-0.18398547888564581
2025-03-05,-0.3108210670170672,0.0334602693671088,test,INRIDR_RET,-0.2259818153669906,-0.1925215459998818
2025-03-06,-0.2980259422459957,0.1539748170876572,test,INRIDR_RET,-0.22583812762751265,-0.07186331053985545
2025-03-07,0.0512048471860707,0.0861506575346322,test,INRIDR_RET,-0.23799567509369213,-0.15184501755905994
2025-03-10,-0.117754857336516,-0.0562118083518406,test,INRIDR_RET,-0.2835174852256259,-0.3397292935774665
2025-03-11,-0.1300000245361243,0.0239147293678375,test,INRIDR_RET,-0.27278262360905897,-0.24886789424122147
2025-03-12,0.848580969665525,-0.0131040038331539,test,INRIDR_RET,-0.24332977060081576,-0.25643377443396964
2025-03-13,-0.9447601335138346,-0.0992838698492865,test,INRIDR_RET,-0.3803072911207767,-0.4795911609700632
2025-03-14,0.1959592461290692,0.1465739350643817,test,INRIDR_RET,-0.3074819529212361,-0.16090801785685438
2025-03-17,0.3593095838776807,-0.1103021339231943,test,INRIDR_RET,-0.32252218290870177,-0.43282431683189604
2025-03-18,0.325782321467547,-0.0227251597932594,test,INRIDR_RET,-0.47922522850919447,-0.5019503883024539
2025-03-19,1.271126216678699,0.0009506734372569808,test,INRIDR_RET,-0.45842220670462425,-0.4574715332673673
2025-03-20,-0.8452052512364718,-0.2677879741079325,test,INRIDR_RET,-0.2836932574135881,-0.5514812315215205
2025-03-21,0.600694173392694,0.1312492803981038,test,INRIDR_RET,-0.2626231421051877,-0.13137386170708393
2025-03-24,0.9545278152725076,-0.1607035996187512,test,INRIDR_RET,-0.4792169383319238,-0.6399205379506749
2025-03-25,0.8737022883131049,-0.163657562402175,test,INRIDR_RET,-0.30116312954507807,-0.46482069194725306
2025-03-26,0.2041680535672471,-0.1972809869108386,test,INRIDR_RET,-0.31939698669504907,-0.5166779736058876
2025-03-27,-0.5401621466046705,-0.0262366062168943,test,INRIDR_RET,-0.47109470081437443,-0.4973313070312687
2025-03-28,0.0558999828424046,0.0716397144470246,test,INRIDR_RET,-0.24936497396540983,-0.17772525951838522
2025-03-31,0.2674226652350339,0.0104996479448137,test,INRIDR_RET,-0.2917985152541691,-0.2812988673093554
2025-04-01,0.5461679208058248,-0.1463081721781126,test,INRIDR_RET,-0.4251541299949307,-0.5714623021730433
2025-04-02,0.3096847578656411,-0.1106837497295644,test,INRIDR_RET,-0.44424896061111985,-0.5549327103406843
2025-04-03,-0.0025853798519399,-0.0543781649002496,test,INRIDR_RET,-0.4742988127319094,-0.5286769776321589
2025-04-04,0.4357124171083552,-0.0936729536850257,test,INRIDR_RET,-0.32371902760490534,-0.41739198128993105
2025-04-07,-0.2992609956294684,-0.0207318252389782,test,INRIDR_RET,-0.47855806112309796,-0.49928988636207616
2025-04-08,0.1205013890679434,-0.0974542426060376,test,INRIDR_RET,-0.22544392427694,-0.32289816688297757
2025-04-09,0.6837841816978533,0.0354080869550999,test,INRIDR_RET,-0.4075916593504898,-0.3721835723953899
2025-04-10,-1.1937282547145482,-0.149283204136934,test,INRIDR_RET,-0.4574652797888512,-0.6067484839257852
2025-04-11,0.1090015207113371,0.4004292395121872,test,INRIDR_RET,-0.2973524223974736,0.10307681711471356
2025-04-14,-0.1942832829070867,-0.0075826592570028,test,INRIDR_RET,-0.22502345568046397,-0.23260611493746677
2025-04-15,0.1244244069880699,0.1158062639526753,test,INRIDR_RET,-0.23613399066985558,-0.12032772671718027
2025-04-16,0.5698195673879131,0.0269574424672035,test,INRIDR_RET,-0.3028623186588452,-0.2759048761916417
2025-04-17,0.0114850001802406,-0.1579139216817446,test,INRIDR_RET,-0.4774280749334311,-0.6353419966151757
2025-04-18,0.0,0.0513853743833608,test,INRIDR_RET,-0.38384764727777004,-0.3324622728944092
2025-04-21,0.0,-0.0034742408452415,test,INRIDR_RET,-0.27677619758382727,-0.28025043842906877
2025-04-22,0.6613870651574686,-0.0034742408452415,test,INRIDR_RET,-0.30047780857444084,-0.30395204941968235
2025-04-23,0.170307015156659,-0.1287990774774425,test,INRIDR_RET,-0.4528027217046246,-0.5816017991820671
2025-04-24,-0.385157496273135,-0.0714179767398963,test,INRIDR_RET,-0.44206937967010773,-0.513487356410004
2025-04-25,-0.1173477668735391,0.0458105972056212,test,INRIDR_RET,-0.22488399892463837,-0.17907340171901717
2025-04-28,0.1153146659638134,0.0439474072362143,test,INRIDR_RET,-0.2411208435444966,-0.1971734363082823
2025-04-29,0.0968153106763004,-0.0228422519105175,test,INRIDR_RET,-0.33356219977623575,-0.3564044516867532
2025-04-30,-0.5083425532392626,-0.0037347458904194,test,INRIDR_RET,-0.35836875460548584,-0.36210350049590523
2025-05-01,-0.2444716633263073,0.0825549282770602,test,INRIDR_RET,-0.24752251485222485,-0.16496758657516464
2025-05-02,0.1669719676881496,0.0730791734474005,test,INRIDR_RET,-0.2251417006320344,-0.1520625271846339
2025-05-05,-0.6816939402292186,-0.0087739668491522,test,INRIDR_RET,-0.34507639029263615,-0.35385035714178836
2025-05-06,0.1279018665206059,0.2771600090768654,test,INRIDR_RET,-0.2826370171020331,-0.005477008025167707
2025-05-07,-0.613417263625766,0.0060518776881653,test,INRIDR_RET,-0.24449567062178465,-0.23844379293361934
2025-05-08,0.3398092597043391,0.0831234575414542,test,INRIDR_RET,-0.2716239979176682,-0.18850054037621403
2025-05-09,-1.2037115607231623,-0.1043030518993979,test,INRIDR_RET,-0.4250523498607617,-0.5293554017601596
2025-05-12,0.814343164309249,0.273843648431863,test,INRIDR_RET,-0.28399911256157095,-0.01015546412970797
2025-05-13,1.3970518766136082,-0.1447322131251407,test,INRIDR_RET,-0.47765142259416576,-0.6223836357193064
2025-05-14,-0.6484132834940228,-0.3324661059468464,test,INRIDR_RET,-0.28697990729517703,-0.6194460132420234
2025-05-15,-0.74960868769109,0.1557344116168705,test,INRIDR_RET,-0.22490956410904234,-0.06917515249217185
2025-05-16,-0.2306443516418902,0.1283815009597127,test,INRIDR_RET,-0.3098606872704997,-0.181479186310787
2025-05-19,-0.2151258814663514,0.0566603827384886,test,INRIDR_RET,-0.22674210807654893,-0.17008172533806032
2025-05-20,-0.2084498721302931,0.0092128533832329,test,INRIDR_RET,-0.2257656965439315,-0.2165528431606986
2025-05-21,-0.3442127800111766,0.0603778159505645,test,INRIDR_RET,-0.2309816665328624,-0.17060385058229788
2025-05-22,-0.4133465816684037,0.0615972761369676,test,INRIDR_RET,-0.23116982108817546,-0.16957254495120785
2025-05-23,-0.3797777634822374,0.1072803457753376,test,INRIDR_RET,-0.24194268606724403,-0.13466234029190643
2025-05-26,0.0102309348110297,0.0560128958320381,test,INRIDR_RET,-0.24416347679366146,-0.18815058096162335
2025-05-27,0.2485313997120239,0.0215074392129545,test,INRIDR_RET,-0.2790362358934499,-0.2575287966804954
2025-05-28,-0.0189579077877746,-0.0427044232807639,test,INRIDR_RET,-0.41181938724828954,-0.45452381052905344
2025-05-29,0.0132323242385117,-0.000535846629279658,test,INRIDR_RET,-0.3100099603431131,-0.31054580697239276
2025-05-30,0.0717926151883001,-0.0247313284644032,test,INRIDR_RET,-0.30527360309621276,-0.33000493156061594
2025-06-02,-0.0129409873518446,0.0148756811657095,test,INRIDR_RET,-0.34643011059996837,-0.3315544294342589
2025-06-03,-0.01749740764788,-0.0385298191306854,test,INRIDR_RET,-0.28654239520369357,-0.32507221433437894
2025-06-04,-0.1343005361436348,0.0094211892664846,test,INRIDR_RET,-0.3087135643023786,-0.299292375035894
2025-06-05,-0.4784565539686326,0.030473465591023,test,INRIDR_RET,-0.24592787693773374,-0.21545441134671073
2025-06-06,-0.2461325219755627,0.1029255811741601,test,INRIDR_RET,-0.24837252640392182,-0.1454469452297617
2025-06-09,0.4919946257668566,0.0309392952515537,test,INRIDR_RET,-0.2261005880602649,-0.1951612928087112
2025-06-10,-0.151180566742024,-0.0730502333732195,test,INRIDR_RET,-0.4787263107363632,-0.5517765441095827
2025-06-11,-0.0702049894598202,0.0455559032063043,test,INRIDR_RET,-0.26655973822261186,-0.22100383501630755
2025-06-12,-2.7202135801630463,0.0096845375536699,test,INRIDR_RET,-0.253912816750591,-0.2442282791969211
2025-06-13,2.164658191194337,0.5140564834061898,test,INRIDR_RET,0.3049438269433314,0.8190003103495211
2025-06-16,0.0756245091007422,-0.3549930325419477,test,INRIDR_RET,-0.28482435231463327,-0.6398173848565809
2025-06-17,-2.8341249014180727,-0.0151880105020947,test,INRIDR_RET,-0.47573292343803353,-0.4909209339401282
2025-06-18,2.655928999801038,0.5385878706408559,test,INRIDR_RET,0.37111922690607196,0.9097070975469279
2025-06-19,-4.535641284750434,-0.524604512369259,test,INRIDR_RET,-0.13257791595050894,-0.6571824283197679
2025-06-20,4.984075777989285,0.8530536477831812,test,INRIDR_RET,1.4631359452363037,2.3161895930194847
2025-06-23,0.2538847650234924,-0.9161417830254034,test,INRIDR_RET,0.7706991083617077,-0.14544267466369565
2025-06-24,0.0299941880744109,-0.0851820878148506,test,INRIDR_RET,-0.29224557301048604,-0.37742766082533663
2025-06-25,-0.1085725105133495,0.0525343750571363,test,INRIDR_RET,-0.35605363364061093,-0.3035192585834746
2025-06-26,-0.11785536576845,-0.0034496913012964,test,INRIDR_RET,-0.24159893215301176,-0.24504862345430817
2025-06-27,-0.0176159098012033,0.0723515657930119,test,INRIDR_RET,-0.25433116889471846,-0.18197960310170658
2025-06-30,0.2849341736164313,-0.0130466531972457,test,INRIDR_RET,-0.26235549833326666,-0.27540215153051234
2025-07-01,-0.2961095384414733,-0.0755236931380972,test,INRIDR_RET,-0.4416509737304231,-0.5171746668685203
2025-07-02,0.1225263401077224,0.0997332664534891,test,INRIDR_RET,-0.23057767364934695,-0.13084440719585785
2025-07-03,-0.0685074598118078,-0.067536589742704,test,INRIDR_RET,-0.30955387588927263,-0.3770904656319766
2025-07-04,0.2455851152123628,0.0133130840782865,test,INRIDR_RET,-0.2984372244990658,-0.28512414042077927
2025-07-07,-0.3662087534099082,-0.0409508467407209,test,INRIDR_RET,-0.41422962615924713,-0.45518047289996805
2025-07-08,0.4054098590964538,0.0622206159477522,test,INRIDR_RET,-0.22509315061953614,-0.16287253467178392
2025-07-09,-0.1402833164786659,-0.0658471941700517,test,INRIDR_RET,-0.45686108865795555,-0.5227082828280073
2025-07-10,-0.161310463517058,0.0317919088726531,test,INRIDR_RET,-0.26791272082714257,-0.23612081195448947
2025-07-11,-0.1903406465310807,0.0115539866377763,test,INRIDR_RET,-0.23493756091427997,-0.22338357427650368
2025-07-14,-0.021279500548516,0.0376544910185065,test,INRIDR_RET,-0.2334058561261344,-0.19575136510762792
2025-07-15,0.0393453928672909,0.0187113500619364,test,INRIDR_RET,-0.273795455719921,-0.25508410565798456
2025-07-16,-0.0539599211477976,-0.0140008205306198,test,INRIDR_RET,-0.3085237822133951,-0.3225246027440149
2025-07-17,0.2430147804698165,0.0159319339836185,test,INRIDR_RET,-0.281426435343259,-0.2654945013596405
2025-07-18,0.1712527113533254,-0.0560297475695395,test,INRIDR_RET,-0.41184658346938224,-0.46787633103892173
2025-07-21,-0.1718749847662012,-0.0353012575503822,test,INRIDR_RET,-0.411938748217149,-0.4472400057675312
2025-07-22,-0.0021268344439047,0.0350002219000104,test,INRIDR_RET,-0.24785044801211864,-0.21285022611210824
2025-07-23,-0.687942103129332,0.0188685434913572,test,INRIDR_RET,-0.2826039645869992,-0.263735421095642
2025-07-24,0.0632322816572086,0.1346981979181048,test,INRIDR_RET,-0.28907933792854296,-0.15438114001043815
2025-07-25,0.2145609570672699,-0.0125785394262702,test,INRIDR_RET,-0.26901438199471844,-0.28159292142098863
2025-07-28,0.1940214866376645,-0.0349992053542167,test,INRIDR_RET,-0.41187274380136496,-0.44687194915558165
2025-07-29,-0.0336745504162771,-0.054278210659043,test,INRIDR_RET,-0.41273965942633,-0.467017870085373
2025-07-30,-0.5171838930567695,-0.0165186082114,test,INRIDR_RET,-0.308509313315328,-0.325027921526728
2025-07-31,-0.3861972719844245,0.0865561551614171,test,INRIDR_RET,-0.24675459345288062,-0.16019843829146352
2025-08-01,0.5986034635949411,0.0160555708418865,test,INRIDR_RET,-0.24155061044755788,-0.22549503960567138
2025-08-04,0.2793980045660801,-0.0752785992106159,test,INRIDR_RET,-0.4721262154646454,-0.5474048146752613
2025-08-05,-1.4767890861758963,-0.0467572133038061,test,INRIDR_RET,-0.4601694793583854,-0.5069266926621915
2025-08-06,0.2885232082358365,0.269328635188613,test,INRIDR_RET,-0.07745350447377439,0.1918751307148386
2025-08-07,-0.3065769377149182,-0.0395051244669693,test,INRIDR_RET,-0.3078391020823789,-0.3473442265493482
2025-08-08,0.163264484882447,0.0706008667663252,test,INRIDR_RET,-0.22603286338792106,-0.15543199662159585
2025-08-11,-0.3763730458527098,-0.0274345367907777,test,INRIDR_RET,-0.34444446291589664,-0.3718789997066743
2025-08-12,0.0999064272596424,0.0630091901587941,test,INRIDR_RET,-0.2260936570982629,-0.16308446693946882
2025-08-13,-0.2273983315292294,-0.0116658112863872,test,INRIDR_RET,-0.3163711117147381,-0.3280369230011253
2025-08-14,-0.6940463697139733,0.0633735930862635,test,INRIDR_RET,-0.2312562026206857,-0.1678826095344222
2025-08-15,0.0956444906999955,0.1360935285763685,test,INRIDR_RET,-0.29751017192736684,-0.16141664335099834
2025-08-18,0.3711805164377769,-0.048335497374622,test,INRIDR_RET,-0.2812237142635418,-0.3295592116381638
2025-08-19,0.3071035980741808,-0.0717123109744119,test,INRIDR_RET,-0.4741699274404203,-0.5458822384148322
2025-08-20,0.6775328373165715,-0.067980197265625,test,INRIDR_RET,-0.4663307394281264,-0.5343109366937514
2025-08-21,-0.0013447168873618,-0.1598936313428063,test,INRIDR_RET,-0.4257114265203873,-0.5856050578631936
2025-08-22,0.1510718513364747,-0.0254210037223762,test,INRIDR_RET,-0.37835196377406843,-0.40377296749644465
2025-08-25,-0.7341522769395674,-0.0228804912429215,test,INRIDR_RET,-0.38741115832649425,-0.4102916495694158
2025-08-26,-0.0721932798048154,0.1657318091294198,test,INRIDR_RET,-0.2898849669434084,-0.12415315781398858
2025-08-27,0.2067660088086887,-0.0225896484584924,test,INRIDR_RET,-0.22847134386066753,-0.2510609923191599
2025-08-28,0.0241122428981918,-0.0455658559932209,test,INRIDR_RET,-0.4128936535417784,-0.4584595095349993
2025-08-29,0.2624814333593219,-0.0051906567338093,test,INRIDR_RET,-0.3327057885455219,-0.3378964452793312
2025-09-01,-0.2678568054377973,-0.0358261132023456,test,INRIDR_RET,-0.42969253937377055,-0.46551865257611613
2025-09-02,0.1731128953352818,0.0436363869285201,test,INRIDR_RET,-0.229131876402448,-0.1854954894739279
2025-09-03,0.2391587414363332,-0.0445521468388585,test,INRIDR_RET,-0.3634385532689198,-0.40799070010777827
2025-09-04,0.0312313977281115,-0.0618006197630393,test,INRIDR_RET,-0.43618217710396195,-0.49798279686700125
2025-09-05,-0.2022819073937992,-0.0081051169285049,test,INRIDR_RET,-0.3446338256356519,-0.35273894256415683
2025-09-08,-0.3584861709016601,0.039742755291259,test,INRIDR_RET,-0.23474346547611097,-0.19500071018485196
2025-09-09,0.5631388585830809,0.0975114962432707,test,INRIDR_RET,-0.2304143591187642,-0.13290286287549352
2025-09-10,-0.2468153645209652,-0.1138396724063351,test,INRIDR_RET,-0.47901161428749134,-0.5928512866938265
2025-09-11,0.1208134168098599,0.0386676594409475,test,INRIDR_RET,-0.24884931526672838,-0.21018165582578088
2025-09-12,-0.397601828228431,-0.0211432555480102,test,INRIDR_RET,-0.33905230225320554,-0.36019555780121576
2025-09-15,-0.0877779716915976,0.0799203633151827,test,INRIDR_RET,-0.22815721682359544,-0.14823685350841276
2025-09-16,-0.0478099514963337,0.0199885953974806,test,INRIDR_RET,-0.24008754699525545,-0.22009895159777484
2025-09-17,0.4759650062506059,0.0150986911995505,test,INRIDR_RET,-0.27039145206749343,-0.25529276086794295
2025-09-18,0.0952426002156286,-0.0756506832907469,test,INRIDR_RET,-0.4787135911376616,-0.5543642744284085
2025-09-19,0.5760970871421804,-0.0362876295976665,test,INRIDR_RET,-0.38460041919979393,-0.42088804879746045
2025-09-22,0.5311425479103535,-0.1138047383158156,test,INRIDR_RET,-0.46632268358772844,-0.580127421903544
2025-09-23,-0.5637847446636162,-0.1515094239933042,test,INRIDR_RET,-0.45838965966184797,-0.6098990836551521
2025-09-24,-0.2615907674146014,0.1475396578928478,test,INRIDR_RET,-0.23213687911953287,-0.08459722122668509
2025-09-25,0.4057627647818272,0.0417214617875019,test,INRIDR_RET,-0.23173405176654321,-0.1900125899790413
2025-09-26,0.388809394452568,-0.0881575757782312,test,INRIDR_RET,-0.4626889709959138,-0.550846546774145
2025-09-29,-0.1070996860450356,-0.1171575741772282,test,INRIDR_RET,-0.4795339915363113,-0.5966915657135395
2025-09-30,-0.6009257809359327,0.0366021240146785,test,INRIDR_RET,-0.3035340495709977,-0.2669319255563192
2025-10-01,0.1767958510289082,0.0897596750613937,test,INRIDR_RET,-0.2754287957405243,-0.1856691206791306
2025-10-02,-0.0557801060312044,-0.057852828847173,test,INRIDR_RET,-0.3415558094085201,-0.3994086382556931
2025-10-03,-0.2982117189233786,0.0026094124811132,test,INRIDR_RET,-0.2998323902284652,-0.297222977747352
2025-10-06,-0.2791615962961893,0.0437286051907415,test,INRIDR_RET,-0.22487542057220425,-0.18114681538146274
2025-10-07,0.2480245768643748,0.0901735498685838,test,INRIDR_RET,-0.22503494781661784,-0.13486139794803403
2025-10-08,-0.0814872683241839,-0.0174472929353629,test,INRIDR_RET,-0.3779968225044172,-0.3954441154397801
2025-10-09,-0.2260489978266684,0.0376065974480719,test,INRIDR_RET,-0.27182183458429143,-0.23421523713621953
2025-10-10,0.0316753969374032,0.0340316609044385,test,INRIDR_RET,-0.22624833286552276,-0.19221667196108427
2025-10-13,0.2441031496338216,-0.0355343941484929,test,INRIDR_RET,-0.29780513516025564,-0.33333952930874855
2025-10-14,-0.1977615977971489,-0.0842170009691566,test,INRIDR_RET,-0.4345673633724062,-0.5187843643415628
2025-10-15,0.0964491413860076,0.0125518515276208,test,INRIDR_RET,-0.25459845992435853,-0.24204660839673772
2025-10-16,1.0362433934135196,0.0115721117328581,test,INRIDR_RET,-0.33994814863612643,-0.32837603690326833
2025-10-17,-0.2852046239705244,-0.2391313289848352,test,INRIDR_RET,-0.3229687744089957,-0.5621001033938309
2025-10-20,0.0115716219663249,0.0613598047118129,test,INRIDR_RET,-0.27891775388296297,-0.21755794917115007
2025-10-21,-0.0059107034073131,-0.0106485765030464,test,INRIDR_RET,-0.27741633317518843,-0.28806490967823484
2025-10-22,0.205104581058534,0.0048477647849405,test,INRIDR_RET,-0.3010613117690283,-0.2962135469840878
2025-10-23,0.2835051185062435,-0.0597107877881506,test,INRIDR_RET,-0.39913182622546745,-0.45884261401361803
2025-10-24,-0.060958773148762,-0.0545302935950778,test,INRIDR_RET,-0.45686904075152057,-0.5113993343465983
2025-10-27,-0.0328460077842847,0.0207483795888208,test,INRIDR_RET,-0.29595814328269027,-0.27520976369386946
2025-10-28,-3.130825198805364,0.0228117774615285,test,INRIDR_RET,-0.2758962499904036,-0.25308447252887506
2025-10-29,2.4631346740569917,0.5980505086674546,test,INRIDR_RET,0.7388415927960329,1.3368921014634876
2025-10-30,-0.1346968207358724,-0.4656052056905972,test,INRIDR_RET,-0.24858621443327578,-0.714191420123873
2025-10-31,-2.84556675691289,0.0070253977077199,test,INRIDR_RET,-0.4530662805144945,-0.44604088280677456
2025-11-03,2.769983510655047,0.5612133058715705,test,INRIDR_RET,0.40203923680171455,0.963252542673285
2025-11-04,0.1241192233884818,-0.5287196121429165,test,INRIDR_RET,-0.07342490741620394,-0.6021445195591204
2025-11-05,0.3867256430984124,-0.0145826348128769,test,INRIDR_RET,-0.4562382716613846,-0.4708209064742615
2025-11-06,-0.030175352658348,-0.174424804163298,test,INRIDR_RET,-0.4710681807911371,-0.6454929849544351
2025-11-07,0.0194509873429113,0.0275719781281251,test,INRIDR_RET,-0.37104281346441975,-0.34347083533629463
2025-11-10,-0.2295791530571835,-0.0202013133061981,test,INRIDR_RET,-0.29519538299195264,-0.31539669629815076
2025-11-11,0.1665665671969498,0.0872121512623889,test,INRIDR_RET,-0.23220378375670778,-0.14499163249431887
2025-11-12,0.3009557838836453,-0.0195220688859214,test,INRIDR_RET,-0.33762661682307404,-0.35714868570899544
2025-11-13,0.0600219874581744,-0.0518783327932887,test,INRIDR_RET,-0.44964081051110494,-0.5015191433043936
2025-11-14,-0.3101739852295621,0.0017709058414273,test,INRIDR_RET,-0.35436136753251896,-0.35259046169109165
2025-11-17,-0.085435337421743,0.0619182973607155,test,INRIDR_RET,-0.22486835163235755,-0.16295005427164205
2025-11-18,0.4074888902858617,0.0212390403049578,test,INRIDR_RET,-0.2449827162392635,-0.2237436759343057
2025-11-19,0.0223436875703812,-0.1029053597922934,test,INRIDR_RET,-0.46800559844461237,-0.5709109582369057
2025-11-20,-0.1667754358343455,0.0231667932279156,test,INRIDR_RET,-0.36125663824329823,-0.33808984501538264
2025-11-21,0.0337277459496017,0.0047653946292618,test,INRIDR_RET,-0.23551961503002955,-0.23075422040076776
2025-11-24,-1.6076745611829786,-0.0062397790129049,test,INRIDR_RET,-0.31251753237905494,-0.31875731139195984
2025-11-25,0.5799647141017402,0.3173139171893247,test,INRIDR_RET,0.10193034251009525,0.41924425969942
2025-11-26,-0.0722544833617544,-0.0983206537543623,test,INRIDR_RET,-0.4275906235147964,-0.5259112772691587
2025-11-27,-0.127007675962212,0.007791973199412,test,INRIDR_RET,-0.31112256922754256,-0.30333059602813056
2025-11-28,-0.2910852704736259,0.0861673934842711,test,INRIDR_RET,-0.2483403643286069,-0.1621729708443358
2025-12-01,0.203691691562642,0.0560805692546017,test,INRIDR_RET,-0.2282302363789371,-0.1721496671243354
2025-12-02,-0.4500034635192041,-0.0397371230301682,test,INRIDR_RET,-0.3727666861905626,-0.41250380922073077
2025-12-03,-0.3337950294769219,0.0651418733098578,test,INRIDR_RET,-0.23187843196661856,-0.16673655865676076
2025-12-04,-0.3770857301260473,0.0851778095513688,test,INRIDR_RET,-0.2304963657822787,-0.1453185562309099
2025-12-05,0.7345355929220827,0.0786935277437895,test,INRIDR_RET,-0.23971630352040776,-0.16102277577661828
2025-12-08,0.0585454823710223,-0.181847855459045,test,INRIDR_RET,-0.4553976105870423,-0.6372454660460873
2025-12-09,-0.1952651079134742,0.0011663712022904,test,INRIDR_RET,-0.41790339718710734,-0.41673702598481693
2025-12-10,0.092775764598878,0.0382429121011691,test,INRIDR_RET,-0.23434241716955959,-0.1960995050683905
2025-12-11,-0.0002435708552337,0.0020213076152373,test,INRIDR_RET,-0.3250852167968376,-0.32306390918160033
2025-12-12,-0.4508989158379248,0.0220707523715938,test,INRIDR_RET,-0.2978467722315623,-0.2757760198599685
2025-12-15,-0.5140420461514515,0.0926599200313535,test,INRIDR_RET,-0.2415891817078786,-0.1489292616765251
2025-12-16,-0.0839797086281881,0.1131426431246421,test,INRIDR_RET,-0.26890270830124763,-0.1557600651766055
2025-12-17,-0.1965093398718151,0.0163571452137105,test,INRIDR_RET,-0.23422122802719117,-0.21786408281348066
2025-12-18,0.6646760732919411,0.032856820550666,test,INRIDR_RET,-0.23167525920758641,-0.19881843865692042
2025-12-19,0.3439424490377563,-0.154663188132062,test,INRIDR_RET,-0.4617764762228587,-0.6164396643549207
2025-12-22,0.722581630832762,-0.0543559628401661,test,INRIDR_RET,-0.47980149332808175,-0.5341574561682478
2025-12-23,0.4281459012564888,-0.1436626777194107,test,INRIDR_RET,-0.41379392892670946,-0.5574566066461202
2025-12-24,-0.0205999681240893,-0.0394418413450129,test,INRIDR_RET,-0.47384313586422333,-0.5132849772092363
2025-12-25,0.0,0.0065690005275329,test,INRIDR_RET,-0.30767160122192405,-0.30110260069439115
2025-12-26,-0.5577878126590384,-0.0034742408452415,test,INRIDR_RET,-0.2958947045662392,-0.2993689454114807
2025-12-29,0.2357941588840128,0.1285916199992203,test,INRIDR_RET,-0.25769899357688003,-0.12910737357765972
2025-12-30,0.0938068841607204,-0.05059605341166,test,INRIDR_RET,-0.35193556068069554,-0.40253161409235555
2025-12-31,-0.2190298241100322,-0.0630853586504979,test,INRIDR_RET,-0.37112158534229456,-0.43420694399279247
2026-01-01,0.0,0.0478882902725526,test,INRIDR_RET,-0.24283269475136207,-0.19494440447880948
2026-01-02,-0.4598839651515944,-0.0034742408452415,test,INRIDR_RET,-0.27818201984129803,-0.28165626068653954
2026-01-05,0.0398270255000356,0.0900130915242092,test,INRIDR_RET,-0.23872551073412396,-0.14871241920991476
2026-01-06,0.0138107764185054,-0.0460945907943375,test,INRIDR_RET,-0.2772565612975585,-0.323351152091896
2026-01-07,0.1626154795385488,0.0545104553822787,test,INRIDR_RET,-0.32777566420116216,-0.27326520881888344
2026-01-08,0.4008436069643394,-0.0084058124553531,test,INRIDR_RET,-0.35240145776324694,-0.36080727021860004
2026-01-09,0.2684578406842861,-0.1033032473077494,test,INRIDR_RET,-0.47250266261652774,-0.5758059099242772
2026-01-12,-0.2421623869221884,-0.094542085385811,test,INRIDR_RET,-0.46464329824624157,-0.5591853836320526
2026-01-13,0.308697769294313,0.0617496180783582,test,INRIDR_RET,-0.24491416484341694,-0.18316454676505872
2026-01-14,-0.2659262055599092,-0.0526159465897771,test,INRIDR_RET,-0.420816305074044,-0.4734322516638211
2026-01-15,0.1250547657921081,0.0506263173175816,test,INRIDR_RET,-0.23160947962061937,-0.18098316230303776
2026-01-16,0.0028248907744566,-0.0421183719726031,test,INRIDR_RET,-0.3351171412200273,-0.3772355131926304
2026-01-19,-0.3896337134932585,-0.0018944662339389,test,INRIDR_RET,-0.3203229030528667,-0.3222173692868056
2026-01-20,0.1460541157107313,0.067642765904692,test,INRIDR_RET,-0.229261688278261,-0.161618922373569
2026-01-21,-0.1105381616874859,0.019734796005534,test,INRIDR_RET,-0.33714552282412513,-0.3174107268185911
2026-01-22,-0.8309852758216966,0.0368889960503327,test,INRIDR_RET,-0.2496132545362832,-0.2127242584859505
2026-01-23,-0.4801116606981149,0.162388162470396,test,INRIDR_RET,-0.30883929300396884,-0.14645113053357284
2026-01-26,-0.2351087501798076,0.1674293669062162,test,INRIDR_RET,-0.27646395142090957,-0.10903458451469336
2026-01-27,-0.4464292115011931,0.0520613470360355,test,INRIDR_RET,-0.23092154510707427,-0.17886019807103876
2026-01-28,-0.1598619386657448,0.0563724775631931,test,INRIDR_RET,-0.2463341615080239,-0.1899616839448308
2026-01-29,-0.2637643438048069,0.0852943836560057,test,INRIDR_RET,-0.23118422214919798,-0.1458898384931923
2026-01-30,0.6130211598666901,0.0806615516060641,test,INRIDR_RET,-0.22610062428982497,-0.14543907268376088
2026-02-02,-0.0152252873938491,-0.1682688641406562,test,INRIDR_RET,-0.4783388536124336,-0.6466077177530898
2026-02-03,1.5845745352149463,-0.0485768831193057,test,INRIDR_RET,-0.3755456381265394,-0.4241225212458451
2026-02-04,-0.1926926862041821,-0.3509379898923924,test,INRIDR_RET,-0.28571275245111505,-0.6366507423435075
2026-02-05,0.5743387873975176,0.0649749349618012,test,INRIDR_RET,-0.3781974847023862,-0.31322254974058494
2026-02-06,0.2640991538305976,-0.1252915134713567,test,INRIDR_RET,-0.4795814580269041,-0.6048729714982608
2026-02-09,-0.517918229113638,-0.0862315063338329,test,INRIDR_RET,-0.46868105365193624,-0.5549125599857692
2026-02-10,-0.5412689142967927,0.1813894091878097,test,INRIDR_RET,-0.2348294335092129,-0.053440024321403184
2026-02-11,0.1517462739635816,0.1256255817535927,test,INRIDR_RET,-0.2918905112585266,-0.1662649295049339
2026-02-12,-0.0683037836934753,-0.1007569314077587,test,INRIDR_RET,-0.311148770699942,-0.4119057021077007
2026-02-13,0.2791710166205657,0.024993936800495,test,INRIDR_RET,-0.31420724633124,-0.289213309530745
2026-02-16,0.0938428876849084,-0.0964172274190257,test,INRIDR_RET,-0.4239717745136285,-0.5203890019326542
2026-02-17,-0.3495343502420646,-0.0162769468968917,test,INRIDR_RET,-0.394246281471387,-0.4105232283682787
2026-02-18,0.3714047106733493,0.0999376474676059,test,INRIDR_RET,-0.2253469449190992,-0.12540929745149332
2026-02-19,0.2617177475654291,-0.0981521869321426,test,INRIDR_RET,-0.4312594049970559,-0.5294115919291985
2026-02-20,-0.4386011632175289,-0.0557300386219866,test,INRIDR_RET,-0.461586663832854,-0.5173167024548406
2026-02-23,0.0863471775369243,0.08748686081181,test,INRIDR_RET,-0.22876747856627697,-0.14128061775446699
2026-02-24,-0.5553862747869052,-0.0017423658958963,test,INRIDR_RET,-0.2983601029750034,-0.30010246887089975
2026-02-25,0.1865986543236796,0.0942592694409171,test,INRIDR_RET,-0.2575573984055859,-0.16329812896466878
2026-02-26,-0.4354935691305505,-0.0297090396122418,test,INRIDR_RET,-0.34427782668026813,-0.37398686629250993
2026-02-27,-0.0667776710487942,0.1232312959294459,test,INRIDR_RET,-0.23131620782114123,-0.10808491189169533
2026-03-02,0.1949673894465253,-0.0357240745857547,test,INRIDR_RET,-0.2355071505451806,-0.2712312251309353
2026-03-03,-0.1257160124816617,-0.080354798966471,test,INRIDR_RET,-0.41350664667868026,-0.4938614456451513
2026-03-04,-0.2771107548628252,0.0482891125198784,test,INRIDR_RET,-0.2792075364276484,-0.23091842390777
2026-03-05,-0.3203317744109716,0.0398148524455136,test,INRIDR_RET,-0.22509688768686234,-0.18528203524134873
2026-03-06,0.6503007784652045,0.0637483844008542,test,INRIDR_RET,-0.22682202611744096,-0.16307364171658675
2026-03-09,-0.0998754384646531,-0.1887334273405231,test,INRIDR_RET,-0.47143432887429915,-0.6601677562148223
2026-03-10,0.5582927632157705,-0.0120975751818477,test,INRIDR_RET,-0.34249012316121336,-0.35458769834306103
2026-03-11,-1.2315187880803344,-0.0175050156167943,test,INRIDR_RET,-0.47405456376872745,-0.49155957938552175
2026-03-12,0.1206195241957339,0.2674245239918671,test,INRIDR_RET,-0.23780951960702237,0.02961500438484474
2026-03-13,-0.0324789196451533,-0.0457489900702224,test,INRIDR_RET,-0.24512411670698223,-0.2908731067772046
2026-03-16,0.0726520720717708,-0.0153406862946008,test,INRIDR_RET,-0.3050393697901498,-0.32038005608475056
2026-03-17,0.3098261894944707,-0.0218980189345036,test,INRIDR_RET,-0.3420462838325032,-0.3639443027670068
2026-03-18,-0.0103048901759907,0.03022816404944,test,INRIDR_RET,-0.4533264567690713,-0.4230982927196313
2026-03-19,-0.50752806896339,-0.0485190775015611,test,INRIDR_RET,-0.2811889803179994,-0.3297080578195605
2026-03-20,-0.5645666611586362,0.0459539162302035,test,INRIDR_RET,-0.23916244002658182,-0.19320852379637832
2026-03-23,-0.6133950648403174,0.1419231020145558,test,INRIDR_RET,-0.2697186162560313,-0.12779551424147548
2026-03-24,0.1393848106173082,0.1120577002421598,test,INRIDR_RET,-0.29719380424011144,-0.18513610399795163
2026-03-25,-1.5289679071006952,0.0043100858842927,test,INRIDR_RET,-0.31172912272600894,-0.30741903684171623
2026-03-26,-0.7013366473733718,0.3157733218534447,test,INRIDR_RET,0.02769112617655116,0.3434644480299959
2026-03-27,1.4483020977200258,0.1251968369931647,test,INRIDR_RET,-0.30208423209269825,-0.17688739509953355
2026-03-30,-0.3047576060875028,-0.3329389462156865,test,INRIDR_RET,-0.28248475983841415,-0.6154237060541006
2026-03-31,0.5529120452219302,0.0371879189780799,test,INRIDR_RET,-0.3121407257535643,-0.2749528067754844
2026-04-01,0.6980262191261712,-0.1660770180969761,test,INRIDR_RET,-0.47934233761161005,-0.6454193557085861
2026-04-02,0.8317847500172593,-0.1258939436429449,test,INRIDR_RET,-0.37935359886965353,-0.5052475425125984
2026-04-03,0.476710203778327,-0.1924692517978556,test,INRIDR_RET,-0.3443089810304064,-0.536778232828262
2023-01-04,-0.2064121755609503,-0.0532476840986507,val,JPYIDR_RET,-0.0907813607827684,-0.1440290448814191
2023-01-05,-0.8333224325640339,-0.0171142229790647,val,JPYIDR_RET,0.08210399165524009,0.06498976867617538
2023-01-06,-0.4142323403249876,0.142325680373846,val,JPYIDR_RET,-0.06097806364278351,0.08134761673106247
2023-01-09,0.9765055100276514,-0.0019153114715948,val,JPYIDR_RET,0.01887854142697249,0.01696322995537769
2023-01-10,-0.0421180436777469,0.050575201578647,val,JPYIDR_RET,-0.29280688488127776,-0.24223168330263076
2023-01-11,-0.6105165518039075,0.1387058474073419,val,JPYIDR_RET,0.0633104627463255,0.2020163101536674
2023-01-12,-0.5919043995677814,0.0823902946893034,val,JPYIDR_RET,-0.04853434853972921,0.033855946149574184
2023-01-13,0.5089777564231633,0.1736242406337506,val,JPYIDR_RET,-0.02633425231505431,0.14728998831869627
2023-01-16,0.5134210500999778,0.2295919266497595,val,JPYIDR_RET,-0.1760535635464299,0.0535383631033296
2023-01-17,-0.447395807853625,0.0859517217336426,val,JPYIDR_RET,-0.1491191084675912,-0.06316738673394859
2023-01-18,0.5602032381810326,0.0492958554299843,val,JPYIDR_RET,0.028200614118074615,0.07749646954805892
2023-01-19,-0.6371645279246335,-0.1440667498307016,val,JPYIDR_RET,-0.24052057604211435,-0.38458732587281597
2023-01-20,0.4292178529678007,0.1537422984441754,val,JPYIDR_RET,0.043917756846252494,0.19766005529042788
2023-01-23,-1.3272510272891789,-0.0967830653130636,val,JPYIDR_RET,-0.1444700259242461,-0.2412530912373097
2023-01-24,-1.281659238936134,0.188761540813017,val,JPYIDR_RET,0.03880678609775458,0.22756832691077156
2023-01-25,-0.0692599054358253,0.1743529107835418,val,JPYIDR_RET,0.139935274321729,0.3142881851052708
2023-01-26,0.6599336736527575,0.0627432741419284,val,JPYIDR_RET,0.09496528867804332,0.15770856281997173
2023-01-27,-0.4092576051286992,0.0112250523259276,val,JPYIDR_RET,-0.25692906124912396,-0.24570400892319635
2023-01-30,0.1449497848646052,0.0514237530463375,val,JPYIDR_RET,0.06900799935584727,0.12043175240218476
2023-01-31,-0.3159683794072482,-0.0167320309633233,val,JPYIDR_RET,-0.03319550917721829,-0.049927540140541585
2023-02-01,0.2545282655589106,0.0639152398275749,val,JPYIDR_RET,0.09359124415754942,0.15750648398512432
2023-02-02,0.2408914506364886,0.0007001214240422833,val,JPYIDR_RET,-0.09394867155270792,-0.09324855012866563
2023-02-03,0.0785058129601721,0.1610219222563908,val,JPYIDR_RET,-0.12410408690555812,0.03691783535083269
2023-02-06,-1.182409484122472,-0.0094162730713905,val,JPYIDR_RET,0.059406762805216916,0.049990489733826415
2023-02-07,0.3365254421055685,-0.1544317346130482,val,JPYIDR_RET,0.01191924545562038,-0.14251248915742784
2023-02-08,0.8499650356644289,-0.1272567812630008,val,JPYIDR_RET,-0.23541314495832488,-0.36266992622132566
2023-02-09,-0.4611731285414084,0.0131677520140581,val,JPYIDR_RET,-0.2926421553476693,-0.2794744033336112
2023-02-10,0.0516119552039611,0.071960706091718,val,JPYIDR_RET,0.05089660932141721,0.1228573154131352
2023-02-13,0.2540190226369979,0.0075596470918797,val,JPYIDR_RET,0.03147956170287942,0.03903920879475912
2023-02-14,-0.4062023256161682,-0.0890860490970162,val,JPYIDR_RET,-0.1278007194143667,-0.2168867685113829
2023-02-15,-0.7035651375479246,0.0198759882223986,val,JPYIDR_RET,0.09171623433049879,0.11159222255289739
2023-02-16,-0.4794007122006898,0.1006969176577418,val,JPYIDR_RET,-0.04176093876601254,0.05893597889172926
2023-02-17,-0.5757034844762264,-0.0312335047088981,val,JPYIDR_RET,0.009391768407695615,-0.021841736301202484
2023-02-20,-0.0614275317759165,0.1026148736019091,val,JPYIDR_RET,0.023745502428503144,0.12636037603041225
2023-02-21,0.0015021181845835,0.0152199670510128,val,JPYIDR_RET,0.0846415928807144,0.09986155993172721
2023-02-22,-0.0114003303523258,0.0243599824777137,val,JPYIDR_RET,0.028127581420503263,0.05248756389821696
2023-02-23,-0.2369182658311495,-0.072451591120476,val,JPYIDR_RET,0.03901150867363515,-0.03344008244684085
2023-02-24,0.3439667476450836,0.046386010128492,val,JPYIDR_RET,0.08473517235779701,0.131121182486289
2023-02-27,-0.9908455202202262,-0.0577019420487343,val,JPYIDR_RET,-0.1566108599916087,-0.214312802040343
2023-02-28,-0.2624895045478023,-0.0202119800422488,val,JPYIDR_RET,-0.06209452747490493,-0.08230650751715374
2023-03-01,0.180876414288582,0.0996818164861057,val,JPYIDR_RET,0.09491253063503308,0.19459434712113877
2023-03-02,0.1326983219339919,-0.0119751269549445,val,JPYIDR_RET,-0.025638030943613662,-0.03761315789855816
2023-03-03,0.1424331589163393,0.1102198830511785,val,JPYIDR_RET,-0.06515413345770266,0.04506574959347584
2023-03-06,0.1824528318437672,-0.1360141301113689,val,JPYIDR_RET,0.003289610982161996,-0.1327245191292069
2023-03-07,0.5309378484247255,0.0607000913275024,val,JPYIDR_RET,-0.1675771563737904,-0.106877065046288
2023-03-08,-0.4661975347000407,-0.1247975652890236,val,JPYIDR_RET,-0.22952609894667708,-0.35432366423570066
2023-03-09,0.2043514104604052,-0.082158247055301,val,JPYIDR_RET,0.08812071046810113,0.005962463412800129
2023-03-10,0.8595158640518882,0.0098865818276481,val,JPYIDR_RET,-0.1505955191899469,-0.1407089373622988
2023-03-13,0.9369129385736714,-0.0953552117043239,val,JPYIDR_RET,-0.2784830497112642,-0.37383826141558807
2023-03-14,0.980175749824968,0.0541140413900042,val,JPYIDR_RET,-0.300629689313054,-0.2465156479230498
2023-03-15,-1.1996319603519991,0.0821601246917042,val,JPYIDR_RET,-0.2861334867497026,-0.20397336205799843
2023-03-16,1.791956639275459,0.1153887969102508,val,JPYIDR_RET,0.06330617120325993,0.1786949681135107
2023-03-17,-0.6986243929671966,-0.2672091295799209,val,JPYIDR_RET,-0.0835364540716618,-0.3507455836515827
2023-03-20,0.4685994230435415,0.1487669613749034,val,JPYIDR_RET,0.06560723559129707,0.21437419696620047
2023-03-21,0.4909728179957958,0.058747112979888,val,JPYIDR_RET,-0.1682758898272818,-0.10952877684739382
2023-03-22,-1.0252864457642703,0.02635572333155,val,JPYIDR_RET,-0.21712370891297622,-0.1907679855814262
2023-03-23,0.6056542345092082,0.1362225163186902,val,JPYIDR_RET,-0.03616796903046514,0.10005454728822506
2023-03-24,-1.1069929120308466,0.035237895463345,val,JPYIDR_RET,-0.2292847999643745,-0.19404690450102952
2023-03-27,0.6835167745402531,0.3522648811616788,val,JPYIDR_RET,-0.0017087965993433992,0.3505560845623354
2023-03-28,-0.5630577104166237,-0.1937254640278342,val,JPYIDR_RET,-0.174028035798547,-0.36775349982638117
2023-03-29,-0.1656752385213319,0.0757264354872259,val,JPYIDR_RET,0.0825825989803431,0.158309034467569
2023-03-30,-1.3568271668190688,0.0963026033670151,val,JPYIDR_RET,0.09487570342076644,0.19117830678778153
2023-03-31,-0.5468552396420167,0.1308765279573562,val,JPYIDR_RET,0.13450972318856094,0.26538625114591713
2023-04-03,-0.3228223679055058,0.0941319517456713,val,JPYIDR_RET,-0.027506586573080142,0.06662536517259116
2023-04-04,0.3007809073061906,0.0524414769121123,val,JPYIDR_RET,0.07007128706659622,0.12251276397870853
2023-04-05,0.9050556555071207,0.072642248385815,val,JPYIDR_RET,-0.12890333585992994,-0.05626108747411494
2023-04-06,0.406564139060525,-0.0858410735486217,val,JPYIDR_RET,-0.2770755009330772,-0.3629165744816989
2023-04-07,-0.7203818599469434,-0.0271369852956618,val,JPYIDR_RET,-0.23580212996215863,-0.26293911525782043
2023-04-10,-0.4988000915036178,0.0897846209095949,val,JPYIDR_RET,-0.03263454881457867,0.05715007209501623
2023-04-11,-0.7050819488199167,0.0885848161771442,val,JPYIDR_RET,0.005988451908810136,0.09457326808595433
2023-04-12,-0.3748485119133973,0.0176353173890928,val,JPYIDR_RET,-0.05768160152006851,-0.040046284130975704
2023-04-13,-0.2202322677629976,0.0789321790711843,val,JPYIDR_RET,0.07694880327913581,0.1558809823503201
2023-04-14,-0.2503097467251776,0.1425591675058153,val,JPYIDR_RET,0.09359741945425544,0.23615658696007075
2023-04-17,-1.2974706369165454,0.1506618519218257,val,JPYIDR_RET,0.0768476411315894,0.2275094930534151
2023-04-18,0.7918710679809429,0.1035290322002898,val,JPYIDR_RET,0.1328654781554902,0.23639451035578002
2023-04-19,0.4855101187227817,-0.1959846841370904,val,JPYIDR_RET,-0.2667892918789988,-0.46277397601608916
2023-04-20,0.2848686416532521,-0.0286259301980876,val,JPYIDR_RET,-0.266223086344876,-0.29484901654296364
2023-04-21,0.1263358855680347,-0.1152013295422181,val,JPYIDR_RET,-0.1650134687358954,-0.28021479827811346
2023-04-24,-0.6990984461858875,0.082593178701879,val,JPYIDR_RET,-0.12490044593031878,-0.04230726722843978
2023-04-25,0.6267573353620924,0.1269963575022913,val,JPYIDR_RET,-0.05555260694851572,0.07144375055377558
2023-04-26,0.2116378909810856,-0.1194097766930063,val,JPYIDR_RET,-0.23773359537687805,-0.35714337206988434
2023-04-27,-0.4438641098054107,-0.0552823502311882,val,JPYIDR_RET,-0.17392661551336272,-0.2292089657445509
2023-04-28,-1.3190711282585057,0.1467236860249555,val,JPYIDR_RET,0.07796051900311052,0.22468420502806602
2023-05-01,-2.0559154257858,0.2564075759121676,val,JPYIDR_RET,0.13852448888991228,0.3949320648020799
2023-05-02,-0.7707969410537027,0.2170335232073611,val,JPYIDR_RET,0.1837811935952289,0.40081471680259
2023-05-03,1.3206803450045363,0.0668042427064802,val,JPYIDR_RET,-0.053290462040031815,0.013513780666448379
2023-05-04,0.929171672868146,-0.1408936676682241,val,JPYIDR_RET,-0.32437460405761315,-0.46526827172583723
2023-05-05,0.4044005702660498,0.0205746455469665,val,JPYIDR_RET,-0.30637939089727345,-0.285804745350307
2023-05-08,-0.9752312829186812,-0.0120556408668357,val,JPYIDR_RET,-0.19827467941859803,-0.21033032028543372
2023-05-09,0.6507279058280698,0.1235433874933435,val,JPYIDR_RET,-0.05797062522555977,0.06557276226778372
2023-05-10,-0.0438560663986562,-0.0978344653244353,val,JPYIDR_RET,-0.2442958106633944,-0.3421302759878297
2023-05-11,0.3757012952475373,-0.000697651407427001,val,JPYIDR_RET,-0.009313270807911911,-0.010010922215338912
2023-05-12,0.2336434660061391,0.0429476140257047,val,JPYIDR_RET,-0.19508185599060276,-0.15213424196489805
2023-05-15,-1.1659468080293165,-0.1074004784302186,val,JPYIDR_RET,-0.09400010918875341,-0.201400587618972
2023-05-16,0.1880442869576245,0.0952544803350548,val,JPYIDR_RET,-0.033919325707695513,0.06133515462735929
2023-05-17,0.3238799625911949,-0.0193711939042716,val,JPYIDR_RET,-0.032742003396410285,-0.05211319730068188
2023-05-18,-0.9212251872054944,-0.1248447459668448,val,JPYIDR_RET,-0.1798919435397498,-0.3047366895065946
2023-05-19,-0.4632012654533494,0.0682762217297108,val,JPYIDR_RET,-0.058128157755441105,0.010148063974269698
2023-05-22,0.685109999588736,-0.0399227273749804,val,JPYIDR_RET,0.028946465189445394,-0.010976262185535005
2023-05-23,-0.92394583745968,0.0169336808189823,val,JPYIDR_RET,-0.26954490855506236,-0.2526112277360801
2023-05-24,0.1138114891213428,0.082098211982048,val,JPYIDR_RET,-0.061201445981081556,0.020896766000966446
2023-05-25,-0.1518705448940789,-0.0309772189415757,val,JPYIDR_RET,0.0035735737161522348,-0.027403645225423465
2023-05-26,-0.3644805286538612,-0.0264803066175101,val,JPYIDR_RET,0.07303888912952834,0.04655858251201824
2023-05-29,-0.7551448793224337,-0.0149412537561935,val,JPYIDR_RET,0.08869449969414796,0.07375324593795446
2023-05-30,0.385962361003737,0.129923251311035,val,JPYIDR_RET,-0.04627954446971181,0.08364370684132319
2023-05-31,0.5901021718907532,-0.0469264422691762,val,JPYIDR_RET,-0.13338803113756775,-0.18031447340674395
2023-06-01,0.5102224620552837,-0.0362233429822817,val,JPYIDR_RET,-0.26194697048157706,-0.29817031346385875
2023-06-02,-0.2424232722614995,-0.0674749510474438,val,JPYIDR_RET,-0.248330258437987,-0.3158052094854308
2023-06-05,-0.5375237452136502,0.1324325082077011,val,JPYIDR_RET,0.08691752210437786,0.21935003031207898
2023-06-06,-0.3055631303333943,0.0007604353105620222,val,JPYIDR_RET,-0.024836806442592348,-0.024076371132030327
2023-06-07,0.0481484610619957,0.1333583336184593,val,JPYIDR_RET,0.09292851606447042,0.22628684968292972
2023-06-08,-0.1520234360182961,-0.0130738023408943,val,JPYIDR_RET,0.060459667026220264,0.04738586468532596
2023-06-09,0.3866839815240969,0.0047519796976616,val,JPYIDR_RET,0.07839082479173813,0.08314280448939973
2023-06-12,-0.3853806247156518,0.0747208048015795,val,JPYIDR_RET,-0.19746796664201877,-0.12274716184043927
2023-06-13,0.1953789368379956,0.0277774900214477,val,JPYIDR_RET,0.055992035087288276,0.08376952510873598
2023-06-14,-0.5296174698873075,-0.0507270568622263,val,JPYIDR_RET,-0.079573529781223,-0.1303005866434493
2023-06-15,0.4114313298161442,0.0405357094435069,val,JPYIDR_RET,0.049229806667935784,0.08976551611144268
2023-06-16,-0.2881964600414422,-0.0404588308947537,val,JPYIDR_RET,-0.19266549489333373,-0.23312432578808745
2023-06-19,-0.9256319544221387,0.1193883304511127,val,JPYIDR_RET,0.09510245723459466,0.21449078768570737
2023-06-20,0.5119226566652398,0.0589459654740495,val,JPYIDR_RET,-0.03825667516129308,0.020689290312756417
2023-06-21,0.4515452119244099,-0.141592134221509,val,JPYIDR_RET,-0.22415453084800174,-0.3657466650695107
2023-06-22,-0.7367812213667286,-0.0574262939574781,val,JPYIDR_RET,-0.25634050197779995,-0.31376679593527806
2023-06-23,-0.9962418884317076,0.1527424034994701,val,JPYIDR_RET,-0.028055813423284604,0.1246865900761855
2023-06-26,-0.0090614301100521,0.0856378992226424,val,JPYIDR_RET,0.0012194639142514485,0.08685736313689384
2023-06-27,0.4028082016853757,-0.0473942477653451,val,JPYIDR_RET,0.0640559188226715,0.016661671057326403
2023-06-28,-0.670122160541521,-0.1322904147687126,val,JPYIDR_RET,-0.22325098171925437,-0.35554139648796695
2023-06-29,-0.3617674999175833,0.1554027555747995,val,JPYIDR_RET,0.026408054190212176,0.18181080976501166
2023-06-30,0.2820818074268949,0.0084108603660538,val,JPYIDR_RET,0.034611724550595545,0.04302258491664934
2023-07-03,-0.254936026613326,-0.09255686276488,val,JPYIDR_RET,-0.14345637239080072,-0.23601323515568073
2023-07-04,0.3372841187388304,0.1291926628511986,val,JPYIDR_RET,0.08427081922010783,0.21346348207130644
2023-07-05,-0.1828103614911559,-0.0565118562202077,val,JPYIDR_RET,-0.10473780012877992,-0.16124965634898764
2023-07-06,0.3879206464696844,0.1110897035671439,val,JPYIDR_RET,0.07471444501434273,0.18580414858148664
2023-07-07,1.11511931710601,-0.1126762047213432,val,JPYIDR_RET,-0.14522920395916833,-0.25790540868051154
2023-07-10,0.8131299562344031,-0.1530151371722539,val,JPYIDR_RET,-0.3239939591075886,-0.4770090962798425
2023-07-11,1.2233941068964154,0.0748960163471822,val,JPYIDR_RET,-0.2911447985643311,-0.21624878221714894
2023-07-12,0.4480897017850756,-0.1682917550329551,val,JPYIDR_RET,-0.3174058740026776,-0.48569762903563274
2023-07-13,-0.2259431717835326,0.0703771980684041,val,JPYIDR_RET,-0.25951153188676956,-0.18913433381836547
2023-07-14,0.3476895097933009,0.3096914558444393,val,JPYIDR_RET,0.09383279496202297,0.40352425080646226
2023-07-17,-0.45872333560846,0.0185550738652001,val,JPYIDR_RET,-1.4734269477627058e-05,0.018540339595722474
2023-07-18,0.1765839835804788,0.0764023556191437,val,JPYIDR_RET,0.04982241350367879,0.1262247691228225
2023-07-19,-0.191211049826047,-0.0597611565434012,val,JPYIDR_RET,-0.03730707588084255,-0.09706823242424376
2023-07-20,-0.3698514548180276,0.0182226561909453,val,JPYIDR_RET,0.07625318113727608,0.09447583732822139
2023-07-21,0.2057333127316129,-0.0214423836396454,val,JPYIDR_RET,0.07809033897076355,0.05664795533111815
2023-07-24,-1.5622604383412484,0.0110458229677638,val,JPYIDR_RET,-0.11633339309838972,-0.10528757013062592
2023-07-25,0.1842764667817405,0.1486389136955954,val,JPYIDR_RET,0.16301542094382335,0.3116543346394187
2023-07-26,0.501131955685646,-0.0139911495784527,val,JPYIDR_RET,0.0013377968331442923,-0.012653352745308408
2023-07-27,0.2217683082114313,0.052467653424449,val,JPYIDR_RET,-0.24153147882472012,-0.1890638254002711
2023-07-28,1.6612231308123366,0.0125396665607013,val,JPYIDR_RET,-0.08063963800406097,-0.06809997144335968
2023-07-31,-1.40108843436259,-0.2236042413132031,val,JPYIDR_RET,-0.11551699815022552,-0.33912123946342865
2023-08-01,-0.9997152608210896,0.2208206450107858,val,JPYIDR_RET,0.013964818988226681,0.23478546399901248
2023-08-02,-0.2749707842721312,0.1016826640277453,val,JPYIDR_RET,0.03407880051426456,0.13576146454200985
2023-08-03,0.3252264564452155,-0.0985010291475119,val,JPYIDR_RET,0.080898629788317,-0.0176023993591949
2023-08-04,0.1333750501752169,-0.1115038453427835,val,JPYIDR_RET,-0.21406221446132814,-0.32556605980411163
2023-08-07,0.5207955290155484,0.0949628296350737,val,JPYIDR_RET,-0.12687156802361804,-0.03190873838854434
2023-08-08,-0.0016706337960074,0.0181026282589855,val,JPYIDR_RET,-0.21483050277977875,-0.19672787452079324
2023-08-09,-0.690584227610511,-0.1135167799573082,val,JPYIDR_RET,0.031191229621468627,-0.08232555033583958
2023-08-10,-0.3142068172398314,0.0387838987295121,val,JPYIDR_RET,0.010610255475916642,0.04939415420542874
2023-08-11,-0.4397019125272331,0.060803770440948,val,JPYIDR_RET,0.08599802543219365,0.14680179587314166
2023-08-14,0.4049309700096729,-0.0083737314073813,val,JPYIDR_RET,0.04109052502654748,0.032716793619166185
2023-08-15,-0.231540065496395,-0.04304437693163,val,JPYIDR_RET,-0.2101626162636402,-0.2532069931952702
2023-08-16,-0.3490947374973516,-0.0674696399846117,val,JPYIDR_RET,0.08936674471389504,0.021897104729283343
2023-08-17,-0.1673957042697191,0.0351491270145623,val,JPYIDR_RET,0.09476984224995362,0.1299189692645159
2023-08-18,0.4271515496769678,-0.0331395184481357,val,JPYIDR_RET,0.09146075289121305,0.05832123444307735
2023-08-21,-0.2704693480501557,0.0119672733007021,val,JPYIDR_RET,-0.22648321250313347,-0.21451593920243137
2023-08-22,-0.3727044850319815,0.1135532691214673,val,JPYIDR_RET,0.09473041030690749,0.20828367942837478
2023-08-23,0.3129395126256358,0.1158494688308771,val,JPYIDR_RET,0.04649445278779349,0.1623439216186706
2023-08-24,0.600975135316741,-0.1219993047688254,val,JPYIDR_RET,-0.0979628037792365,-0.2199621085480619
2023-08-25,-1.3198554046415834,0.1505451052211878,val,JPYIDR_RET,-0.2693998253547357,-0.11885472013354792
2023-08-28,0.0038655221777357,0.0207663248848934,val,JPYIDR_RET,0.1399291584944328,0.1606954833793262
2023-08-29,-0.1670758321379821,-0.0286761551337736,val,JPYIDR_RET,0.029744685473364566,0.0010685303395909646
2023-08-30,-0.0619731984508342,0.0604395168531126,val,JPYIDR_RET,0.07823823063695189,0.13867774749006448
2023-08-31,0.0522371903909108,0.1009689569394431,val,JPYIDR_RET,0.07351616281656753,0.17448511975601064
2023-09-01,0.5279234362304054,-0.0010249838647342,val,JPYIDR_RET,0.045054401355368805,0.044029417490634604
2023-09-04,-0.3875148868693101,-0.0045809703120306,val,JPYIDR_RET,-0.24468444544681767,-0.24926541575884828
2023-09-05,-0.3715851766318925,0.1798692883994481,val,JPYIDR_RET,0.07938112359387449,0.2592504119933226
2023-09-06,-0.1660670306500788,-0.1120973689932903,val,JPYIDR_RET,0.020935467022422678,-0.09116190197086763
2023-09-07,0.086828441354932,-0.0763460242014405,val,JPYIDR_RET,0.047413862971689605,-0.028932161229750897
2023-09-08,0.2953566225954125,-0.0411162952898766,val,JPYIDR_RET,-0.07679359554465187,-0.11790989083452846
2023-09-11,-0.0084888719086272,-0.0289585742297038,val,JPYIDR_RET,-0.1766025800962903,-0.2055611543259941
2023-09-12,0.4337869344145729,0.1589810898597466,val,JPYIDR_RET,0.009886637690664942,0.16886772755041154
2023-09-13,-0.2543788924132847,-0.0902487895150052,val,JPYIDR_RET,-0.14409422737133573,-0.23434301688634093
2023-09-14,-0.1094264808059141,0.0250871755338683,val,JPYIDR_RET,0.08466096932457143,0.10974814485843973
2023-09-15,0.1809304026089164,0.0540011329743964,val,JPYIDR_RET,0.07714120144540687,0.13114233441980327
2023-09-18,-0.5801787913195746,-0.0470112595078607,val,JPYIDR_RET,-0.05399740125046589,-0.1010086607583266
2023-09-19,0.3798233100338502,0.1144588419759163,val,JPYIDR_RET,0.02827245055926071,0.14273129253517702
2023-09-20,-0.0440158537886245,-0.0542229307673593,val,JPYIDR_RET,-0.13874946423494605,-0.19297239500230534
2023-09-21,-0.5439978455312469,0.0063529533224709,val,JPYIDR_RET,0.015520728808969136,0.021873682131440038
2023-09-22,0.7143033163363417,0.0836340200980423,val,JPYIDR_RET,0.02137995015696866,0.10501397025501095
2023-09-25,-0.7449052907158628,-0.099112404445419,val,JPYIDR_RET,-0.26123183071268447,-0.36034423515810343
2023-09-26,-0.0131915331234942,0.120617453944631,val,JPYIDR_RET,-0.016167082332497747,0.10445037161213325
2023-09-27,0.412499104880778,-0.02360129055652,val,JPYIDR_RET,0.0769387557745188,0.05333746521799879
2023-09-28,0.1858688015892677,-0.0872556769937782,val,JPYIDR_RET,-0.218484382486604,-0.3057400594803822
2023-09-29,-0.50430740345896,-0.0682699167195123,val,JPYIDR_RET,-0.14314877991170466,-0.21141869663121696
2023-10-02,-0.3039987058057785,0.1699683863739582,val,JPYIDR_RET,0.06412310230647247,0.23409148868043067
2023-10-03,0.231462189445718,0.225216746703904,val,JPYIDR_RET,0.05103275843649605,0.2762495051404001
2023-10-04,1.1215804812955854,-0.0894430769990577,val,JPYIDR_RET,0.017660844606284094,-0.07178223239277359
2023-10-05,-0.0470391396035859,-0.1732747052426441,val,JPYIDR_RET,-0.3232089763490161,-0.4964836815916602
2023-10-06,0.594466046896209,0.0513602837634154,val,JPYIDR_RET,-0.05356208470576878,-0.0022018009423533796
2023-10-09,-0.6476746634707964,-0.0434589346972404,val,JPYIDR_RET,-0.2476631838226441,-0.2911221185198845
2023-10-10,1.124992489374756,-0.0300550491132304,val,JPYIDR_RET,-0.00022614385833495343,-0.030281192971565354
2023-10-11,-0.0301765970723664,-0.1153700726276724,val,JPYIDR_RET,-0.31818398137624476,-0.43355405400391717
2023-10-12,-0.4364886658414367,0.0005326467055662296,val,JPYIDR_RET,-0.028079419614989137,-0.02754677290942291
2023-10-13,-0.2119455650781449,0.0696898803022199,val,JPYIDR_RET,0.06380378834402342,0.13349366864624332
2023-10-16,-0.2514288496375467,-0.0276997918166203,val,JPYIDR_RET,0.0947693485777919,0.0670695567611716
2023-10-17,-0.014408068433378,0.2545743489094472,val,JPYIDR_RET,0.09375524507947988,0.34832959398892704
2023-10-18,0.2178867597905749,-0.151628441508978,val,JPYIDR_RET,0.09519570215107909,-0.056432739357898914
2023-10-19,0.5111098722092137,-0.0387454845750027,val,JPYIDR_RET,-0.19205269366738648,-0.23079817824238918
2023-10-20,0.269450507075765,-0.1021235902280519,val,JPYIDR_RET,-0.24899750042417365,-0.3511210906522255
2023-10-23,0.0235953727703105,-0.038534703124736,val,JPYIDR_RET,-0.19296570518214853,-0.23150040830688454
2023-10-24,0.1118966189122912,0.004743138905073,val,JPYIDR_RET,-0.014143973804778437,-0.009400834899705437
2023-10-25,-0.0945472518966844,0.0274689112458298,val,JPYIDR_RET,-0.04163466955191475,-0.01416575830608495
2023-10-26,-0.1028439206866448,0.0324043176137235,val,JPYIDR_RET,0.07339206911495176,0.10579638672867525
2023-10-27,0.0889325534889799,-0.00021595446536082225,val,JPYIDR_RET,0.07735109349730335,0.07713513903194252
2023-10-30,0.3181615214221654,-0.0020067718024968,val,JPYIDR_RET,-0.030503105646095513,-0.032509877448592316
2023-10-31,0.0351326749953118,0.1966951773797383,val,JPYIDR_RET,-0.1684473840717575,0.0282477933079808
2023-11-01,-2.050398917825755,-0.1081528650608208,val,JPYIDR_RET,0.08408648362682893,-0.024066381433991868
2023-11-02,1.432500163121318,0.2349179147203357,val,JPYIDR_RET,0.13787504646635876,0.37279296118669447
2023-11-03,-0.3388825466362617,-0.1575751606871263,val,JPYIDR_RET,-0.3223121140745902,-0.4798872747617165
2023-11-06,-0.9301442428944284,0.0582531281894951,val,JPYIDR_RET,0.08811954831581459,0.1463726765053097
2023-11-07,-0.438352431624703,0.3519613055698674,val,JPYIDR_RET,-0.053169527487078025,0.29879177808278934
2023-11-08,0.2006034891398925,0.1138876974815686,val,JPYIDR_RET,-0.057111391394997955,0.056776306086570645
2023-11-09,-0.4872801777353008,-0.0796869652188324,val,JPYIDR_RET,-0.029011275778387,-0.10869824099721939
2023-11-10,0.3027262486709666,0.0725554776396298,val,JPYIDR_RET,0.07280728771116142,0.14536276535079123
2023-11-13,-0.2748155666771711,-0.0994606516833815,val,JPYIDR_RET,-0.11813225554974723,-0.21759290723312874
2023-11-14,-0.2188620377667503,0.1911388321276507,val,JPYIDR_RET,0.08699714345441703,0.2781359755820677
2023-11-15,-1.7260946788981866,-0.0800226144263114,val,JPYIDR_RET,0.07211563287245132,-0.007906981553860076
2023-11-16,0.8603152541312683,0.5362778443344339,val,JPYIDR_RET,0.16938290061690764,0.7056607449513416
2023-11-17,0.2551559177490956,-0.2016614021947011,val,JPYIDR_RET,-0.1704130654779763,-0.3720744676726774
2023-11-20,0.0178488539479943,0.0252801957148486,val,JPYIDR_RET,-0.22538693860458356,-0.20010674288973496
2023-11-21,0.9469228984369524,0.1337237652140369,val,JPYIDR_RET,0.0248908303841658,0.15861459559820268
2023-11-22,0.9135913267559308,0.0340758193250499,val,JPYIDR_RET,-0.2756109463057032,-0.24153512698065333
2023-11-23,-0.1622918923114144,-0.0457787778150408,val,JPYIDR_RET,-0.28118352242070493,-0.32696230023574574
2023-11-24,-0.8743802152411874,-0.1504788863260956,val,JPYIDR_RET,0.07163567127834758,-0.07884321504774802
2023-11-27,0.461389542736459,0.2678596707332178,val,JPYIDR_RET,-0.04189047956975487,0.22596919116346295
2023-11-28,0.1482420951478121,-0.060742758177986,val,JPYIDR_RET,-0.09575850788745043,-0.15650126606543643
2023-11-29,-0.4106346491858566,0.0353071856825512,val,JPYIDR_RET,-0.10528533090415204,-0.06997814522160084
2023-11-30,0.981568148240492,0.3244608831400826,val,JPYIDR_RET,0.060855604773976814,0.3853164879140594
2023-12-01,0.2686055904504558,-0.2051128687289232,val,JPYIDR_RET,-0.2640218380608982,-0.4691347067898214
2023-12-04,0.3688199244128902,-0.1255849933437659,val,JPYIDR_RET,-0.230557451556528,-0.3561424449002939
2023-12-05,-0.1029820356630287,0.1089443908487928,val,JPYIDR_RET,-0.2363345545423198,-0.12739016369352701
2023-12-06,-0.3096825886592512,-0.1442700988164627,val,JPYIDR_RET,0.09260504271359166,-0.05166505610287103
2023-12-07,0.1493631617259941,0.0672624939573049,val,JPYIDR_RET,0.08494232311504031,0.1522048170723452
2023-12-08,2.123270632085484,-0.0143536548837614,val,JPYIDR_RET,-0.026190365014675608,-0.040544019898437006
2023-12-11,-0.0998152032447668,-0.1614871568588811,val,JPYIDR_RET,0.4413967733717328,0.2799096165128517
2023-12-12,-0.2009363454681729,0.0035443231849202,val,JPYIDR_RET,-0.013871049544888702,-0.0103267263599685
2023-12-13,0.0528335976957295,-0.1024143046877956,val,JPYIDR_RET,0.0917135477524089,-0.01070075693538669
2023-12-14,-0.1657267542666136,0.0852804738938734,val,JPYIDR_RET,-0.07180953202606087,0.01347094186781253
2023-12-15,1.6021822465937112,0.2988308303477643,val,JPYIDR_RET,0.09518354068982075,0.3940143710375851
2023-12-18,-1.2284288023596497,-0.1107803826897083,val,JPYIDR_RET,-0.3217254625467488,-0.4325058452364571
2023-12-19,0.829597652049361,0.2335975911362317,val,JPYIDR_RET,-0.012009271537131133,0.22158831959910058
2023-12-20,-0.810474068954719,-0.2524256853120351,val,JPYIDR_RET,-0.25675783187738804,-0.5091835171894231
2023-12-21,0.6615020253754248,0.1798119760699316,val,JPYIDR_RET,0.018277514042326685,0.1980894901122583
2023-12-22,0.5136224917707682,-0.1753683220026586,val,JPYIDR_RET,-0.23285471158250443,-0.408223033585163
2023-12-25,-0.3909432031644136,0.0516046577702204,val,JPYIDR_RET,-0.26684191775681954,-0.21523725998659915
2023-12-26,0.4078440488827953,0.1632703148636605,val,JPYIDR_RET,0.06198834539886181,0.2252586602625223
2023-12-27,-0.5511365954055732,-0.1284382502014186,val,JPYIDR_RET,-0.12669193397285658,-0.2551301841742752
2023-12-28,0.5727786290433701,0.1091952279459194,val,JPYIDR_RET,0.06833158516100181,0.1775268131069212
2023-12-29,0.315769859331056,0.0130544894214933,val,JPYIDR_RET,-0.2275061483625085,-0.2144516589410152
2024-01-01,0.0665374853094118,-0.0274966668598992,val,JPYIDR_RET,-0.1593541940136986,-0.1868508608735978
2024-01-02,-0.1240256355355608,0.1199672096222417,val,JPYIDR_RET,-0.03350866287256735,0.08645854674967435
2024-01-03,0.0183135294953249,0.0276747623799993,val,JPYIDR_RET,0.09497955630994355,0.12265431868994285
2024-01-04,-0.2248437706097634,-0.1249527366897763,val,JPYIDR_RET,0.025890451011269387,-0.09906228567850692
2024-01-05,-1.5106826800961726,-0.024985450366466,val,JPYIDR_RET,0.06594782288999017,0.040962372523524165
2024-01-08,-0.1823584163947434,0.1552168212374537,val,JPYIDR_RET,0.1443769259885657,0.2995937472260194
2024-01-09,0.4526309552320657,0.080322493699293,val,JPYIDR_RET,0.08876464439187452,0.16908713809116752
2024-01-10,0.1141845345805335,-0.0266989007998263,val,JPYIDR_RET,-0.19328991387787678,-0.2199888146777031
2024-01-11,-0.7683154011284935,-0.0415510832214906,val,JPYIDR_RET,-0.0627688094199535,-0.10431989264144409
2024-01-12,0.4828455483150105,-0.0223188964762573,val,JPYIDR_RET,-0.042689556664715654,-0.06500845314097295
2024-01-15,-0.4141936528668555,0.0702663475709112,val,JPYIDR_RET,-0.2391054925812661,-0.1688391450103549
2024-01-16,-0.1676990703839543,0.0831653250310994,val,JPYIDR_RET,0.04716588974744466,0.13033121477854406
2024-01-17,-0.4841137581863259,-0.0039406002649267,val,JPYIDR_RET,0.09518050832312017,0.09123990805819347
2024-01-18,-0.5968557489205267,-0.0554951687573398,val,JPYIDR_RET,0.04875669260838515,-0.006738476148954647
2024-01-19,-0.0765490524338104,0.0651123596683638,val,JPYIDR_RET,0.02499384066459559,0.0901062003329594
2024-01-22,-0.0727982584202722,0.035889141659956,val,JPYIDR_RET,0.07913357190318891,0.11502271356314492
2024-01-23,0.3345538620167484,0.0571624341119351,val,JPYIDR_RET,0.06902873109287931,0.1261911652048144
2024-01-24,0.3057808028859313,-0.1637375724442741,val,JPYIDR_RET,-0.14554259946302445,-0.3092801719072985
2024-01-25,0.4430055877343289,0.1016828885336155,val,JPYIDR_RET,-0.2293107865365393,-0.1276278980029238
2024-01-26,0.5038298628978889,-0.0190033296579655,val,JPYIDR_RET,-0.17896225483265316,-0.19796558449061866
2024-01-29,-0.5377785324718266,-0.092312299400678,val,JPYIDR_RET,-0.2433201657428481,-0.33563246514352607
2024-01-30,0.836989624887801,0.0794346588384532,val,JPYIDR_RET,0.06101513737626673,0.14044979621471992
2024-01-31,-0.2048850620542492,-0.0806409479007272,val,JPYIDR_RET,-0.27176176425484627,-0.3524027121555735
2024-02-01,0.1520142867046748,0.0571971210547439,val,JPYIDR_RET,0.07408492995842612,0.13128205101317003
2024-02-02,0.0983867592095583,0.0058292855932134,val,JPYIDR_RET,-0.033991481727468326,-0.028162196134254927
2024-02-05,-1.3824494617349434,0.0724520967661871,val,JPYIDR_RET,-0.03259894574073816,0.03985315102544893
2024-02-06,-0.1934312590369374,0.0735253082464977,val,JPYIDR_RET,0.13508460684039816,0.20860991508689586
2024-02-07,0.6913018871720052,0.0408528108467091,val,JPYIDR_RET,0.09523079496630893,0.13608360581301804
2024-02-08,-0.7292647078787773,-0.0290733400942895,val,JPYIDR_RET,-0.2633628627753439,-0.2924362028696334
2024-02-09,-0.7040264088061082,0.1432147510691732,val,JPYIDR_RET,-0.03483870332042169,0.10837604774875151
2024-02-12,-0.3369597732758381,0.043854743445708,val,JPYIDR_RET,-0.0639327326307965,-0.020077989185088504
2024-02-13,-0.278095097696014,0.0120497247323151,val,JPYIDR_RET,0.07990062741643081,0.0919503521487459
2024-02-14,-0.3540088189770097,0.0410645249688603,val,JPYIDR_RET,0.0942838515355758,0.1353483765044361
2024-02-15,-0.5750620016551655,-0.0337494448967871,val,JPYIDR_RET,0.07626402310223832,0.042514578205451216
2024-02-16,1.1595948935500229,0.177657720229421,val,JPYIDR_RET,0.02501310533847267,0.20267082556789368
2024-02-19,-0.373971255772227,-0.1420446420468718,val,JPYIDR_RET,-0.2932928533565069,-0.43533749540337874
2024-02-20,-0.0846419173875489,0.1407234875719974,val,JPYIDR_RET,0.09436453456952097,0.23508802214151836
2024-02-21,0.393070637447357,-0.0793120328127881,val,JPYIDR_RET,0.09388927118578635,0.01457723837299825
2024-02-22,-0.3984563726032661,-0.0170997169977354,val,JPYIDR_RET,-0.23016369074048068,-0.2472634077382161
2024-02-23,-0.4309212855445286,0.0697962364813104,val,JPYIDR_RET,0.07976845265729923,0.14956468913860965
2024-02-26,-0.0221591132909514,0.0943628768036038,val,JPYIDR_RET,0.04100915484005021,0.13537203164365402
2024-02-27,0.2904670440403577,0.0177639293246058,val,JPYIDR_RET,0.07163855543039739,0.08940248475500319
2024-02-28,0.1398428876317349,-0.0507416473711373,val,JPYIDR_RET,-0.14291140364306404,-0.19365305101420133
2024-02-29,0.2705598690376772,-0.00038107626100593176,val,JPYIDR_RET,-0.09393097733203562,-0.09431205359304155
2024-03-01,0.3208659886825316,-0.0545564048970476,val,JPYIDR_RET,-0.14191678806524044,-0.19647319296228805
2024-03-04,-0.0837362083554968,0.0113594400728235,val,JPYIDR_RET,-0.1946562029958588,-0.18329676292303532
2024-03-05,0.2308895077424674,0.0319743606169919,val,JPYIDR_RET,0.06420224315618492,0.09617660377317683
2024-03-06,0.1855163383248933,-0.0561805882908787,val,JPYIDR_RET,-0.09909070406752972,-0.15527129235840842
2024-03-07,-0.0103330999968737,0.0206422180782377,val,JPYIDR_RET,-0.12499485359046335,-0.10435263551222565
2024-03-08,0.6425817280711091,0.1012913791073897,val,JPYIDR_RET,0.036712826411312335,0.13800420551870202
2024-03-11,0.1989001324017597,0.0291498283740579,val,JPYIDR_RET,-0.24729497384209223,-0.21814514546803432
2024-03-12,-0.0892322392179617,0.0847340557684612,val,JPYIDR_RET,-0.08092166042150996,0.0038123953469512417
2024-03-13,-0.4224165160466942,0.0478986539481535,val,JPYIDR_RET,0.08672366167116666,0.13462231561932014
2024-03-14,0.1785945489633018,0.0280383877499529,val,JPYIDR_RET,0.05235638749075229,0.0803947752407052
2024-03-15,-0.0972831190468298,-0.0214769785412323,val,JPYIDR_RET,-0.06885700038344336,-0.09033397892467566
2024-03-18,-0.3839127217365994,-0.0372572294873361,val,JPYIDR_RET,0.05672358270197435,0.01946635321463825
2024-03-19,0.5340853270558537,0.030933562648186,val,JPYIDR_RET,0.08718984911785511,0.11812341176604112
2024-03-20,-1.4188628502671214,-0.1102388808067462,val,JPYIDR_RET,-0.23859910026984069,-0.34883798107658687
2024-03-21,-0.0151718249884287,0.1428308473829848,val,JPYIDR_RET,0.07590669493987985,0.21873754232286463
2024-03-22,-0.3449902020899947,0.0590823925989753,val,JPYIDR_RET,0.08326543577760968,0.142347828376585
2024-03-25,0.7183530079226288,0.0062222814845913,val,JPYIDR_RET,0.07380329355110403,0.08002557503569532
2024-03-26,-0.1627068072118883,-0.1521327195979758,val,JPYIDR_RET,-0.26862008329958,-0.4207528028975558
2024-03-27,0.1747134533099139,0.0816524597889732,val,JPYIDR_RET,0.026515978620084417,0.10816843840905763
2024-03-28,0.4695902626406369,-0.0386365891933058,val,JPYIDR_RET,-0.0329090195810394,-0.07154560877434521
2024-03-29,-0.1010810984334706,-0.0782032288600232,val,JPYIDR_RET,-0.2398655613832292,-0.3180687902432524
2024-04-01,-0.1550786495457561,0.0232746574490822,val,JPYIDR_RET,0.03274079110996036,0.05601544855904256
2024-04-02,0.4944154182990107,0.0695660777849913,val,JPYIDR_RET,0.0875726503733344,0.1571387281583257
2024-04-03,0.0847321770675698,-0.123698669356482,val,JPYIDR_RET,-0.21447244048458575,-0.33817110984106774
2024-04-04,-0.1462080351193158,0.0060689487865579,val,JPYIDR_RET,-0.10494584999593268,-0.09887690120937478
2024-04-05,-0.0070312659970588,0.0575014418793432,val,JPYIDR_RET,0.08188526200601776,0.13938670388536095
2024-04-08,-0.4105849089853474,0.0448625031266764,val,JPYIDR_RET,0.05202543467914464,0.09688793780582103
2024-04-09,0.1318991372812045,0.0681183084737984,val,JPYIDR_RET,0.05761426514915278,0.12573257362295118
2024-04-10,-0.1181024774271044,-0.0115719906799958,val,JPYIDR_RET,-0.015128772181206666,-0.026700762861202466
2024-04-11,-0.1148813025178813,0.0566930051659461,val,JPYIDR_RET,0.06828791560425287,0.12498092077019898
2024-04-12,-0.0939517826185603,-0.0841446854107985,val,JPYIDR_RET,0.08624227007827953,0.0020975846674810283
2024-04-15,0.588227021686572,0.0182828108293406,val,JPYIDR_RET,0.02612064728821037,0.04440345811755097
2024-04-16,-0.8240410985166495,-0.126547996855501,val,JPYIDR_RET,-0.2526568895361437,-0.3792048863916447
2024-04-17,1.1462549051683222,0.0962001537499735,val,JPYIDR_RET,-0.03398958973718094,0.062210564012792555
2024-04-18,-0.1762653335630104,-0.2502840608472588,val,JPYIDR_RET,-0.3033309027653153,-0.5536149636125741
2024-04-19,-0.3336608500070933,0.0967113558375559,val,JPYIDR_RET,-0.021282028106463066,0.07542932773109283
2024-04-22,-0.0792227956185063,0.0587322855973536,val,JPYIDR_RET,0.06593842482621316,0.12467071042356676
2024-04-23,0.1081765135593831,0.0291218190073946,val,JPYIDR_RET,0.07811438761850736,0.10723620662590197
2024-04-24,-0.6087858263568793,-0.0217926382579426,val,JPYIDR_RET,-0.02433557284079076,-0.04612821109873336
2024-04-25,0.1609434701315797,0.1485429570287622,val,JPYIDR_RET,0.006625407697875141,0.15516836472663734
2024-04-26,-0.3284981971233959,-0.0540282888923416,val,JPYIDR_RET,0.014327323124917026,-0.03970096576742457
2024-04-29,-1.6680693347746764,0.0736661958752786,val,JPYIDR_RET,0.09505451690915837,0.16872071278443695
2024-04-30,1.4795283627523306,0.1383935280175451,val,JPYIDR_RET,0.1663666306013413,0.3047601586188864
2024-05-01,-0.7306647275260183,-0.1157574468646797,val,JPYIDR_RET,-0.3161431533601605,-0.4319006002248402
2024-05-02,0.7788460616071221,0.0355425214345717,val,JPYIDR_RET,-0.004421030803036191,0.031121490631535506
2024-05-03,1.1439172501284849,0.0380299560861376,val,JPYIDR_RET,-0.2708029182128123,-0.23277296212667473
2024-05-06,-0.4641660895991202,0.0241131694909341,val,JPYIDR_RET,-0.31170356613843997,-0.28759039664750585
2024-05-07,-0.7038184175945378,0.085270532353153,val,JPYIDR_RET,0.045736507440846404,0.1310070397939994
2024-05-08,-0.0878239243535099,0.1421569905418251,val,JPYIDR_RET,-0.056898051492723395,0.0852589390491017
2024-05-09,-0.4264527711130457,-0.0261654255301804,val,JPYIDR_RET,0.09423396534750335,0.06806853981732294
2024-05-10,-0.2548055808077653,0.0421308344457901,val,JPYIDR_RET,0.0748534384709108,0.11698427291670091
2024-05-13,-0.2257976799590293,0.0938203857170122,val,JPYIDR_RET,0.09378328437818458,0.1876036700951968
2024-05-14,0.2501985499206764,0.0150999929268339,val,JPYIDR_RET,0.09140073577847825,0.10650072870531214
2024-05-15,-0.2874025745961497,-0.0642433056225669,val,JPYIDR_RET,-0.12107821692599845,-0.18532152254856535
2024-05-16,0.2516892777496912,0.0592833761340617,val,JPYIDR_RET,0.09370712279992449,0.1529904989339862
2024-05-17,-0.603009270268222,0.1897772085353071,val,JPYIDR_RET,-0.09506150838226811,0.094715700153039
2024-05-20,-0.0704605114057905,0.0488060898344503,val,JPYIDR_RET,-0.05753386968012965,-0.008727779845679351
2024-05-21,0.0616939605531489,-0.0021766400687687,val,JPYIDR_RET,0.07252248290869495,0.07034584283992625
2024-05-22,-0.0861945564550069,-0.0608608440632936,val,JPYIDR_RET,-0.015182388782156582,-0.07604323284545018
2024-05-23,-0.0666826977123897,0.0394539806676908,val,JPYIDR_RET,0.03395617303487491,0.0734101537025657
2024-05-24,0.1664190296161211,-0.0167649063689752,val,JPYIDR_RET,0.06815162591709517,0.05138671954811997
2024-05-27,-0.2891302189445257,-0.0427387105775887,val,JPYIDR_RET,-0.08932489179544612,-0.13206360237303483
2024-05-28,0.2214840602359665,0.088949830444394,val,JPYIDR_RET,0.09506197445379189,0.1840118048981859
2024-05-29,0.020311193637119,-0.0165870787230718,val,JPYIDR_RET,-0.05751766768550106,-0.07410474640857286
2024-05-30,0.4918337527897806,-0.0185765607317908,val,JPYIDR_RET,0.0006161312845517017,-0.0179604294472391
2024-05-31,0.3911938495457538,-0.1214247810367181,val,JPYIDR_RET,-0.24039983361940365,-0.36182461465612176
2024-06-03,-0.0521281308383002,0.0191050825156527,val,JPYIDR_RET,-0.24093374989352875,-0.22182866737787604
2024-06-04,0.4582868468671179,0.0028958986384716,val,JPYIDR_RET,0.05484622303282546,0.05774212167129706
2024-06-05,1.0613562325491033,0.0255954235916715,val,JPYIDR_RET,-0.2249317326751967,-0.1993363090835252
2024-06-06,-0.2782729567899309,-0.1138878540647394,val,JPYIDR_RET,-0.30115783230855403,-0.4150456863732934
2024-06-07,-0.30139788566872,-0.0028546132014331,val,JPYIDR_RET,0.08471721190757805,0.08186259870614496
2024-06-10,-0.5528746512967566,0.1146255400167726,val,JPYIDR_RET,0.09365030843058972,0.2082758484473623
2024-06-11,0.125910230305248,0.0133600892137761,val,JPYIDR_RET,-0.02398057544752491,-0.01062048623374881
2024-06-12,-0.0818505229390064,-0.024100818530987,val,JPYIDR_RET,-0.0449970338574452,-0.06909785238843219
2024-06-13,-0.2691766679700709,0.0317832245543017,val,JPYIDR_RET,0.04908692557923883,0.08087015013354053
2024-06-14,0.1354791023246835,0.1258952091645422,val,JPYIDR_RET,0.09343990964818612,0.21933511881272832
2024-06-17,0.9178922601255128,-0.0616144544215588,val,JPYIDR_RET,0.01585869554112928,-0.04575575888042952
2024-06-18,-0.1031599360686505,-0.2085307872852545,val,JPYIDR_RET,-0.29295650536329954,-0.5014872926485541
2024-06-19,-0.7170599678417084,0.0370590658840751,val,JPYIDR_RET,-0.04052630961401731,-0.0034672437299422126
2024-06-20,-0.0434850680110005,0.1492986010110065,val,JPYIDR_RET,-0.04970472751971848,0.09959387349128802
2024-06-21,0.0612312682374025,0.0205579792083262,val,JPYIDR_RET,0.09005414262422577,0.11061212183255198
2024-06-24,-0.880401631149501,-0.0800976542794986,val,JPYIDR_RET,-0.0015544010317602604,-0.08165205531125885
2024-06-25,-0.1883140302179346,0.1212367549347732,val,JPYIDR_RET,-0.05875001488979033,0.06248674004498288
2024-06-26,0.0420818403299452,0.0795690720800428,val,JPYIDR_RET,0.09259152730336773,0.17216059938341052
2024-06-27,-0.3828099311228913,-0.0015713340810646,val,JPYIDR_RET,0.03983205871917942,0.03826072463811482
2024-06-28,-0.4043981089939573,0.0110384191276097,val,JPYIDR_RET,0.07979727749292641,0.0908356966205361
2024-07-01,-0.3287684933304441,0.0917921026669264,val,JPYIDR_RET,0.07052336894815713,0.16231547161508353
2024-07-02,-0.0881136929402368,0.0819877727235311,val,JPYIDR_RET,0.06898431904045643,0.15097209176398751
2024-07-03,0.0110516893530571,-0.0193614391652146,val,JPYIDR_RET,0.0859393831430211,0.0665779439778065
2024-07-04,-0.3840519456921614,0.0227704661654878,val,JPYIDR_RET,0.004310712800615734,0.027081178966103535
2024-07-05,0.0924550070330006,0.1000631879937457,val,JPYIDR_RET,0.07302692244085995,0.17309011043460565
2024-07-08,-0.0654757913032837,0.0307533884516954,val,JPYIDR_RET,0.02498264498995201,0.05573603344164741
2024-07-09,0.0617849600802545,0.0951685643563509,val,JPYIDR_RET,0.06461902238790522,0.15978758674425614
2024-07-10,-0.2954676834681689,-0.0115998764467465,val,JPYIDR_RET,0.03787433050185279,0.026274454055106294
2024-07-11,-0.6574603539096524,0.0342688400939677,val,JPYIDR_RET,0.0946573378336489,0.1289261779276166
2024-07-12,1.5480937366300571,0.1353039749492318,val,JPYIDR_RET,-0.03214581322865354,0.10315816172057826
2024-07-15,-0.0459351887110201,0.016291484608042,val,JPYIDR_RET,-0.2953533660924454,-0.27906188148440336
2024-07-16,0.6473537017580985,0.0238209962686086,val,JPYIDR_RET,0.051035691027345335,0.07485668729595393
2024-07-17,-0.2680097970034433,-0.1091768434775584,val,JPYIDR_RET,-0.2603928766872789,-0.3695697201648373
2024-07-18,1.4800177731616375,0.0522647601989779,val,JPYIDR_RET,0.08345948029007637,0.13572424048905427
2024-07-19,-0.6451388366726831,-0.0516543418850039,val,JPYIDR_RET,-0.28914002103186653,-0.34079436291687043
2024-07-22,-0.0432697824041283,0.0221709941713313,val,JPYIDR_RET,0.004031783112095557,0.026202777283426855
2024-07-23,0.4254588005242432,-0.0054410017390915,val,JPYIDR_RET,0.05241253078234469,0.04697152904325319
2024-07-24,0.7294537198843966,-0.0377800319013946,val,JPYIDR_RET,-0.21665303266735667,-0.25443306456875125
2024-07-25,1.3601532631654536,-0.0408715762234024,val,JPYIDR_RET,-0.2724105077520544,-0.31328208397545676
2024-07-26,0.6896134187552476,-0.0818426392311618,val,JPYIDR_RET,-0.2997659589818342,-0.38160859821299603
2024-07-29,-0.623148021159556,-0.0620859789923203,val,JPYIDR_RET,-0.27269431572750885,-0.3347802947198292
2024-07-30,0.3135081852795178,0.0851492897612582,val,JPYIDR_RET,0.017061907232207175,0.10221119699346537
2024-07-31,0.9231471193513686,-0.0290734089369876,val,JPYIDR_RET,-0.11704476500607817,-0.14611817394306578
2024-08-01,1.484003232336225,-0.060437933483805,val,JPYIDR_RET,-0.2893287873636142,-0.3497667208474192
2024-08-02,0.5231004259277027,0.020594810210257,val,JPYIDR_RET,-0.21640018297548155,-0.19580537276522456
2024-08-05,0.788083744142877,-0.0765925939533273,val,JPYIDR_RET,-0.238435370142378,-0.3150279640957053
2024-08-06,1.07525594097748,0.3073637913413501,val,JPYIDR_RET,-0.27979914696377456,0.027564644377575553
2024-08-07,0.3840959577664575,-0.1591933541904023,val,JPYIDR_RET,-0.2724547106242802,-0.43164806481468254
2024-08-08,-1.7609060853485152,-0.0170038649780457,val,JPYIDR_RET,-0.24770019026612455,-0.26470405524417023
2024-08-09,-1.32676276004492,0.2233125537381132,val,JPYIDR_RET,0.16617278815694642,0.3894853418950596
2024-08-12,0.0430198922244532,0.170433924606839,val,JPYIDR_RET,0.15924023778216853,0.32967416238900754
2024-08-13,0.2360049568230511,0.0780818922983197,val,JPYIDR_RET,0.07505248991744273,0.15313438221576242
2024-08-14,-1.2550652925390289,-0.031607954635967,val,JPYIDR_RET,-0.07349235871678483,-0.10510031335275183
2024-08-15,-1.0173732932902606,0.3254711958688281,val,JPYIDR_RET,0.03546739980745799,0.3609385956762861
2024-08-16,-0.4645252788580962,0.2236587235981478,val,JPYIDR_RET,0.0914613977548071,0.3151201213529549
2024-08-19,0.3939789380837278,-0.1147763589993507,val,JPYIDR_RET,-0.030992020131424693,-0.1457683791307754
2024-08-20,-0.1722542187003384,0.0798700239555186,test,JPYIDR_RET,-0.2399954492393275,-0.1601254252838089
2024-08-21,0.4027190487376682,0.218050608498827,test,JPYIDR_RET,0.09520565064557139,0.31325625914439836
2024-08-22,0.4292972128248846,0.0725457038856312,test,JPYIDR_RET,-0.09025035010296233,-0.01770464621733113
2024-08-23,0.8225100394309431,-0.0478496918406239,test,JPYIDR_RET,-0.18626077221868492,-0.23411046405930883
2024-08-26,-0.7412548599734943,-0.2689658407605789,test,JPYIDR_RET,-0.2803188675477673,-0.5492847083083462
2024-08-27,0.1961300847450034,0.4104249250129174,test,JPYIDR_RET,0.05164245813237646,0.46206738314529383
2024-08-28,0.4041539512120254,-0.0643952728281956,test,JPYIDR_RET,0.09286171288155741,0.02846644005336181
2024-08-29,-0.4929624683928161,-0.0118247175728322,test,JPYIDR_RET,-0.22901954774048258,-0.2408442653133148
2024-08-30,-0.284828684197837,0.0705259595875448,test,JPYIDR_RET,0.04840003106988586,0.11892599065743066
2024-09-02,-0.505869619493402,0.0775456198205964,test,JPYIDR_RET,0.08553407229647576,0.16307969211707218
2024-09-03,-0.2642546441007265,-0.0125794884528332,test,JPYIDR_RET,0.008059564541564318,-0.004519923911268882
2024-09-04,1.0198843225115692,0.0140272618405397,test,JPYIDR_RET,0.0951971034279837,0.10922436526852339
2024-09-05,0.8343530557356035,-0.078160877983598,test,JPYIDR_RET,-0.2967018835044543,-0.3748627614880523
2024-09-06,-0.225701924091118,0.04900105173368,test,JPYIDR_RET,-0.28459502023034144,-0.23559396849666145
2024-09-09,0.5566789145014522,0.0982875709726931,test,JPYIDR_RET,0.09504703346710763,0.19333460443980072
2024-09-10,-0.1481053310722304,-0.0255168296408147,test,JPYIDR_RET,-0.2258858446365956,-0.2514026742774103
2024-09-11,0.8689168817274112,-0.0518762054871271,test,JPYIDR_RET,0.0735710650646752,0.021694859577548103
2024-09-12,-0.5862679814973866,-0.0767043637333483,test,JPYIDR_RET,-0.28552560723462617,-0.3622299709679745
2024-09-13,0.6494599679756232,0.1071227655707798,test,JPYIDR_RET,0.03758753013723112,0.14471029570801092
2024-09-16,0.3355018572379747,0.0004408172641782671,test,JPYIDR_RET,-0.24750778778330415,-0.24706697051912588
2024-09-17,-0.0519851853932211,0.0551285001171414,test,JPYIDR_RET,-0.17590984889972588,-0.12078134878258448
2024-09-18,-1.1266631442397474,0.0376671510416586,test,JPYIDR_RET,0.0684891651403175,0.1061563161819761
2024-09-19,-0.780573972836745,0.1379615521430601,test,JPYIDR_RET,0.008010336906327306,0.1459718890493874
2024-09-20,-0.776491374192015,0.1293269013680721,test,JPYIDR_RET,-0.06345603966895602,0.06587086169911607
2024-09-23,-1.086289127442409,0.1939089437335609,test,JPYIDR_RET,-0.06429261858963382,0.12961632514392707
2024-09-24,0.3870290609639261,0.1680160701509014,test,JPYIDR_RET,0.0625500857294666,0.230566155880368
2024-09-25,0.1211503594756028,-0.029027500142747,test,JPYIDR_RET,-0.1114006908252506,-0.1404281909679976
2024-09-26,-0.6656281814384317,0.1144150044535764,test,JPYIDR_RET,-0.06861889142827499,0.04579611302530141
2024-09-27,-1.1400732357437853,-0.0228948760519389,test,JPYIDR_RET,-0.05523958843282937,-0.07813446448476827
2024-09-30,1.9111816495642413,0.2695336973031478,test,JPYIDR_RET,-0.012200277551413577,0.25733341975173424
2024-10-01,-0.2998166555753693,-0.15789675491982,test,JPYIDR_RET,-0.12328661015302507,-0.2811833650728451
2024-10-02,0.5734195218372119,-0.0228567639493632,test,JPYIDR_RET,0.0792035294052109,0.0563467654558477
2024-10-03,-1.5460863979536916,-0.1261564357640381,test,JPYIDR_RET,-0.2567976862736246,-0.38295412203766266
2024-10-04,0.6883218470140957,0.0700495507351818,test,JPYIDR_RET,0.12297855367132668,0.19302810440650847
2024-10-07,-0.0985095679238962,-0.1635405659015701,test,JPYIDR_RET,-0.25974864300046097,-0.42328920890203103
2024-10-08,1.052774688313229,-0.1215556268672351,test,JPYIDR_RET,-0.015876000539499453,-0.13743162740673456
2024-10-09,-0.4008001687770727,-0.1370826408030763,test,JPYIDR_RET,-0.3202721572902763,-0.4573547980933526
2024-10-10,-0.7869306349298926,0.0475163487103257,test,JPYIDR_RET,0.09526774356709632,0.142784092277422
2024-10-11,0.3464011981862259,0.0567163890470806,test,JPYIDR_RET,-0.06294158190265728,-0.006225192855576676
2024-10-14,-1.1201157005280038,-0.0072669449804406,test,JPYIDR_RET,-0.15233442090738405,-0.15960136588782464
2024-10-15,-0.1540852418315951,0.2111076470599676,test,JPYIDR_RET,-0.013948303573462592,0.197159343486505
2024-10-16,0.418185704085364,-0.0088280627238905,test,JPYIDR_RET,0.08349323053564664,0.07466516781175614
2024-10-17,-0.285394093377173,-0.0630839551647793,test,JPYIDR_RET,-0.21525867783990424,-0.27834263300468354
2024-10-18,-0.9347173601430104,0.0222160127851735,test,JPYIDR_RET,0.09363401500420654,0.11585002778938004
2024-10-21,0.1657086004981531,0.1563454015650337,test,JPYIDR_RET,-0.058972531513931684,0.09737287005110203
2024-10-22,-0.0957686400447765,0.0718344764670305,test,JPYIDR_RET,0.01597826600753631,0.08781274247456682
2024-10-23,-0.1606183866302228,-0.0901615243422238,test,JPYIDR_RET,0.08541433825575015,-0.004747186086473648
2024-10-24,-0.5805460543685883,0.0071080942468227,test,JPYIDR_RET,0.05452362892105281,0.061631723167875505
2024-10-25,0.3821985028552054,-0.0257141636207719,test,JPYIDR_RET,0.0063608023338380905,-0.01935336128693381
2024-10-28,-0.3417951206584916,0.0468979579460828,test,JPYIDR_RET,-0.20808271785390114,-0.16118475990781833
2024-10-29,0.2264374438885206,-0.0238642981402856,test,JPYIDR_RET,0.07793199583117115,0.05406769769088555
2024-10-30,0.0712693737857797,-0.0494372017413019,test,JPYIDR_RET,-0.13005107289611975,-0.17948827463742165
2024-10-31,-0.4151672203679991,-0.0097880267805467,test,JPYIDR_RET,-0.05009607279625141,-0.05988409957679811
2024-11-01,0.9135775377031008,0.1340497569686976,test,JPYIDR_RET,0.07343579676152479,0.20748555373022237
2024-11-04,0.6158235718971509,-0.0623393157486627,test,JPYIDR_RET,-0.27324002004667264,-0.33557933579533533
2024-11-05,-0.3215567710028561,-0.1403676071900998,test,JPYIDR_RET,-0.26594006711674156,-0.40630767430684134
2024-11-06,-0.2409707541221404,0.124625229038627,test,JPYIDR_RET,0.08809804530390418,0.2127232743425312
2024-11-07,-0.9139678416673294,0.1540795177764134,test,JPYIDR_RET,0.08340588803541751,0.23748540581183092
2024-11-08,-0.917144901180472,-0.1940389618270498,test,JPYIDR_RET,-0.030710181080479088,-0.2247491429075289
2024-11-11,0.7520357617817915,0.3887054010139136,test,JPYIDR_RET,-0.04166639858884489,0.3470390024250687
2024-11-12,0.3740374720109132,-0.1818241907159631,test,JPYIDR_RET,-0.18927435665771153,-0.37109854737367465
2024-11-13,-0.6111691004210738,-0.1621199145115271,test,JPYIDR_RET,-0.2501397396503339,-0.41225965416186106
2024-11-14,-0.1306564767595437,0.0014887594825222,test,JPYIDR_RET,0.05980698607704597,0.061295745559568175
2024-11-15,-0.1244084217349149,-0.0196892710934374,test,JPYIDR_RET,0.07645650530155805,0.056767234208120645
2024-11-18,0.8957030404601548,-0.0523411679042191,test,JPYIDR_RET,0.06765841669645335,0.015317248792234249
2024-11-19,-0.5071948830628035,-0.0092448841219609,test,JPYIDR_RET,-0.2887992912973211,-0.298044175419282
2024-11-20,0.0042691500966084,0.1337142464039001,test,JPYIDR_RET,0.042069967625206685,0.17578421402910677
2024-11-21,0.2322374591370269,0.0142402066293107,test,JPYIDR_RET,0.07566112260173433,0.08990132923104503
2024-11-22,0.0901949340458593,-0.1026006930059116,test,JPYIDR_RET,-0.11078394349735117,-0.21338463650326278
2024-11-25,0.8219680985900992,0.0848461076591865,test,JPYIDR_RET,-0.09530324340004874,-0.010457135740862239
2024-11-26,-0.3941082236955091,-0.1369908323528789,test,JPYIDR_RET,-0.27038231057350853,-0.40737314292638743
2024-11-27,1.0716951956503695,0.0587474142549831,test,JPYIDR_RET,0.09526975978231766,0.15401717403730075
2024-11-28,0.6810988956093822,-0.0914164723196512,test,JPYIDR_RET,-0.29774248647591756,-0.3891589587955688
2024-11-29,0.1984686528096445,0.0440321359912007,test,JPYIDR_RET,-0.2727656645061755,-0.2287335285149748
2024-12-02,0.5385632638025077,-0.0034271530079943,test,JPYIDR_RET,-0.07129901334658655,-0.07472616635458085
2024-12-03,0.7709297337454357,0.0189967566303773,test,JPYIDR_RET,-0.24743743708219582,-0.2284406804518185
2024-12-04,0.0954496193090817,-0.1512432061010417,test,JPYIDR_RET,-0.2713846760618515,-0.4226278821628932
2024-12-05,-0.8226548717642109,-0.027543513009511,test,JPYIDR_RET,-0.12793779085831813,-0.15548130386782913
2024-12-06,-0.1814516047709565,0.1417507910336816,test,JPYIDR_RET,-0.05792098888162693,0.08382980215205467
2024-12-09,0.0294841305154538,0.1093528814643036,test,JPYIDR_RET,0.09092639194837145,0.20027927341267504
2024-12-10,-0.6732061362664682,0.0048161740334585,test,JPYIDR_RET,0.058358389781154076,0.06317456381461257
2024-12-11,0.0137925101185176,0.0638352777571792,test,JPYIDR_RET,-0.02760510699836094,0.036230170758818264
2024-12-12,0.0570405916502796,-0.0041222486317937,test,JPYIDR_RET,0.04564939444919173,0.041527145817398026
2024-12-13,-0.1968304831794989,-0.0488977405900729,test,JPYIDR_RET,-0.013567943350838874,-0.06246568394091177
2024-12-16,-0.2008645132731797,0.0109308293806669,test,JPYIDR_RET,0.08078932661686884,0.09172015599753575
2024-12-17,-0.8544179926384923,-0.0258931301352272,test,JPYIDR_RET,0.09259045758117813,0.06669732744595093
2024-12-18,0.1534629997556201,0.131159304252963,test,JPYIDR_RET,-0.06237438756885488,0.0687849166841081
2024-12-19,0.6519724582851721,0.0255790052808464,test,JPYIDR_RET,0.008866604608364926,0.034445609889211325
2024-12-20,-2.9235767683624907,-0.2443142368646273,test,JPYIDR_RET,-0.26073392705393167,-0.505048163918559
2024-12-23,1.8148874419045964,0.3715153664171788,test,JPYIDR_RET,0.43638963954595167,0.8079050059631305
2024-12-24,-0.0427960449715451,-0.2424412162234797,test,JPYIDR_RET,-0.28192060092170845,-0.5243618171451881
2024-12-25,-1.4965907020395366,-0.0256306220229197,test,JPYIDR_RET,-0.0995414354083921,-0.1251720574313118
2024-12-26,-5.826130393787354,0.3186286845740358,test,JPYIDR_RET,0.14009777799445153,0.45872646256848737
2024-12-27,6.775949819926288,1.1914532889273222,test,JPYIDR_RET,1.373757105437179,2.5652103943645015
2024-12-30,-0.1471793945786588,-1.3890794168449785,test,JPYIDR_RET,0.4663413604870018,-0.9227380563579767
2024-12-31,-0.0150864357134895,0.0453094373544851,test,JPYIDR_RET,-0.3243353288458267,-0.2790258914913416
2025-01-01,0.0,0.0930072410733566,test,JPYIDR_RET,0.05024309541662823,0.14325033648998484
2025-01-02,0.4366745771167161,0.0197468339778475,test,JPYIDR_RET,0.0634276702583314,0.0831745042361789
2025-01-03,0.045297973875394,-0.1474499797176262,test,JPYIDR_RET,-0.21153622277458634,-0.3589862024922125
2025-01-06,-0.2133339174508958,0.0219213135738014,test,JPYIDR_RET,-0.0952736762368935,-0.07335236266309211
2025-01-07,-0.1643738000574293,0.0224985925788981,test,JPYIDR_RET,0.09456766192413982,0.11706625450303793
2025-01-08,-0.4443972622221461,0.0547272400139322,test,JPYIDR_RET,0.08909547311891,0.1438227131328422
2025-01-09,0.2126812620637005,0.0653896244895428,test,JPYIDR_RET,0.041620365537071755,0.10700999002661456
2025-01-10,0.3957778713746814,-0.0367898448822383,test,JPYIDR_RET,-0.06680216374139328,-0.10359200862363158
2025-01-13,0.292666452535854,-0.048577019851437,test,JPYIDR_RET,-0.2172446992826844,-0.2658217191341214
2025-01-14,0.4988572298060312,-0.0333570064666084,test,JPYIDR_RET,-0.17892395523905102,-0.2122809617056594
2025-01-15,-0.2829123244343057,-0.0158382757577423,test,JPYIDR_RET,-0.24539363669969247,-0.26123191245743477
2025-01-16,1.3919006877671714,0.0244179594531837,test,JPYIDR_RET,0.09522901146658708,0.11964697091977078
2025-01-17,0.6258897864239786,-0.1201258956299215,test,JPYIDR_RET,-0.3101475777363282,-0.43027347336624966
2025-01-20,-0.6200220658263539,-0.0359127589373536,test,JPYIDR_RET,-0.27098630854591765,-0.3068990674832712
2025-01-21,-0.0702640492454224,0.0765061643225207,test,JPYIDR_RET,0.0077811367374047945,0.0842873010599255
2025-01-22,0.1891696039468854,0.1693659250041133,test,JPYIDR_RET,0.08048895116944181,0.24985487617355512
2025-01-23,-1.0285322050209462,-0.0015285296893488,test,JPYIDR_RET,0.010256100817336255,0.008727571127987454
2025-01-24,0.1706451882579866,0.1737252642407693,test,JPYIDR_RET,-0.04358910625997769,0.13013615798079162
2025-01-27,-0.1439166723370595,-0.0151889128910069,test,JPYIDR_RET,0.02261799310911137,0.007429080218104468
2025-01-28,0.4800294635052567,0.1583530327402166,test,JPYIDR_RET,0.07544717599703153,0.2338002087372481
2025-01-29,-2.131797468827379,-0.0181510423710255,test,JPYIDR_RET,-0.16921580042489712,-0.1873668427959226
2025-01-30,2.472198189321273,0.39155026476247,test,JPYIDR_RET,0.12876004448006023,0.5203103092425303
2025-01-31,0.9184294460589444,-0.3341424148615765,test,JPYIDR_RET,0.40423554451093924,0.07009312964936276
2025-02-03,-0.4085913701777253,-0.1080763300805609,test,JPYIDR_RET,-0.3243820576027189,-0.43245838768327977
2025-02-04,-0.0750499721388542,-0.0692880973584504,test,JPYIDR_RET,0.09347957700244376,0.02419147964399336
2025-02-05,0.6113252869086747,0.071788204009462,test,JPYIDR_RET,0.024021896648999976,0.09581010065846197
2025-02-06,0.9895027627267516,0.0345926949717158,test,JPYIDR_RET,-0.2469355720055671,-0.2123428770338513
2025-02-07,1.1074000300964957,-0.1479637086689744,test,JPYIDR_RET,-0.2896735510464437,-0.4376372597154181
2025-02-10,-0.5063307656002842,-0.1123745952083591,test,JPYIDR_RET,-0.3243625107917053,-0.43673710600006443
2025-02-11,0.1516502468300102,0.0420439764560191,test,JPYIDR_RET,0.07656075028945285,0.11860472674547196
2025-02-12,-0.5628809293128044,-0.0214458194959088,test,JPYIDR_RET,-0.04316161992770235,-0.06460743942361115
2025-02-13,-0.7938770802936491,0.0497275929014473,test,JPYIDR_RET,0.024963941987700383,0.07469153488914768
2025-02-14,-0.1331291200864818,0.0592054152850307,test,JPYIDR_RET,-0.06368378498759883,-0.0044783697025681315
2025-02-17,0.349401137556338,0.2031331291724297,test,JPYIDR_RET,0.08998412898501444,0.29311725815744416
2025-02-18,0.6717734551185848,0.0795325704256405,test,JPYIDR_RET,-0.06615782798586331,0.013374742439777196
2025-02-19,0.2751912881258497,-0.0653252925366449,test,JPYIDR_RET,-0.25620819358511504,-0.3215334861217599
2025-02-20,0.6490935003995963,-0.1088242712225358,test,JPYIDR_RET,-0.1785721768036579,-0.2873964480261937
2025-02-21,0.583847483677779,-0.06372160466297,test,JPYIDR_RET,-0.27178607495098683,-0.33550767961395683
2025-02-24,0.2163842699274464,0.1115703114055425,test,JPYIDR_RET,-0.26306917902752663,-0.15149886762198414
2025-02-25,-0.3108148303694943,-0.0235518774430973,test,JPYIDR_RET,-0.0401803080343009,-0.0637321854773982
2025-02-26,0.7387811781405872,0.0357179604770213,test,JPYIDR_RET,0.09446601508155983,0.13018397555858113
2025-02-27,0.4879170274056776,-0.0422083046119429,test,JPYIDR_RET,-0.2679443390237326,-0.3101526436356755
2025-02-28,0.3461221046207458,-0.0775766511261146,test,JPYIDR_RET,-0.24494156410699122,-0.3225182152331058
2025-03-03,-0.696362498055975,-0.2151084670331785,test,JPYIDR_RET,-0.21405168461307597,-0.4291601516462545
2025-03-04,0.5476508182170171,0.0987022878215988,test,JPYIDR_RET,0.04835698486652291,0.14705927268812172
2025-03-05,-0.7701572944596363,0.0351645689523158,test,JPYIDR_RET,-0.22283891355987526,-0.18767434460755944
2025-03-06,-0.0711798192426971,0.188451048057498,test,JPYIDR_RET,-0.0595039835465099,0.12894706451098809
2025-03-07,0.8584385180926536,0.1464572572134557,test,JPYIDR_RET,0.09528061087494542,0.24173786808840114
2025-03-10,0.1572625319146581,-0.0916112284650094,test,JPYIDR_RET,-0.26860913404664993,-0.36022036251165934
2025-03-11,0.5583681271673505,0.061003849913282,test,JPYIDR_RET,-0.12921617828838794,-0.06821232837510594
2025-03-12,0.0115679249065305,-0.0893625205334221,test,JPYIDR_RET,-0.23711240834392058,-0.3264749288773427
2025-03-13,-0.9437328777972128,-0.0544860111471773,test,JPYIDR_RET,-0.037770925386214446,-0.09225693653339175
2025-03-14,-0.061551563531271,0.2143556964531469,test,JPYIDR_RET,-0.06489277130994715,0.14946292514319975
2025-03-17,-0.058948585508724,0.037764672572834,test,JPYIDR_RET,0.0950064409754792,0.1327711135483132
2025-03-18,-0.224419493588907,-0.0133025807930493,test,JPYIDR_RET,0.06479622676423893,0.05149364597118963
2025-03-19,0.8299834083052654,0.0199587514792623,test,JPYIDR_RET,0.09251433587810202,0.11247308735736433
2025-03-20,-0.475892655733274,-0.1562720252293966,test,JPYIDR_RET,-0.27537820172247707,-0.43165022695187366
2025-03-21,0.5281851228262494,0.1903568010219093,test,JPYIDR_RET,0.09140040573729398,0.2817572067592033
2025-03-24,-0.1754882759458357,-0.137158577446202,test,JPYIDR_RET,-0.17726515919842453,-0.31442373664462653
2025-03-25,-0.3869774697201375,-0.0422331943547526,test,JPYIDR_RET,0.0402305973045167,-0.0020025970502358936
2025-03-26,0.8203264426012842,-0.021916493187064,test,JPYIDR_RET,0.08753448675389551,0.06561799356683151
2025-03-27,-0.3000626104518812,-0.0711883810415866,test,JPYIDR_RET,-0.2778670275987413,-0.3490554086403279
2025-03-28,-0.658600515895495,0.0285988088643095,test,JPYIDR_RET,0.09415580092702941,0.12275460979133891
2025-03-31,0.9038371269847252,0.1128012071661439,test,JPYIDR_RET,-0.030668945112608616,0.08213226205353528
2025-04-01,0.2658429705995543,-0.0791578791949426,test,JPYIDR_RET,-0.2740294725196272,-0.35318735171456983
2025-04-02,0.5624364113300622,-0.0534271736927804,test,JPYIDR_RET,-0.1807311820646778,-0.2341583557574582
2025-04-03,1.329472681132195,-0.0981381329776959,test,JPYIDR_RET,-0.2594460703205813,-0.3575842032982772
2025-04-04,1.1207250003778468,-0.0964148270070196,test,JPYIDR_RET,-0.2892022812169446,-0.38561710822396417
2025-04-07,0.5364511499145059,-0.0365163112024762,test,JPYIDR_RET,-0.32354029407077045,-0.3600566052732467
2025-04-08,-0.9062851965953482,-0.0785552298365524,test,JPYIDR_RET,-0.2531687798369191,-0.3317240096734715
2025-04-09,2.4813993659691578,-0.0354812238343684,test,JPYIDR_RET,-0.062293076745198656,-0.09777430057956706
2025-04-10,-2.5154230845769785,-0.3473835793059722,test,JPYIDR_RET,0.2929756272569053,-0.0544079520490669
2025-04-11,2.6771043893594784,0.417451865312971,test,JPYIDR_RET,0.13555116195260614,0.5530030272655772
2025-04-14,-0.2369653637991911,-0.1160753058715414,test,JPYIDR_RET,0.46789921861266476,0.35182391274112335
2025-04-15,0.2834463312634518,0.1312631166218059,test,JPYIDR_RET,0.07303785729916183,0.20430097392096774
2025-04-16,0.2273714891007211,-0.007703300206916,test,JPYIDR_RET,-0.0698810365471759,-0.07758433675409189
2025-04-17,0.7664967322714297,-0.0393320138340104,test,JPYIDR_RET,-0.12106405001105561,-0.160396063845066
2025-04-18,0.0,0.0022253616360677,test,JPYIDR_RET,-0.2750740705467943,-0.2728487089107266
2025-04-21,0.0,0.0197468339778475,test,JPYIDR_RET,0.022168488057966264,0.04191532203581376
2025-04-22,0.864776023489853,0.0197468339778475,test,JPYIDR_RET,0.03117797668139874,0.05092481065924624
2025-04-23,-1.0214523217135678,-0.0370920444678721,test,JPYIDR_RET,-0.27809718514827425,-0.31518922961614637
2025-04-24,-0.4460443581032224,0.0207239375285396,test,JPYIDR_RET,-0.05401786148936298,-0.03329392396082338
2025-04-25,-0.1610131387522167,0.0928429828568354,test,JPYIDR_RET,0.05363025779760276,0.14647324065443817
2025-04-28,-0.4061750958170597,0.0908187653314096,test,JPYIDR_RET,0.09523431029804555,0.18605307562945517
2025-04-29,0.9963022018495744,0.010910605813853,test,JPYIDR_RET,0.04243531973931304,0.05334592555316604
2025-04-30,-0.5810858594394808,-0.0297841912542844,test,JPYIDR_RET,-0.29377432174216705,-0.32355851299645144
2025-05-01,-1.495983805053312,0.1604877548535153,test,JPYIDR_RET,0.020997011812091602,0.1814847666656069
2025-05-02,-1.3285321629033384,0.2544879839360381,test,JPYIDR_RET,0.16964122938056703,0.42412921331660514
2025-05-05,-0.3149481703265547,0.0653446254620123,test,JPYIDR_RET,0.16434100078653588,0.22968562624854819
2025-05-06,0.4387799782536397,0.2061687978740136,test,JPYIDR_RET,0.08002735937091597,0.2861961572449296
2025-05-07,0.4957499095851936,0.0320835696693912,test,JPYIDR_RET,-0.11959336811089619,-0.08750979844150499
2025-05-08,-0.1986736849656845,0.0574871671156526,test,JPYIDR_RET,-0.22753171596676233,-0.17004454885110973
2025-05-09,-1.218493673821447,-0.0426067011384953,test,JPYIDR_RET,0.09526186654640052,0.05265516540790522
2025-05-12,0.1675356750051972,0.0866972256694665,test,JPYIDR_RET,0.013235885135376213,0.09993311080484271
2025-05-13,-0.8211733920101407,-0.0139686621897766,test,JPYIDR_RET,-0.025421062804884622,-0.03938972499466122
2025-05-14,-0.0084635050357634,-0.0180345540332533,test,JPYIDR_RET,-0.05977483502809191,-0.07780938906134521
2025-05-15,0.3484060193176629,0.0999454263419234,test,JPYIDR_RET,0.015865656091325918,0.11581108243324931
2025-05-16,0.4290214965688962,0.0319916734017731,test,JPYIDR_RET,-0.12897429554561546,-0.09698262214384236
2025-05-19,0.066249578085795,0.0339660630814471,test,JPYIDR_RET,-0.20375546957850846,-0.16978940649706137
2025-05-20,-0.1359516926434939,0.0241143186052989,test,JPYIDR_RET,0.0032496989980908275,0.027364017603389728
2025-05-21,0.2949897249692331,0.0840542426589472,test,JPYIDR_RET,0.08374480034122929,0.1677990430001765
2025-05-22,0.0594840554438313,0.0069434531354141,test,JPYIDR_RET,-0.10647931374904436,-0.09953586061363026
2025-05-23,-0.0147441304038342,0.0998438427728996,test,JPYIDR_RET,-0.008467054480942489,0.09137678829195711
2025-05-26,-0.2047270878023978,0.0095732069760027,test,JPYIDR_RET,0.07100619080421205,0.08057939778021475
2025-05-27,0.3487843589092125,0.1573457745894533,test,JPYIDR_RET,0.09286228900954623,0.25020806359899955
2025-05-28,-0.8429500798622274,-0.0282132999160742,test,JPYIDR_RET,-0.09446125074424841,-0.12267455066032261
2025-05-29,-1.005753106384537,0.0458176550065491,test,JPYIDR_RET,-0.06079187639901408,-0.01497422139246498
2025-05-30,1.3681443285725228,0.0732813403579072,test,JPYIDR_RET,-0.03619085114279866,0.037090489215108546
2025-06-02,0.1528001814588487,-0.0649338784264789,test,JPYIDR_RET,-0.3225310336100992,-0.3874649120365781
2025-06-03,0.7468142938547983,-0.0245843490175671,test,JPYIDR_RET,-0.11062403322737675,-0.13520838224494386
2025-06-04,-0.698412978650379,0.0012277848238723,test,JPYIDR_RET,-0.27269045047968266,-0.27146266565581034
2025-06-05,0.5204655189692853,0.0335615926764923,test,JPYIDR_RET,-0.03466617226252191,-0.0011045795860296082
2025-06-06,-0.843114838590075,0.0270739034503193,test,JPYIDR_RET,-0.23430887316889648,-0.2072349697185772
2025-06-09,-0.4126934362054473,0.152687777540342,test,JPYIDR_RET,-0.06489664388819157,0.08779113365215042
2025-06-10,-0.0809311893073886,-0.0210036779628396,test,JPYIDR_RET,0.01531953734822938,-0.005684140614610221
2025-06-11,-0.3965752169817916,0.0694099354769135,test,JPYIDR_RET,0.050039366359688205,0.11944930183660171
2025-06-12,-2.494712892746833,0.0705645876651797,test,JPYIDR_RET,0.05390993144584049,0.1244745191110202
2025-06-13,3.122260847907614,0.5629811404708264,test,JPYIDR_RET,0.35486163723709935,0.9178427777079257
2025-06-16,0.1034837080869878,-0.4940738995818688,test,JPYIDR_RET,0.24242947148939253,-0.2516444280924763
2025-06-17,-3.444178687255648,-0.0628397591080715,test,JPYIDR_RET,-0.25698161354191296,-0.31982137264998445
2025-06-18,2.50964758446486,0.6575337526990287,test,JPYIDR_RET,0.17434211562269397,0.8318758683217227
2025-06-19,-3.9555256087494985,-0.5596458487551501,test,JPYIDR_RET,0.14513198132570226,-0.41451386742944785
2025-06-20,4.768392140644222,0.8523885005687188,test,JPYIDR_RET,0.16411207284067847,1.0165005734093973
2025-06-23,-0.4405206516366395,-0.9566690151163864,test,JPYIDR_RET,-0.12275539674069955,-1.079424411857086
2025-06-24,-0.1693023957916596,0.0035873917291473,test,JPYIDR_RET,-0.24177379416179043,-0.23818640243264314
2025-06-25,0.1777186184522003,0.1115478348885457,test,JPYIDR_RET,0.08650862477994502,0.19805645966849073
2025-06-26,0.0365649560296037,0.0782675221055255,test,JPYIDR_RET,-0.016558293313842662,0.061709228791682835
2025-06-27,-0.2683441633266449,0.0267548009183944,test,JPYIDR_RET,0.0418144977728242,0.0685692986912186
2025-06-30,0.1606150695776452,0.1006774826510119,test,JPYIDR_RET,0.0939285424979802,0.1946060251489921
2025-07-01,0.5035285549518409,-0.0104011499779481,test,JPYIDR_RET,-0.01283932725542799,-0.02324047723337609
2025-07-02,0.316591947828981,0.0162893071673763,test,JPYIDR_RET,-0.24124768641678393,-0.22495837924940762
2025-07-03,-0.0950639201582828,-0.0206532487282546,test,JPYIDR_RET,-0.15806886983568752,-0.17872211856394213
2025-07-04,-0.9951849865657788,0.0280662397076188,test,JPYIDR_RET,0.05615484244305787,0.08422108215067667
2025-07-07,-0.0314725061956592,0.1099782154555759,test,JPYIDR_RET,-0.044633116054976864,0.06534509940059904
2025-07-08,-0.0929261360481731,0.0439870104870356,test,JPYIDR_RET,0.07907644200804069,0.12306345249507629
2025-07-09,-1.0092597463940178,-0.1000856116735823,test,JPYIDR_RET,0.07782246498778017,-0.022263146685802135
2025-07-10,0.3417515930314049,0.1356748569416764,test,JPYIDR_RET,-0.06410351424861765,0.07157134269305876
2025-07-11,-0.2786731685633946,0.005263899072343,test,JPYIDR_RET,-0.1035015196083001,-0.09823762053595711
2025-07-14,-0.6064566268472351,0.0694984985324135,test,JPYIDR_RET,0.0946536873769471,0.1641521859093606
2025-07-15,-0.1262523267379397,0.0647198219959998,test,JPYIDR_RET,-0.026902170141209845,0.03781765185478995
2025-07-16,-0.6787351029746541,0.0010580607762297,test,JPYIDR_RET,0.08976890798368518,0.09082696875991489
2025-07-17,0.6282996428353572,0.0609153800473474,test,JPYIDR_RET,-0.028203607286813814,0.03271177276053359
2025-07-18,0.0627127423929481,-0.048573656106658,test,JPYIDR_RET,-0.2522157013704509,-0.3007893574771089
2025-07-21,-0.0458809056473157,-0.0392298083651848,test,JPYIDR_RET,-0.04420877513839527,-0.08343858350358008
2025-07-22,0.7429854954252508,0.0412498533175597,test,JPYIDR_RET,0.024485207171029793,0.06573506048858949
2025-07-23,-0.0927606894595207,-0.0248386497163209,test,JPYIDR_RET,-0.2678433022149272,-0.2926819519312481
2025-07-24,0.4254321920452108,0.1022152414885035,test,JPYIDR_RET,0.05346258531054142,0.1556778267990449
2025-07-25,-0.1961159538858103,-0.0009333866669738544,test,JPYIDR_RET,-0.16999779563939674,-0.17093118230637058
2025-07-28,-0.266444900169809,0.0103601286037027,test,JPYIDR_RET,0.0904202194866436,0.10078034809034629
2025-07-29,-0.1698732804266606,-0.0053403541992815,test,JPYIDR_RET,0.09497408384121017,0.08963372964192867
2025-07-30,-0.1636843682862368,-0.0490004130887939,test,JPYIDR_RET,0.08474974849720836,0.035749335408414455
2025-07-31,-0.1675531418363968,0.0583976446571106,test,JPYIDR_RET,0.07103775855890757,0.12943540321601815
2025-08-01,-0.6891509793521179,-0.0295577000880596,test,JPYIDR_RET,0.0939357139164524,0.06437801382839281
2025-08-04,2.30055651337164,-0.0086345074772721,test,JPYIDR_RET,-0.02118402663884394,-0.02981853411611604
2025-08-05,-0.3628181929934886,-0.1455832896773093,test,JPYIDR_RET,0.4570025651364813,0.31141927545917203
2025-08-06,-0.4264561520602994,0.1996671987336018,test,JPYIDR_RET,0.0931622671042788,0.2928294658378806
2025-08-07,-0.0126498446416804,0.0301824357412886,test,JPYIDR_RET,-0.008758109602477339,0.02142432613881126
2025-08-08,0.0294854557767004,0.0626358961273739,test,JPYIDR_RET,0.042340803302939364,0.10497669943031326
2025-08-11,-0.8750005574642233,0.0491220353949163,test,JPYIDR_RET,0.03776228074952947,0.08688431614444578
2025-08-12,-0.0106046968671782,0.1182498786719932,test,JPYIDR_RET,-0.0629857009477109,0.0552641777242823
2025-08-13,-0.0579514173513361,-0.0264579974370322,test,JPYIDR_RET,0.07548507954275689,0.04902708210572469
2025-08-14,-0.4276799926037289,0.086426175068031,test,JPYIDR_RET,0.03696348239999463,0.12338965746802563
2025-08-15,-0.0155960659151146,0.1731590291179663,test,JPYIDR_RET,0.035813858540200846,0.20897288765816713
2025-08-18,0.4563738113944854,-0.0444407041340284,test,JPYIDR_RET,0.08940953281548099,0.04496882868145259
2025-08-19,-0.3837355775706429,-0.0369263626833055,test,JPYIDR_RET,-0.23800418192782527,-0.27493054461113076
2025-08-20,0.5549420796723731,0.02826715682837,test,JPYIDR_RET,0.0871618269608142,0.1154289837891842
2025-08-21,0.2086571231686242,-0.0813406448650139,test,JPYIDR_RET,-0.24418279869861467,-0.32552344356362856
2025-08-22,-0.2555244608014844,0.0183358083378937,test,JPYIDR_RET,-0.15250522593705781,-0.13416941759916412
2025-08-25,0.1001699147746488,-0.0291172234338774,test,JPYIDR_RET,0.09507351970653254,0.06595629627265513
2025-08-26,-0.1652816721507932,0.1370250737493958,test,JPYIDR_RET,-0.05547767296617222,0.08154740078322358
2025-08-27,0.441585885295385,0.014634320553961,test,JPYIDR_RET,0.0933172393250406,0.1079515598790016
2025-08-28,0.1898249106390176,-0.0384238731956871,test,JPYIDR_RET,-0.21523617868887118,-0.2536600518845583
2025-08-29,0.5432518131362173,-0.0051468962502615,test,JPYIDR_RET,-0.11697860302127489,-0.12212549927153639
2025-09-01,0.1861478327815564,-0.0360498629032368,test,JPYIDR_RET,-0.24871412221187866,-0.28476398511511547
2025-09-02,-0.0143270388831131,-0.0073953200267928,test,JPYIDR_RET,-0.1133302833831713,-0.1207256034099641
2025-09-03,-0.7548015215182202,0.0198381649396364,test,JPYIDR_RET,0.024631190820636674,0.04446935576027307
2025-09-04,0.4991892791050343,0.0187344563101275,test,JPYIDR_RET,-0.05418023829401535,-0.035445781983887856
2025-09-05,-0.3328086075304144,-0.0311297898366045,test,JPYIDR_RET,-0.2325046177922763,-0.2636344076288808
2025-09-08,-0.3450702554975289,0.0528505358236491,test,JPYIDR_RET,0.09337491127473631,0.14622544709838542
2025-09-09,0.9923088096024604,0.1162043702863686,test,JPYIDR_RET,0.07549889642677615,0.19170326671314475
2025-09-10,0.0041091802390839,-0.0874359006135085,test,JPYIDR_RET,-0.28085737239547304,-0.3682932730089815
2025-09-11,-0.0255717347241288,0.0300444738335719,test,JPYIDR_RET,-0.031975892130879,-0.0019314182973070998
2025-09-12,-0.081300613997777,0.0310006858124776,test,JPYIDR_RET,0.048145718869047664,0.07914640468152526
2025-09-15,-0.3765666414449621,0.0541066164671582,test,JPYIDR_RET,0.07024843887814153,0.12435505534529973
2025-09-16,-0.0452790231317342,0.0477156961193313,test,JPYIDR_RET,0.06584297792133523,0.11355867404066652
2025-09-17,0.8797544416088874,0.063670882015591,test,JPYIDR_RET,0.06342299988782031,0.1270938819034113
2025-09-18,-0.2010138049619743,-0.0549274203776191,test,JPYIDR_RET,-0.27582451935704894,-0.33075193973466804
2025-09-19,0.1961392218883607,0.0283500236255346,test,JPYIDR_RET,0.08031086625858545,0.10866088988412005
2025-09-22,0.3089814942516073,-0.1309834148313787,test,JPYIDR_RET,-0.07969135465632246,-0.21067476948770117
2025-09-23,-0.080987155783198,-0.071768480105874,test,JPYIDR_RET,-0.21981955468419648,-0.29158803479007045
2025-09-24,0.3829353838235194,0.0839848635606555,test,JPYIDR_RET,0.025816790487622004,0.1098016540482775
2025-09-25,-0.3953219875438039,-0.0404297439758543,test,JPYIDR_RET,-0.1573456470206666,-0.19777539099652092
2025-09-26,-0.3608201394581974,-0.0395948698416331,test,JPYIDR_RET,0.08562563961805059,0.046030769776417485
2025-09-29,0.0891062514808251,-0.0253483610710621,test,JPYIDR_RET,0.09119128283251139,0.06584292176144929
2025-09-30,-0.0260757395216602,0.0503873339242066,test,JPYIDR_RET,-0.04618590613165045,0.004201427792556146
2025-10-01,0.7334745167772608,0.1144413935260126,test,JPYIDR_RET,0.056990053821547246,0.17143144734755983
2025-10-02,0.3860499141920228,-0.077555352300429,test,JPYIDR_RET,-0.2598432149325285,-0.33739856723295747
2025-10-03,-0.3018153618407933,0.0241345779777132,test,JPYIDR_RET,-0.22751288978323153,-0.20337831180551832
2025-10-06,-1.9176441262753832,0.0718671304297841,test,JPYIDR_RET,0.09054510870157804,0.16241223913136216
2025-10-07,-0.2511835928751929,0.1922148584596815,test,JPYIDR_RET,0.1319436586693978,0.3241585171290793
2025-10-08,-1.1949043476286094,0.0141057712154802,test,JPYIDR_RET,0.06170571440439556,0.07581148561987576
2025-10-09,-0.5998904876347732,0.1128172752388251,test,JPYIDR_RET,0.028622478189141622,0.14143975342796672
2025-10-10,-0.0555135486163408,0.0836006161692564,test,JPYIDR_RET,-0.03865553280568211,0.04494508336357429
2025-10-13,0.7184075238979639,-0.0159430583159914,test,JPYIDR_RET,0.07843634808085911,0.06249328976486772
2025-10-14,-0.549983825505673,-0.0119034642179717,test,JPYIDR_RET,-0.27019228795006967,-0.2820957521680414
2025-10-15,0.6910230229174167,0.0893088703733943,test,JPYIDR_RET,0.02630851555089071,0.11561738592428501
2025-10-16,0.4344180274059674,-0.1051001210221859,test,JPYIDR_RET,-0.2575676789257398,-0.3626677999479257
2025-10-17,0.4882052538663252,-0.0005851762248733752,test,JPYIDR_RET,-0.24693167018387774,-0.2475168464087511
2025-10-20,-0.4934881670467272,0.0089219023489201,test,JPYIDR_RET,-0.23482567252494324,-0.22590377017602314
2025-10-21,-0.0614516259375583,0.0414836429476107,test,JPYIDR_RET,0.040358032647848825,0.08184167559545952
2025-10-22,-0.3960469902099374,0.0555520505162625,test,JPYIDR_RET,0.06703190785059111,0.12258395836685361
2025-10-23,-0.0540068039254004,-0.0096709119579355,test,JPYIDR_RET,0.05893846020291078,0.04926754824497528
2025-10-24,-0.4424101669111099,0.017623669531358,test,JPYIDR_RET,0.0430379935839786,0.0606616631153366
2025-10-27,-0.2762282503302897,0.0548496199971753,test,JPYIDR_RET,0.056015754773434547,0.11086537477060984
2025-10-28,-2.4428794976965493,0.0480448511489544,test,JPYIDR_RET,0.08979285114401772,0.13783770229297213
2025-10-29,3.0983510475352105,0.5687800612104382,test,JPYIDR_RET,0.2981946662316493,0.8669747274420876
2025-10-30,-0.6496715356172319,-0.4995658347980748,test,JPYIDR_RET,0.27824013527232216,-0.22132569952575265
2025-10-31,-3.2874590135957296,0.057627954295233,test,JPYIDR_RET,0.08134274657338285,0.13897070086861585
2025-11-03,2.7373162040334167,0.5710680845849643,test,JPYIDR_RET,0.20289824451157104,0.7739663290965353
2025-11-04,0.0596966329020731,-0.5689448467431447,test,JPYIDR_RET,0.4543353783913939,-0.11460946835175084
2025-11-05,0.816873830204752,-0.0752661632673896,test,JPYIDR_RET,-0.26099744785759277,-0.3362636111249824
2025-11-06,-0.5631711589469213,-0.0514276855026881,test,JPYIDR_RET,-0.28243313255448393,-0.33386081805717205
2025-11-07,0.8833155050119735,0.0991069795840376,test,JPYIDR_RET,0.03673770426929399,0.1358446838533316
2025-11-10,-0.8130571091556142,-0.0493953548150318,test,JPYIDR_RET,-0.27355917967463045,-0.32295453448966227
2025-11-11,0.0082770247410172,0.1204156970110084,test,JPYIDR_RET,-0.051873583267277104,0.0685421137437313
2025-11-12,0.0754272146177623,-0.0071630387030704,test,JPYIDR_RET,0.07019413310812832,0.06303109440505791
2025-11-13,-0.2091860660345549,0.0114476075699603,test,JPYIDR_RET,-0.02648902021932595,-0.015041412649365649
2025-11-14,-0.008071103220374,0.011436478131748,test,JPYIDR_RET,0.09348477868215573,0.10492125681390373
2025-11-17,-0.2054988060340897,0.0438028300038807,test,JPYIDR_RET,0.031057950656561653,0.07486078066044236
2025-11-18,-0.0885720553612708,0.0870018027882207,test,JPYIDR_RET,0.09514428942974874,0.18214609221796946
2025-11-19,-0.2438960693017076,-0.0435180142700156,test,JPYIDR_RET,0.08703986183916898,0.04352184756915338
2025-11-20,-1.16945174277884,0.0534757200618786,test,JPYIDR_RET,0.09116752169892706,0.14464324176080565
2025-11-21,0.0252827500897213,0.1211964881590921,test,JPYIDR_RET,0.03521539927214563,0.15641188743123774
2025-11-24,-0.117715112846285,-0.0154143882147436,test,JPYIDR_RET,0.0645032978368852,0.0490889096221416
2025-11-25,-0.1240042095029404,0.1173137286586289,test,JPYIDR_RET,0.06680749025682771,0.1841212189154566
2025-11-26,0.3836775235697585,0.0302237147286783,test,JPYIDR_RET,0.09487209031679665,0.12509580504547496
2025-11-27,-0.118855833561755,0.0315042220394884,test,JPYIDR_RET,-0.18472783242902663,-0.15322361038953825
2025-11-28,-0.0938134688278784,0.0768215479018902,test,JPYIDR_RET,0.08140684169371525,0.15822838959560545
2025-12-01,0.4151799171345002,0.0377751593044909,test,JPYIDR_RET,0.08604967634234488,0.12382483564683577
2025-12-02,0.0817862083523109,-0.0310520280367324,test,JPYIDR_RET,-0.19551884775097994,-0.22657087578771234
2025-12-03,-0.1551628276976444,0.0383807879624899,test,JPYIDR_RET,-0.04517680534030722,-0.0067960173778173205
2025-12-04,0.3545196576870711,0.0420371797592892,test,JPYIDR_RET,0.09017154842885752,0.13220872818814672
2025-12-05,0.3407636154468282,0.0254717774843086,test,JPYIDR_RET,-0.16448797506699533,-0.13901619758268674
2025-12-08,0.0440343768818758,-0.0792022647204518,test,JPYIDR_RET,-0.16594358481512186,-0.24514584953557367
2025-12-09,-0.3059422295211405,0.0018665893111641,test,JPYIDR_RET,-0.0516812898733854,-0.049814700562221294
2025-12-10,-0.7797306757971881,0.0378845597323137,test,JPYIDR_RET,0.09277614562636163,0.13066070535867533
2025-12-11,0.5323165601005391,0.1072751378066794,test,JPYIDR_RET,-0.06115225727903572,0.04612288052764368
2025-12-12,0.2033204937120822,0.0099965455212657,test,JPYIDR_RET,-0.21454249323972047,-0.20454594771845477
2025-12-15,-0.3618171959424587,0.0151081034546861,test,JPYIDR_RET,-0.09563084795508706,-0.08052274450040095
2025-12-16,0.698062981155245,0.0792132648749761,test,JPYIDR_RET,0.08083432396847129,0.16004758884344739
2025-12-17,0.145788783108692,-0.0301537593332902,test,JPYIDR_RET,-0.25982046079100757,-0.28997422012429774
2025-12-18,-0.3876981489779428,0.020841715573876,test,JPYIDR_RET,-0.08480095521705096,-0.06395923964317496
2025-12-19,0.1106424999560099,0.0203369655780117,test,JPYIDR_RET,0.07253635056588328,0.09287331614389499
2025-12-22,-1.3745225478857055,-0.0035914196171246,test,JPYIDR_RET,-0.031213764293635152,-0.03480518391075975
2025-12-23,0.9740043696144798,0.106659963172568,test,JPYIDR_RET,0.10360470446577706,0.21026466763834506
2025-12-24,0.3200544706667382,-0.0929718296876012,test,JPYIDR_RET,-0.2800415361757561,-0.3730133658633573
2025-12-25,0.0,0.0380987383440814,test,JPYIDR_RET,-0.2100562696306615,-0.17195753128658012
2025-12-26,0.1631760889639182,0.0197468339778475,test,JPYIDR_RET,0.04012145429136178,0.059868288269209285
2025-12-29,-0.3103345426065461,0.007467186910549,test,JPYIDR_RET,-0.06437101417452006,-0.05690382726397106
2025-12-30,0.4605029072226909,0.0465609933201668,test,JPYIDR_RET,0.0916310721526363,0.1381920654728031
2025-12-31,-0.6204648143994654,-0.0103615854087993,test,JPYIDR_RET,-0.2104055979783586,-0.2207671833871579
2026-01-01,0.0,0.1268532991104817,test,JPYIDR_RET,-0.0025427346096652914,0.12431056450081641
2026-01-02,-0.4487851848967173,0.0197468339778475,test,JPYIDR_RET,0.07488290058170548,0.09462973455955298
2026-01-05,-0.074522781905485,0.0859978499113582,test,JPYIDR_RET,0.05299827764403526,0.13899612755539345
2026-01-06,0.4960739410849845,0.0066173327683025,test,JPYIDR_RET,0.08384913360388532,0.09046646637218782
2026-01-07,0.0539822993226987,-0.0200153762425311,test,JPYIDR_RET,-0.2350069872445005,-0.2550223634870316
2026-01-08,0.0331298566166445,0.0188290284529725,test,JPYIDR_RET,-0.021269298850314467,-0.002440270397341966
2026-01-09,0.2190486326559759,-0.0221032059179663,test,JPYIDR_RET,0.013288596047944698,-0.008814609870021603
2026-01-12,-0.6807630705519527,-0.0287733677545795,test,JPYIDR_RET,-0.12467256270828803,-0.15344593046286753
2026-01-13,0.2972789946738631,0.0653115636105124,test,JPYIDR_RET,-0.01844016862278074,0.04687139498773166
2026-01-14,-0.862681483600583,-0.0175459830614359,test,JPYIDR_RET,-0.11920835417544633,-0.13675433723688224
2026-01-15,0.5148530551092587,0.0858957953135244,test,JPYIDR_RET,-0.06379176672508051,0.02210402858844389
2026-01-16,0.0780569945612657,-0.0151568250852751,test,JPYIDR_RET,-0.21595879766251838,-0.2311156227477935
2026-01-19,0.6576044905048903,0.0005138687744044246,test,JPYIDR_RET,-0.033003157076658955,-0.03248928830225453
2026-01-20,-0.0376360805936937,-0.0222127732243175,test,JPYIDR_RET,-0.26402022456294605,-0.2862329977872635
2026-01-21,0.1339679047761996,-0.0111892418129084,test,JPYIDR_RET,0.028995883735301202,0.017806641922392803
2026-01-22,-0.5584483945132138,0.014838700158126,test,JPYIDR_RET,-0.06545859234530738,-0.050619892187181374
2026-01-23,-0.4851471752851066,0.1069056382853198,test,JPYIDR_RET,0.012132242674719126,0.11903788096003894
2026-01-26,1.8288354460511385,0.1242095926605341,test,JPYIDR_RET,0.00460279361943183,0.1288123862799659
2026-01-27,0.3214481587474042,-0.0546226214863663,test,JPYIDR_RET,-0.049624827285110557,-0.10424744877147685
2026-01-28,0.8725639264048568,0.0520404976234465,test,JPYIDR_RET,-0.1949389679531955,-0.142898470329749
2026-01-29,-0.1328208432770437,0.0280785441711534,test,JPYIDR_RET,-0.2761573721572985,-0.2480788279861451
2026-01-30,0.288225557524024,0.0034191758475459,test,JPYIDR_RET,0.08393570115039813,0.08735487699794403
2026-02-02,-1.44180489945523,-0.0509489062194873,test,JPYIDR_RET,-0.14965825447461634,-0.20060716069410364
2026-02-03,-0.1551593435112077,0.1088582755027773,test,JPYIDR_RET,0.11178915196417309,0.22064742746695037
2026-02-04,-0.2251849127158315,0.0109098076165448,test,JPYIDR_RET,0.0952653130731541,0.10617512068969889
2026-02-05,-0.4706902508948794,0.0588532213794183,test,JPYIDR_RET,0.09461485988288086,0.15346808126229916
2026-02-06,0.5592712209251094,0.0101562453024263,test,JPYIDR_RET,0.029716678604771486,0.03987292390719779
2026-02-09,-0.5088482339686667,-0.090082886370564,test,JPYIDR_RET,-0.24885377865745031,-0.33893666502801434
2026-02-10,0.4272869587133269,0.1094812054652008,test,JPYIDR_RET,0.06952766560929341,0.1790088710744942
2026-02-11,0.9552019220747268,0.0679616165417037,test,JPYIDR_RET,-0.16723798782928612,-0.09927637128758242
2026-02-12,0.8830264762419058,-0.0318388982344397,test,JPYIDR_RET,-0.2819401099618363,-0.313779008196276
2026-02-13,0.3825941739863934,-0.0473553817627965,test,JPYIDR_RET,-0.2848562572853992,-0.33221163904819573
2026-02-16,0.12915898047133,-0.0110084485041574,test,JPYIDR_RET,-0.21631412131470656,-0.22732256981886395
2026-02-17,-0.6577478270623561,-0.0136967188056735,test,JPYIDR_RET,-0.062318252930781096,-0.07601497173645459
2026-02-18,0.4984419020064354,0.0912910393732601,test,JPYIDR_RET,-0.015522527643710603,0.07576851172954949
2026-02-19,-0.5569571049968033,-0.0484356144734176,test,JPYIDR_RET,-0.20778543316836398,-0.25622104764178155
2026-02-20,-0.4677094429812574,-0.0049301983187403,test,JPYIDR_RET,0.03799291959594664,0.03306272127720634
2026-02-23,0.270837472035225,0.0770616733912813,test,JPYIDR_RET,0.0550486505097087,0.13211032390099
2026-02-24,-0.4240013955328394,0.0409934492079322,test,JPYIDR_RET,-0.09591094447943009,-0.05491749527149789
2026-02-25,-0.7275465433850079,0.0791489160111177,test,JPYIDR_RET,0.05426274653767039,0.13341166254878808
2026-02-26,-0.604277472858624,0.098676228085779,test,JPYIDR_RET,-0.05970222829047,0.038973999795309
2026-02-27,0.2137697450453044,0.1498658244790278,test,JPYIDR_RET,-0.03569850307730164,0.11416732140172617
2026-03-02,-0.2211082331545006,0.039249594746084,test,JPYIDR_RET,-0.015202290850492295,0.024047303895591704
2026-03-03,0.0064677136809133,-0.0428757203580476,test,JPYIDR_RET,0.09528108170136214,0.05240536134331454
2026-03-04,-0.119653186291999,-0.0626102762395457,test,JPYIDR_RET,-0.006591908422417389,-0.06920218466196308
2026-03-05,0.305903132804023,-0.0288238318401603,test,JPYIDR_RET,0.048776007975316546,0.019952176135156246
2026-03-06,-0.0655778193988473,0.0341845469566786,test,JPYIDR_RET,-0.17574555758042354,-0.14156101062374493
2026-03-09,-0.5026131698886208,-0.0368591175617879,test,JPYIDR_RET,0.0659015898823333,0.029042472320545402
2026-03-10,0.1431257449528668,0.0371965173100167,test,JPYIDR_RET,0.05399234930818164,0.09118886661819833
2026-03-11,-0.3699223644370061,0.0399749828572505,test,JPYIDR_RET,-0.04087335360283611,-0.0008983707455856096
2026-03-12,-0.4162404322874257,0.1462482893448266,test,JPYIDR_RET,0.07214554593271874,0.21839383527754533
2026-03-13,0.0597303447159277,0.0329857634723,test,JPYIDR_RET,0.016486370037322236,0.049472133509622235
2026-03-16,0.0333614662512001,-0.0133227386301811,test,JPYIDR_RET,0.006380767247762396,-0.006941971382418704
2026-03-17,0.2964774049997312,-0.062151887115221,test,JPYIDR_RET,-0.005039320640810261,-0.06719120775603127
2026-03-18,0.2431485123909791,-0.0696325212856203,test,JPYIDR_RET,-0.18712701231236606,-0.25675953359798637
2026-03-19,-0.1546331702137369,0.0870878730138381,test,JPYIDR_RET,-0.16464311777107005,-0.07755524475723195
2026-03-20,0.4368648417626171,-0.0122970046618873,test,JPYIDR_RET,0.09488933604034633,0.08259233137845903
2026-03-23,-0.5698527808422099,0.0596823061631385,test,JPYIDR_RET,-0.22290917608124883,-0.16322686991811033
2026-03-24,-0.0817366476762995,0.0504855336099935,test,JPYIDR_RET,-0.010062456869971247,0.040423076740022254
2026-03-25,-0.5535109245306478,0.1159155706577014,test,JPYIDR_RET,0.0764789404826739,0.1923945111403753
2026-03-26,-0.70311961429674,0.1092143037400362,test,JPYIDR_RET,-0.024652635389960566,0.08456166835007563
2026-03-27,0.8411797483786563,0.0911724404813942,test,JPYIDR_RET,-0.06047902111912738,0.030693419362266813
2026-03-30,-0.1365257358911799,-0.2130804324064314,test,JPYIDR_RET,-0.271255252206894,-0.48433568461332543
2026-03-31,0.3481175286412732,-0.0010928641823532,test,JPYIDR_RET,-0.022817623284360357,-0.023910487466713558
2026-04-01,0.5626648464460653,-0.0379216898681403,test,JPYIDR_RET,-0.18273352943980228,-0.22065521930794257
2026-04-02,-0.1413730274057777,0.0390622667606591,test,JPYIDR_RET,-0.25741027327592925,-0.21834800651527014
2026-04-03,-0.0498665037647961,0.060753286571284,test,JPYIDR_RET,0.08796017355343001,0.148713460124714
2023-01-04,-0.1681113116225606,0.0399529292462361,val,SGDIDR_RET,-0.36268675949408524,-0.32273383024784913
2023-01-05,0.2145088651421379,0.0498890996151577,val,SGDIDR_RET,-0.3302338782029188,-0.2803447785877611
2023-01-06,0.0811691499658761,-0.0287031169941067,val,SGDIDR_RET,-0.5130118454423445,-0.5417149624364511
2023-01-09,0.762227999558624,0.0082533602341751,val,SGDIDR_RET,-0.4888989391539584,-0.48064557891978327
2023-01-10,0.1114544546759635,-0.1090814372833747,val,SGDIDR_RET,-0.19102972119178055,-0.30011115847515524
2023-01-11,-0.4224358708723415,0.0283632512401088,val,SGDIDR_RET,-0.5311126263569964,-0.5027493751168877
2023-01-12,-0.6284520500924925,0.1085575608412967,val,SGDIDR_RET,-0.2771277087838318,-0.1685701479425351
2023-01-13,-1.0049058129751858,0.1434847378957566,val,SGDIDR_RET,-0.272656480316989,-0.12917174242123242
2023-01-16,-0.1832081648690492,0.2532411197087377,val,SGDIDR_RET,-0.034944736620770224,0.21829638308796748
2023-01-17,-0.2240590493073447,0.0801555037090371,val,SGDIDR_RET,-0.27833706902435496,-0.19818156531531786
2023-01-18,0.5358504794096018,0.036501348521633,val,SGDIDR_RET,-0.3003014743428725,-0.2638001258212395
2023-01-19,-0.452911038032591,-0.0978319914966273,val,SGDIDR_RET,-0.45779492938291455,-0.5556269208795419
2023-01-20,0.2234391789139629,0.1198622009721793,val,SGDIDR_RET,-0.28936874369963544,-0.16950654272745613
2023-01-23,-0.3787694090090737,-0.02607195544136,val,SGDIDR_RET,-0.48582797367055275,-0.5118999291119127
2023-01-24,-0.2980157156064265,0.0741105818538634,val,SGDIDR_RET,-0.2898078162672174,-0.215697234413354
2023-01-25,-0.4552062038381995,0.049084402398178,val,SGDIDR_RET,-0.2864277019757369,-0.23734329957755892
2023-01-26,0.4948536673117431,0.1151086895241387,val,SGDIDR_RET,-0.27424419960684415,-0.15913551008270543
2023-01-27,0.0772818426381264,-0.0809501244438702,val,SGDIDR_RET,-0.5270778739477818,-0.608027998391652
2023-01-30,0.1118242897516714,-0.0014585995802811,val,SGDIDR_RET,-0.5104785114101371,-0.5119371109904182
2023-01-31,0.002740304839158,0.0016937656294299,val,SGDIDR_RET,-0.4905410492385692,-0.4888472836091393
2023-02-01,-0.0058450652353291,0.0359219948478702,val,SGDIDR_RET,-0.431323965166733,-0.3954019703188628
2023-02-02,-0.2427049767716727,0.0201471875508111,val,SGDIDR_RET,-0.4079891044297926,-0.3878419168789815
2023-02-03,-0.2349526933639027,0.0688479593681682,val,SGDIDR_RET,-0.3116744055654109,-0.24282644619724267
2023-02-06,0.237461914313641,0.079611961304969,val,SGDIDR_RET,-0.3004040924925588,-0.22079213118758978
2023-02-07,0.6195671152175668,-0.0495552566590416,val,SGDIDR_RET,-0.510324366440421,-0.5598796230994626
2023-02-08,-0.0474469654023079,-0.1177156171916245,val,SGDIDR_RET,-0.2843605794586625,-0.402076196650287
2023-02-09,-0.3990841623768457,0.041657358433643,val,SGDIDR_RET,-0.46884806095382253,-0.42719070252017954
2023-02-10,0.1890001747199721,0.1043269417409921,val,SGDIDR_RET,-0.27795419977004654,-0.17362725802905443
2023-02-13,-0.0410573746331784,-0.0103820730579481,val,SGDIDR_RET,-0.47632646600682177,-0.48670853906476985
2023-02-14,0.3076633254968655,0.0279273941476382,val,SGDIDR_RET,-0.41398112177266594,-0.38605372762502776
2023-02-15,-0.242214289489766,-0.0610000815743506,val,SGDIDR_RET,-0.5404509998297178,-0.6014510814040683
2023-02-16,-0.3222687977384511,0.0525707713406508,val,SGDIDR_RET,-0.34075503005053165,-0.28818425870988085
2023-02-17,-0.5633302803335811,0.0816230923128496,val,SGDIDR_RET,-0.2859918289183407,-0.2043687366054911
2023-02-20,0.1107096343532736,0.1279657374117791,val,SGDIDR_RET,-0.2740735270276399,-0.14610778961586077
2023-02-21,0.1046468731244242,-0.0024642780685932,val,SGDIDR_RET,-0.4212900176645053,-0.4237542957330985
2023-02-22,0.1432787207418041,0.0012178425543478,val,SGDIDR_RET,-0.48755825584404844,-0.4863404132897006
2023-02-23,-0.2672738777045704,-0.0134679615685719,val,SGDIDR_RET,-0.503706320411081,-0.5171742819796529
2023-02-24,-0.0776334543425027,0.0638523851175746,val,SGDIDR_RET,-0.31446467926429134,-0.2506122941467167
2023-02-27,-0.1890316271174381,0.0451179441720752,val,SGDIDR_RET,-0.35793895760342637,-0.31282101343135116
2023-02-28,-0.0904809836290626,0.024332253484343,val,SGDIDR_RET,-0.3209028448439462,-0.29657059135960323
2023-03-01,0.067804952108519,0.0415501053132386,val,SGDIDR_RET,-0.3704667162817472,-0.3289166109685086
2023-03-02,0.4962198362912693,0.0204234668493047,val,SGDIDR_RET,-0.44515890262046176,-0.4247354357711571
2023-03-03,0.1145923509055747,-0.0526811752301154,val,SGDIDR_RET,-0.4758612831273416,-0.5285424583574571
2023-03-06,-0.2771433978961822,-0.0121970952366181,val,SGDIDR_RET,-0.5140392448564094,-0.5262363400930274
2023-03-07,0.6354243486393555,0.0957090361414052,val,SGDIDR_RET,-0.31104401774063917,-0.21533498159923398
2023-03-08,-0.1383302929668838,-0.1151406164549989,val,SGDIDR_RET,-0.4224566198694649,-0.5375972363244639
2023-03-09,0.1772502311945437,0.037477889106147,val,SGDIDR_RET,-0.41805148415625254,-0.3805735950501055
2023-03-10,0.250629147825493,-0.0056001180058471,val,SGDIDR_RET,-0.5027088723517419,-0.508308990357589
2023-03-13,0.3265527840659706,-0.0225741150891079,val,SGDIDR_RET,-0.5381140874142303,-0.5606882025033382
2023-03-14,-0.3688326671026537,-0.0082114976817295,val,SGDIDR_RET,-0.5354171387514192,-0.5436286364331486
2023-03-15,-0.1126200063364704,0.1368785344559482,val,SGDIDR_RET,-0.2883739313938516,-0.1514953969379034
2023-03-16,0.2537663216084349,0.0094718927499482,val,SGDIDR_RET,-0.3158315700875895,-0.3063596773376413
2023-03-17,0.0048261326927324,-0.0148082048286738,val,SGDIDR_RET,-0.5362166978162366,-0.5510249026449104
2023-03-20,0.065686364512039,0.0056175950627023,val,SGDIDR_RET,-0.4415319803618116,-0.4359143852991093
2023-03-21,0.0548929647536626,0.0146177991866679,val,SGDIDR_RET,-0.46345248522961513,-0.44883468604294724
2023-03-22,-0.2688992878565833,0.0180256321432215,val,SGDIDR_RET,-0.452802388561449,-0.4347767564182275
2023-03-23,0.2562522548741709,0.0526608963596275,val,SGDIDR_RET,-0.30477984694939014,-0.25211895058976264
2023-03-24,-1.1878243536352675,-0.0280613850366523,val,SGDIDR_RET,-0.5264696713947978,-0.5545310564314502
2023-03-27,0.3583588227351852,0.2815707380468917,val,SGDIDR_RET,-0.01987596030724189,0.26169477773964983
2023-03-28,-0.1925924200668909,-0.0596454130782894,val,SGDIDR_RET,-0.472255158783657,-0.5319005718619464
2023-03-29,-0.0652333667551278,0.043462673595004,val,SGDIDR_RET,-0.361867985921551,-0.318405312326547
2023-03-30,-0.3338293869008706,0.03340875490619,val,SGDIDR_RET,-0.3734415716201934,-0.3400328167140034
2023-03-31,0.0213118484335154,0.0616779104775434,val,SGDIDR_RET,-0.2872351218562207,-0.2255572113786773
2023-04-03,-0.6625916718647142,0.0162006590715156,val,SGDIDR_RET,-0.40874301909530936,-0.3925423600237938
2023-04-04,0.0989709775471048,0.1636539825721789,val,SGDIDR_RET,-0.27415973562697776,-0.11050575305479887
2023-04-05,0.3655847325433862,-0.0109817190658523,val,SGDIDR_RET,-0.3958050497780486,-0.4067867688439009
2023-04-06,-0.2493039717123938,-0.0398513784687955,val,SGDIDR_RET,-0.5281241382872507,-0.5679755167560462
2023-04-07,-0.3291114970873067,0.0900074142943346,val,SGDIDR_RET,-0.3297148808271283,-0.23970746653279368
2023-04-10,-0.1855456800788895,0.0854047406653212,val,SGDIDR_RET,-0.2800733906737591,-0.1946686500084379
2023-04-11,0.2147666076440366,0.0533819395135096,val,SGDIDR_RET,-0.3092690072855567,-0.25588706777204706
2023-04-12,-0.3000018686213582,-0.0409983322361966,val,SGDIDR_RET,-0.5117393461163728,-0.5527376783525695
2023-04-13,-0.2282275178410936,0.0737578239032403,val,SGDIDR_RET,-0.31284817328415526,-0.23909034938091495
2023-04-14,-0.2264335501187999,0.0647895624075614,val,SGDIDR_RET,-0.30085681197458,-0.23606724956701858
2023-04-17,-0.985757727215182,0.0620028733024703,val,SGDIDR_RET,-0.30362972492718293,-0.24162685162471265
2023-04-18,0.9628802054879496,0.2172267657276618,val,SGDIDR_RET,-0.1467150049169961,0.07051176081066571
2023-04-19,0.3404614521697672,-0.167583444809152,val,SGDIDR_RET,-0.19971798985784464,-0.3673014346669966
2023-04-20,0.5742915306515619,-0.0435411104200885,val,SGDIDR_RET,-0.45062933291904106,-0.4941704433391296
2023-04-21,-0.1673739134379063,-0.0976255772093121,val,SGDIDR_RET,-0.3419650742627814,-0.4395906514720935
2023-04-24,-0.8707981237811601,0.0641530813941155,val,SGDIDR_RET,-0.3931550813351043,-0.3290019999409888
2023-04-25,0.8190635742214203,0.1847596770305536,val,SGDIDR_RET,-0.22551610003292968,-0.040756423002376085
2023-04-26,-0.4811470373745138,-0.1364443365477385,val,SGDIDR_RET,-0.32366423583574555,-0.460108572383484
2023-04-27,-0.3750508610257272,0.1136366406798512,val,SGDIDR_RET,-0.29133307039144246,-0.17769642971159127
2023-04-28,-1.104343403804778,0.0933509421757737,val,SGDIDR_RET,-0.2748422166614901,-0.18149127448571642
2023-05-01,-0.1168936297188207,0.2300860759585527,val,SGDIDR_RET,0.03367009179905412,0.26375616775760685
2023-05-02,-0.1022703901447706,0.014483947682336,val,SGDIDR_RET,-0.290890567995621,-0.276406620313285
2023-05-03,0.7550102728336916,0.0323168579249122,val,SGDIDR_RET,-0.3695303442321905,-0.3372134863072783
2023-05-04,-0.1829299993447867,-0.1158537107657033,val,SGDIDR_RET,-0.22438244559717724,-0.3402361563628805
2023-05-05,0.3532909412733115,0.0693748027327376,val,SGDIDR_RET,-0.3945508250011297,-0.3251760222683921
2023-05-08,-0.1425344760318256,-0.0456269210759501,val,SGDIDR_RET,-0.5406637586039512,-0.5862906796799013
2023-05-09,0.6133006482237063,0.0297995488324919,val,SGDIDR_RET,-0.37927318917458686,-0.34947364034209494
2023-05-10,-0.0197833616688931,-0.0973594481283546,val,SGDIDR_RET,-0.37890303547163856,-0.4762624835999932
2023-05-11,-0.2934485238216412,0.0177024196047104,val,SGDIDR_RET,-0.47266455440978916,-0.45496213480507874
2023-05-12,0.0199366400416519,0.0815934497948092,val,SGDIDR_RET,-0.29861504259801247,-0.21702159280320327
2023-05-15,-0.756483909298328,0.0224581811991464,val,SGDIDR_RET,-0.3973963288236266,-0.3749381476244802
2023-05-16,0.5315436074817672,0.1643189668320633,val,SGDIDR_RET,-0.26931800446876064,-0.10499903763669735
2023-05-17,0.3381617078860944,-0.0878880038927138,val,SGDIDR_RET,-0.530956205089471,-0.6188442089821847
2023-05-18,-0.2360947702281604,-0.0496040098077538,val,SGDIDR_RET,-0.5070707289327919,-0.5566747387405457
2023-05-19,-0.1637998829579719,0.0448646195322815,val,SGDIDR_RET,-0.3386156203933742,-0.2937510008610927
2023-05-22,0.2733937549311166,0.0327483490610596,val,SGDIDR_RET,-0.3300091810206698,-0.2972608319596102
2023-05-23,-0.3136125406607809,-0.018158883392666,val,SGDIDR_RET,-0.5355452645100085,-0.5537041479026745
2023-05-24,-0.0064045311505418,0.0621044661928767,val,SGDIDR_RET,-0.302521527235709,-0.24041706104283234
2023-05-25,0.1719861117990579,0.0126117108671308,val,SGDIDR_RET,-0.3938018417513676,-0.3811901308842368
2023-05-26,-0.2701350922455577,-0.0108031425988709,val,SGDIDR_RET,-0.510937732866741,-0.521740875465612
2023-05-29,-0.0104241904005593,0.0720584573962073,val,SGDIDR_RET,-0.3127472425899919,-0.24068878519378462
2023-05-30,0.0026689130893067,0.0218531044593738,val,SGDIDR_RET,-0.3865738276175234,-0.36472072315814963
2023-05-31,0.3650173127967154,0.0211723512905319,val,SGDIDR_RET,-0.42023663806334055,-0.39906428677280864
2023-06-01,-0.0043723850085885,-0.0544239843318298,val,SGDIDR_RET,-0.5364662402329996,-0.5908902245648294
2023-06-02,-0.1816356731774411,0.0173013673002914,val,SGDIDR_RET,-0.45808808680035423,-0.4407867195000628
2023-06-05,0.2193717583118099,0.0641750412304285,val,SGDIDR_RET,-0.3337076328942356,-0.2695325916638071
2023-06-06,-0.789073362989327,-0.0248281104668012,val,SGDIDR_RET,-0.5092457237583838,-0.5340738342251851
2023-06-07,0.2722808603022099,0.1650663918200491,val,SGDIDR_RET,-0.2707650612077231,-0.105698669387674
2023-06-08,0.0541632994776911,-0.0437115876076042,val,SGDIDR_RET,-0.4876086004572283,-0.5313201880648325
2023-06-09,0.0930695518439405,0.00218704013334,val,SGDIDR_RET,-0.4830040913659305,-0.4808170512325905
2023-06-12,-0.0909741720312599,0.0103054332836179,val,SGDIDR_RET,-0.47949025902116243,-0.46918482573754455
2023-06-13,0.2607109768455364,0.0281372465181717,val,SGDIDR_RET,-0.3770956379752399,-0.3489583914570682
2023-06-14,0.0710718500359247,-0.0350880471190547,val,SGDIDR_RET,-0.5339126438174512,-0.5690006909365058
2023-06-15,0.3789853090461016,-0.0144587778281716,val,SGDIDR_RET,-0.48709408564043954,-0.5015528634686112
2023-06-16,0.2317473617975174,-0.0451189600153101,val,SGDIDR_RET,-0.5220871714440679,-0.567206131459378
2023-06-19,0.1547684623203525,-0.0149894888995618,val,SGDIDR_RET,-0.5402687734847202,-0.555258262384282
2023-06-20,0.2700983249666513,-0.0286954651385024,val,SGDIDR_RET,-0.5149874057558318,-0.5436828708943342
2023-06-21,-0.1248123890585262,-0.0374671258483212,val,SGDIDR_RET,-0.5409039952300158,-0.578371121078337
2023-06-22,-0.2346224639065847,0.0497818981276195,val,SGDIDR_RET,-0.38409356040692777,-0.33431166227930825
2023-06-23,-0.424573489953466,0.0535237764197227,val,SGDIDR_RET,-0.30546567518287904,-0.2519418987631563
2023-06-26,-0.1694176902893261,0.101112859918893,val,SGDIDR_RET,-0.27535660853600763,-0.1742437486171146
2023-06-27,0.2177234431930322,0.067607710685206,val,SGDIDR_RET,-0.30939157368804043,-0.24178386300283444
2023-06-28,-0.0967156823510528,-0.04205193352963,val,SGDIDR_RET,-0.5071416094150425,-0.5491935429446725
2023-06-29,-0.2305663046103098,0.032111089620789,val,SGDIDR_RET,-0.40109534366347616,-0.36898425404268714
2023-06-30,0.2904030288001724,0.0556718898700793,val,SGDIDR_RET,-0.31172727984341647,-0.25605538997333716
2023-07-03,-0.247417381032008,-0.0323872373942425,val,SGDIDR_RET,-0.5343686419704288,-0.5667558793646713
2023-07-04,0.5984448862734115,0.0663817211940527,val,SGDIDR_RET,-0.32765505064743783,-0.2612733294533851
2023-07-05,-0.1911675564400179,-0.0952503807222078,val,SGDIDR_RET,-0.42954693992801357,-0.5247973206502213
2023-07-06,0.1448974867424864,0.067223317526264,val,SGDIDR_RET,-0.3797688082982306,-0.31254549077196664
2023-07-07,0.7590761894107906,-0.018282200607338,val,SGDIDR_RET,-0.47271547402705383,-0.4909976746343918
2023-07-10,0.1284429794356044,-0.1251460208177068,val,SGDIDR_RET,-0.16749977255739446,-0.2926457933751012
2023-07-11,0.6870778675625618,0.0189808137577343,val,SGDIDR_RET,-0.5377343737269866,-0.5187535599692523
2023-07-12,-0.0888568477178868,-0.1089569968520491,val,SGDIDR_RET,-0.28552260257069917,-0.39447959942274824
2023-07-13,-0.7075097785256237,0.0543471486777436,val,SGDIDR_RET,-0.4417874228834658,-0.3874402742057222
2023-07-14,0.6989164362735567,0.1753905436749393,val,SGDIDR_RET,-0.2709700875989632,-0.09557954392402387
2023-07-17,0.0616360815803806,-0.1224453455217735,val,SGDIDR_RET,-0.4372499656173373,-0.5596953111391108
2023-07-18,0.1741444245341855,0.0026558235545391,val,SGDIDR_RET,-0.5201847132209808,-0.5175288896664417
2023-07-19,-0.0431910616778048,-0.0250020694109427,val,SGDIDR_RET,-0.5156399573060494,-0.5406420267169921
2023-07-20,-0.1110512343478204,0.0243075698577782,val,SGDIDR_RET,-0.42078023227864747,-0.39647266242086926
2023-07-21,0.2814197505778237,0.0191228671318131,val,SGDIDR_RET,-0.3607502165677817,-0.3416273494359686
2023-07-24,-0.5848224052252754,-0.0064045129285754,val,SGDIDR_RET,-0.5388986847837803,-0.5453031977123557
2023-07-25,-0.0322784516689544,0.1247614163336171,val,SGDIDR_RET,-0.27343614565159685,-0.14867472931797976
2023-07-26,0.3721747600443497,0.033118413081287,val,SGDIDR_RET,-0.3509907739570934,-0.3178723608758064
2023-07-27,-0.0134511853374242,-0.0316873296748541,val,SGDIDR_RET,-0.5373195642383793,-0.5690068939132334
2023-07-28,0.204497162383453,0.0172592854022316,val,SGDIDR_RET,-0.44076504398268146,-0.42350575858044986
2023-07-31,-0.0786877773940704,-0.0013644086032108,val,SGDIDR_RET,-0.5212657567326948,-0.5226301653359057
2023-08-01,0.2217293641152725,0.0509477726906555,val,SGDIDR_RET,-0.38922568308901484,-0.33827791039835936
2023-08-02,-0.189213196048062,-0.0410898975216821,val,SGDIDR_RET,-0.5153741687213973,-0.5564640662430794
2023-08-03,0.079017411579014,0.0231870928888844,val,SGDIDR_RET,-0.3549403486864022,-0.3317532557975178
2023-08-04,-0.3190516929842169,0.007612268421868,val,SGDIDR_RET,-0.4611898675985943,-0.4535775991767263
2023-08-07,0.093792997274018,0.101430081827773,val,SGDIDR_RET,-0.29506929331015,-0.19363921148237703
2023-08-08,0.3808821169679381,0.0272928308447675,val,SGDIDR_RET,-0.4265572201680706,-0.3992643893233031
2023-08-09,-0.7112759658177303,-0.0868997241637731,val,SGDIDR_RET,-0.5344421622511305,-0.6213418864149036
2023-08-10,0.1204373105495744,0.1564784523358001,val,SGDIDR_RET,-0.2738719493874366,-0.11739349705163649
2023-08-11,0.0935526674965751,-0.0086965715443831,val,SGDIDR_RET,-0.4110759277550017,-0.41977249929938476
2023-08-14,0.1055751328642036,-0.0014031942850983,val,SGDIDR_RET,-0.48517391630976764,-0.4865771105948659
2023-08-15,0.0147774189697306,0.0226265565172142,val,SGDIDR_RET,-0.487493513011223,-0.46486695649400883
2023-08-16,-0.418038479557433,-0.0198620428384683,val,SGDIDR_RET,-0.42644092592053406,-0.4463029687590024
2023-08-17,0.1666841070366688,0.095723677976386,val,SGDIDR_RET,-0.28259771448909216,-0.18687403651270615
2023-08-18,0.1849905635457794,-0.0204244767979105,val,SGDIDR_RET,-0.46921122268823423,-0.4896356994861447
2023-08-21,-0.4668319919036766,-0.00230220438438,val,SGDIDR_RET,-0.5270071211319303,-0.5293093255163103
2023-08-22,0.2275553528068353,0.1103596565092371,val,SGDIDR_RET,-0.276153534762032,-0.16579387825279493
2023-08-23,-0.0345017714205451,0.0102449396607528,val,SGDIDR_RET,-0.4924052788503248,-0.482160339189572
2023-08-24,0.2770436721337881,-0.0101460349627815,val,SGDIDR_RET,-0.4063887669951082,-0.41653480195788967
2023-08-25,-0.7301121216506317,0.0355086668238198,val,SGDIDR_RET,-0.5407863291818259,-0.5052776623580061
2023-08-28,0.4213092268039374,0.1043904577187189,val,SGDIDR_RET,-0.2706432852177016,-0.16625282749898268
2023-08-29,-0.1906721595222862,-0.074537742228635,val,SGDIDR_RET,-0.5400728720352888,-0.6146106142639237
2023-08-30,0.0295683212756609,0.0572704171577008,val,SGDIDR_RET,-0.3698289855126163,-0.31255856835491547
2023-08-31,0.1156320240741805,0.0134893858054098,val,SGDIDR_RET,-0.4155955610884728,-0.40210617528306297
2023-09-01,0.0518719649012092,-0.0072183252195634,val,SGDIDR_RET,-0.48512131038992223,-0.4923396356094856
2023-09-04,-0.2546017180650935,0.035017613810615,val,SGDIDR_RET,-0.4629311362008597,-0.42791352239024466
2023-09-05,-0.1191351776932422,0.1310834108848047,val,SGDIDR_RET,-0.304056012638774,-0.1729726017539693
2023-09-06,0.0365901798048262,-0.0237750935016984,val,SGDIDR_RET,-0.31560135306781045,-0.3393764465695088
2023-09-07,0.0102825302882943,-0.0011882085625709,val,SGDIDR_RET,-0.4636103456373455,-0.4647985541999164
2023-09-08,-0.064199064064155,0.0172884037943428,val,SGDIDR_RET,-0.43705089948379233,-0.4197624956894495
2023-09-11,-0.0121751027520472,0.0374672460985599,val,SGDIDR_RET,-0.3870837504044263,-0.3496165043058664
2023-09-12,0.3549710156388963,0.0714213475930532,val,SGDIDR_RET,-0.40376902225663136,-0.3323476746635782
2023-09-13,0.062791712367352,-0.0745057450067467,val,SGDIDR_RET,-0.5406476209324429,-0.6151533659391896
2023-09-14,-0.0096885321056017,0.0050202025301043,val,SGDIDR_RET,-0.5016199009686018,-0.49659969843849744
2023-09-15,0.0339529027126487,0.0313271243150913,val,SGDIDR_RET,-0.422683097348681,-0.3913559730335897
2023-09-18,-0.2043858265937058,0.0183140377867056,val,SGDIDR_RET,-0.4321915050715849,-0.4138774672848793
2023-09-19,0.1526532831068308,0.0509026804768129,val,SGDIDR_RET,-0.3248887694641297,-0.2739860889873168
2023-09-20,-0.018687826464676,-0.0134370518031822,val,SGDIDR_RET,-0.4849277280656613,-0.49836477986884353
2023-09-21,-0.2920381561305815,0.0252586436288854,val,SGDIDR_RET,-0.4278663480595091,-0.4026077044306237
2023-09-22,0.2333985553027318,0.0827542381922423,val,SGDIDR_RET,-0.2971731251662425,-0.2144188869740002
2023-09-25,-0.1570948348911277,-0.019196310281608,val,SGDIDR_RET,-0.5073628203018964,-0.5265591305835043
2023-09-26,0.2119253213337919,0.0423744577721955,val,SGDIDR_RET,-0.35957994708749247,-0.31720548931529696
2023-09-27,0.3729193144395681,-0.0288832623878652,val,SGDIDR_RET,-0.5149088833670016,-0.5437921457548668
2023-09-28,0.1953724956380518,-0.0494697791194204,val,SGDIDR_RET,-0.5186580481209182,-0.5681278272403386
2023-09-29,-0.1089419985243602,-0.0057340944652331,val,SGDIDR_RET,-0.5363138634781243,-0.5420479579433574
2023-10-02,-0.2340294799686211,0.0280999213201267,val,SGDIDR_RET,-0.3761406883200151,-0.34804076699988845
2023-10-03,-0.0271560131303032,0.136368707298379,val,SGDIDR_RET,-0.3118933313664869,-0.1755246240681079
2023-10-04,0.6735602468335931,0.0279411843313663,val,SGDIDR_RET,-0.3481763206388409,-0.32023513630747463
2023-10-05,-0.0784276190326439,-0.1021533201771459,val,SGDIDR_RET,-0.31095255387020876,-0.41310587404735466
2023-10-06,0.5782297724110874,0.0270253035544884,val,SGDIDR_RET,-0.44377435493579376,-0.41674905138130536
2023-10-09,-0.0790527093219053,-0.0892991727436392,val,SGDIDR_RET,-0.41149804316399624,-0.5007972159076355
2023-10-10,0.7048900754668251,-0.0239688040889312,val,SGDIDR_RET,-0.43637839150568125,-0.46034719559461246
2023-10-11,0.2708304574813152,-0.1056400928042997,val,SGDIDR_RET,-0.21767078893083772,-0.32331088173513745
2023-10-12,-0.1498772070235434,-0.0391335629724717,val,SGDIDR_RET,-0.5281550527517705,-0.5672886157242423
2023-10-13,-0.2102305550495604,0.043619787700463,val,SGDIDR_RET,-0.3724417945259108,-0.3288220068254478
2023-10-16,-0.3704107471151854,0.0711828212222453,val,SGDIDR_RET,-0.31445070973553085,-0.24326788851328557
2023-10-17,0.0381871997537413,0.1583261462154064,val,SGDIDR_RET,-0.2778803669839084,-0.119554220768502
2023-10-18,0.3622048182591736,-0.054778617875574,val,SGDIDR_RET,-0.36790658049771713,-0.4226851983732911
2023-10-19,0.1495240768006411,-0.0525252563896902,val,SGDIDR_RET,-0.5116876286391824,-0.5642128850288726
2023-10-20,0.3299082819100469,0.0072284510130475,val,SGDIDR_RET,-0.5260083393756243,-0.5187798883625768
2023-10-23,0.0807506135243189,-0.0382633616598877,val,SGDIDR_RET,-0.5395429608754108,-0.5778063225352985
2023-10-24,0.4627372454400091,0.0025422816069507,val,SGDIDR_RET,-0.49326420794236614,-0.49072192633541545
2023-10-25,-0.1270282558221389,-0.0789910382735684,val,SGDIDR_RET,-0.4866948025710068,-0.5656858408445752
2023-10-26,-0.2591027499607263,0.0518873240244407,val,SGDIDR_RET,-0.4046265885248653,-0.35273926450042464
2023-10-27,0.5321858609523411,0.074288065151361,val,SGDIDR_RET,-0.298653443933148,-0.22436537878178703
2023-10-30,-0.2037391922357757,-0.0952250846727012,val,SGDIDR_RET,-0.48821087791159845,-0.5834359625842996
2023-10-31,0.0049855794171246,0.1459425180177109,val,SGDIDR_RET,-0.3735305960687562,-0.2275880780510453
2023-11-01,-0.9057237208172182,-0.0603074332801543,val,SGDIDR_RET,-0.3581800098577337,-0.418487443137888
2023-11-02,1.1520785721579183,0.178899554997872,val,SGDIDR_RET,-0.2579269553922764,-0.0790274003944044
2023-11-03,-0.2881822452173432,-0.2347986324522911,val,SGDIDR_RET,-0.05481609367997569,-0.2896147261322668
2023-11-06,-0.7931624792291123,0.1129827669106446,val,SGDIDR_RET,-0.40177561836111325,-0.2887928514504686
2023-11-07,0.1412387173946231,0.1595199564457795,val,SGDIDR_RET,-0.23848829798914947,-0.07896834154336999
2023-11-08,0.1869359530389716,-0.0073664434546045,val,SGDIDR_RET,-0.4207298349598954,-0.42809627841449993
2023-11-09,-0.2835851219128524,-0.0115531731356469,val,SGDIDR_RET,-0.5235969844004074,-0.5351501575360542
2023-11-10,0.276926819655525,0.0741397516151885,val,SGDIDR_RET,-0.30895437382433555,-0.23481462220914706
2023-11-13,-0.1492482240680998,-0.0256408037829258,val,SGDIDR_RET,-0.5262298335189477,-0.5518706373018735
2023-11-14,-0.0138007218153369,0.09634049520052,val,SGDIDR_RET,-0.36625455675688856,-0.26991406155636855
2023-11-15,-1.7915378692406607,-0.0317262587263515,val,SGDIDR_RET,-0.37273552481158906,-0.40446178353794054
2023-11-16,1.2894041569011534,0.3686332796584286,val,SGDIDR_RET,0.8329826113475456,1.2016158910059742
2023-11-17,0.1353410081901082,-0.2302968414240664,val,SGDIDR_RET,-0.0669677167261557,-0.2972645581502221
2023-11-20,-0.2273353970441245,-0.0031352736047897,val,SGDIDR_RET,-0.531401314582788,-0.5345365881875778
2023-11-21,0.3321920717231723,0.0750545917303661,val,SGDIDR_RET,-0.3243566693612334,-0.2493020776308673
2023-11-22,0.7599722378792637,-0.0203769931397074,val,SGDIDR_RET,-0.5382393659055545,-0.558616359045262
2023-11-23,0.3928198580759499,-0.0797464743628251,val,SGDIDR_RET,-0.16459568311239028,-0.24434215747521537
2023-11-24,-0.6477786240104538,-0.0926687051150571,val,SGDIDR_RET,-0.47818017035807775,-0.5708488754731349
2023-11-27,0.4685995971932024,0.176120870715476,val,SGDIDR_RET,-0.2734012060971034,-0.09728033538162739
2023-11-28,-0.3321813232409914,-0.0658333534049695,val,SGDIDR_RET,-0.5409016954848602,-0.6067350488898298
2023-11-29,-0.8916542442203508,0.0620288778968579,val,SGDIDR_RET,-0.31062534448278595,-0.24859646658592804
2023-11-30,0.7969858595497039,0.2209140462468201,val,SGDIDR_RET,-0.21562626671369736,0.005287779533122733
2023-12-01,0.5814546011143861,-0.1278604113110014,val,SGDIDR_RET,-0.3866130478210335,-0.5144734591320349
2023-12-04,-0.3910881415024866,-0.0849105092979499,val,SGDIDR_RET,-0.23912805219069028,-0.3240385614886402
2023-12-05,0.1494924662821575,0.1114607208886433,val,SGDIDR_RET,-0.29981782118603745,-0.18835710029739416
2023-12-06,-0.6122281402439258,-0.0427215587266615,val,SGDIDR_RET,-0.4515837064089471,-0.49430526513560863
2023-12-07,0.05696761422243,0.1451133128943553,val,SGDIDR_RET,-0.2733999486889288,-0.1282866357945735
2023-12-08,0.2827734092458286,0.015844722264812,val,SGDIDR_RET,-0.38368711538274797,-0.367842393117936
2023-12-11,0.2578295212320657,-0.0055917553733451,val,SGDIDR_RET,-0.5394138155228148,-0.5450055708961599
2023-12-12,0.3685848927167088,-0.0210307953141206,val,SGDIDR_RET,-0.5390304567017994,-0.5600612520159199
2023-12-13,-0.3001198185127645,-0.0757945485005884,val,SGDIDR_RET,-0.5235606182569874,-0.5993551667575758
2023-12-14,-1.280375291214361,0.0784695564824672,val,SGDIDR_RET,-0.32431241688984513,-0.24584286040737793
2023-12-15,1.590031340760805,0.2744597146112536,val,SGDIDR_RET,0.30278926669233125,0.5772489813035848
2023-12-18,-1.5712391007798026,-0.2355914070303949,val,SGDIDR_RET,-0.2252441115800534,-0.4608355186104483
2023-12-19,1.1991152409776666,0.3380216295540735,val,SGDIDR_RET,0.26146294415525634,0.5994845737093298
2023-12-20,0.2903056112190895,-0.2462939103732645,val,SGDIDR_RET,-0.09795692460988345,-0.34425083498314796
2023-12-21,0.1504177066996351,-0.0273660398275385,val,SGDIDR_RET,-0.42536435260980543,-0.4527303924373439
2023-12-22,-0.1119217923513139,-0.0281787816513956,val,SGDIDR_RET,-0.5179573458656768,-0.5461361275170724
2023-12-25,0.1431677278894491,0.0457024660372372,val,SGDIDR_RET,-0.3859291434186103,-0.3402266773813731
2023-12-26,0.1296246777466966,0.0037503743229977,val,SGDIDR_RET,-0.4827997548157939,-0.4790493804927962
2023-12-27,-0.2604360234036085,-0.0192067946804663,val,SGDIDR_RET,-0.4964610022321222,-0.5156677969125885
2023-12-28,0.0765669436605177,0.0593040105966958,val,SGDIDR_RET,-0.3185248913918627,-0.25922088079516686
2023-12-29,0.3202505823403115,0.0097121624443294,val,SGDIDR_RET,-0.44023106010998503,-0.43051889766565565
2024-01-01,-0.2144020810605525,-0.0024639274509997,val,SGDIDR_RET,-0.5405090015455709,-0.5429729289965706
2024-01-02,-0.0203655822000066,0.0660800326137266,val,SGDIDR_RET,-0.3287919563235974,-0.26271192370987084
2024-01-03,0.2126075677917206,0.0251868940558399,val,SGDIDR_RET,-0.38455100857089997,-0.35936411451506006
2024-01-04,0.2126701742991088,-0.0211497490124348,val,SGDIDR_RET,-0.5213276257824404,-0.5424773747948752
2024-01-05,-0.3585223624730195,-0.0286897903106043,val,SGDIDR_RET,-0.5341777747451564,-0.5628675650557606
2024-01-08,-0.2335055887059268,0.0667975554606295,val,SGDIDR_RET,-0.2943831159287065,-0.227585560468077
2024-01-09,0.1884568641479709,0.0771424436725349,val,SGDIDR_RET,-0.3012801911814286,-0.22413774750889373
2024-01-10,0.0799156150838455,-0.0067688893168261,val,SGDIDR_RET,-0.4895952008438309,-0.496364090160657
2024-01-11,0.1423931466891572,0.003868891051673,val,SGDIDR_RET,-0.47735552515838303,-0.47348663410671005
2024-01-12,0.1073833378509729,-0.0538729757079867,val,SGDIDR_RET,-0.5021610284864609,-0.5560340041944476
2024-01-15,-0.5243202207650632,0.0382655955401694,val,SGDIDR_RET,-0.5116884110492259,-0.4734228155090565
2024-01-16,0.1226419313231746,0.132875699639883,val,SGDIDR_RET,-0.27339046265660466,-0.14051476301672167
2024-01-17,-0.1268078815047873,-0.0010613155740036,val,SGDIDR_RET,-0.4251336235597884,-0.426194939133792
2024-01-18,-0.1515556783103568,0.0398868604509796,val,SGDIDR_RET,-0.36524182066254796,-0.32535496021156834
2024-01-19,-0.020681395450135,0.0451061610095223,val,SGDIDR_RET,-0.3366395364196814,-0.2915333754101591
2024-01-22,0.1698528703275335,0.0236602315867858,val,SGDIDR_RET,-0.3952257246858339,-0.37156549309904807
2024-01-23,0.2108038042698399,-0.0159385974101635,val,SGDIDR_RET,-0.5054833774890056,-0.5214219748991691
2024-01-24,0.4836941860344832,-0.054471212164138,val,SGDIDR_RET,-0.5326098010559218,-0.5870810132200598
2024-01-25,0.0848648384742678,-0.0210820009915426,val,SGDIDR_RET,-0.4239065518045074,-0.44498855279605004
2024-01-26,0.5469588889762623,0.0104210555176987,val,SGDIDR_RET,-0.48698996491779845,-0.47656890940009977
2024-01-29,-0.3826575177267485,-0.0821660987575631,val,SGDIDR_RET,-0.42542163680470935,-0.5075877355622724
2024-01-30,0.5583466912079672,0.0923067928558984,val,SGDIDR_RET,-0.3012326212296611,-0.2089258283737627
2024-01-31,-0.2474055912774675,-0.0827888760508846,val,SGDIDR_RET,-0.48274509876969773,-0.5655339748205823
2024-02-01,-0.1842550904561222,0.065006112101986,val,SGDIDR_RET,-0.34770727289178355,-0.28270116078979757
2024-02-02,0.0130797949199571,0.0626141684799387,val,SGDIDR_RET,-0.31590760413868324,-0.2532934356587445
2024-02-05,-0.5080251791910492,0.0227962006908552,val,SGDIDR_RET,-0.40382666675240075,-0.38103046606154556
2024-02-06,-0.3615405866988098,0.1009907149941752,val,SGDIDR_RET,-0.27361709673844403,-0.17262638174426884
2024-02-07,0.3857590810804753,0.0994680889041543,val,SGDIDR_RET,-0.2762845896563546,-0.1768165007522003
2024-02-08,-0.5183512593071373,-0.0468292953004081,val,SGDIDR_RET,-0.5407565541540045,-0.5875858494544126
2024-02-09,-0.1789658856413576,0.1162883362722834,val,SGDIDR_RET,-0.27572291565778884,-0.15943457938550543
2024-02-12,-0.2775172081813892,0.0500681543813244,val,SGDIDR_RET,-0.3025732396866806,-0.2525050853053562
2024-02-13,-0.0874409232956444,0.0342666403536859,val,SGDIDR_RET,-0.29486843658883266,-0.2606017962351468
2024-02-14,0.0575544736773214,0.0282047968611501,val,SGDIDR_RET,-0.36715793913684647,-0.3389531422756964
2024-02-15,-0.4499953974783074,0.0144216734576488,val,SGDIDR_RET,-0.44685112056261744,-0.43242944710496867
2024-02-16,0.9249407479792902,0.1061031486081628,val,SGDIDR_RET,-0.2761608309949121,-0.17005768238674931
2024-02-19,-0.2594779801986684,-0.1466195405970448,val,SGDIDR_RET,-0.1297629719708509,-0.2763825125678957
2024-02-20,-0.0397590460397092,0.0908452700478807,val,SGDIDR_RET,-0.37141342661685456,-0.2805681565689738
2024-02-21,0.3695800572725915,-0.0086797417384489,val,SGDIDR_RET,-0.3629596786304093,-0.37163942036885816
2024-02-22,-0.1392517050675789,-0.0449007638110656,val,SGDIDR_RET,-0.5275719760611067,-0.5724727398721723
2024-02-23,-0.2259560137461717,0.0425152725076387,val,SGDIDR_RET,-0.3805543477037437,-0.338039075196105
2024-02-26,-0.0888942850707195,0.056931414942898,val,SGDIDR_RET,-0.30999610110569364,-0.25306468616279565
2024-02-27,0.2649424161344005,0.0409324547348674,val,SGDIDR_RET,-0.3559727517953261,-0.3150402970604587
2024-02-28,0.1194615501580042,-0.0266579578887068,val,SGDIDR_RET,-0.5319645303416278,-0.5586224882303347
2024-02-29,0.2258083364207797,-0.0036128689008134,val,SGDIDR_RET,-0.5054521944887724,-0.5090650633895858
2024-03-01,-0.0492276745501061,-0.0152347644471236,val,SGDIDR_RET,-0.5332209540706728,-0.5484557185177964
2024-03-04,0.0798157936396094,0.0421141448843229,val,SGDIDR_RET,-0.4121835427872137,-0.3700693979028908
2024-03-05,0.5031070017262299,-0.0028925222327768,val,SGDIDR_RET,-0.45140422962477716,-0.45429675185755397
2024-03-06,-0.0607449807236466,-0.0821221820915266,val,SGDIDR_RET,-0.452337962692392,-0.5344601447839186
2024-03-07,-0.192140708785455,0.038986646397554,val,SGDIDR_RET,-0.4424875567123936,-0.4035009103148396
2024-03-08,0.1083576054337166,0.0549566187340797,val,SGDIDR_RET,-0.32193816383096496,-0.26698154509688526
2024-03-11,-0.4190827915582091,0.0044444003285191,val,SGDIDR_RET,-0.4598881642785697,-0.4554437639500506
2024-03-12,-0.0336946549803978,0.1130268297952589,val,SGDIDR_RET,-0.2796022187900236,-0.1665753889947647
2024-03-13,0.0187745869814636,0.0253721293616195,val,SGDIDR_RET,-0.35556953219822013,-0.33019740283660065
2024-03-14,0.213731141431699,0.014282752380755,val,SGDIDR_RET,-0.4271274190399729,-0.41284466665921793
2024-03-15,0.0268614510266138,-0.0228391797777261,val,SGDIDR_RET,-0.5252160526204086,-0.5480552323981347
2024-03-18,-0.0758715706912237,0.0167610751048494,val,SGDIDR_RET,-0.45789911970101,-0.4411380445961606
2024-03-19,0.5802047420127275,0.0339850837052697,val,SGDIDR_RET,-0.3814185844080618,-0.3474335007027921
2024-03-20,-0.3990793826323739,-0.0877515683962809,val,SGDIDR_RET,-0.4162974578563274,-0.5040490262526083
2024-03-21,0.0576695612361833,0.0806800519016147,val,SGDIDR_RET,-0.298572860417347,-0.21789280851573228
2024-03-22,-0.074069604098964,0.0035154775803669,val,SGDIDR_RET,-0.4181491392321364,-0.4146336616517695
2024-03-25,0.0279031755062963,0.0343617181657557,val,SGDIDR_RET,-0.3890906751769335,-0.3547289570111778
2024-03-26,0.1515890537581011,0.0180095437792813,val,SGDIDR_RET,-0.4272036729706979,-0.40919412919141657
2024-03-27,0.320732379652237,-0.0057285960287931,val,SGDIDR_RET,-0.4999643142076893,-0.5056929102364823
2024-03-28,0.0544669232311917,-0.0457691703716376,val,SGDIDR_RET,-0.5391242850752052,-0.5848934554468428
2024-03-29,-0.0815308693115889,0.0205779129529462,val,SGDIDR_RET,-0.484178145834291,-0.4636002328813448
2024-04-01,-0.0256372255672103,0.037915987310597,val,SGDIDR_RET,-0.37668459097895624,-0.33876860366835926
2024-04-02,0.2552433893910044,0.0242479043479686,val,SGDIDR_RET,-0.396398441937823,-0.3721505375898544
2024-04-03,0.1464466275690094,-0.0193587638822005,val,SGDIDR_RET,-0.5335701084408371,-0.5529288723230376
2024-04-04,0.1372075582690624,-0.0092902708436784,val,SGDIDR_RET,-0.5134727077691457,-0.5227629786128241
2024-04-05,-0.2401361785455408,-0.0167956592972849,val,SGDIDR_RET,-0.5056134045970133,-0.5224090638942982
2024-04-08,-0.1730758427050906,0.0706826300817015,val,SGDIDR_RET,-0.32466118560651075,-0.25397855552480925
2024-04-09,0.3417547826243436,0.0558129971569346,val,SGDIDR_RET,-0.3176914693543763,-0.2618784721974417
2024-04-10,0.0315731682586777,-0.0479825228706652,val,SGDIDR_RET,-0.5407441920757464,-0.5887267149464116
2024-04-11,-0.0191474481690719,0.0090090088903565,val,SGDIDR_RET,-0.4736906158312783,-0.4646816069409218
2024-04-12,0.1392232809896193,0.0355247976063573,val,SGDIDR_RET,-0.41534864280843686,-0.37982384520207957
2024-04-15,0.1322455010183175,-0.0116608631764305,val,SGDIDR_RET,-0.48588772034326766,-0.49754858351969816
2024-04-16,-0.4572867215220962,0.0119005750875991,val,SGDIDR_RET,-0.5045038778021067,-0.4926033027145076
2024-04-17,1.3452879186059947,0.1088242811138228,val,SGDIDR_RET,-0.27586192066516285,-0.16703763955134004
2024-04-18,-0.0881166245222208,-0.2370136688767824,val,SGDIDR_RET,-0.17293895432189835,-0.40995262319868075
2024-04-19,-0.2872648648299188,0.030311706867229,val,SGDIDR_RET,-0.5066295753834976,-0.4763178685162686
2024-04-22,-0.0084138111662487,0.0797967645876677,val,SGDIDR_RET,-0.29710865091375277,-0.21731188632608506
2024-04-23,0.1715135417191447,0.0228196433147055,val,SGDIDR_RET,-0.3836541951472035,-0.360834551832498
2024-04-24,-0.5387526057633883,-0.0122683936527446,val,SGDIDR_RET,-0.5065439509845412,-0.5188123446372858
2024-04-25,0.4344082788453945,0.1211381169591674,val,SGDIDR_RET,-0.2736891517833952,-0.1525510348242278
2024-04-26,0.043358367856783,-0.065164451030434,val,SGDIDR_RET,-0.5403415544574419,-0.6055060054878759
2024-04-29,-0.1651230675986915,0.006763036038426,val,SGDIDR_RET,-0.488244943985815,-0.48148190794738904
2024-04-30,0.3657169027081128,0.0250274383790048,val,SGDIDR_RET,-0.34462117986080854,-0.31959374148180375
2024-05-01,-0.2118936950248341,-0.027420720472793,val,SGDIDR_RET,-0.5370389605374243,-0.5644596810102173
2024-05-02,-0.1243111600392054,0.0590634273447087,val,SGDIDR_RET,-0.3394296535263992,-0.2803662261816905
2024-05-03,-0.1186675992673471,0.0549238026455393,val,SGDIDR_RET,-0.33987490672963117,-0.28495110408409186
2024-05-06,0.0871639167259825,0.0570649242480786,val,SGDIDR_RET,-0.3439064551192478,-0.28684153087116915
2024-05-07,-0.3262848901093345,-0.0080399605482207,val,SGDIDR_RET,-0.44726046986943213,-0.45530043041765283
2024-05-08,0.040427401129189,0.0901801098139774,val,SGDIDR_RET,-0.2969550355187389,-0.20677492570476153
2024-05-09,-0.0734807814753219,0.0115242642254778,val,SGDIDR_RET,-0.4037101111939615,-0.3921858469684837
2024-05-10,-0.0022502448580426,0.0287000481024734,val,SGDIDR_RET,-0.38528486663009615,-0.35658481852762275
2024-05-13,-0.1274926668315819,0.0138903559807079,val,SGDIDR_RET,-0.4138319639444687,-0.39994160796376077
2024-05-14,0.6418038129278899,0.0435686244776938,val,SGDIDR_RET,-0.35798579320415186,-0.3144171687264581
2024-05-15,-0.0824367571322613,-0.1127375769455328,val,SGDIDR_RET,-0.363290417139461,-0.47602799408499374
2024-05-16,-0.5467266787491992,0.0325260366779897,val,SGDIDR_RET,-0.447370701592459,-0.4148446649144693
2024-05-17,-0.0610764982691201,0.1347552692292889,val,SGDIDR_RET,-0.27344077038434317,-0.13868550115505426
2024-05-20,0.2426965963457945,0.0265344994162218,val,SGDIDR_RET,-0.3349137882069524,-0.30837928879073057
2024-05-21,0.2699445467246457,-0.0309387515942479,val,SGDIDR_RET,-0.5299907423318357,-0.5609294939260836
2024-05-22,-0.1534073462052654,-0.0334877326188631,val,SGDIDR_RET,-0.5408719383208002,-0.5743596709396632
2024-05-23,0.0240728570777032,0.0489818568600448,val,SGDIDR_RET,-0.3680114577201949,-0.3190296008601501
2024-05-24,0.1987646573890016,0.0199439333071816,val,SGDIDR_RET,-0.4171149612615256,-0.397171027954344
2024-05-27,-0.1933694480833041,-0.0141943712558142,val,SGDIDR_RET,-0.5183304556326226,-0.5325248268884368
2024-05-28,0.2818956141519645,0.0577110114924937,val,SGDIDR_RET,-0.34159105452855804,-0.28388004303606434
2024-05-29,0.2984271774861454,-0.0364425302029446,val,SGDIDR_RET,-0.5320064282169995,-0.5684489584199441
2024-05-30,0.4442442865423336,-0.0430605987797642,val,SGDIDR_RET,-0.5379898597374017,-0.5810504585171659
2024-05-31,0.1457462597211872,-0.0606959041218711,val,SGDIDR_RET,-0.4672841962129935,-0.5279801003348646
2024-06-03,0.0249872297409218,0.0032552499278198,val,SGDIDR_RET,-0.5273059051277272,-0.5240506551999075
2024-06-04,0.169668462596229,0.0109577202078728,val,SGDIDR_RET,-0.4426820125410718,-0.43172429233319903
2024-06-05,0.3269223937548235,-0.0081787903754885,val,SGDIDR_RET,-0.5106712848916177,-0.5188500752671062
2024-06-06,0.1510055043080582,-0.0349043118134142,val,SGDIDR_RET,-0.5379546382882635,-0.5728589501016778
2024-06-07,-0.2393668176180333,-0.0097970546479441,val,SGDIDR_RET,-0.5208138341684742,-0.5306108888164183
2024-06-10,-0.3450041737028944,0.0605400611411841,val,SGDIDR_RET,-0.32247645686741655,-0.26193639572623245
2024-06-11,0.2060496804287946,0.0932379529017732,val,SGDIDR_RET,-0.28165484224714227,-0.18841688934536907
2024-06-12,-0.059685437504987,-0.0175566051045511,val,SGDIDR_RET,-0.49031513549257333,-0.5078717405971245
2024-06-13,-0.0954826703044172,0.0318701538737403,val,SGDIDR_RET,-0.4077945737177484,-0.3759244198440081
2024-06-14,0.1162176828963713,0.0336071906290794,val,SGDIDR_RET,-0.36448448046355353,-0.3308772898344741
2024-06-17,1.004610452865178,-0.0008872092324337978,val,SGDIDR_RET,-0.47526698819695457,-0.47615419742938836
2024-06-18,0.1860723973310275,-0.1680261550195975,val,SGDIDR_RET,-0.05455706578734917,-0.22258322080694667
2024-06-19,-0.6271847799119036,-0.0227049849762358,val,SGDIDR_RET,-0.5343257137816382,-0.557030698757874
2024-06-20,0.051577212817262,0.1434393779761562,val,SGDIDR_RET,-0.27365381465000244,-0.13021443667384625
2024-06-21,0.4076623265502197,0.00669161537208,val,SGDIDR_RET,-0.3818069246812739,-0.3751153093091939
2024-06-24,-0.3685542419745292,-0.0605394597811289,val,SGDIDR_RET,-0.5190123586254167,-0.5795518184065456
2024-06-25,-0.1228014374345492,0.0848791529092741,val,SGDIDR_RET,-0.29936975549979067,-0.21449060259051655
2024-06-26,-0.0953061473909313,0.042598206321863,val,SGDIDR_RET,-0.3303777347990176,-0.2877795284771546
2024-06-27,-0.1056091381262539,0.0447041913819549,val,SGDIDR_RET,-0.3595772691757562,-0.3148730777938013
2024-06-28,-0.3007499170462288,0.0396455440655979,val,SGDIDR_RET,-0.3539618407832743,-0.3143162967176764
2024-07-01,0.0513561321462378,0.0763178767223561,val,SGDIDR_RET,-0.29218785404835435,-0.21586997732599825
2024-07-02,0.0637516167157798,0.0018577013496754,val,SGDIDR_RET,-0.41708624545397555,-0.41522854410430016
2024-07-03,0.135075272070054,0.0101796209269893,val,SGDIDR_RET,-0.464423290410131,-0.45424366948314165
2024-07-04,-0.1093572377549399,-0.0110623956456172,val,SGDIDR_RET,-0.4960093194202133,-0.5070717150658305
2024-07-05,0.050857106157503,0.0329840144583685,val,SGDIDR_RET,-0.3785803930109674,-0.3455963785525989
2024-07-08,-0.299372540796227,0.0113829548887102,val,SGDIDR_RET,-0.44056585786257935,-0.42918290297386913
2024-07-09,0.1402049609956955,0.0772622700357186,val,SGDIDR_RET,-0.29870950075318203,-0.22144723071746342
2024-07-10,-0.0849373072084576,-0.0042170336708899,val,SGDIDR_RET,-0.4649801364886151,-0.46919717015950496
2024-07-11,-0.3427882452964912,0.0331187650569258,val,SGDIDR_RET,-0.38747738138647686,-0.35435861632955107
2024-07-12,-0.0974021271303754,0.0763429100296014,val,SGDIDR_RET,-0.2858227432727765,-0.2094798332431751
2024-07-15,-0.0369896179890333,0.0677714689314141,val,SGDIDR_RET,-0.34384223701874195,-0.27607076808732783
2024-07-16,0.500685176533511,0.0327044201173725,val,SGDIDR_RET,-0.3753739799039764,-0.3426695597866039
2024-07-17,-0.1723980218631415,-0.0756135895777771,val,SGDIDR_RET,-0.4814045109149452,-0.5570181004927223
2024-07-18,0.1336666295644537,0.0539704359698345,val,SGDIDR_RET,-0.37933475716104553,-0.32536432119121106
2024-07-19,-0.0312156791930653,0.0122801914133714,val,SGDIDR_RET,-0.4737633072899287,-0.4614831158765573
2024-07-22,0.0939435056409544,0.0223691286887429,val,SGDIDR_RET,-0.40706005734647466,-0.38469092865773175
2024-07-23,-0.044760764055958,-0.0037039022682077,val,SGDIDR_RET,-0.46953321064652714,-0.47323711291473486
2024-07-24,0.0170389116374471,0.0412765130714607,val,SGDIDR_RET,-0.4083711675829751,-0.3670946545115144
2024-07-25,0.304000099103201,0.0298051554967924,val,SGDIDR_RET,-0.41748056644429044,-0.387675410947498
2024-07-26,0.623026321669744,-0.0147937304758598,val,SGDIDR_RET,-0.540072910134551,-0.5548666406104108
2024-07-29,-0.3389548228719045,-0.0812640208293349,val,SGDIDR_RET,-0.3197240384440827,-0.40098805927341763
2024-07-30,0.1088228900481851,0.071451105019788,val,SGDIDR_RET,-0.31325304875013976,-0.24180194373035174
2024-07-31,0.2484368672520117,0.0005422948875799874,val,SGDIDR_RET,-0.4512248397563909,-0.4506825448688109
2024-08-01,0.0112032373535737,-0.0111671707224269,val,SGDIDR_RET,-0.5368376609632605,-0.5480048316856874
2024-08-02,0.0804946631465798,0.0522489820866148,val,SGDIDR_RET,-0.4430318821851194,-0.3907829000985046
2024-08-05,-0.8329528928841405,0.003335716146673,val,SGDIDR_RET,-0.44624774098633174,-0.44291202483965875
2024-08-06,1.2468246257198938,0.2317687367330753,val,SGDIDR_RET,-0.26003375000049267,-0.02826501326741737
2024-08-07,-0.3608450926548558,-0.2055209578784421,val,SGDIDR_RET,-0.05551667638536982,-0.26103763426381194
2024-08-08,-0.8912036906889931,0.0875526559449526,val,SGDIDR_RET,-0.35174363932638136,-0.26419098338142877
2024-08-09,-0.2365346110934693,0.1651806544686331,val,SGDIDR_RET,-0.20048081582717808,-0.035300161358544996
2024-08-12,-0.2436370373909665,0.0483903333295291,val,SGDIDR_RET,-0.28213730361751976,-0.23374697028799066
2024-08-13,0.2321960098562234,0.0743727435989877,val,SGDIDR_RET,-0.30341723061041637,-0.22904448701142865
2024-08-14,-0.7543963543888877,-0.0256352348251851,val,SGDIDR_RET,-0.5103135872103476,-0.5359488220355327
2024-08-15,-0.7975758409320635,0.1545097147402008,val,SGDIDR_RET,-0.2730539453564274,-0.1185442306162266
2024-08-16,0.4461784652529049,0.1743751326243941,val,SGDIDR_RET,-0.216516296068074,-0.04214116344367988
2024-08-19,0.0332354286113732,-0.0868649852460084,val,SGDIDR_RET,-0.5398762704399467,-0.6267412556859551
2024-08-20,-0.4247609498068906,0.0163083573741664,test,SGDIDR_RET,-0.4937751410503501,-0.47746678367618367
2024-08-21,-0.2667027270767132,0.1046905108097845,test,SGDIDR_RET,-0.27792571136942823,-0.17323520055964373
2024-08-22,0.2118435462991036,0.0846732947844729,test,SGDIDR_RET,-0.28654696697300147,-0.20187367218852859
2024-08-23,1.1996606927830789,-0.0151451223322676,test,SGDIDR_RET,-0.49705684226853186,-0.5122019646007995
2024-08-26,-1.571813066142072,-0.2112290806436192,test,SGDIDR_RET,-0.15720945807854464,-0.3684385387221638
2024-08-27,0.353428293608152,0.3314806078579264,test,SGDIDR_RET,0.30589932333160597,0.6373799311895323
2024-08-28,0.2118164374658792,-0.0418471883030654,test,SGDIDR_RET,-0.4428002312577298,-0.4846474195607952
2024-08-29,-0.3404313010396957,-0.0224291804579011,test,SGDIDR_RET,-0.5377454219360853,-0.5601746023939864
2024-08-30,0.1001428169019088,0.0864912350631603,test,SGDIDR_RET,-0.2970107759701084,-0.21051954090694808
2024-09-02,0.2541986845454234,0.0095000498279449,test,SGDIDR_RET,-0.43824862631769906,-0.4287485764897542
2024-09-03,-0.0575974468789977,-0.0316296906401124,test,SGDIDR_RET,-0.536288479945864,-0.5679181705859765
2024-09-04,0.0441725912838168,0.0161264781632259,test,SGDIDR_RET,-0.4165387133583069,-0.400412235195081
2024-09-05,-0.2725215189632725,0.0295941412721185,test,SGDIDR_RET,-0.4461386356088973,-0.4165444943367788
2024-09-06,0.070624705385006,0.0900543774209406,test,SGDIDR_RET,-0.30082416803374623,-0.21076979061280562
2024-09-09,-0.3467817986708425,0.0074760166969711,test,SGDIDR_RET,-0.42010259178721576,-0.41262657509024464
2024-09-10,0.1333259446607277,0.1119167909766525,test,SGDIDR_RET,-0.2895193577188906,-0.1776025667422381
2024-09-11,0.3437382286347507,-0.0165948433973151,test,SGDIDR_RET,-0.44250507082852275,-0.45909991422583785
2024-09-12,-0.3684849159646256,-0.0406901422957488,test,SGDIDR_RET,-0.532813819090883,-0.5735039613866317
2024-09-13,0.1792387380268197,0.0888473467613635,test,SGDIDR_RET,-0.2948229383847708,-0.2059755916234073
2024-09-16,0.0833611535650228,-0.0079837268587674,test,SGDIDR_RET,-0.47924146163942294,-0.48722518849819035
2024-09-17,0.0845330046417807,0.0175858036964299,test,SGDIDR_RET,-0.47972425799149815,-0.4621384542950682
2024-09-18,-0.2765331222855954,0.00021772609419569777,test,SGDIDR_RET,-0.4670992872726999,-0.4668815611785042
2024-09-19,-0.3085851352162087,0.0615574014085327,test,SGDIDR_RET,-0.30759977716572423,-0.24604237575719154
2024-09-20,-0.3908299585395034,0.0795163697377533,test,SGDIDR_RET,-0.2867519300401527,-0.2072355603023994
2024-09-23,-0.1146011941029216,0.0909053124693357,test,SGDIDR_RET,-0.2757923192917841,-0.1848870068224484
2024-09-24,0.0775318786238498,0.0325828826902427,test,SGDIDR_RET,-0.3311965344306304,-0.29861365174038773
2024-09-25,0.3146395250810835,0.0123130671075595,test,SGDIDR_RET,-0.4553347630328101,-0.44302169592525065
2024-09-26,-0.0466566333934315,-0.0465106723925284,test,SGDIDR_RET,-0.5408401978857263,-0.5873508702782547
2024-09-27,-0.410315663304398,0.0308054286998518,test,SGDIDR_RET,-0.4306689635410643,-0.3998635348412125
2024-09-30,0.5660034835582641,0.0875769624259256,test,SGDIDR_RET,-0.2779212203567513,-0.1903442579308257
2024-10-01,0.0066863626771284,-0.0697265899061919,test,SGDIDR_RET,-0.47394420520615455,-0.5436707951123465
2024-10-02,0.3404597363354688,0.0171222981426943,test,SGDIDR_RET,-0.472060074702993,-0.4549377765602987
2024-10-03,0.1247100482960222,-0.0400760787103957,test,SGDIDR_RET,-0.5394741958198921,-0.5795502745302878
2024-10-04,0.550433436121436,-0.0298577637946986,test,SGDIDR_RET,-0.5130766906049028,-0.5429344543996014
2024-10-07,0.5810920838433763,-0.0782706310064413,test,SGDIDR_RET,-0.382248437187489,-0.4605190681939303
2024-10-08,0.6571080102421665,-0.0716946238916566,test,SGDIDR_RET,-0.29541927171455673,-0.3671138956062133
2024-10-09,-0.4196312654786828,-0.0965778619447619,test,SGDIDR_RET,-0.21773174853652974,-0.31430961048129163
2024-10-10,-0.3440787828276149,0.0839201949629434,test,SGDIDR_RET,-0.2958668440252974,-0.211946649062354
2024-10-11,0.1435297299863669,0.0727531466925801,test,SGDIDR_RET,-0.27914501718122264,-0.20639187048864255
2024-10-14,-0.8121415845391065,-0.0042554636503499,test,SGDIDR_RET,-0.4691147459466316,-0.4733702095969815
2024-10-15,0.0324274417717326,0.1759641200804436,test,SGDIDR_RET,-0.2654248708552506,-0.08946075077480703
2024-10-16,-0.0916497754481418,0.0045803822830414,test,SGDIDR_RET,-0.35700719516939544,-0.352426812886354
2024-10-17,-0.2511503606009573,0.0359877743999341,test,SGDIDR_RET,-0.3796120888663489,-0.3436243144664148
2024-10-18,-0.64742398126188,0.0755470672782619,test,SGDIDR_RET,-0.3047222183486851,-0.22917515107042324
2024-10-21,0.151380641457547,0.1382956512954827,test,SGDIDR_RET,-0.27329032121208113,-0.13499466991659842
2024-10-22,0.0658933746862409,-0.0033936148902934,test,SGDIDR_RET,-0.43793748579488634,-0.4413311006851797
2024-10-23,0.232167193786706,0.0096380901531241,test,SGDIDR_RET,-0.4683320798076742,-0.4586939896545501
2024-10-24,-0.0285607484245729,-0.0323021576401201,test,SGDIDR_RET,-0.5316056822484428,-0.563907839888563
2024-10-25,0.0587197048175969,0.0280167681294001,test,SGDIDR_RET,-0.4328044243955228,-0.4047876562661227
2024-10-28,0.0787230553254425,0.0119031293599654,test,SGDIDR_RET,-0.44759029153116403,-0.4356871621711986
2024-10-29,0.437488557440336,0.0063054675699361,test,SGDIDR_RET,-0.467032111434109,-0.4607266438641729
2024-10-30,0.0539054512905645,-0.0701499417165975,test,SGDIDR_RET,-0.5043072398533438,-0.5744571815699413
2024-10-31,-0.3406457553627778,0.0127332128905624,test,SGDIDR_RET,-0.49562033649153714,-0.48288712360097474
2024-11-01,0.2825396915597483,0.0898513504062629,test,SGDIDR_RET,-0.2896814579900613,-0.19983010758379838
2024-11-04,0.6442472579262253,-0.0262887663927867,test,SGDIDR_RET,-0.5230752925127237,-0.5493640589055103
2024-11-05,-0.1569215175209076,-0.0992718795274022,test,SGDIDR_RET,-0.2827585233034322,-0.3820304028308344
2024-11-06,-0.3132184388730999,0.0560768626620458,test,SGDIDR_RET,-0.3995123267579269,-0.3434354640958811
2024-11-07,-0.5223600514279257,0.0697539484099549,test,SGDIDR_RET,-0.2868918362265086,-0.2171378878165537
2024-11-08,-0.718081765555464,0.1091542754485257,test,SGDIDR_RET,-0.2735342127867373,-0.1643799373382116
2024-11-11,0.0430704343498412,0.1488874137763361,test,SGDIDR_RET,-0.26193728204998223,-0.11304986827364613
2024-11-12,0.3531274897797023,0.0190211983702881,test,SGDIDR_RET,-0.37485402433491205,-0.35583282596462396
2024-11-13,-0.2931458616218403,-0.0519410485528897,test,SGDIDR_RET,-0.5381044991918558,-0.5900455477447455
2024-11-14,0.0657857938819523,0.0720650753534217,test,SGDIDR_RET,-0.318532978081142,-0.2464679027277203
2024-11-15,0.3372739551885169,0.0162893031694336,test,SGDIDR_RET,-0.4273020177452086,-0.411012714575775
2024-11-18,-0.0176689956096449,-0.0495144682472802,test,SGDIDR_RET,-0.5397123835413346,-0.5892268517886148
2024-11-19,-0.241413583445433,0.0349206733237951,test,SGDIDR_RET,-0.44821396275714703,-0.4132932894333519
2024-11-20,0.1929231063287863,0.0552696758356506,test,SGDIDR_RET,-0.3077181714740485,-0.2524484956383979
2024-11-21,0.1655761568530022,-0.0223911332614443,test,SGDIDR_RET,-0.5017771836273427,-0.524168316888787
2024-11-22,-0.9002343385490743,-0.0006989391960310135,test,SGDIDR_RET,-0.521512147859233,-0.5222110870552641
2024-11-25,1.0362607141447615,0.2202767915965608,test,SGDIDR_RET,-0.24110253696491246,-0.02082574536835166
2024-11-26,-0.6894442795723904,-0.1877473521211283,test,SGDIDR_RET,-0.132169280419115,-0.3199166325402433
2024-11-27,0.4199134689205225,0.17074457955413,test,SGDIDR_RET,-0.27433102911668217,-0.10358644956255217
2024-11-28,-0.051348053272527,-0.0570094456747001,test,SGDIDR_RET,-0.5370474811529572,-0.5940569268276573
2024-11-29,0.0637725649801045,0.0373733909729653,test,SGDIDR_RET,-0.43385931360965774,-0.39648592263669247
2024-12-02,-0.2986369484613557,0.0133742316781312,test,SGDIDR_RET,-0.44523787041126767,-0.4318636387331365
2024-12-03,0.234916198388949,0.0926919886634219,test,SGDIDR_RET,-0.2984102657698501,-0.20571827710642818
2024-12-04,0.1891276745609388,-0.0249255906652832,test,SGDIDR_RET,-0.503777152959507,-0.5287027436247902
2024-12-05,-0.1190026902902661,-0.020975919099803,test,SGDIDR_RET,-0.5294304670956038,-0.5504063861954068
2024-12-06,-0.0405483294467888,0.0391783987600314,test,SGDIDR_RET,-0.3787141322744336,-0.33953573351440225
2024-12-09,-0.2847121902053022,0.020343624848027,test,SGDIDR_RET,-0.3879878237028614,-0.3676441988548344
2024-12-10,0.3007561630864877,0.0815159852817887,test,SGDIDR_RET,-0.30009359147929554,-0.21857760619750682
2024-12-11,0.2158125999259571,-0.0530652284158648,test,SGDIDR_RET,-0.5307859667523863,-0.5838511951682511
2024-12-12,0.215492788981137,-0.0166077227961585,test,SGDIDR_RET,-0.5396086020882684,-0.556216324884427
2024-12-13,-0.2148956517320219,-0.0246029312752088,test,SGDIDR_RET,-0.5338107296018318,-0.5584136608770407
2024-12-16,0.2195822936580183,0.0657626653838386,test,SGDIDR_RET,-0.3370956427084559,-0.27133297732461725
2024-12-17,-0.5176496719368638,-0.0269376799637638,test,SGDIDR_RET,-0.5086803975599755,-0.5356180775237394
2024-12-18,-0.1977211071171933,0.1098179312937703,test,SGDIDR_RET,-0.2747541385462633,-0.164936207252493
2024-12-19,0.3928874341111208,0.0650156510537217,test,SGDIDR_RET,-0.29948536267877907,-0.23446971162505736
2024-12-20,-0.9402131849767734,-0.0305549973478012,test,SGDIDR_RET,-0.538953591921036,-0.5695085892688372
2024-12-23,1.5588985308953276,0.155306389454879,test,SGDIDR_RET,-0.23704533616761392,-0.0817389467127349
2024-12-24,0.2311003089364557,-0.2732046059089641,test,SGDIDR_RET,-0.25824162588088595,-0.5314462317898501
2024-12-25,-1.730778710705492,-0.0277786689910838,test,SGDIDR_RET,-0.4537428488498064,-0.4815215178408902
2024-12-26,-5.749257738953644,0.3584591595594631,test,SGDIDR_RET,0.7985622495318051,1.1570214090912683
2024-12-27,7.181289242172875,1.103602217502044,test,SGDIDR_RET,1.9097178861729438,3.013320103674988
2024-12-30,-0.0031852881226299,-1.3449568104491636,test,SGDIDR_RET,0.4513955457375642,-0.8935612647115994
2024-12-31,-0.6736224779939434,0.0155720193579733,test,SGDIDR_RET,-0.2387534610513251,-0.2231814416933518
2025-01-01,0.0,0.1557890785772537,test,SGDIDR_RET,-0.2740801425513345,-0.11829106397408082
2025-01-02,0.4424128214551175,0.0218023131873921,test,SGDIDR_RET,-0.3515392839663007,-0.32973697077890857
2025-01-03,-0.4789262907510279,-0.0515399690673793,test,SGDIDR_RET,-0.5098811446201635,-0.5614211136875429
2025-01-06,-0.2194916515322727,0.1284847017245361,test,SGDIDR_RET,-0.2792064308595205,-0.1507217291349844
2025-01-07,0.5102031585096378,0.0561797215512818,test,SGDIDR_RET,-0.2906989168042947,-0.2345191952530129
2025-01-08,-0.2012571618012641,-0.0988366797281562,test,SGDIDR_RET,-0.4907211557972449,-0.5895578355254011
2025-01-09,-0.0639613074444625,0.0527444167468594,test,SGDIDR_RET,-0.37653023380751965,-0.32378581706066023
2025-01-10,0.3149401812264684,0.0403202272618128,test,SGDIDR_RET,-0.3695537496923878,-0.329233522430575
2025-01-13,-0.0538630216926075,-0.0372461627010711,test,SGDIDR_RET,-0.540105754741876,-0.5773519174429471
2025-01-14,0.3955865002152036,0.0389558390792032,test,SGDIDR_RET,-0.4216394600928153,-0.3826836210136121
2025-01-15,0.2303082109464285,-0.0648290660813354,test,SGDIDR_RET,-0.5337309306590893,-0.5985599967404247
2025-01-16,0.3060350919394918,-0.0312721658963802,test,SGDIDR_RET,-0.5409207478945284,-0.5721929137909085
2025-01-17,0.0049729048867822,-0.0155298068281598,test,SGDIDR_RET,-0.5376081707731352,-0.553137977601295
2025-01-20,-0.0454930114632044,0.0292574079713691,test,SGDIDR_RET,-0.4420081534068632,-0.4127507454354941
2025-01-21,0.1636626230125444,0.0249795134720245,test,SGDIDR_RET,-0.3905556838171782,-0.3655761703451537
2025-01-22,0.5393271385086097,-0.0227046478816164,test,SGDIDR_RET,-0.5022309072823813,-0.5249355551639977
2025-01-23,-0.6277320727002689,-0.0713847539647535,test,SGDIDR_RET,-0.4008484055912175,-0.472233159555971
2025-01-24,-0.0795736311890994,0.133823567574263,test,SGDIDR_RET,-0.2733978156746045,-0.13957424810034152
2025-01-27,0.1619848699316133,0.0363481166205252,test,SGDIDR_RET,-0.3282539255541342,-0.29190580893360896
2025-01-28,-0.1101977122417744,-0.0021754280147914,test,SGDIDR_RET,-0.49635150029892855,-0.49852692831372
2025-01-29,-1.8723083278988344,0.0457052819687463,test,SGDIDR_RET,-0.3737714146109716,-0.3280661326422253
2025-01-30,2.414417798170735,0.3739457242907089,test,SGDIDR_RET,0.8444927453844366,1.2184384696751456
2025-01-31,-0.0117273365156817,-0.4008468297605826,test,SGDIDR_RET,0.5023030060432393,0.10145617628265668
2025-02-03,-0.7999469418352301,0.0403744492402069,test,SGDIDR_RET,-0.5237471188864611,-0.4833726696462542
2025-02-04,0.4956896314395009,0.2083567560731147,test,SGDIDR_RET,-0.2591266544755545,-0.050769898402439784
2025-02-05,0.4005664593932617,-0.1093002645639543,test,SGDIDR_RET,-0.5407908008039287,-0.650091065367883
2025-02-06,0.2885646592537678,-0.0599324186844116,test,SGDIDR_RET,-0.44909560829758605,-0.5090280269819977
2025-02-07,0.0578473557443682,-0.0745051068987133,test,SGDIDR_RET,-0.5355481973356702,-0.6100533042343834
2025-02-10,-0.5821653563811546,0.0192764346991545,test,SGDIDR_RET,-0.499412842695478,-0.48013640799632346
2025-02-11,0.1776495552497435,0.1474083113826543,test,SGDIDR_RET,-0.2736224825672098,-0.12621417118455547
2025-02-12,0.3163508847182613,-0.0224561868010572,test,SGDIDR_RET,-0.447338164255434,-0.4697943510564912
2025-02-13,0.1900841547185985,-0.0477777967635225,test,SGDIDR_RET,-0.5373614485932656,-0.5851392453567881
2025-02-14,-0.2882179918695093,-0.0339299874587743,test,SGDIDR_RET,-0.5350050077883037,-0.568934995247078
2025-02-17,0.0282824504692937,0.0756043950228221,test,SGDIDR_RET,-0.31431323164525543,-0.23870883662243333
2025-02-18,0.1887149758053886,0.0385561317252613,test,SGDIDR_RET,-0.40500917030913797,-0.3664530385838767
2025-02-19,0.5209473533054254,-0.0110624710288347,test,SGDIDR_RET,-0.507159671353169,-0.5182221423820037
2025-02-20,0.1099981442035233,-0.0927730358153139,test,SGDIDR_RET,-0.42959575698792585,-0.5223687928032398
2025-02-21,0.1070757809483893,0.0103138788755249,test,SGDIDR_RET,-0.5262250785032243,-0.5159111996276994
2025-02-24,0.0134592494912029,0.0147491592793863,test,SGDIDR_RET,-0.48244844344302956,-0.46769928416364326
2025-02-25,-0.262677033475304,0.0285023492350339,test,SGDIDR_RET,-0.43004071849625614,-0.4015383692612222
2025-02-26,0.4843399663466107,0.0751446239695641,test,SGDIDR_RET,-0.30364130333112094,-0.22849667936155682
2025-02-27,0.1794095625793174,-0.0794191660601521,test,SGDIDR_RET,-0.5153829463800126,-0.5948021124401647
2025-02-28,0.3632154200437109,-0.0098383752436416,test,SGDIDR_RET,-0.5384653304401146,-0.5483037056837562
2025-03-03,-0.302899965165568,-0.0458411263527013,test,SGDIDR_RET,-0.5292315281341771,-0.5750726544868784
2025-03-04,-0.1987024826862066,0.0733256255453593,test,SGDIDR_RET,-0.31344877836962765,-0.24012315282426833
2025-03-05,0.1793268821983024,0.0694233637606378,test,SGDIDR_RET,-0.30895548834540987,-0.23953212458477208
2025-03-06,-0.1288804361951512,-0.0323658560000477,test,SGDIDR_RET,-0.48891405644973374,-0.5212799124497814
2025-03-07,0.1680280828180138,0.0479100639254204,test,SGDIDR_RET,-0.37946974427156027,-0.33155968034613986
2025-03-10,0.0602400385912928,0.0014776927444668,test,SGDIDR_RET,-0.4937834061818953,-0.4923057134374285
2025-03-11,-0.1153438890101401,0.0156486662699298,test,SGDIDR_RET,-0.4627562662011903,-0.44710759993126054
2025-03-12,0.8751401269711162,0.0453747102705655,test,SGDIDR_RET,-0.36277835643360085,-0.31740364616303535
2025-03-13,-0.886655689660097,-0.1615744592170306,test,SGDIDR_RET,-0.12083559638144033,-0.28241005559847093
2025-03-14,-0.5130091725707207,0.199379174648414,test,SGDIDR_RET,-0.27320808172907574,-0.07382890708066173
2025-03-17,0.5196339102351342,0.1407174731697797,test,SGDIDR_RET,-0.2736390375859288,-0.13292156441614908
2025-03-18,0.5520620848922712,-0.0908371438775554,test,SGDIDR_RET,-0.5273546519248209,-0.6181917958023763
2025-03-19,0.8232273190982514,-0.1002564777609581,test,SGDIDR_RET,-0.3140160311570938,-0.4142725089180519
2025-03-20,-1.0111413475598958,-0.1236548218328858,test,SGDIDR_RET,-0.06598362515477368,-0.18963844698765947
2025-03-21,0.2129038391063854,0.2239982454237302,test,SGDIDR_RET,-0.245537800895335,-0.0215395554716048
2025-03-24,0.5253797383556126,-0.0124494035058396,test,SGDIDR_RET,-0.42466203682068476,-0.4371114403265244
2025-03-25,0.0455611829357821,-0.0835013265446188,test,SGDIDR_RET,-0.42422020077277584,-0.5077215273173946
2025-03-26,0.4809094837527435,0.0190765629915224,test,SGDIDR_RET,-0.49792210996841313,-0.47884554697689075
2025-03-27,-0.3358511664508321,-0.0712227202066706,test,SGDIDR_RET,-0.4856012671151086,-0.5568239873217792
2025-03-28,-0.270092139776068,0.0852350769294841,test,SGDIDR_RET,-0.3111393243868113,-0.2259042474573272
2025-03-31,-0.1676918518045037,0.0674651445603084,test,SGDIDR_RET,-0.2893233923689759,-0.22185824780866753
2025-04-01,0.4262516660851289,0.0822072130826222,test,SGDIDR_RET,-0.3205604149066916,-0.23835320182406944
2025-04-02,0.4250799458088493,-0.0567009020869432,test,SGDIDR_RET,-0.5364286772141111,-0.5931295793010544
2025-04-03,-0.1010717648569586,-0.0642854413781715,test,SGDIDR_RET,-0.4714620180854856,-0.5357474594636571
2025-04-04,0.7977321311111953,0.0705075578388028,test,SGDIDR_RET,-0.41067339016118093,-0.3401658323223781
2025-04-07,-0.8594120306773728,-0.1349975786470069,test,SGDIDR_RET,-0.21944414036687615,-0.35444171901388305
2025-04-08,0.2953486704800965,0.2183418338662124,test,SGDIDR_RET,-0.27323454475478887,-0.054892710888576474
2025-04-09,1.1484134766118008,-0.0691946087117705,test,SGDIDR_RET,-0.4723688625639248,-0.5415634712756953
2025-04-10,-0.7155159767448808,-0.194545284387581,test,SGDIDR_RET,-0.15924838382020787,-0.3537936682077889
2025-04-11,1.184383180427027,0.1066670738856503,test,SGDIDR_RET,-0.27379713789388616,-0.16713006400823585
2025-04-14,0.3640339465139298,-0.1833303774063922,test,SGDIDR_RET,-0.07271169657602584,-0.256042073982418
2025-04-15,0.2816041541114445,-0.0608534256779405,test,SGDIDR_RET,-0.41520133959031846,-0.47605476526825896
2025-04-16,0.0134357925183113,-0.0462326016970848,test,SGDIDR_RET,-0.5367230137671618,-0.5829556154642466
2025-04-17,0.501524821014547,0.0337243040003647,test,SGDIDR_RET,-0.46323923309025794,-0.42951492908989325
2025-04-18,0.0,-0.0808434824765813,test,SGDIDR_RET,-0.48152961237530134,-0.5623730948518826
2025-04-21,0.0,0.0218023131873921,test,SGDIDR_RET,-0.47435620585310967,-0.45255389266571755
2025-04-22,0.5230458297912849,0.0218023131873921,test,SGDIDR_RET,-0.41880783453329806,-0.39700552134590594
2025-04-23,-0.419268569408845,-0.0653011182225782,test,SGDIDR_RET,-0.4562559804901397,-0.5215570987127179
2025-04-24,-0.2345451027692117,0.0986422996214902,test,SGDIDR_RET,-0.2895728091543557,-0.1909305095328655
2025-04-25,-0.1168953668195406,0.0735083148415563,test,SGDIDR_RET,-0.2936705634776357,-0.22016224863607942
2025-04-28,0.0433636449603605,0.0412932479699384,test,SGDIDR_RET,-0.33705155437837675,-0.29575830640843837
2025-04-29,0.2929594237295479,0.0079368784108186,test,SGDIDR_RET,-0.4318863989092735,-0.4239495204984549
2025-04-30,-0.4280095306411793,-0.0310833765713053,test,SGDIDR_RET,-0.5407095337838096,-0.5717929103551149
2025-05-01,-0.7962741043319198,0.1105624696997792,test,SGDIDR_RET,-0.28276373608651534,-0.17220126638673613
2025-05-02,-0.0288094206065105,0.1673845507437193,test,SGDIDR_RET,-0.23820729342805816,-0.07082274268433886
2025-05-05,0.2185102777905228,0.0096714927156919,test,SGDIDR_RET,-0.33477246824702594,-0.32510097553133405
2025-05-06,0.2421125247650308,-0.0517149018234203,test,SGDIDR_RET,-0.5279919986497456,-0.5797069004731659
2025-05-07,0.184131116578588,-0.0253392626523748,test,SGDIDR_RET,-0.5409146342818799,-0.5662538969342548
2025-05-08,-0.0732218650966239,0.004500863443759,test,SGDIDR_RET,-0.5281702109222511,-0.5236693474784921
2025-05-09,-0.1949840924221683,0.0389353858234154,test,SGDIDR_RET,-0.38901968893196853,-0.35008430310855315
2025-05-12,0.2454847088264465,0.026400618487269,test,SGDIDR_RET,-0.320981243177316,-0.29458062469004703
2025-05-13,0.3004346881629834,-0.0234378028426452,test,SGDIDR_RET,-0.5307462909895658,-0.554184093832211
2025-05-14,-0.2071357056460926,-0.0162377143269831,test,SGDIDR_RET,-0.5394169897063305,-0.5556547040333135
2025-05-15,-0.2331396393071067,0.0531473634048403,test,SGDIDR_RET,-0.3368553381601532,-0.28370797475531284
2025-05-16,0.0335578668327811,0.0677164842936843,test,SGDIDR_RET,-0.3049526251175222,-0.23723614082383787
2025-05-19,-0.2736370258093041,0.0156624354830448,test,SGDIDR_RET,-0.412093870342811,-0.3964314348597662
2025-05-20,-0.1132461962497534,0.0804134065404968,test,SGDIDR_RET,-0.3041414413441997,-0.22372803480370287
2025-05-21,-0.1198604089130241,0.0396497556529117,test,SGDIDR_RET,-0.3357647878921915,-0.2961150322392798
2025-05-22,0.0579528330397959,0.0429320704176216,test,SGDIDR_RET,-0.34991283046237237,-0.3069807600447508
2025-05-23,-0.1399035497074088,0.0088676837161402,test,SGDIDR_RET,-0.43900038886598525,-0.43013270514984503
2025-05-26,-0.3270519740527569,0.0469667597366547,test,SGDIDR_RET,-0.35465028353638395,-0.30768352379972924
2025-05-27,0.2945168019353885,0.0879792805014506,test,SGDIDR_RET,-0.28612276948790594,-0.19814348898645534
2025-05-28,-0.1503119474669463,-0.0344741965087462,test,SGDIDR_RET,-0.5273335002355375,-0.5618076967442837
2025-05-29,-0.3784012749427621,0.0424454602895011,test,SGDIDR_RET,-0.3699720361635583,-0.3275265758740572
2025-05-30,0.6189553881420216,0.0916217337930369,test,SGDIDR_RET,-0.27988627590355,-0.18826454211051308
2025-06-02,-0.0900329657145178,-0.0950828513307667,test,SGDIDR_RET,-0.4338419221348544,-0.5289247734656211
2025-06-03,0.1720916292654995,0.0463299346082382,test,SGDIDR_RET,-0.4335233303309491,-0.3871933957227109
2025-06-04,-0.055645599264578,-0.0061421309143103,test,SGDIDR_RET,-0.4964091045890252,-0.5025512355033355
2025-06-05,0.0227019200251203,0.0215616502138244,test,SGDIDR_RET,-0.4038431671885008,-0.3822815169746764
2025-06-06,-0.333199218700015,0.0162355675058675,test,SGDIDR_RET,-0.4313754518304214,-0.4151398843245539
2025-06-09,0.2229832923328009,0.0917509051329659,test,SGDIDR_RET,-0.29042069143872545,-0.19866978630575954
2025-06-10,0.0229009803762342,-0.0330716956472509,test,SGDIDR_RET,-0.49890728800202383,-0.5319789836492748
2025-06-11,-0.2217269966847413,0.015412734620791,test,SGDIDR_RET,-0.4612660401843843,-0.44585330556359326
2025-06-12,-2.754305432426027,0.0634582648932759,test,SGDIDR_RET,-0.3198903941578541,-0.2564321292645782
2025-06-13,2.8533715356691034,0.542079553913378,test,SGDIDR_RET,0.6255725906502956,1.1676521445636736
2025-06-16,0.4747871149280808,-0.5289999999852201,test,SGDIDR_RET,0.21937357592664766,-0.30962642405857244
2025-06-17,-2.985995967747579,-0.0742074788214779,test,SGDIDR_RET,-0.05443454122166227,-0.12864202004314018
2025-06-18,2.5591962436484,0.5833113242341691,test,SGDIDR_RET,0.6673157917284569,1.2506271159626259
2025-06-19,-4.166207584107163,-0.4629546341139311,test,SGDIDR_RET,0.4538833618918761,-0.009071272222055005
2025-06-20,4.9776784562708976,0.8069337342182958,test,SGDIDR_RET,1.3648645374668211,2.171798271685117
2025-06-23,-0.1501743247988375,-0.9257649304416576,test,SGDIDR_RET,0.442930022404501,-0.4828349080371566
2025-06-24,0.188521662321093,0.0544900260877063,test,SGDIDR_RET,-0.16922826110092481,-0.11473823501321852
2025-06-25,-0.2768601062768707,-0.0223507695762346,test,SGDIDR_RET,-0.5001668844534501,-0.5225176540296848
2025-06-26,0.264393723530876,0.0877543072554604,test,SGDIDR_RET,-0.31424380395935225,-0.22648949670389185
2025-06-27,-0.3005312170865321,-0.0431622324354354,test,SGDIDR_RET,-0.5175427478624329,-0.5607049802978683
2025-06-30,-0.0056937685185277,0.0878014826181986,test,SGDIDR_RET,-0.3133526545192867,-0.2255511719010881
2025-07-01,0.4082731360506745,0.0288051682371803,test,SGDIDR_RET,-0.3809844108487686,-0.3521792426115883
2025-07-02,-0.1036920110495652,-0.064243261250561,test,SGDIDR_RET,-0.5271707283406086,-0.5914139895911696
2025-07-03,-0.0266941341535369,0.0533730162603835,test,SGDIDR_RET,-0.4092371369593703,-0.3558641206989868
2025-07-04,-0.27779871786023,0.0248472543311306,test,SGDIDR_RET,-0.3878128434268954,-0.3629655890957648
2025-07-07,-0.183070364888147,0.0709173077626925,test,SGDIDR_RET,-0.30069155793281777,-0.22977425017012526
2025-07-08,0.4974168211982593,0.0563357898615985,test,SGDIDR_RET,-0.3144075442654599,-0.25807175440386143
2025-07-09,-0.4390697267828737,-0.0870065616930898,test,SGDIDR_RET,-0.49867658231518147,-0.5856831440082713
2025-07-10,-0.1357923377887778,0.1006652931543568,test,SGDIDR_RET,-0.28992593333206274,-0.18926064017770594
2025-07-11,-0.1377765271574787,0.0525366036149186,test,SGDIDR_RET,-0.3201203073881137,-0.26758370377319507
2025-07-14,-0.00014506724744343,0.046922140600008,test,SGDIDR_RET,-0.3370875318935929,-0.29016539129358493
2025-07-15,0.0599823802577873,0.0143533674965582,test,SGDIDR_RET,-0.4051454866889824,-0.39079211919242424
2025-07-16,-0.2028725364365927,0.008249750410295,test,SGDIDR_RET,-0.455702413357744,-0.44745266294744895
2025-07-17,0.2202667710161781,0.0524553933771372,test,SGDIDR_RET,-0.3290940164495561,-0.27663862307241893
2025-07-18,0.200821607786349,-0.0156606879675881,test,SGDIDR_RET,-0.5142456415471401,-0.5299063295147283
2025-07-21,-0.008930859018837,-0.0205539026949051,test,SGDIDR_RET,-0.5300747185305068,-0.5506286212254119
2025-07-22,0.3802970744446232,0.0224994026108681,test,SGDIDR_RET,-0.4371345563769247,-0.41463515376605664
2025-07-23,-0.3653508009032333,-0.0513029656275916,test,SGDIDR_RET,-0.533447940323761,-0.5847509059513526
2025-07-24,0.3009517907653126,0.0901746307859476,test,SGDIDR_RET,-0.2979292796149644,-0.20775464882901679
2025-07-25,0.1947344781972178,-0.0308714893752813,test,SGDIDR_RET,-0.5285354708113134,-0.5594069601865946
2025-07-28,0.0158090844476699,-0.0185195376494971,test,SGDIDR_RET,-0.5323440993382997,-0.5508636369877968
2025-07-29,-0.1776817161321831,0.0184628150937748,test,SGDIDR_RET,-0.44956807966192375,-0.43110526456814896
2025-07-30,-0.2841808752277925,0.0490873911910195,test,SGDIDR_RET,-0.3347917483238261,-0.28570435713280656
2025-07-31,-0.2694387451725938,0.0752704450019493,test,SGDIDR_RET,-0.2936535649065806,-0.21838311990463133
2025-08-01,0.1888359114600497,0.0769214035339248,test,SGDIDR_RET,-0.2913318000877239,-0.21441039655379912
2025-08-04,0.7200095123669362,-0.0336717984187435,test,SGDIDR_RET,-0.48988409873086036,-0.5235558971496038
2025-08-05,-0.6125320905770054,-0.1039840769589305,test,SGDIDR_RET,-0.19133340982899238,-0.2953174867879229
2025-08-06,0.057396610420097,0.1436239179740836,test,SGDIDR_RET,-0.2741120781596822,-0.13048816018559858
2025-08-07,-0.0968575171255126,0.0036582660794235,test,SGDIDR_RET,-0.38466211140765266,-0.3810038453282292
2025-08-08,-0.0070228928691537,0.0373676370668476,test,SGDIDR_RET,-0.3774748367938603,-0.3401071997270127
2025-08-11,-0.5112266153009682,0.0261958591493618,test,SGDIDR_RET,-0.40657984109309303,-0.38038398194373124
2025-08-12,0.1836652077864245,0.1157725788556253,test,SGDIDR_RET,-0.27352812908314267,-0.15775555022751736
2025-08-13,-0.0195730525589297,-0.0204794300565432,test,SGDIDR_RET,-0.46759791033261905,-0.48807734038916223
2025-08-14,-0.6083094871189796,0.0239611811985355,test,SGDIDR_RET,-0.431246974561445,-0.4072857933629095
2025-08-15,0.0074895681231744,0.1394050691119372,test,SGDIDR_RET,-0.27395592978440814,-0.13455086067247093
2025-08-18,0.2899449698691472,0.0212885193948773,test,SGDIDR_RET,-0.3623479480088442,-0.3410594286139669
2025-08-19,-0.0728606426800334,-0.0307107156741975,test,SGDIDR_RET,-0.539587138871261,-0.5702978545454584
2025-08-20,0.3628624638882136,0.0358469474737537,test,SGDIDR_RET,-0.4077832327178158,-0.3719362852440621
2025-08-21,-0.065079403427824,-0.036475454419461,test,SGDIDR_RET,-0.5390581321189959,-0.5755335865384569
2025-08-22,0.2072832776139402,0.0431791907718555,test,SGDIDR_RET,-0.4151055274427838,-0.3719263366709283
2025-08-25,-0.2082375863598557,-0.0271790875105236,test,SGDIDR_RET,-0.5128104716727362,-0.5399895591832597
2025-08-26,-0.0395900383986261,0.0609287645382054,test,SGDIDR_RET,-0.34081868818305333,-0.27988992364484794
2025-08-27,0.2436392983985795,0.0365296739103259,test,SGDIDR_RET,-0.3774733366155176,-0.34094366270519166
2025-08-28,0.114105239755646,-0.0222516880121063,test,SGDIDR_RET,-0.5274985439856609,-0.5497502319977672
2025-08-29,0.4021134201788194,-0.0006378480191080414,test,SGDIDR_RET,-0.5012032957460615,-0.5018411437651695
2025-09-01,0.2960911177580604,-0.0556977828636105,test,SGDIDR_RET,-0.5182504657470729,-0.5739482486106834
2025-09-02,-0.0262859103892324,-0.0340010066570139,test,SGDIDR_RET,-0.5348453223593661,-0.56884632901638
2025-09-03,-0.1833881322270774,0.0303861843514883,test,SGDIDR_RET,-0.4349876880042967,-0.4046015036528084
2025-09-04,0.200673460249045,0.0518851668967141,test,SGDIDR_RET,-0.3281153112754869,-0.2762301443787728
2025-09-05,-0.1430739519617771,-0.0154706454571069,test,SGDIDR_RET,-0.5065837473463681,-0.522054392803475
2025-09-08,-0.1072798568310351,0.0450200988842486,test,SGDIDR_RET,-0.36436662167161404,-0.3193465227873654
2025-09-09,0.5623427231315952,0.0363267834441328,test,SGDIDR_RET,-0.35307894316599825,-0.31675215972186543
2025-09-10,-0.0174258596762414,-0.0770233628404209,test,SGDIDR_RET,-0.43502639690185857,-0.5120497597422795
2025-09-11,0.0179219586614839,0.0260675391970155,test,SGDIDR_RET,-0.4632014636195242,-0.4371339244225087
2025-09-12,-0.1210875080138508,0.0188966779885292,test,SGDIDR_RET,-0.42627836156514004,-0.40738168357661086
2025-09-15,-0.1594676937448612,0.0417473084494676,test,SGDIDR_RET,-0.35862415755832494,-0.31687684910885733
2025-09-16,-0.0403641418097057,0.0469988732825469,test,SGDIDR_RET,-0.3328306450630761,-0.2858317717805292
2025-09-17,0.5832337820740199,0.0308772074769134,test,SGDIDR_RET,-0.38408454066853787,-0.35320733319162445
2025-09-18,-0.00041876430310736,-0.0856292403385111,test,SGDIDR_RET,-0.410379283159119,-0.4960085234976301
2025-09-19,0.5482417514916549,0.0261229056188721,test,SGDIDR_RET,-0.47660173389541716,-0.45047882827654506
2025-09-22,0.1230497776490463,-0.0904491572321207,test,SGDIDR_RET,-0.4384978588870153,-0.528947016119136
2025-09-23,-0.0514623433679174,0.0105867105613159,test,SGDIDR_RET,-0.5292811249707986,-0.5186944144094827
2025-09-24,0.1909189983875366,0.0200018294696344,test,SGDIDR_RET,-0.39718974147670016,-0.37718791200706575
2025-09-25,-0.0146521595062238,-0.0166100915128079,test,SGDIDR_RET,-0.5154252219983159,-0.5320353135111238
2025-09-26,-0.0858943915712702,0.017459509936822,test,SGDIDR_RET,-0.4318246163316077,-0.4143651063947857
2025-09-29,0.0210534959780845,0.0430781318034479,test,SGDIDR_RET,-0.37606852421855147,-0.3329903924151036
2025-09-30,-0.4449381080939615,0.0158136564590849,test,SGDIDR_RET,-0.4186865929397116,-0.4028729364806267
2025-10-01,0.2899106120180597,0.1169592785280241,test,SGDIDR_RET,-0.2764043204092519,-0.1594450418812278
2025-10-02,-0.0356078347428914,-0.0266152204039092,test,SGDIDR_RET,-0.5161863437540045,-0.5428015641579137
2025-10-03,-0.3261444585489972,0.0345278128898862,test,SGDIDR_RET,-0.42581393608771567,-0.39128612319782946
2025-10-06,-0.5080783734856211,0.0850322212970238,test,SGDIDR_RET,-0.28836493310511163,-0.20333271180808782
2025-10-07,0.2794802774912074,0.0981877693576857,test,SGDIDR_RET,-0.2735429579291138,-0.17535518857142812
2025-10-08,-0.2452862368102139,-0.0416324559231889,test,SGDIDR_RET,-0.5192097760514236,-0.5608422319746125
2025-10-09,-0.3392413043498033,0.0551741272205234,test,SGDIDR_RET,-0.33189910984553256,-0.27672498262500916
2025-10-10,-0.1503695755446269,0.0845972800670631,test,SGDIDR_RET,-0.2831024539661359,-0.19850517389907282
2025-10-13,0.2818483646324822,0.0524888724233279,test,SGDIDR_RET,-0.3206249421242969,-0.268136069700969
2025-10-14,-0.4688588683254348,-0.0117794668855168,test,SGDIDR_RET,-0.5332071154466027,-0.5449865823321195
2025-10-15,0.2972959273527647,0.1149366548125985,test,SGDIDR_RET,-0.27666053872586466,-0.16172388391326614
2025-10-16,0.1594089105324497,-0.05039631593049,test,SGDIDR_RET,-0.5195848597692913,-0.5699811756997812
2025-10-17,0.1257082151153389,0.0158857787949901,test,SGDIDR_RET,-0.5282642503536923,-0.5123784715587022
2025-10-20,-0.1784756429827634,-0.0021812424015132,test,SGDIDR_RET,-0.48887483187848363,-0.4910560742799968
2025-10-21,-0.0059390900076113,0.0528187722724111,test,SGDIDR_RET,-0.3427808277433975,-0.2899620554709864
2025-10-22,-0.023124500303246,0.0244375439837584,test,SGDIDR_RET,-0.39892613765534285,-0.37448859367158444
2025-10-23,0.030052686509822,0.0245733553928491,test,SGDIDR_RET,-0.4048807172718641,-0.380307361879015
2025-10-24,-0.076946970636674,0.0166305127763824,test,SGDIDR_RET,-0.4337592824726714,-0.41712876969628904
2025-10-27,0.0664580146776021,0.0304612623186663,test,SGDIDR_RET,-0.3809430542453631,-0.3504817919266968
2025-10-28,-2.534685403230762,0.0033393328495615,test,SGDIDR_RET,-0.45047663733209736,-0.44713730448253586
2025-10-29,2.6871267361148203,0.4985916913850097,test,SGDIDR_RET,0.5645532319383951,1.0631449233234047
2025-10-30,-0.3051754468501098,-0.4799807862235865,test,SGDIDR_RET,0.44569913913203973,-0.03428164709154674
2025-10-31,-2.6708374021990173,0.0782567584693634,test,SGDIDR_RET,-0.5168720384523167,-0.43861527998295324
2025-11-03,2.7281354691471518,0.5099117750031913,test,SGDIDR_RET,0.600697557727468,1.1106093327306592
2025-11-04,-0.1746176784441769,-0.4969739050320589,test,SGDIDR_RET,0.40479316264824333,-0.09218074238381557
2025-11-05,0.1920230595456573,0.0385836630338001,test,SGDIDR_RET,-0.5395761750873058,-0.5009925120535057
2025-11-06,-0.1121622080116796,0.0222283316742082,test,SGDIDR_RET,-0.5085236503253102,-0.48629531865110204
2025-11-07,0.3014119453330653,0.0372878256246403,test,SGDIDR_RET,-0.3611982168011381,-0.32391039117649784
2025-11-10,-0.1306501943612663,-0.0269278514674488,test,SGDIDR_RET,-0.5391106433532797,-0.5660384948207285
2025-11-11,0.2280857276625804,0.0318254270260965,test,SGDIDR_RET,-0.37588649666640367,-0.34406106964030714
2025-11-12,0.1491926124272025,-0.0268539150256192,test,SGDIDR_RET,-0.524220977968786,-0.5510748929944052
2025-11-13,0.1441075463641246,-0.0060582647374815,test,SGDIDR_RET,-0.5173267662629062,-0.5233850310003877
2025-11-14,-0.0152329125253213,-0.0129339280886811,test,SGDIDR_RET,-0.5071625899113995,-0.5200965180000806
2025-11-17,-0.0657749388974856,0.023184505855879,test,SGDIDR_RET,-0.4294866300169312,-0.4063021241610522
2025-11-18,0.0518674895130914,0.0366708926675355,test,SGDIDR_RET,-0.38327445168457763,-0.34660355901704215
2025-11-19,0.0797608670498782,0.0132904757113317,test,SGDIDR_RET,-0.43909691955120256,-0.4258064438398709
2025-11-20,-0.6274525966406607,-0.0011065284966632,test,SGDIDR_RET,-0.4668475657305463,-0.4679540942272095
2025-11-21,0.1610471235897151,0.1413050187714162,test,SGDIDR_RET,-0.27389338003778946,-0.13258836126637324
2025-11-24,-0.5368589810767554,-0.0126557127882872,test,SGDIDR_RET,-0.4415910809328862,-0.4542467937211734
2025-11-25,0.2159935054687361,0.1134967606328588,test,SGDIDR_RET,-0.27373155681533645,-0.16023479618247766
2025-11-26,0.1541594310073866,-0.0181641249364873,test,SGDIDR_RET,-0.4852960035234135,-0.5034601284599008
2025-11-27,0.3141230871400595,0.0002490381117592165,test,SGDIDR_RET,-0.515952425449961,-0.5157033873382018
2025-11-28,-0.0943287858409559,-0.0515023754744832,test,SGDIDR_RET,-0.5403006489416472,-0.5918030244161304
2025-12-01,0.2704523967308541,0.0365787565338446,test,SGDIDR_RET,-0.40741964991775337,-0.3708408933839088
2025-12-02,-0.2212270919039344,-0.0282043691792531,test,SGDIDR_RET,-0.5341890968528733,-0.5623934660321264
2025-12-03,0.0432188993332008,0.067505717253903,test,SGDIDR_RET,-0.3360154347107369,-0.26850971745683394
2025-12-04,0.077985700929293,0.0042672656415372,test,SGDIDR_RET,-0.41745376118484734,-0.41318649554331016
2025-12-05,0.1548509311385882,0.0063926532233905,test,SGDIDR_RET,-0.4706552982224103,-0.4642626449990198
2025-12-08,0.2078397192581791,0.0030322327231794,test,SGDIDR_RET,-0.5064445417889879,-0.5034123090658085
2025-12-09,-0.1030896488206828,-0.0224319830991181,test,SGDIDR_RET,-0.5268290566913141,-0.5492610397904322
2025-12-10,-0.0976861620625273,0.0362345517127657,test,SGDIDR_RET,-0.3875095242319413,-0.3512749725191756
2025-12-11,0.232651563430868,0.0347724681458805,test,SGDIDR_RET,-0.3614159610054709,-0.3266434928595904
2025-12-12,0.0902728436887972,-0.0236326196967368,test,SGDIDR_RET,-0.5247295107145175,-0.5483621304112543
2025-12-15,-0.1541472032609994,0.0004563722352783108,test,SGDIDR_RET,-0.4908390957016598,-0.49038272346638145
2025-12-16,0.3146871997528895,0.0431660927161414,test,SGDIDR_RET,-0.35206083923263937,-0.30889474651649795
2025-12-17,0.0238150946904865,-0.0353421590942422,test,SGDIDR_RET,-0.5398517459530006,-0.5751939050472428
2025-12-18,-0.0906333631043157,0.0182314990983252,test,SGDIDR_RET,-0.46296683493759905,-0.4447353358392738
2025-12-19,0.2822875584932927,0.0467958770199758,test,SGDIDR_RET,-0.37335899072044215,-0.32656311370046637
2025-12-22,-0.2887406042165354,-0.0332887610753677,test,SGDIDR_RET,-0.5345260028743164,-0.5678147639496841
2025-12-23,0.8557897479774004,0.0754433350039881,test,SGDIDR_RET,-0.31394888822328165,-0.23850555321929356
2025-12-24,0.1404387347618592,-0.1481570901493873,test,SGDIDR_RET,-0.1645984072678612,-0.3127554974172485
2025-12-25,0.0,0.000415568577937335,test,SGDIDR_RET,-0.540827006503347,-0.5404114379254097
2025-12-26,0.1330186497307476,0.0218023131873921,test,SGDIDR_RET,-0.43052088935378624,-0.4087185761663941
2025-12-29,-0.0887899222879636,-0.0146930764815085,test,SGDIDR_RET,-0.48954793461283974,-0.5042410110943483
2025-12-30,0.1281159679569025,0.0402265648599513,test,SGDIDR_RET,-0.3908943024821293,-0.350667737622178
2025-12-31,-0.2865562152831578,0.0145156215175239,test,SGDIDR_RET,-0.4779700768650527,-0.4634544553475288
2026-01-01,0.0,0.0755483391388497,test,SGDIDR_RET,-0.30108626428624413,-0.22553792514739443
2026-01-02,-0.3079700822527753,0.0218023131873921,test,SGDIDR_RET,-0.3901427024410896,-0.3683403892536975
2026-01-05,-0.1549399172054771,0.0755202694315819,test,SGDIDR_RET,-0.2943960280622558,-0.21887575863067388
2026-01-06,0.6528039870888729,0.0590570804797313,test,SGDIDR_RET,-0.3221683407495016,-0.26311126026977033
2026-01-07,0.2686758568961658,-0.1155945636978717,test,SGDIDR_RET,-0.3680886957409889,-0.4836832594388606
2026-01-08,-0.0903775961508843,-0.0336806732178311,test,SGDIDR_RET,-0.5255156945886326,-0.5591963678064636
2026-01-09,0.1154464071029257,0.0438538817709158,test,SGDIDR_RET,-0.40001685126622505,-0.35616296949530923
2026-01-12,-0.0415094169088683,0.0122463949999849,test,SGDIDR_RET,-0.4695427241006465,-0.4572963291006616
2026-01-13,0.3224139408160339,0.019036381838743,test,SGDIDR_RET,-0.40157773209274816,-0.38254135025400515
2026-01-14,-0.3651877695814571,-0.0388000658654323,test,SGDIDR_RET,-0.5408121267603995,-0.5796121926258317
2026-01-15,0.1295465938304182,0.0832020535972791,test,SGDIDR_RET,-0.2951297265685088,-0.21192767297122966
2026-01-16,0.1724978754236073,0.0057121287280148,test,SGDIDR_RET,-0.456089031538156,-0.4503769028101412
2026-01-19,0.0749239193790112,-0.0117432959653782,test,SGDIDR_RET,-0.5138515265570046,-0.5255948225223828
2026-01-20,0.4880328449307787,0.0086337007188672,test,SGDIDR_RET,-0.47734669635405563,-0.4687129956351884
2026-01-21,0.2358144322631292,-0.0868059047794084,test,SGDIDR_RET,-0.4732287547491608,-0.5600346595285692
2026-01-22,-0.489515366016805,-0.0271703125376007,test,SGDIDR_RET,-0.5395490981240881,-0.5667194106616888
2026-01-23,-0.0521251311420253,0.1064839110033408,test,SGDIDR_RET,-0.2762969864557708,-0.16981307545242996
2026-01-26,0.4062747788452301,0.009465836200339,test,SGDIDR_RET,-0.35030521947690124,-0.34083938327656227
2026-01-27,-0.1346269542805188,-0.0450140540291824,test,SGDIDR_RET,-0.5207417035710433,-0.5657557576002257
2026-01-28,0.3878499215650517,0.0591378886252083,test,SGDIDR_RET,-0.3829434705563102,-0.32380558193110187
2026-01-29,0.2388875336605698,-0.0572885322856541,test,SGDIDR_RET,-0.538848179586848,-0.5961367118725022
2026-01-30,0.1293671537273119,-0.038370921690897,test,SGDIDR_RET,-0.5409210621780755,-0.5792919838689724
2026-02-02,-0.7748144986908264,0.0129287729479108,test,SGDIDR_RET,-0.5142175489296986,-0.5012887759817878
2026-02-03,0.0455973900887748,0.1723156738553242,test,SGDIDR_RET,-0.26828858750805434,-0.09597291365273014
2026-02-04,0.1310609389818354,0.0375667552503918,test,SGDIDR_RET,-0.3647833417180153,-0.3272165864676235
2026-02-05,0.0249021104343061,-0.0114052629637876,test,SGDIDR_RET,-0.48080898623305485,-0.4922142491968424
2026-02-06,0.2547125121424115,0.018837367244015,test,SGDIDR_RET,-0.4506457149240424,-0.43180834768002735
2026-02-09,0.1336011056294329,-0.0194518261323906,test,SGDIDR_RET,-0.5346046706100535,-0.5540564967424441
2026-02-10,0.1306744959786446,-0.0289388626885728,test,SGDIDR_RET,-0.508364045344473,-0.5373029080330458
2026-02-11,-0.0661402993385042,-0.0030991797207986,test,SGDIDR_RET,-0.5110334516515112,-0.5141326313723098
2026-02-12,0.3661601214885047,0.0620288254683464,test,SGDIDR_RET,-0.3966676778375144,-0.334638852369168
2026-02-13,0.0573896030911204,-0.048397153844871,test,SGDIDR_RET,-0.5407894207010954,-0.5891865745459663
2026-02-16,0.0866254686532019,0.0270969461946528,test,SGDIDR_RET,-0.4869116951712504,-0.4598147489765976
2026-02-17,-0.1064594674977102,0.0023128725255661,test,SGDIDR_RET,-0.4631647088615075,-0.4608518363359414
2026-02-18,0.1779436818207138,0.0278762346631844,test,SGDIDR_RET,-0.37340424552798973,-0.34552801086480533
2026-02-19,0.0888327324613041,-0.0027616785143028,test,SGDIDR_RET,-0.5071213756934507,-0.5098830542077535
2026-02-20,-0.2632866069277069,-0.0014406333310722,test,SGDIDR_RET,-0.47985044786706355,-0.48129108119813574
2026-02-23,0.0790873693372441,0.0656794665743559,test,SGDIDR_RET,-0.31197937192270914,-0.24629990534835322
2026-02-24,-0.394443497648987,0.0082060565692951,test,SGDIDR_RET,-0.4381148145513946,-0.4299087579820995
2026-02-25,0.0656779958310935,0.0944362057056524,test,SGDIDR_RET,-0.28201808151668584,-0.18758187581103342
2026-02-26,-0.118474118011196,0.0098907071004138,test,SGDIDR_RET,-0.4150217361606399,-0.40513102906022613
2026-02-27,-0.0404123060704157,0.0354557761561321,test,SGDIDR_RET,-0.3640087088797081,-0.328552932723576
2026-03-02,-0.2271592719574945,0.048455799555412,test,SGDIDR_RET,-0.38997734359774816,-0.34152154404233614
2026-03-03,0.1813971668469799,0.0666361906933521,test,SGDIDR_RET,-0.3079231050075663,-0.24128691431421423
2026-03-04,-0.1552927870777618,-0.031884623619618,test,SGDIDR_RET,-0.4912477848643828,-0.5231324084840008
2026-03-05,-0.0173683952473839,0.0431518306207286,test,SGDIDR_RET,-0.3663491304084854,-0.3231972997877568
2026-03-06,-0.1043363697576057,0.0260348512642891,test,SGDIDR_RET,-0.39799549386236904,-0.3719606425980799
2026-03-09,-0.2938279922117138,0.0575790867521186,test,SGDIDR_RET,-0.3630686193528995,-0.30548953260078093
2026-03-10,0.4951522282158301,0.0796367891451896,test,SGDIDR_RET,-0.2900486324170838,-0.2104118432718942
2026-03-11,-0.0382958449500497,-0.0895704974840653,test,SGDIDR_RET,-0.5124033503029418,-0.6019738477870071
2026-03-12,-0.0511636488503927,0.0195901316598284,test,SGDIDR_RET,-0.4587460964522282,-0.43915596479239977
2026-03-13,-0.0466417559662207,0.0350607565331271,test,SGDIDR_RET,-0.3926311641443181,-0.35757040761119097
2026-03-16,-0.0433178083292501,0.0323007409631253,test,SGDIDR_RET,-0.3869734976392243,-0.354672756676099
2026-03-17,0.3292623204779469,0.0213774046500911,test,SGDIDR_RET,-0.390106385985726,-0.3687289813356349
2026-03-18,0.2662357612075935,-0.0740456135141928,test,SGDIDR_RET,-0.540644172303989,-0.6146897858181818
2026-03-19,-0.1423966975485426,0.0005572982380553405,test,SGDIDR_RET,-0.537110087763415,-0.5365527895253596
2026-03-20,-0.2863842854956511,0.053146660954421,test,SGDIDR_RET,-0.35727145184972636,-0.30412479089530536
2026-03-23,-0.09305359996611,0.0675217830836995,test,SGDIDR_RET,-0.2923622255476624,-0.2248404424639629
2026-03-24,-0.0267234919896418,0.0316070437531135,test,SGDIDR_RET,-0.34945021524519215,-0.31784317149207864
2026-03-25,-0.5767599547460766,0.0281127734210428,test,SGDIDR_RET,-0.39915208143077724,-0.37103930800973445
2026-03-26,-0.5681448887764288,0.1106446245321206,test,SGDIDR_RET,-0.273657938661296,-0.1630133141291754
2026-03-27,0.6693023435762979,0.1220276870155955,test,SGDIDR_RET,-0.27415974887755806,-0.15213206186196254
2026-03-30,-0.1158106602935786,-0.0914196864737293,test,SGDIDR_RET,-0.41528733369288445,-0.5067070201666137
2026-03-31,-0.0663247305431743,0.0417944869941547,test,SGDIDR_RET,-0.41739703620928154,-0.3756025492151268
2026-04-01,0.3646376469746838,0.0534205807494766,test,SGDIDR_RET,-0.3737239336914973,-0.3203033529420207
2026-04-02,0.0629127010693226,-0.033160698985204,test,SGDIDR_RET,-0.5404700881459082,-0.5736307871311123
2026-04-03,0.2244441959845391,0.03043323694894,test,SGDIDR_RET,-0.4821040076062506,-0.4516707706573106
