Date,USDVND_RET,EURVND_RET,JPYVND_RET,CNYVND_RET
2010-01-04,0,0,0,0
2010-01-05,1.2902882012132895,0.9489307700317956,2.336351749300178,1.311230590090963
2010-01-06,0.7962624866089536,0.6098871123431183,-0.09467671340240479,0.7173632426931518
2010-01-07,-0.796664544046073,-1.6946118412361533,-2.4249590531653813,-0.8882832392628945
2010-01-08,-0.4039702418288893,0.20820159845097008,0.1491896976048254,-0.3935259989556852
2010-01-11,-0.28634341233401783,0.7183721348406917,0.6205952603673295,-0.23707878384548087
2010-01-12,-0.18708759107349807,-0.028816366297757228,1.2777425084335712,-0.14104216000626754
2010-01-13,-0.08767849059313704,0.34483861927641885,0.018975838185884327,-0.05198015315246179
2010-01-14,-0.02102286203388437,-0.026234959564396587,0.22029736025348373,0.001827349060204511
2010-01-15,-0.062387426283186824,-0.811566733126593,0.5838613473176175,-0.04845224280252026
2010-01-18,-0.01643820687264151,-0.11861886035635355,0.2444474034711112,-0.0013790868902840185
2010-01-19,-0.07607063955419088,-0.9788988946997629,-0.5367116716194329,-0.06669678330497147
2010-01-20,0.02459945331690218,-1.4324852159110724,-0.07979812005683393,0.027925091195981893
2010-01-21,-0.07278832790226271,-0.6237492792972157,0.7684750446179663,-0.07865356773477472
2010-01-22,-0.02832781269305521,0.13635300824444394,0.8910780561211041,-0.015912109356670274
2010-01-25,0.13636860491915517,0.2594803911531118,-0.2537424208941003,0.14664810106195356
2010-01-26,-0.02037349442849395,-0.5043613309378652,0.6925377324833709,-0.020382245648406176
2010-01-27,-0.09500173557815283,-0.6033147822470597,-0.23379354750891604,-0.09938342530615779
2010-01-28,-0.08600087987128709,-0.6627392429241523,0.09467400096401907,-0.07995257834083079
2010-01-29,0.01852769694596274,-0.8591905134407067,-0.44700166896884574,0.028106818703571193
2010-02-01,1.20261485330115,1.358702688761531,0.5175014025367614,1.2049864079739732
2010-02-02,0.7133862497286064,0.744402935319534,0.4925327261848661,0.6559497191015102
2010-02-03,0.6292758449685447,-0.12009721849224234,-0.11875428370309613,0.5180025636018943
2010-02-04,0.30611900092770444,-1.2477002011913843,1.4701710076803862,0.19966711777874968
2010-02-05,0.18850270094535557,-0.8574683785880758,0.6480279552429762,0.08485826660596389
2010-02-08,0.06178783260532457,-0.5043385367935708,0.13758224839842198,0.01375479464319359
2010-02-09,0.010892396237608362,0.7461904550254471,-0.5987490692883972,-0.013823896466279122
2010-02-10,-0.020455495223053666,-0.006545044090080443,-0.3847486022507809,-0.06986389207140956
2010-02-11,-0.03976635607228618,-0.5504492841515017,-0.007559056675291803,-0.13544673506929822
2010-02-12,-0.024487423204414566,-0.5124091694880908,-0.15800071695649895,-0.06909191017641625
2010-02-15,1.0767647956729405,0.6997355850593218,0.9339442449498111,1.0558250514252732
2010-02-16,-0.4016206611147445,0.3496861165583208,-1.0033514383027982,-0.4918298445092856
2010-02-17,-0.24731094492235564,-1.0624860583419424,-1.1862458762584156,-0.2668449712394025
2010-02-18,0.4975907015440825,-0.7520486236392139,-0.7143163995023514,0.505102236984288
2010-02-19,0.1713636994276791,0.7677473983611824,0.12970524296570818,0.20204209487992203
2010-02-22,0.24056666430187384,0.3021608479045036,0.5071919432778631,0.2622580587908525
2010-02-23,0.04011618968915183,-0.5942062838340201,1.2274203373462673,0.02986994261590392
2010-02-24,1.4785521156579344,1.3898960237184192,1.6853737255327386,1.4876597945329884
2010-02-25,-0.5433828627202085,-1.0784555070189301,0.1691058732959625,-0.645242391825933
2010-02-26,1.246984782475385,1.948885002078719,2.0233739623498277,1.234441529536955
2010-03-01,1.8260822472480693,1.1514831815757447,1.4000953946383523,1.7323639690615442
2010-03-02,1.2559618139139666,0.9170925204944249,1.007003029281286,1.0552588239458762
2010-03-03,0.6682190817356789,0.7702437419784465,0.3847304594331026,0.49083197687577546
2010-03-04,0.38516523958950294,-0.6512289328952182,-0.5763349036191817,0.22972171337469363
2010-03-05,0.28979571892896067,0.18262460149301915,-1.2998857197800657,0.1787165197355272
2010-03-08,0.125833377376945,-0.08491046140836007,-0.5106236742248844,0.03701504709274603
2010-03-09,0.1037983098354462,-0.0733505917083284,0.20462665778377068,0.040526558370780806
2010-03-10,0.3004170881663741,0.4809635364964676,-0.23600274741401503,0.2775564086653157
2010-03-11,0.18499156328021404,0.4556152899696809,-0.2664353175781855,0.14912764652069702
2010-03-12,0.11391455357527801,0.756734871948267,0.040327709732597056,0.09264240533491729
2010-03-15,-2.3042777735600213,-2.815118762742309,-2.1192003761434948,-2.3344309949460738
2010-03-16,0.9817338720511899,2.1989498990231535,1.806424537245971,1.135578446867231
2010-03-17,0.4469714073402983,0.29845788944612334,0.25221845255230047,0.44388201518162373
2010-03-18,0.22266090068889166,-0.870068590323815,-0.06304000658096062,0.18091707615008257
2010-03-19,0.18968690629289264,-0.7829312133186122,-0.010280412406939676,0.1654019314082404
2010-03-22,-0.014686594845668546,-0.15044914222726732,0.06451306966132235,-0.04615270606244262
2010-03-23,0.017268580477450342,-0.7526866768096097,0.01663654577673841,0.004209879879348292
2010-03-24,-3.0887327482059517,-4.353619537595202,-4.901708410620017,-3.1044200752236106
2010-03-25,1.1973790924758632,1.578288501556376,1.1072021280935413,1.4106467682193635
2010-03-26,0.7636304079892974,1.2833295531310038,0.36061307342325943,0.797528008069982
2010-03-29,0.5491049097299043,1.0026566621693171,0.20403176155669317,0.515977747239032
2010-03-30,0.4694489357868131,0.0164574495857443,-0.16443187056284347,0.42006659359326787
2010-03-31,0.315321679743987,0.6547935466781025,-0.7737575355977288,0.2570909595412135
2010-04-01,0.16792627352495118,0.7362891446390627,-0.6075874784438,0.10590434489318479
2010-04-02,-1.6066708313797755,-2.0669971794764788,-2.6119226202576895,-1.652617898075493
2010-04-05,0.5893974350498111,0.8245256017054606,1.0172011054794994,0.6821202205773034
2010-04-06,0.4417531438178102,-0.31523489131122,0.9498318599496123,0.45476996292988964
2010-04-07,0.27202382247160395,-0.09711846945235376,0.2812305398842576,0.24673792986200013
2010-04-08,0.11497268374033211,-0.3875624372673063,0.43027710686752824,0.08867312368080407
2010-04-09,-0.21863764455076243,0.6320571164836438,0.11665771617274964,-0.21050898060510548
2010-04-12,-0.21371586459797098,0.8174416508984532,-0.0692223863992247,-0.2299819547667505
2010-04-13,-0.10523464211931575,0.37070188898284806,0.009089906864691646,-0.10134839273990673
2010-04-14,-0.14392600443718132,0.38270820024056373,-0.22442439319185273,-0.13117322870682563
2010-04-15,-0.115015809924301,-0.5102655961554736,0.20551327276062975,-0.09609529332543175
2010-04-16,-1.270924079569066,-1.8744843819521837,-0.17806832241627468,-1.2566368139715456
2010-04-19,-0.8895131450657491,-0.8085647949226971,-0.495464510119625,-0.7872264887930263
2010-04-20,-0.6387018665991419,-0.7277316544273089,-1.0036927181571038,-0.5166002007425798
2010-04-21,-0.3718926927185691,-0.5394499564485387,-0.15011822222042762,-0.27648283527185213
2010-04-22,0.9097291850517798,0.07278168326016854,0.725288398896564,0.9989956738100347
2010-04-23,0.4543191094994483,0.7721267720285399,-0.48040279951982334,0.4126674834196361
2010-04-26,-0.7691524006648052,-0.6824673640429083,-1.1379248799709591,-0.8191511556070254
2010-04-27,0.8133474535479333,-0.6583380507340038,1.7584309945271714,0.8572109777476146
2010-04-28,0.3686573421110989,-0.015772850635635466,-0.4837932196128756,0.356368543866439
2010-04-29,0.1740886571685129,0.3208208537535033,-0.2525603261700613,0.12868557661317626
2010-04-30,0.02776209776939151,0.2836801203620565,0.04062434709273542,-0.012550878902909221
2010-05-03,0.5718452165769841,-0.09845927270693619,-0.34770992283493385,0.5626116310575476
2010-05-04,-0.07025487701571531,-2.256627587735211,-0.5443434544421335,-0.13621076249474984
2010-05-05,-0.04326171858772137,-1.8513813232396217,0.8245606712737316,-0.08563972535159689
2010-05-06,-0.02663980601296254,-2.000508760725269,3.441400707396388,-0.04206452465798583
2010-05-07,0.01004720336244563,0.3799801162439891,0.22306915639975444,0.019768024473770632
2010-05-10,-0.9184663116558264,-0.6262853903780933,-2.5906241159524286,-0.9271288323216639
2010-05-11,0.5704385023431341,-0.23207752589015937,1.112230356659742,0.6168583941568477
2010-05-12,0.21921792001637572,-0.13153747686006775,-0.5341865697722751,0.20410058281225646
2010-05-13,0.24064295596997431,-0.7129241116914052,0.36911459549605263,0.21638830055353903
2010-05-14,0.2009680802110437,-1.621026675377999,0.5043395256508901,0.18485496401328383
2010-05-17,-1.837303519005881,-2.1943752524668643,-1.9090253224169058,-1.8768987639346153
2010-05-18,0.7768925361553354,-0.5098318088439935,2.0467539154491297,0.900217942215191
2010-05-19,-2.0831721265089036,-0.9728722916160831,-1.5619690731977105,-2.080488031798808
2010-05-20,1.2523854712690252,2.9231590414697544,4.47178725473332,1.4005180449941668
2010-05-21,0.7975996038577102,1.6307653187601867,0.6635280397041166,0.8097356483603316
2010-05-24,0.5439321958708015,-1.187655617275511,0.022796789411527685,0.492110880332795
2010-05-25,0.33494388700303623,-0.3980060977395834,-0.15056990443659832,0.19366908181905484
2010-05-26,0.2590090890643972,-1.480882240773207,0.4097236139031382,0.20622511625175127
2010-05-27,0.10673671530476048,0.9180850957324935,-0.936706919175118,0.022470271180888415
2010-05-28,0.039337887677120174,-0.3443167363713557,-0.49391976572842866,-0.011267967039289969
2010-05-31,-2.125937948680648,-2.1432615581872234,-2.4478510789498036,-2.1240113194836883
2010-06-01,0.7354217868935999,0.9367294128819482,1.4185142461640026,0.8818768412117621
2010-06-02,0.5320886553060359,0.41676543848213315,-0.6901613803794707,0.521038483181185
2010-06-03,0.38043521991520923,-0.38875458000465296,-0.6201428963525282,0.3545343411622637
2010-06-04,0.2606470665367432,-1.7372746700415185,0.64818250030208,0.23780460120376276
2010-06-07,-1.4509351193323785,-2.5492822633735415,-1.0225661558952213,-1.5102783585694437
2010-06-08,0.6388105338342626,1.1578758395668471,1.345393438205766,0.7289909427722263
2010-06-09,0.31413945666092036,0.44404947711400844,0.368368584067711,0.32068740651358063
2010-06-10,-1.2488783452455952,-0.33425579272231015,-1.271940511844544,-1.2668607461742503
2010-06-11,0.7525114084557765,1.4597419985859994,0.8049187805249776,0.7872897196630977
2010-06-14,0.384154457042366,1.2257622253687557,0.1590951723707148,0.3332638214466658
2010-06-15,0.21013199343244465,1.174421193655143,0.18016707426946024,0.1543905384821943
2010-06-16,0.1558191586161962,0.3303585237444836,0.16506962312268547,0.11018900076846068
2010-06-17,0.12236728923894857,0.6961562764964259,0.68549891895502435,0.14483583456320498
2010-06-18,0.04893503642500112,0.27600500232228414,0.33078439484889843,0.06243034924203401
2010-06-21,0.0037097654546851544,-0.5640569195558068,-0.25321008710274034,0.4704954001986495
2010-06-22,0.028707978348572867,-0.4805619218920001,0.4527357766594985,0.062396873575220474
2010-06-23,-1.5211826683510836,-1.3290640104941631,-0.7065583284768617,-1.4814776075568068
2010-06-24,0.6021429834087495,1.278561910201625,1.641575131555596,0.8733979437810804
2010-06-25,0.39720565672839314,0.7082015710761909,1.0494309557841275,0.6299511640429492
2010-06-28,0.3765706375184187,-0.4287767335747039,0.26002544754874346,0.4457483470074545
2010-06-29,-0.8981898460388735,-2.003405154823821,-0.3068541006140766,-0.960433545847482
2010-06-30,0.5506041605253114,0.8441894964660289,1.2601882751614073,0.8333272439443705
2010-07-01,0.6025571293828423,2.7670810780863575,1.5796571950722806,0.7303977229145626
2010-07-02,0.3710440907690247,1.3590749677623588,0.25104920720379514,0.5352034727903878
2010-07-05,-0.9468183027439375,-1.027762404720947,-0.9128425399897897,-0.9558847693277228
2010-07-06,0.7237591199552713,1.6820860712639556,1.2021257346974523,0.7275927448735904
2010-07-07,0.5769979290224057,0.7215189883206093,0.2588913912355427,0.5630117625108122
2010-07-08,-1.0934591180272648,-0.7452552870594664,-2.2012405769716925,-1.1078330727172427
2010-07-09,-0.6733329081295224,-0.624875595635355,-0.832560281750317,-0.5744512814850266
2010-07-12,-0.14337145210296143,-0.34897437667899384,-0.053127546150200655,-0.00936424356208082
2010-07-13,1.1154668377692523,2.1301729317645686,1.0144352971524953,1.189800775882192
2010-07-14,-1.1135344217662153,-0.9901126042650136,-0.9093057961900215,-1.1667179382570265
2010-07-15,1.0884810942687082,2.934792308782717,2.5641201105228104,1.1056875973788225
2010-07-16,-0.8797410208664118,-0.6199888781509114,0.10625972593659394,-0.9368040571383162
2010-07-19,1.1394270493930856,1.5483626800055506,1.4818256037282926,1.1078608505104381
2010-07-20,1.015693323125995,0.4319990781667171,0.19878797200726014,0.9225200077113674
2010-07-21,-1.236569351217562,-2.704020210240753,-1.3654885287836864,-1.3614971754226295
2010-07-22,-0.7295172964367839,0.25137033167784884,-0.6746853834308175,-0.7008364739705101
2010-07-23,1.0667969701693023,1.6709106981382518,0.8627667057323045,1.115095194820393
2010-07-26,0.6569148260465181,1.1781231615496455,0.8536676732435572,0.6035217855942677
2010-07-27,-1.1434446737324993,-1.2473815968021573,-2.231063010803108,-1.190971167713466
2010-07-28,0.7127005841559334,1.0429131099517766,1.1715931024323318,0.7603029794621741
2010-07-29,0.4651117698382339,1.005822254325311,1.2563679489193567,0.4579567478660405
2010-07-30,0.36509618251446924,0.0895221160776668,0.7314007444355073,0.35375956947283194
2010-08-02,-1.3661648809299345,-0.5187611773266793,-1.5570438124413444,-1.3857422742240333
2010-08-03,0.6447925655409122,1.6984850694474112,1.9741213537627917,0.7430792804404374
2010-08-04,0.16055201694819227,0.28677423853526357,0.3480069217180229,0.16666181327119167
2010-08-05,-1.0122574320557356,-1.5306404637704998,-1.6124599286539247,-1.010349409047036
2010-08-06,0.619250092222631,0.9474810674006096,1.3077642935624987,0.7165937175083248
2010-08-09,0.4863653503842203,1.1856572299482242,1.0635889629681459,0.5411726475046917
2010-08-10,0.273245071033734,-0.08123836231850373,-0.35721512949977624,0.3088049570176072
2010-08-11,0.19450967687271242,-0.3395333021397514,0.5476169684595866,0.0828323736827863
2010-08-12,0.09352547643732773,-2.750373375712507,0.3563814817706497,0.008341137577811408
2010-08-13,0.08384150896189374,-0.9314894939962447,-0.9216963229234388,-0.13319842414400693
2010-08-16,-1.4077886380260203,-2.207206999865185,-1.8089678309869157,-1.6968656165507676
2010-08-17,-0.7657388864648442,-0.25779436109902326,0.5372819282520437,-0.9387838025616196
2010-08-18,1.3946299826814477,2.315989105231389,1.6882014749354086,1.530644587967068
2010-08-19,1.0414180251929888,0.7134254244343645,0.86372783753352,1.047003370706765
2010-08-20,0.4952100971134845,-0.3035523026768639,0.22208315312196297,0.4219805826798476
2010-08-23,0.2944994464628343,-0.8720451799098276,-0.19745553171376812,0.2067120047716494
2010-08-24,0.25963773078728963,-0.7821807441051851,0.5107429756695219,0.054856209342266114
2010-08-25,0.21203975198008773,-0.20524445654891124,1.3408895996604113,0.1275865348374272
2010-08-26,-0.05733094991624868,-0.005749602089592375,-0.3901884414749224,-0.15698313281053705
2010-08-27,0.06912980695038125,0.43755077380137697,0.3888309382663792,0.008951680533032039
2010-08-30,0.21464561500119747,0.6798768022590632,-1.0728635700804792,0.20934022723570633
2010-08-31,0.05920892346221393,-0.5562029989235603,0.7491687867887642,-0.03743654764896007
2010-09-01,1.4343598754304114,1.3951456193927219,2.0845236202749966,1.2966616478664956
2010-09-02,-0.5928835197390998,-0.13886944991131311,-1.1757656992998813,-0.8035091564398327
2010-09-03,1.13675350844277,1.638460610812583,1.3398886851970326,1.1379674157694515
2010-09-06,-0.7079707953517591,-0.37335786012914796,-1.2246655946840708,-0.7508182170504357
2010-09-07,0.9463040173215753,1.0675780509580879,1.387496309231233,1.2151330478221145
2010-09-08,-0.9247317118007683,-2.669124100627805,-0.6343194449324538,-0.9086501965626514
2010-09-09,-0.48074173481435323,-0.3080029826740912,-0.35913018315166123,-0.48684936446001836
2010-09-10,-0.3012472994873743,-0.40647074630195495,-0.08772534288030025,-0.06433829094453716
2010-09-13,1.264173125498372,1.5124813247537239,0.9755250803974597,1.595061760490763
2010-09-14,0.8812041257847628,1.7803275290541367,1.1368805683422607,1.129516720322377
2010-09-15,0.5426300141342761,1.4743951751260238,1.0959363342486015,0.8160038460180463
2010-09-16,0.20568985713892152,0.505229294461873,-2.9473701511129913,0.41082183083796653
2010-09-17,0.15236383638210363,0.6483878658704936,-1.0195166963540432,0.4717432505969401
2010-09-20,0.0681193355539238,-0.07147637790269865,-0.1433543330084836,0.19450725872568714
2010-09-21,0.06765032689229383,0.17992974199445888,-0.030745563764497653,0.32645057877711803
2010-09-22,-1.4706191126210773,-0.013024800792069281,-0.8317372844894863,-1.2291916743944575
2010-09-23,-0.8742759675202801,1.0332355909787412,0.5315322248849578,-0.5952678191496908
2010-09-24,-0.41845030789535353,-0.09996775350435017,0.24178833435792935,-0.20305234179512704
2010-09-27,-0.32543385411041326,1.095274584261507,0.23365308758536735,-0.17792666670778573
2010-09-28,1.3311696823142312,1.571559737642378,1.649386055168122,1.6099625222001779
2010-09-29,0.7940336587561552,1.4348885495145174,0.9181847204300273,0.8687697052572363
2010-09-30,-1.0534418361764974,-0.6801175986655422,-1.1202281422691462,-1.0336100876543806
2010-10-01,0.9193800767021701,1.3149497199548685,1.470647102179115,0.9369261051459584
2010-10-04,0.5404608565241795,1.5096166441981507,0.6937555476407957,0.5290594792399708
2010-10-05,0.35848353451001747,-0.25864420861025395,0.027296713524362914,0.31272135038754917
2010-10-06,0.1436963605676126,1.0054587498135497,0.306566832951751,0.09261717857493891
2010-10-07,0.11417612393411784,0.9557552741771889,0.3848806027938305,0.04899700637948317
2010-10-08,0.044617220099977435,0.32584046189299126,0.7982984983971398,0.027836543949213376
2010-10-11,-0.9796353679515566,-0.5509271768888179,-0.08865132581054533,-0.7221874821765419
2010-10-12,0.4295580552269893,0.16384434664113776,0.678324226112013,0.6860190899424825
2010-10-13,0.26451430123722175,0.3145493480464597,0.5779699844643474,0.289637762907337
2010-10-14,-1.1297924465064728,-0.8346710034156591,-1.1435528102124526,-1.007906812801925
2010-10-15,0.6226532034550091,1.8084521310477468,1.38155937568432,0.9609956428704354
2010-10-18,-1.4619579540033143,-2.0564110251741576,-1.3233261316356382,-1.137155328242759
2010-10-19,0.893754576163552,0.9567866881685932,1.6236215366796871,1.1287853936471772
2010-10-20,0.5503583609124634,0.29476958708730644,0.4807292538622143,0.6124286870061052
2010-10-21,0.3902752691254317,0.3374837688671995,0.3699759589592353,0.2887338038363642
2010-10-22,0.2146408197534526,-0.2534865908510129,-0.2179510396564099,0.15657289315566555
2010-10-25,0.10648161419129254,0.09124715834680182,-0.10128578347067009,-0.09426561917194735
2010-10-26,0.09125993713778131,0.08866779211274553,0.5927415156831545,-0.013419291744563203
2010-10-27,0.00480880287195759,-0.7052543261253278,-0.507356552903941,-0.10829620904500131
2010-10-28,-1.2591463027238003,-2.0306441489732525,-1.8319227693350555,-1.589614793261393
2010-10-29,0.46104367718152295,0.6107971682314876,0.6939998109860795,0.26755548463491885
2010-11-01,0.23247549068360157,1.5562801530699497,1.7248718284224018,0.33066798270950176
2010-11-02,0.16887117911641736,0.045065188703310166,0.3463214100452122,-0.12762313224890184
2010-11-03,-1.1171169359822999,-0.3115347116557321,-1.2537789670723547,-1.0761411999948014
2010-11-04,-0.8285589665587639,0.41111648115473703,-0.9843154361926689,-0.6735283326983956
2010-11-05,0.9543521253825338,2.3015214011900564,1.511761785857465,1.2928731030426779
2010-11-08,0.6133570989324126,-0.34077909862636413,0.02367849548977824,0.8248940375695037
2010-11-09,0.35201069004708,-1.6061421972860124,0.04297165060726391,0.04040390774451552
2010-11-10,0.24244582876710324,-1.175378234397414,-0.5677234640819976,0.6143192204485973
2010-11-11,0.12361004837608942,-0.3616256959263674,-0.9520862250687495,0.4433900717402548
2010-11-12,0.05042646497695739,-1.2658244846122915,-0.5578726107669169,0.3583836611879217
2010-11-15,0.05674216138022302,0.16424683837336457,-0.21226427448760415,0.02078151229984465
2010-11-16,-1.330621179388389,-2.183435250746645,-2.264003967863728,-1.4281858033927026
2010-11-17,-0.8349985445077583,-1.310803498201477,-0.9477516017175327,-0.7362056060448595
2010-11-18,0.8413195524378831,1.4208814361728321,1.41125797535903,0.8987627456370412
2010-11-19,0.49237276267553126,1.1712444933296982,-0.13593400087165847,0.6112842848253134
2010-11-22,0.277490856954911,0.9708424699568085,-9.28232004479626e-5,0.23653183565457636
2010-11-23,0.19657763021824595,-0.7170656903021442,0.2595238909445398,0.08917825736365742
2010-11-24,0.1467460821131938,-1.7928655448455468,0.12775880769198153,0.04392527482232764
2010-11-25,-1.270342334833367,-2.1256653134341494,-1.6238572450079076,-1.4829744693552576
2010-11-26,0.5784515087982507,0.5696642982012391,0.7482878887648579,0.6238619949470928
2010-11-29,0.3562002732518478,-0.5899258474411315,-0.40662350187515156,0.06023400630168119
2010-11-30,0.24503229876278704,-1.1741559566599895,-0.20989904302717166,0.17108323537821116
2010-12-01,0.1508865833130265,-1.2189841257265717,0.6238424898154076,-0.00637501287211284
2010-12-02,0.0672228758257866,0.6160003207165743,-0.37137134317619147,0.02945277330196881
2010-12-03,0.06708509599618223,0.9069172835492522,0.36131208322030917,0.07023490594037898
2010-12-06,0.015619392686490041,1.755697334056621,1.2450650275382902,-0.017646709538246798
2010-12-07,0.00961814751683208,-0.4257228528743755,0.5016159656439698,0.2206485190987298
2010-12-08,0.005922686208891998,-0.4495486624940733,-0.825309412457057,0.1543658243953217
2010-12-09,0.02933751653651229,-0.06643877830823872,-0.9598199579496883,-0.1253695379998109
2010-12-10,-0.007624903358418006,-0.11238527588731373,0.028382329175481613,0.0010524404644177004
2010-12-13,0.02099514897003271,-0.34868174181438893,-0.15304308932656707,-0.00834183900988909
2010-12-14,0.012928443761216301,1.384371334590785,0.5914336618772251,-0.1413365510748627
2010-12-15,-0.01772932199588144,0.14261405394745896,-0.2691600201377243,0.06904056849943674
2010-12-16,0.01477302555091851,-0.9605291055563564,-0.6240387158522205,0.06314876837765077
2010-12-17,0.009096969509036252,-0.175505854651317,0.07544513832805289,-0.1311417760908079
2010-12-20,-0.020088676504990258,-0.6474715178549183,0.04425084530120983,0.05351468135225208
2010-12-21,-0.012370253947839895,-0.5569169188966343,0.29799547351634514,-0.2534467761739831
2010-12-22,-0.007617384982830291,-0.3851685923882322,0.06555689949990258,0.10736212559883893
2010-12-23,0.02099977865358962,0.10094236573554914,0.3199780236852033,0.27212676407750086
2010-12-24,-0.012759135817020106,0.09463370994976682,0.7173906471831393,0.09935723974856428
2010-12-27,0.017833578852440676,-0.30680970806972163,0.35982771511852674,0.07959724412157267
2010-12-28,-0.014708826010900383,0.7164625554039354,0.32112766738065057,0.24524998623013247
2010-12-29,0.016632993895441595,-0.5405326485079233,0.5617791428460469,0.25543501348663256
2010-12-30,-0.06684879446837444,0.8074744885080256,0.9893998546270513,0.11592673740150619
2010-12-31,0.010236356525871605,0.8784262816099653,0.5135613768410103,0.1142973545519975
2011-01-03,0.03199379890807824,0.7215334568428454,0.6168577809573528,0.40276111128923137
2011-01-04,0.01970121909976182,0.21427780319299836,-0.48937594079093105,0.394657093017067
2011-01-05,-0.013558765969024058,-0.2277919715829611,-0.6201735018626122,-0.06959556705942921
2011-01-06,-0.008349249798237935,-1.3106353305333156,-1.5768822321473528,0.25827105567423325
2011-01-07,0.020549109162255406,-1.7319401593774417,-0.5745422683665665,-0.42536325689895815
2011-01-10,-0.013036650169593964,-1.2151989451668745,0.12885770357607937,-0.271585084953898
2011-01-11,-1.6556480384791794,-1.4815215917069573,-1.2233204293642126,-1.9233366472083586
2011-01-12,0.6537917635895412,1.363482919541482,0.5522965068950669,0.8715558026660395
2011-01-13,0.37690304764593136,1.5002084319829245,0.46233202039303534,0.686494826183817
2011-01-14,0.2320902729424101,2.1609022205587753,0.5083484478121042,0.34972210898803996
2011-01-17,0.16860754171555933,0.893267234234612,0.025282998835730208,0.46591043832469986
2011-01-18,0.07813513057706317,-0.47307644480542066,0.24394445557807048,0.1647887234649824
2011-01-19,0.07380467069704823,0.5864741002533373,0.16810007515741363,0.24733580444722872
2011-01-20,-1.091221813519322,-0.40463160333866055,-0.5321725504152418,-0.9735697843190294
2011-01-21,-1.6221555357195205,-0.9564131092943129,-2.034625735104134,-1.5377354556904508
2011-01-24,1.0622844519139734,2.885225255604127,1.862368933783439,1.2725031723172906
2011-01-25,0.67982652706512,1.094514997422744,0.6303995412608331,0.7343462631092172
2011-01-26,-0.7908168454627789,-0.5647752738757188,-0.6805641364704454,-0.8140583528112735
2011-01-27,-0.6066412563787749,-0.11833581514545954,-0.20318614933931972,-0.5522148396893716
2011-01-28,-0.45168199391865516,-0.01993638773523906,-1.0131859556987917,-0.3762064652432989
2011-01-31,1.1290973499964454,0.2997341441908606,2.0722608785574512,1.1939878036237412
2011-02-01,0.6695878746040335,1.1007966687486253,0.6110188706937211,0.2833995241105935
2011-02-02,0.4380108761154532,1.2076484902810316,1.0373887171150382,0.3312035706374503
2011-02-03,0.24402896933212828,0.25927745821674064,0.15622504069317172,0.706796089082911
2011-02-04,0.15026875068241458,-1.3292357221777997,-0.14621993421572094,0.3834760825700376
2011-02-07,-1.5864370431579478,-2.4529653509431335,-2.4179391837498962,-1.4709128536933869
2011-02-08,0.727760278724607,1.0739149155480243,0.904859603223423,0.8440207046725254
2011-02-09,0.4224515593230498,0.5623814983327429,0.22521283098531208,0.5559296406201125
2011-02-10,0.26013824595109186,0.8610583556225514,-0.07415808283585182,-0.24239600186523724
2011-02-11,0.1858789905715038,-0.580620948410456,-1.1075271066483383,-0.01916010725498564
2011-02-14,0.08877058524935522,-0.8823759123358279,-0.47832900220468366,-0.11666855386009557
2011-02-15,0.05466336631784129,-0.4864127210736519,-0.10447038351765274,-0.14685097775308892
2011-02-16,0.03366074030947329,-0.020358290645315275,-0.3935282957948902,-0.020433665838502306
2011-02-17,0.046418122775448725,0.586610778976916,0.035874931038376176,0.057157040441062235
2011-02-18,0.028583464240248612,0.5533846300011576,0.39408526511826925,0.10552222644369404
2011-02-21,-0.008089235510534466,0.7845394460912174,0.34344051753854327,0.15638115617369164
2011-02-22,-0.004981209064934572,0.01431777539440432,0.118540005330633,0.1701758199140365
2011-02-23,-0.00306734100104683,-0.0585053430482338,0.40415952619232914,-0.0462950758943505
2011-02-24,-0.0018888146821491724,0.6404714783884711,0.5094994006711258,0.020558526594253047
2011-02-25,-0.0011630988867180768,0.6028044881924656,0.6262869526349941,0.03400368557309171
2011-02-28,0.02497421460217423,-0.40993691814748645,0.7304607640315395,0.06698681721872099
2011-03-01,0.015378682448293837,0.5061042905157351,-0.09076444551142476,0.08968732493416132
2011-03-02,0.009469922382458872,-0.2041686704084603,-0.057406248870536025,0.02580065781379867
2011-03-03,-0.01985901867991311,0.5968360403989474,0.04282081141831935,-0.03759832020019798
2011-03-04,-0.01222883469522725,0.8475063166929457,-0.6438527052262909,-0.01582883826839713
2011-03-07,0.018160128963582763,0.5145775132203875,-0.13580902401108788,0.06892384513613911
2011-03-08,0.011182688264666753,-0.032955292669920755,0.02174732156026058,0.22815175763181508
2011-03-09,6.928432953926474,6.437746060315596,6.3125656108350094,6.880495878618625
2011-03-10,4.21845711805758,1.9659917042168198,1.7812593546668676,3.7888582167112257
2011-03-11,2.621629697382549,-0.09892772303387776,0.44881892844066806,1.8844261139970717
2011-03-14,1.5903755539960864,0.9065719040323974,2.0992109747720624,0.9649189786706236
2011-03-15,0.9793253164528316,0.6912082838569853,-0.03571162118947058,0.6012275772477504
2011-03-16,0.6270292593486488,0.19496722483447448,0.9515480774948526,0.31969815869225265
2011-03-17,0.3621356579122006,-0.6913424138966261,2.665110464585794,0.16166220494927638
2011-03-18,0.24697471428035495,0.8718400010292678,0.34405117106641003,0.026380388438279126
2011-03-21,-1.369869626197438,-0.2775297462476441,-3.30781343019203,-1.3887952662510534
2011-03-22,0.6784106735033135,1.7643352721224863,0.3033839826718614,0.835559527441665
2011-03-23,0.4656920096280829,0.24661192391429138,0.3473195097706063,0.6921492985644607
2011-03-24,0.3107256598886996,-0.33972038659849085,0.33927149690923236,0.31546212923662764
2011-03-25,-1.1350999195253866,-0.9645140475060769,-1.4076051359969257,-1.1934568017071607
2011-03-28,-0.6067617092294535,-1.2397832239979676,-0.8600620909397594,-0.5476745371014685
2011-03-29,0.8845482150857031,1.2584569916176895,0.6224177335439758,0.8923602374282136
2011-03-30,0.520734280774864,0.5864685093636363,-0.6327475234896163,0.484617702454012
2011-03-31,0.36856321110636103,0.3005689522378818,-1.032168880617426,0.37647203208265034
2011-04-01,0.2508982416379985,0.38097097624832343,-0.5339018999261564,0.4284458098597023
2011-04-04,-1.2923555448811828,-0.8739577865279292,-2.631319567210905,-1.270993142241446
2011-04-05,0.6031517191795237,1.1069524535971436,0.7267933098333857,0.8501605004885973
2011-04-06,0.39535945646822046,0.35788153005980067,-0.9777279125684857,0.4775559868932303
2011-04-07,0.21950617738528228,0.9000931746109622,-0.5011400576876608,0.1540259645808265
2011-04-08,-1.4534315479128748,-1.5432516628523876,-1.3141450924425415,-1.4836092797823655
2011-04-11,0.6936019900862557,2.2262956634911837,1.105381726305104,0.9061616866416666
2011-04-12,-1.278371013747451,-1.1872139113533102,-0.8948961202984387,-1.230690123003799
2011-04-13,1.0379693492533575,1.725421899592894,2.7847307759549262,1.0931279076238638
2011-04-14,0.6152369766223623,0.27050988117473335,0.5819307677797565,0.6917093016401137
2011-04-15,0.37885211785999384,0.014037199232715292,0.17230071015584095,0.3752906635552868
2011-04-18,0.2524319797502899,-0.1092198366785701,0.832149574320988,0.2733580059747068
2011-04-19,0.16501255481883878,-1.3442012215389103,1.2385583251195764,0.1808906182930718
2011-04-20,0.09682725674873673,0.3793931562997731,0.06359321260162282,0.04121849281463297
2011-04-21,0.05962452303699677,0.11688453174478958,0.018828967806867953,0.022363318640466513
2011-04-22,0.0367157334283948,1.538385294167781,0.8360893390458416,0.12104423939626756
2011-04-25,-0.5050968066915831,-0.039210687867797245,-0.24717837654902336,0.017996908450631705
2011-04-26,-0.8415349598196207,-0.39252661113363563,-0.5670329176085189,-0.5207409018905594
2011-04-27,-0.6149610337633747,0.52714321738689,0.13815941455576872,-0.9007495187216514
2011-04-28,-0.9125344720218143,0.2532665561657495,-1.3395445769252892,-0.7752422777917566
2011-04-29,-0.9275538110499739,0.14491168646320307,0.061046018253825496,-0.7739359728890824
2011-05-02,-1.0656764928843137,-0.787730943923763,-0.10409399418674987,-0.6124621846756878
2011-05-03,-0.1373026554827631,0.47763473645016397,0.5459772500116173,0.023214782900261743
2011-05-04,-0.534779331602784,-0.2393209864114266,-0.02832254626826164,-0.5915488689337506
2011-05-05,-0.5551855414808345,-0.3233354210709829,0.17289535164497488,-0.4006097533530244
2011-05-06,0.6754491744236142,-1.0252745923330873,1.3454345575698579,0.9294329226541961
2011-05-09,0.36725608689711686,-1.6894492221827422,-0.04373326475538586,0.4802708004061283
2011-05-10,0.17745249709463878,-0.4082975110051025,0.5496325255419201,0.05003339905220844
2011-05-11,0.20664312025196996,0.21482729012768342,-0.6936852349175726,0.14762335405781488
2011-05-12,-1.1312469928931252,-2.5904524920649883,-1.4626499463576401,-1.2015068055622025
2011-05-13,0.3182866975756701,0.40599805156672886,0.5447965596234152,0.27833634283745723
2011-05-16,-0.4843626207541286,-1.6850539668438929,-0.2435006120443898,-0.3445150722753387
2011-05-17,0.04494289725607664,0.3916093316466893,0.3144297503974275,-0.1700161422387731
2011-05-18,1.214863611499464,2.0881522871994065,0.4923807529788302,1.274896571657426
2011-05-19,0.6513096555109876,0.449558527173613,-0.24533307927028858,0.45646455215100035
2011-05-20,0.49784704567114035,0.6624226618465303,-0.04073111740283825,0.35981220185773993
2011-05-23,0.18557331115188597,-1.3976406591934425,-0.16486643293912598,0.37912115834261184
2011-05-24,-1.3442540839721797,-2.3801965575195982,-1.7724689129218334,-1.5577278415502425
2011-05-25,0.14532098056460918,0.6829256294494422,0.3373212547691312,0.2279274895858071
2011-05-26,-0.15411937386735755,-0.133265435296234,-0.11204418767751677,-0.050662124054928856
2011-05-27,-0.1436963912466104,0.2657263364927686,0.8390969775113218,-0.03006112403154907
2011-05-30,-1.1285264844117409,0.18336471105855068,-0.2499638912424184,-0.9206722614725826
2011-05-31,-0.7343861827134661,0.1916077417005763,-0.17406681148604958,-0.42473300789443846
2011-06-01,0.6760704630354566,1.9218897351238042,0.3707878746409928,0.8175612316263923
2011-06-02,0.2942866691657967,-0.10681314569986655,0.6764170988993732,0.3369812285451814
2011-06-03,0.3032421995202672,1.0679076177865579,0.2283913132219354,0.2307895694817363
2011-06-06,-0.7296498800717913,0.5724176451849404,0.08182756369519392,-0.5904328110399554
2011-06-07,0.4670755241941719,0.6000758212871256,1.06534202277748,0.6037701854455435
2011-06-08,0.5312223790729933,1.1323898219642858,0.4966555807080644,0.3904910791419236
2011-06-09,0.08351192539665486,-0.4687805672506836,0.2533142009986469,0.06087942504518007
2011-06-10,0.05142517599768485,-0.7369662272715353,-0.4244386530370451,0.017588760910780203
2011-06-13,0.0316667196191694,-1.4963275355282268,-0.18791890297317715,0.06668983427945155
2011-06-14,-0.9953889055312424,-0.8894017019543471,-0.8661952070577582,-1.1438853064283527
2011-06-15,-0.66223321660551,-0.09380869330865602,-0.7587289770194803,-0.46454967833368643
2011-06-16,-0.07309618114065886,-1.5666345029534838,-0.31120992948135523,0.04401633840292901
2011-06-17,1.5345076742003678,1.2174902312997413,1.8626994245733206,1.5755920039748892
2011-06-20,0.5815063464901755,0.6155332092555768,0.8118153541193287,0.6769596545038423
2011-06-21,0.3580813886159762,0.47144924809734357,0.04324189474271503,0.11998864211738602
2011-06-22,0.02613670523168138,0.34273099330939955,-0.16535573528945136,0.056152410774469766
2011-06-23,-0.008227499964248552,-0.38791007841214353,-0.27502299557944576,0.05409709333838392
2011-06-24,-1.1746130909699513,-1.5991942026010941,-1.321861198305766,-1.2036125820591375
2011-06-27,0.27582063791166744,-0.18751498800482042,0.5828880680376701,0.3940460524064816
2011-06-28,0.31593756544564305,1.1095974164038598,-0.16486498477722397,0.08797156418757929
2011-06-29,0.14587515624450412,0.5799281640902993,-0.38156532089019984,0.19210302679755664
2011-06-30,-1.3321137372212102,-0.4041410371580053,-1.0775294741171646,-1.2249208179260596
2011-07-01,0.6746504512822137,1.4950248665843098,1.3122869902542935,0.8226160183204047
2011-07-04,-0.7048986720199412,-0.363561945721563,-1.0785796762286204,-0.5470723412011486
2011-07-05,0.6619444085203969,1.074187847915242,0.9585684395866881,0.8673723552381198
2011-07-06,0.3589400893903908,-0.5799186835566233,-0.18141038241043378,0.1881216023738993
2011-07-07,0.17233165197762718,-0.8988875546769217,0.060540043065129036,0.03790586179941759
2011-07-08,0.1304704404518833,-0.023019030220751302,-0.31784390780920235,0.07584645216207724
2011-07-11,0.055989766538849975,-1.1697814293268485,0.5981251812808458,0.15301000736704876
2011-07-12,0.08317486121204595,-1.4540866833954003,0.6731661619279784,-0.035425756600849276
2011-07-13,0.07555740129255716,-0.9348131322224497,1.4416531427620218,0.08091702457003833
2011-07-14,0.02218713635329298,1.5687123388736852,0.9055555463820663,-0.4836483988443853
2011-07-15,0.03800223213960912,-0.03464624916790887,-0.03644796696469749,0.7040412009398351
2011-07-18,-9.386768062074266e-4,-0.2768098063338936,0.049523381802352016,0.38198140294554206
2011-07-19,-0.02492372986972998,-0.18867945164031097,0.06997688097483505,-0.3839646598816862
2011-07-20,-0.06405680184028395,0.32450948111843475,-0.12408107480484036,-0.17351605829901098
2011-07-21,-0.015087483586332811,0.8069520313282822,0.45886603056135733,0.1889245603427288
2011-07-22,-0.009290607240872266,1.2943420265177585,0.3519561880555079,0.02807549685728876
2011-07-25,-0.030078561898268134,0.1554660113780325,0.3397866189997983,0.2220919150089324
2011-07-26,0.005835719427014538,-0.04566199439210512,0.22707471356107484,0.02996010659968394
2011-07-27,0.07663066391770468,1.004754000629809,0.6344673305959218,0.1902084715268911
2011-07-28,0.022848032616045892,-0.6505157264851084,0.14298432581452203,-0.004992276348493141
2011-07-29,0.01406941694734376,-0.4860338494044429,0.2993019841509945,-0.004255377753423957
2011-08-01,-1.0042385575243828,-0.9416840904158602,-0.2569312643143433,-0.7930200953847136
2011-08-02,-1.0323696860657865,-1.4140030469102054,-0.8094364922523787,-0.7960030019795035
2011-08-03,-0.4630162779661191,-0.8870885904057717,0.0945411526632248,-0.31518903160940537
2011-08-04,0.5983674035754756,1.8695903515532755,1.200248715327254,0.7467038599749372
2011-08-05,-0.4263200161765074,-2.230796169723867,-3.224721513456593,-0.4021046632698349
2011-08-08,-0.1345361081337552,1.0416268217694247,0.4884051022798679,-0.1352806743761552
2011-08-09,0.9205652245357219,0.45758188347061235,2.006601452105147,1.014015793460463
2011-08-10,0.5668678870023276,1.6285743082588873,1.2860733263565813,0.61710699010272
2011-08-11,0.46101939818582405,-1.1993106164225855,0.8711308542724808,0.6541136442942186
2011-08-12,0.2838876433209669,0.34778846301741384,0.12643692245067306,0.7536502611013585
2011-08-15,-0.9307111273353584,-0.663491327300113,-1.0160307162821496,-0.6825276278305247
2011-08-16,0.1668843907603158,1.6797479891402065,0.41314181822312196,0.38536173033379373
2011-08-17,0.3514662343383327,0.48648902737155564,0.48300831874872924,0.5628483939744566
2011-08-18,0.25051404288664425,0.40017666454761025,0.4471566892729759,0.2735889512784984
2011-08-19,1.4170090333828804,0.6571414588545279,1.2776321365322247,1.259212341813849
2011-08-22,0.7763691562311006,0.41900890274457003,0.08785003172242417,0.6731326967245116
2011-08-23,0.5021331856336965,0.09568924478573779,-0.009815975765603634,0.10762230908629394
2011-08-24,0.3813461913534964,0.6300693376939781,0.2933472263296615,0.20868979434589843
2011-08-25,0.18673779901742427,-0.02563142559414039,-0.4725736278760123,0.17465729560567855
2011-08-26,-0.02941450236994482,-0.42576095830042826,-0.7788589333787355,-0.08094462163679587
2011-08-29,0.17437990733759487,0.9071397405890242,0.9390700762196816,0.36476665800549857
2011-08-30,0.08333873109824189,0.45712349462648094,-0.07278779292336157,0.3339631364238981
2011-08-31,0.07535987723221875,-0.46495142798434747,0.3045096701110944,-0.019142005672183604
2011-09-01,0.04640528800436452,-0.5494312586446308,0.05234952986744043,0.02567347554407634
2011-09-02,0.05261113357701355,-0.9313028989510733,-0.1297428540108688,-0.009064839331118986
2011-09-05,-1.176515197052112,-2.2304745442241893,-1.3019567085643424,-1.0648395469281657
2011-09-06,0.5084646236275223,-0.12447107520144196,0.8474527379487056,0.5579490352805104
2011-09-07,0.2890737822686656,-0.488978972822895,-0.6998542104031273,0.08601451167329938
2011-09-08,0.15397098209554994,0.4123661461233437,0.17798698819561892,-0.008667129367801563
2011-09-09,0.11884819760923512,-1.1462115480872506,-0.1906926378532965,0.20724559464018047
2011-09-12,0.049149058653575786,-2.5828860562060507,-0.02241385048640382,0.1260300569257649
2011-09-13,-1.2665690743617752,-1.6563997536959505,-0.9374696110725991,-1.6103111543886295
2011-09-14,0.5169032239632797,0.9752199942863521,1.3411094903643563,0.4778362068273113
2011-09-15,0.34233549388021683,0.7620264012659206,0.7531258967930547,0.32236840658660365
2011-09-16,0.18676860806995566,1.1013042434615108,0.12464421646520826,0.27602202013172805
2011-09-19,-1.1574761084050975,-2.1490161191451262,-1.4646840972918185,-1.0287567717435464
2011-09-20,0.5116430054445773,-0.1394720755286757,1.1998351034562347,0.6897472391947418
2011-09-21,0.36314925473276993,0.6521197121502471,0.5771345869941594,0.36747526166106403
2011-09-22,-1.1462966633409362,-1.960123009196894,-1.297081524116452,-1.1251110284824002
2011-09-23,-0.35069831438916055,-1.0255242415480346,0.2747059132778689,-0.24585560804825862
2011-09-26,0.8708821019919825,1.260087586180788,0.8619798377030092,0.9597159945484706
2011-09-27,0.5122498691451995,0.15037329772554653,0.49808112663868576,0.1696255323789932
2011-09-28,0.31543446699934535,0.52058915394138106,-0.46894130608082785,0.15454395098744092
2011-09-29,-1.106836158604744,-1.4701954730334914,-1.0903922405456903,-1.154682159234417
2011-09-30,0.6435289293649911,1.2274712496768712,0.7087201668159229,0.7846936458712785
2011-10-03,0.3482199839449183,-1.3391644454239469,-0.39032747178222227,0.45598887071481203
2011-10-04,-2.410445994478496,-4.286881004509706,-1.9627160265010175,-2.573127987843669
2011-10-05,1.1645932563835908,2.346743664926411,1.848670757710414,1.7230624792803264
2011-10-06,0.7411600845379882,0.8203646584629707,0.5427360248633152,0.958880993191547
2011-10-07,0.4323693305674886,0.8939054478297124,0.2982991792792645,0.43339522635208494
2011-10-10,-0.9131959246686427,-1.2244768662746588,-1.2371157959765569,-0.8814735351024002
2011-10-11,-0.8154946938322476,1.2164078528006228,-0.4760768283575491,-0.31420847391167095
2011-10-12,0.9304387512988088,1.8823872910910948,1.2825212619943887,0.837067694862991
2011-10-13,0.5489180341991169,1.621838243976529,-0.311194502930926,0.5322873220199736
2011-10-14,0.6499519440436002,0.40143347899822546,0.6092610934206532,0.23969742279344375
2011-10-17,0.4720766707105162,1.2351964434917915,-0.1890372874168969,0.37754381375612955
2011-10-18,0.26675302394805067,-0.6212477916701304,0.4251140279167387,0.1934551320364691
2011-10-19,0.35564944238452556,-0.02886924502847607,0.3875672671128869,0.09247390590510365
2011-10-20,-0.9251855670547381,-0.971544673151742,-1.05939138220239,-1.0626801525838894
2011-10-21,0.5744752306675179,0.9467865907400227,0.7524275027710549,0.6977809352085742
2011-10-24,0.3776494689408358,0.8128644090142241,1.095971618580501,0.389935217702302
2011-10-25,0.30420881274317074,0.8594359941172014,0.4985541847795988,0.21264183053431396
2011-10-26,-1.2024196651358134,-1.2529734316921155,-1.2119132158622359,-1.086058310833543
2011-10-27,0.7686347256708259,0.9244151904671141,1.051744492905498,1.1084973660409936
2011-10-28,0.5448339904122592,2.47399817639224,0.7168850117720005,0.5628378376572551
2011-10-31,-0.8680924988444034,-0.6806474417617177,-0.7407858206236271,-0.7062449586432782
2011-11-01,-0.5249082513316323,-2.2005170037094075,-3.5440231336186834,-0.3168076006126274
2011-11-02,-0.3763039922571614,-2.214080898146152,-1.099852567485028,-0.24229584595867457
2011-11-03,-0.34278690108206233,-0.5443308921942617,-0.223221462190832,-0.2551240063421831
2011-11-04,1.2422853996792398,2.3025024350311374,1.4973941340572838,1.430026398594821
2011-11-07,0.7173471277686078,0.36759248668353794,0.29712790621656826,0.8781980580691885
2011-11-08,0.4417297544239355,-0.09888354473550184,0.15582568878331116,0.16575190721155175
2011-11-09,-0.9744113187914278,-0.7954933459412051,-0.7265482332398494,-1.1092393020703548
2011-11-10,0.6225716682476881,-1.2146684399880356,0.9431506537250347,0.6838178985521993
2011-11-11,0.35953931032067016,0.21660121772468116,0.3918399455272271,0.2841350450054262
2011-11-14,-1.0111428526274386,0.12592151348266423,-0.47572429250251763,-0.8544001084921133
2011-11-15,-0.6998827182913097,-1.2266902718654342,-0.11825107224849121,-0.7411418315437505
2011-11-16,-0.45512481762508405,-1.2648335049291335,-0.03450232586603523,-0.28906245591721186
2011-11-17,-0.07276388187736701,-0.6726396035975368,0.19598140776139703,0.07118404376650495
2011-11-18,-0.06409033349656212,-0.1000841461073962,0.1724890865388081,-0.06586287178315742
2011-11-21,-0.16007260953565364,0.3815739827518812,0.08521820756652526,-0.2619492332399792
2011-11-22,-0.05030967975387649,-0.17186128377961168,-0.005869295635238567,-0.14898528278739487
2011-11-23,-0.11303605389402177,0.1431573983907682,-0.17477955019281866,-0.17233356711746145
2011-11-24,-0.01650271527777937,-1.167182981084873,-0.39024207895464214,0.02574799578025294
2011-11-25,-0.1163960965748931,-0.623252553988803,-0.08450309603300972,-0.1710062635918556
2011-11-28,0.424723852177206,0.1724983823721485,-0.17577195023984032,0.09398308124765949
2011-11-29,0.10758027288748526,-0.07418762062708945,-0.7376317139603948,-0.16885547945455665
2011-11-30,1.1008866835543942,1.0650687181512788,0.9713295791982768,1.1204017423912334
2011-12-01,-0.5012844429846052,0.04431348217900749,-0.40684248186659216,-0.7737716556783991
2011-12-02,0.8705089651525839,1.3637267453894826,0.843709574334498,0.8848853607696935
2011-12-05,0.5122147404363699,0.04008381312865117,-0.1975614608054014,0.731372150025728
2011-12-06,0.2915777738696863,-0.2527442352230037,0.2615050535769578,0.5699386663695172
2011-12-07,0.17954846888085743,0.11107184858928135,0.15713404454722696,0.40390603307478495
2011-12-08,0.08672204775846475,-0.0513070701774041,0.12177314033823822,-0.3400480925765119
2011-12-09,0.07724265687664161,-0.42796972615350987,0.05087928306489696,0.04370036125535692
2011-12-12,-0.6605383790181603,-0.6435844705053547,-0.6054605005537261,-0.6765218679211673
2011-12-13,0.03879380866828447,-1.2642850292606953,-0.1541717366176678,-0.09446738434118734
2011-12-14,0.3102849227477466,-1.2633157973980955,0.21253100371723785,0.29800401172573193
2011-12-15,0.21489738413569837,-0.604637180192201,-0.10162581138135912,0.03628821013956651
2011-12-16,0.10850065074464507,0.10990775380536527,0.28979232820442424,-0.035533543196622434
2011-12-19,0.11446588034728497,0.1375544577320348,0.17200257573031968,0.5711929753223497
2011-12-20,0.11811646655108907,-0.13396707708063682,-0.15815477868203476,0.9667829943475548
2011-12-21,-1.3178421873021724,-0.8173036883587899,-1.2192374029293453,-1.6093044205049067
2011-12-22,0.5314417836857234,0.7240484741842986,0.6869019441530816,0.7190557808994847
2011-12-23,0.3510705410509161,0.36953841841840235,0.11197924761965831,0.5593649790623071
2011-12-26,0.39701494504715273,0.20985764064179613,0.3163961042127175,0.20000095348115116
2011-12-27,0.0874553089583277,-0.04931535765204066,7.217886572046528e-4,0.1504271376161844
2011-12-28,0.053853442292854305,0.14938300196801074,0.20546847290824785,0.19863574186255983
2011-12-29,0.03316200332871416,-1.0680202807711994,-0.0367103013077981,0.15525463709766912
2011-12-30,-0.003391779874998682,-0.13026019079973222,0.33420475946101114,0.1871429155043374
2012-01-02,-1.281975686073722,-1.2889233072692643,-0.35470234497301184,-0.7972146713017331
2012-01-03,-0.7990673474687615,-0.554373916902868,0.0022452020093870345,-0.42627141662225104
2012-01-04,-0.530657942153187,0.6757829071232025,0.23280053597877726,-0.4765432960509871
2012-01-05,1.0251851739021616,0.6012299861581153,1.4365271121319474,1.1092845260861495
2012-01-06,0.6312910132023798,0.18522865854620493,0.42533348515459635,0.601848384689035
2012-01-09,0.41254460124013836,-1.8795866718565633,-0.11064750100202392,0.2963572544369583
2012-01-10,0.2302310254790009,0.14807699993832035,0.00846845521180633,-0.0786828429817146
2012-01-11,0.16557890913875356,-0.11947538220778589,0.03932836339858694,-0.0030351270078738044
2012-01-12,0.12576160587466806,-0.232102354905857,0.025031987685984913,-0.041199947677947116
2012-01-13,0.05364076317216329,0.6608101455336729,0.08645347906874727,-0.07465022433057135
2012-01-16,-1.434480430305317,-2.6264078633619388,-1.6123937466377667,-1.1623591873833394
2012-01-17,0.5841836305413016,0.816580311543681,1.1072001648142633,0.6765781362594406
2012-01-18,0.3835310366397039,0.8967206886078012,0.35162588734558103,0.21818256091247984
2012-01-19,-2.255343371826035,-1.2778614515857862,-2.3183859613331825,-2.278111304899187
2012-01-20,1.0789132080073898,2.8399126185272383,1.3743728285003403,1.2919413973373226
2012-01-23,0.7119721759465851,0.3021299485118586,0.6103342295703298,0.4730467115237882
2012-01-24,0.41462459353571923,1.1666214248213906,0.10495243713518673,0.40060027684631105
2012-01-25,0.20771082462389812,0.41998764097429053,-0.9047794967841002,0.04311942317146239
2012-01-26,0.1517113652283929,0.6604823829116026,-0.350866731522547,0.1817445286585291
2012-01-27,0.1172222160467036,0.11592887051124172,0.3193195323246652,-0.20177040525908657
2012-01-30,-1.738494524835568,-0.8991594918262689,-0.7718521687780331,-1.7621430485254956
2012-01-31,0.7877285889590209,1.062204744307526,2.1157148471025073,1.0667879961802726
2012-02-01,0.4374843621322033,-0.1974744588915669,0.696782890423385,0.610433909836766
2012-02-02,0.26939518173035215,0.6478241366195856,0.31255640849153027,0.35973176201610096
2012-02-03,-0.16784212296738252,-0.38406530791083004,-0.22937086611613294,-0.09732716431291707
2012-02-06,-0.27063829300586706,-0.36177871112107973,-0.7210225342250662,-0.22642771292396233
2012-02-07,-0.2863144839701557,-0.2731088600902883,-0.33183820323462343,-0.3518987489706446
2012-02-08,-1.1823085471931332,-0.12765088575734793,-1.4172806146840349,-1.1493780161403349
2012-02-09,0.42153133719880187,1.1102491113398407,0.3789540426280391,0.6862028092744268
2012-02-10,0.18780983527286632,0.4957723151511121,-0.6991047715191812,0.348180370250568
2012-02-13,-0.21992078875796528,-0.49703998604282157,-0.6301105102275554,-0.11330051270269845
2012-02-14,-0.18345409736540894,-0.7989995043174427,0.010226296163207194,-0.13810126685549826
2012-02-15,-0.1850572030514402,-0.5022874968839757,-1.159722846785931,-0.18037056133282706
2012-02-16,-1.4351443706158844,-2.0534646520602506,-1.817591132334958,-1.4333381690258846
2012-02-17,0.4614882881834046,1.2375948783831068,0.36970139131709445,0.5199408881503509
2012-02-20,-0.8226230604285003,0.03610737118086543,-2.212902085400748,-0.7707316674793006
2012-02-21,0.5762070415986745,0.9247162156112801,0.6810540319230808,0.6376100445084266
2012-02-22,0.3788537425584702,0.5998527972408709,-0.08043655147950893,0.41125217434266464
2012-02-23,0.1611674200891916,0.2067556700268637,-0.6580512895296476,0.16530132022110575
2012-02-24,-1.1154143397506924,-0.2655353223309751,-0.9725718986492979,-1.1662645271897178
2012-02-27,0.5758943405563672,1.8774451857571903,-0.9348047745503917,0.6506234040465855
2012-02-28,0.3546256139888748,0.12827901023670452,0.9669483680316041,0.2799844198586999
2012-02-29,0.24240779356938552,0.5945239699535132,0.2904433143837853,0.22990765275279923
2012-03-01,0.12523488637546998,-1.013304548280265,-0.9222431917329753,0.16581672752475138
2012-03-02,0.12518281194472056,-0.25079216653409886,-0.03287575811046642,0.060212556192751114
2012-03-05,0.06747414967908123,-1.1167253172086637,-0.6423954733211129,0.035760365163904004
2012-03-06,0.02713082441850917,-0.05868715952012654,-0.07099703843552405,-0.14256791085004716
2012-03-07,-0.07947028815804583,-0.8915499083072727,0.9409011213811914,-0.2796915959124163
2012-03-08,0.0472405662153961,-0.052427771413045055,-0.462281307295748,0.010965240217153366
2012-03-09,0.005054337693483818,0.9820443433195815,-0.45799750835927616,-0.11787443512079973
2012-03-12,0.05117774215241245,-0.7845569607332356,-1.0548976488439497,0.07122843352751393
2012-03-13,0.07955663233368981,0.13499933270739223,-0.25215338802723936,-0.13806688600818312
2012-03-14,-0.02308249915089742,-0.699822643955741,-0.8689566516889823,-0.17069492248296814
2012-03-15,-0.014213797318925877,-0.6593500906189459,-1.3124470408991744,-0.17160466704788013
2012-03-16,-0.008752606591806144,0.22754257084415738,0.027344382430383674,-0.05361248152148034
2012-03-19,0.018640095745335337,0.8437280675880676,0.08244270637336464,0.09452983987385342
2012-03-20,-0.012551553690039711,0.6306758306231921,0.09628503173881998,0.09528210340839391
2012-03-21,-0.0077290261778653405,0.2578170180670515,-0.30677952030416256,0.0184662832850569
2012-03-22,-0.0047593984882949355,-0.06343415358274054,0.4449678827741944,0.02426317506338315
2012-03-23,0.07874700781955314,-0.043560049323234255,1.049817484986892,0.4070482643615241
2012-03-26,0.038885336919840856,0.567661307871509,0.20553524732193995,0.14142077106852458
2012-03-27,-0.02409737103435559,0.7049888197915235,-0.4679365750636816,0.004894578888892456
2012-03-28,-0.014838737589121454,-0.0176614115212958,-0.21202367676888606,0.04865606540503697
2012-03-29,-0.1534029072734901,-0.16836515048601025,0.05338189115847859,-0.09406415543755961
2012-03-30,-0.07040411100213714,-0.12105797345127843,0.7170093854909311,-0.09677950704205271
2012-04-02,-0.06741231760582005,0.27204820830903576,-0.5347763304050633,0.09326041612278174
2012-04-03,-0.017452617107089632,-0.07896580124911151,1.4836636321341297,0.06989340842188661
2012-04-04,-0.01074701489744649,-0.8383386975043684,-1.1303729292085307,0.04427595100129551
2012-04-05,0.065523577364304475,-0.8018569028036808,0.20941054690939553,0.08028085312761818
2012-04-06,0.06438384017478238,-0.8258117290813518,0.2924693265049228,-0.1624427166357836
2012-04-09,0.015610864517056254,-0.17126471090665507,1.2117106449291626,-0.045594258649698086
2012-04-10,0.009612896019971152,0.1934256295177395,-0.025339358224108377,-0.02791300185396995
2012-04-11,0.053984822256503945,-0.18037718745963222,1.2097457976859276,-0.011466162548911172
2012-04-12,-0.014822465025657705,0.24997513082672432,-0.07825123488199981,-0.009899218405155147
2012-04-13,0.03893795635836995,0.6512597574978697,0.12123317624521654,0.05697030910942236
2012-04-16,-0.02408806060796358,-0.8578668670634587,0.022433536712353874,0.08756300396783002
2012-04-17,-0.014833004392173253,0.2724630312666842,0.6527184309320534,-0.16024151662734826
2012-04-18,0.014901669337840543,0.1736316300279491,-0.6238848071863577,0.12738294963847185
2012-04-19,0.009176186092201501,-0.06465691187746826,-0.48036895399151097,0.05642077482935959
2012-04-20,0.029680331194607217,0.2011031937404029,-0.49755104155132623,0.024489165013173178
2012-04-23,-0.005753170724516237,0.48588186280398715,-0.16031487933201063,-0.08053075629163316
2012-04-24,-0.027578274187587307,-0.27495570887089293,0.5677875784989916,-0.04076551032273901
2012-04-25,0.031083153250556723,0.31116922548119885,-0.16542786714098318,0.0322849779341236
2012-04-26,-0.9902617503816095,-0.6492339969053518,-0.9477474707639505,-0.9315946702895381
2012-04-27,0.4236404512766918,0.5163333731874207,1.050925133805051,0.6280102239926868
2012-04-30,0.26087034472223,0.5423310911030697,1.188448502034378,0.19786162725273565
2012-05-01,0.13661534953309892,0.12982406964281074,0.8632028373679375,0.36608295483346137
2012-05-02,0.10814935546628451,0.06402059586849113,-0.081351648662922,0.2051467648964722
2012-05-03,0.018542651246164325,-0.7275883862020988,0.0388756666753615,0.00759940324209446
2012-05-04,0.03544803582757948,-0.13436783615090503,-0.07547617287471864,0.06630866249166052
2012-05-07,-0.026237092337999854,-1.512003262985466,0.4195004108128662,-0.050245010095486486
2012-05-08,-1.2789032287399134,-1.0270116181686082,-1.2662451534047015,-1.4107470661527124
2012-05-09,0.499256328678798,0.4622672167786507,0.9869670484326156,0.36908012589204486
2012-05-10,0.3074332731321937,-0.31139849389183105,0.480232927870743,0.17488163589524774
2012-05-11,0.21334180374164993,-0.08483605444114682,-0.03306033381423784,0.04603611706785847
2012-05-14,0.1073423363526557,-0.32143108470995524,-0.23518998658346837,0.06431765267747627
2012-05-15,0.09012932132603632,-0.602500997319899,0.17956303287848813,-0.11524044556788277
2012-05-16,0.055500052115059526,-0.9398589174944932,-0.5399353057729019,-0.016635939146698565
2012-05-17,-1.271767633793836,-1.6336953943009078,-1.4969307115343453,-1.3086376428963742
2012-05-18,0.47474606219040205,0.5002648161888534,1.9939592102685004,0.5067235114253485
2012-05-21,0.34040565160590025,0.7880377011218702,0.9386125539731458,0.20282604447536606
2012-05-22,-0.5331648122493943,-0.205793433250754,-0.7675654502542544,-0.5600197112805487
2012-05-23,-0.3186315733824252,-1.200083814625592,-0.9628078173595803,-0.21505908711880894
2012-05-24,-0.45794991128016943,-1.4513010516968143,0.18582562265102687,-0.5650013621517337
2012-05-25,-0.11711700821008436,-0.48300888206006976,-0.08184151266142428,-0.29634979860096233
2012-05-28,-0.18847660330137594,-0.0015621849404575394,-0.052668723464092966,-0.28660484834239974
2012-05-29,-0.1451712492390433,-0.38090896664523827,-0.00826252872113152,-0.1546454347827628
2012-05-30,0.1335716287250167,-0.26943740119001064,0.2972155042594609,0.09963780261723555
2012-05-31,-0.1552729842988757,-1.1530934668171597,0.5041783396440345,-0.328437481816775
2012-06-01,-1.281948985498731,-1.640537013815965,-0.4605792468973127,-1.6459922266603901
2012-06-04,-0.10419928832504177,0.5017284182923546,1.0953529906345516,-0.22511145938208377
2012-06-05,0.4078447661486591,1.4860321980465763,0.46269414733870645,0.437827917953815
2012-06-06,0.06649830027135553,-0.10140890062435448,-0.5174451950357826,-5.074493576512629e-4
2012-06-07,0.9077610111393334,1.7243527630791207,0.03006653159134562,0.9230847006592519
2012-06-08,1.5186835415185524,1.465797792277132,0.4401591451123634,1.383558070306984
2012-06-11,0.3700700961213754,0.4790537153688717,-0.2715127414316786,0.10550617935481643
2012-06-12,-0.9168638215915504,-2.328667624470692,-0.9066335936451823,-1.0702431656346698
2012-06-13,-0.5694466523612742,-0.5099328172631636,-0.5503187140314163,-0.5525664695365946
2012-06-14,-0.5549056644948318,0.19038053823307907,-0.17210028998853755,-0.21323631339001897
2012-06-15,1.4338931135619966,2.26268128827808,1.661669123912978,1.3235771897812445
2012-06-18,0.9546764731987032,1.3767780994426655,1.0306531088542434,0.8965741296022218
2012-06-19,-1.3617134372426616,-2.3730513675116662,-1.5786223668042831,-1.3185471270279794
2012-06-20,-0.4639960390288073,0.30066081271389766,-0.13590692167306784,-0.29523474101147423
2012-06-21,0.733439566263483,1.111788618220874,0.49045117692029805,0.9345471684193509
2012-06-22,0.9358319962261054,-0.1951797370262362,-0.12196963632953589,0.7552854525364143
2012-06-25,0.480575109500035,-0.2687276883821358,-0.8043727749246304,0.3250888374289772
2012-06-26,-1.0728982978890083,-1.7145689355578202,-0.4709740973984651,-1.1798760871001441
2012-06-27,0.7081560881299033,0.7031408492877195,1.4682115152234654,0.7396807482232276
2012-06-28,0.24440734137388523,-0.0873548487009401,-0.03970726582442946,0.289838330217142
2012-06-29,-1.7914949251771781,-2.2305110306908795,-1.485829637855939,-1.7815931370867206
2012-07-02,-0.17347518313048105,1.950221181271365,-0.17123265590982129,0.014999785525583231
2012-07-03,0.761489288274977,0.8874386833944305,1.3186146549523041,0.9614739485362351
2012-07-04,-0.4527093164979154,-0.4593167244708639,-1.0334531759430756,-0.4629562166465142
2012-07-05,0.3927783300196349,-0.1808943583603887,0.2403794825317126,0.5006863516839988
2012-07-06,-0.023315811997808272,-1.3221929367212648,-0.09388169906602356,-0.12577710817463883
2012-07-09,-0.8920452448026716,-2.2592081894261398,-0.4259951575169775,-1.084285404218628
2012-07-10,0.03344644723390455,0.26786361126231173,0.3560131808437364,-0.10760864649987245
2012-07-11,-0.0908356862436016,-0.5326929878768215,0.25576566106250764,-0.0818751761224692
2012-07-12,-0.5759721563028055,-0.7588765154780683,-0.7714381785966956,-0.6571062801325218
2012-07-13,1.1350038517283394,0.8098495734455649,1.6388192019776266,1.059427736082928
2012-07-16,-1.4458608544844762,-1.435774207494826,-1.482869506044502,-1.8268555029974012
2012-07-17,1.2064213666680432,1.8137846361512455,2.10076713486444,1.3232632588204245
2012-07-18,-1.0746778614088761,-1.0377011207067257,-1.545120761709495,-1.0133694261132562
2012-07-19,1.179815683259181,1.3744471991556182,1.7602931320480155,1.3529866217586588
2012-07-20,-0.13190600167113065,-0.4398853063930738,-0.2623107889838395,-0.18241539408407104
2012-07-23,0.6811058055395468,-0.6006761763343248,1.0536468417125588,0.6508066776406525
2012-07-24,-0.5756681655870065,-1.2043927360431075,-0.5057725959215345,-0.833203160576133
2012-07-25,0.6646246083435008,0.1329030559337539,1.130192478620646,0.5435642302483418
2012-07-26,0.45730643164999885,0.7375968847825634,0.3878030768218574,0.3273030506976783
2012-07-27,0.2816012637809021,1.3750018732993399,-0.16773847286132426,0.24804147360586046
2012-07-30,-1.1319071151598017,-0.685019275113866,-1.5794357246141195,-1.119028705221167
2012-07-31,0.6563229239956552,0.7738296268809054,1.3952639653369903,0.7650001261780759
2012-08-01,-0.35726064507221944,-0.24064680290883014,-0.3726273500766391,-0.06695572993793641
2012-08-02,-0.15229329109645806,-0.43580691724934484,-0.3748893224005024,-0.0785964407541081
2012-08-03,-1.6086279150815057,-2.1497491051676705,-1.4215100399858174,-1.538644555479635
2012-08-06,-0.5644799666550389,1.7815663959435004,-0.49215639276436685,-0.4699448029536393
2012-08-07,0.18854520245237028,0.7747809570005034,0.9133538453376167,0.2419404931886715
2012-08-08,-0.10288069563794203,-0.005064904790824082,-0.4714852588339389,0.02687445075157921
2012-08-09,1.35394492085793,1.3055512029393235,1.5451954190468553,1.5151589365962281
2012-08-10,-0.7346963155810325,-1.8087961724630839,-1.3784211863030458,-0.7605175923995409
2012-08-13,-0.25744323793334767,-0.49988973091603345,0.24585023822760715,-0.17205980049625857
2012-08-14,0.5353958787375273,0.9483517609146962,0.6645308242001728,0.5502655051627648
2012-08-15,-0.43243374022874886,-0.48227084998974246,-1.1826308323392223,-0.4054057780867449
2012-08-16,-0.9066705382638824,-1.084360550929127,-1.2123311675730821,-0.9137922652273457
2012-08-17,0.3205572103874458,1.0993696505995407,0.19129870168586277,0.3202324766807723
2012-08-20,-0.24595818330710642,-0.30958078387881693,-0.714252492030755,-0.14701093057694387
2012-08-21,-0.15145672674366842,0.07248112556287477,0.015164510060364789,-0.09234446397448098
2012-08-22,-0.45524688240589317,0.653526919928931,-0.2464955218387085,-0.36489427123460605
2012-08-23,0.4471914801213691,1.3915647702516007,1.5456495050223173,0.5987922407245503
2012-08-24,0.28996657848137025,0.6566231660150809,0.39460239719390416,0.2938247724265894
2012-08-27,0.3438054493803857,-0.08614066662832415,0.11682081864571679,0.3246653630837251
2012-08-28,-0.13855370152341742,-0.39930288728929814,-0.34107000255211,-0.2087220863717095
2012-08-29,0.25523113929572555,0.7816816113742363,0.46839795532364364,0.2587708154486913
2012-08-30,0.19115815834022507,-0.05152571599785316,-0.018055788121694366,0.22317993303700775
2012-08-31,-0.1934967804581043,-0.48985728625535774,-0.07489801396566667,-0.16335508420823108
2012-09-03,-0.31903010648097346,0.17605026402278912,0.08402658836433438,-0.2633039708008773
2012-09-04,0.1834606259429528,0.5096466634649731,0.3422296398527372,0.33949030893398724
2012-09-05,-0.4672204323426874,-0.8376809465323897,-0.6459511668635787,-0.4795342806196309
2012-09-06,-0.014255108688606688,0.5558221126694607,0.14593767929022386,-0.016647537419069408
2012-09-07,-0.8707256905619536,-0.4509767770955902,-1.4162873384322452,-0.7748648078910214
2012-09-10,0.7636843521505199,2.4450341461094807,1.7347073241505158,0.8857620024432185
2012-09-11,-0.25577218986645545,-0.24112150281645928,-0.2213594694823714,-0.16501815578237544
2012-09-12,0.4227771177109656,1.2103568692564908,1.125085570327155,0.5317739189108084
2012-09-13,-0.4080053546942694,0.10375244482694074,-0.4380669615560646,-0.2582087918640165
2012-09-14,0.15419974002465614,1.1366186810256158,0.509853210843161,0.2242714728401401
2012-09-17,0.31408629903152196,1.5092629523512955,-0.5082221341012031,0.5733090652697233
2012-09-18,0.27120713491530735,0.49425010308337625,-0.5057788991296571,0.5124378087594996
2012-09-19,-0.207956286272746,-0.7105049333359647,-0.6479335647900878,-0.272765876427186
2012-09-20,0.12045203689732087,0.12097305054783775,0.5313116742396202,0.23671977380371972
2012-09-21,0.29778811041785797,-0.3899010605419718,0.6325383691136667,0.46304558955308345
2012-09-24,-0.17172923260812,-0.5141360775743029,-0.014252781475160209,-0.14353069717832856
2012-09-25,0.03547104493837193,-0.2244564387611722,0.4140259411804591,0.00151306847262353
2012-09-26,0.016976147644097748,-0.395751000366335,0.2925386621255412,0.05144256090556593
2012-09-27,-0.2575581446449609,-0.5330239476448008,-0.1427935687549577,-0.17505657426782506
2012-09-28,0.7400534403352341,0.979494230404838,0.9696941645835876,0.7941493188310395
2012-10-01,1.2312643340096423,0.2670666964126897,0.6139888889494152,1.4860727778794014
2012-10-02,-0.5166959446910738,-0.5758716798618695,-1.1982234122370392,-0.46860997219023415
2012-10-03,-0.2987340471144765,0.06136322316576959,-0.5580435946480177,-0.8597627209560774
2012-10-04,-0.7198882494492169,-0.46534881625238067,-0.956546067405176,-0.9755187497440458
2012-10-05,1.3480871887003265,2.374349357635757,1.4202082210211544,1.2684365509506281
2012-10-08,-0.5517363690823257,-0.6633822863729955,-1.23874456783575,-0.7252953444475592
2012-10-09,0.07294250272171054,-0.09060873246987866,0.575897431421396,0.6059636465195857
2012-10-10,-0.44078048910827794,-1.430745579101135,-0.22956088167201136,-0.17919355365580675
2012-10-11,-0.329867387642164,-0.4992307104323314,0.057862394444412865,-0.3224964423281453
2012-10-12,-0.013313132934019062,0.616321585159092,-0.21101229200570637,0.3519654837799632
2012-10-15,-0.013060505753247062,0.26264090387757627,-0.15148851625618698,0.37424370759886727
2012-10-16,-0.7058274848180469,-0.42253212363303855,-1.1508868520565279,-0.5537725837856746
2012-10-17,0.20478029480819743,1.5783533849148155,0.2529811473351502,0.43470896048063606
2012-10-18,0.39334352998472755,0.8190749259265877,0.04446120549542412,0.6516857312084984
2012-10-19,1.1984197057131065,0.8471732697248746,0.6561737130392167,1.3561537907852736
2012-10-22,-0.4806179511620273,-1.315033916836955,-0.9599803785954761,-0.5163812405721937
2012-10-23,0.8937856626257508,1.1498961849608071,-0.015075156675176393,0.8935879332382775
2012-10-24,0.5984428732366509,-0.3399074522085505,0.2563522845522539,0.5856645186314688
2012-10-25,-0.4808333685966221,-1.0189105973531085,-0.7959873899862988,-0.475584695207184
2012-10-26,-1.1331580602273539,-1.3582002865499705,-1.5687775689578196,-1.0726900975476297
2012-10-29,-0.37087750088397126,-0.2014520800853442,0.5941885903755756,-0.5109169313815033
2012-10-30,-0.3404792861981009,-0.296869292838317,-0.07919123388951163,-0.09504758493969537
2012-10-31,0.35928199663699734,0.897886656640124,0.6458443572255955,0.5510123679844326
2012-11-01,-0.0020615242532769917,0.07276173316517082,-0.25270854738707504,0.14616633945253563
2012-11-02,0.17353030277008016,0.06765396583775057,-0.3497999717400544,0.2124329676786818
2012-11-05,-0.3209720270791819,-1.3413632113055458,-0.8798301920338563,-0.3878661702481203
2012-11-06,-0.1732913641895261,-0.5875231694088225,0.1871035820693292,-0.12200453268371764
2012-11-07,1.19986579104525,1.1691005475729273,1.199933189971448,1.1634925686394488
2012-11-08,-0.582333129869234,-1.3368584136075796,-0.5665565182032168,-0.6611047350533726
2012-11-09,-0.3439766777106385,-0.512021562873393,0.46274426018963555,-0.7277116681586308
2012-11-12,-0.16798611372640004,-0.2820216693204295,0.20474511721588212,0.018234319529769172
2012-11-13,-0.01584312459607909,-0.11119475984106406,-0.025300629315125008,0.5066723095659458
2012-11-14,-0.06327999264123288,-0.08778127548016107,0.11250706702063601,-0.016317411351185196
2012-11-15,1.2617938779182247,1.4518226141955632,0.40709839411864296,1.3480667322170106
2012-11-16,-0.5821926821076294,-0.5036330023896582,-2.379257319786594,-0.7208256550473293
2012-11-19,-0.3195518353433844,-0.3116180943891596,-1.164751754181173,-0.40984752673016817
2012-11-20,-0.2259871217898287,-0.047356401172923376,-0.15795923310700136,-0.2371490814473035
2012-11-21,-0.3146146404859418,0.16173221140992308,-0.7188371793946366,-0.2047005808159102
2012-11-22,0.02553745261414883,0.6632775484276817,-0.9903543948787811,0.13067443975574225
2012-11-23,-0.5015506730556549,-0.23443204057024708,-0.549797189508784,-0.5442243478208546
2012-11-26,-0.03523474041200836,0.9042606166240377,-0.11596815675132387,0.07779271424935408
2012-11-27,1.527595735143099,1.9900869983492064,2.333596817310229,1.6830168745196108
2012-11-28,-0.8871301383791607,-1.5905962173763546,-1.3893671931386684,-0.8632596463305892
2012-11-29,0.039145491526752174,0.2118928542154196,0.08880854566740137,0.03513366662736722
2012-11-30,0.09704279586487319,0.29378361659483976,0.09801591915984631,0.02939298229095752
2012-12-03,1.0368376731785982,1.246782779001367,0.6355210115807869,1.070084145709656
2012-12-04,-0.5770743487067751,0.38411241449989597,-0.6348818775564837,-0.6670735348076795
2012-12-05,0.9323646367502127,0.9760015471696357,1.4864458930214297,0.9755739774419578
2012-12-06,0.10163878481260491,-0.3942491149758281,-0.7873164878853285,0.05520721676286805
2012-12-07,0.6072064068232128,-0.39688151577763675,0.3187814207212405,0.5295990714134237
2012-12-10,-1.2005471922506397,-2.1403953803331772,-1.6376499859606997,-1.22287177172148
2012-12-11,-0.5246625713998321,-0.19540311535738397,-0.01558616337946478,-0.3749316757574294
2012-12-12,-0.64028295150639,0.2000046054538343,-0.5280407256256647,-0.9281704606129576
2012-12-13,-0.14043057642099638,0.7262234215076248,-0.7351877272994263,-0.3873467054682088
2012-12-14,-0.5213323276364679,-0.11960324037925993,-1.2002464169872669,-0.5298221655365718
2012-12-17,0.17719090931658293,1.125348616418844,-0.4422880300573898,0.2331748877660782
2012-12-18,-0.17877126557988482,0.05092254796665763,-0.11537875342026829,-0.09890371895198588
2012-12-19,0.8140468868675128,1.4413281770032895,0.3455850249579536,0.9506157923252797
2012-12-20,1.2488977223303708,1.072669827651005,1.0101016106656304,1.311497284602999
2012-12-21,0.7450194718746955,0.47573132825491277,0.04497757275873482,0.6650728327426639
2012-12-24,-0.5266025152224869,-1.2601972311425536,-0.960215519972947,-0.6229273936652973
2012-12-25,-0.30971123454739785,-0.3855493987580803,-0.7778601566502586,-0.3442582519776154
2012-12-26,0.7800963378728153,0.8520299085782775,0.5520817019748254,0.8096896631290037
2012-12-27,-0.6555942617696782,-0.5301804790726334,-1.755310540944843,-0.7175102544269888
2012-12-28,-0.8519598760277458,-0.4262627440931438,-1.942579535250566,-0.904877782315979
2012-12-31,-0.3441032449279702,-0.12159221190977934,0.23968269841979095,-0.23026298299145453
2013-01-01,-0.30455080483855124,-0.32965620529143175,-0.9019407942084174,-0.1502022783061591
2013-01-02,0.49804657240096784,0.5576236994556458,0.5570082524956985,0.49180535901976274
2013-01-03,1.1174644487686687,0.8638582689447606,0.19927040808388824,1.1481690665887914
2013-01-04,-1.120989345548328,-2.6832890061681427,-2.2814835167561327,-1.1749281414530157
2013-01-07,-0.8519274633488062,-0.7220938872051889,-1.3577932961741395,-0.767012937559979
2013-01-08,0.45591761554846344,1.1980904615764705,1.6557318884066732,0.5756081476817675
2013-01-09,-0.09374067962345667,-0.331662265407168,0.5579743002793507,0.027750830308121588
2013-01-10,-1.332688419465453,-1.5875389902645136,-2.555496218323455,-1.2759797190358384
2013-01-11,-0.10760431204172438,1.8825298730029294,-1.298556404057294,0.030396161166381663
2013-01-14,1.8844051123157906,3.197844184360158,1.2562856191589318,2.1021965422413853
2013-01-15,0.21891612644170655,0.16272915238014551,-0.4990989558176087,0.10100537021306777
2013-01-16,1.028206758211409,0.42315159564586163,1.5424425060723137,1.0913420515484482
2013-01-17,-0.7123988750076288,-1.3481739001897868,-0.7535512702479643,-0.8515665419042263
2013-01-18,-0.04476122530521781,0.5918209582728134,-1.164035577680434,-0.04880138214019625
2013-01-21,-0.34841906613344403,-0.5322409849100354,-1.0655056112582382,-0.13966766881734588
2013-01-22,1.0579345972192575,1.0445987248065893,1.603350804964374,0.9504547504296377
2013-01-23,0.6514575325336633,0.3404573372700482,1.677240261525495,0.4851327464554839
2013-01-24,-1.1981026037672697,-1.5356367501188528,-1.1602482531583216,-1.3199766999509603
2013-01-25,-0.6205944571819874,0.10026035568101166,-2.4347950539134713,-0.5620054681832912
2013-01-28,-0.23100166413819215,0.9025646602442183,-1.2531659246666629,-0.15698975486080505
2013-01-29,-0.4545487804964098,-0.18090847949804245,0.10834119936529063,-0.4617661852624334
2013-01-30,-0.04070946067752862,0.520182890089903,-0.0928685085100843,-0.04829416451907717
2013-01-31,-0.06895883463106457,0.6832713967673388,-0.32550085094523434,0.031149678777215733
2013-02-01,0.1621948483293449,0.7290796703013308,-0.642560305010579,0.24889482346608624
2013-02-04,0.4060812583945121,0.8075073845754485,-1.03650318484454,0.23880567883658993
2013-02-05,-0.2900764543220699,-1.3003439446344367,-0.17972297661522402,-0.4105688299244033
2013-02-06,0.06990810108906181,0.36268266884380895,-1.3306389280029762,0.06751839686616837
2013-02-07,1.276526948128322,0.9210187019939798,0.9838806165325801,1.249233899597595
2013-02-08,-0.08304598503489502,-1.5851753431921978,-0.7894908703190615,-0.253913105036788
2013-02-11,-0.5518806933722942,-1.1469714953003578,0.44509442411516,-0.9588631596738043
2013-02-12,-0.2911126112994171,-0.04094223718433937,-1.5932550763941828,-0.14794636156711422
2013-02-13,0.25335500157006496,0.7812142746872306,0.9059743622456118,0.3571601720730253
2013-02-14,-0.4716513716844194,-0.44345854210254265,-0.30688431864507765,-0.43869597290314677
2013-02-15,-0.2660330736923899,-0.7955545202836145,0.254671422128108,-0.2104097573040209
2013-02-18,0.001954340280719502,-0.14607091895388574,-0.578415530524301,0.18326947678160233
2013-02-19,1.298351494382072,1.2761744465273113,1.202739112575885,1.1014040726801606
2013-02-20,0.3899122539155442,0.34728083073338784,-0.11538943238935684,0.17677078349089353
2013-02-21,-0.3798756858234192,-1.4330519521379734,-0.6029094709404786,-0.4792047011666658
2013-02-22,-0.3749199437929666,-1.1780166014355984,0.2265015901285152,-0.3737512679855176
2013-02-25,1.4624921405026,1.3423146710798388,0.6182875946531884,1.7586070868933612
2013-02-26,-0.5400993848712035,-2.023721809951051,0.6961831911457281,-0.6567459692926798
2013-02-27,-0.37627197003692947,-0.6606295097893414,0.47354315810451353,-0.32938724047780255
2013-02-28,0.5035957640843548,1.1806338896982864,0.6661925167864364,0.5935169883199694
2013-03-01,-0.3135821469650887,-0.9545396884952848,-0.7282469879694475,-0.24062199929266714
2013-03-04,-0.923241805740256,-1.3540972707014374,-2.0008640992568187,-0.8285417721625802
2013-03-05,0.35543525214043503,0.6539845971265044,0.5058927630202328,0.44066741913198787
2013-03-06,0.6680275582107225,0.7458424670568709,0.7189282997158744,0.693063507956005
2013-03-07,-0.8543265916933703,-1.573364817427549,-1.7343914847960322,-0.833395043706067
2013-03-08,0.9610269873405659,2.019870254671534,-0.08650210506419642,1.0236875612654217
2013-03-11,-0.5397018750268955,-1.453978517202808,-2.45696887944563,-1.4246394498788795
2013-03-12,-0.12345395911257517,0.10441006771651506,-0.9843859247400497,0.24752193497240937
2013-03-13,0.42739284100830777,0.5095267249086208,1.0423536638570854,0.7615444879817288
2013-03-14,-0.8096187839471143,-1.4615749999504737,-0.9726789548512368,-0.6467425385273287
2013-03-15,0.1096513721143409,0.5734595896081659,0.38062611501838906,0.24604103813046113
2013-03-18,0.12571449366399864,-0.6886415178858623,1.2953378195698477,-0.9857947583054756
2013-03-19,0.7490264423376531,0.8638154080471748,0.5778278662994357,1.3078060630279873
2013-03-20,-0.3510676981706689,-1.1746222952472056,-0.33343522359474737,-0.0946981520564758
2013-03-21,0.1279196338358003,0.5847743355837507,-0.7022490270274153,0.3716094554847731
2013-03-22,-0.41594370381640766,-0.5988699418793151,0.3923843383434725,-0.357501540013315
2013-03-25,1.1392518834868532,2.1300547721392236,1.5979974002429955,1.8586613350474885
2013-03-26,-0.4170917551120329,-1.742245625237605,0.27088877111982607,-0.7255789395467083
2013-03-27,-0.3344474002014743,-0.6015077363902485,-0.7100385057708648,-0.5002573261261359
2013-03-28,1.1771077664202165,0.5567941720933207,1.5104774149678843,1.0697890994078239
2013-03-29,-0.6533599553052121,-0.9097792271148367,-0.797291022152824,-0.7639858935034524
2013-04-01,1.023721543766535,1.066340506088776,1.0923613780091452,0.9552233879011809
2013-04-02,-0.6453526840295379,-0.6008639654020989,0.22340460734673492,-0.42714402771087323
2013-04-03,0.8544249945207388,0.8356679257482391,1.1228389580406195,0.970050829820096
2013-04-04,-1.8413788801602577,-1.8790257883402657,-1.5271461363590315,-1.8734696825955437
2013-04-05,-0.11028847288080112,1.0504822790018609,-3.1770318409997915,-0.026722202814596363
2013-04-08,-0.014584247268542454,0.8694525036852855,-3.258502195725219,0.6111745740666019
2013-04-09,-0.5191983075605768,0.04388879235598106,-2.0092701294359787,-0.7461293496189012
2013-04-10,1.433235090081492,2.156803385408256,1.4909831783712617,1.3223347218117092
2013-04-11,-0.5979473387570804,-1.00682843486946,-1.760047054500283,-0.6065930007457707
2013-04-12,-0.8845241937594495,-0.3724540906465153,-0.9922823115681583,-0.851887388770985
2013-04-15,0.26756706836046096,0.5795317301863613,1.7455668565931086,0.29033154127559374
2013-04-16,-0.5303423860052425,-0.857863831094681,1.4672032960811818,-0.33571459606830034
2013-04-17,0.8662237259375556,1.874194668623088,0.7939227130774018,1.0737217542982562
2013-04-18,0.3742195727464957,-0.6787908549236559,-0.352456821715197,0.583629740243377
2013-04-19,1.1482943004435946,0.8483034129871991,0.6361546232339699,0.6014132440711553
2013-04-22,-0.874342312550531,-1.3005155855116992,-3.0032160826631724,-0.9293992015815649
2013-04-23,0.9712582081819986,1.1547039137158224,1.2607918816517465,1.1169201921287772
2013-04-24,-0.6882780392171922,-1.4465253260369602,-1.4330841537618126,-0.6011066605606381
2013-04-25,-0.0221739683610086,0.13288669905897593,0.2355110361735977,0.059341527933741534
2013-04-26,-1.0623094493365843,-1.0857961850146531,-0.900442827974193,-0.8820760580996004
2013-04-29,-0.5468396408375485,0.043726029602679795,1.3621555585863399,-0.13930889299122978
2013-04-30,-0.9185718433222623,-0.16061275203387865,-0.20100253596575474,-0.7775216214290435
2013-05-01,0.3277239366165712,1.3954277063250073,1.443694211580674,0.4715157276605503
2013-05-02,1.2797626979831829,1.613263386232005,1.6463506279036753,1.3516241932758546
2013-05-03,0.030348030043808594,-1.1530822577930886,-1.1047864167173798,0.12011518759062156
2013-05-06,1.2129618260296273,1.2842321474072915,-0.30414897457610934,1.2919389700319486
2013-05-07,0.7708526086843109,0.013578305562997328,-0.31203842957138783,0.5073432436412179
2013-05-08,-1.0346213593461107,-1.452812932461705,-1.028296378193725,-1.02137392111808
2013-05-09,0.522219613501471,1.3545615552199743,0.7516505774159676,1.0612312476014092
2013-05-10,-0.5805720244386965,-1.4540549382363612,-2.570025237110946,-0.40469656671775933
2013-05-13,-0.318744481125965,-0.9408977908666576,-1.8648357048432174,-0.20364344106797713
2013-05-14,0.016643227471889455,0.09823143733406586,-0.08774583667357477,0.022552291174153055
2013-05-15,-0.4306115407171999,-0.8033673497233818,-0.9995149905898957,-0.366682938605424
2013-05-16,-0.2651630190878493,-0.6709400221877784,-0.3428961194992435,-0.24947960450605572
2013-05-17,0.3935250639055228,0.3565522307577653,0.5756390060612827,0.3709430199586019
2013-05-20,0.8872409423098072,0.38441021256130353,0.2627199002877425,0.9716780615550602
2013-05-21,-0.8400477945452779,-0.8370512180801567,-0.7863204768659553,-0.8200561364989603
2013-05-22,0.0453845869065741,0.5216011652701855,0.060068621522319565,0.1716061836724096
2013-05-23,-0.24814236477035792,-0.7130436409764346,-0.9722534293691355,-0.109495766125461
2013-05-24,0.268292305702569,0.8455910397997962,0.8784140197601846,0.3143185817846266
2013-05-27,0.16037958561721471,0.35395198870685707,1.5812681708650995,0.2049016329096989
2013-05-28,0.5902314431010904,0.5707716989055478,0.9161267237136679,0.7726825431727683
2013-05-29,-0.21500010238125078,-1.0819118407279282,-1.624824097983968,-0.1641388767980902
2013-05-30,0.6621215485681912,1.2479089115003363,1.8181626079053932,0.6204047563900439
2013-05-31,-0.3191330186138469,0.3970578980738865,-0.3706879395238305,-0.4588924508417118
2013-06-03,-0.65653232656232,-0.7022519463317339,0.04935306329268006,-0.7726870935130381
2013-06-04,0.08954709544109007,0.8640272045072656,1.2456543415001153,0.12523572159554508
2013-06-05,0.8201015976067709,1.0350821731306767,0.6217461956487602,0.8819218502341267
2013-06-06,-1.2549407089928626,-1.2892922938965126,-0.27264072131700756,-1.266746654219993
2013-06-07,0.5067507301036936,2.038561035469848,2.8546405080137918,0.4550313602529761
2013-06-10,0.7205553100303201,0.8737644268792808,0.32206041082449177,0.6553868686181921
2013-06-11,-0.44754473143225687,-0.6220581774014895,-1.4159257184322098,-0.5356662991867023
2013-06-12,-0.44025507613031184,-0.3563103632312792,2.2344336978292936,-0.45529357519104013
2013-06-13,-0.06773113497990363,0.9635517799472775,1.0451271710656398,4.3626660797937977e-4
2013-06-14,-0.09009161876630492,0.46079054980171086,0.715551094461919,-0.06284805960475984
2013-06-17,0.1137647609099936,0.1669288882112908,1.700859724867716,0.19394355750746306
2013-06-18,0.1473266325057272,0.236887605666959,0.11718256969732349,0.2773052513381068
2013-06-19,0.9559447760011228,1.1388547614380433,0.019775937914979905,0.9584496285894835
2013-06-20,-0.3876673367804968,-1.3605435808977806,-2.08756138543276,-0.43015128398890057
2013-06-21,0.6514163333733956,0.04654266047866307,-0.2967937163130454,0.6355061174724914
2013-06-24,-0.4213649484423157,-1.7972434250811882,-2.2214679014496044,-0.5626608865414602
2013-06-25,0.23195602542428184,0.14369801858650932,0.7441051487574173,-0.0047323188375901215
2013-06-26,-0.15558703276415228,-0.6552009845970475,-0.707716347143082,-0.30425332665576477
2013-06-27,-0.40962817490708775,-1.0244926095185236,-0.13850029649520895,-1.548922280704239
2013-06-28,1.2451944809555933,1.3550387029354873,0.7369189728915703,0.19896700535026823
2013-07-01,0.020853590108388276,-0.4964698906544742,-1.4415265588856128,1.015737469225787
2013-07-02,0.5966587912824832,0.841643580864543,-0.12133705132203276,1.2149091282036781
2013-07-03,1.3029969097539225,0.513771140788263,-0.1742613429151558,1.5898419569828655
2013-07-04,0.4092486806893874,0.010773968373806342,0.329626699494956,0.5054021535007107
2013-07-05,-0.01885950906501105,-1.063245203519916,-0.43703825394040025,0.0850649698166237
2013-07-08,-0.011613354240027787,-0.3275676318344628,-0.12940027523634787,0.04615246447040088
2013-07-09,0.192506496486681,-0.18610971044431962,-0.46530238229809745,0.09397650286256155
2013-07-10,-1.7751360815397346,-2.6462031139758557,-2.3314442078580053,-1.7724541004344168
2013-07-11,-0.10582766988242553,3.2982525632271207,2.9029668023260315,-0.049526815493472154
2013-07-12,-0.026836120701843137,0.36972427753827686,0.4028931103973583,-0.006493804362324624
2013-07-15,1.0081471638735817,0.8495427806340737,0.9855688445121513,0.9836020957663785
2013-07-16,0.6207993060574607,0.2525830471407718,-0.4604156750556047,0.5320245050781817
2013-07-17,0.3822773025722181,0.7828626033581703,0.6532067803003805,0.33109592672826504
2013-07-18,0.2353996446773814,-0.01886892881424354,-0.30956411377021364,0.17474119954463696
2013-07-19,0.6179927431666024,0.4187002230269291,-0.47984047167728244,0.4699374447713853
2013-07-22,0.4277300102432328,0.5518466074622622,0.03750775857443653,0.3576141524307729
2013-07-23,-0.2568300954655608,-0.1196421558574271,0.5574297889121999,-0.3751340902138462
2013-07-24,-0.15815145918486634,0.2127546906668167,-0.008983753424914032,-0.14642713214999933
2013-07-25,-0.09738688916874375,-0.1801008799181228,-0.9579126086377691,-0.05659413979097688
2013-07-26,-0.059969134846102834,0.5743749801443325,0.8950012464553988,-0.009484499564664763
2013-07-29,-0.03692793932413948,0.2765622137527491,1.5984530072508516,0.04385236077487356
2013-07-30,-0.022739576054029847,-0.09402002985276604,0.38858446727419244,0.0107227579139725
2013-07-31,-0.014002631302499768,-0.01968213313612665,0.14259702332028723,0.018887271122474163
2013-08-01,-0.00862257426998067,0.268896436990765,0.22909812645214553,0.05599658630501658
2013-08-02,-0.07645868997636424,-0.663062279048935,-1.612450338178894,-0.06691721752092894
2013-08-05,0.024067142695028985,0.3728433120847177,0.08275123387036692,0.051181442722635376
2013-08-06,0.014820123509005292,-0.04699922548980309,0.7376006939202944,0.10624255683828832
2013-08-07,0.009125971603913607,0.36673008500862886,1.1634780600048098,0.10671305929333028
2013-08-08,0.005619612931351836,0.35948861068073745,1.1057939923777975,0.0988122075957549
2013-08-09,0.0034604588825012236,0.4033479729843358,0.15152706845683953,0.017604251967531577
2013-08-12,0.0021308897647868788,-0.18034121856656674,0.7669187099899151,0.0013746803920037364
2013-08-13,0.001312164468312209,-0.40443786205151566,-0.9693545796640193,-0.005799641277562574
2013-08-14,8.08007819246936e-4,-0.33042752428351385,-1.2626913558877293,0.005029440477655097
2013-08-15,4.97557014940331e-4,-0.11241250629871244,-0.06774696699394012,0.03873324459161723
2013-08-16,3.063868655962534e-4,0.6401357661710753,0.798790053912174,0.13729478834335423
2013-08-19,1.8866764730702116e-4,0.010424339230449137,-0.3920806224762886,0.03353067278383428
2013-08-20,1.1617822151447279e-4,0.0392118450713293,-0.025948944126661252,-0.11112232025749263
2013-08-21,7.15405070605532e-5,0.6635551599327129,0.2683766168159468,-0.08810276128775224
2013-08-22,4.405338697531608e-5,-0.37901396992838976,-0.43304408955706997,-0.0281702927593614
2013-08-23,2.7127301493045105e-5,-0.02600110736772991,-1.2152238474849464,0.022341896946198692
2013-08-26,1.6704515516750166e-5,0.22731820786273813,-0.18368541743615885,0.013760320565855867
2013-08-27,1.0286347085458815e-5,0.015161932799619575,0.39950528316748724,0.004196362239330987
2013-08-28,6.334151760129107e-6,0.10104934216254756,1.5182640206443647,-0.005907913472971342
2013-08-29,3.9004593357601135e-6,-0.39650046579291054,-0.409579339886906,0.01806524674351394
2013-08-30,2.4018343112145662e-6,-0.8648117278048245,-0.6967262488513456,0.008170438879799001
2013-09-02,1.479007358348305e-6,-0.4779892291748272,-0.30086354545697147,0.02079834247551477
2013-09-03,9.107467387882677e-7,-0.28585005115823703,-1.2863346686301842,0.009645249863593016
2013-09-04,5.608218360318177e-7,-0.2093366022182439,-0.36479459941873477,-0.011132074933804189
2013-09-05,3.4534423059100256e-7,0.13726390245265485,-0.28263295939738,0.0021463781387185722
2013-09-06,-1.6975898665769482,-2.280370011544235,-2.169577196339789,-1.6931555864920615
2013-09-09,0.652244073307598,1.419661832896014,1.1941471490251128,0.7691418849313973
2013-09-10,0.4016404376258535,1.071752188184557,0.6119570232149171,0.40911652466786086
2013-09-11,0.24732312295034223,0.3925159805100964,-0.3848010473322302,0.23833249384504898
2013-09-12,0.15229723258814784,0.4917511565776712,0.3408074811303547,0.1538636525109104
2013-09-13,0.0937819593142749,0.02640755203765982,0.3536549911632823,0.09166852654807113
2013-09-16,0.05774928239575094,0.461322124207078,0.6717056227544032,0.03663636744585046
2013-09-17,0.03556099319751106,-0.018059879844279397,0.14334963179980872,-0.0046765879544690275
2013-09-18,0.02189783465233974,0.14393963200907742,-0.01608236713669363,-0.022169806172504334
2013-09-19,0.0134843017403342,1.2727683149518414,0.9256276437646227,-0.007120586434630845
2013-09-20,0.008303396034865582,0.4746392333192778,-0.9202824537394094,-0.003863313102222438
2013-09-23,0.005113085352101642,0.14894104883127476,-0.15872425100595922,-0.0020960616464418117
2013-09-24,0.003148548101054124,-0.21769013280218286,0.49538579949813677,0.0021321452122328513
2013-09-25,0.0019388205871777248,-0.26800635793945726,0.14160746136779123,0.00279543611551809
2013-09-26,0.0011938916442171133,0.2520986436305845,0.3563668149344425,0.01624213659989749
2013-09-27,7.351774927283578e-4,-0.15050801629375304,-0.3708226971720279,-0.014098271881581421
2013-09-30,4.527093798104055e-4,0.02243954488805458,0.986118428560836,0.016900334650006187
2013-10-01,0.00027877048004793556,0.2271317979864127,-0.2920427120565649,-0.017010752837888492
2013-10-02,1.7166196242433192e-4,0.0564452292191035,0.3964009261035509,-0.009229276959221289
2013-10-03,1.0570641962630207e-4,0.5162915344469586,0.7586778297304109,-0.005007394675695383
2013-10-04,-0.07108396812091278,0.3314885485845479,0.19563069841482253,-0.07386584963584984
2013-10-07,0.027376801956773965,-0.22511913167257072,0.09720552963737475,0.03107273969175116
2013-10-08,0.016858153517524538,-0.06935534775843766,0.028781055608204504,0.016858684811304158
2013-10-09,0.010380954666259138,0.1851075917103189,0.4091585818079569,0.015685307435010936
2013-10-10,0.0063924094457262675,-0.5165144087568851,-0.47356278063640084,0.00851014930896016
2013-10-11,-0.16215695428450425,-0.27789484655919816,-1.0279576451398784,-0.07471026480585205
2013-10-14,0.06623988502177983,0.30256380722917253,-0.26957301576234227,0.04697850637514487
2013-10-15,-0.1253039306007876,-0.05932012950840583,-0.5870876274640136,0.06744832647222103
2013-10-16,0.0889333293410254,-0.12433553560887105,0.09977691086859308,0.28799789577733786
2013-10-17,-0.1113297064098362,-0.19899479899036915,-0.5376003395394584,0.037772851340235114
2013-10-18,0.09753841101094898,1.1678716162671714,0.9717400952648896,0.2128605769104449
2013-10-21,0.06006243933364624,0.4691990835522361,0.3520260064508993,0.13848651591705058
2013-10-22,0.036985394587809944,0.10077778446426225,-0.16804984809766482,0.1441619057562088
2013-10-23,0.022774955995663492,0.7778020064483567,0.01238121395599056,0.07657741654481283
2013-10-24,0.014024417648780929,0.2575438549220879,0.7328883684620969,0.19290435263459826
2013-10-25,0.00863598991914136,0.24622557207952817,0.2529262201041263,0.1293639531139704
2013-10-28,0.005317890820942151,0.08552959734878383,-0.1148973910866455,0.03725685372789482
2013-10-29,0.0032746637094583984,-0.08954741092028527,-0.08525460269858934,-0.004480599883304636
2013-10-30,0.0020164803624426442,-0.36347598756075666,-0.6115123296983425,-0.07976397860771023
2013-10-31,0.0012417131690109734,-0.25068970339298463,-0.49931274108103385,-0.10246158169036598
2013-11-01,7.646251472677706e-4,-1.1338764767338887,0.04116347842478554,-0.067096346287386
2013-11-04,4.708427279545854e-4,-0.9828435144355896,-0.36443969758716654,-0.11854764609053656
2013-11-05,2.8993667715466754e-4,-0.1326355842681807,-0.0420193235764927,-0.05611199235234128
2013-11-06,1.7853791036483448e-4,-0.36608835227851244,0.16108730411086478,0.005695467378313685
2013-11-07,1.0994050752826087e-4,0.22054458856614817,-0.14915324265300994,0.07047698269607346
2013-11-08,6.76994324111473e-5,-0.7412069745244558,0.4425796410565338,0.06782732425812892
2013-11-11,4.168812071031561e-5,-0.6858987552776201,-0.9106666608161871,0.04174038756635035
2013-11-12,2.5670812094898523e-5,0.24757433291749537,-0.20812587485963127,0.009488561132101506
2013-11-13,1.5807634942117285e-5,0.30449552726054174,-0.5436205023978604,-0.004715308933702346
2013-11-14,9.734063789626097e-6,0.4627493765112594,0.24037511400202202,-0.017359401225901364
2013-11-15,-1.7313491290220278,-1.8905103806822607,-2.6849654110715053,-1.729265280178078
2013-11-18,0.6652207566420627,1.4088245968983006,0.8227174886549662,0.7931327904943126
2013-11-19,0.4096312511674102,0.5851776852505429,0.7340600929434637,0.4319649202297363
2013-11-20,0.2522437254964751,0.6459134543264522,-0.10058726540384008,0.219564088342011
2013-11-21,0.15532725316003226,-0.7905905078711815,-0.05573296774277127,0.12241806710215891
2013-11-22,0.09564779273202535,0.03893946138713955,-1.1200920682875093,0.06477239283466618
2013-11-25,0.05889822982373135,0.6078824192974971,-0.3030160535109296,0.021989676886859752
2013-11-26,0.036268494831742895,0.004492987297479906,-0.1489342826921924,0.030014396746056188
2013-11-27,0.022333501724871144,0.29807704390507395,0.07042061767155358,0.014646061424925335
2013-11-28,0.013752577867065928,0.13525319514251136,-0.9386326550551222,0.01287730138501944
2013-11-29,0.008468595758948448,0.264528436555842,-0.3581101640777704,0.006986650273643074
2013-12-02,0.005214812438926425,-0.05716614598048472,-0.2808680400466334,-0.009363375281137284
2013-12-03,0.0032111898533409866,-0.33499769062000007,-0.5330046695948343,-0.0017957269413801957
2013-12-04,-0.09289927318120034,0.16006238540562362,0.3143304752233011,-0.08598135185397163
2013-12-05,-0.057205739787572804,0.018063799924013562,0.041297837032570686,-0.03350174211115603
2013-12-06,-0.035226289211762456,0.6188284966946875,0.66078789433525,-0.013236820060006132
2013-12-09,-0.11665849859082054,0.36260227078117396,-1.2553004280853017,0.054182858000857245
2013-12-10,-0.02434159549974895,0.4048543803113419,-0.45499835239795194,0.2334758426612424
2013-12-11,-0.03873363591667234,0.27702000101491536,0.2957683629007727,0.12438091700387549
2013-12-12,0.014137016651140366,0.28036684672304785,0.4080597384253706,0.09392352318497159
2013-12-13,0.018200199181780116,-0.16022866221627094,-0.8713993872990918,0.06374966696470037
2013-12-16,0.011207362800827634,-0.13320455639409567,0.0031056174808068437,0.03789177907653799
2013-12-17,0.011648395388507156,0.13559945938881632,0.24124574666010143,0.022001441539143032
2013-12-18,0.0024257788310983047,0.09760716765750461,0.4586085486530869,0.013790243484197896
2013-12-19,-0.022245120542155335,-0.6224142683372108,-1.4244547814777073,-0.02780524205749206
2013-12-20,0.010040718227051564,-0.381279282736674,-0.4584584233220049,0.016905037244396383
2013-12-23,-0.017555974689169335,0.024171482129117364,0.07671187900345736,-0.01621899013039388
2013-12-24,-0.053554837436865066,0.12213119305920664,-0.16028029121044995,-0.03174909435959243
2013-12-25,0.009766049050655277,-0.05106392289218953,-0.12367141635400672,0.0040717371425057595
2013-12-26,-0.017730747819671624,-0.13793695297492373,-0.27489557451728464,-0.021535365944764705
2013-12-27,-0.010918282902308743,0.1600032431240963,-0.42044771195901554,-0.011684130538874307
2013-12-30,-0.006723286730331219,0.4431491789932113,-0.5440928697939035,0.03986436790476168
2013-12-31,-0.004140081811645444,0.57059846976325,0.20607937354746303,0.13558447641326843
2014-01-01,-1.0529290635681054,-1.3471603601949402,-1.3375512608986893,-0.8478533637841352
2014-01-02,0.4020044610675173,0.7935422049400304,0.6315672575725745,0.5903721957515073
2014-01-03,0.22379713363820591,-0.5089941037841805,0.630515166883678,0.35117717158465706
2014-01-06,0.1378103418219493,-0.6748036680228466,0.11135396094825709,0.17728827570679173
2014-01-07,0.061105395991412764,0.03246771764166473,0.6805986706437648,0.052576884280760884
2014-01-08,0.01861893243258412,-0.12345386276683865,-0.298055948176708,0.03433785615560613
2014-01-09,0.054229698499268536,-0.32153412509466933,-0.17146954771921377,0.05974503723726938
2014-01-10,0.03339369528819385,0.15914834819830057,-0.0374154785664697,-0.028815594967753204
2014-01-13,-0.02695397519965449,0.47616744375391434,0.7853684046349045,-0.01682148428856027
2014-01-14,-0.016597784231364238,0.13302619586998304,1.0371182614672647,0.13828208484282603
2014-01-15,-0.005467885069040702,0.034799704409618076,-0.7137765290003883,0.1145911697249849
2014-01-16,0.015641669004488795,-0.47745173804769553,-0.5678971730232639,0.0016288660849977793
2014-01-17,0.033387655467620375,0.01411101575921811,0.11989558132797115,-0.13759516389571738
2014-01-20,-1.2222862943737778,-1.9049156432525125,-1.1526797487793035,-1.2264799456287527
2014-01-21,0.46642761598180316,0.7906084524922746,0.890272075176496,0.5122755772724452
2014-01-22,0.26345649349174105,0.29435860042609496,0.2417522621669837,0.290592169554326
2014-01-23,0.13846479593275027,-0.05774658144977515,-0.34671736060603403,0.12230775645340417
2014-01-24,0.061491455129348116,1.0367772884500097,1.0899009089213398,0.034306640729489746
2014-01-27,0.037865357400886035,0.3112010018061675,1.6078920204138605,0.06662576588435534
2014-01-28,0.023316821631246938,-0.0012602128670449048,-0.1208689266682702,0.04939869562449188
2014-01-29,0.038130821771862645,-0.1200957315972784,-0.5657041327480175,0.004205117391332995
2014-01-30,0.013971874971160834,-0.02055676973541584,0.7289473253820026,-0.08499478212560982
2014-01-31,0.04663187148514572,-0.7018099170755658,-0.19284551372161,-0.097370428047056
2014-02-03,0.028715086939201332,-0.7382140537663281,0.4952344974094246,-0.05282885811394559
2014-02-04,-0.010837575578788589,0.01687857817242741,1.1509071453512068,-0.05718240728288472
2014-02-05,-0.006673588578880238,-0.06240842524003014,-0.19860539721790682,-0.03102462771860745
2014-02-06,-0.00410947856339093,0.12279661530045335,0.16073247762527737,-0.01683258139722075
2014-02-07,0.139987294171343,0.6008199652427937,-0.37302243980957983,0.1333852297796442
2014-02-10,0.03871833386657999,0.33762223862977914,-0.6321125883648011,-0.01476819907522181
2014-02-11,0.07132545125724898,0.34780974341525023,0.2424266691854831,0.1055743129417359
2014-02-12,0.0201820868760508,0.03157255590129936,-0.3301552403131066,0.01370304587976235
2014-02-13,-1.2731028200450918,-1.6352296145845422,-1.3335306938016616,-1.3078416191968014
2014-02-14,0.501576251733606,1.4321048244528034,1.1652969971403644,0.5561336808773678
2014-02-17,-0.8276768243484518,-0.5406396738270928,-0.17900046742383363,-0.8893065981268712
2014-02-18,0.6031253135196587,0.979118383364219,0.5706682848783082,0.6765347543227251
2014-02-19,0.37139396857505175,0.7205125409963752,-0.09523389714089284,0.31256082967853
2014-02-20,0.18119193973292597,-0.05508937764090216,-0.05517603996756146,-0.02804043228637254
2014-02-21,0.1115748121704886,-0.08422913191476152,-0.017313643383071918,-0.13053424866679653
2014-02-24,0.06870580848811128,0.09624160432105769,-0.20139540604214987,-0.2024534651359456
2014-02-25,0.08981376854788728,0.06341911899756543,0.01811878378991256,-0.17737278191119268
2014-02-26,0.05530574025988677,0.0923682893799944,0.3298506155629058,-0.5239979778654585
2014-02-27,0.010306154343663651,-0.46294252412756065,-0.07184615100108291,-0.3113155664482784
2014-02-28,0.006346348721633435,0.043622738156849195,0.1636538041676577,-0.22776416214558173
2014-03-03,0.02765811856036678,0.5428987828055201,0.8636953271226063,-0.37239648261831426
2014-03-04,-0.006718765211983148,-0.1467649296609046,0.12640857091506078,-0.2453568124591728
2014-03-05,0.019612851009955953,0.00876383011867675,-0.6913173784481609,-0.06536180593592099
2014-03-06,-0.011672899579778623,-0.07188320339670015,-0.4132344735338182,0.032136908079018256
2014-03-07,0.016562182131589193,0.9357597693667279,-0.746125558900065,0.3582621777983409
2014-03-10,0.010198700688282795,0.2882915536347214,-0.22091625117948793,0.19437710337840036
2014-03-11,0.006280180649070035,0.20256131083837947,-0.2632131829529534,-0.2214117724556223
2014-03-12,-0.019882923675991575,-0.11112458379483181,0.282644817380671,-0.16997856541726478
2014-03-13,0.011506593578365677,0.324050828107246,0.1628774125796449,-0.14837251499062884
2014-03-14,-0.016664590444551437,-0.20577765318757252,1.0051085989653628,0.0409166877381629
2014-03-17,-0.03401755251329797,0.2559136631480514,0.7169487014271273,-0.2314441916046101
2014-03-18,-0.020947411003852952,0.17627517635244316,-0.3084205522116158,-0.5789209020715014
2014-03-19,-0.036660482863083835,0.06119395724295713,0.29712006798917706,-0.5629507931124222
2014-03-20,-0.02257488106566528,-0.7858953513495982,-0.9203335972230223,-0.4977373965065178
2014-03-21,-0.023407370265732877,-0.5207338800247977,-0.22244968000810594,-0.6598478123703407
2014-03-24,0.042609533888735195,-0.0055144563530419854,0.15338964483718226,-0.26076320938294933
2014-03-25,0.0024824115513554373,0.2882095783312788,0.05491746169374228,0.3056898900437319
2014-03-26,-0.022232809895740415,-0.07879802342811612,-0.0837906936003962,0.04837830761000571
2014-03-27,-0.01369057360827316,-0.2920029276758024,0.3493599919228768,-0.09803431089676418
2014-03-28,0.01533102067641301,-0.36207224567265006,-0.11195887855805861,-0.08586851603881632
2014-03-31,0.023694724646725833,-0.018944219107266028,-0.7426704729395815,-0.021048649501898442
2014-04-01,-0.02342479182841059,0.12268570587288874,-0.5732824377471382,-0.13002156895700126
2014-04-02,-1.1376291185946386,-0.9420440046944046,-1.698081670199983,-1.0276717259902024
2014-04-03,0.42267252523728793,0.6400400142475505,0.3948927659936774,0.5849975438599887
2014-04-04,0.2840357481802407,-0.10208702998789143,0.11275996051660483,0.2604923122827096
2014-04-07,0.17490422200693326,-0.17544351316744985,0.5893334192074565,0.11552703698856619
2014-04-08,0.10770294609690519,0.23003119891256213,0.41772212565811007,0.0626798255672045
2014-04-09,0.06632158140523926,0.43571338577469976,1.2103922480667888,0.2826099445620451
2014-04-10,0.04083966427561046,0.5807575542155159,0.2094036707983423,0.09354923000902785
2014-04-11,0.001386912230933273,0.381250975336178,0.752789678595754,-0.16666178995550307
2014-04-14,8.540361778312223e-4,-0.17235013813629546,0.16174800731897887,-0.07107145708699808
2014-04-15,0.03379032922181469,-0.23006688513366205,-0.37324120719159,-0.12938373155771532
2014-04-16,0.020807490894242244,-0.10818396593173402,-0.08401149985386666,-0.11689458036574864
2014-04-17,0.145760060304542,0.20879024565086246,-0.20945080774199581,0.07918233559803842
2014-04-18,-0.07645511833290286,-0.20967004248115223,-0.4647394363224126,-0.08621101954468889
2014-04-21,-0.04707971822609707,-0.042503463656150764,-0.2517436958325511,-0.04677426001643897
2014-04-22,-0.005229427789220427,-0.13566458009345722,-0.1579733947539066,-0.0016161952097263899
2014-04-23,0.08227425833956002,0.1527377478802999,0.08645415735136619,-0.21289449912976613
2014-04-24,0.1076187608448012,0.17031839300997648,0.22004558099124572,-0.060159278783679736
2014-04-25,0.07575920830558934,0.15460014295968263,0.2484863782786316,-0.2028296431414009
2014-04-28,-0.029289770495001463,0.03395415510583389,0.19038339372052138,-0.2628918303724927
2014-04-29,-0.01803612592432913,0.09907492492406406,-0.3453448383432869,-0.13142151936849356
2014-04-30,-0.011106329372357927,0.030523287031169716,-0.10225127143942765,-0.07130346388620211
2014-05-01,-0.006839082441807057,0.009403701813564353,-0.030275021804688145,-0.03868608418622338
2014-05-02,-0.004211386775746543,0.0028971194258380862,-0.008963966240921621,-0.02098934649306948
2014-05-05,-0.12612048965062558,0.02015538683486352,0.1825411900386093,-0.23737911549119434
2014-05-06,-0.07766278105063787,0.029794758370028193,0.11277089282176109,0.0922763389118309
2014-05-07,0.07095559063063289,0.5214181062382941,0.5907623502737342,0.4868837877971097
2014-05-08,0.04844143106891093,0.028968540724677416,0.0037977451388084005,0.13064444222604946
2014-05-09,0.02982938192918549,-0.47681298832517255,0.2753726025263795,0.1721472454570252
2014-05-12,0.013620183810553705,-0.7575722413216903,-0.22494437596827804,0.09508531144495536
2014-05-13,-0.03910758791822512,-0.309776496327439,-0.3933888988794987,-0.15500333518508455
2014-05-14,-3.31616802458079e-4,-0.4150156744567908,-0.1387152597752426,0.07623624274552024
2014-05-15,-2.042037990286749e-4,-0.05105648303913096,0.367658296080919,0.0429725366405569
2014-05-16,0.004623607790858112,-0.037041046803188114,0.4244586297316615,7.337021859194492e-4
2014-05-19,-0.025652365030571413,-0.1358792964360052,0.05482088492894313,-0.0731021174197858
2014-05-20,0.0174523532362771,0.06815447016115063,0.0908508170504064,-0.0706681980761307
2014-05-21,-0.02250177638993285,-0.08353892159968769,0.2284079698616809,-0.08122203737470804
2014-05-22,-0.013856198448505623,-0.18868542875876082,-0.08827838713622312,0.024992535595114315
2014-05-23,-0.056049629380069375,-0.30520054716796075,-0.4132486219651978,-0.054840488358781456
2014-05-26,-0.9368622911531705,-1.1846313173294687,-1.2180991961267655,-0.9561970998902787
2014-05-27,0.4916561820373355,0.8686431190463568,0.7746137037921437,0.5032116914231404
2014-05-28,0.39760740523572613,0.2574054967361092,0.24278109556385535,0.21388496888195296
2014-05-29,0.2448396524821237,-0.24065400506619383,0.31438314380094834,0.03753865682463203
2014-05-30,0.1270628465571326,-0.01626081671170418,0.07921140840529697,0.2532332572714638
2014-06-02,0.10194817643431206,0.19162231812225855,-0.10608456885971271,0.002271022458431027
2014-06-03,0.40350985155606717,0.18604295814297722,-0.22323865425165818,0.3419641118248809
2014-06-04,0.2862618152034372,0.2570573307228622,-0.1454086894804807,0.11597111099045172
2014-06-05,0.17627499495830276,-0.044676925574644644,-0.18046499542710953,0.13020120829654797
2014-06-06,0.10854704399001718,0.4102223533147644,0.1981500808688048,-0.031865333572009796
2014-06-09,-0.28797864355632424,-0.36769099920214005,-0.3517935831592599,-0.27120663029276965
2014-06-10,-0.08259035208201525,-0.387577119575388,-0.009418809549514337,0.11117974014802806
2014-06-11,0.04379447305657485,-0.4059793628739733,0.253977908960992,0.40889477904444893
2014-06-12,-0.09136133876635567,-0.27183537651062545,0.2642429231100806,0.04560468879411633
2014-06-13,0.038415856481642724,0.13960683994251016,0.4674668342788698,0.2739275496559732
2014-06-16,0.07095949986043115,-0.03159426425688936,-0.07648526280904447,0.3409894756996694
2014-06-17,0.1854725743188769,0.42081660994282316,0.2143050661718974,0.04490073183122048
2014-06-18,0.09059521258503189,-0.10962179582576737,-0.25813911515966836,0.003959334616367334
2014-06-19,0.418849318437441,0.6440998421270373,0.5649797267518365,0.29125174201169957
2014-06-20,0.22496879334414788,0.3178160621963211,0.09507929496580596,0.16043140896823044
2014-06-23,0.37835701299953484,0.20308052521066322,0.13463917218062388,0.40247207012938213
2014-06-24,0.27994277517395777,0.17479318057174303,0.2790381377556097,0.24923165945739195
2014-06-25,0.21462645519853307,0.12466043824622217,0.08560257462516495,0.08740823021963108
2014-06-26,0.20252792592852342,0.2789869298179725,0.2037075946980943,0.06475426929021458
2014-06-27,0.07780882144832799,-0.07809696464529195,0.173658536455832,0.155449662755454
2014-06-30,-0.48835667922044723,-0.3300065693881656,-0.29379436614101156,-0.3633758133975298
2014-07-01,-0.03693120913303216,0.5216155795726982,0.3277396252407866,0.3036906016193267
2014-07-02,0.10889304936783116,0.19926522535461477,-0.017838701095368434,0.35777276951638787
2014-07-03,-0.0034425807127092672,-0.2127417745469405,-0.36097433354229996,-0.047484371459998176
2014-07-04,-1.2939257643653728,-1.6722334828454326,-1.7418040795969965,-1.3401446016720377
2014-07-07,0.40095575360286706,0.5234278950380019,0.7505409549064496,0.5980930187635275
2014-07-08,0.2704281505945794,0.3153195455305233,0.5498037708010396,0.35286759655329186
2014-07-09,0.16652490255735042,0.17745438734234992,0.4973395006151077,0.2285875858525987
2014-07-10,-0.13297277997961815,0.008612405242438469,-0.16215930374290302,-0.08564493580487523
2014-07-11,-0.31795417646352125,-0.5113432171779443,-0.03557951920769025,-0.3293805431607918
2014-07-14,-0.21942846202636557,-0.19070759485930344,-0.12003901412896197,-0.21526461912783068
2014-07-15,-0.1114823226452282,0.09693351886612542,-0.1597612146876145,-0.13351215322940657
2014-07-16,-0.021389874978259733,-0.2886361361422536,-0.13785961769573865,-0.05583398723092914
2014-07-17,0.05767511093728281,-0.3283859580797868,0.05954930876544807,0.10511438468384325
2014-07-18,0.011905356202660006,-0.20728277239097617,0.38837680206627306,0.036646090603251066
2014-07-21,-0.08716452748714476,-0.059616277449470026,-0.08810077938628136,-0.1423995694710714
2014-07-22,0.01720571330111926,0.014626058126306896,-0.014399411672304433,-0.027349587159444244
2014-07-23,0.034210515007308824,-0.4092012557667641,-0.049657315804918625,0.11045248019462908
2014-07-24,0.021066233916488823,-0.16377264875484818,-0.06396176588257829,0.12776781483716787
2014-07-25,-0.010643322512456699,-0.06060410388061123,-0.2786866543973233,0.11197375854150145
2014-07-28,0.040671531694179856,-0.23769495005730684,-0.024477418187105568,0.1564925274183675
2014-07-29,-0.045801805592764824,-0.06883625719983372,-0.13802455298950778,0.08203224307498305
2014-07-30,-0.02820394695047976,-0.2293005887528122,-0.3017960836449518,0.1578852485787923
2014-07-31,-0.01736749486817466,-0.07064358304871471,-0.08935715795312117,0.08566150486083064
2014-08-01,-0.05795357820430487,-0.22714715133770166,-0.7542262089645632,0.10460881135791367
2014-08-04,-0.17759788784539188,0.07908606722775433,-0.16068384981538653,-0.17920179004150852
2014-08-05,0.008911566723936643,0.09162668714138218,0.09117816607096539,0.042116609253147405
2014-08-06,-1.1357516190002062,-1.4841130391608781,-1.1600642795766665,-0.9918580403571767
2014-08-07,-0.6467833108716996,-0.3257029500595364,0.17418057622875605,-0.36048199968182726
2014-08-08,-0.4126184830302506,-0.2992050992634635,0.02156493775307798,-0.19529747101665745
2014-08-11,-0.2923350995326051,0.220166068962098,-0.05732255994654828,-0.048264900171700015
2014-08-12,-0.25177657078098375,-0.1552951701744965,-0.13767032101608986,-0.054003554022301364
2014-08-13,-0.1119763556528691,-0.14522373958356366,-0.07300517870579434,-0.0594566014179743
2014-08-14,-0.13116147204763584,-0.09358101514226633,-0.20693658779244334,-0.022876928468087022
2014-08-15,-0.16696557473339696,-0.14443490473026419,-0.2333682042701265,-0.08070320236819728
2014-08-18,0.016885818193151866,0.2731861716199506,0.13454306657819878,0.1606047810182203
2014-08-19,0.015183022506828719,-0.1304187832043881,-0.15047884168190978,0.16201188883390408
2014-08-20,-0.01936419117094705,-0.3623968804477509,-0.36521365100816106,0.08690831522994479
2014-08-21,-0.02628403577538129,-0.5885413690539764,-0.8881808502248799,0.053995288989043655
2014-08-22,0.0077467858328372115,-0.015404368655065004,-0.3816633886152545,-0.1341968034736112
2014-08-25,0.09565986222354278,-0.5228521129090329,-0.3604931098603156,0.018080318200409992
2014-08-26,0.011079366195932472,-0.28278914258395943,-0.028768243828496437,-0.0852273214532672
2014-08-27,-0.14637555939678742,-0.38265267191627084,-0.1809286337359369,-0.17013834739206762
2014-08-28,-0.056603365751024766,0.07249042807209656,0.18383761642965504,0.09274283549297196
2014-08-29,0.4381846813510289,0.45052921919287015,0.7028299489269322,0.5315062439363405
2014-09-01,-0.08833159397896023,-0.6535221934768137,-0.6042049250676677,-0.07956711809940847
2014-09-02,-0.23155797259527952,-0.3469899553900372,-0.5210395835177832,-0.19750615940677604
2014-09-03,0.0919671547778268,0.12765482416675694,-0.7757335221762955,0.024711900226143557
2014-09-04,1.386501748699952,1.513757340974114,1.4485773279605751,1.4606388894143514
2014-09-05,-0.5861160129689406,-2.6467365231843543,-1.686684531777879,-0.6066368422158643
2014-09-08,0.9609575170500888,0.6656630559131581,1.2039500320160532,0.9617505202916397
2014-09-09,-1.1041840422432148,-1.9728412748522288,-2.266879134063199,-1.1741217899139231
2014-09-10,-0.009564956468373631,0.45653201616108796,0.034045822131343106,0.09861007265182486
2014-09-11,-0.3165753623214231,-0.3626863555441187,-0.9608549658238685,-0.14122508758987284
2014-09-12,-0.4585852511611674,-0.32499523906847094,-0.8089764344718104,-0.35006828332545853
2014-09-15,-0.1384969201630199,0.32589530088861396,-0.30548605688603586,-0.12281055796633426
2014-09-16,-0.07090616875285388,-0.04190450638297202,0.10297708686241454,-0.17137064476848515
2014-09-17,0.8104926841437959,0.9901668892370177,0.8734445324204865,0.6943398692359838
2014-09-18,-0.5469424951000081,-1.5862195912113688,-2.054204283828124,-0.5535421434273684
2014-09-19,0.25681803053504315,0.6486745670671072,-0.2759771075034024,0.26882313500830257
2014-09-22,-0.10950417278696034,-0.6783467732135287,-0.47795395009176056,-0.13158890475668322
2014-09-23,0.29086415624927153,0.2276736648062652,0.39134256035957105,0.2966927855091053
2014-09-24,0.3553960956630051,0.265702905296008,0.4836052266530393,0.3813087247251279
2014-09-25,-0.4689993667002153,-1.1980813931900305,-1.2552174707053985,-0.46137685065669776
2014-09-26,0.3800013838533472,0.13499195567925892,0.9450822461077966,0.4282719919921443
2014-09-29,-0.25282982077994876,-1.1051487074955133,-0.9418009339202593,-0.10907593557599754
2014-09-30,-0.3999938074635011,-0.44527929476745276,-0.5039594261196294,-0.6771485241197229
2014-10-01,-0.06422084183297286,-0.44881330627489924,-0.21364936715103852,0.002167791577739331
2014-10-02,0.19476366486366803,0.06321037852727171,0.7563897063413647,0.23548587780264904
2014-10-03,1.0801067350352243,1.3464184033148818,1.641046457498664,1.0879388435735033
2014-10-06,-1.0092671033938725,-2.50616169098918,-2.3601498817292463,-1.0922722500000859
2014-10-07,-0.35726261379811325,0.5450429015319832,0.4196881332612177,-0.3283919499493488
2014-10-08,0.2634088318557345,0.8247164248660541,1.3415126186976523,0.3052340228588809
2014-10-09,0.5291754183336504,1.2118693698713883,0.71329471517226,0.532579276878512
2014-10-10,0.09248458811330967,-0.2847373467430181,0.25287542645994976,0.19926482321134686
2014-10-13,-0.7521503793935108,-1.2856147213742317,-0.2769062997548211,-0.7156894616534659
2014-10-14,-0.0027505991457755785,0.7275797695472617,0.6349458087237431,0.1636374560528714
2014-10-15,-1.2971921559095598,-1.7409173411883576,-1.3416672394934304,-1.2067159888190433
2014-10-16,0.1612038032116332,1.8583093547152487,1.8136165490124125,0.29873994958218797
2014-10-17,0.5782175258371683,0.9169228630850272,0.6157220913992483,0.6835583864999721
2014-10-20,0.42292665550982755,-0.07994286290830965,-0.4429378429327886,0.426289065860586
2014-10-21,0.6226636939803196,0.6952299210832684,0.4497162998651794,0.6000620172714087
2014-10-22,-0.18912260428302152,-0.9897276669008566,-0.5431657550717635,-0.20444849881995547
2014-10-23,0.27513715782018927,-0.4914455328611851,0.112175630966907,0.32486084433551593
2014-10-24,-0.0739483552160454,-0.29486089012211647,-1.1511400879203155,-0.08675687922977585
2014-10-27,-0.05509221586530026,0.07818983700093071,-0.3882905234565631,-0.017337022241122067
2014-10-28,-0.1486695239717583,0.10475275217314294,0.10262800981535043,-0.11432816276289608
2014-10-29,0.9127679366569086,1.3266008741394633,0.7855790831142403,0.9947044454184122
2014-10-30,-0.18903044065186825,-1.1745511493013396,-1.1951313708325708,-0.17700117361887213
2014-10-31,0.3643799763957619,-0.035086263854863964,-0.2096818374270985,0.3306802470159791
2014-11-03,1.226088163508284,0.11309313664559034,-2.3283439867843505,1.210605721290472
2014-11-04,-0.9424436895506,-1.7201043535366713,-3.099453603037117,-1.13234666294418
2014-11-05,-0.45131106842899643,0.051222941136824574,-0.6407375532715839,-0.4362018672951456
2014-11-06,0.9797300070644492,0.6939111536826936,0.037830023314445016,1.0422686410766155
2014-11-07,-0.9892033649812749,-2.1829300187551395,-2.0346836253111187,-0.9942469427353865
2014-11-10,0.19266474029676428,0.7838447685471661,0.7592052921469297,0.08553185885765613
2014-11-11,-0.678367545146736,-0.8081673235865576,-0.7641193480084053,-0.6965985625486149
2014-11-12,0.2936801363900456,0.8310362751879068,-0.3548519244779904,0.25165543024445874
2014-11-13,0.018953687544527892,-0.27447317334276533,-0.13638324457918258,-0.05315001414082879
2014-11-14,-0.5522219557380563,-0.278609336842204,-0.8238114350307636,-0.5698375839826296
2014-11-17,0.7324372162547985,1.3265782362441967,-0.09272269901343969,0.6864811204165371
2014-11-18,0.31343446921617013,-0.2856582117550588,0.04905307258981325,0.3198832865593063
2014-11-19,0.0076769976574954935,0.40243061829350296,-0.36180042406784985,0.03729777672929324
2014-11-20,-0.014300325099679953,0.16387877491727895,-1.214593248963786,0.03066738742984907
2014-11-21,0.07679019794919582,0.1699475778531417,-0.34847916762531705,0.036781404552512456
2014-11-24,-0.2144879700874207,-1.5737416318632025,0.05202902445347524,-0.26471548940683
2014-11-25,-0.0463309660358589,0.06977151436046014,-0.5000396008394781,-0.33223671594314963
2014-11-26,-0.11427675112505767,0.31693038449724964,0.3189928691929051,-0.18116411305082789
2014-11-27,0.48567582593457065,0.8560787146236485,0.7957642780029287,0.41532890852830184
2014-11-28,0.15678937161748316,-0.2305811337656022,-0.08503370298892313,0.08305770355844194
2014-12-01,0.12027574676459458,-0.23779441610972157,-0.8666723567335843,0.001914121353874386
2014-12-02,0.467121758764905,0.575097793272532,0.6053084747311153,0.2507175603125153
2014-12-03,-0.29063751402751037,-1.0573620111259083,-1.145164176831103,-0.40154212988178617
2014-12-04,-0.2931247369326927,-1.0217060214082863,-1.011252557703751,-0.34341502159368054
2014-12-05,-0.18526036002860283,0.2473982351398593,-0.2632835072784783,-0.2627105973458379
2014-12-08,-0.10456170342686197,-0.6645472694937855,-1.5176709825151533,-0.06138709924590639
2014-12-09,-0.01680899222859087,0.013878010549570108,0.35045584397040364,-0.3563628294785424
2014-12-10,0.1369982526059315,0.7977864979023169,1.3411594845763348,-0.28585372927200164
2014-12-11,0.08911069478551652,0.8859249149333486,1.7796332833170887,0.031116126599938038
2014-12-12,0.12608942001369128,-0.29123607505366006,-0.49854874661065796,-0.10630239297560921
2014-12-15,0.011176381595144946,0.3956675283037977,0.49595876370783176,-0.09662532438376595
2014-12-16,0.016380248535575147,-0.029255876368432646,0.515812410559121,-0.10119320528756981
2014-12-17,0.033827796042587864,0.5637527646784077,1.1391175089339969,-0.014981743110972577
2014-12-18,0.09676431375763038,-1.1432411839665837,-1.4414876727959685,-0.05348519075150677
2014-12-19,-0.030591987343566274,-0.8364639029814456,-0.6364462226554215,-0.40165476714195336
2014-12-22,-0.0568319296038481,-0.8215664652445284,-0.6953259700492337,-0.3429048940758965
2014-12-23,0.03623066181001324,-0.20022613225164765,-0.6796179761994164,-0.14218883998613882
2014-12-24,-0.015671089854212287,-0.49980311571109326,-0.6876376757075366,-0.18432989004742892
2014-12-25,1.4563547316173289,1.505793413318807,1.4539910036455275,1.5366729585659749
2014-12-26,0.8967976493508331,0.5578854337769864,0.5044130556981674,0.833730315495654
2014-12-29,-1.1038956434199516,-1.8170393601213501,-1.5516312873527456,-1.2037829341927067
2014-12-30,-0.3615072793604682,-0.3728863803423129,-0.31373599267591845,-0.450833221271887
2014-12-31,-0.33649424903694136,-0.15824531629786734,0.7712005740049493,-0.02795798320688206
2015-01-01,1.2679473415274916,0.903584771098114,1.5236804173378313,1.39378806218568
2015-01-02,-0.6896271223033726,-1.2682214957021112,-1.1837536787703065,-0.714199478225063
2015-01-05,-0.5054031006775579,-1.6612040108006296,-0.9006364344215567,-0.468235670287566
2015-01-06,-0.06918515129737687,-0.3318617529757075,0.8166971111859473,-0.21031836503535356
2015-01-07,-0.10898517437300827,-0.7032507121657747,0.8071094834165011,-0.07735817914298829
2015-01-08,-0.17151511289444982,-0.6530207589445817,-0.3831663463334224,-0.178615187241318
2015-01-09,-0.295721082550528,-0.7292335368538876,-0.7243318613034289,-0.2789508362415816
2015-01-12,-0.18685710632101488,0.40129216485966146,1.1085090989004232,-0.1045132849796007
2015-01-13,-0.18644940494020146,-0.27839158127515723,0.15874148569388913,-0.016738421679814257
2015-01-14,-0.18148528579658496,-0.6033905474329011,0.43179230034452,0.01793370309388806
2015-01-15,-0.03556134135375198,-0.044895493811617226,0.5484501635329404,0.14412389437729545
2015-01-16,-0.11238501794863515,-1.3726617322015997,1.151049660002853,0.09287743027421316
2015-01-19,-0.04538441919550991,-1.0139606022740995,-0.8592307960049221,-0.24095718854419393
2015-01-20,0.024437767600428137,0.015658189509671183,-0.3312327987529521,-0.2556983534484643
2015-01-21,0.16728434296077113,-0.2838493405987529,-0.7386995301282441,0.06345986213873514
2015-01-22,-0.025423080066609913,0.3747434227848816,0.3200574024608889,-0.04242470938867632
2015-01-23,-0.43062312790493634,-2.639130811305019,-1.0733414614306487,-0.3944345674464974
2015-01-26,0.021198884498047688,-2.49626926986049,1.145989633668239,-0.23205631760358011
2015-01-27,0.00828779704585149,0.3190917720356531,-0.6481602044476759,-0.5783739165011212
2015-01-28,0.0384614347589605,1.1900210751704803,0.47201341576865463,-0.10897631834519012
2015-01-29,0.06179363215152351,-0.353983855350058,0.3333663576188924,-0.043466852457645026
2015-01-30,0.4088624114288528,0.7400997712208494,-0.08679367952503725,0.34562217206953516
2015-02-02,-0.1428575870493783,-0.4009854186957159,0.48355288730815377,-0.2776391210467317
2015-02-03,-0.17375701487758907,0.07947365626241702,-0.2757221807682357,-0.3725198593541946
2015-02-04,0.2974674075529963,1.4434888618332997,0.2624523238261407,0.26317324129878444
2015-02-05,-0.1926846026758192,-1.1485060498906663,0.006616402379623548,-0.10490514469624462
2015-02-06,-0.12341857707823453,0.986019334583772,-0.21318046234943414,-0.13219401731387442
2015-02-09,-0.15706912087159852,-1.1603859659804678,-1.3577073737935144,-0.013321022532158118
2015-02-10,-0.0537927367162112,-0.20362085740520122,-0.016380908790649684,-0.05089521347337055
2015-02-11,-0.042662511173812034,-0.11644008726900516,-0.6826780104775072,0.07511220062416299
2015-02-12,-0.14557126109123114,-0.24344594589632662,-0.9994305572559558,-0.08656653641260752
2015-02-13,0.11546848366397586,0.9399154871571812,0.9581954700316714,0.1228457872463438
2015-02-16,0.03774232837736307,0.22201199000358965,0.5417321100069105,0.1006789979360261
2015-02-17,1.5417545950747091,1.0060504989785803,1.7447200860400252,1.4400089859411462
2015-02-18,-0.6025004160821347,-0.620032312813817,-1.6377458931915707,-0.858728092222197
2015-02-19,-0.29951079721537066,-0.16056840303185,0.022908721670891863,-0.3944092510682644
2015-02-20,-0.32748138298782803,-0.48507877257510146,-0.3878636840965869,-0.35703679336450367
2015-02-23,-0.11580398884950448,0.06607678310383558,-0.1029147040327978,-0.10785897280758923
2015-02-24,-0.0570083425481037,-0.39237451696728365,0.12921834863794138,-0.06023043197610845
2015-02-25,0.12207932128917964,0.08958469974391743,0.20469661462177294,0.12450570656889018
2015-02-26,0.10848463424352665,0.2777193779403205,0.15281188617388158,0.030434733820349696
2015-02-27,-0.09509415665489238,-1.4789505394416431,-0.5826498721120577,-0.14538455664577885
2015-03-02,-0.03473247056653388,-0.8198858139432191,-0.5241004937491194,-0.20056707390560546
2015-03-03,-0.03091689979635224,-0.10908855833125722,-0.47967319006688364,-0.19979908610643615
2015-03-04,0.06193165248037642,0.0753068853636012,0.4117611474542829,-0.027432350544309494
2015-03-05,-0.00948489300718948,-0.9238841752871731,0.06259346864451991,-0.013002426290841963
2015-03-06,-0.12976228967377998,-0.8607766428350436,-0.4341364044687237,-0.07984895265731178
2015-03-09,-0.013159208684047338,-1.899386421285989,-0.6382470233381753,0.08097400837520866
2015-03-10,-0.02716898643224616,-0.720213531116283,-0.7605981357024095,0.005677437468552128
2015-03-11,-0.035799597089600954,-1.3988223021073538,0.06094804603028775,0.03198819616977495
2015-03-12,0.08279203504819922,-1.8310876667531628,-0.18481214669309634,0.12219216851275115
2015-03-13,0.08431600748433773,0.2018601464992389,0.05524468757014425,0.09963015642922579
2015-03-16,0.46054960226182573,-0.9001016092372089,0.4043802509734916,0.5154766277664219
2015-03-17,0.1744772397195708,0.48100690099015664,-0.009162477988332099,0.12095684106388727
2015-03-18,0.33029982706783456,0.6081734584831598,0.2918543935031706,0.48542296688884173
2015-03-19,0.3406547127807781,2.674048296709044,1.2313707587216254,0.7345495217908646
2015-03-20,-0.09340489810196426,-1.162048169346829,-0.5182558467146137,0.6225815233834151
2015-03-23,0.27876095915900345,1.4452851225992227,0.7933259077593161,0.512534536805699
2015-03-24,0.2614545318269438,1.6225446161280483,0.5557384516725552,0.22273006755290273
2015-03-25,1.6008851555970038,1.5465104987425768,1.5701991781020281,1.7171744457536655
2015-03-26,-0.5675321124130505,-0.5423369336731027,-0.8602581420945619,-0.7136313982590364
2015-03-27,-0.30219274047102496,-0.7981456440699648,0.07325971495498013,-0.34634480192322825
2015-03-30,-0.15299978408628798,-0.22586344681458453,-0.001425137924284052,-0.21609011250081364
2015-03-31,0.023857553987002594,-0.4553117863063499,-0.5201442839422439,0.1411406080919998
2015-04-01,0.02413081326356889,-0.9849213119735235,-0.15206807995444296,0.23136239035066267
2015-04-02,-0.3302701989111835,-0.3528392369538923,-0.01618652839888123,-0.2131366715283457
2015-04-03,1.9517802741283936,2.978067522001524,2.047549055973632,2.0411348660449122
2015-04-06,1.1555113047157082,2.0653260506998747,1.2927432980368847,1.0610681945970706
2015-04-07,-0.8588023108241204,-1.5405865834364822,-1.7364733273816846,-0.9946575145794058
2015-04-08,-0.472324890688856,-1.4353324742760756,-1.1357963817454761,-0.5025432378890115
2015-04-09,-0.3897636728095794,-0.9009158794817171,-0.272134326892406,-0.4232707180634848
2015-04-10,-0.2541482253877879,-1.3751190469646373,-0.473697948895518,-0.2970673556463465
2015-04-13,-0.13764898092958353,-0.9612366291167386,0.16187023351560348,-0.21333182349353402
2015-04-14,-0.051781069701742816,-0.6116239189258259,0.20576988900633703,-0.1730581155907449
2015-04-15,-0.08371765617447133,0.45893771143904205,0.5117727766566421,-0.103809797795352
2015-04-16,-0.5050459542925259,-0.03382421859352569,-0.03876140778989548,-0.37428745620848514
2015-04-17,0.22258801610096707,1.2582910657008541,0.6052369334208136,0.44035914412194116
2015-04-20,-0.04205280759468541,0.7153309389569018,0.1901071719745173,0.06464861552272863
2015-04-21,1.653636976989036,1.3178589469111832,1.419031393362424,1.6289824419311485
2015-04-22,1.0182805889582207,0.35228870298684334,0.05335873835954946,0.8838133304015109
2015-04-23,0.6038401262028614,-0.06279701959492567,-0.27202182821634113,0.5564969343790436
2015-04-24,0.44141549266802915,0.8784738873599814,0.3055032732806586,0.3230204171208523
2015-04-27,0.294998932953401,0.791466924658588,0.6536832426946667,0.26147829410764195
2015-04-28,0.20483281536287626,0.3496565639253395,0.0495355713457534,-0.22547358948652219
2015-04-29,0.12613244791215322,0.9422718146377357,0.2693444599216307,0.07919627079934817
2015-04-30,0.07767014473792881,1.6053335137022016,-0.043890896762868226,0.14468994596922963
2015-05-01,0.047827910133103405,1.3932996274022114,-0.4173229579262525,0.06557735822513794
2015-05-04,0.12210853083638314,0.2654237615569373,-0.6018860787145459,0.12823629856934315
2015-05-05,0.14462869793312003,-0.17823170612779782,-0.07879963818073231,0.01955416739397966
2015-05-06,0.13532397966939974,0.3241515859625493,0.17125375076332466,0.1085138209009655
2015-05-07,0.19889699674770844,1.5929680103822463,0.6050129995757887,0.2745665878969291
2015-05-08,0.14557463058213757,-0.3230291166628384,-0.05873694728393661,0.026754132306015435
2015-05-11,0.13582101157841314,-0.5246008831894571,-0.030504589926036815,0.060694313196581466
2015-05-12,0.17592969183421553,-0.5138686340883186,-0.20934543125356608,0.10586110884257208
2015-05-13,0.20054280989149034,0.6227627487193348,0.27692421104460635,0.15448225199010465
2015-05-14,0.28465112737077264,1.4962690297091323,0.8080164085958514,0.3143686900104718
2015-05-15,0.014122772263466199,0.7788117356406912,0.05207021402839265,0.057847258743874544
2015-05-18,0.30778800074705315,0.8897816839206654,0.1979570890747257,0.2578177955883949
2015-05-19,0.21250046592847743,-0.7469453990726457,-0.3949474432929791,0.19190620304143746
2015-05-20,0.22268142338430003,-1.7360502033435432,-0.6503402244844148,0.15721060590985453
2015-05-21,0.11417436834308868,-0.9704751666147386,-0.6785735989643693,0.1107753101688002
2015-05-22,0.0014281371989458558,-0.2679150108522219,-0.12696937157514876,0.10268625531318243
2015-05-25,0.11565046617861319,-1.0431455811788566,-0.361385365211999,0.16078868119373255
2015-05-26,0.09415393506839857,-0.4972225250770482,-0.10791318967002309,0.035857396754447546
2015-05-27,-0.03380689049495262,-0.9980317316538493,-1.2570937842098846,-0.1030138161321808
2015-05-28,0.0021365174239209132,-0.18211405053108698,-0.9604563010046183,0.009052210537302686
2015-05-29,0.001315629881904916,0.49585891584110897,-0.3490085514882568,0.006528702547983317
2015-06-01,0.02375908047235337,0.15379619281336632,-0.38117889808995375,0.07333706619979585
2015-06-02,0.014630424206251985,-0.2720724445509485,-0.6380786818160628,0.020404361124017244
2015-06-03,0.009009158107105909,1.9732311404767602,0.4627865033332317,0.03207372306395049
2015-06-04,0.005547681232930218,1.5703209621571141,-0.07880745951612511,0.023866970616549958
2015-06-05,-0.01953277410554395,0.016024703432659992,-0.10740146111545068,-0.06331938418762713
2015-06-08,0.010920999692475463,-0.8658576713442394,-1.008023776568631,-0.04854508075833307
2015-06-09,0.0067249596819702676,1.2769132644047207,0.5536858504594336,-0.06185582060235827
2015-06-10,-0.0647215098103413,0.4848473272209067,0.27507111708214027,-0.10403906300362582
2015-06-11,-0.06281911751860841,0.2405932502867541,1.250216814065859,-0.08102021696514569
2015-06-12,-0.03868290856748807,-0.558477741276709,-0.21008142947636899,-0.05687124348595773
2015-06-15,-8.555060607212672e-4,-0.3332626679387505,0.19651394244110768,-0.03532047345382834
2015-06-16,-5.268055972930479e-4,0.4046248480632889,-0.04719993263439277,-0.03045604847336491
2015-06-17,0.045589285455298174,-0.1401907892281123,0.01654120304442552,0.03584352025263705
2015-06-18,0.02807308078471522,1.088519897145611,-0.06879245714184136,0.0033092011419594072
2015-06-19,-0.005667296675927507,0.3192148677610679,0.3850199293373776,0.00627257683558517
2015-06-22,-0.0034898216944036628,0.11768548632494764,0.318268219455106,-0.022412926470311085
2015-06-23,-0.002148970868326258,-0.17392546702729758,-0.41606490634233023,-0.012160255800109522
2015-06-24,0.04457984667729125,-1.578467258199512,-0.4663871997991501,0.08286452875653995
2015-06-25,-0.01845165904603094,-0.22113811784711918,-0.17672448916099753,-0.005784512708658464
2015-06-26,0.03454093780539233,-0.058078989238031786,0.1980630765717451,0.005660936880908754
2015-06-29,0.021269702468607397,-2.0736461419815977,0.8595900365207525,0.009524888538279652
2015-06-30,-0.009851429731744818,1.5722373984137006,0.18427098080526544,-0.01455809023621982
2015-07-01,-0.029020543756171774,-0.3255707232445516,0.26338665418050644,0.0950589110440138
2015-07-02,-0.017870340830022657,-1.0147448746802377,-0.6822755932627479,0.04349555288597631
2015-07-03,-0.011004241824836903,0.16959957132729242,0.009858812911375858,-0.028064833881026787
2015-07-06,0.016177987734950834,-0.7572775984490802,0.5571093235351182,-0.008420578611855446
2015-07-07,-1.4279137352153943,-1.1817968726564658,-1.4394447530398897,-1.4989190809937767
2015-07-08,-1.0237491060814314,-0.8626026650311661,-0.47192566695008764,-0.9706101735387095
2015-07-09,-0.6443982663254642,0.2733791226762317,1.1842767153839908,-0.5244722505417937
2015-07-10,-0.45279494595936715,-0.04369494743401141,-0.3962977875984622,-0.33731803737292476
2015-07-13,-0.31616447008982385,0.5439428470415624,-0.8066208935057383,-0.22841636681904914
2015-07-14,-0.14334783102624402,-1.0341261779183095,-1.0604273237326995,-0.05807239315765507
2015-07-15,-0.022966473481196834,-0.09380042346986661,-0.0461521361873069,0.02572757320762846
2015-07-16,-0.05611898437458709,-0.658072444971375,-0.500646587742386,-0.032856329204145336
2015-07-17,-0.0019070688784004128,-0.6972773618474009,-0.3405660172914691,0.009985537388477808
2015-07-20,-0.0898206233276619,-0.8170551447750058,-0.1838410269126034,-0.08322857592122156
2015-07-21,0.061313567871297645,-0.0874258960000601,-0.060174838120327756,0.06662954731532046
2015-07-22,0.07038604742011159,0.965974408133796,0.3645950187376037,0.07200310721534807
2015-07-23,0.029359410522117144,0.1655363256938776,-0.073822963057908,0.028313046681637064
2015-07-24,0.036722681886699665,0.6350652750793564,0.15166062906367864,0.03238983425409518
2015-07-27,-0.04265488545373772,-0.02114711362080715,0.0708973472248422,-0.04930999671155013
2015-07-28,0.00637322985952532,1.0928274732490901,0.4771103666375665,0.0075011611667287585
2015-07-29,0.12506324157230783,0.24068680214968957,-0.009862860316391192,0.12682375151700945
2015-07-30,-0.04878908570214818,-0.7947277939394259,-0.4228485686226035,-0.05053839588451829
2015-07-31,0.04452428204407028,-0.5791358482440765,-0.1562690119491607,0.03585640320788776
2015-08-03,-0.03782646385510702,0.027985959561495632,-0.08652518569418646,-0.04740480539066036
2015-08-04,-0.051267508181442004,-0.13774080861411325,0.023025118129955335,-0.05207921412300799
2015-08-05,-0.3772351466277971,-1.0019449589598268,-0.6039386960280848,-0.3723138850354298
2015-08-06,0.1460070576034135,0.1992878424116799,-0.1667756939497151,0.17469340388294455
2015-08-07,0.05727226492043962,0.2481525244270892,-0.085221135556907,0.062144546236920374
2015-08-10,0.03060405386420012,0.41877504236346746,0.31864975017259595,0.029053662983577554
2015-08-11,0.13536026073915408,0.7181401018523523,-0.040628248000356804,0.13227804591754588
2015-08-12,0.982922664677329,1.3480272648504603,0.5214756316006597,-0.8697639983166301
2015-08-13,0.8772500748236991,1.7585654037329086,1.0801539113078085,-1.1784953088273142
2015-08-14,1.1689115980441298,1.1705002923925154,0.8616516492321918,-0.1971160727658326
2015-08-17,0.17390978382105882,-0.7961406737956371,-0.28030948469343736,-0.5416456201690646
2015-08-18,0.07948788329822334,-0.4081283887311542,-0.1813450499230112,-0.3669013673540284
2015-08-19,0.6178605029752763,0.016479411678307437,0.5690774458126728,0.3839428485296811
2015-08-20,1.2595641476764607,1.671559130125229,1.4294366425889606,1.0560846745525656
2015-08-21,1.246142697514145,2.0495831307038266,1.2795036206254542,1.1500480146735672
2015-08-24,0.8981631392766752,2.0003218154676974,1.8867748628945162,0.7563449895179228
2015-08-25,0.5124950648168495,2.3710699540635556,2.8854344038526825,0.12708616264331107
2015-08-26,0.3922189918680806,0.5295071820631445,1.2207447164566885,0.012742742960100556
2015-08-27,-0.0698856622348378,-1.9908922584906976,-1.2224119810712633,-0.27481205985027113
2015-08-28,-0.11538345010210574,-1.5011259054795885,-1.2183240797429258,-0.13235987372520233
2015-08-31,0.02841540528334717,-0.6651200384469529,-0.497341892441042,0.2906913466817451
2015-09-01,0.09429048341207126,-0.022647279141856658,0.09457282085263333,0.42439233809831145
2015-09-02,0.07612274412105159,0.6112153195122786,1.1872518026734542,0.435409630480022
2015-09-03,0.8651881437246016,0.3189562473943841,0.44988392866731597,1.189971990180288
2015-09-04,-0.44368395893148704,-1.6847189335401438,-0.40773296305878104,-0.3308258032868949
2015-09-07,-0.2913016915130521,-0.303208243906509,0.6069467290593614,-0.19758025540477672
2015-09-08,-0.17033359969333903,0.022757784447842253,-0.011609323933613996,-0.2556075132953273
2015-09-09,-0.08680116606929253,0.41322833255847613,-0.5582284083859684,-0.14105059741485335
2015-09-10,-0.0037274990160613905,0.2959004679565815,-0.2728217211014517,-0.193407266529535
2015-09-11,-0.024893687841274992,0.6921381338011298,-0.38648822781901343,-0.11810437112723576
2015-09-14,0.08858109932256077,0.7868229937577349,-0.15715378361010313,0.07439206283483653
2015-09-15,0.05906207039336005,-0.07473556712028934,0.3195741618129304,0.15648115277998548
2015-09-16,0.04991432031878254,-0.3267286941918286,0.046704658322208194,0.06542046469067998
2015-09-17,0.03976529899590037,0.08775533520807369,-0.05101838813685535,0.030376501029328776
2015-09-18,-0.13815896702205402,0.824292282137147,0.21881300708292434,-0.0691023277688215
2015-09-21,-0.07603304610028461,-0.6969089578561932,0.11132110173203211,-0.0017002575833012304
2015-09-22,-0.07395072035374974,-1.1411386835181572,-0.4074797380526929,-0.10356180094411332
2015-09-23,0.004196820295509003,-0.9310137380608243,0.2765821015510153,-0.11490562262826894
2015-09-24,0.01162428479625828,0.34243441922286894,-0.008947769830226368,-0.17418416929190014
2015-09-25,0.09751267840597512,0.09743222674042434,0.0544322550807599,0.0021271025426685825
2015-09-28,-0.043868295862171426,0.12976431131925023,-0.19419410980980478,0.04169719800674889
2015-09-29,0.03173444476577273,0.36007218391733764,0.440869511458658,0.16468586485695239
2015-09-30,-0.11608237721288771,0.19680552833310172,-0.021780330356636873,0.03553578868244191
2015-10-01,-0.03981945711873409,-0.6556745591296173,0.026047063233661624,0.1533025851941338
2015-10-02,0.025214252363412158,0.03895324916113335,0.09833924019440458,0.14866485654396358
2015-10-05,-0.007076973984956237,0.28871226183022114,-0.14778312387309123,0.058055463281312475
2015-10-06,-0.5574716769672425,-0.7478059462412728,-0.9844639801778133,-0.5216154917359704
2015-10-07,-0.10715364294768656,0.6537978729053096,0.1282739682465333,-0.046877718428582765
2015-10-08,-0.945199981776575,-0.9265076529455006,-0.5705805531495053,-0.9046504140363836
2015-10-09,-0.5088545310594981,0.20448675515881537,-0.10743128440204877,-0.37666605536399406
2015-10-12,0.25656234903851494,1.3658561268431484,0.3298575836276592,0.4948962561395952
2015-10-13,0.3941142042085095,0.5296551453489544,0.4736820190088015,0.857249514403752
2015-10-14,0.17463206576040669,0.3543670812529587,0.3149659220316636,0.09179714830498226
2015-10-15,-0.13330269359440516,0.6604442189524977,0.5985962399677928,-0.276269063933482
2015-10-16,-0.4147583082284718,-1.0692025927082298,-0.3404060388198463,-0.4588989281636976
2015-10-19,-0.06842100279371127,-0.20493019311851174,-0.09842948264153677,-0.1629483694962689
2015-10-20,0.13540259043857064,-0.16808754260139624,-0.04677435007718204,-0.029054372174094872
2015-10-21,-0.021283483929997044,0.06357802375739934,-0.3500366595827494,0.06399580453946718
2015-10-22,1.9212600652445129,1.901736922830959,1.7789740293762424,1.9548849386646256
2015-10-23,-0.755840885583801,-3.734765330225269,-2.2580546919137703,-1.0154289237011231
2015-10-26,-0.438118592543933,-1.6714070286001073,-1.0013565389953372,-0.38330894964875095
2015-10-27,-0.3062073098604004,-0.13834258718695214,-0.04642065784399668,-0.30905007942383134
2015-10-28,-0.1475837349041501,-0.2635702916664018,0.4182395948657495,-0.1267034651997449
2015-10-29,-0.07722541841568617,-1.051609958416581,-0.17991310790264373,-0.1512046556512096
2015-10-30,-0.10218145247699591,0.21330501474341546,-0.22366585011553483,-0.0957109983196193
2015-11-02,-0.12213491751305258,0.29826998408072847,0.29278907319675607,0.49890466545831313
2015-11-03,-0.07520853577186275,0.0015194098183526211,-0.15617751920967535,-0.03480502413859332
2015-11-04,-0.11467881633683852,-0.5415702519504975,-0.36844968265415445,-0.06669740951183598
2015-11-05,0.0888325049295321,-0.8861205865051567,-0.275299123006052,0.12642097168757824
2015-11-06,0.15934446767826202,-0.021536298443710467,-0.12491979164154951,0.0105405782075449
2015-11-09,0.6468384064875852,-0.8511137373082476,-0.7379278946434598,0.44559953137319647
2015-11-10,0.031322207515630585,-0.3863242428329012,-0.48559633535820124,-0.26858659295413
2015-11-11,-0.32627717675170537,-0.6688097456405773,-0.495026625145713,-0.4849896920096383
2015-11-12,-0.7627278121230848,-0.531355613569743,-0.4423594182455351,-0.9146457235620002
2015-11-13,0.5148367602042896,1.3030726297251312,1.01414898070597,0.4599551481518873
2015-11-16,0.4665889697672339,-0.5182591434908873,0.6098843735186494,0.32837662094334974
2015-11-17,0.558675601660868,-5.953850350740031e-4,-0.28250597822811074,0.49038831987209647
2015-11-18,0.050017837026863965,-0.7080157095720482,-0.5227602096623946,-0.14420512261677787
2015-11-19,0.1394563996591367,0.13562767261711267,-0.11091160871536389,-0.06845649770311188
2015-11-20,0.38858359515624286,0.8697678030765912,0.7673599877037481,0.2953717746004323
2015-11-23,-0.1177392358545919,-0.8860492995842743,-0.1387629232036173,-0.22814181007024942
2015-11-24,0.03609554348310577,-0.15480136792424748,0.07401651386704156,-0.08261237491069956
2015-11-25,-0.2132163746664246,-0.26609863105150783,0.12059616651591193,-0.28809840982240265
2015-11-26,0.18551912736387996,0.05723705932826281,0.20976881804469816,0.16990760566942986
2015-11-27,-0.11195384713993115,-0.40175919504233265,-0.12658294437309095,-0.14028018757931293
2015-11-30,0.11657700643805816,-0.1405957458388491,-0.011659923429663589,0.02479460217573394
2015-12-01,-0.24062221433669628,-0.45092874012525397,-0.6247514841116786,-0.34905412917717543
2015-12-02,0.06020966552712528,0.5686919979389773,0.26311555217887816,0.009602203552552813
2015-12-03,-3.4392529090648574,-3.4221813390845903,-3.65112290618687,-3.4711192349173183
2015-12-04,1.4760860080756637,5.354137171547824,2.97895859028065,1.7309982104709678
2015-12-07,0.5693735484401241,1.0167317458846585,0.10558238910103923,0.5432421794450508
2015-12-08,0.2417024679739234,-0.2560851414811214,-0.15067467433427337,0.07479928525055829
2015-12-09,-0.34272191023352283,-0.018570407985909962,-0.23721967655050252,-0.5915382635728149
2015-12-10,0.4166320864995353,1.753685644135588,1.5484069445137212,0.13830779217704492
2015-12-11,0.4196499371738591,0.06746203104549148,0.6133362507330136,0.08555645642816163
2015-12-14,0.3534292387892563,0.4425870440483397,0.9501475900047841,-0.13044845348591727
2015-12-15,1.2568980451926537,1.2580326817955652,1.157766318965761,0.9111007285200298
2015-12-16,0.11838289857467643,-0.7855528068150979,-0.7947501354738147,-0.19228304420439613
2015-12-17,0.07289810844862481,-0.8079920117316417,-0.8808474182611017,-0.29481100747351585
2015-12-18,-0.3568716899994731,-0.9308711442708502,-0.6519499628256129,-0.7224887726779391
2015-12-21,-0.3555449524259692,-0.1847935040648105,0.6147697871171107,-0.4937884818705559
2015-12-22,0.13824527243889273,0.6956046088654916,0.6167327595043464,0.10009316071651209
2015-12-23,0.33304998182955503,0.8011016178752923,0.5758409419452636,0.33313768061706217
2015-12-24,-0.15572950865120164,-0.48780493074215625,-0.11179345989214357,-0.16461127235729817
2015-12-25,-0.2134415093041091,0.287900134593718,0.4839335991056114,-0.19912273180059764
2015-12-28,0.07643856764009982,0.26037593652608987,0.30040495947385726,0.09983697113916676
2015-12-29,0.32206124728281527,0.43968310608326255,0.2650134027947353,0.1530391545269445
2015-12-30,-0.3343167931945098,-0.8286732966908651,-0.6027931504210322,-0.389388043640353
2015-12-31,0.20063821894317113,0.2058635602769237,0.29359474359209103,0.09644241015154237
2016-01-01,0.10100919828870826,-0.6466848931204032,0.19897053683262084,-0.008774127002400975
2016-01-04,0.6914152482316462,0.3832942461963812,0.669012872431135,0.6244551085108567
2016-01-05,-0.3794430546894422,-0.9310289640590241,0.09686250201450702,-1.1075003597130157
2016-01-06,-0.7180922107362068,-1.4715309318745737,-0.14976237329115785,-0.8874281209095245
2016-01-07,-0.5329985950884059,-0.29332048638144315,0.27879180412588755,-1.096061832668155
2016-01-08,-0.3827367961869499,1.2094526481728225,0.9342299391303883,-1.2006278586691042
2016-01-11,0.4888926269189009,1.2349477453713047,1.3933094229053347,0.018493984707046218
2016-01-12,-0.16932477529485485,-0.8517712599105987,-0.5435039359766236,-0.049571102127060285
2016-01-13,-0.6543311149068171,-0.9416097878273085,-0.8638665251544416,-0.6226803895587069
2016-01-14,0.26041167894839806,0.7600350021714155,0.7518662840920658,0.28131603261212823
2016-01-15,-0.09355387891594649,-0.2687348940062868,-0.6916600474187669,-0.3264528426695668
2016-01-18,-0.007682588138338713,0.5279383172613441,0.8766431263174266,-0.046614727157455266
2016-01-19,-0.3547391148025989,-0.4164225367865728,-0.4266670238926139,-0.28400094588223784
2016-01-20,0.367244336074445,0.6220499856310222,0.30528112419009445,0.4361662046488134
2016-01-21,0.3256856234249072,-0.038935003708709254,0.5572111769966172,0.3392363445764919
2016-01-22,0.11911456969861392,-0.2314666938003672,-0.5886331113100558,0.07825749243594635
2016-01-25,-0.6033268723204508,-1.329587323902113,-1.3989586471197812,-0.6205128443138466
2016-01-26,-0.6772938292021505,-0.2163192145566215,-0.42944354182565425,-0.6470040552216862
2016-01-27,-0.36679945373257355,0.09329137983304248,-0.20536835042116297,-0.347952768168354
2016-01-28,-0.4820327423777067,0.167760572710024,-0.39044037416005556,-0.373409304237295
2016-01-29,0.6105082391519225,1.2244405109699095,0.4016699365234996,0.7443381248125236
2016-02-01,-0.343782262896668,-1.3631624702145517,-2.6069347473184528,-0.3295895843727932
2016-02-02,0.03486913297744704,0.48372383323115803,-0.1123922836349166,0.032724572287547715
2016-02-03,-1.4347196686717154,-1.0802444212102575,-0.6718410285494809,-1.4597483794757617
2016-02-04,0.5362266180830174,2.622243999968551,2.6797765767616415,0.6703354685379214
2016-02-05,0.4624107593216668,1.9175288284466703,1.9929646576802251,0.6818543089560243
2016-02-08,0.16621778227719275,-0.019363338639344252,0.3997083473552332,0.11268447085024375
2016-02-09,-0.5933965173226485,-0.3008045648116202,0.5248424279011354,-0.6346129307248587
2016-02-10,0.34403068197039544,1.5080761988541098,1.2780691257109102,0.36512111348552745
2016-02-11,0.40321822519412087,0.5758617003632895,2.267408909199064,0.3894686337637088
2016-02-12,0.22553172750641817,0.4823332402951378,1.317466307715836,0.18854536738506492
2016-02-15,0.3390149977200164,-0.46735497473280063,-0.4470748881007757,0.30243284343297044
2016-02-16,0.20875947765305505,-0.6076654643947468,-0.7043238026186488,1.354898267199253
2016-02-17,0.4778284029822216,-0.08011092372650479,0.3526429109170905,0.765754853841635
2016-02-18,-0.10958262904300575,-0.6445238098956299,-0.474568240558136,-0.16340524307439153
2016-02-19,-0.3087336976677701,-0.5476535987490897,0.5236132667585806,-0.18406080833950306
2016-02-22,0.2373743362643056,0.37550240070946916,1.25675485898988,0.2723276285288657
2016-02-23,0.03265582353928108,-0.8639640214132922,-0.16898237990853282,0.04345653059537319
2016-02-24,-0.4991598440031399,-0.794262311304514,0.40112927824730205,-0.5770494428312687
2016-02-25,0.0026897694492185598,-0.05365496070958814,0.2314929764322861,-0.0735770830780475
2016-02-26,0.7952212980308808,0.8773074292257049,-0.041019127315585005,0.7260480547841486
2016-02-29,-0.4132061621784711,-1.5533546157711113,-1.3930425809377547,-0.6146811170659321
2016-03-01,-0.2088787018516415,-0.7536427890813507,0.721183965043791,-0.4959777704134436
2016-03-02,-0.14684789863651984,-0.37011663286367,-1.1300345256314406,-0.25827807399564906
2016-03-03,-0.8221257828874362,-0.9098783384162845,-0.6581887236968187,-0.85501305405561
2016-03-04,-0.06658880603455553,0.8924285467880795,0.06515880063745025,0.27433122298674784
2016-03-07,0.12337187639310893,0.8496505926887695,0.06672879426252536,0.6726791465203809
2016-03-08,0.2127442128719484,0.5988260387349305,0.4654338518544651,0.36793828278486396
2016-03-09,0.05808130570813644,0.0025661668003065796,0.7654253987894919,0.3128398865354431
2016-03-10,-0.00983834770782737,-0.18117775484645302,-0.34395051492138673,-0.0035830743129010856
2016-03-11,-0.367061255528743,1.2922136826514685,-0.11522924988354954,-0.2952664481040033
2016-03-14,0.23071706422048083,0.7609986178343697,-0.38747690262809925,0.5014167932520581
2016-03-15,0.00982953700878536,-0.49016939036500096,-0.292662212188676,0.0673636194967597
2016-03-16,-0.9844628774088932,-1.0782285960293443,-0.4382181999350562,-1.1771408456308794
2016-03-17,0.5757669365079496,1.8344488188684365,1.364823601051037,0.42807667162180296
2016-03-18,0.32266158421295393,1.4122087927964855,1.6234502907550599,0.9247303382902208
2016-03-21,0.17135074442696968,0.06312540262232108,0.36805867001425496,0.5269886607099795
2016-03-22,0.08272690921513305,-0.3860915532578134,-0.5346093584474848,0.06214608226277646
2016-03-23,0.4512516413388575,0.1657029257785752,0.14130415644026142,0.34911140024677084
2016-03-24,0.02331566753712122,-0.5776615782093388,-0.3444808837141923,-0.31483003934993914
2016-03-25,1.3660653078176959,1.0564138756638415,0.8678798273067174,1.0516748905374358
2016-03-28,0.8411990089462177,0.2540161713787714,-0.2910248856608141,0.23600940850691476
2016-03-29,-1.0068173627527277,-1.064160421148627,-1.5351491266654234,-1.0052801081783178
2016-03-30,-0.6838315757049063,0.4023587141644809,0.0868070081442201,-0.6692449267837396
2016-03-31,-0.35268109279440407,0.5691018241085475,0.37316948969810065,0.47382893030609974
2016-04-01,-0.14425530051181945,0.6446154893776861,0.082001118128009,0.5797236516793014
2016-04-04,-0.13439834628241326,0.2441021148873111,0.6548921968523476,-0.18967639060463537
2016-04-05,-0.050860032323430615,0.09799786601525581,0.6491758555565791,-0.07100985542266208
2016-04-06,-0.4376655807005341,-0.4376368308775042,0.5727738105305162,-0.4247767414077708
2016-04-07,0.13228355847261053,0.46862448636228415,1.1884393115104679,0.1156743600953806
2016-04-08,0.08601442573116178,-0.1232737358339028,1.5227425715348553,0.34432247951544404
2016-04-11,0.030181419181811546,0.19434059614938484,0.5351220526543394,0.12064822088831881
2016-04-12,0.07781474935375693,0.20579284027898026,0.5700528631576072,0.22232180005775182
2016-04-13,-0.006755240880618109,-0.23634191368011717,-0.5415670026457511,-0.02858192948044931
2016-04-14,0.018623955683821837,-0.9849105207128244,-0.8529672794971508,-0.19080807836354285
2016-04-15,-0.05689841713647327,-0.45185143879183065,-0.22582875274303463,-0.23680038332722042
2016-04-18,0.1699230592201908,0.33096065483032633,1.3335138544521767,0.18468900641758476
2016-04-19,-0.0410706120193364,0.03651743021109584,-0.7237492550869715,-0.03931440988139864
2016-04-20,-0.05719212226361749,0.4259140064585249,-0.3991837467248822,0.21160935883028775
2016-04-21,0.12418822839670574,-0.19099747031268885,-0.5047112684968594,0.07745116106572539
2016-04-22,-0.1695744913588771,-0.4201374504640212,-0.029732551043829034,-0.3756809442466873
2016-04-25,-0.008663933630177242,-0.5483968667583594,-1.723186227505177,-0.4027609668009666
2016-04-26,-7.775245184780339e-4,0.1461437953286289,-0.23607950768856295,-0.090633242119591
2016-04-27,-0.12816942714381116,0.18364201170526662,-0.2821370306058284,-0.1845795022545473
2016-04-28,0.09888576510806497,0.4991358215833727,-0.16610188285413569,0.05453065157144858
2016-04-29,-0.012017433515647331,0.31791908969523347,3.0148369373378197,0.2516396831792752
2016-05-02,0.038174573355866256,1.08250396850289,2.451326270604692,0.2099463438894268
2016-05-03,0.67749021531471465,1.5265507155268574,1.4333411723241127,0.7678905207005369
2016-05-04,1.1568282389681532,1.0280131613562307,0.8974633518443049,0.8828160358441692
2016-05-05,-0.5492208683459536,-1.0402934194880153,-1.220567530892406,-0.8288680791041299
2016-05-06,-0.5203831558700669,-1.2629249407104721,-0.8750508824193899,-0.7659651861042078
2016-05-09,-0.26119704434186997,-0.4882521877626567,-0.27904667072279843,-0.3054969481619439
2016-05-10,-0.23376339130996024,-0.22334497613363216,-1.0559130391284506,-0.4956492116770924
2016-05-11,-0.1393881522736109,-0.18376085625573552,-1.1015555205648313,-0.2858711682756705
2016-05-12,-0.05392394234474857,0.4370266010066593,0.4217207324822101,0.28172522821474066
2016-05-13,0.030581719365118637,-0.24055316776098437,-0.44118933005499,-0.1652338479368873
2016-05-16,0.3643965270082196,-0.2573057060111553,0.6181261075823674,0.022592168498608733
2016-05-17,-0.1393966087157964,-0.4509787149352573,-0.5656281966776392,-0.34079464799224174
2016-05-18,-0.16331320505134467,-0.21641403916502278,-0.12569485553438522,-0.22096613122883574
2016-05-19,-0.013979391182518133,-0.8061308652401727,-1.0369547857746546,-0.18965375655216632
2016-05-20,0.03693322567043237,-0.35421596997667215,-0.026050176689398685,-0.1828773183508155
2016-05-23,-0.009134033204079704,-8.197473834369168e-4,-0.193280286903034,-0.1265023544946523
2016-05-24,0.058118993764546614,0.012997319448274034,0.6226791540924363,-0.14248503679119315
2016-05-25,0.1449689041834024,-0.5853714787601704,-0.4315944660019553,0.008959050675761443
2016-05-26,0.21649578373836353,0.13529224648737148,0.05300425312522106,0.17945299757642366
2016-05-27,0.17871312835952818,0.38322827052040254,0.4232032257265887,0.09845523519423709
2016-05-30,0.2234553881052365,-0.5044805150921905,-0.720099809966974,0.07064381778110397
2016-05-31,-0.0302881526630136,0.021693940907422354,-0.4451808406884217,-0.4342845714658083
2016-06-01,0.2579869822703134,0.1718922543726865,0.2992256323051371,0.047100844328659575
2016-06-02,0.5971934790089439,0.9668102657326005,1.6107583335752969,0.5826182953067499
2016-06-03,-0.2065441701282788,-0.608191880774365,0.46781513346441017,-0.40125997536202584
2016-06-06,-0.2996627108245359,1.4087933284907819,1.9505063814221435,-0.09008908440808255
2016-06-07,-0.27997073779570447,0.45329301609192413,-0.18753002254863693,-0.1290659786747956
2016-06-08,-0.2998012046835883,-0.042280039436995764,-0.01151115847954156,-0.3148452094049765
2016-06-09,-0.02084191888625722,0.5832836308469632,0.6032822203064304,0.1302119159145432
2016-06-10,-0.15384254849588105,-0.7713474686123863,-0.2522795733476243,-0.06273449945153997
2016-06-13,-0.14937088367671147,-0.9576512228832519,0.41937114153025623,-0.08867429166527654
2016-06-14,-0.1694340090946272,0.08039053006279046,0.30807948199016966,-0.48663009256227974
2016-06-15,-0.3690418643691352,-0.9330658083638597,-0.04255108486600041,-0.6928430332412239
2016-06-16,0.3105577359366084,0.6919934424218839,0.7488595157859602,0.3853336848694522
2016-06-17,-0.18218763574894883,-0.25479635394152617,0.8996309518629627,-0.31944013800785664
2016-06-20,0.12933054902474939,1.0218505761546257,0.5986185398576,0.12290867027381347
2016-06-21,0.619801024978025,0.6248550380140798,1.5079261163662574,0.7787696305424207
2016-06-22,-0.7565240769045809,-1.5867639605249162,-1.503252287970024,-0.9164582137816939
2016-06-23,0.19132228512807714,0.8558453004627281,0.23119302747351472,0.3546525871688406
2016-06-24,-0.5851616469772865,-0.47667813903433137,-0.8693173782738471,-0.5075063666849118
2016-06-27,0.278939325049955,-2.0842855022647613,3.0571093918292407,-0.31139832884107144
2016-06-28,0.2673051694284367,-0.7362386558040022,1.3096206454670012,-0.5231073719785199
2016-06-29,-0.31857898494584413,-0.1765524464253418,-0.9648102026725066,-0.7142837709009782
2016-06-30,0.45511473560281407,1.0842269948079184,0.2906744573175758,0.43412730721180337
2016-07-01,-0.25230610159665656,-0.3964102197930867,-0.7331070372916259,-0.46739541008544716
2016-07-04,-0.24668570066136952,0.011150408249873983,0.2607930624167023,-0.4593305231922524
2016-07-05,0.8616251477168988,1.1517407935563595,1.061480417820846,0.6199650639257411
2016-07-06,-0.5240774830347511,-1.42943950846323,0.6119167931208158,-0.9344209155270129
2016-07-07,0.0968378186383217,0.28613179733629723,0.5918339037169489,-0.28662949473974503
2016-07-08,0.018665141768351344,-0.2531393989969484,0.49080951549599106,-0.01825659889035966
2016-07-11,-0.22552727517303495,-0.5117848244406563,0.005578917520528387,-0.3518009079469481
2016-07-12,0.25736280193182715,0.3656502361417405,-1.405166808368571,0.11855710887246151
2016-07-13,-0.1966959660135548,-0.1982813986865513,-2.9249103584195657,-0.21152449591796796
2016-07-14,-0.15762160011508655,0.19156654988258842,-0.25127664698414653,-0.11682237640098128
2016-07-15,0.9831477772804562,1.2391324851781258,-0.059830385719208276,1.0572732931031585
2016-07-18,-0.6072263994406832,-1.3083985016858228,-1.484794877118113,-0.6764498558804574
2016-07-19,0.23196365532367763,0.3720353548356254,-0.4830709915043269,-0.18711710279949287
2016-07-20,-0.24395572453712555,-0.8000135983936348,-0.5213429475516688,-0.35100850284656077
2016-07-21,-0.19582744285091236,-0.2380886849610696,-1.2002515233728108,0.045143236392040736
2016-07-22,0.3345176789903942,0.5030365288964493,1.4076416500866369,0.5125557172767669
2016-07-25,-0.2126299693221312,-0.8313196744828057,-0.48737481542878264,-0.43226912698010944
2016-07-26,0.06494372704119042,0.12862653335408936,0.7575502088397046,0.17969891864298623
2016-07-27,-0.6587215351967171,-0.6898488134139783,0.21846951550177227,-0.4573897959641082
2016-07-28,0.21568949700032208,1.1853262423035764,0.588771120040193,0.41665083206596215
2016-07-29,-0.5114171727250518,-0.18045155117911738,-0.2734400347660726,-0.25754967096464143
2016-08-01,0.2655319438666513,1.276993521843238,2.8301337323108426,0.6482575064910148
2016-08-02,-0.05547827553549753,0.17443164676612605,0.5925890500244293,0.14477421931598528
2016-08-03,0.6440530296784654,1.1875224649110045,2.122940805247633,0.949680394851532
2016-08-04,-0.06718822565827942,-0.7019238983676579,-0.10101588143139117,0.019794262288319542
2016-08-05,0.48590062028960135,0.16058771394732127,0.6336372834020805,0.4189397824546212
2016-08-08,-0.2645312919707828,-0.9209696668536703,-1.3065790361233531,-0.8622667556517848
2016-08-09,-0.40025004899172745,-0.5743057160708326,-0.7641186097656493,-0.5056961417901189
2016-08-10,-0.05471233313733473,0.3045282528925281,0.330835117009315,-0.004511074770108259
2016-08-11,0.14859133005925773,0.909485707511722,1.0505001174596276,0.42053458068500194
2016-08-12,-0.09990513264392147,-0.33539709144963786,-0.5455841118842959,0.23577958166957402
2016-08-15,-0.10258290294833405,0.10542988520341477,0.31441017651723807,-0.19797226648879737
2016-08-16,0.11009410685821931,0.35884776446424094,0.30881844273785153,0.20892140741445586
2016-08-17,0.017669843887296824,0.8790924504385459,1.0738878359177733,0.22309840413183418
2016-08-18,-0.189867531539524,0.2732617697678296,0.4110564869621991,-0.218475087641792
2016-08-19,0.12484377670634128,0.7721131217333055,0.15748552282038686,0.4553995971088392
2016-08-22,-0.18772209086575917,-0.47967305630772983,-0.6585047391895618,-0.35572310141847946
2016-08-23,0.4174470525926589,0.5718673515643835,0.6398568778379302,0.14278028712521676
2016-08-24,0.11609939083713158,-0.12765115318860623,-0.011334872083974018,0.037350240595195185
2016-08-25,-0.005891565759549258,-0.44501856097656844,-0.320709202743648,-0.32179757590914404
2016-08-26,0.785599197471636,0.888943806817044,0.6912882323033266,0.5996176789719454
2016-08-29,-0.4239361709912484,-1.4434582571899197,-2.0513475181842544,-0.8747564808219592
2016-08-30,-0.010614045863748145,-0.25360407592131884,-0.24796555223913092,-0.16875512015067445
2016-08-31,-0.33450963461389366,-0.7602964404395858,-1.4362010493995432,-0.4974013070469168
2016-09-01,-0.5029992408418656,-0.464308570375921,-1.143269007261769,-0.524959623363759
2016-09-02,0.3243447288607219,0.8488345845980061,0.3381799228688188,0.49012978491004344
2016-09-05,0.11784060055074289,-0.16699920696871523,-0.6342875417720996,0.010228294906901414
2016-09-06,-0.8142582438098217,-1.016383695694658,-0.6658434502586049,-0.8228701996866749
2016-09-07,0.3398957398748965,1.4244400854203638,2.580471540496571,0.4188154426428068
2016-09-08,0.36853390342457815,0.48561278873104863,0.6242827758690485,0.5619180964100566
2016-09-09,0.2542081888412208,0.44702395985630394,-0.2552240922011336,0.3291445175499327
2016-09-12,-0.2441921985405289,-0.5320386974478505,-0.6052422642091176,-0.47847506058995104
2016-09-13,0.11847872514683488,0.12630224900537115,0.7625576243369842,0.027217664936241448
2016-09-14,-0.2597915549996544,-0.5150902658270395,-0.8442825284460846,-0.2835410189053772
2016-09-15,0.013374725431221729,0.26964384842672406,-0.11954390905453657,0.06745539195509109
2016-09-16,0.6986456400551232,0.7611126902190986,1.1829820573229248,0.7569881059914856
2016-09-19,-0.3513952889575684,-1.3279007211328782,-0.7240278610303422,-0.36340989295002846
2016-09-20,0.23878387804941814,0.24487416100441511,0.6924148578460562,0.3254775313283508
2016-09-21,-0.4999176440442878,-0.8104923083227272,-0.14792737627922398,-0.5198538594829445
2016-09-22,0.2618837005283676,0.6708705958063884,1.6688507317492511,0.22621482311527052
2016-09-23,-0.07990343731326516,0.11674126412053651,-0.18238585130733526,0.028528986707319154
2016-09-26,-0.0947715998621092,0.24969174528479346,-0.15707422333882842,0.06900030626908885
2016-09-27,0.2965258944598237,0.5262592594629139,0.8350906398482557,0.23472204234077526
2016-09-28,-0.0993895614762329,-0.3894847243249892,-0.14327986352356525,-0.18612529183187634
2016-09-29,-0.11131510000208814,-0.12184803425090557,-0.556278628700329,-0.23202795200592705
2016-09-30,-0.7452436316812397,-0.7624953327108367,-1.1026162107743591,-0.7051664723953599
2016-10-03,0.4862830054111207,0.8449999698257211,0.2596753317919762,1.022516107352771
2016-10-04,-0.22912682864645612,-0.4848303319710254,-0.7014622056786015,-0.5011720930733757
2016-10-05,0.29199631944149085,0.2870809071124668,-0.8132171608763097,0.1971449792020224
2016-10-06,0.3752208383655614,0.26144148110597215,-0.6075485949480879,0.26940785610952794
2016-10-07,-0.6673668770215158,-1.3878663342083637,-1.3726735645954058,-0.7627420085167251
2016-10-10,0.3420799952711524,0.7946201325970266,1.0691066304636077,0.2912642089742932
2016-10-11,0.23792329623725383,-0.23051250421853603,-0.31312393160073404,-0.2749257947297265
2016-10-12,-0.0628008248257434,-0.9908037366034775,0.04090579736158982,-0.5937455029349528
2016-10-13,-0.32604782560190904,-1.0462453972770178,-1.2018462420868885,-0.5395918962831057
2016-10-14,0.40948331611366273,0.6309835849848685,0.8139573348625189,0.16134406540199236
2016-10-17,-0.19834982729926465,-1.0002833785212846,-0.5146621229329136,-0.38822269679289434
2016-10-18,0.24205928174086816,0.4912874167927241,0.3926844518829328,0.1461362283758658
2016-10-19,-0.03287815647713327,-0.3824497468664564,-0.07914609378778117,-0.2733380724514801
2016-10-20,0.3069974789942746,0.19295199120959838,0.7612145311404575,0.2917127304655476
2016-10-21,-0.13364723104721749,-0.6717858762767918,-0.7893602109498998,-0.27719107270631294
2016-10-24,0.004158376336696384,-0.5589506629614935,0.03733228183174969,-0.4088859604486252
2016-10-25,-0.14764761642093557,-0.38768651780669156,-0.5271721603452836,-0.5182523305968374
2016-10-26,0.10021622849758371,0.18051477084347983,0.19525841969650184,-0.15496141291084461
2016-10-27,0.18439128135284671,0.4050057646694606,-0.21142988456680933,0.19948711143442724
2016-10-28,-0.8079524181335419,-0.903599604512748,-1.6000034585195764,-1.0360688646393645
2016-10-31,-0.05852457278389139,0.9309538877687972,0.5792553752942698,-0.10249010194166114
2016-11-01,-0.1136374030649796,0.10600724199840333,-0.1496583826894233,-0.003392451801954445
2016-11-02,0.2172954338944462,1.0799812735953187,0.9399037564862973,0.4080197788336704
2016-11-03,-0.1488983259242288,0.4155685207938653,0.6838852970425822,0.22283571333741514
2016-11-04,-0.1145226292333019,0.1495932430368844,0.4954965525472831,-0.1846203784903149
2016-11-07,0.4442513144615302,0.5497565913291572,-0.4415594326582642,0.5728730391207255
2016-11-08,0.3598571500251782,-0.18740257721399212,-0.27739264827640564,0.12215771298147052
2016-11-09,1.5250873468829984,0.9455959258261798,0.6561235384134283,1.211937695484934
2016-11-10,-0.559777408428786,-2.1049058823340268,-2.085161068691478,-0.7514060585644887
2016-11-11,-0.2855846520633655,-0.8728987306982675,-1.5013526166831273,-0.6872903448662353
2016-11-14,0.13733018165551183,-0.552879247218655,-0.14537515075119123,-0.1096777357963219
2016-11-15,0.08909726866796576,-0.8562100309708984,-1.2762478266548702,-0.649810603047368
2016-11-16,1.4677750059306616,0.9343493109155527,0.2653750971923428,0.8793782303050637
2016-11-17,0.41562000497162815,-0.3932552458021372,-0.17733929553273942,0.9986351372637285
2016-11-18,-3.2328157263333823e-4,-1.1612673700588854,-1.651903580906738,-0.9935622109168517
2016-11-21,-0.10829258251413841,-0.8316846969285634,-1.2453986325294713,-0.8781101043293711
2016-11-22,-0.1297932179433813,0.19532393876217746,-0.14036740951610183,-0.48728590608764083
2016-11-23,0.9875417995633125,1.0797738029801165,0.7046911679990363,0.7972793122390722
2016-11-24,0.5724141284031923,-0.5395967254938194,-1.236811319707022,0.09395812019998662
2016-11-25,0.12014252479762469,-0.24027170609942852,-1.2272110994752943,-0.29706497969557955
2016-11-28,-0.12303627431454692,0.20537486060858298,0.006136853150812971,-0.408770339262052
2016-11-29,-0.6285863950780052,-0.4046193179296475,0.30661682852191585,-0.5518678055259447
2016-11-30,0.07606828144208688,0.5937188019772128,-0.14200794318444243,0.2941269928063759
2016-12-01,-0.25868058507926434,-0.6536141194173803,-2.3056868791889187,-0.05166105299193918
2016-12-02,0.1103357723819956,0.7367349860922182,0.2737345173401161,0.4493345483337973
2016-12-05,-0.28271388651498025,-0.8874382292868492,0.08569078460852095,-0.2376602104114791
2016-12-06,0.6511375645052229,2.1948775988579854,0.5356897654954436,0.9070955299626152
2016-12-07,-0.17239076596535935,-0.24079147900317643,-0.5805943371512372,-0.0957589433862534
2016-12-08,1.5246062960611977,1.943255645270464,1.7565359084822623,1.6006389381116986
2016-12-09,-0.7413617224305633,-2.3965364220082326,-1.477943580936972,-0.8030207293657549
2016-12-12,-0.7400652039580622,-1.720432253832782,-1.8863696412359616,-1.253470105142906
2016-12-13,-0.22162188926296644,0.593983493317328,0.031457053901097765,-0.3039884559732854
2016-12-14,1.416230654776224,1.61870175523933,1.3691613212037215,1.4632011498891526
2016-12-15,-0.16483440928385384,-1.6270886452071076,-2.3413033895840174,-0.4184793271279591
2016-12-16,1.6325043734630613,0.32215647230347,0.16586524973212158,1.0661465197667221
2016-12-19,-0.35367158682232325,-0.9612650751401683,-0.928526842127899,-1.126005905349876
2016-12-20,-0.6107476539628329,-1.112488165171504,-0.025712889099010178,-0.9276858684731983
2016-12-21,-0.42084041371517017,-0.535142234677203,-0.7658254240399643,-0.5020391097152168
2016-12-22,0.01799856404883793,0.47869263282467966,0.28056802998478025,0.12569999347108707
2016-12-23,-0.09610752097228326,0.12688416282765647,0.028611325528112075,-0.024585192551271423
2016-12-26,-0.11281980034797626,0.1494616153717339,0.152406119521899,-0.13755320698290133
2016-12-27,-0.07841499448781203,0.058013775898094304,0.13681813539429638,-0.07492861318862888
2016-12-28,0.07683632935645672,0.19424854780339598,-0.07981816087937675,0.11614878607467774
2016-12-29,-0.2837079836894025,-0.7054729291996146,-0.019564980127072147,-0.4924522052752963
2016-12-30,0.4951523002739867,1.9607612606433193,1.366859340001506,0.5867959879781628
2017-01-02,0.050889592892327584,-0.10786928244106109,-0.30240955204210784,0.08595441923652189
2017-01-03,-0.29492764652626285,-0.9974933779257346,-1.0133590881828596,-0.2825067936751981
2017-01-04,-0.702258757272986,-1.2121467446514835,-0.9601653086039533,-0.9011991921756486
2017-01-05,-1.1550503625026134,-0.3219943074294743,-0.5417709280704156,-0.7117389046783681
2017-01-06,0.3482871580484047,1.9555153675802417,2.4896820551734877,1.2120130114912802
2017-01-09,-0.7771106545344093,-1.0898349811368684,-1.8765591740955947,-0.7628159267710141
2017-01-10,0.243591474566685,0.9238776961579017,1.1659324094007468,0.031082353259945128
2017-01-11,-0.6536892824155027,-0.86153390948703,-0.361001071728364,-0.5631245236726692
2017-01-12,0.5269953171510773,1.0923853137552229,1.4928600623884403,0.4089472112258742
2017-01-13,0.04115806841976677,0.23350974662575766,0.5364374425454097,0.5342873962297334
2017-01-16,-0.10084994081988784,0.05729329570498831,0.4144816607885172,0.10713789398521101
2017-01-17,0.03255907239161476,-0.1297376181530984,0.2830599351149755,0.2659175350384651
2017-01-18,0.5323639250280585,1.3530866337987086,1.7184565456166583,1.332202927869725
2017-01-19,-0.17998885356372796,-0.73814089006068,-1.654286049781553,0.31146323329784503
2017-01-20,-0.6167067770365249,-0.4331343271260655,-1.1854615179643828,-0.6770529177016688
2017-01-23,-0.30733278493346344,0.4444675406903037,0.7442135236596183,-0.5016614173667434
2017-01-24,0.39276329069551946,1.1570248468412785,1.7114997742822202,0.7690404358832093
2017-01-25,0.23285907126575167,0.04875999818214061,-0.43774042395909585,0.33521774167462026
2017-01-26,0.5922847551230382,0.6808615286594283,0.8009405373883077,0.27223500329761163
2017-01-27,-0.16068850776702048,-0.9597516190628559,-1.3086981174013557,-0.44751020728270635
2017-01-30,-0.41913703552365567,-0.3259390226265328,-0.8935973225892375,-0.6298413515872454
2017-01-31,-0.28972063106824775,-0.18238867830733158,0.595538870510611,-0.33992914881735486
2017-02-01,0.5688414579699774,1.5762817010287917,1.7248466992015086,0.591891772221215
2017-02-02,1.872409071801725,1.6701598358083343,1.5302903923913393,1.8112811005332299
2017-02-03,-1.0937870588814598,-1.7849826535970317,-1.3319488411406644,-1.2509856820865983
2017-02-06,-0.4073672764126623,-0.08662081005576144,0.00487965502132276,-0.29912365615119296
2017-02-07,-0.18779506536209645,-0.3327983085123575,0.7879941977024317,0.025987036372170758
2017-02-08,-0.23728171511169613,-0.832537471685566,-0.38784953413383705,-0.41158728651473137
2017-02-09,0.5904714997036266,0.612590135192556,1.00955341066524,0.6877343821179422
2017-02-10,4.787168354096205e-4,-0.48931893680121247,-1.3793015100734956,0.0667755543968217
2017-02-13,0.591376570812778,0.07328175723187044,-0.23957181185045423,0.24079125786948402
2017-02-14,0.7206976928491413,0.1807330613997643,0.46924481414308616,0.7151332758891955
2017-02-15,-0.26607897188593244,-0.844785926396115,-1.0937308347826051,-0.1370942493599165
2017-02-16,-0.226593260924247,-0.04865515949771684,-0.22109094937468676,-0.16042941117205456
2017-02-17,0.6553278019989429,1.3895307621688933,1.4391100935055134,0.9381220967944826
2017-02-20,0.31899532001321007,-0.08456626804147244,0.6898917471950229,0.3792123664168754
2017-02-21,0.21868707002183432,-0.16625371548094264,-0.09974773726753117,-0.0982022755328967
2017-02-22,-0.46797638559666377,-1.2905136188115827,-0.9749823859089249,-0.721322599415525
2017-02-23,1.9083563179058287,1.9128620881555514,2.1297922025132965,1.9345611832197964
2017-02-24,1.1094076663531105,0.8110820863321815,1.2150344592340327,1.103251082843607
2017-02-27,0.516457793740391,-0.2169647055610634,0.6324187958990737,-0.07952136513758512
2017-02-28,0.24336107105427618,0.15652417853272732,-0.3826740077395909,0.3266110698120305
2017-03-01,-1.484694214232122,-1.7291207648598312,-2.0418932954281876,-1.4034722552900938
2017-03-02,-0.5442492970482309,-0.4782325387893981,-1.1536012438279986,-0.6213039198255923
2017-03-03,1.280290777874603,1.2197585494426444,1.0803990041706486,1.1999029478185148
2017-03-06,0.6130956780910357,1.248540651203017,0.5784585403271965,0.3509414305502116
2017-03-07,-1.178367716172819,-1.5602586962252465,-1.44609548940218,-1.372742192391242
2017-03-08,-0.6677232750051917,-0.5084470162503405,-0.378174212354226,-0.7680588800468823
2017-03-09,-0.7277763885949204,-0.6886397900595036,-0.8533875319989411,-0.8723084699821188
2017-03-10,-0.9361652354935108,-0.40653022476016887,-1.3836586448291097,-0.9366918601310941
2017-03-13,0.21478597991653525,1.7155903144022844,0.7443767659064828,1.0617462026469582
2017-03-14,0.24351842457648393,0.2780752743109818,0.17228155051163752,-0.13189163997175102
2017-03-15,-1.0087138404933966,-1.43981109583978,-0.8846326602559135,-1.2519245084512862
2017-03-16,-0.2349260123157016,1.1179550625223245,1.2266406396436766,-0.2799953870664503
2017-03-17,0.27578728058489393,1.106920214109284,0.8383312494103488,0.5132834569350382
2017-03-20,0.3615710228048178,0.2379823610676341,1.0293022954866475,0.3629901170284203
2017-03-21,0.09783294617992022,-0.10090046860288088,0.26962863961193756,0.04460720443744229
2017-03-22,-0.06919449164547523,0.533377886871631,0.8794304042524872,0.20076334081421668
2017-03-23,0.13142462609028324,0.13206246201817168,0.5806673909726402,0.31056190762809394
2017-03-24,0.09430362120292392,-0.004189923621375054,0.5135837875233054,0.14120021978150227
2017-03-27,-0.048976776818272144,0.49847208333004955,0.45303700939023006,0.43974653964038063
2017-03-28,0.3351137629083583,0.624136398126937,0.3015075962884864,0.3328333060013655
2017-03-29,0.014978065635813498,-0.3979748224502241,-0.5120181553086267,-0.10098233155219791
2017-03-30,0.3516664718862433,-0.31853152198157625,0.25559534179449594,0.15108793589756356
2017-03-31,-0.17936676333841706,-1.1706772032250459,-0.8782645878281308,-0.3328135947267444
2017-04-03,-0.5840466388292341,-1.0051049863246941,-0.2754223715812224,-0.5263436080089626
2017-04-04,-0.7185674823808321,-0.6568458561932577,0.060490266109662696,-0.6982592048485126
2017-04-05,-0.123873854238357,0.21232466627125268,0.2056323354425123,-0.07911777570449052
2017-04-06,0.08935401905443273,0.15737581657436078,0.6541178093610851,-0.003569102284708678
2017-04-07,1.379133333699517,1.111462556602985,1.051396528146547,1.2656177653463407
2017-04-10,0.8271734506173076,-0.269749424482703,-0.006099526018181922,0.5501280364518192
2017-04-11,0.522603029951631,0.07733536365878324,0.4692122743058168,0.3464848375841264
2017-04-12,0.3968268644785815,0.22822045278717687,1.2398122161919172,0.44423853836643584
2017-04-13,0.1340202580752719,0.5175502716044593,0.8837841717854609,0.12923212621667152
2017-04-14,-1.206379412609491,-1.6392803114188088,-1.2097959437007637,-1.1549147374007074
2017-04-17,-1.0564875697833818,-0.8738368266213037,0.043833103602799184,-1.0055482619423866
2017-04-18,-0.8886778743007602,-0.18744925849184219,-0.9508717593528491,-0.4580873674256438
2017-04-19,0.19666545490521514,1.473751699994484,0.9925730140503412,0.3019131343955888
2017-04-20,0.30398785299416636,0.5093281947308738,0.20166556842366978,0.28712582517645846
2017-04-21,-0.4700742899300143,-0.5014174248653719,-1.093410852011172,-0.4390162281862735
2017-04-24,-0.11018771244145792,1.4981847332057914,-0.6942635125369466,1.2516406151439605
2017-04-25,-0.21124655505633677,0.23446670806120412,-0.04206206305532542,-0.786492222680387
2017-04-26,0.09388234325190742,0.8780831968242759,-1.0618023547107784,-0.19112510862741175
2017-04-27,0.35713895027848264,0.3929674825490225,-0.14555060643647413,0.04462314693684978
2017-04-28,0.43381418215966683,-0.07546048559282889,0.13933015978116264,0.1684794739667799
2017-05-01,0.21370445219807005,0.32065033401804865,-0.08048682352002434,-0.18216270135861454
2017-05-02,-0.28346328035385737,-0.30317963806138565,-0.8960509019691729,-0.2371867535768501
2017-05-03,0.1201834687989059,0.44598599842972403,-0.11089217893637723,0.1587987170334187
2017-05-04,-0.5791516300115759,-0.9435209037948764,-1.410344956430832,-0.6134119423153525
2017-05-05,-0.3297050390130031,0.5826315161865019,-0.1723036156647144,-0.2870343328212359
2017-05-08,0.4053675419569125,0.6386496145779454,0.4268431615249796,0.6079617800133333
2017-05-09,0.2183939958963443,-0.17599552235022606,-0.38821790936944944,0.011444602121840064
2017-05-10,-0.04412816009163731,-0.6080470474796063,-0.7060182001875214,-0.2100543201699048
2017-05-11,-0.022704171590031647,-0.3308139807075613,-0.7571461610743467,-0.05011543798066008
2017-05-12,-0.7586126291880269,-0.8998043328196667,-0.5138163056764978,-0.7819621646908698
2017-05-15,-0.05376806130332912,0.7082066100735617,0.7350769484614431,0.012290018499124755
2017-05-16,-0.3114985432947225,0.43713612234179544,-0.38773726012659493,-0.15429612192247683
2017-05-17,-0.2997872663880308,1.0432631360322397,0.6575200637328675,-0.11332384319846084
2017-05-18,0.6580727042109769,1.724798651288042,2.395908303499411,0.8872188892771914
2017-05-19,-0.25306524110654793,-0.5110723814218634,-0.19606592808692225,-0.2902173540152391
2017-05-22,0.14922296067125346,0.9655627348323053,0.35208912254853775,0.6598607149494918
2017-05-23,0.6368736973805061,1.1454569038590354,1.0030064910696324,0.4589818897063609
2017-05-24,-0.4039641863357108,-0.9745518504617019,-1.4558800032958348,-0.6458445100990821
2017-05-25,0.10984600600892369,0.5188814328642973,0.3150407317182986,0.025611501577934626
2017-05-26,0.5229991697156066,0.4356826805718385,0.364092261114353,0.7934325751054726
2017-05-29,0.20171942102032386,-0.29617091298834186,0.412613222580344,0.46607349057361075
2017-05-30,-0.4751513720793099,-1.1121641604135684,-0.40347338246201836,-0.3348333539113741
2017-05-31,-0.22980114645178212,0.10260199307928419,0.24511688902358958,-0.11304167514423465
2017-06-01,0.19865932317020554,1.0128489360872253,0.45154403084580264,0.9315049077363622
2017-06-02,-0.5636627582004008,-0.6210085813073318,-1.1291710596276923,-0.14241805375990235
2017-06-05,0.13762524960997918,0.8715602948487124,1.0282664614205568,0.3457817727607749
2017-06-06,-0.02276523143512972,-0.05198028494041673,0.27120260486597186,0.22698006459449746
2017-06-07,-0.27881224705791335,-0.15127091514602173,0.6086276378922798,-0.03721970452900984
2017-06-08,0.4733602455449627,0.454270420605508,0.4688418572712185,0.5983694564655784
2017-06-09,-0.13359817742331537,-0.9123328066366654,-0.24895433092489727,-0.12544143385758583
2017-06-12,0.18641753983665446,0.14097048581231164,-0.1947674288260667,0.4126403044033832
2017-06-13,-0.01498161091124861,-0.13786330853170026,0.14588212779422263,-0.09436943796205699
2017-06-14,0.08029209394100242,0.16019285598919528,0.010877020555696483,0.02066219133056437
2017-06-15,0.018120447454385284,0.07969613306935298,0.5267959529900906,0.09468186647299759
2017-06-16,-0.015696997274142505,-0.6183862234281453,-1.2375228655515356,-0.2328465147325426
2017-06-19,0.6239818789504895,0.9919471902147639,0.2654348370479416,0.582246771693147
2017-06-20,0.05006428649425909,-0.5985615536362786,-0.9015020694424103,-0.2575671185231285
2017-06-21,-0.3134211012852116,-0.5966138744204015,-0.3071468658469462,-0.5821913930808724
2017-06-22,0.10214455531532216,0.3823355176046303,0.225763264796091,-0.04855948023609086
2017-06-23,-0.3084081113609267,-0.41084964370619725,-0.28649548250265866,-0.48987328842393585
2017-06-26,0.06522985015176375,0.5688234557082761,0.216154231184616,-0.0047875697667780215
2017-06-27,-0.5561800731191151,-0.5576301809251114,-1.0872674931725772,-0.6808519086699214
2017-06-28,0.19125534490711749,1.7436649760815823,-0.0827660513981251,0.5628028663528691
2017-06-29,-0.04787651202374396,0.754401562854085,-0.33800402486843817,0.32482542839835604
2017-06-30,0.06009212080331453,0.8389672115134387,0.2970277355895171,0.47633009246857627
2017-07-03,0.36326823539683833,0.42239256032209566,0.18859136752888428,0.6967605661815857
2017-07-04,0.13887844115148218,-0.4082917161514138,-1.0252274131323988,-0.026420436765476618
2017-07-05,-0.18727155266711043,-0.4974632355048617,-0.20169648068608115,-0.2709458218669075
2017-07-06,1.655660490199605,1.5007831487684298,1.5122772323532796,1.5930925294649216
2017-07-07,1.0811002812561994,1.208217236309142,0.5429090093171463,0.9391462608075056
2017-07-10,-0.9029718201600155,-1.3802335138565132,-2.144078762440556,-1.1032608051712982
2017-07-11,-1.2012555218616952,-0.4252262996492026,-0.63482859792418,-0.5985801819717286
2017-07-12,0.23101736215247382,0.8076282400135752,0.34568323950190694,0.018382116246736024
2017-07-13,-0.3307475738403559,-0.7049340795628759,-0.0069067107836422725,-0.2614072110711808
2017-07-14,-0.5756077590433073,-0.720356529977312,-0.4471917620939208,-0.43418065233643505
2017-07-17,-0.04067417493287845,0.7164536873566612,1.0856511399331699,0.7008474973534664
2017-07-18,0.167214018182378,0.4038039282584124,0.3501350902912661,0.1431996937014946
2017-07-19,0.16102001525647236,0.8374874172134574,0.6835943513898876,0.4923875688963607
2017-07-20,-1.0593168467870653,-1.085078302736472,-0.8506475901599209,-0.9787499698178407
2017-07-21,0.30953969949218674,1.4936216426019804,0.7028314413178951,0.31831009941077304
2017-07-24,0.3916950384336287,1.115798056380131,1.252883153295822,0.9554557787397495
2017-07-25,0.22334098077688552,-0.041400955797956884,0.09474638212384479,0.04914482484074878
2017-07-26,-0.772974473289668,-0.8743636169827403,-1.5732021273477563,-0.8793966820854165
2017-07-27,0.6263257614268379,1.5469609780077085,1.4208056790706796,0.5629839378517792
2017-07-28,-0.20877461331984648,-0.45389592608900015,-0.14587833965205765,-0.08149912902802775
2017-07-31,-0.6950061364190676,-0.2059243590797999,-0.07987264649562917,-0.5943485255991638
2017-08-01,0.5545166646565675,1.5707931129953545,1.0955737094752955,0.8590668077312154
2017-08-02,0.10009914328214442,0.13385031413408816,0.01689585954746614,0.4003389600104517
2017-08-03,-0.009987534044728685,0.306798410092135,-0.3604949024596622,0.02648530685337616
2017-08-04,1.116056142685332,1.5015492084149658,1.7922464410692809,1.227370738360248
2017-08-07,-0.12643361631248906,-1.251445966366223,-1.0859814263937648,-0.8910176324616361
2017-08-08,0.44757084807332204,0.33086010424300516,0.23638729500663125,0.6974377441244054
2017-08-09,-0.491193446700606,-1.058241736150616,-0.10998669363806192,-0.21417879710050197
2017-08-10,-0.4950904763338085,-0.4598551075774281,-0.1770444294473441,0.2591139812889368
2017-08-11,-0.44396569691575394,-0.20664709452046343,0.6690663369443822,0.39194760096980963
2017-08-14,0.40679713348281443,1.0848946801336774,0.7646967021712562,0.6493693823335027
2017-08-15,0.19696772183962155,-0.14057470594656313,-0.46773632551627586,0.19826766314421473
2017-08-16,-0.5907124924965956,-1.0492759012273147,-1.4526855076388119,-0.8395799950469499
2017-08-17,0.01303306515613073,0.33453651777731197,0.48793053062916797,-0.15799362579404497
2017-08-18,0.14224773507992178,-0.26304262621735197,0.890562394756442,0.22804447073928305
2017-08-21,-0.2797079893814057,-0.10096810371988832,-0.09629922111815375,-0.10870965253213442
2017-08-22,0.21741524292400216,0.831092271631762,0.7056785241327631,0.37266931725914104
2017-08-23,0.00416427756616411,-0.29564938414539327,-0.64057078346509,0.13551155214136057
2017-08-24,0.19930912078300117,0.5666175847790323,0.7580872302546118,0.3213161505023432
2017-08-25,-0.7296360464772991,-0.7994300983724365,-1.1809599525894203,-0.7230855592757477
2017-08-28,0.12124740736199624,1.5843711174233612,0.37440262489730636,1.3621607542097098
2017-08-29,0.988806311857988,1.5027106752830668,1.5835045924821776,1.2817081396251049
2017-08-30,0.4934109666125479,0.40252734116253985,-0.6103613844886404,0.7617001229244201
2017-08-31,-0.6427708732104636,-1.468108587580081,-1.7357230115711109,-0.5378875776230592
2017-09-01,0.5196844820451458,0.606009982072425,0.7016777386828978,0.7131484734619575
2017-09-04,-0.03625589760808334,-0.4015400396851446,0.15522866820821457,0.6898935176029664
2017-09-05,-0.24116864471654814,-0.2533952396664727,-0.186542425164005,0.40935725818014346
2017-09-06,0.030175740001224305,0.35784933882678943,1.2296286234782532,0.2859964739561374
2017-09-07,-0.33910446402312094,-0.21643187682356374,-0.48228313771916304,0.04558898142427752
2017-09-08,0.3806833863504415,1.3684860906895495,1.2415446970355901,1.1770615345226887
2017-09-11,0.4212592450826884,0.5134643109253908,0.5904651632979243,0.11400087436396134
2017-09-12,-0.4408195915065722,-1.0275713326901026,-1.5951256815047716,-0.6307125319062136
2017-09-13,0.761553683205135,0.8432750451834397,-0.1960524618213338,0.6203903781518483
2017-09-14,-0.4790495834237028,-1.392225436963758,-1.267895872988708,-0.721523780145709
2017-09-15,-0.13413237099046244,-0.007318975027829688,0.3262069213410868,-0.42301842275365764
2017-09-18,-0.08259635677670035,0.12778269132072748,-1.0593822865596203,-0.16694415868953494
2017-09-19,-0.10445195427457027,0.1709730614923849,-0.6357918094697473,-0.4855304152540361
2017-09-20,0.9401778568219971,1.3350097503228362,0.7427305390841148,0.5860123503930432
2017-09-21,-0.6805006754296863,-1.8576044264970728,-1.9033428041033649,-0.8138249759148748
2017-09-22,0.045640341905178794,0.5092518714240941,-0.01531860688404496,-0.2062624904433085
2017-09-25,0.11276532532771538,0.08758219727345322,0.08724247822912347,-0.24854774984819242
2017-09-26,-0.21155412069135568,-0.8557116234046277,0.35410264898607624,-0.6562979922251952
2017-09-27,-0.09008107529719521,-0.8121235422458102,-0.40462579750482885,-0.6039659851075636
2017-09-28,-0.14480392055562258,-0.6490294839941992,-0.6380207790297617,-0.43057678435336977
2017-09-29,0.5566998839169911,0.7188774007345198,0.8057842136043444,0.04398823394725232
2017-10-02,-0.14678016082770956,-0.051091589482893385,-0.4029329203814873,-0.35763825124727505
2017-10-03,-0.05469744142669041,-0.6050687269277424,-0.20073256790190425,-0.06668486126095002
2017-10-04,-0.033681723162657225,-0.06899589223768199,-0.12857983261686617,-0.027161666494504237
2017-10-05,0.11297308118270853,0.19472019798627696,0.11780069264668094,0.07839265774859458
2017-10-06,-0.41264153490062094,-0.8047722232261294,-0.4038926842884797,-0.4411809380552085
2017-10-09,-0.021632729124431677,0.24135765059500872,0.31081428765570884,0.051729739592407564
2017-10-10,-0.2995082550666053,-0.21887476731734468,-0.2891779746861391,0.11400161459588293
2017-10-11,-0.27403364617719705,0.4648513409164521,0.10299220202860365,0.7891223324422527
2017-10-12,0.34537186156845867,1.0847653674557276,0.46542523791963814,0.6672055225588953
2017-10-13,0.06094914013999167,-0.1018915910974662,0.15966582579255323,0.2330392692249088
2017-10-16,0.006265357338879493,-0.21281159876110198,0.3345819166512763,0.16653352344306027
2017-10-17,-0.08552738387157233,-0.3202161232370956,-0.26968572448551476,-0.07798699058225608
2017-10-18,-0.33027009180538514,-0.5683155765446599,-0.3734938049737578,-0.8270924483951884
2017-10-19,-0.03761501075281498,0.18863226500355035,-0.6552294984561626,-0.37052905166177924
2017-10-20,0.34321994646969345,0.8713492577995344,0.46747077182054253,0.3722691939436633
2017-10-23,-0.011895466011854677,-0.7548798028004948,-1.2915770222782403,-0.3940191116444636
2017-10-24,-0.007325018915904533,-0.18553648598954348,0.24031034442439464,-0.20624241263589044
2017-10-25,-0.26409989675187096,-0.3179258551713992,-0.7216897014212538,-0.3368370293987957
2017-10-26,1.4995585428174203,2.0877042986175263,1.7895991136959335,1.4553290263908796
2017-10-27,-0.32287223365559503,-2.1676698969898824,-1.2135887382292636,-0.5093930860448315
2017-10-30,-0.45352794558571385,-1.203758973231471,-0.2761092289374941,-0.8002538272132173
2017-10-31,-0.2748003656286323,0.04759786552633194,0.5781121562116791,-0.18010801019139266
2017-11-01,0.0899428735687238,0.26566017678203824,-0.14678225477449502,0.26085113958321315
2017-11-02,-0.1724612624251697,-0.34388054461648415,-0.7120398259420737,0.4637270563793878
2017-11-03,0.29107899760773354,0.5754747228832043,0.3056654317630715,0.5171335209989314
2017-11-06,-0.34334958050981185,-0.7479821439684063,-0.5740748218605649,-0.6934728137715076
2017-11-07,-0.20695045748948115,-0.24570085313429105,0.19159925152129675,-0.3039561171087231
2017-11-08,0.05599647594143875,0.007916809080777854,0.24895435897970888,-0.07640712529335517
2017-11-09,0.012129782666403032,-0.05587404374311383,-0.09445423818728582,0.13519634309430995
2017-11-10,-0.19840258813196293,0.206922135529888,0.25186177550647665,-0.18834423760450295
2017-11-13,-0.037087400571993404,0.2712046994450459,-0.11427493148488144,-0.15274754571258572
2017-11-14,-0.5209428627162429,-0.3818950824335312,-0.44306127833437897,-0.5704353190631132
2017-11-15,0.930961192625531,2.2248542646906375,1.2818066190758692,0.9874530399146122
2017-11-16,-0.09983349690631438,0.6854394830551107,0.37952313742039034,0.5357480457477617
2017-11-17,0.027937740845997434,-0.5033272341245044,-0.14097294270911792,-0.17388724137145073
2017-11-20,0.34733993926976914,-0.2128310697847505,1.1681421696023577,-0.27889930350338193
2017-11-21,-0.24145177168292192,-0.44110281789423794,-0.5663044565837758,-0.17944070877369794
2017-11-22,-0.6195874378196902,-0.6408407352825537,-0.4518241361112426,-0.5034169356631026
2017-11-23,0.24585168808327273,1.088216698700948,1.412888030732486,0.6306851208515349
2017-11-24,-0.4625063272701061,0.05273033172176661,-0.14254025830727396,0.14664758247811116
2017-11-27,0.6368622423730381,1.5478738819606217,0.505344406888713,0.7296989818776386
2017-11-28,0.3966220267722471,0.3002072962838712,0.6037263505299253,0.4897718529054885
2017-11-29,-0.14843194741519994,-0.7788015616257504,-0.642965149328396,-0.3404907392162055
2017-11-30,-0.5035702817603656,-0.618916525336817,-0.9191035405535825,-0.5802655181552212
2017-12-01,0.16911937427102613,0.6780287761896249,-0.2863387486797696,0.1068972412435808
2017-12-04,0.010271299542975412,-0.20808562464602642,-0.45191657788106737,-0.3755798994039872
2017-12-05,0.42136508880580564,0.4173709554485657,0.6051549253859217,0.44819107086310966
2017-12-06,-0.01256698488884389,-0.4373420057327756,-0.061739692602326424,0.0028645375736557066
2017-12-07,0.001192435218018613,-0.36808641466055353,0.14459313817187433,0.046761836072999274
2017-12-08,-0.4198856342771717,-0.8063323514243872,-1.1601952564614484,-0.44966274670890527
2017-12-11,0.2156307589037153,0.20694510826129706,-0.1957292055152599,0.22569003174541885
2017-12-12,0.28440492161857744,0.2801287831390838,0.09631165019009373,0.29220884823965426
2017-12-13,-0.8685743091822502,-1.2549272629640122,-1.0195906884239179,-0.9350275826873132
2017-12-14,0.6646960975254429,1.60397051038536,1.5719125105209284,0.7179249284466498
2017-12-15,0.39595971369427413,-0.03508302110672612,0.7949054019303112,0.528878427344329
2017-12-18,-0.10386186447132822,-0.6254356690756729,-0.39663052446499364,-0.15602551446521812
2017-12-19,-0.40389491256595694,-0.18676876678212329,-0.32598271356915376,-0.4140084134842382
2017-12-20,-0.306974695967998,0.36734015693278893,-0.522770703211964,-0.1436928807894045
2017-12-21,0.09747787005006253,0.7104035753333117,-0.09636556085831535,0.592325166142512
2017-12-22,-0.007051422335536482,-0.02385693102701772,-0.16799531428206974,0.16769839698506628
2017-12-25,-0.09384763013678489,-0.10752287575846486,-0.12600946676474234,0.10479492052729647
2017-12-26,0.06749554271568607,0.23097875039767635,0.0923862320460431,0.788974317610643
2017-12-27,0.054976685160715584,-0.03883205122374182,0.12906479064816131,0.3757349593559338
2017-12-28,0.05173636615072449,0.3670493393129064,0.04373043569361036,0.044610445394950904
2017-12-29,-0.08891191542241852,0.33564217973388677,0.19471212321696435,0.25647317744105946
2018-01-01,-0.13534500843330102,0.5508409253781557,0.16238852302974244,0.4558766296716834
2018-01-02,0.18058603845349575,0.4888691100118085,0.21974749018533116,0.509735614240002
2018-01-03,0.08439325505129613,0.5547497224929516,0.5057767866897936,0.4312898114014748
2018-01-04,-0.006141766761519396,-0.32775415056126006,-0.23123679213087572,0.03585834373651381
2018-01-05,0.23737568111049476,0.6253718713592467,0.016522805300540858,0.41142317990842725
2018-01-08,0.10601919237954487,-0.10782876686918919,-0.3636728103239934,0.27242653320951665
2018-01-09,-0.16702414101332447,-0.8237127743425359,-0.32849693809949687,-0.24006360653819395
2018-01-10,0.45022848843937074,-0.04484690690304538,0.7975680801418972,-0.06538338097967346
2018-01-11,-0.9760186221734701,-1.0425586290538644,0.15239359068626912,-0.9481539357073192
2018-01-12,-0.447992896637618,0.5481721311777019,0.33283238763389067,-0.09981723612566029
2018-01-15,0.3025978267599238,1.9869041657826685,0.85147591190743,1.0495500938780327
2018-01-16,-0.10920582357331429,0.9391138712265641,0.4248073382880918,0.5996963482380289
2018-01-17,0.49175091817886607,0.8716306044426494,0.8594627332005129,0.7741023870815418
2018-01-18,0.12873935629265262,-0.6196186775782064,-0.8106408581876188,0.4043756565252908
2018-01-19,0.48052429957962234,0.641373284382361,0.4759748899074431,0.7995940271456535
2018-01-22,1.1818399831663868,1.2378393622996688,1.3353843278281476,1.5942606818902871
2018-01-23,0.7299613390060009,0.3896899712706173,0.14313156748108824,0.8453176309775285
2018-01-24,0.44949736401830004,0.5597919599840073,0.8195028563089581,0.4820504224270792
2018-01-25,0.2895826155324167,0.8398363642440667,0.9672751162717458,0.8004782292486949
2018-01-26,0.16773484581202353,0.2580724486573497,-0.06935382490042347,1.1564570710326032
2018-01-29,0.059178955102611654,0.32331168353861817,0.9108954789849159,0.6925262612675314
2018-01-30,0.08098984693839592,-0.23418449140927944,0.05041885835600887,0.09780780029435465
2018-01-31,-0.01320458834739252,0.09408901672006531,0.13011310895631292,0.230159911987882
2018-02-01,0.04921765484081117,0.15958560278670683,-0.33452951066874154,0.7040668505349628
2018-02-02,0.034717451717455716,0.7864707430353503,-0.2821918462690038,0.224327860934165
2018-02-05,0.01564180292657049,-0.268822492259512,-0.6625705768712389,-0.029990078124162087
2018-02-06,0.01404209067920215,-0.7161477783369663,0.6661789133818915,0.272326776613828
2018-02-07,-0.03722985105719278,-0.15760377244608895,-0.3350925445978903,0.21641793336257792
2018-02-08,-0.04542785176297218,-0.9892336350062427,0.2722078845909508,0.3323604989574299
2018-02-09,0.004679383132563501,-0.3322110651480697,0.7259508642987278,-0.7192283523540464
2018-02-12,0.020087050356801438,-0.1501125637912134,-0.01724662416035988,0.2517302464953928
2018-02-13,0.04191422322597055,0.3983079056050171,0.12559315504749188,-0.46178147233541295
2018-02-14,0.028014797708490198,0.5305306103558471,0.8950075151441785,-0.46150145866592307
2018-02-15,0.017251020089118357,1.0780899353935571,1.3632095176601817,-0.34498326981994026
2018-02-16,-0.015837401667569348,0.596594982049692,0.8247467594393221,-0.23253622171442945
2018-02-19,0.7438240526870356,0.20112743012409504,0.8565082010658591,0.739337268160226
2018-02-20,-0.34186500494823097,-0.8446204060729416,-0.9670152550023958,-0.5295992518087069
2018-02-21,-0.11965640628607069,-0.6813389216952936,-0.8232329238631654,-0.1618165117932594
2018-02-22,-0.05164141255521501,-0.6223691752396069,-0.38361770080227836,-0.0720573653422096
2018-02-23,0.04706846343825138,0.2513362178980524,0.656616602831479,-0.016935880928283503
2018-02-26,0.05540575717182722,-0.21735629345458723,-0.022277019494209876,0.37850517107899045
2018-02-27,0.024434139992097988,0.1546126311386883,-0.011612421272254696,0.40451848361144926
2018-02-28,0.056870446563147076,-0.6051826876349496,-0.2944912269650234,0.220125784412664
2018-03-01,0.05130112816557021,-0.490086439940332,0.6634461624289912,-0.08884019752697948
2018-03-02,-0.001422046797972032,0.46669504806287726,0.6117240111094147,-0.4989174012009584
2018-03-05,0.043138413790852266,0.5504327103705671,0.7985413509943831,-0.11493133425591595
2018-03-06,0.04856365717696873,0.36291692874181236,-0.39688369661709494,-0.018308306190333017
2018-03-07,0.051899587870695874,0.7810935948699269,0.5778019283746724,0.6361563446176474
2018-03-08,-0.023037572505423362,0.1695049513329947,-0.4969800609496321,0.043213011315953676
2018-03-09,-0.0031844270047766826,-0.8106586975174328,-0.34311685793227087,-0.22766172109502264
2018-03-12,-0.008561792104700332,-0.23912966313863349,-0.5629587932423255,0.07666846824565914
2018-03-13,0.012329171841738741,0.19410719858307363,0.44298513921379506,0.04971245891017009
2018-03-14,0.02519036275831061,0.5040328818583034,-0.08435956295466288,0.182123226807237
2018-03-15,0.030907733579527807,0.03568359296027099,0.3224035250278697,0.18385200130828688
2018-03-16,0.060371553913084686,-0.48578263866182847,-0.00816731314158213,0.0635386920578247
2018-03-19,-0.09965306123926682,-0.5176370130633581,0.18108446090532948,-0.37567891256228236
2018-03-20,0.05391639629480783,0.4112280105467889,0.14342100456534881,0.015637583914419134
2018-03-21,0.012533189208676826,-0.5849133017139679,-0.42345296726785897,-0.03271090957931444
2018-03-22,0.02178862905633618,0.6124399489770388,0.3971743452654699,0.190736330797151
2018-03-23,0.15405169172687078,0.1455020158020138,1.1695820781119335,0.02128686372875714
2018-03-26,0.037753354561888434,0.22587210410705377,0.3930824413018392,0.1867641698678569
2018-03-27,0.12645950017293972,1.003987145955989,-0.3898378421748886,0.9605610059081962
2018-03-28,0.09323437509921394,-0.07441409911841984,-0.09342324682082824,0.38677148839811293
2018-03-29,0.030637045777909645,-0.8394390461241318,-1.2970044729351375,-0.03637366381911708
2018-03-30,-0.06414556853112138,-0.4019274979447355,-0.15478441202158102,0.003734770639486004
2018-04-02,-1.16181619547763,-1.1538347891763918,-1.0111843637280509,-1.0136958352138326
2018-04-03,0.4771676450152367,0.6624129641339629,1.3769007826869084,0.6871875378693014
2018-04-04,0.29383144992478233,0.08859110802403507,-0.19259453250691488,0.22960937856802838
2018-04-05,0.2050826140163803,0.11898993952306151,-0.34994121302967013,-0.10221894676924845
2018-04-06,0.11531136911915307,-0.261408646796178,-0.37461162072778437,-0.03787692269928415
2018-04-09,0.024898975357535942,0.03521239343683355,-0.07852745585656772,-0.16498234637574152
2018-04-10,-1.7281186520660674,-1.3182025472298766,-1.5617561234611643,-1.782224940957599
2018-04-11,0.6353740017476086,1.6229529562702054,0.8967019607533024,1.1107299674166655
2018-04-12,0.3824634462981206,0.5604716930683264,0.5222003754985578,0.8010121890115363
2018-04-13,0.2267247984921066,-0.17575441741463782,-0.2213745135174988,0.06910598793444012
2018-04-16,0.13082290355126952,-0.039503544486828836,-0.3314158526259602,0.29770380576603184
2018-04-17,0.04099278736327588,0.3733969354125197,0.2836698864976922,0.09645252419116537
2018-04-18,0.0032549510558510936,-0.003508938782629159,0.09003070670699131,-0.04611059547722128
2018-04-19,0.00860115539814205,0.05378257492966874,-0.27463882820420704,0.09469320950415107
2018-04-20,0.02728267703954649,-0.23341395387342864,-0.13941140776691585,-0.0015318262349480125
2018-04-23,-1.3823194156795882,-2.0569553068880215,-1.8463448315860849,-1.6767178924957251
2018-04-24,0.5127313064184732,0.2038563347789909,-0.0062619101996482796,0.12753812841356527
2018-04-25,0.30693391858870533,0.31929687074490576,-0.04926022426796431,0.22202247080457044
2018-04-26,0.18900451292571313,-0.4728951276884838,-0.5288685121666147,-0.17722699746682202
2018-04-27,0.10758787447792342,-0.6655995444329748,-0.10685452121106809,-0.27399186722245733
2018-04-30,0.050852739429901976,-0.11142402352878111,0.13795065958628552,-0.1893021614758469
2018-05-01,0.03131422324088659,-0.3780168695357483,-0.1651777648380699,-0.025353693903868685
2018-05-02,-1.0178209140628856,-1.8986110649789254,-1.5869384156068436,-1.05402219686023
2018-05-03,0.3993474199838548,0.10239470315023436,0.5971991743808399,-0.005823487426508955
2018-05-04,0.2525112747904134,0.3577374458324618,0.851241346618911,0.14186147545589772
2018-05-07,-1.2245735366092452,-1.5559840258525088,-1.173849620932403,-1.444666844058948
2018-05-08,0.6523909309566162,0.7491197211824061,1.2450683222997605,0.5535134153213354
2018-05-09,0.4193245011361189,-0.30500052542234424,0.31191477057207373,0.26136991445784186
2018-05-10,0.27800179430440336,-0.24848302901456104,-0.6399006281390537,0.29198348237218186
2018-05-11,-1.0854650859658532,-0.7414715574387053,-1.0712570523906737,-0.8905149398299173
2018-05-14,-0.9359332226599371,-0.20593574799339898,-0.49511577410320634,-0.5125305625702626
2018-05-15,0.9060637155771212,1.2434049408606174,0.9770024601145982,1.1222379961977085
2018-05-16,0.5711342066144778,-0.5324262105841799,-0.21200446646332988,0.016494064638270522
2018-05-17,0.3604908358190039,-0.1883281089542753,-0.11017459700500969,0.11658941075949308
2018-05-18,0.23297836914705783,-0.23120023182022098,-0.4457043324506607,0.14177393178028308
2018-05-21,-1.2380670208016447,-1.6954499124464855,-1.560400600004389,-1.5650255818916878
2018-05-22,0.6037585273962078,1.0629080515945466,0.8157835093960583,0.5436616968690093
2018-05-23,0.36298707499351024,0.28564567270951224,0.4600733246990424,0.5513667392798234
2018-05-24,0.2433128084523508,-0.5595631988248361,0.9330008913898534,-0.06685371784317534
2018-05-25,0.16741712746089027,-0.04818313346009469,0.8020995924635059,0.17559813359307053
2018-05-28,0.11628252685332685,-0.2896114384734776,-0.03342771950481058,0.2308642916940086
2018-05-29,0.2187750302311426,-0.47365255583982524,0.3509609230163025,-0.19284388181825593
2018-05-30,0.23563485602007223,-0.8013822122965821,1.118593635598495,-0.28931756952172394
2018-05-31,0.22181633940062648,0.9321154278161432,0.11496942339440303,-0.10207022578646485
2018-06-01,-0.07836418519871466,0.2941353300469321,-0.2149455670968632,-0.13467955867936565
2018-06-04,-1.0989448055059312,-1.1703251637488339,-1.891995849049783,-1.2812258119670634
2018-06-05,-0.681148932023596,-0.09157418300410602,-0.8971087743228883,-0.5062204906617314
2018-06-06,0.738836234116908,1.349096752785741,0.9872743596160614,0.9148415480615584
2018-06-07,0.36279241811242824,0.8277880812188402,-0.0416880968962039,0.6715235030166715
2018-06-08,0.1948551755887551,0.3090152352012745,0.3512518655736264,0.2700653117543569
2018-06-11,-1.6570286556998468,-1.7773067141994536,-1.4439367614289653,-1.8430337062902142
2018-06-12,0.8159266999280266,1.2051026750659544,0.5508229017517644,1.056708044623256
2018-06-13,0.49365349852498497,0.14256462069808415,0.09453629188116355,0.4253993663744481
2018-06-14,0.29959294771723916,0.5448000148812683,0.21391542932463664,0.2764219954578305
2018-06-15,0.1866791967036,-1.89377209406348,-0.29936058305850455,0.039681427371547826
2018-06-18,0.12812350454428567,-0.3166422319955664,-0.050157055588232156,-0.40931454738360007
2018-06-19,0.1666501460100099,0.2898228601437587,0.5068657832422077,-0.2244378263401025
2018-06-20,0.17934181231635052,-0.19735752104578203,0.28764921277839506,-0.7677212611442831
2018-06-21,0.17177044866159577,-0.08171353703769384,-0.10845945424412796,-0.14064522728650147
2018-06-22,0.14737192801647722,0.24711170017932702,0.3726149699475303,-0.35097260124026314
2018-06-25,0.08199285925711691,0.5455105488871951,0.11521898352262944,-0.3869281143394385
2018-06-26,0.15988699398635386,0.6314222372225107,0.4112947440594273,-0.6326066440262412
2018-06-27,0.19025687954917653,-0.16320632591439999,-0.19963907876216724,-0.8506328498460705
2018-06-28,0.18486091308986746,-0.7288974869088968,-0.0985233638882451,-0.7519262799879014
2018-06-29,0.13348153919403055,-0.21069689609001982,-0.25510843521994203,-0.7738199685521374
2018-07-02,0.15856561338089564,1.0061726361542724,-0.2016981342247442,-0.2966850083461866
2018-07-03,0.08019105309142296,-0.019957558211194548,-0.22249271973445967,-0.8164450832292576
2018-07-04,0.44780882805153377,0.5390780526848548,0.7510333428916487,0.34170627116898294
2018-07-05,0.24532794470555797,0.1624710183734691,0.10684036891926538,0.30113617139079935
2018-07-06,0.1619357215867038,0.34822948209384597,-0.027160009567861874,0.09134695421851521
2018-07-09,-1.672350037128005,-1.184095371093732,-1.6380232330367424,-1.7586678875840438
2018-07-10,0.7357433369493407,1.440715220146597,0.8008185454310435,1.1735190348808182
2018-07-11,0.4508843525614264,0.18689172665901926,0.34495498389461815,0.3899335298008574
2018-07-12,0.29720613751388003,-0.35233340202530383,-0.8900319273761963,-0.5409873799357435
2018-07-13,0.20039730708585937,-0.18452970323659817,-0.8756436460736778,-0.022930565088455868
2018-07-16,0.11036418006656812,0.043332106325496146,-0.03592523102343842,-0.4551014800669351
2018-07-17,0.0783917237747617,0.2833973219640819,0.022040517514899164,-0.19166023883740335
2018-07-18,0.02393627622727347,-0.41828888586568513,-0.5839519210203432,-0.3552172049452237
2018-07-19,0.055581889369627206,-0.1532711745068294,0.06368971393567766,-0.3142726889882622
2018-07-20,0.037705497294266026,0.03780963161693302,0.4025226225012551,-0.9676626724008076
2018-07-23,-2.0013118526215656,-1.2712014634930948,-0.7326379988262359,-2.348505014289459
2018-07-24,0.7965020884440872,1.229457877154954,1.4461323173899914,0.25431734605234957
2018-07-25,1.3469897476700936,1.161644892730847,1.4813731147632132,1.016581159342135
2018-07-26,0.6850513692876724,0.6573499060041104,0.6508259184674103,0.7287041931668414
2018-07-27,0.2599516730249124,-0.7683331381243808,-0.2403760007197714,0.025375304854294345
2018-07-30,0.38664764798279766,0.14017863489527008,0.3463296594995409,-0.19950471824734597
2018-07-31,0.3458030300097207,0.5528199839949114,0.15617879806198937,-0.032819448615522356
2018-08-01,0.32268648348113343,0.12798399247731246,-0.5747035168703533,0.1389084418639833
2018-08-02,0.23526026809967437,-0.12720977653338417,0.03467802325126995,-0.047970065415200644
2018-08-03,0.1061627902427498,-0.764992121991553,-0.0911315658444541,-0.2141245955091771
2018-08-06,0.16640826116027385,-0.3395052534750824,0.48316218264934807,-0.020994304909540976
2018-08-07,0.10891686588425903,-0.13513960100389816,0.0542575451158597,-0.31034146018398584
2018-08-08,0.0477310958772444,0.3269672892251958,-0.007768208783024408,0.11182644364380415
2018-08-09,-0.05229859928090343,0.08636620201822019,0.323685475928559,-0.04442640872123704
2018-08-10,-0.06016665910842513,-0.7520643909336167,-0.11142150674719406,0.2116190201470506
2018-08-13,-0.039200826012933294,-1.3614236109500233,0.38160606105181,-0.31182569035852337
2018-08-14,0.13922442652285957,-0.18767086152685997,0.24742514131778293,-0.6348438289175949
2018-08-15,0.08573195508436428,-0.557143363225723,-0.4539895228999029,-0.2761912939351311
2018-08-16,0.04205282299503639,-0.19486881365942288,0.45893633889945734,-0.8712387999011113
2018-08-17,0.028043363276133455,0.18062864975516615,-0.2482862783932148,0.28659436380036113
2018-08-20,-0.06438685122163489,0.5556187132268939,0.3225287772091192,0.14506833820687565
2018-08-21,-0.12997670585618112,0.5485968639442981,0.4833401957916067,0.27672328981900207
2018-08-22,-0.09725203815851727,0.8922834100219728,-0.0431372649006638,0.29786018666927605
2018-08-23,-0.034065206721164386,0.37020074118304713,-0.39832441967183924,0.22102778940534074
2018-08-24,0.009139190993674648,-0.214313156242376,-0.789768143730144,-0.3499375610178578
2018-08-27,-1.6188853340011302,-0.7802611548490241,-1.7819986869341928,-0.6899365318145747
2018-08-28,0.6792381947600624,1.7332300341289666,1.2788785965396166,1.115215239178497
2018-08-29,0.429010893053066,0.6101682476140126,0.36691054353893493,0.7494650608801567
2018-08-30,0.28352076751188854,0.3652866859897822,-0.36556936089617115,0.21309776669155214
2018-08-31,0.18318297135582415,-0.2645479143969269,0.5406479933836128,-0.23299095616908608
2018-09-03,0.1600649110184477,-0.5809715907763131,0.07679803760585201,0.045144907837473436
2018-09-04,0.06419351544774063,-0.08915135907379702,0.038764633823599,0.17317955824860112
2018-09-05,0.12071491807829011,-0.1957041014744993,-0.24254509663174822,-0.12343744715894976
2018-09-06,0.027520089387890745,0.31204514954777424,-0.10786028345503679,0.06906732075112251
2018-09-07,0.019094222918270037,-0.03195053566000705,0.8298889501218994,-0.02478394614623322
2018-09-10,0.06329210461900825,-0.4671304628717373,-0.08663931675323641,-0.03065427971852467
2018-09-11,-0.06412084116456519,0.05402705061750421,-0.33409416200425046,-0.35632078535878114
2018-09-12,-0.11816927129287322,-0.06087831374041202,-0.5897171111670467,-0.5502404572935775
2018-09-13,-0.08910750405335194,0.25058085403805974,0.1564088797159774,-0.103724594367642
2018-09-14,-0.06950013498931516,0.5989481003635234,-0.6778975411659515,0.17722185134114204
2018-09-17,-0.16549504299622705,-0.47687712494751466,-0.2707279560626672,-0.3577316047554764
2018-09-18,0.08315674754032258,0.3829618093693138,0.3401041332824354,0.13819335425943463
2018-09-19,0.008198485072901322,0.16720218666313716,-0.4664921603599519,-0.03656074766191056
2018-09-20,0.11683077717328326,0.1177535651845224,-0.061959472677442076,0.2860052893763498
2018-09-21,0.13637533128695817,0.9648495480070338,-0.11226806605430216,0.23421188315336355
2018-09-24,-1.2500540041466408,-1.2485146811011494,-1.3930473804213683,-1.3645912673870495
2018-09-25,-0.570651462317904,-0.16908298646828138,-0.4459194654103002,-0.7845218026063644
2018-09-26,0.8822412612398934,1.2685555235873194,0.9394870406928655,0.91134349485377
2018-09-27,0.5561375726549521,0.2790735588466712,0.5258891540490559,0.3646996171723622
2018-09-28,0.3381702912884603,-0.868938188122942,-0.4263034579905248,0.13251809658640135
2018-10-01,0.12241161611847443,-0.6289537356919036,-0.5985695920330444,0.16646019854838795
2018-10-02,0.09040408909356305,-0.4186964828824066,-0.29393141071812595,0.10533905803400262
2018-10-03,0.04064408209420327,-0.36720889844237536,0.2223055660441134,0.042127114698936846
2018-10-04,0.08940559609018994,-0.7038975255099734,-0.6669504395005387,0.08868507512365602
2018-10-05,0.07221478012652596,0.1636160500535302,0.33812453204439463,0.06382586360552481
2018-10-08,-1.6911142129122902,-1.6460093700636902,-1.4781812896178934,-1.5698259281292881
2018-10-09,0.7199594509115002,1.0067770386319594,1.8685939516606769,-0.1187866113872238
2018-10-10,0.4604914035847973,0.43887776885966956,0.6579877766083144,0.06821334685162452
2018-10-11,0.2599763434878031,0.34088213988806093,0.9762479346961606,-0.008239947220694745
2018-10-12,0.138642062132124,0.5772628172550065,0.27831212071313577,0.47654770100865
2018-10-15,0.0832284121953897,-0.16217142569021334,-0.019619303953208225,-0.2157196773306551
2018-10-16,-0.004533822588506903,0.17186641199912434,0.2517517026597446,-0.09622489734499634
2018-10-17,0.025104249674649276,0.010211381620096417,-0.34452063490836315,0.046571680220229644
2018-10-18,0.041202094813872145,-0.6160768975163734,-0.33051614181487876,-0.17013440059466012
2018-10-19,0.03609596152627489,-0.5349797378464907,0.30697025839831377,-0.23161999700026326
2018-10-22,0.019227884008004598,0.26286199446779596,-0.1747287593424507,-0.011827143079231342
2018-10-23,0.019129020033109477,-0.27361005102268443,-0.290409295925166,-0.2571442191249819
2018-10-24,0.011779314357722824,-0.038421345053134,0.19199151076765802,-0.008428465336012297
2018-10-25,0.0419896035119172,-0.6232462808549432,0.4765122719567458,-0.05052577283960604
2018-10-26,0.018997306750557885,-0.3867720947911899,-0.16706796838771876,-0.10626289699997406
2018-10-29,-1.811862314469206,-1.7593765715541012,-1.4788362147740277,-1.8020255271156351
2018-10-30,0.6671016866970081,1.042644022901826,0.9739090641718792,0.6698110958809184
2018-10-31,0.40864451569909743,0.05662409592124612,-0.35982327411656945,0.1543412337658356
2018-11-01,0.25635332880986345,-0.23958968792957158,0.07613520258347634,-0.032051445951948226
2018-11-02,0.14627809043371104,0.6768577471732462,0.1315496470281189,0.7237087616178598
2018-11-05,0.08406720278019024,0.15235987650611388,-0.3425258877221634,0.8572367437700432
2018-11-06,0.021728699578016503,0.15147247170022854,-0.22598626260605434,-0.07019571014731846
2018-11-07,-0.02525392010445926,0.23198551254505712,-0.20880383126302982,0.014299232556930296
2018-11-08,0.0016216209679838257,0.0497521822838342,-0.20682825560593945,0.14786663901826366
2018-11-09,-0.023905935735389947,-0.5853385056824147,-0.4430717596016934,-0.2841880035016611
2018-11-12,-0.14017617149186729,-0.6881669508768153,-0.16269756448569,-0.6021969412710413
2018-11-13,-0.05407902418904422,-0.9918727329937596,0.11591191523878128,-0.3893233443287375
2018-11-14,0.0204076658549123,0.43799786822370357,0.006262629728593965,-0.052619968876674306
2018-11-15,0.006551077402740854,0.1345833471495863,0.19376747286159718,0.04742341510847989
2018-11-16,-0.015726874820258363,0.13713676187078463,0.04553836755168571,0.1687041375415949
2018-11-19,-2.193269559689466,-1.357981565837971,-1.4409325294427986,-2.0747539558131547
2018-11-20,0.8437494000302632,2.134996639537951,2.0226059085583956,1.0110092571366065
2018-11-21,0.6290586402405586,0.04362698672552878,0.477391711078044,0.6090510605607526
2018-11-22,0.456003326745377,0.22205790738209386,-0.07177252483897395,0.6615086275452138
2018-11-23,0.2807988346817605,0.19832553953954563,0.016808633832890954,0.2896224420277797
2018-11-26,-1.1072249541957808,-1.7977812289893265,-1.2229246417723956,-1.3607776092978123
2018-11-27,0.546850637636459,0.6396482841027951,0.34983890567829995,0.7310304275704618
2018-11-28,0.3646269374490985,-0.08057121910926354,-0.0999744752918531,0.1392337877160329
2018-11-29,0.17518893018551016,0.5412440227449417,0.10757501822604022,-0.006881987622060687
2018-11-30,0.07139248807202922,0.3430878668755802,0.12225431817089785,0.12387162922763839
2018-12-03,-0.8946334333989788,-1.2773715105397718,-1.2122906087013219,-1.1088071056643347
2018-12-04,0.2803078006582699,0.5488807621068128,0.6270964177846305,1.3235399051173744
2018-12-05,0.12962097572369935,0.020578773809512674,0.9275378895875892,1.3457311159700607
2018-12-06,0.13354998421829178,0.1145281110804098,0.016507227376422406,0.49902573405740547
2018-12-07,0.20034586958472939,0.37949527322547444,0.44371846147925004,0.011788415474916547
2018-12-10,0.03748647584422217,0.2610698527765267,0.21158009816086987,0.022283255984887226
2018-12-11,-0.004844347343132223,-0.33778835051802836,-0.5670138122609817,-0.5424675786870026
2018-12-12,-0.007280350222397843,-0.40319642619686,-0.35138197118673614,-0.12483457208136903
2018-12-13,-0.012650143214732562,0.3113305559173454,-0.024854621293634402,0.2144211065489846
2018-12-14,-0.06410416819387946,-0.04680252382479552,-0.3061245407096212,0.03531216860617263
2018-12-17,-0.048074891047109006,-0.5319544020596786,0.050571732418568466,-0.3651487408751275
2018-12-18,0.10362367117505619,0.3567546100731056,0.6441787812749907,0.08580535595881589
2018-12-19,0.07025162016161166,0.34133923596483273,0.46786023479468297,0.08200664802521096
2018-12-20,0.013193567327561856,0.19915861049302447,0.20982170344365994,0.06085439989307236
2018-12-21,-0.0391407050994312,0.6035248508667367,1.1231997954907864,0.08593017169295389
2018-12-24,-0.1057944837957424,-0.6320069439320736,0.3561655646685098,-0.3439990653874465
2018-12-25,-1.4014308139671732,-1.2576745032406196,-0.5595338080410023,-1.4171541641505725
2018-12-26,0.4517988870838786,1.028862301812183,1.0666429066958938,0.542987368678906
2018-12-27,0.2760586524627458,-0.16121174629493773,-0.41194419897582585,0.2953528479216347
2018-12-28,-0.0690750398078486,0.3232363597191363,-0.04490968021800375,0.3978014529470539
2018-12-31,-0.014506778884144648,0.20536830002694062,0.489449349977665,0.07067311172673757
2019-01-01,-0.15563020246242779,0.37982308206490195,0.6347068816207571,-0.11417021624338902
2019-01-02,0.05086283938336493,-0.009449571997751621,0.2999662084759172,0.08620948862947461
2019-01-03,0.031320442614729715,-1.2637410628004162,2.140388969873328,0.2855149004245096
2019-01-04,0.01928657812806673,0.2533266376843052,0.2927383607214874,0.009268170339992499
2019-01-07,0.01187633586362815,0.24791798379917357,-0.5734338819190226,0.04432908261967855
2019-01-08,0.00731323890682513,0.6818178351184238,-0.2563604058654349,0.2923068074209476
2019-01-09,0.004503363993948378,0.0036420308834787807,-0.22310728152268797,0.1264791758530452
2019-01-10,0.002773092404114403,0.8605671386572862,0.4750419336294218,0.6041902461559739
2019-01-11,0.0017076215673640593,-0.1235166526335415,0.0399596587232689,0.7409486386626387
2019-01-14,0.001051523350971102,-0.4733367918319913,-0.13580340857490797,0.7784011863636423
2019-01-15,6.475095997670562e-4,-0.03460734269559719,0.15175431580136975,0.34693612375294547
2019-01-16,3.987250320245296e-4,-0.5004946580974664,-0.3183768174150203,0.4264303239870998
2019-01-17,2.455278674171879e-4,-0.31846972055114325,-0.45535061098233287,0.1573247205134964
2019-01-18,1.5119174578114654e-4,-0.14596464366809894,-0.2411491744022694,-0.20138504559441678
2019-01-21,9.310121996665308e-5,-0.2827885469424634,-0.5357256253709788,-0.14467738799917193
2019-01-22,5.733009506898618e-5,-0.05416197978334041,-0.16682234738383778,-0.3657831483204337
2019-01-23,3.530286500860285e-5,-0.06329334168916152,0.2382403365580225,-0.3410640279429388
2019-01-24,2.1738883850025938e-5,0.1932326768420735,-0.05465633394141223,0.050286662999097564
2019-01-25,1.3386422629714535e-5,-0.5988131637780972,-0.1120374268758742,0.07735988072413555
2019-01-28,-2.0067165407843826,-1.315110009290815,-1.8599874296784378,-1.35591149130215
2019-01-29,0.7710240046822794,1.7500421856769266,1.5895589876553853,1.302200013841532
2019-01-30,0.4747830318951575,0.5860276395179258,0.321559576428988,0.889058692427327
2019-01-31,0.29236304707328525,0.6367161923964428,0.49447766527127635,0.7277624984899764
2019-02-01,0.21882763859086865,-0.09763377000101503,0.3109928273040593,0.6677063169865853
2019-02-04,0.13475021410707352,0.020311241003424477,-0.4521728788043633,-0.2923233980865112
2019-02-05,0.08297681370976438,-0.15969716376989415,-0.6106346987850386,-0.15860165792262487
2019-02-06,0.05109566362509784,-0.2799461459804773,-0.1626126328209203,0.04749932156123207
2019-02-07,0.0314638116910715,-0.47230790884449214,-0.07815607500944256,-0.10777850161093108
2019-02-08,0.019374862285670372,-0.38504460458083095,0.17528671384727001,-0.05847581533261717
2019-02-11,-1.4655546203226273,-1.7241518018574549,-1.4747743561459152,-1.5092116933467319
2019-02-12,0.5750225408848089,0.5462192768006672,0.5049703880147678,-0.044696824795016354
2019-02-13,0.3540887750723767,0.6601281514695819,0.04540341423479055,0.24705089888328005
2019-02-14,0.21804164483592414,-0.4135838140187831,-0.35505502138681394,0.3350360893840869
2019-02-15,0.13426621296604938,0.14217336214829934,0.24256010065810496,0.0073518807070255265
2019-02-18,0.08267877431309105,0.06752338851295217,0.04829885853947045,-0.009298825624244417
2019-02-19,0.050912136202452836,0.1440297275673037,-0.010117103850879834,0.08950655463394883
2019-02-20,0.031350798729568176,0.31848917834255447,0.014190739631435594,0.16687420453415008
2019-02-21,0.019305270890097533,0.1276168524474517,-0.17019380527343678,0.6455149828516379
2019-02-22,0.011887846537974972,0.00982077301201589,0.0010810713227612512,0.3680885865353255
2019-02-25,-1.519161668758749,-1.5302562561696706,-1.58395763733859,-1.23892696416674
2019-02-26,0.5910089382804342,1.277594280815475,0.8104521100063652,1.2244053712141234
2019-02-27,0.36393291763925245,0.6189332943190307,0.682195423029628,0.5029590578280697
2019-02-28,0.20255223507039463,0.055268510224808304,-0.09596398317352137,0.4455736417952959
2019-03-01,0.12472810664758915,-0.04213295953225403,-0.4739231180028344,0.14010260009337022
2019-03-04,0.07680537606749038,0.008629780737212798,-0.6607114502953507,-0.10908559500619044
2019-03-05,0.04729540078353018,-0.33690534512980796,-0.05169051885256659,-0.07260299765009298
2019-03-06,0.029123676620099865,-0.3709944032810715,-0.09489311944422986,-0.043870533787737365
2019-03-07,0.017933848235144222,-0.053219748752601735,0.1893606812813702,-0.08789224151936981
2019-03-08,0.011043348568814136,-1.0440718405688592,0.046211236554725116,-0.09535947835118008
2019-03-11,-1.7513917346128438,-1.775913534460331,-1.247008783336918,-1.9066978319221115
2019-03-12,0.6797157838487504,1.449475257074579,1.1533827555484135,0.6508194296529224
2019-03-13,0.41855703418168866,0.6968239775578056,0.37383965180755535,0.6196115154061888
2019-03-14,0.25774006581249903,0.6003280318968546,0.20956421838808534,0.35854074299034605
2019-03-15,0.15871180293244144,-0.015414314714894517,-0.4376174487345329,-0.04229070403847898
2019-03-18,0.09773193900086516,0.09594721279019754,0.042384666844308444,0.11401414977374905
2019-03-19,0.060181610468722425,0.17456210015484805,0.18120560051319137,0.20646089802187806
2019-03-20,0.037058778078443516,0.21827971994064385,0.028514705199273262,-0.005766470860000594
2019-03-21,0.02282014425953397,0.7085893228909002,0.6758269953350818,0.2564807200652551
2019-03-22,0.014052243787521377,-0.24573755765824729,0.06825676204623479,0.07045554257404293
2019-03-25,-1.7052313812664732,-2.4878494380364513,-1.0372295154239841,-1.9574252486937394
2019-03-26,0.6638329896548307,1.123791146998181,1.4185874971565409,0.7814823892262679
2019-03-27,0.408776688645672,-0.016357523876211588,-0.02055148540185492,0.3301228071747789
2019-03-28,0.2517175009139058,-0.21002786905968934,0.051824753657999476,0.00799216253832169
2019-03-29,0.1550032133101018,-0.25805582167842706,-0.1176136519655623,-0.17242682005192006
2019-04-01,0.09544825468720373,-0.13450459280106045,-0.3578834451475057,0.30795955392721064
2019-04-02,0.05877535780246675,-0.2029348163772376,-0.5159457708501192,0.17603098807880083
2019-04-03,0.036192832400434895,-0.07933056712613128,-0.02168192494263632,-0.08167673032599897
2019-04-04,0.02228691012938408,0.3594692844348641,-0.08724262331287891,0.26856896783580164
2019-04-05,0.013723887581378524,-0.0768986452579535,-0.2616501395810878,-0.08084993314802666
2019-04-08,0.008450928785233127,-0.07980793607061541,-0.1249269307942565,-0.048330985521496235
2019-04-09,0.005203933426996792,0.30356174950336096,0.19153711541611262,-0.0038931849809657852
2019-04-10,0.0032044907489854704,0.18699095786112743,0.3721287144504576,0.06641118700684656
2019-04-11,0.0019732690866223475,0.14215284522098307,0.2182483436132272,-0.032491703187826335
2019-04-12,0.001215104424767696,-0.09594140044161883,-0.5067961799614228,-0.06377923475797935
2019-04-15,-1.584300270874935,-1.221961023917556,-2.099064529026043,-1.3916591003480387
2019-04-16,0.4649508758839832,1.0629415852624677,0.8949364306345697,0.6183746000833888
2019-04-17,0.29925859116273457,0.16422192332632973,0.23327533542084467,0.29628042293520745
2019-04-18,0.1670111245278549,0.14059443723368492,0.013408121232813854,0.5017361187267892
2019-04-19,0.12442587038522417,-0.47815320980563797,0.0675170913085491,-0.0182435800190478
2019-04-22,0.11545756797459462,-0.03203814496717035,0.12939191757209634,0.09902488630465937
2019-04-23,-1.2714951064619282,-1.224191941208173,-1.3212548785647056,-1.364913843073203
2019-04-24,0.5811978261078509,0.6789880753630337,1.0194295724419549,0.37945512753494637
2019-04-25,0.35918884835457243,-0.4228071366037163,0.07725036171648669,0.2666667186832359
2019-04-26,0.23066815428301532,-0.27012260731280924,0.5608155443730695,-0.16076563082058726
2019-04-29,-1.1983629588661446,-1.3032657948755324,-1.2227581446229048,-1.23016673821113
2019-04-30,0.9035096517808626,1.552624236152032,1.2041558122612235,0.9205179593625156
2019-05-01,0.556793701260815,0.7542941212448402,0.6097983324678119,0.47906767867619493
2019-05-02,0.2946938499779148,0.04858909197252961,0.08121962892586107,0.2087767819122048
2019-05-03,0.14359720588630878,-0.26677084952058144,-0.05239574317008029,0.07688992579891421
2019-05-06,0.013078848876412433,-0.047970684231897195,0.6943143909668696,-0.02917459850318474
2019-05-07,0.13288156518715216,0.2533280423263847,0.1660167643760438,-0.3355344174970988
2019-05-08,0.13988253489389746,0.03981045354260288,0.6029977721683912,-0.307158318731116
2019-05-09,0.39734634337811103,0.3883993417254277,0.6976635564222289,0.0560494577040061
2019-05-10,0.3838726646406525,0.47072471575684666,0.5468217355956722,-0.4843997844326692
2019-05-13,0.01143416576626749,0.04809199073885251,0.0763900243228069,-0.4379455291653947
2019-05-14,-0.07234711402572595,-0.09939704685307453,0.40025231309909753,-1.1082152793415165
2019-05-15,0.17415109287507557,-0.062092231979733625,-0.13531332928216935,-0.34766472002556276
2019-05-16,-0.12863527025186167,-0.2303554875256269,-0.09706318497871866,-0.4288644422769548
2019-05-17,-0.15352310476145428,-0.4462971867803953,-0.4641278341915195,-0.41748017027176076
2019-05-20,0.2691797150296376,0.1524922787347592,-0.03639626939825756,-0.3685652820449249
2019-05-21,0.22995472771282421,0.14021537092871653,0.1351585568699609,-0.04321472692485792
2019-05-22,0.14160208003784525,0.0431979536327625,0.040018360639674344,-0.023446386371465164
2019-05-23,-1.3083143736940017,-1.4994031019521974,-1.520753928284562,-1.3228219666040228
2019-05-24,0.510689254402632,1.1146502314695654,1.4693915222725258,0.5392610859311229
2019-05-27,-1.2555536784931702,-1.0026849999892065,-0.9915592676754873,-1.1297158475751095
2019-05-28,0.8011610866455591,1.1242640634818042,1.1820513414491107,0.9918178371388237
2019-05-29,-0.6599367223322576,-1.0137903801810721,-0.6543315609127325,-0.787545809011062
2019-05-30,0.8004076160135155,0.5955328519881542,0.8339612968454632,0.7172786669307918
2019-05-31,0.5579000642830151,0.19282256514511717,0.48097171027733215,0.6351626655901187
2019-06-03,-1.542166040175398,-1.4415468808938499,-0.6907495044635765,-1.5874609187399844
2019-06-04,0.8368077837328863,1.9869136390441717,1.753031026403825,0.9439900364075999
2019-06-05,0.5281334429637987,0.6936076530597496,0.32197756363549135,0.4598404456471713
2019-06-06,0.37870553192148887,0.04459308968444928,0.08048368956629665,0.2913959867285758
2019-06-07,0.20324920215085615,0.40577019249161145,-0.12236634905211466,0.11512315607354127
2019-06-10,0.09947785153350538,0.48573263518452725,-0.05729536263860272,0.03967310886962111
2019-06-11,-0.07581175729340486,-0.005537028160956775,-0.07101334797923772,-0.4233694567830492
2019-06-12,-0.046683547804578285,0.0990720869286503,-0.12709640989895432,0.05497130535962058
2019-06-13,-0.2196705861305535,-0.4601802489449143,-0.2414603909223247,-0.25511914184311546
2019-06-14,-0.13741656846561054,-0.27824232325811277,0.08041253478245786,-0.19693205513989637
2019-06-17,-1.1662471460099955,-1.7309087493036908,-1.2929517585935766,-1.2419195572491728
2019-06-18,0.4922293241754244,0.744433716234679,0.861639433677254,0.5307961926588783
2019-06-19,0.24304095178711194,-0.06615079487657652,0.1637358174790734,0.5548158928508122
2019-06-20,0.14536859344537575,0.3343163800410565,0.4669163074722297,0.2909306792461687
2019-06-21,-0.06081210240833598,0.45968119644867494,0.7660369085742105,0.7593214295843438
2019-06-24,-1.721437275374491,-0.7565004949211473,-1.4897953582152084,-1.5329511147041517
2019-06-25,0.6132130974529322,1.5768785611261067,1.2181550317229988,0.7367640221531335
2019-06-26,0.42101226494658756,0.262811785913293,0.5542076792167722,0.40388517947704594
2019-06-27,0.24808107204082666,0.11187316239341073,-0.37940921720310977,0.20359910915945378
2019-06-28,0.19572851922132833,0.061510120899940554,-0.07772839504707355,0.3280233410354332
2019-07-01,0.09904621233896507,-0.07301347894575551,-0.6321098278302076,0.17542145722284247
2019-07-02,-1.1380068321220205,-1.9055947508227478,-1.3713860451670727,-0.8851106447454481
2019-07-03,-1.120378012707857,-0.9570162660081679,-0.3066276799097785,-1.2088127338304944
2019-07-04,0.6705818946291713,1.020481976090297,1.2938247006110117,0.5853938499174508
2019-07-05,0.4129325457217563,0.29521284985679935,0.3561788361861466,0.45723232326310337
2019-07-08,0.20041760621776566,-0.4818397513222663,-0.5642648632486258,-0.12547607822265044
2019-07-09,0.12341363971469554,-0.2494403451322193,-0.3945171077795383,0.10181599398965278
2019-07-10,0.07599595043101837,-0.14636133637498722,-0.3033554684978591,-0.05224598186963141
2019-07-11,0.04679697070165976,0.40537377377829376,0.45331916072874445,0.205655869148886
2019-07-12,0.02881675213523158,0.06748501279089775,-0.09996284390275462,0.15524022473327928
2019-07-15,0.017744849531337755,0.19535690284085788,0.669043878376543,-0.06996100250194943
2019-07-16,-0.14434921903717968,-0.1863572785317375,-0.010027931798186285,-0.151077770848091
2019-07-17,-0.09104602445010702,-0.5000530776925497,-0.29389292563891334,-0.06085351743203858
2019-07-18,-0.04958974493294964,0.007259013610175613,0.1637460862908386,0.009827883437190855
2019-07-19,0.022544403763283236,0.3387124418615892,0.5993824513921503,-0.03321024265676846
2019-07-22,-1.1957491690232003,-1.4896911376037256,-1.4122531120462845,-1.2567241842157268
2019-07-23,0.5280810022686494,0.6966983024793364,0.7591019162236152,0.5970992419023018
2019-07-24,0.24969909121901115,-0.3515898530692054,-0.15424110414121042,0.27463532705101595
2019-07-25,0.1537603120920735,-0.18745768940184349,-0.005931721623235381,0.24791797578682565
2019-07-26,0.09511271095239156,-0.023894914929117238,-0.4412500560096997,0.13348181422540747
2019-07-29,0.06461120532802078,-0.12718339412253055,-0.09423459952019454,-0.017536235360019928
2019-07-30,0.171298747163499,0.19033960738543293,-0.11063760265177222,-0.08423476106211858
2019-07-31,0.10548275805192617,0.19243729099673945,0.24687568928971904,0.08204991668747177
2019-08-01,0.0649544286253373,-0.71651516109435065,-0.16427717365831795,0.04742607528553435
2019-08-02,0.03999779562046629,-0.15650932880793555,1.235996017171535,-0.1832492281831379
2019-08-05,0.02462993961080794,0.21469208553711347,1.1640610763209922,-0.6978196272833229
2019-08-06,0.015166683958993985,1.2809380051776549,1.27222630968203,-1.9584607319086957
2019-08-07,0.009339377438467857,0.0668498209408272,-0.32543086203077465,-0.7201318424150218
2019-08-08,0.005751024493817437,-0.0029366279288489915,0.10697536077166621,-0.8664086074211519
2019-08-09,0.003541379813204552,-0.154284989537284,0.26469977258929583,-0.2601951674403089
2019-08-12,0.0021807194517872676,0.14282393652526335,0.5441568705528916,-0.38504164695222876
2019-08-13,0.0013428487138464067,0.13147318239733263,0.1838952931583301,-0.14799266102785813
2019-08-14,8.269026383935139e-4,-0.3278968002918583,-1.108108785128831,0.2560947743402237
2019-08-15,5.091921125080385e-4,-0.40346026001641794,0.30623948390893496,0.28122676756807174
2019-08-16,3.135515542000388e-4,-0.3913848351539352,-0.06687499227393824,0.1454595375279837
2019-08-19,1.930795366350216e-4,-0.2982380137215483,-0.34636931343074506,-0.17559636448783802
2019-08-20,1.1889498542689742e-4,-0.1883481378552609,-0.2377607169415567,-0.20739012845309898
2019-08-21,7.321344253266712e-5,0.07394693821876575,0.211489913469135,-0.25143454938284854
2019-08-22,4.508355123841514e-5,-0.04045317254239363,-0.24084967541037094,-0.17607145774631272
2019-08-23,2.7761658541871046e-5,-0.07344704415514759,0.04977589112218822,-0.38255267403854853
2019-08-26,-3.2722272016464995,-2.76364114183367,-1.7280378948063992,-3.6533125186984043
2019-08-27,1.2572642930359925,2.0670881179952074,1.692430127487555,0.5137159696480456
2019-08-28,0.7742012561426411,0.513659762908925,0.7278193101836625,0.12360411505409152
2019-08-29,0.4767395275065561,0.12054514877392564,-0.0979963605428795,0.15227308404852752
2019-08-30,0.2935678226867919,-0.17879500336267426,-0.37535907074788566,0.2462677263248579
2019-09-02,0.18077390596876508,-0.6913339565685436,0.18054117885831875,-0.035628263615158196
2019-09-03,0.11131739432515883,-0.4249020073798254,-0.007774894204440462,-0.2329147724912299
2019-09-04,0.0685472951028893,-0.07604597903733686,0.31082670752170494,-0.22393654057823797
2019-09-05,0.0422102196553179,0.5257061385085119,-0.3453189175355151,0.33789856383978417
2019-09-06,0.025992311449720293,0.17410273759852968,-0.8023515782830742,0.14695072962522432
2019-09-09,-2.5172115483781368,-2.6218502843532905,-2.6520999148991535,-1.9907322892351542
2019-09-10,0.983162523650533,1.9770579528494203,1.3820995186859695,1.363218779528748
2019-09-11,0.605414203695055,0.6267697360268079,0.1644948627822593,0.8717095469622856
2019-09-12,0.37280342691947455,-0.14117223533520615,-0.3418009710928319,0.4153180834222079
2019-09-13,0.22956579854692163,0.3626300961130292,-0.24458862186797423,0.7523068647579922
2019-09-16,0.14136258429263068,0.33867447297897707,0.3082439590200806,0.408168202744682
2019-09-17,0.08704859506241586,-0.5969841319712342,-0.27552990828568785,0.39112877617425723
2019-09-18,0.0536029950234538,0.4387378016029614,-0.013135465824651194,-0.13390097418872426
2019-09-19,0.03300778230164661,-0.2561084854755223,-0.3161170193288487,0.010589840135705991
2019-09-20,0.02032561225349782,0.07565955301709651,0.2611956107710859,-0.1437557413001524
2019-09-23,0.012516154817796757,-0.2437017306830822,0.43803416200650225,-0.0075028072185411715
2019-09-24,0.007707228174447659,-0.305118427190638,0.16500217744839585,-0.3841326666900312
2019-09-25,0.0047459756608744415,0.11619327642918896,0.46882233975938437,-0.17890472640823124
2019-09-26,0.0029224884048832255,-0.5463884757362618,-0.3536144342783256,-0.3118555876958808
2019-09-27,0.0017996169991110406,-0.4439748509330847,-0.16410655484866998,-0.18041912429461632
2019-09-30,-1.6144066811987077,-1.5697211748306206,-1.8384237782075825,-1.5758917624349524
2019-10-01,0.6213915914652237,0.7376562130410654,0.9554521866585592,0.40029059219083807
2019-10-02,-1.5407643857364097,-1.372990069623888,-1.3328271005952712,-1.704825557446808
2019-10-03,-0.9878802648871738,-0.19932173408617104,0.10046674428505437,-0.9668690425560317
2019-10-04,1.3541917353843709,2.0075159913826877,2.3072326640438154,1.4393319365650392
2019-10-07,-0.693645420029418,-0.8069294896980251,-0.7863451038763198,-0.7452144795400958
2019-10-08,1.100398232402159,1.147175016622322,0.839599637315873,1.1232127013738287
2019-10-09,0.6776058928116753,0.24377228949695123,0.519353312515906,0.6639860974099531
2019-10-10,0.4172578003608639,0.3275023506540806,-0.04890235243589364,0.529774059274637
2019-10-11,0.2569400204587281,0.31208294389859914,-0.667324832989819,0.5106402514599087
2019-10-14,-1.4236959431726992,-1.313625411596424,-2.3147741851633326,-0.9063508297949844
2019-10-15,0.7052281508553239,1.1681631297837256,0.962029389631621,1.381262111401282
2019-10-16,0.434267101422973,0.4117485807942988,-0.11017778803203176,0.5486646654988897
2019-10-17,0.2674140491266338,0.4905467574260616,0.09611669726914605,0.12976270367537548
2019-10-18,0.16466887184403875,0.6218113921394441,0.11683348270989866,0.30048453977187256
2019-10-21,0.10140019734545722,0.44782529296006923,0.19405153726112273,0.10228096269094766
2019-10-22,0.06244045949033987,0.10228064452932611,-0.12041792703281765,0.259069973751801
2019-10-23,0.038449737608320766,-0.17014031804114518,0.07305631429928577,5.549553717066058e-4
2019-10-24,0.02367667269292655,-0.024593198404244968,-0.12482544454586791,0.16436564699929307
2019-10-25,0.01457967894393796,-0.2632864271011308,-0.0038211964887325395,0.03964717384656045
2019-10-28,0.008977910066384145,-0.2586260858858585,-0.11891769016384199,0.06962367698094026
2019-10-29,0.005528439238615429,0.054537866924487144,-0.24650774158161595,0.006643768242357313
2019-10-30,0.0034043157248257283,0.15786370896013396,0.009639720871257945,0.03190751967029589
2019-10-31,0.002096317794965623,0.40493622297708926,0.08095572207650928,0.16604356531442094
2019-11-01,0.0012908756568735984,0.14817732111525433,0.7555727473626566,0.3199967737139408
2019-11-04,7.948985432984745e-4,0.13048275869666734,0.016514043002866158,0.19919484780857818
2019-11-05,4.894845531972941e-4,-0.30091030555153553,-0.4321498033235448,0.20760602877199527
2019-11-06,3.014159855225569e-4,-0.5822737838990232,-0.542940136728113,0.406120668452602
2019-11-07,1.856066667172542e-4,-0.21371200779132266,0.05294908716651561,0.3859865728321822
2019-11-08,1.1429332346181015e-4,-0.5248684770387684,-0.315231752579252,0.2094191254883367
2019-11-11,7.0379819965441e-5,-0.13679260975464352,-0.04939552549344294,0.14506939368952448
2019-11-12,4.3338656260380644e-5,0.07585580692866183,0.15397312559737852,-0.1297987576609964
2019-11-13,2.6687182879662274e-5,-0.18608078217597546,0.09053928075091833,-0.030470002578455967
2019-11-14,1.6433498209394736e-5,-0.04962117114565426,0.20587781637523356,-0.24177302427687164
2019-11-15,1.0119459390522136e-5,0.05081577388931728,0.3426084605045611,-0.09129622765477355
2019-11-18,-1.7572923570681305,-1.4281700605710643,-1.8464738866637396,-1.6286012974501085
2019-11-19,0.675188838110655,1.4733012229402669,1.2446262814444544,0.6214140242920924
2019-11-20,0.41576942055396054,0.5229091219777798,0.5684187520418533,0.3115312253595672
2019-11-21,0.2560235023308336,0.15079172755722173,0.1378771124725196,0.05239931262867255
2019-11-22,0.1576547733077912,-0.07091877820152605,-0.05776769660769428,0.12513154174431346
2019-11-25,0.09708103873453526,-0.41391341983545255,-0.15055491270988813,-0.07571122323424534
2019-11-26,0.05978079752381701,-0.20133778513566225,-0.2852449314182044,-0.0012874627658119447
2019-11-27,0.03681196451096783,0.011789429282758952,-0.1807506685704586,0.041955154746703034
2019-11-28,0.022668160802252053,-0.1571650934037219,-0.3006948501829761,0.0881888952894991
2019-11-29,0.013958655045526304,0.014334357710202902,-0.22152831978194082,-0.0445950876377833
2019-12-02,-1.8857476362225385,-1.8238366634478047,-1.980936699082018,-1.8773022060302316
2019-12-03,0.733132876948746,1.876059222265488,1.7772624256860565,0.7791391294940613
2019-12-04,0.45145034134596124,0.6333902377528073,0.8652608517957803,0.11205209140176975
2019-12-05,0.12274913328722384,0.019940209391545033,-0.06366555810256086,0.06572999426370137
2019-12-06,0.07558675905120024,0.2080555458271022,0.06756021621157417,0.10804362008376794
2019-12-09,0.04654499784120975,-0.35591472246155087,0.12213596034606562,0.19358145319799339
2019-12-10,0.028661591676006907,-0.05445386528665464,0.07759563285098553,0.04960069523980088
2019-12-11,0.017649304447379843,0.23371798365775762,-0.14449934214244098,0.09655514498089635
2019-12-12,0.010868131504959718,0.45989123827726647,0.15508394135784412,-0.011573118749542755
2019-12-13,0.006692404381218158,0.5914695860518346,-0.7468834615077372,0.2540848417241458
2019-12-16,0.004121065003796529,-0.36995547855757643,-0.20925791612550762,0.8182727612626542
2019-12-17,0.0025376794046066283,-0.0015547173459646985,-0.22270159948458582,0.30492767754168004
2019-12-18,0.0015626583794800552,0.12879430810048037,-0.01116921770329387,-0.04346655014686726
2019-12-19,9.622575674951175e-4,-0.2787504813282414,-0.035264070787119156,-0.13501146388291077
2019-12-20,5.925412990840067e-4,0.00420723231659921,0.14302911949239927,-0.15031607748902792
2019-12-23,3.6487651849196164e-4,-0.4139600062696479,-0.0636420251147826,-0.02875776086344578
2019-12-24,2.2468454764693088e-4,-0.0011404891461836708,0.08806103811527577,-0.10263248379274852
2019-12-25,1.3835679577286393e-4,-0.033625047635976596,0.025159792143065154,0.02135466727364268
2019-12-26,8.51976833164987e-5,0.03734458108786808,0.020249252567509465,0.2702593297718325
2019-12-27,5.2463236098750755e-5,0.06254756676687041,-0.15205646135107814,0.03221375162269949
2019-12-30,3.2305938786251695e-5,0.7479321898316476,0.0591008428712627,0.038921803252697354
2019-12-31,1.9893429351108852e-5,0.40905320131529055,0.5259724628564092,0.1512980099274215
2020-01-01,1.2250024181806976e-5,0.29128654209469584,0.33224150160953747,0.4176242521157836
2020-01-02,7.543349605858238e-6,0.08974039333855487,0.06893407408587891,0.22801574031837535
2020-01-03,4.645062118384172e-6,-0.41347352762250206,0.17690606706027012,0.10648072918570863
2020-01-06,2.8603476189001035e-6,-0.21225376734086604,0.5872383228743157,0.041975159053964664
2020-01-07,1.7613517951819197e-6,0.2569220901275451,-0.23468903561270502,-0.12071177109082708
2020-01-08,1.08460948099152e-6,-0.307880681417493,0.29091901585363006,0.36701825074364725
2020-01-09,6.678834571688692e-7,-0.46783543157941504,-0.8491509404090877,0.18760643672109825
2020-01-10,4.1127089535678533e-7,-0.16302377638455182,-0.6870484230913536,0.008237336117376787
2020-01-13,-1.7822572879560807,-1.78247704723573,-2.0395435617959645,-1.1659927566705635
2020-01-14,0.684774825166508,1.4044497869304555,0.7903320224391783,1.3901817626342239
2020-01-15,0.4216723029161784,0.38926825781898616,0.3595479919102016,0.6440523362261742
2020-01-16,0.25965839355060716,0.32728836040595555,0.08005508192888632,0.5017166405097132
2020-01-17,0.15989307544034848,-0.028582146559967395,-0.24168148919077975,0.4421719355947429
2020-01-20,0.09845934585122594,-0.4134627150220612,-0.07609379395164352,0.5223577118446362
2020-01-21,0.06062953482352629,-0.1063016840814871,-0.01617332010133194,0.17994187973878062
2020-01-22,0.037334602024185766,-0.13479149609465485,0.23603132365463061,-0.4687976898117263
2020-01-23,0.022989991797916068,0.056078048095500405,0.23379310374838508,-0.2673862002190255
2020-01-24,0.014156832916709659,-0.35487640898318273,0.22974324107676714,-0.5771070388563594
2020-01-27,0.008717528914029488,-0.3798128859298107,0.7549839894032475,-0.31455636329028125
2020-01-28,0.005368101101005509,-0.16771467407855337,0.11514745184486554,-0.17066427475362655
2020-01-29,0.003305582317512125,-0.026327204212426812,-0.16036085880953024,-0.09259483538186379
2020-01-30,0.0020355194979099966,-0.05990670994696046,0.08547850884378404,-0.05023783420268667
2020-01-31,0.0487153067281975,0.14034199934791314,0.17375173329350077,0.020205057969971612
2020-02-03,0.029998029747007902,0.5917894708837665,0.516347837986749,0.010962364673634081
2020-02-04,0.018472259524571554,-0.060255830255185105,-0.06832996960380999,-1.210720780938847
2020-02-05,0.24834693327089427,0.07690042410399725,-0.5491100932152198,-0.09033836431219322
2020-02-06,0.15292767699081927,-0.3842230132609915,-0.4973481899504759,0.30459645673767594
2020-02-07,0.09417017589783641,-0.2942588842835206,-0.2873953890343363,0.20829093585637212
2020-02-10,0.05798833934528297,-0.3976984199609523,0.209065855010724,-0.3279216672789204
2020-02-11,0.03570820026578023,-0.4504666209952258,-0.048396137068650945,0.06664585880284132
2020-02-12,0.021988482177922333,-0.08420205785949879,-0.08445714997852072,0.30285630239612804
2020-02-13,0.013540120893523383,-0.4247980502574696,-0.027736090603044376,0.07677010515709634
2020-02-14,0.008337768488418312,-0.4067423610588943,0.07192969995992105,-0.0357775051844995
2020-02-17,0.005134251304928448,-0.16434735666235112,-0.00876173992021647,-0.15835917439189667
2020-02-18,0.0031615817228285875,-0.06580739219768553,-0.03811127919360553,0.011467405943730719
2020-02-19,-0.006660486991005659,-0.44212377095799266,-0.10089017189162466,-0.24423845309592093
2020-02-20,-0.004101410835828678,-1.922745530192893e-4,-1.197529856446137,-0.14680432428665213
2020-02-21,-0.002525576713379786,-0.20470891294749477,-1.0213497206761954,-0.43914501549139773
2020-02-24,-0.0015552057549185943,0.4090513246115409,0.0528371243244935,-0.2923572432080426
2020-02-25,-9.576683722646463e-4,0.21960498120666092,0.6451003650027517,-0.18992829996358623
2020-02-26,-5.897153533128633e-4,0.3694980461337104,0.7074125494096655,-0.21680435881706506
2020-02-27,0.0211538083261253,0.1711685029949746,0.16118052424419438,-0.14442456758334066
2020-02-28,0.013026143404374902,1.0702788360728794,0.6867450600826143,0.4386179103530279
2020-03-02,-0.017799619059356033,0.7944947265460055,1.9838124920642994,0.3922249482850272
2020-03-03,-0.01096069260134427,1.0804135601561682,-0.14348677346178973,0.08557403611001521
2020-03-04,-0.006749401877677567,0.6610298279751361,1.303091043313462,0.6022755895353744
2020-03-05,-0.13336071180693873,-0.29828896240293074,-0.3395224510686006,0.1343703881868239
2020-03-06,-0.08212118261283745,0.6662010455750553,1.235475535677014,0.4958880134930631
2020-03-09,-0.05056878103270676,1.6397859904672378,2.563944504811528,0.33971731752203893
2020-03-10,-0.03113936665025685,0.61000048566334375,1.557027379477737,-0.024670027249903442
2020-03-11,-0.019175074731423207,-0.5292762572062584,-1.3782058956661318,-0.1572537889181304
2020-03-12,-0.011807674031566469,-0.6501732696335069,0.04618380472283251,-0.14281268100090072
2020-03-13,-0.007270958157323493,-0.8826773238164605,-0.04369570152131161,-1.064041082916041
2020-03-16,-0.004477328251458805,-0.5366708492452117,-1.9798941341049778,-0.2723601100905652
2020-03-17,-0.0027570600514486322,-0.09503741556787983,-0.10421452919324603,0.05936915029476278
2020-03-18,0.17053791177778505,-1.1888333658412062,-0.9843497778930658,0.01157812072899288
2020-03-19,0.10501424899253411,-0.8574484462857932,-1.2027534261693453,-0.565859231621286
2020-03-20,0.0646659289802709,-3.078573253728547,-3.025054000215172,-1.1731927428577456
2020-03-23,0.03982014260920661,-0.6014867323442838,-0.14798739655007298,-0.4548656779114686
2020-03-24,0.024520544008597173,0.46918747891049034,-0.37370739710996836,-0.19744599844808602
2020-03-25,0.015099320069701034,0.49717053031268515,-0.3746754703307939,0.3069159145995199
2020-03-26,0.0092978959393128,0.9546911647518599,0.10889121784290458,-0.5600945780717308
2020-03-27,0.005725480915645043,1.7408651141976699,1.6387471683262702,0.2656711022181281
2020-03-30,-1.006818925596558,0.3446950716254253,1.0414788294946438,-1.1795784581988953
2020-03-31,2.0416006934977178,1.7878991712760537,2.392543259159056,1.9666504875082873
2020-04-01,1.257181827403072,0.5155291236539873,1.197394007113567,1.3180622622039821
2020-04-02,0.7741504752551623,-0.5049789085093684,0.5882733138997237,0.4626660870057309
2020-04-03,0.476708257528484,-1.1300569552736865,-0.5170835828679438,0.47806149134186904
2020-04-06,0.29354856718384226,-0.7216943753308014,-0.7917925280247968,0.14508465485314098
2020-04-07,0.1807620487684502,-0.2515113448950899,-0.6219325776067326,0.07871647274718017
2020-04-08,0.11131009286958662,0.764418744333377,0.24199865587786787,0.70060343148240245
2020-04-09,0.06854279899486573,-0.05387915449751002,-0.17745626927619035,0.09520398866400503
2020-04-10,0.042207451031012824,0.5684784721331457,0.2794382810823275,0.3734751158250016
2020-04-13,0.025990606579529795,0.2232364812301063,0.2902077789546708,0.3035040859492568
2020-04-14,0.016004558765596883,-0.019738510555819114,0.7462365881180371,-0.06959577751246884
2020-04-15,-0.7633006069334193,-0.20963309986516102,-0.06879686039156738,-0.7641039636655059
2020-04-16,-0.5041495137864155,-0.8322473855020818,-0.5248928882379947,-0.7065823135885649
2020-04-17,-0.31044641052728195,-0.6849151533404063,-0.4671663944083324,-0.5572696965713373
2020-04-20,-2.208421324575762,-2.150062588253032,-1.9004887830434847,-2.226318598267693
2020-04-21,0.6573468405745482,1.3352952271498895,1.4554767705788094,0.8065207780820363
2020-04-22,0.4047826320314042,0.33428437705727826,0.38265786445074784,0.46021172667904653
2020-04-23,0.24925803104349054,-0.3292590414860064,0.027927054927159495,0.07588644928034177
2020-04-24,0.1534887149873009,-0.40365585837786966,0.1437836601974405,0.2942065416493676
2020-04-27,0.09451565323623355,0.3076614425351633,0.20244896202889515,-0.062350839528196644
2020-04-28,0.05820107821875404,0.10561114585232174,0.2573604460217608,-0.09594532755737538
2020-04-29,0.04863647105854505,0.15363911168524846,0.595483900824733,0.06240878926225295
2020-04-30,0.02994948412711569,0.4218958099310515,0.2991128408785405,0.07201798367010906
2020-05-01,0.018442365984996024,0.7551890336650351,-0.5425930431744206,0.2385556633614569
2020-05-04,0.0113564848623419,0.3619102361071884,0.35051209641545156,0.1265935335464491
2020-05-05,0.006993123796237715,-0.3946534010453749,0.1422007516518249,0.06868401378123115
2020-05-06,0.004306242734639758,-0.7260316711353552,0.27198509911144686,0.03726488720981495
2020-05-07,0.002651708596895451,-0.5936727616945205,0.32601405958760626,-0.5742014868548777
2020-05-08,0.0016328755521110845,0.174082237052338,-0.06155206664283201,-0.03241243790699794
2020-05-11,-0.1911257245746197,-0.11682074161597263,-0.7354909615444141,-0.05855724547444373
2020-05-12,-0.11769186229693315,-0.31417777155815496,-0.8210778913827604,-0.3831897793620525
2020-05-13,-0.3506487810619987,-0.029553640884559293,-0.12259442128941377,-0.2618179723653037
2020-05-14,-0.21592335697973547,-0.22255468907488263,0.15522869743978013,-0.27187279776576423
2020-05-15,-0.13296180853158254,-0.2232297135454781,-0.35721587749256983,-0.19543852791838912
2020-05-18,-0.08187554498630913,0.06424682324952974,0.040568906895242715,-0.1976154247772147
2020-05-19,-0.05041752169919392,0.882720379898503,-0.14922342869948796,-0.21137131305932902
2020-05-20,-0.031046223810952824,0.3877171856040505,-0.4428996445851688,0.031732283306275186
2020-05-21,-0.019117719007897695,0.6233873985079988,0.07220056061388538,0.0975456807424851
2020-05-22,-0.011772355385004738,-0.08213459388922484,-0.015787212000007534,-0.25396545554763955
2020-05-25,-0.0072492095554704,-0.43793237909463045,-0.10125776165986493,-0.3498140260229191
2020-05-26,-0.004463935844653589,-0.17897226976437774,0.014586689289013424,-0.27812727498143663
2020-05-27,-0.09707630812432334,0.5704307082875206,0.09216541754530819,-0.2227982661785206
2020-05-28,-0.05977788449718555,0.4947099931230916,-0.25790874421439675,-0.5977284819957382
2020-05-29,-0.049679907552012965,0.7029939210475457,0.0546572667003616,-0.015789782453973722
2020-06-01,-0.15508493611170535,0.44725131090591685,-0.16867858399578398,-0.00842732894954562
2020-06-02,-0.1642507293650332,0.13576924318813222,0.029968358128866862,0.06129189063595358
2020-06-03,-0.10114271255543668,0.6108620058111118,-1.1568075330595793,0.41001592104842693
2020-06-04,-0.06228190488175383,0.6030643749587807,-0.5169807106433619,0.01421868791864389
2020-06-05,-0.03835210246683584,1.0887326384254983,-0.29150840772643205,0.08504680572915908
2020-06-08,-0.023616550688666995,0.17342169793325676,-0.5287584264489169,0.4436026446029797
2020-06-09,-0.014542656870315586,-0.06987455016953098,0.9670918005320381,0.39189837793308985
2020-06-10,-0.008955112524083606,0.2139027748400744,0.8524687681039003,0.12779997488177142
2020-06-11,-0.0055144009127170435,0.3587018894637668,1.0122555076607713,0.29995349614111166
2020-06-12,-0.003395671170450908,-0.5724950874236024,0.46623778579134123,0.10468679234733039
2020-06-15,-0.0020909946303033877,-0.4964417655424377,-0.3364645603654697,-0.20192379610006078
2020-06-16,-0.0012875977456253554,0.6060695406905678,-0.24209655560510834,-0.2280879300113955
2020-06-17,-7.928800631587215e-4,-0.45070196227616677,-0.02142534097543585,-0.05603629823015778
2020-06-18,-4.8824160860055997e-4,-0.34143195476645993,0.4752221611309549,-0.009230227016297613
2020-06-19,-3.0065060208373873e-4,-0.38934144521204117,0.03598455161696747,-0.06004324223425288
2020-06-22,-1.8513535704668932e-4,-0.41872156208651845,0.1743262974915571,0.20895185522067128
2020-06-23,-1.1400309924960223e-4,0.7805047832991463,-0.015756829252243053,0.16853642706912708
2020-06-24,-7.02011049960436e-5,0.5296396531527039,0.4368950453633306,0.23303179590094575
2020-06-25,-4.322860672301181e-5,-0.38172106314208326,-0.4440098066248425,-0.15372696226722338
2020-06-26,-2.6619416308591425e-5,-0.37380179726174056,-0.23510645219947401,-0.08340540388687914
2020-06-29,-0.2324044982450635,-0.3138709995274812,-0.36077885747357274,-0.2776401643777985
2020-06-30,0.08927750079766408,0.32558181903039035,-0.2207835343026103,0.04784805919026869
2020-07-01,0.05497551600381645,2.544178929465152e-4,-0.43553887582573253,0.24088764479829908
2020-07-02,0.03385295660029224,0.13725161103715056,0.4496258679596793,0.050046355914874
2020-07-03,-0.24601589405610313,-0.34489303258645815,-0.25567689118499926,-0.17462443998161578
2020-07-06,-0.16442301982936527,-0.035991904234235345,-0.1648855322564467,-0.10626368925482407
2020-07-07,-0.09262811633498742,0.5795759094072651,0.16451203033950923,0.6340769550420686
2020-07-08,-0.1475930941678153,-0.24516767889152477,-0.24562721370150473,0.31619304644233115
2020-07-09,-0.05637867695877174,0.524332961669232,0.23638183729464485,0.34018587964633656
2020-07-10,-0.05196878837279935,-0.30826196290920993,0.09655345256620809,0.315922869155424
2020-07-13,-1.5958405148650623,-1.4633308555512696,-1.2307890179742438,-1.3767014349725035
2020-07-14,0.5595795814070212,1.4044265932809907,0.8360956613936008,0.7324271602639386
2020-07-15,0.35320739972641557,1.0144163195615081,0.285083085161834,0.4145847101432184
2020-07-16,0.2261262927073956,0.3779993221096498,0.39934922882145324,0.34798087164797087
2020-07-17,0.1435580096004808,-0.09911428575700698,-0.2145218557697527,0.18738728888749676
2020-07-20,0.11858917885854173,0.44493724445075133,0.1420747362707524,0.08893949125705028
2020-07-21,0.060088242663630054,0.26154942281667604,-0.06980658706264628,0.16270408339220874
2020-07-22,0.002494727236858535,0.7013631434963326,0.28496604792228347,0.09100931650849534
2020-07-23,0.018790975861518195,0.533663415586503,-0.21892388766986665,-0.20521655216195686
2020-07-24,-0.005683613974351631,0.38343771406761895,0.23286489899549304,-0.19144200010323043
2020-07-27,-0.025072515568690553,0.5824584956746808,0.8414376529547992,-0.3109007089247483
2020-07-28,0.010447402307868937,1.2019167360823102,0.9680256317226685,0.18413321144704412
2020-07-29,-0.04103059079150437,-0.10701295198973876,0.3855630026807836,-0.04046919236357262
2020-07-30,-0.003688615963107711,0.5338497690384291,0.20712223295009274,-0.008948925754621622
2020-07-31,-0.002271384885328987,0.9202430162730948,0.3941577289477054,-0.10480060613520008
2020-08-03,-0.02297597965783943,-0.49855395498168015,-1.028612775978721,0.3950481031242695
2020-08-04,-0.014148204487103673,-0.3148798551262454,-0.45935068569187537,0.13979723409387512
2020-08-05,0.0128650850846822,0.36666744483107416,0.27868448000308754,0.19346850730988863
2020-08-06,0.003607005595770543,0.593070601670752,0.13597042927966918,0.6485708543322616
2020-08-07,-0.002094143257320001,0.20926945655915555,0.009420145329711267,0.09121061736685021
2020-08-10,-1.1695872106860628,-1.8963911048784567,-1.4199625329803993,-1.3285872136461414
2020-08-11,0.4351394852326226,0.1888930193404874,0.6008611776982673,0.523546710236692
2020-08-12,0.28521346080366594,0.06489408167365265,-0.3026915464935366,0.5242401715839777
2020-08-13,0.17994452444782433,0.5110282800463054,-0.36747729477340263,0.41985365437261657
2020-08-14,0.1064915880555142,0.3458957861265003,-0.26652950458289854,0.11684850517299201
2020-08-17,0.0655756484120905,0.41071853099066075,0.325692574339038,-0.020095188227064603
2020-08-18,0.0403803318476613,0.32822982938648193,0.6224283215992754,0.24267862413116928
2020-08-19,0.024865498696717624,0.7003039376308802,0.9143461316903734,0.29047697199654976
2020-08-20,0.015311737104316922,-0.6615421211298405,-0.53854824597652,0.18072509323098226
2020-08-21,0.009428698616153799,0.050560700052338425,0.23158429498988947,0.16166154954669187
2020-08-24,0.010121114610113226,-0.6192421022819858,-0.1275475542146401,0.038534527469658464
2020-08-25,0.01486202135602267,-0.21164671536406301,-0.13863383103020424,0.02375434310443657
2020-08-26,-0.021055146051983345,0.24721964784106137,-0.4592080851367838,0.08390405461275273
2020-08-27,0.004296824148686946,0.1585445785489612,0.39858282612857054,0.4541796996446481
2020-08-28,0.0026459087971905325,-0.1463749346165486,-0.6170704516210177,0.1839799514148331
2020-08-31,0.0016293041373800729,0.7857227210514326,0.8560816742188645,0.46045693994834247
2020-09-01,0.0010032968539590455,0.41622527384779584,-0.18993967857440536,0.49340098849292247
2020-09-02,6.178125704527714e-4,-0.004204982541359453,0.04569109063474017,0.5631266079061228
2020-09-03,3.804381232765645e-4,-0.6395258881463434,-0.2806637431018275,0.1620937923575321
2020-09-04,2.3426711038936133e-4,-0.260981988944243,0.03183631617670382,-0.03629744653975196
2020-09-07,0.017403491302366847,-0.10813111139945115,-0.1851805710172592,0.060399544103019745
2020-09-08,-0.0065424696426155515,-0.15821083064598007,-0.06644746235831757,0.19105925866003193
2020-09-09,0.004601251391119408,-0.4765571014811245,0.30646993928574573,-0.1158661173790897
2020-09-10,-0.0014815317700450311,0.1553660236734301,-0.1614549954985936,0.1273090348171293
2020-09-11,-0.009542662844657615,0.19165480821591838,0.026442751825690135,0.03848621693676656
2020-09-14,-0.0015609301616718385,0.2183770279033606,0.010261366466800967,0.023737760988115433
2020-09-15,0.0033538943434907667,0.30160918715812157,0.41328262204405664,0.37342866293966775
2020-09-16,0.0020652691944587948,-0.12288302749365346,0.4388102305005159,0.6264663185625812
2020-09-17,0.014215902502371688,-0.3713532600993929,0.4460395297505827,0.7459267982141875
2020-09-18,-0.025767543864671096,0.22949041617976046,0.4446061219848756,0.21630962346179597
2020-09-21,-0.015867200665952475,0.04819221747328291,0.2855306637153615,0.05971849170606707
2020-09-22,0.024750703475902608,-0.60732256297135,-0.027189875395945445,-0.4591716163733326
2020-09-23,0.01092651904710706,-0.6994390845023236,-0.3404099385485732,0.11910937900315963
2020-09-24,0.0412393807037227,-0.6074198860451395,-0.3230129528324405,-0.349813988784119
2020-09-25,0.021081259375357042,-0.06545333460321688,-0.2242736619308789,-0.46983924039621533
2020-09-28,0.04317014851004779,-0.31512928175443955,-0.16796318625933498,-0.15293323869702036
2020-09-29,0.01364652920983642,0.2630035507128481,0.07097558437051091,0.08012529573215887
2020-09-30,0.017028071854931777,0.6294949408239486,-0.18921992833396248,-0.015420500106106114
2020-10-01,-0.028331777396132157,0.019005599187655348,0.10694816396527146,0.3306174623726032
2020-10-02,0.01274637518290793,0.19681852175551914,-0.025350712852941833,0.21398843004755197
2020-10-05,0.02078588338790524,-0.1352643589273852,0.036699982610775395,0.12314514151599981
2020-10-06,0.06453041010920707,0.6225712960530102,-0.12393961141176721,0.1185438982466526
2020-10-07,0.04835589606098423,-0.26548039022324127,0.03532671202942319,0.0729358437285311
2020-10-08,0.02977671097452001,0.17206564358473525,-0.2967137760913613,0.04104654917155697
2020-10-09,-0.042014056692711264,-0.01134114532652486,-0.19820773385723506,-0.030712657635923245
2020-10-12,-0.07331496389141055,0.3716867819109159,0.25861812799180883,1.3525260328392674
2020-10-13,-0.053774566247601,0.0999700366573561,0.34571434290288844,-0.029385445983655334
2020-10-14,-0.03742796202391132,-0.6013335551927244,-0.026241100404313933,-0.03656719976668242
2020-10-15,-0.03167709809537623,-0.17862240940177557,0.29792882120847486,0.44555919763778984
2020-10-16,-0.041083501068484546,-0.39085827893055625,-0.14334313852316377,0.06686564626394076
2020-10-19,-0.0037211971818123246,-0.02739316385531307,-0.08443694634516975,0.4646946978829538
2020-10-20,-0.0022914478272159783,0.4459751237731742,-0.06577798051411798,0.48984091483437625
2020-10-21,0.015847455760665426,0.6714677851257286,-0.008850447286835258,0.36538256693176097
2020-10-22,0.0011297125381141311,0.40191920759441224,0.7510512112750626,0.5678409576154227
2020-10-23,-0.0036190582102316234,-0.20948608685031084,-0.01571747375034291,-0.19872004441347385
2020-10-26,-0.002228552443534997,0.2182263819374043,0.22244031318447682,-0.140730010286003
2020-10-27,-0.005687204942571768,-0.2670993822469343,-0.0806890195692523,-0.4628436725011652
2020-10-28,-0.0035020808551298383,-0.296994871615404,0.2502584846912782,-0.14825628102645977
2020-10-29,0.0021583816689771996,-0.38839911035981095,0.29865179490106664,-0.42602504391857077
2020-10-30,-0.024563108776683704,-0.7429487851259061,-0.16631617320714231,-0.05022127736173074
2020-11-02,0.028024416026232346,-0.49940495029236787,-0.03095907745451095,0.3874648912555446
2020-11-03,0.004313913761841986,-0.16097504301209853,-0.1606601330815299,0.18830369924968057
2020-11-04,-0.0016582830566892115,0.9665273078149259,0.11918721075650729,0.29386810276123165
2020-11-05,-0.0010211415631861047,0.046371870881681265,0.13864102933229888,0.5285716435268413
2020-11-06,-0.0049437025418242395,0.7306095469753553,0.8394717146262863,0.9885009789066697
2020-11-09,0.0012706563697673168,0.8660215318410691,0.5912680224843244,0.46193079025939865
2020-11-10,-0.025109754414808273,-0.3129503720177136,-1.6590269072888766,-0.04266692619903478
2020-11-11,-0.002515206337004059,-0.1555898384391733,-0.595188173106816,0.19065930737310025
2020-11-12,0.007081541758114747,-0.3655565036251755,-0.31474060509422963,-0.12951306044048683
2020-11-13,0.004360688961682023,0.08323920644228165,0.21559603190390048,0.2348325250458298
2020-11-16,0.0026852356266550896,0.3796638593984431,0.45855484277920083,0.2061007940133908
2020-11-17,0.001653520907823816,0.23667662908661685,0.2648256734933599,0.43936585933999
2020-11-18,-0.0507751365974324,0.056709924150750365,0.3715748209085315,0.6234564667788149
2020-11-19,-0.044218965779859794,-0.1306413168105902,0.3729297470050301,0.2582025329954678
2020-11-20,0.0418315142145257,0.18769372003692328,0.24591565854948355,-0.1393483537760799
2020-11-23,0.025759111294754167,0.05782521960047946,0.08051316480792908,0.23631385079899647
2020-11-24,0.020176723374924915,-0.178205013927934,-0.6515010895687237,-0.21128800576011858
2020-11-25,-0.09981867602170198,0.319589176286227,-0.2936603965963983,-0.31340979275641123
2020-11-26,-0.022598930331376117,0.30097413904224235,0.060097368335993204,0.06172300406524717
2020-11-27,0.0033536417366406574,0.07638638400118956,0.18652376532577405,0.09637495158788889
2020-11-30,-0.015204552231284888,0.4706363472926792,0.19156024432300992,0.01220429811116848
2020-12-01,-0.09575578998143898,-0.21994658829873626,-0.23795023649615027,-0.1071337687315008
2020-12-02,-0.1065127678487893,1.0192601735489082,-0.12758351763582,8.007157942546486e-4
2020-12-03,-0.0655886905565698,0.6466046101467575,-0.18052038845348692,0.12835397589725644
2020-12-04,-0.05768416445834418,0.437860553582502,0.5390120160484804,0.372859943784691
2020-12-07,-0.013901610230160094,-0.04368345069624849,-0.17932850437497935,0.38915343835809413
2020-12-08,-0.021531377080304517,-0.09429154980757369,0.12605636862204833,0.22726735647075158
2020-12-09,-0.00893478672668866,-0.04288464456482564,-0.09000040518279961,0.0816846306602664
2020-12-10,-0.005501884643892397,-0.2793001835173447,-0.15812225186507425,-0.11630625664745473
2020-12-11,-0.0033879638720730456,0.45509186691603654,0.03953624089304667,-0.09672670893799959
2020-12-14,-0.002086248611412484,0.05049594187087454,0.24522053881130088,-0.07233977497987651
2020-12-15,-0.00993257595809347,0.1345117821372694,-0.004327040676283353,-0.10898196975826674
2020-12-16,-0.006116305717168745,0.08592010143262263,0.360876997847628,0.11507277953919223
2020-12-17,-0.003766313570991474,0.3983543530915805,0.26039653770031024,0.1695517181461606
2020-12-18,-0.02826741996611311,0.6129272298301567,0.38415420834461134,0.053793029321265264
2020-12-21,-1.0703883042189125e-4,-0.17450891308298602,-0.1845665019164619,-0.0131955729089622
2020-12-22,-0.017365454235937296,0.09888085753380862,0.04121187844214122,-0.21094882389745045
2020-12-23,0.019578892572586288,-0.35079425124505637,-0.1450796394865593,0.007491673940866778
2020-12-24,0.025027347772652156,-0.05609985468169194,-0.047374099571325136,0.05678849158228339
2020-12-25,-0.006207883564994984,-0.09375354808476785,-0.13313202229566673,0.17141393504954094
2020-12-28,0.017796578885627898,0.15981546171375174,0.09804155809027457,-0.06595256825488531
2020-12-29,-0.010660463970100825,0.17785032429964381,-0.1431595414357197,0.02212899596112118
2020-12-30,-0.028188485794079718,0.2742622262971297,0.061447002725244566,0.07610316062983725
2020-12-31,-0.15586215142595056,0.3283980263120784,0.30352963062354565,0.022307667397681332
2021-01-01,-0.17397015826900228,-0.9541709671895673,-0.08988873675960211,-0.21144064170649698
2021-01-04,-0.10712776606258065,0.28259179783496546,-0.03920807293219222,-0.11931009274833054
2021-01-05,-0.06596739564847454,0.09441791822978456,0.0988739562498869,1.0359184033380817
2021-01-06,0.0027153825125016268,0.468937807292645,0.5070073123289209,0.687444115338393
2021-01-07,0.04499025748084685,0.5192159821345662,-0.14297473920255302,0.3311308680033474
2021-01-08,-0.024279849507267807,-0.4581052757555796,-0.8350811568193625,-0.12739185220407048
2021-01-11,-1.2771128405776508,-2.100335739694102,-1.7990077244329572,-1.2864945146952458
2021-01-12,0.3543367600750422,0.2841808124889025,0.572567370235745,0.3593910420809808
2021-01-13,0.28324910635504436,0.5481218009470202,0.5963301421070594,0.5196511473407126
2021-01-14,0.17008415442736124,-0.21627157017277265,0.09033676549404135,0.21418738909273077
2021-01-15,0.10473483319059977,-0.15902090746555278,0.035410365581835405,0.021925216247042134
2021-01-18,-1.0042117096922223,-1.8043080714764559,-1.1352363726417887,-1.1587169116135527
2021-01-19,0.47200611408157567,0.6105573592694628,0.9517352821821657,0.2813177323275923
2021-01-20,0.2906530698859999,0.6966395937177134,0.09489594914965957,0.36081043534086393
2021-01-21,0.19198267177774825,0.03601262859747725,0.37081872824721746,0.40191052692247276
2021-01-22,0.06619492916182768,0.3763586592616535,0.10510159833693988,0.227923953009221
2021-01-25,0.08411740852488278,0.18521859898162601,-0.18700731973462356,-0.13277942074212593
2021-01-26,0.00844228739218434,-0.17716966333551984,-0.0823447389487106,-0.08298741922347973
2021-01-27,0.04421961901254234,0.12226622500193342,0.1660704313173218,0.22579740487247874
2021-01-28,0.02722966426016143,-0.43966968765841385,-0.47069678182485986,-0.16175762615376116
2021-01-29,-0.026590065566389532,-0.05526823684984668,-0.32473758320469037,0.3901291265863811
2021-02-01,-1.589583142047768,-1.5587181293134051,-2.047388502964363,-1.0260098396995962
2021-02-02,0.533639824500506,0.576229913216041,0.720179311633484,0.3245143922975644
2021-02-03,0.25046745589525055,-0.14650980458669083,-0.0049683436437586714,0.269707824499124
2021-02-04,0.12382973938168017,-0.047849151587249894,-4.5237022822761336e-4,0.07256950512492098
2021-02-05,0.054529574840118604,-0.6667047537902985,-0.5698980588604183,-0.1602301154946983
2021-02-08,-0.031617780136730014,0.4126499421419391,-0.07088207327509316,-0.07483419927803234
2021-02-09,-0.14998959616289861,0.03662324963389761,0.028923636938145002,0.10300904458322824
2021-02-10,0.08162777726810853,0.7346097517288063,0.7879381739371035,0.44412829846873714
2021-02-11,0.0502649506926641,0.23638215113893246,0.19505269798280134,-0.11586690630610341
2021-02-12,0.030952273266456647,0.15771245697695088,-0.06261653401715661,-0.05821921429173165
2021-02-15,0.01905986591370969,-0.029031031745262975,-0.32168663672296366,-0.03623216226200704
2021-02-16,0.011736730466329975,0.07436491032590703,-0.4069684021500072,-0.019657957736161937
2021-02-17,0.007227272356632612,-0.30496514188276885,-0.7975962398775144,-0.009114758448077255
2021-02-18,0.004450427303139653,-0.46244939387093886,-0.007818212744098108,-0.012691507441513738
2021-02-19,0.02446781711326093,0.24290898506053485,0.21703597448437326,-0.44248066800266134
2021-02-22,-1.2410926366899144,-0.8967557232799348,-1.0611951491796707,-1.474646599104007
2021-02-23,0.5136390565474128,1.3345452412463634,1.4672462330597063,0.8284112332807348
2021-02-24,0.3380077889510581,0.3123696184744656,0.171750154592203,0.4727262871057088
2021-02-25,0.1864213714307013,0.23261397914780313,-0.596737273778338,0.3431294085750832
2021-02-26,0.1365128890698977,0.0033621160064380984,-0.5647181453363289,0.24196183138036353
2021-03-01,0.04062175075756239,-0.6268223651653059,-0.3271417999675512,-0.2848880026829681
2021-03-02,0.046736762671855975,-0.49005721370169597,-0.4013573226174337,0.09433732474234713
2021-03-03,0.03746739700197273,0.14251919282686912,-0.023077966720727663,-0.037556081871073996
2021-03-04,0.014384044698090539,-0.25320034367288763,-0.2961317574513484,0.012676736193964186
2021-03-05,0.004513298926046716,-0.7728706069652637,-0.926400126913972,-0.031475027667492536
2021-03-08,0.06358004587374738,-0.5297363180026219,-0.6423767288037785,-0.3681646732512206
2021-03-09,-1.384118907777857,-2.2082475552779206,-2.091946350519746,-2.066945304277588
2021-03-10,-0.7688072000756866,-0.2077988105108205,-0.20303517148955097,-0.7462923383003992
2021-03-11,0.9487998569946086,1.5945360472369827,1.4957412083151311,1.0280733237415383
2021-03-12,0.5799161649793628,0.9890616189478847,0.32515587962924863,0.7365544449121275
2021-03-15,-1.390852050215729,-1.744839410391267,-2.16805176087453,-1.4330008772409408
2021-03-16,1.0215535645050022,1.1375193083203596,1.2205053623291533,1.0943772542376744
2021-03-17,0.6333872060185124,0.15225996819299464,0.4619666426715696,0.504272087920357
2021-03-18,0.2296020275708681,0.5659810729066577,0.10300695195163001,0.15006919087996293
2021-03-19,0.2281339772200947,-0.27904248193984715,0.08051977359181807,0.13434842945036463
2021-03-22,-1.1835332557846203,-1.7051239287027182,-1.2450798168053065,-1.1619215061693071
2021-03-23,0.6428951089805344,1.265537234727469,1.0903436363868013,0.6290268237291685
2021-03-24,0.36987908879645276,-0.41704571465891005,0.5324568826555267,0.18318161461111226
2021-03-25,0.2711019879475427,-0.31459264656595287,-0.04750779664780258,0.14733432058778906
2021-03-26,0.18426936063921068,-0.38860970911566817,-0.35366861406150346,-0.36523645223489487
2021-03-29,0.11346983388113624,-0.023110570285378496,-0.6636975015185899,-0.13244391916738085
2021-03-30,0.009206263248122397,-0.21208838071981462,-0.2981539446814717,-0.5627525122615873
2021-03-31,0.005669055114788143,-0.468858408797556,-0.5143715829113351,-0.34033685734022034
2021-04-01,0.020827936453720393,-0.08254225549945657,-0.5375754483735402,0.1344671403886588
2021-04-02,-0.026187072299095143,0.3704539034130345,-0.07440079108681887,-0.16734806683032893
2021-04-05,0.018553034421299405,0.048736127415975036,-0.045195705786470614,-0.08810251691230675
2021-04-06,0.037425672728593394,0.4714861469445978,0.4508878898928024,-0.012656609565460782
2021-04-07,0.07069709368686228,0.6596596598368238,0.5448132541680777,0.4589651384175586
2021-04-08,0.04353402784217611,0.19848112459692435,0.10758945544004496,0.2107854080165988
2021-04-09,0.005150748521046921,0.3927602806097741,0.48651215733388786,-0.04479763521237451
2021-04-12,-1.6890700892756518,-1.6986562722586547,-1.8805756154778979,-1.7470745086523916
2021-04-13,0.5741390288213151,1.2099849470974404,1.3495759774878406,0.7289474243882553
2021-04-14,0.36221474295022815,0.71202192285041,0.8205368573930916,0.48513987237281675
2021-04-15,0.2620512593998954,0.5253062059834961,0.3095058908072279,0.5240936145237682
2021-04-16,0.1396985572324996,0.02038256041855943,0.25840047466206567,0.3669038925297422
2021-04-19,-1.3345467805101978,-1.433441385217485,-1.3716590654988103,-1.06497163627474
2021-04-20,0.5987802432075189,1.6105342227739512,1.587280539027108,0.8704070344950336
2021-04-21,0.37305232684544853,0.3933717142284685,0.44192704849974723,0.6426378824943932
2021-04-22,0.22971906674710058,0.1657147746138095,0.21781719788486276,0.479553259992471
2021-04-23,0.12411993221315862,-0.15750374501956124,0.10363660852291776,0.23821854455801342
2021-04-26,-1.69538591506928,-1.1972358542813784,-1.644772708055444,-1.705718888762025
2021-04-27,0.5977043008904026,1.2051611756410687,0.851101541431846,0.868802808732995
2021-04-28,0.3767359830854652,0.4514006461566652,-0.24450053194089938,0.5170708666062284
2021-04-29,0.2536845487712871,0.5373650111293247,0.1748483623740938,0.36705131135652225
2021-04-30,0.18658259185797357,0.12312693472734451,-0.2849144450820589,0.3329965062343457
2021-05-03,-0.8306865802316192,-1.730105077902505,-1.3773463834703132,-0.8004442539205123
2021-05-04,0.43405866385198677,0.6907908721419896,0.7172809828856369,0.5221093085516211
2021-05-05,0.24993362331722746,-0.18854537955267006,-0.02657585760072506,0.2659211863935151
2021-05-06,0.19727927266196246,-0.07357580347805616,0.1361707890385282,0.18455753215465054
2021-05-07,0.15183209678901377,0.5108818607940134,0.22552269701087674,0.2819958616661035
2021-05-10,-2.1190952443428266,-1.2092452214837748,-1.7065183753746989,-1.567914439194551
2021-05-11,0.8773381835794667,1.5617119832524127,1.426751440668998,1.5868776797300352
2021-05-12,0.5185645166409732,0.4888351165905666,0.5193476710857448,0.6337341418706082
2021-05-13,0.31064763183088806,-0.40296403745107123,-0.7240458268719064,-0.08243287664212129
2021-05-14,0.1348836532975882,-0.19058197029795,-0.1357352491028635,-0.03449512809905117
2021-05-17,0.11777517867187857,0.5792708738694455,0.08953209502925798,0.24569072129717479
2021-05-18,0.06384596617225224,0.22326167061207647,0.17333329892084515,0.09199993415971561
2021-05-19,0.013276947509059393,0.5933776453112808,0.36823010625400593,0.24156469412589707
2021-05-20,0.029874745421452742,-0.2147525069644611,-0.2405994918583485,3.300047913151194e-4
2021-05-21,0.018396343203527375,0.3644697285290087,0.3074325613612572,0.0017354118072728992
2021-05-24,0.050374545477246596,-0.19404674929230542,0.07589079931472034,0.050868373151458264
2021-05-25,0.03969466764328796,0.2062898350144207,0.09359694277888167,0.26814928099542784
2021-05-26,0.041790837104380155,0.362604424934475,0.09008226429421066,0.29223958250909393
2021-05-27,0.004049144820782703,-0.37228243925734944,-0.3326678477031462,0.4384172592830639
2021-05-28,-0.040890556399878625,-0.15320886933769517,-0.7255009768770984,0.3307081436533342
2021-05-31,-0.02517968600914626,-0.07279973514815787,-0.3040153157996889,0.4084548591810297
2021-06-01,-0.037204242607810356,0.30634134047204886,0.2656814106534621,0.1747888622768459
2021-06-02,-0.005550114515673391,-0.011739033501037721,0.09602376545654284,-0.07134392914816319
2021-06-03,-0.02077726722413302,-0.08571560939527766,-0.08204629695859642,-0.04665854665903697
2021-06-04,-0.008454092420754476,-0.6535103570947294,-0.6303378397454911,-0.3745779140023395
2021-06-07,0.007813539116017582,0.10305795214619992,0.4167036776044849,-0.0589296584582196
2021-06-08,-0.18631015402834267,0.047700919614572894,0.245651326216619,-0.2543649026266132
2021-06-09,-0.3236402435933063,-0.36478467719329777,-0.314471347035072,-0.39693805406810345
2021-06-10,-0.18622207204982105,-0.024170844192407268,-0.20875985290735594,0.0010566545924456383
2021-06-11,-0.14952914858496863,-0.11987535984466974,0.08688201550217686,-0.12506279722310187
2021-06-14,-0.10079353793637326,-0.5592213689338946,-0.2568197171622183,-0.16100596636286935
2021-06-15,-0.0664252322465276,-0.07730232224541517,-0.38256113733990715,-0.08390168948692932
2021-06-16,-0.02782903157919467,0.02927503533859972,-0.1392640295556273,-0.15430252682586265
2021-06-17,-0.021494591660146164,-1.0856574908315748,-0.6668160723552012,0.041599408315780045
2021-06-18,0.047758215648996266,-0.9608552236125576,0.26610244291606266,-0.7059103667680621
2021-06-21,0.1817316239327596,-0.4779082661979559,0.34357068477335695,-0.3035390780466779
2021-06-22,0.19449968115415373,0.26241061252437514,0.027451970232119885,-0.29575192805718076
2021-06-23,0.16755505947414395,0.3313466099405475,-0.19744691785815732,-0.3351355276298662
2021-06-24,0.08145957620202629,0.05052943120255913,-0.40318917931409115,-0.09083643825410803
2021-06-25,-0.0237147333532955,-0.08216719820606366,-0.11124437892087952,-0.09225980654984339
2021-06-28,-1.3403339740754583,-1.2519724050736192,-1.2693769139870308,-0.993351048154057
2021-06-29,0.574252860993949,0.9028916527123866,1.2215753824979103,0.7242391396590016
2021-06-30,0.35361481972215153,0.05177065706020351,0.42318347685599245,0.2690852191471841
2021-07-01,0.1916821022137026,-0.3902543894878347,-0.4322149838517183,0.22674033517706305
2021-07-02,0.10065223446990904,-0.22650060131653516,-0.5476954115147294,-0.07077784144362556
2021-07-05,-1.776580820106102,-1.8241996308940642,-1.608283640324207,-1.9465136405935617
2021-07-06,0.6837118216788345,1.279741736661488,1.4987647675081723,0.8654007047195846
2021-07-07,0.4688406930287362,0.11044352096991811,0.7750853618171036,0.28089427935779077
2021-07-08,0.32346984106893184,-0.19477396666202526,0.23442021789729559,0.2890988737462964
2021-07-09,0.16442106154489639,0.3671722029445077,0.791327697042981,-0.14950725914370275
2021-07-12,-1.5645438082624448,-1.342264955052365,-1.8078226112761915,-1.575707692234203
2021-07-13,0.7588614112669708,1.2434672334317614,1.0872559350485393,0.9198753126105019
2021-07-14,0.4238435959725657,-0.42038881048237325,0.03403339550193968,0.5653471672652381
2021-07-15,0.26534127977206334,0.3658841614875112,0.5684205983390354,0.2987145837031837
2021-07-16,0.15470062379878546,-0.07803136654258422,0.34708544682439735,0.2802251166656719
2021-07-19,-1.3996508076677558,-1.5004047905843991,-1.4795577066205894,-1.622661380031844
2021-07-20,0.6808283191727059,0.9096531618238544,1.4145632665629038,0.4895873842827728
2021-07-21,0.4453030096557893,0.22378601496646625,0.09310725789150126,0.37647627247508453
2021-07-22,0.25683659160807776,0.12465380786357462,-0.2941083597402052,0.447872919870194
2021-07-23,0.10601781483567863,-0.18340086288640584,-0.03486242936987562,0.1491188325041515
2021-07-26,-1.5003515892483963,-1.616245074240032,-1.942091909076212,-1.6499834737449763
2021-07-27,0.6330531045069485,1.350229896442588,1.2010742327791948,0.6416794019009023
2021-07-28,0.3767831831853627,0.5329129511020613,0.7932703320021866,-0.09594631102255019
2021-07-29,0.20593177407825028,0.3310046775589053,0.13141193114319755,0.23418732973319178
2021-07-30,-0.021132727155956682,0.35035607371700045,0.33055040804748825,0.5059763617781432
2021-08-02,-0.0783512891105283,-0.175879277910171,-0.23856223956401246,0.12866198178119295
2021-08-03,-0.048247346867131384,0.009913906982337434,0.32850199509297745,0.06206409258711629
2021-08-04,-0.029709868288618855,-0.04086580338558198,0.3520064488341862,-0.09316426299227777
2021-08-05,-0.040083680738461525,-0.3046396102892168,-0.40997148185825116,-0.010482185355305464
2021-08-06,-0.06391475272991144,-0.14728667269023457,-0.36400982557249895,0.030899697278906256
2021-08-09,-1.195640729194979,-1.9328030070534783,-1.7249511326482256,-1.4825682177304604
2021-08-10,0.37205755534652285,0.4189041621759396,0.5549655560124966,0.26229696778793066
2021-08-11,0.06321106730778966,-0.1658752241401096,-0.2659469304516079,-0.01895982871801352
2021-08-12,-0.3024626218198408,-0.23421998172902972,-0.21738985952730247,-0.24830269924501053
2021-08-13,-0.20378964202980052,-0.13772020232581533,-0.10817449843471079,-0.15380218519523803
2021-08-16,-0.015925042302620207,0.5636416680596902,0.7856335026274608,0.05545483202170262
2021-08-17,-0.00980636117887451,0.048697823993280875,0.5313552475968606,0.07333037834347271
2021-08-18,-0.006038584874258998,-0.58279895068968,-0.06202337194463012,-0.13769936710974967
2021-08-19,-0.10451387021094947,-0.3353653744403218,-0.39721763656224013,-0.14620706815728218
2021-08-20,-0.04243711349241447,-0.30982576313990223,-0.028292447824335612,-0.21923009566490198
2021-08-23,-1.6210354102938191,-1.5110682047656516,-1.6688504457047058,-1.6815037433384719
2021-08-24,0.6536695831444661,1.587202577168595,1.3053453749138635,0.9184182299653559
2021-08-25,0.38061003682083533,0.5399234201826711,0.31718233733882195,0.6323686856811097
2021-08-26,0.10282285409499739,0.2159396034054869,-0.2615680980836519,0.1342994679841837
2021-08-27,0.04137465233984637,-0.1083599705720709,-0.16483426075601484,-0.035534370955676575
2021-08-30,0.043031652260168286,0.3458659490460705,0.1351772635003854,0.14807104698639784
2021-08-31,-0.0349538902495148,0.027289585746448006,-0.09331088288244244,0.10701330115711376
2021-09-01,-0.021523991326358037,0.12172281764716852,-0.12944565759425133,0.14316653737890805
2021-09-02,-0.07913748437940306,0.2305986337450766,-0.1405496100066787,0.02107918132880609
2021-09-03,-0.0487314720968923,0.37105996334284386,0.09563349014201825,0.06719021192412747
2021-09-06,-0.030007984096955514,0.19392243468840584,0.1930788058850087,0.09068705772612667
2021-09-07,-0.018478389238328806,-0.031736012946756015,0.006162335001099722,-0.025163835515977076
2021-09-08,-0.02016639967998849,-0.28421810460967306,-0.43946118171979515,-0.15864071165050367
2021-09-09,-0.016812270286601885,-0.29876122682409884,-0.06377227437714018,-0.01620020283518528
2021-09-10,0.02479514038736324,8.009562743923615e-4,0.4135446279424471,0.12546958097173036
2021-09-13,-0.01987942927246581,-0.15309229042035521,-0.03469287114543618,0.20194911189224468
2021-09-14,-0.0034532847099372176,-0.038376993453046966,-0.07333397201714476,0.0035758543364985684
2021-09-15,-0.002126472035402848,-0.07087034281710809,0.22861502011757698,0.19589953964453624
2021-09-16,-0.005703406804155775,0.10087835692282945,0.3700007746811455,0.20912584654701083
2021-09-17,-0.02548476765947008,-0.43622615153264993,-0.20089261906260691,-0.29957798391081936
2021-09-20,0.0589944520174637,-0.3792633161870891,-0.23244088869743856,-0.22095481446281132
2021-09-21,0.031935906805547774,-0.11889894663888141,0.41355519441309185,-0.12118172412304667
2021-09-22,-0.04184045058180062,-0.16029014997788987,0.3244481441225505,-0.1427194143798779
2021-09-23,-0.0037938352001871053,-0.3282331680800966,-0.4966571638283652,0.024989190804256017
2021-09-24,0.00645078311442818,0.3563132355032904,-0.5961381614123353,0.06724305398145244
2021-09-27,-0.004814681282760536,-0.04566136321791571,-0.5815167218095576,-0.09301486836848367
2021-09-28,0.023393768370089555,-0.21195829275110326,-0.3262180641489696,0.12603252862256695
2021-09-29,-0.007559516463966413,-0.17670658177143184,-0.6255414194893584,-4.697583691928853e-5
2021-09-30,-0.03980903629126114,-0.8173247891706578,-0.5855245014694634,-0.19915846954730654
2021-10-01,-0.03769964873622214,-0.4990766558352083,0.2387004860742787,0.2519712289224373
2021-10-04,0.007549716864464002,0.15982835784121985,0.5636543876987413,0.16436576022078375
2021-10-05,0.0046489829643336445,0.14562117928121807,0.1479598354924765,0.09693808884362816
2021-10-06,-0.010320863948747898,-0.16100005596083583,-0.4359845477721881,0.03941066415961491
2021-10-07,-0.02393627869447383,-0.41908308703809466,-0.08027391687680441,0.0038015992627762445
2021-10-08,-0.014739539757303412,-0.09096965034067644,-0.247011751096251,0.0020625784654272
2021-10-11,-1.560393095902864,-1.525000844458293,-2.1674711471767254,-1.5051909139684256
2021-10-12,0.5904541006780377,0.9751391849659056,-0.08132950776396686,0.6214119231065224
2021-10-13,0.39435575640678616,0.16034459134194035,-0.10877882930610355,0.3927298688896966
2021-10-14,0.24283734427863443,0.6161673879110715,0.16001055445124351,0.545515167017744
2021-10-15,0.1495349689164199,0.12026174139111497,-0.42194608850125515,0.10320774772250332
2021-10-18,0.09647516166354246,0.08897722648541166,-0.5500632624049784,0.1256385999264994
2021-10-19,0.05940770907135014,0.17248160523361789,-0.12875123544455594,0.15990286602129383
2021-10-20,0.023399176577532325,0.19569909841587957,-0.2767974298821505,0.8088928641457782
2021-10-21,0.014408801712871348,0.25823850148669264,0.05258175811884035,0.26509110620038384
2021-10-22,-0.013102920294052056,-0.19734067359205082,0.4659071226526626,0.13906008169710318
2021-10-25,-1.5837327848318712,-1.5096659323720398,-1.2742125065120142,-1.3765478685254475
2021-10-26,0.578448983346567,0.8444391653931677,1.0875920525862086,0.7943048769474481
2021-10-27,0.4089436536344968,0.19684615610533257,0.0036309412518121253,0.5338326215053065
2021-10-28,0.24303142417210136,0.06809431515088687,0.35374939167512304,0.12269432099927907
2021-10-29,0.12767887273941445,0.7161441066029084,0.22349351484297147,0.06337238755252068
2021-11-01,0.07862240596926048,-0.8716486736878248,-0.4780436934082861,-0.18913809049407576
2021-11-02,0.04841429586405633,0.10196452440107356,-0.017161456448869822,0.030179376412296136
2021-11-03,0.02102107730630489,-0.1512212237515639,0.1018915354711377,-0.03461895202908788
2021-11-04,0.00854832249216824,0.26214873811253636,-0.06895263245823802,-0.13719431216078337
2021-11-05,-0.28971506425723453,-0.7355639953817955,-0.11092384031586185,-0.21632122881734397
2021-11-08,-0.1784014450372813,-0.10983964259706361,0.285661971478557,-0.14081623452481346
2021-11-09,-0.1980788005469366,0.07365228156099096,0.19130481754717457,-0.06610505148280424
2021-11-10,-0.11314770843396457,0.06629180823715217,0.3678968833500258,-0.02859912689303843
2021-11-11,-0.07850010621610405,-0.9381903432634138,-0.7754951490172857,0.031990987216776554
2021-11-12,-0.11455684499370053,-0.6614628456961186,-0.41691068287056593,-0.0707742265598611
2021-11-15,-0.09262445921307463,-0.3059881655721659,-0.0911460431598235,0.11025706088376444
2021-11-16,-0.03495414685615646,-0.731339027226943,-0.1372959654243349,0.027047252453592442
2021-11-17,5.533427463599271e-4,-0.6025364130799398,-0.6927022064137435,-0.10416519993579425
2021-11-18,-0.008489673205846135,-0.19446155824375017,0.40939538548896687,0.15708118567507845
2021-11-19,0.0036026203841440767,0.3652622316592714,0.049515191297806266,-0.03288520474195451
2021-11-22,0.03311873294650968,-0.6751339575161851,0.17164207557388916,-0.0057296784295489
2021-11-23,0.07775489012277625,-0.44899476971058583,-0.461431792792609,0.08400396927214866
2021-11-24,0.06993324302802938,-0.09153887779046052,-0.4198770934796744,-0.03412685885556439
2021-11-25,0.06511194786569166,-0.3799163990395574,-0.3338905036535217,-0.012112563266841675
2021-11-26,-0.0040066408109781446,-0.10175688823682051,0.15120878087350137,0.04010569058494761
2021-11-29,0.0328154840234515,0.7465228825697175,1.260197464618177,-0.03686980658354155
2021-11-30,0.07310792256352712,0.28515056423898044,0.35130880615105875,0.11115198686267573
2021-12-01,0.0362037296925171,0.40482048956614336,0.5399326974027215,0.42481754927662546
2021-12-02,0.119214197265337,0.12650215524524477,0.62551778831834,0.26299784258455616
2021-12-03,0.1614381822713457,0.009350102300849601,0.14928840144690037,0.10045315867689802
2021-12-06,0.5383930632088585,0.429420529285648,0.4654931228138659,0.49818813948973917
2021-12-07,1.1603272616592983,0.8006996717556918,0.5992899427952398,1.1069277414794612
2021-12-08,0.9314760250115347,0.3733984730512948,0.3353709403243685,0.9509646311696676
2021-12-09,-0.07873146772642747,0.07351002628350066,-0.692976138577546,0.21926162886566686
2021-12-10,0.21295660322965096,-0.17774771654386778,0.2640673356638451,-0.13531975615640496
2021-12-13,0.326765905786918,0.30476127797379,0.22710946336177906,0.38131044652902435
2021-12-14,-0.016174687852411718,-0.3573895144028639,-0.21708868797039083,-0.09694742034266038
2021-12-15,0.09879468021879542,-0.21553634186546572,-0.10156509554901245,0.04044810297119408
2021-12-16,0.19118581817823677,0.32553893663742434,-0.24464701636319763,0.15229512976316661
2021-12-17,-0.0561086388684275,0.3099506141735197,0.1690048887471632,-0.10220335047402386
2021-12-20,-0.07805734919455737,-0.750638148731703,0.13418840008209523,-0.20570071335428264
2021-12-21,-0.27460647731201215,-0.15602057492272114,-0.31358500584501225,-0.3475548001012084
2021-12-22,-0.1472928231169838,0.06287097678909065,-0.3627116296629893,-0.10399855698828116
2021-12-23,0.005185310024254555,0.48050853785010733,-0.12285406044502346,0.06301112710315844
2021-12-24,-0.01859109667824925,0.11265620034037395,-0.3530229896287717,0.01711217444527931
2021-12-27,-0.49190324248388445,-0.47292447707004354,-0.4757097821181582,-0.4366195130210001
2021-12-28,-0.43434022102980385,-0.22616601569253902,-0.6729400472292739,-0.4185756824319937
2021-12-29,-0.1579180408289293,-0.09487160280698544,-0.07315551793445452,-0.07673051932655023
2021-12-30,-0.162953374550582,0.30527001989684455,-0.23972521343751238,-0.10891345267024582
2021-12-31,-0.3416513889791891,-0.45691204082985243,-0.41228649862848465,-0.3757534578536208
2022-01-03,0.052832848370895774,0.5491843253455386,0.07251418674350406,0.3296402444255586
2022-01-04,0.032533539527770744,-0.4589200411508382,-0.1399430232129953,0.17569671479749696
2022-01-05,-0.30030370413236207,-0.6265983663914115,-1.0926552810733745,-0.21242087663318493
2022-01-06,-0.17173695860723184,0.08452361946628276,-0.2707254248895777,-0.09734509207451691
2022-01-07,-0.14970864562151232,-0.16488715695075068,0.10261784015869113,-0.5348993912774794
2022-01-10,-0.35633074355678473,0.18904594164020588,-0.020351123141315795,-0.4650061050895094
2022-01-11,-0.17534993037749033,-0.10525299471620508,0.33254855715780723,-0.17213706024440592
2022-01-12,-0.09475950842667327,0.2985513644995048,0.06571392072533269,-0.06448693082105864
2022-01-13,-0.05835123995944855,0.7511302435421903,0.5898767756379215,0.20537680743522235
2022-01-14,0.01692245576572189,0.4193583084698056,0.7144174717599995,0.15642245995938353
2022-01-17,0.01042055086063365,-0.27670624015320916,0.04691866584635651,0.1887248463980061
2022-01-18,0.05044056563470298,-0.04236342385198147,-0.17364933154931697,0.22201626400152524
2022-01-19,0.16301556826233948,-0.5928567236775455,0.09537783994464885,0.16579213585443728
2022-01-20,-0.11963996890478308,-0.28136418767472693,-0.0109172811475848,0.006981966053808519
2022-01-21,-0.3162569381837827,-0.5909619771325845,0.06425042835945392,-0.17571713566210304
2022-01-24,-0.2831042067657866,-0.025745993413741952,0.11329229784143247,-0.15529664556929357
2022-01-25,0.046420046345974186,0.05982041094133511,0.0558733515822248,0.2612184793522176
2022-01-26,-0.17006898683425326,-0.35333259485154805,-0.06275106871115413,-0.004777176332218386
2022-01-27,-0.10472549325332334,-0.6500022866195138,-0.7587540181522233,0.10653004915253593
2022-01-28,-0.06448811827073779,-1.06228265371685,-0.7731754139296109,-0.6878773491934228
2022-01-31,0.02655108637394616,-0.21306775873356099,-0.08461422723848891,-0.056906342284010036
2022-02-01,0.01634969237297222,0.6248381829180891,0.09735090628639176,-0.16462411912294614
2022-02-02,0.01006785322928,0.5863068885762575,0.36381715375673507,-0.08931771591962669
2022-02-03,0.006199607083365392,0.41089719203777253,0.4167287066347814,-0.04845981512065791
2022-02-04,0.0038176090883342193,1.3213135981327135,-0.3780525455337284,-0.026292137649842402
2022-02-07,0.002350816584882765,0.5764706390692844,-0.34392548356901337,-0.01426494303531869
2022-02-08,0.08972833000261314,0.1594067730734931,0.12627133674927413,0.19381809169090905
2022-02-09,0.2756146105606322,0.07970030727568614,-0.14815569436221795,0.11479978625635084
2022-02-10,0.01551659827463625,-0.12737238934637227,-0.2595044000953003,-0.024350081643782523
2022-02-11,0.009554848524549818,-0.09175440871529378,-0.4610374228735868,0.12521929486613784
2022-02-14,0.027927133439473385,-0.44930825844791245,0.285309470057593,0.08211567871517378
2022-02-15,0.19336973273442778,-0.4802843179937587,0.30218227464088376,0.1766619330823489
2022-02-16,0.2290242164266124,0.40730006299995314,0.11377199625970831,0.4878246946076785
2022-02-17,0.14102908754085758,0.28801792824535993,0.24838532834539773,0.3025447222570272
2022-02-18,0.24057116551227753,0.16514373334631044,0.679820677902508,0.3147142230996515
2022-02-21,0.3016314676669211,-0.2300222573433182,0.2721044250492648,0.5074965624605294
2022-02-22,0.09805850948135744,-0.22529845606783225,0.2995433013681312,0.02967022164818872
2022-02-23,0.12615054872844572,0.16840906541692244,-0.26956433629084453,0.2224665560736613
2022-02-24,0.12150250106912527,-0.11139991731727314,0.13618412096775576,0.37025716951119897
2022-02-25,0.14051493551768535,-0.9910624730757642,-0.4780072765854194,0.0371393781436159
2022-02-28,-0.0010774075443756859,-0.4790749902131646,-0.2412475844944586,0.10339258819080689
2022-03-01,-0.06641687565774705,0.09797936702754798,0.30241662386997187,0.11074187863037593
2022-03-02,0.0029420767686251514,-0.6701752931465261,0.34650972768082955,0.054796569980691316
2022-03-03,0.11132872001360752,-0.2804841444151261,-0.3834961494465188,0.010991821262732595
2022-03-04,0.04666045417807617,-0.5186102275782062,-0.09648046495776809,-0.009599377235483462
2022-03-07,0.006834078133376605,-1.9347023720348604,0.4043513431629075,0.012463899167902602
2022-03-08,0.06988975256363752,-0.6151632473421961,-0.18191064238425633,0.03128848540853724
2022-03-09,0.04303688136692954,0.11299995389184075,-0.3559006002187487,0.043887423236251
2022-03-10,-0.01728148262350764,1.589425955915224,-0.3106201954000918,-0.004142574635796533
2022-03-11,-0.01064163329002124,-0.052570190210214085,-0.3246439968327057,-0.06871665959890529
2022-03-14,0.15971997006502506,-0.5960895944212034,-1.085148509373602,-0.15380131768927746
2022-03-15,0.17264858252856824,-0.0076287378363896485,-0.8315290104522557,-0.41535093209323065
2022-03-16,0.06261721765954238,0.19281170340123133,-0.35247415965743933,-0.34129821754546724
2022-03-17,0.034187857297099014,0.5333260231286765,-0.5961668413785324,0.09189598972444674
2022-03-18,-0.04015793357571055,0.8043522421814501,0.08584113784944092,0.07843732640275454
2022-03-21,-0.046598424084724845,-0.283339827861324,-0.6500868340766632,-0.21070457972951367
2022-03-22,-0.028694490617835983,-0.32223777156444333,-0.4696351922788776,-0.024657161990261536
2022-03-23,0.026065403764924354,0.0579965609424907,-1.5446972082212742,-0.13946262905566761
2022-03-24,0.024795316089941098,-0.18603374916988152,-0.2729243348503876,-0.16113884324114097
2022-03-25,0.002151185312048526,-0.040704473188746856,-1.0952789013325814,-0.022034570931127692
2022-03-28,-0.033663311131610384,-0.29933108576308204,-0.2971416303576243,-0.02966198070771115
2022-03-29,-0.02510363290347829,0.012180698977571833,-1.222774108133053,-0.10683514209937049
2022-03-30,0.006411498371582199,0.91013227839003,0.09340477666947927,0.08327059147564647
2022-03-31,-0.04417195052987376,0.8642655185091195,0.8802264640217681,0.26300700022659307
2022-04-01,-0.09723445535284247,-0.6086352252066625,0.4080049717069115,0.18775584108989396
2022-04-04,-0.0642540317813323,-0.4186166316709937,-0.5825324170416446,-0.26783732257627174
2022-04-05,-1.6453732283174677e-4,-0.7381436954456453,-0.29524651304667526,-0.11062885921800597
2022-04-06,0.11801151415495346,-0.7438853676146739,-0.6566265992334714,0.047089056597766576
2022-04-07,0.04206096390533201,-0.3350037888377626,-0.2791944280560153,0.06725867848426922
2022-04-08,-0.004717421804759231,-0.4406927907691025,-0.41431024690559887,-0.012999986453933764
2022-04-11,0.0014696434332490903,0.05348778645752081,-0.350910954667739,-0.07026342091400672
2022-04-12,9.049805982763697e-4,-0.04773018637322899,-0.974000877665789,-0.11195035690114069
2022-04-13,0.12296700926249741,-0.3697790347851419,-0.12133563487006499,0.11978799854686516
2022-04-14,0.0713517260870455,0.5301236559380882,-0.009192289105077203,0.026062396072963283
2022-04-15,0.10072181736870833,-0.4759326962356314,-0.5835721125221578,-0.08914322713572223
2022-04-18,0.057655817447598935,-0.20399696947400803,-0.5244645260086523,0.0602266997426812
2022-04-19,-0.0038073128717492494,-0.41207933763100185,-0.5729755214718845,0.05618060749967865
2022-04-20,0.28121989731534364,0.27419329806358744,-1.6292825252895553,-0.09665562599865105
2022-04-21,0.2036600675743605,0.6268564190531537,0.5739435099998043,-0.41695299183719725
2022-04-22,0.1254102904341778,0.057593170308222225,-0.13815485440173259,-0.7174000884889703
2022-04-25,0.09028966346804149,-0.1921444442554914,-0.1811339463277235,-1.163840161506126
2022-04-26,0.1339482304918796,-0.8805970229842415,0.6964555818348045,-1.4353087428099804
2022-04-27,0.02590341611513894,-0.9888990218330582,0.5245213778153573,-0.8109163483355788
2022-04-28,-0.0058190239150760145,-1.161650650254944,-0.7488936328153922,-0.510533924903627
2022-04-29,-0.042781005825833995,-0.880389648569835,-2.1259265365064204,-1.314313695415839
2022-05-02,-2.1024899197336772e-4,0.05683106691590989,0.010128972368793954,-0.4179281045755283
2022-05-03,-1.2946763428351457e-4,-0.238197796030504,-0.07465494642181689,-0.2267491781773917
2022-05-04,-7.972389389192936e-5,0.11175094362735334,-0.025176714829939252,-0.12150850791952092
2022-05-05,0.017369475664958688,0.9401818468501765,0.6986331142511324,-0.05002203554855501
2022-05-06,-0.037212547422685045,-0.5401916651576502,-0.6940598709382219,-0.7853468309301297
2022-05-09,-0.022914832719333103,-0.2380672749840661,-0.5264695043385249,-0.591252128984322
2022-05-10,-0.035894670740103475,0.22344508537162738,0.10725193777631095,-1.30112252804579
2022-05-11,-0.06132668505456357,-0.2815893148461561,0.012477169992186128,-0.801602597841596
2022-05-12,0.4362427763614247,0.19258058788264787,0.8743340526951914,0.23085835352031042
2022-05-13,0.46799792683032854,-1.0135884545164735,1.4233431297804453,-0.64084554794795
2022-05-16,0.24487798182632356,-0.15296827450475892,-0.27609946524155005,-0.4219427712934543
2022-05-17,0.18976862664038496,0.35966764925066264,0.35126232311082534,-0.1472168876366962
2022-05-18,0.22504617739984553,1.2567791637100527,-0.19882726255226235,0.7516249441989544
2022-05-19,0.2207256625988341,-0.2453557649952008,1.2200155579859266,0.23493309468235074
2022-05-20,0.1402405984906562,0.9381364262316781,0.429676072950015,0.7452045837395809
2022-05-23,0.17275078985003525,0.28871326803683056,0.15808797975645036,0.7906181201186568
2022-05-24,0.14954547436873908,1.1883116119222015,0.13455031696666148,1.1047245066653661
2022-05-25,0.2645756591690049,1.0472701621986853,1.058317390892796,0.723751516729366
2022-05-26,0.07671413930024008,-0.22951161827997885,-0.07452688103259963,-0.2735402917925763
2022-05-27,0.11190136135556342,0.42663367363235427,0.12678434081755363,-0.7703016796799093
2022-05-30,0.025803442794201374,0.07438390196445709,-0.1943001147152016,0.13738952559573986
2022-05-31,-0.06605846706991436,0.3323504065781084,-0.5307386600343772,0.5510677922015883
2022-06-01,-0.001851905454464474,-0.22548475519159183,-0.8605603040733787,0.16679009304262923
2022-06-02,0.04629284624403949,-0.7695448280497541,-1.2782342911321978,-0.0642198830375451
2022-06-03,0.015572220379179495,0.6554122221728179,-0.2345045893086587,0.34190044329068564
2022-06-06,-0.016284121721361712,-0.05697422598643381,-0.7007770070982181,0.15813018410491447
2022-06-07,-0.04022136409817577,-0.3711530159174075,-1.355297780288208,0.1517473800363091
2022-06-08,-0.0031996159684751398,-0.025398833247772215,-0.8860909396341865,-0.14830268678577113
2022-06-09,0.006655627659499749,0.17855504439693204,-1.438279140379148,-0.26655831533675967
2022-06-10,-0.13400526746795002,-1.0059072540963923,-0.5550338458008753,-0.40386194027398514
2022-06-13,0.012448680109426083,-1.4392340756028403,-0.36353757833467715,-0.37939738303712767
2022-06-14,0.08529873676330782,-1.081765802831336,0.40784264396573516,-0.8057054092872628
2022-06-15,0.11717367129921478,-0.024613485523759915,-0.6078652287760445,-0.16497748968852588
2022-06-16,0.15828613714089773,0.22796634765238977,0.7814084860917369,0.40103391172062036
2022-06-17,0.10607900749398819,0.9420577066699842,1.5111122646021795,0.3588680738607576
2022-06-20,0.013655351289094265,-0.2884474076112459,-1.7373354640202814,-0.04028145418912571
2022-06-21,0.05146577659815123,0.23366015007010177,-0.33153252131993327,0.38369848691353564
2022-06-22,0.014471124880235983,0.16739919879967594,-0.9865618409988046,0.23580471448154092
2022-06-23,0.047653235719264456,0.3888362593036851,-0.07341387372982797,-0.023022846200992902
2022-06-24,0.06807119267658754,-0.2589448890443451,0.8912397341777364,0.08295792545154634
2022-06-27,0.05482276785473046,0.3696074101742097,0.11228375503049698,0.1849139081834566
2022-06-28,0.025155266237052394,0.24484233461224547,-0.2511477796510054,0.06331783055710083
2022-06-29,0.05850092421443557,-0.4250050362865543,-0.48220925764550754,-0.17043608294820145
2022-06-30,0.07901610307504539,-0.8218902121832421,-0.4973881635177888,0.0624048224014781
2022-07-01,0.00566446556771133,9.282959638478583e-4,0.39937539791200727,0.014746822327093841
2022-07-04,0.19680786790716737,-0.22462671941044235,0.8602529696695035,0.1669922701188037
2022-07-05,0.2712927093139801,0.07359730975242387,-0.1836359813181057,0.2690674931941894
2022-07-06,0.27413513844750037,-1.5668159568348392,0.2878175354103763,-0.04804365367901911
2022-07-07,0.22444280620998996,-1.1242184952265701,-0.18697632674818399,0.21280525305917952
2022-07-08,0.039755345451978924,-0.6076529737366063,-0.11481881400808003,0.1065121770966776
2022-07-11,0.04589162697444217,-0.20239879878874686,-0.29765549090036103,0.17177055286258874
2022-07-12,-0.006000517698310465,-1.2699890342268279,-0.916731514077598,-0.2825574709017555
2022-07-13,0.17603800320177468,-0.355109788411198,0.3913165081126835,-0.06434316974876376
2022-07-14,0.1041255030980254,-0.11769490570511013,-0.5459656980525402,0.045632068369715464
2022-07-15,0.17949588708560277,0.008917324945353869,-1.014477174731099,-0.4180285275281544
2022-07-18,0.25989563843550045,0.8543618454764124,0.3199973460310451,-0.09667891989399727
2022-07-19,0.11738614832340943,0.7033240938879297,0.11356033543207765,0.1152785123625926
2022-07-20,-0.0472410008226868,0.9427684572324991,-0.058400496631591754,-0.07774252226122354
2022-07-21,-0.037633170695757674,-0.19373636131063338,-0.17335463236544177,-0.2166650725223474
2022-07-22,-0.023173845138741992,0.31574006668470556,0.8902618847103453,-0.27583436136844386
2022-07-25,-0.05699596048926215,-0.1496590897996678,0.7958369925739153,0.031055999403796997
2022-07-26,-0.09922022938720278,0.13180463460451264,0.08424786194300005,-0.032452710974570156
2022-07-27,-0.12526233624130012,-0.9608631623272373,-0.4335139857531409,-0.2712389490268296
2022-07-28,-0.05574168286419297,0.5094188516988833,0.5221617632761708,-0.05328300998443855
2022-07-29,-0.10707848052578259,-0.08209430594170894,1.3491046679247298,0.07014870749776284
2022-08-01,-0.16445289194055113,0.03225859771300779,1.0402873589592683,-0.021903488226653146
2022-08-02,-0.015595745487339926,0.614516227890178,1.7787155579027838,-0.2888884168916984
2022-08-03,-0.018167429445356688,-0.8543618057659931,-0.8459542172874265,0.06991606756267865
2022-08-04,0.1642251871295308,-0.06851789379661072,-0.511215227252445,0.1363602031385461
2022-08-05,0.09685229240718557,0.8581712914453061,0.8504390512144072,0.20595758100568162
2022-08-08,0.025435826177425534,-0.523257834309856,-1.6025531830528323,-0.11641202874387567
2022-08-09,0.028490848301305195,0.11436923919124498,-0.30085343045869006,0.11250298027195385
2022-08-10,0.004716250120475534,0.12545910441402267,-0.35891754111089785,0.021546793565364313
2022-08-11,0.0029041839395104116,0.9420570405135003,1.6526150633575662,0.44065157505136154
2022-08-12,0.023167287254823997,0.4662429458836096,0.3873017035040394,-0.04846208667660956
2022-08-15,0.022816305471265355,-0.43414685990143964,-0.09758758121435183,0.008953359024367027
2022-08-16,0.04824375955795061,-1.0244973880778185,0.11413766108298179,-0.40789977392183996
2022-08-17,0.04252735034968137,-0.21741066238899098,-0.801485702557003,-0.43563636937983286
2022-08-18,0.01764131685687742,0.018091065670810494,-0.7413640649465106,-0.13434770903354576
2022-08-19,0.01086321288710444,-0.8852928729258519,-0.8481567201998232,-0.1421853045831281
2022-08-22,0.002415962620867393,-0.8203842265956482,-1.1687766836825586,-0.5387644993854568
2022-08-23,0.0442136212395029,-1.1688015341939662,-0.6711599032442064,-0.720907802744309
2022-08-24,0.11262307262541094,0.001019962837960131,0.4795083374699084,-0.09669579238383291
2022-08-25,0.04800886933199182,8.989778706728839e-4,-0.1335488340118176,-0.43751846157121643
2022-08-26,0.02102476664224678,0.013679018558148568,0.3305073171895641,-0.09708467505017077
2022-08-29,-0.0340267363765729,-0.37028325974392895,-0.6474472685000303,-0.42765794455951356
2022-08-30,0.055901042807529375,0.7179745830802617,-0.8942234212329957,-0.6806589519986984
2022-08-31,-0.029618108679361245,0.2673747986231919,-0.4283275207797893,-0.48833651958881685
2022-09-01,0.13112691487038497,0.37118392298093633,-0.3817378384935434,0.20181661803528333
2022-09-02,0.08074564971667017,-0.753253647185035,-0.6749845128896368,-0.13118270117114322
2022-09-05,0.049721752049240876,-0.6640616406496491,-0.4892697776205318,0.022994933402454787
2022-09-06,0.26488473946871105,0.4606838586945203,0.1299879861501117,-0.24631481239764866
2022-09-07,0.2269072228407098,-0.3411570845281614,-1.8168099296931455,-0.35789927595749277
2022-09-08,0.3945026879751653,1.1324102160326925,-0.9633332563129656,-0.11470880588140854
2022-09-09,0.08164431026263022,0.35066174349690576,-0.25760996878302433,-0.09709852450945733
2022-09-12,-0.0644793279076219,0.5847257787471442,0.6887122545673041,0.27918845149918214
2022-09-13,-0.018444473606570023,0.7771361298795403,0.23288263280690946,0.17995197404275803
2022-09-14,0.12885000268152919,-1.0874613854537318,-1.0585007545274459,0.25084282547998105
2022-09-15,0.23631282074139653,-0.15809926278707673,0.8744557679891556,-0.23844147650375316
2022-09-16,0.272609016949214,0.12132303018000912,0.0772234356764348,-0.4609275749337126
2022-09-19,0.29479825860397063,0.5044873341673769,0.569189744848547,0.0772516341925179
2022-09-20,0.2660624455776131,0.31215116380942376,-0.06723974022348647,-0.25397310345822327
2022-09-21,0.1638365781320048,-0.491845960878142,-0.28417989883972805,-0.30323963123340436
2022-09-22,0.18534714998470897,-1.4818379471393808,-0.49564991756364407,-0.5166099932470999
2022-09-23,0.15633651465787002,-0.3041654247417806,1.3162848625025583,-0.6444714258245536
2022-09-26,0.09626927822535435,-1.646388816933417,-0.4717443744723369,-1.0649538536496772
2022-09-27,0.12255204851431947,-1.12959185464197,-0.7348080385458966,-0.8031317864794173
2022-09-28,0.13869650952439344,-0.5711536121106737,-0.3148008632734919,-0.7746129887816672
2022-09-29,0.08540687307446755,0.9842071077846398,0.10949763907750121,-0.7291246387172552
2022-09-30,0.4311413994235382,1.9243393213441573,0.38811571915388393,1.0316379565296132
2022-10-03,0.4123168008589497,0.3639129644537738,-0.004462257311236409,0.8315603188533
2022-10-04,0.3586423954330469,0.6181926151835824,0.3087201598060549,0.5573132512825723
2022-10-05,0.199905468466704,1.7062106174803187,0.5782582221766813,0.2800324377931688
2022-10-06,0.08120468339463888,-0.25335693430692174,-0.33002865276899224,0.11003953932070248
2022-10-07,0.0709534062088325,-1.2952254387969482,-0.4843816264149037,0.0806515429922576
2022-10-10,0.06463646219422978,-0.9315932904872122,-0.427438197461086,0.06470253722177077
2022-10-11,0.018857395874694347,-0.5646272220875135,-0.2793914541873579,-0.526895616966575
2022-10-12,0.2417617518024853,-0.045703241697568175,0.012970218765946784,-0.20657787356647406
2022-10-13,0.2324322835278358,0.15002843824740875,-0.5052085532011897,-0.16381790571127713
2022-10-14,0.8713115218086868,1.220010335950008,0.20040637104538925,0.7034442836203132
2022-10-17,0.4950703558706569,0.21161340054026917,-0.8870989822716893,0.054661567925034904
2022-10-18,1.1309652381376178,1.9841688224864047,0.33564014365121037,0.779302883763878
2022-10-19,1.1888382119123053,1.2810883040242111,0.4321479765246865,0.8443687327604255
2022-10-20,0.81389874304866106,-0.5157910754753054,-0.1995383210809976,0.1698330151554613
2022-10-21,0.827848777240412,0.2948143611522135,0.030917720519210636,0.5780586565765694
2022-10-24,1.6850668787885725,2.092911170031965,2.766381557141618,1.1154345490534852
2022-10-25,1.0779165444900347,0.9526361373730774,0.13946174728618244,0.3821079948045619
2022-10-26,0.704027819015046,1.1118667322249474,0.6926066295376557,-0.32774743761756586
2022-10-27,0.39326220365041453,1.5808062013909654,1.4201116933978035,1.604332196937528
2022-10-28,0.24216395370965807,-0.7506378009371415,0.3247169309292435,0.09264346220223474
2022-10-31,0.1088383324769818,-0.40004953608025884,-0.9900965743610854,-0.3146188951175251
2022-11-01,0.14756846126618434,-0.7351471189743176,-0.8364516007613714,-0.7827814071586743
2022-11-02,0.13111961277491113,-0.2712215332583494,0.34677948133624836,-0.038736988273356865
2022-11-03,0.020360754882214623,-0.7888669713629739,0.05784294532784646,-0.2475487300003771
2022-11-04,0.11315154735607619,-0.8046495045192221,-0.22045283597922682,-0.19956439529488237
2022-11-07,0.10989390758023111,1.613453136927774,1.0263248931829039,1.6686656497668577
2022-11-08,0.06767073698211089,1.3976919106481815,0.451774292478864,0.15970922175836733
2022-11-09,0.04569127845842567,1.0536779435366,1.0483134888996857,-0.17734120860576802
2022-11-10,-0.008057386184377374,-0.32160648233514566,-0.35289950410812193,-0.030263753930607706
2022-11-11,0.007104282908205325,1.6217990038947325,3.0160864497831468,0.7567343343766472
2022-11-14,-0.23721994880672057,1.5867419402418286,2.202182261135764,1.2716273372750568
2022-11-15,-0.4286759828405049,0.116424501633828,-0.032481999697327124,0.8897014338684496
2022-11-16,-0.1427590005104974,0.5303014268654641,0.9357423864922761,1.027555196602571
2022-11-17,-0.04753706604330073,0.5617405003973003,0.06085338103206142,-0.02773451133264715
2022-11-18,0.0917440638560849,-0.02660770296706083,-0.640278776426883,-0.862905054455376
2022-11-21,0.036335123979566314,-0.3263364777968894,-0.09643600373834231,0.03425790717725835
2022-11-22,0.16340406962088064,-0.7877096300950583,-1.1944270617522106,-0.4747019646508007
2022-11-23,0.161001752696809,0.45393704688706454,0.3725732339528219,0.15099457826782842
2022-11-24,0.07499426526343553,1.130288652340141,1.4248287757496831,-0.31272565722401763
2022-11-25,0.001894061726236032,0.22584259961033215,0.863406326866355,0.0025833586840255662
2022-11-28,-0.29323026928874435,-0.6154118081958084,-0.3966987408475433,-0.5750991866064517
2022-11-29,-0.14018647803122963,-0.3615187146246103,0.19721128055626944,-0.7807716261367453
2022-11-30,-0.16709981815274985,-0.39574869496362497,-0.04112610990560221,0.15965890951192308
2022-12-01,-0.588924819585521,0.36415629064192123,0.5057746486244465,0.7695096280764434
2022-12-02,-0.8918590121503198,0.5667461941765969,1.2418087776924172,0.3486332351660957
2022-12-05,-1.1633179081145255,-0.28990369798923565,0.2542409937374828,-0.14347319671786327
2022-12-06,-2.2475207162707025,-2.069717265940974,-3.061807357102184,-0.7080249600700547
2022-12-07,-1.3839837585314876,-0.9039132304210648,-1.0776517306697415,-0.8714020726359069
2022-12-08,-1.1864019421823044,-0.19089335861328366,-0.28363920720043095,-0.48763658351597394
2022-12-09,-1.2339222333243267,-0.12175906054156,-0.7580383484065191,-0.6775325424800605
2022-12-12,-1.73173470601289,-1.3646403995933107,-1.2680650371362319,-1.2001698221821604
2022-12-13,-0.5158728426422953,0.31543324022424457,-0.40259823144966056,-0.3863084268048252
2022-12-14,-0.6560752288317797,0.5610453688492267,0.9485490719166649,-0.07242267838998198
2022-12-15,-0.7435584959816783,0.29983111937618,0.11549973458171126,-0.4724260232831871
2022-12-16,-0.5429404423550332,-0.3284446353880144,-1.8107191284240785,-0.6617383981851328
2022-12-19,0.005514213293779657,-0.2845451110015528,0.5769367262829268,-0.017746164475524684
2022-12-20,0.5110108588240633,0.6987268087458091,0.4555586404047738,0.4047982283417916
2022-12-21,0.4411737368769684,0.4586001428113562,4.057486131424978,0.6015169604399444
2022-12-22,0.1451648032014162,-0.14449738628527548,0.7130965371279141,-0.08418801344230092
2022-12-23,-0.2064057595817047,-0.4039483678959719,-0.0748370181602791,-0.3758463263244101
2022-12-26,-0.4237742808618056,0.18509347813740706,-0.6454418948564029,-0.5821858284112476
2022-12-27,-0.13369929100902173,-0.07461696993227501,-0.04428096197654863,0.20564927625781138
2022-12-28,-0.1247295047710768,-0.09410711196441807,-0.5978481166301118,0.1007868685492963
2022-12-29,0.09268532899176517,0.06605749240704373,-0.4172147132002122,-0.042749001660395955
2022-12-30,-0.027635877049555932,0.23157614641482993,0.6293714061090954,0.10012250809740472
2023-01-02,0.025346219179115965,0.572105199235918,1.7991037185373553,1.051956949490267
2023-01-03,0.015607756329063678,-0.12316877361875314,0.5716679108689737,0.5678481587366475
