Date,EURSGD
2010-01-01,2.0191961600875885
2010-01-04,2.0150297078679102
2010-01-05,2.0066372356996
2010-01-06,2.006914058074358
2010-01-07,2.0008018595302133
2010-01-08,2.00962661063906
2010-01-11,2.014163041509164
2010-01-12,2.0139844717421624
2010-01-13,2.0151919595546985
2010-01-14,2.0109907724099685
2010-01-15,2.0009211061236556
2010-01-18,1.998645830367309
2010-01-19,1.9853476159586168
2010-01-20,1.9750246710395203
2010-01-21,1.9790800947117473
2010-01-22,1.9861134106520237
2010-01-25,1.9798785687748932
2010-01-26,1.9749052121972
2010-01-27,1.97106811377175
2010-01-28,1.960973473464108
2010-01-29,1.9492746424548952
2010-02-01,1.9623136218554293
2010-02-02,1.9665966998616116
2010-02-03,1.9624115922099463
2010-02-04,1.9520574888516933
2010-02-05,1.9448966606206002
2010-02-08,1.9430599521105307
2010-02-09,1.9519832287995342
2010-02-10,1.949387973667001
2010-02-11,1.9300861463171657
2010-02-12,1.9238897702349789
2010-02-15,1.920748659764456
2010-02-16,1.9330368367025699
2010-02-17,1.912861162329733
2010-02-18,1.9038579320423423
2010-02-19,1.9217676861990185
2010-02-22,1.9176994802818543
2010-02-23,1.9077861071024247
2010-02-24,1.9083263969237123
2010-02-25,1.907224168059969
2010-02-26,1.9163872253117233
2010-03-01,1.9046586238399925
2010-03-02,1.9082515336890538
2010-03-03,1.91707775058795
2010-03-04,1.9036894074949942
2010-03-05,1.9094217882962992
2010-03-08,1.9060158342951183
2010-03-09,1.9028601178005429
2010-03-10,1.9071301481035334
2010-03-11,1.912701266139436
2010-03-12,1.919115399010252
2010-03-15,1.9110143559107795
2010-03-16,1.9195075785904123
2010-03-17,1.913201163556323
2010-03-18,1.899283992491121
2010-03-19,1.892056486446492
2010-03-22,1.899630946273092
2010-03-23,1.8875419773052045
2010-03-24,1.8742618184342064
2010-03-25,1.8724383756794793
2010-03-26,1.8816967058600653
2010-03-29,1.8860040658746156
2010-03-30,1.8786327196687296
2010-03-31,1.890071585299381
2010-04-01,1.8980928085934465
2010-04-02,1.8904209615616596
2010-04-05,1.8849516536408686
2010-04-06,1.8710465486860814
2010-04-07,1.8622438451451302
2010-04-08,1.8621398288867255
2010-04-09,1.8759536003967552
2010-04-12,1.8908512423640502
2010-04-13,1.892954798001483
2010-04-14,1.8749658751450935
2010-04-15,1.8648566867039305
2010-04-16,1.8570735276165065
2010-04-19,1.857830657750128
2010-04-20,1.8469207155407619
2010-04-21,1.8372320617824862
2010-04-22,1.820642857366579
2010-04-23,1.8332083877467655
2010-04-26,1.8314125450951906
2010-04-27,1.8095251771740095
2010-04-28,1.8154960073494095
2010-04-29,1.8142391369237032
2010-04-30,1.8218327156534428
2010-05-03,1.8082579313465033
2010-05-04,1.7891543487670845
2010-05-05,1.7845298303836898
2010-05-06,1.7731624158727752
2010-05-07,1.778835132919255
2010-05-10,1.7648622400653267
2010-05-11,1.7464668335139495
2010-05-12,1.7440469321089722
2010-05-13,1.7333015946054786
2010-05-14,1.7145824240501353
2010-05-17,1.7207619124324935
2010-05-18,1.7005444505512912
2010-05-19,1.7295011574560988
2010-05-20,1.7582829313646897
2010-05-21,1.7654230045831696
2010-05-24,1.7386257533476055
2010-05-25,1.7418948760293629
2010-05-26,1.7188279457353417
2010-05-27,1.7276533758707302
2010-05-28,1.7269524948960964
2010-05-31,1.7197994413671154
2010-06-01,1.7271793149304813
2010-06-02,1.7177317930381264
2010-06-03,1.7121195494436279
2010-06-04,1.6916262875721486
2010-06-07,1.6916252029126042
2010-06-08,1.6912891398718413
2010-06-09,1.6948279367767327
2010-06-10,1.6995023812441588
2010-06-11,1.6968103299746249
2010-06-14,1.7061311017935739
2010-06-15,1.7135078471000043
2010-06-16,1.714806333325214
2010-06-17,1.7228896047693354
2010-06-18,1.71530899334698
2010-06-21,1.6964098943865622
2010-06-22,1.7002184616647185
2010-06-23,1.7097629056908659
2010-06-24,1.7162631981272798
2010-06-25,1.7151482271910936
2010-06-28,1.7020857329995067
2010-06-29,1.708526659136737
2010-06-30,1.7113471133480544
2010-07-01,1.7367920263944114
2010-07-02,1.749635468547197
2010-07-05,1.7450226609519177
2010-07-06,1.7512056200244075
2010-07-07,1.7476659147632743
2010-07-08,1.7498762622494723
2010-07-09,1.7457547731942498
2010-07-12,1.740192361927228
2010-07-13,1.7487374136420044
2010-07-14,1.7500318091906593
2010-07-15,1.7744996490833387
2010-07-16,1.7778811779946295
2010-07-19,1.7817631544480015
2010-07-20,1.7702195238459664
2010-07-21,1.7602942249494617
2010-07-22,1.7693965564057805
2010-07-23,1.768830458015529
2010-07-26,1.7683708058211494
2010-07-27,1.7690997678543283
2010-07-28,1.7753901367509002
2010-07-29,1.7820151359229612
2010-07-30,1.7725217089355851
2010-08-02,1.776905287167935
2010-08-03,1.784590231138509
2010-08-04,1.784590231138509
2010-08-05,1.7789972317815457
2010-08-06,1.7836946129863236
2010-08-09,1.7885185237598762
2010-08-10,1.7833991830785862
2010-08-11,1.7839249707167681
2010-08-12,1.7546785131646487
2010-08-13,1.7464044666630656
2010-08-16,1.739652449481639
2010-08-17,1.7443498440371743
2010-08-18,1.7442039401725538
2010-08-19,1.737934232223779
2010-08-20,1.7349761204692413
2010-08-23,1.7251329228037378
2010-08-24,1.7145113623387545
2010-08-25,1.7199777086693757
2010-08-26,1.7193910781218733
2010-08-27,1.7217280677919005
2010-08-30,1.7233155244241516
2010-08-31,1.7163592223601825
2010-09-01,1.7188748001792928
2010-09-02,1.724685438781279
2010-09-03,1.725730170835732
2010-09-06,1.7318031398591813
2010-09-07,1.730536603758992
2010-09-08,1.7106380345481538
2010-09-09,1.7105497155817773
2010-09-10,1.7037940825223217
2010-09-13,1.701278093209453
2010-09-14,1.7206003165524064
2010-09-15,1.731928426137969
2010-09-16,1.7406355634604438
2010-09-17,1.7491762418646601
2010-09-20,1.7422780059711158
2010-09-21,1.7424766851249984
2010-09-22,1.7617191186595704
2010-09-23,1.77511147591548
2010-09-24,1.7694459811187073
2010-09-27,1.780587412303845
2010-09-28,1.7748017916334218
2010-09-29,1.7885108703796107
2010-09-30,1.7957697697631116
2010-10-01,1.7918540657912985
2010-10-04,1.8068470377854737
2010-10-05,1.797049112179124
2010-10-06,1.810447371836801
2010-10-07,1.8214342030697708
2010-10-08,1.8196884345097148
2010-10-11,1.8240777039510334
2010-10-12,1.8151155719573495
2010-10-13,1.815740009150133
2010-10-14,1.8196547315848903
2010-10-15,1.8234523172456532
2010-10-18,1.8120121172375152
2010-10-19,1.8122273728984908
2010-10-20,1.8055918899775067
2010-10-21,1.8181436721606588
2010-10-22,1.811425713004553
2010-10-25,1.810778773931304
2010-10-26,1.8048542951660806
2010-10-27,1.797727795303132
2010-10-28,1.797076117364881
2010-10-29,1.797076117364881
2010-11-01,1.805620721180233
2010-11-02,1.7958990944812996
2010-11-03,1.8067232148379162
2010-11-04,1.8159214755109898
2010-11-05,1.8250241843318946
2010-11-08,1.8073308083636448
2010-11-09,1.7877947526508817
2010-11-10,1.7765902637595443
2010-11-11,1.7725094056154944
2010-11-12,1.7579272648875133
2010-11-15,1.7760478897906182
2010-11-16,1.7716449853265885
2010-11-17,1.7596390488354243
2010-11-18,1.7620189616489768
2010-11-19,1.7687549411710677
2010-11-22,1.7796225973840762
2010-11-23,1.7667542527057236
2010-11-24,1.7588315362527283
2010-11-25,1.7446769402890396
2010-11-26,1.7459046841824488
2010-11-29,1.7450888025556424
2010-11-30,1.7308977188286008
2010-12-01,1.715083688198746
2010-12-02,1.719494327295194
2010-12-03,1.7273280862128217
2010-12-06,1.7458209665201139
2010-12-07,1.735005753197072
2010-12-08,1.7346559336692735
2010-12-09,1.7418208086827038
2010-12-10,1.735013349096846
2010-12-13,1.726581629193788
2010-12-14,1.745860843484337
2010-12-15,1.7398623575847694
2010-12-16,1.7411661790162611
2010-12-17,1.7407883366724661
2010-12-20,1.7311970373296506
2010-12-21,1.7275124262825157
2010-12-22,1.7192450434346256
2010-12-23,1.7122209669059882
2010-12-24,1.713486800300501
2010-12-27,1.7025792661508776
2010-12-28,1.7124128610265643
2010-12-29,1.7002983953416617
2010-12-30,1.7087824469151656
2010-12-31,1.7133584737581768
2011-01-03,1.7130186896619506
2011-01-04,1.716220536468171
2011-01-05,1.714396117600785
2011-01-06,1.7002605208781743
2011-01-07,1.6833675578795069
2011-01-10,1.6705567197530797
2011-01-11,1.682203158209262
2011-01-12,1.6799969036895845
2011-01-13,1.6910898009405457
2011-01-14,1.7160960594759445
2011-01-17,1.722172347258635
2011-01-18,1.7111014707755317
2011-01-19,1.7164108822798887
2011-01-20,1.7263041689235195
2011-01-21,1.7333331689818579
2011-01-24,1.7475213204644717
2011-01-25,1.74698471749349
2011-01-26,1.7515567627067412
2011-01-27,1.752340906051728
2011-01-28,1.7557293379786643
2011-01-31,1.7472889832966132
2011-02-01,1.7537268200011342
2011-02-02,1.7571603886358673
2011-02-03,1.7578416785668196
2011-02-04,1.7358339798368263
2011-02-07,1.7310798535380059
2011-02-08,1.7309610880840864
2011-02-09,1.7342063267182368
2011-02-10,1.7465457607814443
2011-02-11,1.7385982948104157
2011-02-14,1.7329332177110075
2011-02-15,1.7281405425327279
2011-02-16,1.729299981949083
2011-02-17,1.7356066214119181
2011-02-18,1.7382713289734115
2011-02-21,1.7451763560202807
2011-02-22,1.7451804680995053
2011-02-23,1.7506461413675822
2011-02-24,1.7568440624531405
2011-02-25,1.7620474962711796
2011-02-28,1.750446445028487
2011-03-01,1.7561608653399219
2011-03-02,1.753745931570947
2011-03-03,1.7596650835539547
2011-03-04,1.76942737279262
2011-03-07,1.7724829429818953
2011-03-08,1.7674164832693293
2011-03-09,1.7619835066687273
2011-03-10,1.7626614940444938
2011-03-11,1.7570422295684833
2011-03-14,1.768714109828409
2011-03-15,1.773775857442189
2011-03-16,1.7857592966340265
2011-03-17,1.784062870531983
2011-03-18,1.7925371969124626
2011-03-21,1.803341401900127
2011-03-22,1.7994541157483468
2011-03-23,1.7912751729432301
2011-03-24,1.782288479399199
2011-03-25,1.7868542252307404
2011-03-28,1.770085275510482
2011-03-29,1.7779201193067706
2011-03-30,1.7789913735850291
2011-03-31,1.7806961305838342
2011-04-01,1.7841366840504946
2011-04-04,1.7919979129343628
2011-04-05,1.792301265146051
2011-04-06,1.7918895732530018
2011-04-07,1.8061010713423256
2011-04-08,1.8023457111540893
2011-04-11,1.8177479071802765
2011-04-12,1.8135486949314128
2011-04-13,1.818379418215784
2011-04-14,1.813205811344588
2011-04-15,
2011-04-18,1.7909543348143302
2011-04-19,1.7754324699201192
2011-04-20,1.7823501567525426
2011-04-21,1.7972684743188696
2011-04-22,1.7976858946877885
2011-04-25,1.7956182094314954
2011-04-26,1.8010846550474184
2011-04-27,1.8092621382516398
2011-04-28,1.8166096922208792
2011-04-29,1.821069660590979
2011-05-02,1.8094533798889074
2011-05-03,1.8126566604108518
2011-05-04,1.8212293851819936
2011-05-05,1.825246272771608
2011-05-06,1.8027780004149463
2011-05-09,1.7730220256947005
2011-05-10,1.7698390135725364
2011-05-11,1.7742934470639113
2011-05-12,1.755343401690297
2011-05-13,1.7629385974209697
2011-05-16,1.7546774097720004
2011-05-17,1.770044353885794
2011-05-18,1.7756342828070044
2011-05-19,1.7669280453799274
2011-05-20,1.7711986750039161
2011-05-23,1.749678983316258
2011-05-24,1.752800236751881
2011-05-25,1.7582866674918731
2011-05-26,1.7559649254692147
2011-05-27,1.7567070694371978
2011-05-30,1.7670103664166275
2011-05-31,1.7659443456209376
2011-06-01,1.7776655777383323
2011-06-02,1.776477219777405
2011-06-03,1.7857225451569292
2011-06-06,1.7981711265506704
2011-06-07,1.794000729408111
2011-06-08,1.800945832300016
2011-06-09,1.7982302651558368
2011-06-10,1.784703385177579
2011-06-13,1.7712231453668608
2011-06-14,1.7794789826405262
2011-06-15,1.776631455180819
2011-06-16,1.7547367217293441
2011-06-17,1.7602623129175186
2011-06-20,1.761353120324543
2011-06-21,1.768687519996348
2011-06-22,1.7726834012333086
2011-06-23,1.766819348897556
2011-06-24,1.7616336889325055
2011-06-27,1.755544692332478
2011-06-28,1.7762856365064863
2011-06-29,1.7790892087334669
2011-06-30,1.7852489222873658
2011-07-01,1.7790663236141313
2011-07-04,1.7820169956184202
2011-07-05,1.7827517021967765
2011-07-06,1.772208391487979
2011-07-07,1.759731159206126
2011-07-08,1.7559180167483817
2011-07-11,1.7353330262534428
2011-07-12,1.723343759948662
2011-07-13,1.7121823293709324
2011-07-14,1.7306023061824758
2011-07-15,1.7222340113506505
2011-07-18,1.7211818387816036
2011-07-19,1.7165759447671292
2011-07-20,1.7220121433546893
2011-07-21,1.7306677166122881
2011-07-22,1.7448232664395393
2011-07-25,1.738273387749416
2011-07-26,1.7349315836731876
2011-07-27,1.7457599053519741
2011-07-28,1.7303629609387627
2011-07-29,1.7228480576646064
2011-08-01,1.7278081320412042
2011-08-02,1.713874137024618
2011-08-03,1.7122811028420841
2011-08-04,1.7298770998850728
2011-08-05,1.726592300539025
2011-08-08,1.735873819232097
2011-08-09,1.7327967558132686
2011-08-10,1.7366164829799402
2011-08-11,1.7239187306287251
2011-08-12,1.724662736727055
2011-08-15,1.7250240239094412
2011-08-16,1.7330348570161502
2011-08-17,1.7286260960628255
2011-08-18,1.7345320014776178
2011-08-19,1.7432783820243
2011-08-22,1.739111645931075
2011-08-23,1.7358148580890997
2011-08-24,1.737216061778099
2011-08-25,1.738127864906076
2011-08-26,1.7399929130636023
2011-08-29,1.7440460777463755
2011-08-30,1.7491649731466907
2011-08-31,1.7403479062024871
2011-09-01,1.7299869648802257
2011-09-02,1.7171544497443847
2011-09-05,1.7057183384331156
2011-09-06,1.6989648831880118
2011-09-07,1.694393231642721
2011-09-08,1.7009887584569159
2011-09-09,1.6879631557790729
2011-09-12,1.6731723981451694
2011-09-13,1.6856771235991346
2011-09-14,1.6961145793944468
2011-09-15,1.708912935254858
2011-09-16,1.7215649543029912
2011-09-19,1.7048709435083256
2011-09-20,1.7204315414242188
2011-09-21,1.7262581170525948
2011-09-22,1.7503566177088175
2011-09-23,1.757235925590834
2011-09-26,1.755015717706641
2011-09-27,1.7480228618635323
2011-09-28,1.7432936468922833
2011-09-29,1.7580007348306592
2011-09-30,1.762600812680148
2011-10-03,1.7446722999928852
2011-10-04,1.7363363993797665
2011-10-05,1.7433150172933267
2011-10-06,1.7371237134986472
2011-10-07,1.7449573008955923
2011-10-10,1.7375008103487344
2011-10-11,1.73934379784788
2011-10-12,1.7514293880268499
2011-10-13,1.7604060984070173
2011-10-14,1.7544365544554807
2011-10-17,1.7552845874270993
2011-10-18,1.749199294357396
2011-10-19,1.742786315868585
2011-10-20,1.7437507296059775
2011-10-21,1.7533138252824754
2011-10-24,1.763785388863823
2011-10-25,1.7590877343911302
2011-10-26,1.7571155943975327
2011-10-27,1.760151007066355
2011-10-28,1.7613958449899059
2011-10-31,1.759307729521879
2011-11-01,1.7369371144055208
2011-11-02,1.7450974584382095
2011-11-03,1.7519099123890103
2011-11-04,1.7475070200072338
2011-11-07,1.746276889220141
2011-11-08,1.7467044475084352
2011-11-09,1.7519530861371635
2011-11-10,1.7426415275688782
2011-11-11,1.7559715002277017
2011-11-14,1.7583963421011928
2011-11-15,1.7573808225009913
2011-11-16,1.7462011008094578
2011-11-17,1.7433030228495738
2011-11-18,1.7460466941071218
2011-11-21,1.7559193611352695
2011-11-22,1.7578209490451968
2011-11-23,1.7578494380859409
2011-11-24,1.749462602272132
2011-11-25,1.7444975051362235
2011-11-28,1.7346096041387824
2011-11-29,1.7304105904798774
2011-11-30,1.7278686641214875
2011-12-01,1.723243161877491
2011-12-02,1.7275370107761034
2011-12-05,1.7200521878730797
2011-12-06,1.7167105966255605
2011-12-07,1.7203594490620162
2011-12-08,1.7210411777070647
2011-12-09,1.726498701496297
2011-12-12,1.7292238010066965
2011-12-13,1.7159265625706013
2011-12-14,1.7012106703494965
2011-12-15,1.7010416435596198
2011-12-16,1.7015426458579128
2011-12-19,1.6987940731900153
2011-12-20,1.7007688408531152
2011-12-21,1.6990812110603457
2011-12-22,1.6895692773526891
2011-12-23,1.6891882666480171
2011-12-26,1.6880170015710403
2011-12-27,1.685742197150546
2011-12-28,1.6941397983825937
2011-12-29,1.679637027264107
2011-12-30,1.6832504832962059
2012-01-02,1.6797562923880351
2012-01-03,1.6775371687323712
2012-01-04,1.6765240016671896
2012-01-05,1.6654381083259298
2012-01-06,1.6524841896307405
2012-01-09,1.6436306381224315
2012-01-10,1.6537202286020836
2012-01-11,1.6446315047581948
2012-01-12,1.6418973323467867
2012-01-13,1.652692428146878
2012-01-16,1.6357657346807744
2012-01-17,1.6351890593740277
2012-01-18,1.6357959194848488
2012-01-19,1.642813089342326
2012-01-20,1.6492721128928451
2012-01-23,1.6401025865387453
2012-01-24,1.6508910274156252
2012-01-25,1.6524301104607986
2012-01-26,1.6519210098272055
2012-01-27,1.647725750928089
2012-01-30,1.6525781295616753
2012-01-31,1.6519065637865822
2012-02-01,1.6452204601978906
2012-02-02,1.6465955832634622
2012-02-03,1.6387284244373752
2012-02-06,1.632361013351641
2012-02-07,1.638367765901421
2012-02-08,1.6499734251521545
2012-02-09,1.651033326497341
2012-02-10,1.6574161790235706
2012-02-13,1.661746952080506
2012-02-14,1.6559210104879585
2012-02-15,1.6598371760704964
2012-02-16,1.651192822369154
2012-02-17,1.655683850723648
2012-02-20,1.6533954441547394
2012-02-21,1.6567806300271
2012-02-22,1.6636603410888569
2012-02-23,1.667201273476735
2012-02-24,1.673844020491714
2012-02-27,1.6898525125512265
2012-02-28,1.6818609730523661
2012-02-29,1.682458403988619
2012-03-01,1.66660442778344
2012-03-02,1.6633359882546015
2012-03-05,1.6534146538762116
2012-03-06,1.6616849791265764
2012-03-07,1.6576115979983113
2012-03-08,1.6551298177492697
2012-03-09,1.6610911553079433
2012-03-12,1.649429137981258
2012-03-13,1.6549908675570038
2012-03-14,1.6460430673323572
2012-03-15,1.6524287383837333
2012-03-16,1.6530213551981774
2012-03-19,1.656366577346944
2012-03-20,1.662124567431107
2012-03-21,1.6721823156855464
2012-03-22,1.670588189061334
2012-03-23,1.6690875363820226
2012-03-26,1.6723873311331374
2012-03-27,1.679492281848738
2012-03-28,1.6758191336264616
2012-03-29,1.6757730488603073
2012-03-30,1.6760351105604343
2012-04-02,1.6736574960182227
2012-04-03,1.6701333225806534
2012-04-04,1.6606933155944856
2012-04-05,1.6540483592289092
2012-04-06,1.6454141674985578
2012-04-09,1.650187040017215
2012-04-10,1.6530745719020385
2012-04-11,1.6505425808363157
2012-04-12,1.6485174182028288
2012-04-13,1.6493009355128265
2012-04-16,1.6307611016254242
2012-04-17,1.6404567340880198
2012-04-18,1.6383028087710443
2012-04-19,1.6411702974285447
2012-04-20,1.643880557163726
2012-04-23,1.647563594292535
2012-04-24,1.64071337595027
2012-04-25,1.643394549443613
2012-04-26,1.6449649558852713
2012-04-27,1.637910729532308
2012-04-30,1.6386386180328145
2012-05-01,1.6372302998643982
2012-05-02,1.6353767398205432
2012-05-03,1.6309492079014376
2012-05-04,1.6350480201876392
2012-05-07,1.6218108293956135
2012-05-08,1.626306192846869
2012-05-09,1.6228720579540834
2012-05-10,1.6197929241832298
2012-05-11,1.619803393834104
2012-05-14,1.6154541446521193
2012-05-15,1.6134993556007657
2012-05-16,1.6058329418625021
2012-05-17,1.6127308448907771
2012-05-18,1.6156189576179258
2012-05-21,1.6256226834458545
2012-05-22,1.6229822168752577
2012-05-23,1.6161347539964765
2012-05-24,1.6052002508879466
2012-05-25,1.6002257109399238
2012-05-28,1.6049523605078377
2012-05-29,1.6010772820932855
2012-05-30,1.5963313917002893
2012-05-31,1.5943572224052789
2012-06-01,1.5918159185570033
2012-06-04,1.6050601864468206
2012-06-05,1.6067051306118856
2012-06-06,1.601196505540486
2012-06-07,1.602602757452587
2012-06-08,1.6045254100112627
2012-06-11,1.6138088546562985
2012-06-12,1.6041926002706646
2012-06-13,1.6032260655345283
2012-06-14,1.6107381582457945
2012-06-15,1.6141938475989548
2012-06-18,1.6088680144949308
2012-06-19,1.5990173100695417
2012-06-20,1.605756971954235
2012-06-21,1.609396437870316
2012-06-22,1.6044684691546252
2012-06-25,1.6026831177568965
2012-06-26,1.6018506196822244
2012-06-27,1.59652831368561
2012-06-28,1.5927030200096226
2012-06-29,1.593257054189792
2012-07-02,1.602019796640974
2012-07-03,1.5947031691109146
2012-07-04,1.5908231099695058
2012-07-05,1.5855614031109155
2012-07-06,1.5674102053893078
2012-07-09,1.5615413972957415
2012-07-10,1.5631436018728666
2012-07-11,1.5544796578005844
2012-07-12,1.547072383610839
2012-07-13,1.547380931864211
2012-07-16,1.5487506130784823
2012-07-17,1.5508526331702228
2012-07-18,1.5496127367733692
2012-07-19,1.5443830548728954
2012-07-20,1.5391509165458785
2012-07-23,1.5259519073065064
2012-07-24,1.5286615243208956
2012-07-25,1.5226884118286534
2012-07-26,1.525033382428745
2012-07-27,1.5366572881793417
2012-07-30,1.5352774978026673
2012-07-31,1.5284541429420242
2012-08-01,1.5314974588217325
2012-08-02,1.52699235147864
2012-08-03,1.5209501882686993
2012-08-06,1.5418842150933756
2012-08-07,1.5382233625832384
2012-08-08,1.5394525447670446
2012-08-09,1.5404793679110185
2012-08-10,1.5302433724016853
2012-08-13,1.52833575361268
2012-08-14,1.5362425322768727
2012-08-15,1.536817483494815
2012-08-16,1.5350865002537262
2012-08-17,1.543499734469762
2012-08-20,1.5442864343589946
2012-08-21,1.547127921366766
2012-08-22,1.559962501246446
2012-08-23,1.5624216256071577
2012-08-24,1.5668885642924124
2012-08-27,1.5631720861388345
2012-08-28,1.565570743719519
2012-08-29,1.574553613765673
2012-08-30,1.5713282545237914
2012-08-31,1.5682471859884117
2012-09-03,1.5707458758963782
2012-09-04,1.567904396942211
2012-09-05,1.5640510781746997
2012-09-06,1.5717706972418455
2012-09-07,1.5696058245496405
2012-09-10,1.5818298760173093
2012-09-11,1.5782287698536948
2012-09-12,1.5805810042409973
2012-09-13,1.5853290627126881
2012-09-14,1.5918919095399389
2012-09-17,1.6009969922108525
2012-09-18,1.6044416829801946
2012-09-19,1.5979126142641178
2012-09-20,1.5981195466015663
2012-09-21,1.5878307589789102
2012-09-24,1.5885099265990732
2012-09-25,1.5881325030068183
2012-09-26,1.5851854734701902
2012-09-27,1.5853406920348332
2012-09-28,1.5831611389089206
2012-10-01,1.5742281175650135
2012-10-02,1.5839669580450533
2012-10-03,1.590157528595526
2012-10-04,1.5892995319114787
2012-10-05,1.5990627391007874
2012-10-08,1.6002734339994618
2012-10-09,1.5949908063261944
2012-10-10,1.5830011413254397
2012-10-11,1.5824097700406128
2012-10-12,1.588295498006886
2012-10-15,1.5824488575647138
2012-10-16,1.5835818569399152
2012-10-17,1.597457155425914
2012-10-18,1.5954880965834803
2012-10-19,1.593130723756403
2012-10-22,1.5920823542267184
2012-10-23,1.5955822320736248
2012-10-24,1.5887389023905174
2012-10-25,1.5850642197380858
2012-10-26,1.5797258130217529
2012-10-29,1.5785461282499405
2012-10-30,1.5763521393230349
2012-10-31,1.5805302942140997
2012-11-01,1.5812264318066693
2012-11-02,1.5796971023988817
2012-11-05,1.5703932158509701
2012-11-06,1.5668929066518018
2012-11-07,1.5664225272910812
2012-11-08,1.5614393909990554
2012-11-09,1.5609610508127503
2012-11-12,1.5568377051496185
2012-11-13,1.5538890506323924
2012-11-14,1.554028895786459
2012-11-15,1.5574230023025137
2012-11-16,1.5647533843375925
2012-11-19,1.5643142904534957
2012-11-20,1.5637196133388613
2012-11-21,1.5686149517345171
2012-11-22,1.5751576728047212
2012-11-23,1.5766907223957392
2012-11-26,1.5847389726149004
2012-11-27,1.5858701145974692
2012-11-28,1.5823523042479337
2012-11-29,1.5829014796123602
2012-11-30,1.5831602850539923
2012-12-03,1.5856099214462347
2012-12-04,
2012-12-05,1.5948912947589804
2012-12-06,1.592340786563497
2012-12-07,1.5819549798358425
2012-12-10,1.5753132853571827
2012-12-11,1.5806702023445496
2012-12-12,1.588183985633549
2012-12-13,1.5947993942943413
2012-12-14,1.5970704728727867
2012-12-17,1.6064986194767954
2012-12-18,1.6055819154904327
2012-12-19,1.6108757731265655
2012-12-20,1.6122903220443165
2012-12-21,1.6126127074489034
2012-12-24,1.6097862531053124
2012-12-25,1.6089362800584581
2012-12-26,1.6099643363875487
2012-12-27,1.6184763801707194
2012-12-28,1.6202465223221907
2012-12-31,1.6176140182307248
2013-01-01,1.611485187058008
2013-01-02,1.611851679868849
2013-01-03,1.6094911770758813
2013-01-04,1.5994134218982623
2013-01-07,1.6028669158352216
2013-01-08,1.6131251443936636
2013-01-09,1.606483571148843
2013-01-10,1.6034727284322798
2013-01-11,1.6227104233075098
2013-01-14,1.6396932266521842
2013-01-15,1.6391438297385434
2013-01-16,1.6292254225236604
2013-01-17,1.626116508854409
2013-01-18,1.6360123214157625
2013-01-21,1.6343522893877491
2013-01-22,1.6354512839244533
2013-01-23,1.633625794851497
2013-01-24,1.6325524626545729
2013-01-25,1.645057211886751
2013-01-28,1.6643729925573318
2013-01-29,1.664864889511378
2013-01-30,1.6652725712821734
2013-01-31,1.6768700653476856
2013-02-01,1.6846058447524686
2013-02-04,1.6928494655203536
2013-02-05,1.6738279156015778
2013-02-06,1.67983158682452
2013-02-07,1.675479653513463
2013-02-08,1.6594943831258036
2013-02-11,1.6543767960804132
2013-02-12,1.664079722834444
2013-02-13,1.6662137924491276
2013-02-14,1.6611052369940325
2013-02-15,1.6493524247145928
2013-02-18,1.6516546281053477
2013-02-19,1.653599693045038
2013-02-20,1.6571199248864446
2013-02-21,1.6461109821312903
2013-02-22,1.636297578225765
2013-02-25,1.6352383999421252
2013-02-26,1.6192840645113904
2013-02-27,1.6180831992709273
2013-02-28,1.6258548205157695
2013-03-01,1.6165600080234412
2013-03-04,1.61748422122605
2013-03-05,1.622343992882037
2013-03-06,1.6243328988359451
2013-03-07,1.6198182310179732
2013-03-08,1.632227560655565
2013-03-11,1.6212950977824647
2013-03-12,1.6274728921942199
2013-03-13,1.6241043420166077
2013-03-14,1.617597344160572
2013-03-15,1.6252440427440857
2013-03-18,1.6130113466367817
2013-03-19,1.616957966894006
2013-03-20,1.6095295595176538
2013-03-21,1.6188041728328528
2013-03-22,1.6116918810941314
2013-03-25,1.623448595012178
2013-03-26,1.5995885080556036
2013-03-27,1.5955504302094994
2013-03-28,1.5872732154318783
2013-03-29,1.5898138208298178
2013-04-01,1.589268851758817
2013-04-02,1.5920072135925807
2013-04-03,1.588141054197763
2013-04-04,1.5915061423932286
2013-04-05,1.6034388249153155
2013-04-08,1.6104846250438243
2013-04-09,1.6174593751102007
2013-04-10,1.620750511797894
2013-04-11,1.6163947845579116
2013-04-12,1.6215605644806885
2013-04-15,1.6206182644864102
2013-04-16,1.6166499235140463
2013-04-17,1.6261200483312306
2013-04-18,1.6104644229599785
2013-04-19,1.6131836583585368
2013-04-22,1.6153796064699577
2013-04-23,1.620310849998873
2013-04-24,1.6132595546014983
2013-04-25,1.61675341635204
2013-04-26,1.611082118827767
2013-04-29,1.6122575158214545
2013-04-30,1.6155055227519457
2013-05-01,1.621398461845544
2013-05-02,1.6260480051953436
2013-05-03,1.6131433999757405
2013-05-06,1.6174016159784512
2013-05-07,1.6089791369619775
2013-05-08,1.6118739711116916
2013-05-09,1.614372195297861
2013-05-10,1.6077945372712747
2013-05-13,1.6074368390761151
2013-05-14,1.6107488984670226
2013-05-15,1.608432356718197
2013-05-16,1.6046763092157337
2013-05-17,1.6114404461329028
2013-05-20,1.613017981613211
2013-05-21,1.6164129336320912
2013-05-22,1.625605550026066
2013-05-23,1.6289024538804995
2013-05-24,1.634944353541357
2013-05-27,1.6358920051172845
2013-05-28,1.6307103704760095
2013-05-29,1.6308468123063733
2013-05-30,1.6386648032002427
2013-05-31,1.64249185241097
2013-06-03,1.6395561133766277
2013-06-04,1.6373178320964146
2013-06-05,1.63980077892235
2013-06-06,1.6360065251035678
2013-06-07,1.64471420471898
2013-06-10,1.6556465242339728
2013-06-11,1.6638585966491348
2013-06-12,1.6568764512679908
2013-06-13,1.6743948211561843
2013-06-14,1.6697457959864863
2013-06-17,1.6683128593413699
2013-06-18,1.676920549689669
2013-06-19,1.6901570414339624
2013-06-20,1.6854347316880478
2013-06-21,1.684900886289654
2013-06-24,1.6696153684492423
2013-06-25,1.6742003636686318
2013-06-26,1.6613780456161182
2013-06-27,1.6567850431565603
2013-06-28,1.651314608632717
2013-07-01,1.651496587835581
2013-07-02,1.6512381151844409
2013-07-03,1.6499064983420055
2013-07-04,1.6562275698971123
2013-07-05,1.6441856478314492
2013-07-08,1.643377598131224
2013-07-09,1.6461631514171984
2013-07-10,1.6332379426908121
2013-07-11,1.6635016343089148
2013-07-12,1.649490994886193
2013-07-15,1.647525154112202
2013-07-16,1.648236272251694
2013-07-17,1.6554268124305056
2013-07-18,1.6531343438064567
2013-07-19,1.6603428968444263
2013-07-22,1.6622097987515616
2013-07-23,1.6615882281718515
2013-07-24,1.6705278501293606
2013-07-25,1.674713238616647
2013-07-26,1.678963037380555
2013-07-29,1.6780983730339327
2013-07-30,1.681141727935369
2013-07-31,1.6847200538557414
2013-08-01,1.690369748683068
2013-08-02,1.6854628805993597
2013-08-05,1.687412876725034
2013-08-06,1.681236692532792
2013-08-07,1.685635233849979
2013-08-08,1.6898488178992184
2013-08-09,1.6853140473469352
2013-08-12,1.6777472110547933
2013-08-13,1.6796937360459196
2013-08-14,1.6803391252401527
2013-08-15,1.6831318935497286
2013-08-16,1.693686364834889
2013-08-19,1.6930981799018812
2013-08-20,1.703681416780455
2013-08-21,1.7115554456063362
2013-08-22,1.7138873894596431
2013-08-23,1.7111300820089357
2013-08-26,1.7115873360482683
2013-08-27,1.7140467313409573
2013-08-28,1.7200787456182525
2013-08-29,1.7027110257094764
2013-08-30,1.6884182332445334
2013-09-02,1.6828688082728858
2013-09-03,1.679773181458586
2013-09-04,1.682954264926394
2013-09-05,1.6824590474940493
2013-09-06,1.6799511758867431
2013-09-09,1.6798671039654776
2013-09-10,1.6823112255821115
2013-09-11,1.6818078864454833
2013-09-12,1.684633858327203
2013-09-13,1.6855732939904158
2013-09-16,1.687885751344169
2013-09-17,1.6825832348072964
2013-09-18,1.6825892842644237
2013-09-19,1.6841698860271208
2013-09-20,1.686331783348777
2013-09-23,1.6925221704770195
2013-09-24,1.6882829110721786
2013-09-25,1.6904442661115127
2013-09-26,1.6947730341574354
2013-09-27,1.6927309234109345
2013-09-30,1.6963792250771805
2013-10-01,1.6976710813834472
2013-10-02,1.6934249811414048
2013-10-03,1.6967978688743555
2013-10-04,1.701276658208016
2013-10-07,1.6918389946737307
2013-10-08,
2013-10-09,1.6979738607594754
2013-10-10,1.689953199650006
2013-10-11,1.689373383867121
2013-10-14,1.6905944013409169
2013-10-15,1.6863627823838812
2013-10-16,1.6801840547633873
2013-10-17,1.6824383269093917
2013-10-18,1.6938183283562864
2013-10-21,1.6948788540468627
2013-10-22,1.6991835288462198
2013-10-23,1.7025641078037947
2013-10-24,1.7065073530550448
2013-10-25,1.7080185704872974
2013-10-28,1.7056436061242408
2013-10-29,1.7069774389167094
2013-10-30,1.7059674075733966
2013-10-31,1.7016263942193888
2013-11-01,1.6860223547933515
2013-11-04,1.6774125293535747
2013-11-05,1.6790933090147178
2013-11-06,1.6750963204553955
2013-11-07,1.6797971219039027
2013-11-08,1.6688612249170376
2013-11-11,1.665393980282147
2013-11-12,1.6744216844693938
2013-11-13,1.678543048983272
2013-11-14,1.6799450574357166
2013-11-15,1.6768609207547343
2013-11-18,1.6805101489306367
2013-11-19,1.6833356975589027
2013-11-20,1.685724439880289
2013-11-21,1.6743641228697328
2013-11-22,1.6841933630241783
2013-11-25,1.6939204094886406
2013-11-26,1.6904888369228388
2013-11-27,1.6975741982931964
2013-11-28,1.7035101168866904
2013-11-29,1.7080997462409186
2013-12-02,1.7044695385730366
2013-12-03,1.7007747273823524
2013-12-04,1.7029083941215788
2013-12-05,1.704441525310713
2013-12-06,1.7133132277447773
2013-12-09,1.7142054931151591
2013-12-10,1.7161955925356267
2013-12-11,1.7186962695065233
2013-12-12,1.7255745775198648
2013-12-13,1.7278438273119863
2013-12-16,1.7245548518591534
2013-12-17,1.7279071382037614
2013-12-18,1.7312676239632196
2013-12-19,1.7267527394404851
2013-12-20,1.7288368949990627
2013-12-23,1.7318897726461273
2013-12-24,1.73598846729206
2013-12-25,1.7343102839265043
2013-12-26,1.7321797036876774
2013-12-27,1.7381288759723077
2013-12-30,1.7454831061179163
2013-12-31,1.7497066036509776
2014-01-01,1.7350385582567471
2014-01-02,1.740125790536979
2014-01-03,1.7314920154288842
2014-01-06,1.7218664754348936
2014-01-07,1.72746988650448
2014-01-08,1.7311719110363128
2014-01-09,1.7279623689216805
2014-01-10,1.728919165139331
2014-01-13,1.7273150079301731
2014-01-14,1.7296488752353414
2014-01-15,1.734148031389111
2014-01-16,1.7310594782181
2014-01-17,1.7320105660401597
2014-01-20,1.7250923166659504
2014-01-21,1.7294799876370206
2014-01-22,1.7331695779678569
2014-01-23,1.732350972229568
2014-01-24,1.7510369118788276
2014-01-27,1.7503319651555955
2014-01-28,1.744995082824374
2014-01-29,1.739106662942518
2014-01-30,1.743136564273641
2014-01-31,1.7281601852577637
2014-02-03,1.7227641303529708
2014-02-04,1.724792711514965
2014-02-05,1.7141659205794895
2014-02-06,1.7160608376801463
2014-02-07,1.7237536715413029
2014-02-10,1.727082107222202
2014-02-11,1.7334370435489177
2014-02-12,1.7282968063714172
2014-02-13,1.7199081103289302
2014-02-14,1.7300221476879187
2014-02-17,1.7241790830409798
2014-02-18,1.725472532682005
2014-02-19,1.736141682588368
2014-02-20,1.7352364476302424
2014-02-21,1.7346460259479102
2014-02-24,1.7406823012473183
2014-02-25,1.734467912886046
2014-02-26,1.7380684791419296
2014-02-27,1.7322989156551785
2014-02-28,1.7332118458849664
2014-03-03,1.7485155367862717
2014-03-04,1.7444776362586651
2014-03-05,1.7436996796425321
2014-03-06,1.7430882586636471
2014-03-07,1.7509496624351186
2014-03-10,1.7599823904184577
2014-03-11,1.7596458848645968
2014-03-12,1.7564994732630197
2014-03-13,1.7616900988516022
2014-03-14,1.7562047810019976
2014-03-17,1.7604451714733358
2014-03-18,1.760824310543967
2014-03-19,1.76020787904136
2014-03-20,1.7598496613015158
2014-03-21,1.760191944211087
2014-03-24,1.7570459899949356
2014-03-25,1.758607842243748
2014-03-26,1.752128099553829
2014-03-27,1.746368476943374
2014-03-28,1.7359049269153533
2014-03-31,1.7318059061036593
2014-04-01,1.7334388283711633
2014-04-02,1.7378018995312061
2014-04-03,1.7372058803424295
2014-04-04,1.732838357176206
2014-04-07,1.7251374041533865
2014-04-08,1.7309385478907302
2014-04-09,1.726327182912115
2014-04-10,1.7273469915265023
2014-04-11,1.7351866706168408
2014-04-14,1.728697548109707
2014-04-15,1.7313538306227372
2014-04-16,1.7305976005319224
2014-04-17,1.7283813655376434
2014-04-18,1.730262538624572
2014-04-21,1.7300784660952784
2014-04-22,1.7278935191539802
2014-04-23,1.734266900854351
2014-04-24,1.7346986322017415
2014-04-25,1.7392387895902743
2014-04-28,1.7386749439027938
2014-04-29,1.7404242508868037
2014-04-30,1.7340176812981556
2014-05-01,1.737705046772433
2014-05-02,1.7378941374474977
2014-05-05,1.7357805163611602
2014-05-06,1.7337199826358471
2014-05-07,1.7370444297959295
2014-05-08,1.7382517253426784
2014-05-09,1.7262708289881203
2014-05-12,1.7191313609789063
2014-05-13,1.7200792747721037
2014-05-14,1.7160757385516376
2014-05-15,1.7151304619567753
2014-05-16,1.7174130696751035
2014-05-19,1.7132305647281358
2014-05-20,1.7149989623436854
2014-05-21,1.7170794107331346
2014-05-22,1.7121905170392893
2014-05-23,1.7091867434286314
2014-05-26,1.7074577254234669
2014-05-27,1.7103873769894447
2014-05-28,1.712846005476834
2014-05-29,1.706722007997939
2014-05-30,1.7058837653807046
2014-06-02,1.709435885938859
2014-06-03,1.7094172948009145
2014-06-04,1.7115477479258345
2014-06-05,1.711156736485222
2014-06-06,1.711760248356299
2014-06-09,1.7072361365720212
2014-06-10,1.6993571343446092
2014-06-11,1.6920244134689426
2014-06-12,1.6924910180843684
2014-06-13,1.6913630433972315
2014-06-16,1.6931470814897693
2014-06-17,1.6978127027681464
2014-06-18,1.6976778321627106
2014-06-19,1.6970508081211193
2014-06-20,1.7004682010108354
2014-06-23,1.6983294843251144
2014-06-24,1.6979284337193263
2014-06-25,1.6997333228884486
2014-06-26,1.7024926999783785
2014-06-27,1.7013707854882225
2014-06-30,1.705157495878467
2014-07-01,1.7071903800484023
2014-07-02,1.7037006251258762
2014-07-03,1.7030064034797476
2014-07-04,1.6971352433743618
2014-07-07,1.6924529273634903
2014-07-08,1.6957793542215711
2014-07-09,1.6921579647648741
2014-07-10,1.6933068097930715
2014-07-11,1.6893419245160144
2014-07-14,1.6885823082369598
2014-07-15,1.6903775429359342
2014-07-16,1.6879656728698933
2014-07-17,1.6803681521434441
2014-07-18,1.6812264827399444
2014-07-21,1.6790847987390976
2014-07-22,1.676838952030039
2014-07-23,1.6693870614749926
2014-07-24,1.6655805074840657
2014-07-25,1.669911694105508
2014-07-28,1.666935140352777
2014-07-29,1.6687542218362523
2014-07-30,1.666411891311114
2014-07-31,1.6673499341796116
2014-08-01,1.670473932584741
2014-08-04,1.6742270357865576
2014-08-05,1.6723934998315144
2014-08-06,1.6686190485184795
2014-08-07,1.670364878364012
2014-08-08,1.6728827789565912
2014-08-11,1.676385420828069
2014-08-12,1.6725916215859795
2014-08-13,1.6715007579212509
2014-08-14,1.6693982363538282
2014-08-15,1.665352545519454
2014-08-18,1.6668183491877215
2014-08-19,1.6630590192775687
2014-08-20,1.6615289474643191
2014-08-21,1.6586883043238743
2014-08-22,1.6592125307985839
2014-08-25,1.650643352009652
2014-08-26,1.6495297871813361
2014-08-27,1.6451555070676704
2014-08-28,1.6452052817661524
2014-08-29,1.647196893960654
2014-09-01,1.6398245429650442
2014-09-02,1.6409192070497625
2014-09-03,1.646080037750153
2014-09-04,1.6457916494637743
2014-09-05,1.6240444504004758
2014-09-08,1.6240543155521439
2014-09-09,1.6226649937016189
2014-09-10,1.6331211656203946
2014-09-11,1.6311662657729187
2014-09-12,1.6329447614110677
2014-09-15,1.6387894566386054
2014-09-16,1.6353438621363807
2014-09-17,1.6333101269399606
2014-09-18,1.630626726463845
2014-09-19,1.6376438549383463
2014-09-22,1.626109140026841
2014-09-23,1.6306226361953693
2014-09-24,1.6299470707353976
2014-09-25,1.620286534709109
2014-09-26,1.6194188306449036
2014-09-29,1.616282425743094
2014-09-30,1.6171555603413028
2014-10-01,1.611299823562149
2014-10-02,1.6061631916775525
2014-10-03,1.6117228104225063
2014-10-06,1.6036062786564995
2014-10-07,1.6132581430560153
2014-10-08,1.615487769613992
2014-10-09,1.6221042656770521
2014-10-10,1.6141634868930625
2014-10-13,1.6110220028577942
2014-10-14,1.6173274061335974
2014-10-15,1.612904361824178
2014-10-16,1.6317747029096097
2014-10-17,1.631603864466342
2014-10-20,1.6244613267944743
2014-10-21,1.62513756476514
2014-10-22,1.6167783124626565
2014-10-23,1.6093040561808039
2014-10-24,1.6145698572979796
2014-10-27,1.6169994783943338
2014-10-28,1.6189302713274856
2014-10-29,1.6210590317243145
2014-10-30,1.6150153798608926
2014-10-31,1.6111677400337499
2014-11-03,1.6088772043179629
2014-11-04,1.6122760358037738
2014-11-05,1.6171594552263286
2014-11-06,1.6145541148067935
2014-11-07,1.603949322477234
2014-11-10,1.6054855727816886
2014-11-11,1.6039949293962934
2014-11-12,1.611378075912512
2014-11-13,1.6042311223698391
2014-11-14,1.6123835407368716
2014-11-17,1.626098405239901
2014-11-18,1.6163355398084605
2014-11-19,1.6271823945116068
2014-11-20,1.6331828398932657
2014-11-21,1.63157830210605
2014-11-24,1.6070190894793939
2014-11-25,1.6201789859778157
2014-11-26,1.6217612340753362
2014-11-27,1.6233585217690916
2014-11-28,1.6200962476374343
2014-12-01,1.625483565501554
2014-12-02,1.628516533321914
2014-12-03,1.6237116121969564
2014-12-04,1.615930490812616
2014-12-05,1.6247584073290258
2014-12-08,1.6251783152820993
2014-12-09,1.6239947548548201
2014-12-10,1.6308040036233251
2014-12-11,1.63282888202707
2014-12-12,1.628250574271419
2014-12-15,1.634057899640709
2014-12-16,1.63192021938562
2014-12-17,1.6297062347845497
2014-12-18,1.618972507530714
2014-12-19,1.615075491306328
2014-12-22,1.6081571712348364
2014-12-23,1.6128495816337107
2014-12-24,1.613543364313756
2014-12-25,1.612208327424014
2014-12-26,1.6148230709130473
2014-12-29,1.6105532326174625
2014-12-30,1.6089984160955453
2014-12-31,1.6070199580979505
2015-01-01,1.6017373794038292
2015-01-02,1.6003722958513578
2015-01-05,1.5939527364849937
2015-01-06,1.5930228724732842
2015-01-07,1.5841963213068908
2015-01-08,1.5827810363582273
2015-01-09,1.5779838047555472
2015-01-12,1.580239967298269
2015-01-13,1.5794605218827655
2015-01-14,1.5705990216090129
2015-01-15,1.57205328256633
2015-01-16,1.5403933182762588
2015-01-19,1.5345130481861418
2015-01-20,1.5461715693633806
2015-01-21,1.545269878979312
2015-01-22,1.5512526530490616
2015-01-23,1.5202936366142694
2015-01-26,1.49803076352282
2015-01-27,1.5111184343351451
2015-01-28,1.5224334873780236
2015-01-29,1.52711503566627
2015-01-30,1.5333719127903862
2015-02-02,1.529013384007527
2015-02-03,1.533276665266925
2015-02-04,1.5422662647333996
2015-02-05,1.525982068923227
2015-02-06,1.542257090183412
2015-02-09,1.5310297979001037
2015-02-10,1.5333749326142936
2015-02-11,1.5338413742774577
2015-02-12,1.5382458007957922
2015-02-13,1.5457924289941332
2015-02-16,1.5443291642130816
2015-02-17,1.5381729293251283
2015-02-18,1.5464571788615444
2015-02-19,1.5467572726705896
2015-02-20,1.5443074993083743
2015-02-23,1.5483370762527497
2015-02-24,1.5405946931228696
2015-02-25,1.5390459796451523
2015-02-26,1.5381135577121654
2015-02-27,1.5201303969820685
2015-03-02,1.522982479967709
2015-03-03,1.526868803799914
2015-03-04,1.5229569749035932
2015-03-05,1.514805487540002
2015-03-06,1.512273223620923
2015-03-09,1.49543380978254
2015-03-10,1.4959320356147006
2015-03-11,1.4870531898377237
2015-03-12,1.4636594740745892
2015-03-13,1.4670372106158283
2015-03-16,1.4588123983118777
2015-03-17,1.4688149790441969
2015-03-18,1.4716026092384311
2015-03-19,1.4949113968486927
2015-03-20,1.4790996243519032
2015-03-23,1.4916364443436692
2015-03-24,1.4969464132701091
2015-03-25,1.4909621368011017
2015-03-26,1.5019893672926088
2015-03-27,1.4909751613443234
2015-03-30,1.4911940883796857
2015-03-31,1.4899819084356951
2015-04-01,1.4746258837405435
2015-04-02,1.4678031977425974
2015-04-03,1.4752038177492608
2015-04-06,1.4834210238547738
2015-04-07,1.4831658503487688
2015-04-08,1.4719437807812028
2015-04-09,1.4624726556576917
2015-04-10,1.4499567505141897
2015-04-13,1.4511840173842356
2015-04-14,1.4503863870981915
2015-04-15,1.4483720075994881
2015-04-16,1.4481374704126184
2015-04-17,1.453164767569888
2015-04-20,1.451326961225874
2015-04-21,1.4490408041631042
2015-04-22,1.4516890958921067
2015-04-23,1.4454966464980714
2015-04-24,1.4523598536472944
2015-04-27,1.4482473236890314
2015-04-28,1.4437228750940396
2015-04-29,1.4457631149915358
2015-04-30,1.4684797448625202
2015-05-01,1.4845180750679674
2015-05-04,1.4879862509974373
2015-05-05,1.4850433767992968
2015-05-06,1.4900386036696034
2015-05-07,1.5007486293795296
2015-05-08,1.498655990666009
2015-05-11,1.4891138434699087
2015-05-12,1.4898751737853502
2015-05-13,1.4972900683567898
2015-05-14,1.504755822906887
2015-05-15,1.5050581455132317
2015-05-18,1.5109987301577803
2015-05-19,1.503731982750324
2015-05-20,1.48784452329366
2015-05-21,1.4835266524562483
2015-05-22,1.4837655535370118
2015-05-25,1.4699286876274442
2015-05-26,1.4722099155775652
2015-05-27,1.4688743167641292
2015-05-28,1.4726028395178756
2015-05-29,1.4777613803171334
2015-06-01,1.4781608064251515
2015-06-02,1.481376345747236
2015-06-03,1.5033895935018793
2015-06-04,1.5128282141283336
2015-06-05,1.5109556958954327
2015-06-08,1.5087087855183798
2015-06-09,1.5272943807170947
2015-06-10,1.5268635590701933
2015-06-11,1.519648897871889
2015-06-12,1.511999269357716
2015-06-15,1.5087684445630316
2015-06-16,1.5184153019527002
2015-06-17,1.5099716356359068
2015-06-18,1.5192550507885016
2015-06-19,1.5173459440333659
2015-06-22,1.5175484685668295
2015-06-23,1.5159057384782955
2015-06-24,1.49770972669279
2015-06-25,1.5050318693636058
2015-06-26,1.5043467935990265
2015-06-29,1.4868190477270815
2015-06-30,1.5116213976158406
2015-07-01,1.5003283974672852
2015-07-02,1.4929053502055467
2015-07-03,1.4951882408982016
2015-07-06,1.4860582355501322
2015-07-07,1.4914260786493116
2015-07-08,1.4910103597584905
2015-07-09,1.495549493342935
2015-07-10,1.4930690243328117
2015-07-13,1.5037895581750576
2015-07-14,1.4926144238551444
2015-07-15,1.4978038329124104
2015-07-16,1.4947800088407348
2015-07-17,1.4870619161997922
2015-07-20,1.48246570975752
2015-07-21,1.4856106373879499
2015-07-22,1.4916637729105986
2015-07-23,1.4919030750057514
2015-07-24,1.504351583879071
2015-07-27,1.5055190340067952
2015-07-28,1.5183041934960784
2015-07-29,1.5085595007618053
2015-07-30,1.5043551908622987
2015-07-31,1.503620909622711
2015-08-03,1.505824456638507
2015-08-04,1.509082616636903
2015-08-05,1.5044535104198076
2015-08-06,1.508706131729184
2015-08-07,1.511833989243172
2015-08-10,1.5180868297898087
2015-08-11,1.5227886047230754
2015-08-12,1.5481488192326651
2015-08-13,1.5614188862284804
2015-08-14,1.5590303895712763
2015-08-17,1.5606288094256937
2015-08-18,1.5587853478251645
2015-08-19,1.5487728198509672
2015-08-20,1.5587255268573443
2015-08-21,1.5766361622127079
2015-08-24,1.6083142431932629
2015-08-25,1.633361566917074
2015-08-26,1.6215216775532328
2015-08-27,1.593039534006252
2015-08-28,1.574287253582952
2015-08-31,1.5801017924378018
2015-09-01,1.5827010448459475
2015-09-02,1.5960789438501026
2015-09-03,1.5873168954452979
2015-09-04,1.5753672558093967
2015-09-07,1.5874985327834992
2015-09-08,1.5928507173838398
2015-09-09,1.5878601449023215
2015-09-10,1.5938106620998125
2015-09-11,1.5952894754535691
2015-09-14,1.6016314044769615
2015-09-15,1.5892170826732155
2015-09-16,1.5807680088275902
2015-09-17,1.577181085436976
2015-09-18,1.592108235657733
2015-09-21,1.5812462193241572
2015-09-22,1.5777883157820014
2015-09-23,1.5763662928857798
2015-09-24,1.5956067969455034
2015-09-25,1.5924833144812283
2015-09-28,1.5968836444078534
2015-09-29,1.6070037504103996
2015-09-30,1.6067625913372297
2015-10-01,1.590376375286553
2015-10-02,1.6012223026218633
2015-10-05,1.6077735605522037
2015-10-06,1.5901885825720967
2015-10-07,1.600955460066416
2015-10-08,1.5866603326541053
2015-10-09,1.5841213962779648
2015-10-12,1.5900672750578337
2015-10-13,1.5907928681441632
2015-10-14,1.5949791509274294
2015-10-15,1.5816827041892907
2015-10-16,1.5689194802012594
2015-10-19,1.5715519470140578
2015-10-20,1.5737802334374038
2015-10-21,1.5792790310986218
2015-10-22,1.5807696342554323
2015-10-23,1.5450162454094996
2015-10-26,1.5388853721677833
2015-10-27,1.5402303582916375
2015-10-28,1.5409694539383167
2015-10-29,1.5323605349611142
2015-10-30,1.542161354627751
2015-11-02,1.5437345075540918
2015-11-03,1.5402910248367334
2015-11-04,1.5306112569205654
2015-11-05,1.5249584144935968
2015-11-06,1.5307580920934072
2015-11-09,1.5253790542828936
2015-11-10,1.530099865144905
2015-11-11,1.5254963309993597
2015-11-12,1.5267729473979441
2015-11-13,1.5332885761841906
2015-11-16,1.524888165745395
2015-11-17,1.520152146137036
2015-11-18,1.5160137373935076
2015-11-19,1.5154554112623941
2015-11-20,1.515735297305696
2015-11-23,1.503394457179894
2015-11-24,1.508465687684577
2015-11-25,1.500143779967175
2015-11-26,1.4921163954077485
2015-11-27,1.4927783077155254
2015-11-30,1.4954334263438367
2015-12-01,1.4909230378274856
2015-12-02,1.494261994957924
2015-12-03,1.4981427658589723
2015-12-04,1.5237804074870667
2015-12-07,1.5217135331607639
2015-12-08,1.523986433435553
2015-12-09,1.5334335231183616
2015-12-10,1.5471733650809227
2015-12-11,1.5362602001549561
2015-12-14,1.5520309281071434
2015-12-15,1.5479460578598747
2015-12-16,1.5368714996728698
2015-12-17,1.5337762961997896
2015-12-18,1.5375096281258038
2015-12-21,1.5350609947205385
2015-12-22,1.5359255793684525
2015-12-23,1.537241022506777
2015-12-24,1.5321165846639673
2015-12-25,1.5400403586141211
2015-12-28,1.5400972139596405
2015-12-29,1.544219293418891
2015-12-30,1.542936181820096
2015-12-31,1.546644448617144
2016-01-01,1.5412047651489047
2016-01-04,1.5396386375118716
2016-01-05,1.5440302701202455
2016-01-06,1.5331590563500868
2016-01-07,1.5477455195923824
2016-01-08,1.5655830539661224
2016-01-11,1.5793606815888097
2016-01-12,1.5577211966068205
2016-01-13,1.5583134848764642
2016-01-14,1.5657786395284745
2016-01-15,1.5599087537598137
2016-01-18,1.5722085077635768
2016-01-19,1.567151443677233
2016-01-20,1.5681079504260111
2016-01-21,1.5629398325771149
2016-01-22,1.556797461347628
2016-01-25,1.5433093915902134
2016-01-26,1.5531148848983207
2016-01-27,1.5498972068627952
2016-01-28,1.5625681693711186
2016-01-29,1.5610995146196274
2016-02-01,1.542031490772473
2016-02-02,1.5509339742643673
2016-02-03,1.561633109279228
2016-02-04,1.5712320131260782
2016-02-05,1.5645006453364232
2016-02-08,1.5685196016441694
2016-02-09,1.5741604369107165
2016-02-10,1.5777202780844843
2016-02-11,1.5691918523126276
2016-02-12,1.5727802841034446
2016-02-15,1.5678442628230582
2016-02-16,1.5627925039583632
2016-02-17,1.566358252037844
2016-02-18,1.5621996201516595
2016-02-19,1.5594604533253573
2016-02-22,1.5645635165914629
2016-02-23,1.5433622582805384
2016-02-24,1.5526652235117098
2016-02-25,1.5468974352310172
2016-02-26,1.5444031801983726
2016-02-29,1.538987550889729
2016-03-01,1.529334860133531
2016-03-02,1.5236659796207164
2016-03-03,1.520254238384382
2016-03-04,1.5210055207195126
2016-03-07,1.5133631531671767
2016-03-08,1.5196029723347237
2016-03-09,1.5248581087637658
2016-03-10,1.518648313822979
2016-03-11,1.5431710660633224
2016-03-14,1.53397294048645
2016-03-15,1.5280214244469619
2016-03-16,1.5343767389548904
2016-03-17,1.5330453820021004
2016-03-18,1.5290250558794867
2016-03-21,1.53161501851676
2016-03-22,1.5290786310000897
2016-03-23,1.5266601268231879
2016-03-24,1.5285843010052533
2016-03-25,1.5285898706544288
2016-03-28,1.5315715967563222
2016-03-29,1.5328686785868513
2016-03-30,1.529449583411946
2016-03-31,1.531425239220198
2016-04-01,1.534286981689661
2016-04-04,1.53629992615555
2016-04-05,1.540590403106421
2016-04-06,1.5425915245295414
2016-04-07,1.5351786769926434
2016-04-08,1.5387853086037353
2016-04-11,1.53704843142782
2016-04-12,1.5337022238178122
2016-04-13,1.5296066964417605
2016-04-14,1.5230091193663355
2016-04-15,1.5355174112206669
2016-04-18,1.5382956273192576
2016-04-19,1.5266610142432029
2016-04-20,1.5205210801277644
2016-04-21,1.519116848707199
2016-04-22,1.5237809568639449
2016-04-25,1.5212380327586175
2016-04-26,1.5236029158614885
2016-04-27,1.5267956726899
2016-04-28,1.5274785062712795
2016-04-29,1.526606792776846
2016-05-02,1.5402868366800107
2016-05-03,1.5457426599882496
2016-05-04,1.5546095533280493
2016-05-05,1.5602639717963456
2016-05-06,1.549051630772837
2016-05-09,1.5503348500401726
2016-05-10,1.5622922976284597
2016-05-11,1.5562177615323662
2016-05-12,1.5621743208670866
2016-05-13,1.5622489292726272
2016-05-16,1.5535800903045498
2016-05-17,1.549609602531234
2016-05-18,1.5508769684599173
2016-05-19,1.5505651332490373
2016-05-20,1.545529834827903
2016-05-23,1.549672982288996
2016-05-24,1.5461876990497674
2016-05-25,1.5389104879874935
2016-05-26,1.5381301229389095
2016-05-27,1.5372639671075203
2016-05-30,1.533191204019204
2016-05-31,1.5376203472564498
2016-06-01,1.533903400163581
2016-06-02,1.5410246369371805
2016-06-03,1.5339577823256434
2016-06-06,1.5420554489546132
2016-06-07,1.5402343496057256
2016-06-08,1.5349877978669042
2016-06-09,1.535652917045411
2016-06-10,1.532123478314446
2016-06-13,1.529763384281182
2016-06-14,1.531140738231329
2016-06-15,1.5200488769086036
2016-06-16,1.5211569408026833
2016-06-17,1.5154658846998785
2016-06-20,1.5265625046201308
2016-06-21,1.5205511985552962
2016-06-22,1.5105643821214443
2016-06-23,1.515174207126833
2016-06-24,1.5216063066464756
2016-06-27,1.497654848709658
2016-06-28,1.500104615384345
2016-06-29,1.497807372999887
2016-06-30,1.4984364279720808
2016-07-01,1.4961405317862242
2016-07-04,1.4978572316850036
2016-07-05,1.5009028390111325
2016-07-06,1.4968188202955302
2016-07-07,1.4986125161761095
2016-07-08,1.493355029741764
2016-07-11,1.4864988127915664
2016-07-12,1.4941502629774561
2016-07-13,1.4901208847700786
2016-07-14,1.4950682001934867
2016-07-15,1.4922423096768254
2016-07-18,1.4889800828331372
2016-07-19,1.4933733252500758
2016-07-20,1.4911505190502794
2016-07-21,1.4954158441406094
2016-07-22,1.4939538772055982
2016-07-25,1.4906970690515777
2016-07-26,1.4971641747380888
2016-07-27,1.4920998076174217
2016-07-28,1.493776673260811
2016-07-29,1.4994180407034037
2016-08-01,1.4989782194369639
2016-08-02,1.49921266797584
2016-08-03,1.5040612779648652
2016-08-04,1.4961751136252133
2016-08-05,1.4940039434445394
2016-08-08,1.4945605757868208
2016-08-09,1.4922137617665217
2016-08-10,1.4943199511359069
2016-08-11,1.499172358359445
2016-08-12,1.496636064061363
2016-08-15,1.5025125348605572
2016-08-16,1.5019739584586491
2016-08-17,1.5101145035519181
2016-08-18,1.5149936828297683
2016-08-19,1.5204629553181803
2016-08-22,1.5242909442631003
2016-08-23,1.5287340024814284
2016-08-24,1.5268563461701206
2016-08-25,1.5259631403303757
2016-08-26,1.5267924243860023
2016-08-29,1.5237316955169433
2016-08-30,1.5208130413004852
2016-08-31,1.5204549715934945
2016-09-01,1.5198659056595432
2016-09-02,1.5227151943866346
2016-09-05,1.5182499016395212
2016-09-06,1.5135176720687582
2016-09-07,1.5135043893142779
2016-09-08,1.5141750429208258
2016-09-09,1.5219679574712615
2016-09-12,1.528603042280366
2016-09-13,1.5241736419443013
2016-09-14,1.5335383363340043
2016-09-15,1.532898424989952
2016-09-16,1.530796963630337
2016-09-19,1.5258431090871338
2016-09-20,1.5225290789737471
2016-09-21,1.5178353188225344
2016-09-22,1.5150659871421794
2016-09-23,1.5199821282093922
2016-09-26,1.5274911881233066
2016-09-27,1.5302846417590672
2016-09-28,1.5252440245620136
2016-09-29,1.5246893723984272
2016-09-30,1.5310445269081185
2016-10-03,1.5328389550917194
2016-10-04,1.5301055173080584
2016-10-05,1.536883437675371
2016-10-06,1.5340731166527348
2016-10-07,1.530268691567528
2016-10-10,1.536927531391967
2016-10-11,1.5316398674773666
2016-10-12,1.523495572693662
2016-10-13,1.5240224606767467
2016-10-14,1.5266298407138377
2016-10-17,1.5260267722923402
2016-10-18,1.528199987524772
2016-10-19,1.521273364513263
2016-10-20,1.5207485478514402
2016-10-21,1.5200900312487418
2016-10-24,1.516802665653728
2016-10-25,1.515715011365586
2016-10-26,1.5110506466229907
2016-10-27,1.517688471643396
2016-10-28,1.5201112110034674
2016-10-31,1.5277142302284121
2016-11-01,1.5266102107332813
2016-11-02,1.5352720588461468
2016-11-03,1.5362224509270277
2016-11-04,1.5368824094300635
2016-11-07,1.5385545755912347
2016-11-08,1.5353669009949442
2016-11-09,1.52875978926167
2016-11-10,1.5276509211484497
2016-11-11,1.5364042022740136
2016-11-14,1.5304719813573513
2016-11-15,1.5198773931696508
2016-11-16,1.5172386750776214
2016-11-17,1.5136081325175752
2016-11-18,1.5119455984128933
2016-11-21,1.510732470241976
2016-11-22,1.5130167196562354
2016-11-23,1.513483588996536
2016-11-24,1.5104924021472639
2016-11-25,1.5118293002128382
2016-11-28,1.5127560309014285
2016-11-29,1.5113754687772314
2016-11-30,1.5171759369588216
2016-12-01,1.519161079997275
2016-12-02,1.519764229709949
2016-12-05,1.506994790518007
2016-12-06,1.5264522809188463
2016-12-07,1.5225878533457267
2016-12-08,1.5246232360667307
2016-12-09,1.5110993185346757
2016-12-12,1.510262746631952
2016-12-13,1.5154730402528571
2016-12-14,1.5141474369368098
2016-12-15,1.5122489604640776
2016-12-16,1.5033027661265521
2016-12-19,1.5091855354413042
2016-12-20,1.5066596880137695
2016-12-21,1.5007168456303646
2016-12-22,1.5069871285988654
2016-12-23,1.513198351668507
2016-12-26,1.512598061266658
2016-12-27,1.5136987154571102
2016-12-28,1.5162009833384926
2016-12-29,1.510859610073311
2016-12-30,1.5293888588735454
2017-01-02,1.5232435162271258
2017-01-03,1.518064502899918
2017-01-04,1.5095863742195093
2017-01-05,1.5105323906114874
2017-01-06,1.5150126482640331
2017-01-09,1.5155027683798752
2017-01-10,1.5192659603877843
2017-01-11,1.5164459841836193
2017-01-12,1.5110427667164572
2017-01-13,1.5136213667699252
2017-01-16,1.5176808342979058
2017-01-17,1.5158778721569492
2017-01-18,1.517007925526741
2017-01-19,1.5190078906893234
2017-01-20,1.5192247660610292
2017-01-23,1.5218775197244836
2017-01-24,1.5256967557328949
2017-01-25,1.5245687671153973
2017-01-26,1.5194502326513941
2017-01-27,1.5237642737721728
2017-01-30,1.5303957025045065
2017-01-31,1.5208442625463192
2017-02-01,1.5228500284890458
2017-02-02,1.5215078107029
2017-02-03,1.5194786445627528
2017-02-06,1.5182932005633063
2017-02-07,1.5149868434485967
2017-02-08,1.5145755834567751
2017-02-09,1.514455818331328
2017-02-10,1.5153750546565445
2017-02-13,1.5114053861560846
2017-02-14,1.5084099992494655
2017-02-15,1.5022160985556356
2017-02-16,1.5042535856088364
2017-02-17,1.511712791627133
2017-02-20,1.5072526519539053
2017-02-21,1.505198597804764
2017-02-22,1.497164119904767
2017-02-23,1.4922427396589342
2017-02-24,1.490198780585743
2017-02-27,1.4833899182429207
2017-02-28,1.487383574421969
2017-03-01,1.486022236901647
2017-03-02,1.4875571180519958
2017-03-03,1.4844875980660532
2017-03-06,1.4966757688727057
2017-03-07,1.4941444344964623
2017-03-08,1.4908251663538294
2017-03-09,1.4944627680277736
2017-03-10,1.5033639273591746
2017-03-13,1.5098081134611192
2017-03-14,1.507743675793847
2017-03-15,1.5014485834355045
2017-03-16,1.5051219843557533
2017-03-17,1.50993427609842
2017-03-20,1.505629334828683
2017-03-21,1.5001289746509485
2017-03-22,1.514012855756505
2017-03-23,1.509867691948358
2017-03-24,1.5093442759127385
2017-03-27,1.514299737927445
2017-03-28,1.5142876254599147
2017-03-29,1.5115804775658148
2017-03-30,1.5005378982201452
2017-03-31,1.4932084277035358
2017-04-03,1.4905421644046442
2017-04-04,1.489671350208809
2017-04-05,1.4927908112976096
2017-04-06,1.4945303765905606
2017-04-07,1.4925275378646032
2017-04-10,1.4875872655835847
2017-04-11,1.4885810400122066
2017-04-12,1.488884717967096
2017-04-13,1.4885449702512688
2017-04-14,1.4843939164159679
2017-04-17,1.4809435759823375
2017-04-18,1.4879981745909987
2017-04-19,1.4973608142923922
2017-04-20,1.4979587565832162
2017-04-21,1.4984677343686599
2017-04-24,1.5146744793382254
2017-04-25,1.5137112857056536
2017-04-26,1.5234630487380372
2017-04-27,1.5219051962982917
2017-04-28,1.517410082905073
2017-05-01,1.5236147632365658
2017-05-02,1.523094324226065
2017-05-03,1.5234132218560033
2017-05-04,1.5214404055971185
2017-05-05,1.5373043334491854
2017-05-08,1.5421172475147247
2017-05-09,1.5359414573342747
2017-05-10,1.5350337857837106
2017-05-11,1.5344058258273208
2017-05-12,1.5294928218489192
2017-05-15,1.5342132792309116
2017-05-16,1.534383993636638
2017-05-17,1.5472879347818491
2017-05-18,1.5520722334873938
2017-05-19,1.5476438957169305
2017-05-22,1.5532622174587232
2017-05-23,1.5575936155685781
2017-05-24,1.5549072049894193
2017-05-25,1.554391265007098
2017-05-26,1.554047036052964
2017-05-29,1.5454473415122294
2017-05-30,1.5436537944484456
2017-05-31,1.547948869528426
2017-06-01,1.555666796316501
2017-06-02,1.5549798061072122
2017-06-05,1.5587279994701648
2017-06-06,1.554454955773977
2017-06-07,1.5550608977307971
2017-06-08,1.5561070742169534
2017-06-09,1.5466349037561853
2017-06-12,1.5503528298457778
2017-06-13,1.5501366251098148
2017-06-14,1.5486409973827904
2017-06-15,1.5428442845301333
2017-06-16,1.5423415077250124
2017-06-19,1.5501009005823363
2017-06-20,1.5461495800894625
2017-06-21,1.5466918382225714
2017-06-22,1.5509113956583889
2017-06-23,1.5495880906075286
2017-06-26,1.5535360827137765
2017-06-27,1.5520539215340534
2017-06-28,1.5720603265798445
2017-06-29,1.5730367574482642
2017-06-30,1.577116724762817
2017-07-03,1.572262429710861
2017-07-04,1.5713896409387473
2017-07-05,1.5695411800374612
2017-07-06,1.567139456624773
2017-07-07,1.579453658617524
2017-07-10,1.5760405707405882
2017-07-11,
2017-07-12,1.5849301829700266
2017-07-13,1.5727613292892784
2017-07-14,1.565760789790758
2017-07-17,1.5722433985756652
2017-07-18,1.5724891261932044
2017-07-19,1.5783071821481371
2017-07-20,1.5777824086355423
2017-07-21,1.5892387797992455
2017-07-24,1.5907668445319416
2017-07-25,1.5855282108910131
2017-07-26,1.5865714203378618
2017-07-27,1.590481584439388
2017-07-28,1.587565504054126
2017-07-31,1.594095791335107
2017-08-01,1.602757383433925
2017-08-02,1.6053623173775122
2017-08-03,1.6122067795716788
2017-08-04,1.6132634201172784
2017-08-07,1.6027963094203699
2017-08-08,1.6075242398559053
2017-08-09,1.602271023483354
2017-08-10,1.6028604230285026
2017-08-11,1.6052612666910449
2017-08-14,1.6084931477429762
2017-08-15,1.6056642399393013
2017-08-16,1.6046964300820716
2017-08-17,1.6047851419721297
2017-08-18,1.6012746935498254
2017-08-21,1.6030612792643808
2017-08-22,1.6074770148322415
2017-08-23,1.602542973185436
2017-08-24,1.6071938692657568
2017-08-25,1.6070222763150355
2017-08-28,1.6205045862734835
2017-08-29,1.621451312998616
2017-08-30,1.6221644530487254
2017-08-31,1.6145336856646963
2017-09-01,1.6148164876543805
2017-09-04,1.6128097349293569
2017-09-05,1.6139866953845967
2017-09-06,1.6130998374161578
2017-09-07,1.610009790597715
2017-09-08,1.6111845983113682
2017-09-11,1.6133684389682514
2017-09-12,1.6101582824688874
2017-09-13,1.6126211662863739
2017-09-14,1.6053507220303231
2017-09-15,1.6046540607551663
2017-09-18,1.60721963650866
2017-09-19,1.6112871055881328
2017-09-20,1.6151465014183373
2017-09-21,1.6036851958166949
2017-09-22,1.612198738986237
2017-09-25,1.606975056444952
2017-09-26,1.6012236039557308
2017-09-27,1.5979421347343674
2017-09-28,1.5972105761938167
2017-09-29,1.6003274760288375
2017-10-02,1.6047252476035399
2017-10-03,1.5978832228544917
2017-10-04,1.5999013681646799
2017-10-05,1.6010181716696792
2017-10-06,1.5977628997511175
2017-10-09,1.6024118874096587
2017-10-10,1.6004085385668534
2017-10-11,1.6017083428879457
2017-10-12,1.6055673236879926
2017-10-13,1.5994226480808038
2017-10-16,1.594801886525232
2017-10-17,1.5952112868517359
2017-10-18,1.5941517616536203
2017-10-19,1.599669703477957
2017-10-20,1.6071893594660622
2017-10-23,1.602009915149253
2017-10-24,1.6005762697328976
2017-10-25,1.6024035999906232
2017-10-26,1.606321691695541
2017-10-27,1.5913930866672104
2017-10-30,1.5846030463645204
2017-10-31,1.5848842098281466
2017-11-01,1.5867355346868521
2017-11-02,1.5820754650589492
2017-11-03,1.5843731633961369
2017-11-06,1.5847658942876564
2017-11-07,1.5812944767521915
2017-11-08,1.5805288886281232
2017-11-09,1.5790328463845353
2017-11-10,1.5825180095717428
2017-11-13,1.586857981238069
2017-11-14,1.5887177596858066
2017-11-15,1.6023207090106553
2017-11-16,
2017-11-17,1.5964337912088242
2017-11-20,1.5923650095133723
2017-11-21,1.5930961639973586
2017-11-22,1.5888802807310751
2017-11-23,1.5914460838264688
2017-11-24,1.5942390355214968
2017-11-27,1.6062590040433662
2017-11-28,1.6029714809178726
2017-11-29,1.5945119502958534
2017-11-30,1.5961077887899364
2017-12-01,1.6045259793394848
2017-12-04,1.5996583893432612
2017-12-05,1.5981107579065679
2017-12-06,1.5934209547083356
2017-12-07,1.5916897922387532
2017-12-08,1.5908106400427187
2017-12-11,1.5915351464562375
2017-12-12,1.5911761692780146
2017-12-13,1.5880812681009076
2017-12-14,1.5945271037478932
2017-12-15,1.585109350153857
2017-12-18,1.584089704901345
2017-12-19,1.5885290388495719
2017-12-20,1.5952515916520724
2017-12-21,1.5953578858222244
2017-12-22,1.5937439911273261
2017-12-25,1.5922461424717937
2017-12-26,1.594956640672308
2017-12-27,1.593084420932499
2017-12-28,1.59446844815065
2017-12-29,1.5975638440909279
2018-01-01,1.6050613579572965
2018-01-02,1.6058280282520343
2018-01-03,1.6033054189864089
2018-01-04,1.597915080829182
2018-01-05,1.601293712815064
2018-01-08,1.59680526360205
2018-01-09,1.59398597372288
2018-01-10,1.5938778704752392
2018-01-11,1.5941127490786895
2018-01-12,1.6007442485344114
2018-01-15,1.6156134149400714
2018-01-16,1.6220955049324177
2018-01-17,1.6200684016591254
2018-01-18,1.6148645117479816
2018-01-19,1.616027490685923
2018-01-22,1.6177631226022129
2018-01-23,1.6165999040401005
2018-01-24,1.620523701222453
2018-01-25,1.6219224162841073
2018-01-26,1.6243881471091015
2018-01-29,1.6238395013237008
2018-01-30,1.622003812220214
2018-01-31,1.6277378302726504
2018-02-01,1.6285952631776581
2018-02-02,1.6367594886299344
2018-02-05,1.6440173192309828
2018-02-06,1.6353841837004668
2018-02-07,1.6328203498577525
2018-02-08,1.625282299277842
2018-02-09,1.6322998849930457
2018-02-12,1.6266081636574228
2018-02-13,1.6274300608934025
2018-02-14,1.6342669260172045
2018-02-15,1.6376761540493021
2018-02-16,1.6359203772188948
2018-02-19,1.6283015719880611
2018-02-20,1.6295533279432277
2018-02-21,1.6271526542803372
2018-02-22,1.6263861987515895
2018-02-23,1.6261325839927279
2018-02-26,1.6225395613687965
2018-02-27,1.6208526552907754
2018-02-28,1.619698089442707
2018-03-01,1.6150976502711385
2018-03-02,1.6224386197576166
2018-03-05,1.6251554412487934
2018-03-06,1.626178172990862
2018-03-07,1.636639085067145
2018-03-08,1.6307883184911276
2018-03-09,1.6206605175002549
2018-03-12,1.6201271860997226
2018-03-13,1.6189535740761016
2018-03-14,1.6253547329156959
2018-03-15,1.619597893691292
2018-03-16,1.6178854053566738
2018-03-19,1.6184973328131491
2018-03-20,1.6232820576942688
2018-03-21,1.615167887875316
2018-03-22,1.6204577323279918
2018-03-23,1.6217585267235393
2018-03-26,1.6246494233008235
2018-03-27,1.62956408815748
2018-03-28,1.6246866455917228
2018-03-29,1.6154763876893696
2018-03-30,1.6127801679228924
2018-04-02,1.6146759247186253
2018-04-03,1.6134187281131744
2018-04-04,1.6099603346089282
2018-04-05,1.6119573742926718
2018-04-06,1.6127023873694952
2018-04-09,1.6152044505800518
2018-04-10,1.615836779051591
2018-04-11,1.6175852464188267
2018-04-12,1.6185821786079941
2018-04-13,1.6169041105707012
2018-04-16,1.6174186028316768
2018-04-17,1.6222040414362766
2018-04-18,1.6218756501015292
2018-04-19,1.6211113852671701
2018-04-20,1.619239181602609
2018-04-23,1.6161616014392735
2018-04-24,1.6180545556316872
2018-04-25,1.6177010045893068
2018-04-26,1.615423977615592
2018-04-27,1.6081329679427654
2018-04-30,1.6040925550440477
2018-05-01,1.601693845103256
2018-05-02,1.599433965947128
2018-05-03,1.5971796563394063
2018-05-04,1.5951706965136339
2018-05-07,1.5946059156349008
2018-05-08,1.592677434373968
2018-05-09,1.5902968683601415
2018-05-10,1.5972419246851217
2018-05-11,1.5945298232252583
2018-05-14,1.5952646018094896
2018-05-15,1.5937433187360739
2018-05-16,1.5900279285130665
2018-05-17,1.5825297780793335
2018-05-18,1.5831917400669224
2018-05-21,1.5796718594551749
2018-05-22,1.5802359053351722
2018-05-23,1.5779694902200703
2018-05-24,1.571502171390648
2018-05-25,1.5708223531293442
2018-05-28,1.5671938772231044
2018-05-29,1.5613380966478305
2018-05-30,1.5536002750851592
2018-05-31,1.5622915446686818
2018-06-01,1.5651310002814398
2018-06-04,1.5615752471049689
2018-06-05,1.5629608458443016
2018-06-06,1.5642654725737797
2018-06-07,1.569475479417875
2018-06-08,1.5730125491427316
2018-06-11,1.5726894777483265
2018-06-12,1.5724344092415095
2018-06-13,1.570154881516572
2018-06-14,1.575628835253795
2018-06-15,1.5554732639770918
2018-06-18,1.5674245186805251
2018-06-19,1.5714300718385632
2018-06-20,1.5711190275822418
2018-06-21,1.5727800369015483
2018-06-22,1.5762963555432918
2018-06-25,1.5845510405417118
2018-06-26,1.5937155618121892
2018-06-27,1.5874643225385228
2018-06-28,1.5802516459984872
2018-06-29,1.5821606076103194
2018-07-02,1.5914839395352944
2018-07-03,1.5931078221392028
2018-07-04,1.5912508684970135
2018-07-05,1.5912111898773134
2018-07-06,1.5957894383806916
2018-07-09,1.5944293348566134
2018-07-10,1.5935383395246134
2018-07-11,1.5938810014292244
2018-07-12,1.5928303468257354
2018-07-13,1.590410610912912
2018-07-16,1.5949335927005137
2018-07-17,1.5947706035392883
2018-07-18,1.5913208447229863
2018-07-19,1.589863654682631
2018-07-20,1.595473014938733
2018-07-23,1.5981682674295428
2018-07-24,1.5965994352936548
2018-07-25,1.5929699205713632
2018-07-26,1.593588992106717
2018-07-27,1.5878634072178104
2018-07-30,1.587558390411317
2018-07-31,1.593226095099425
2018-08-01,1.5914245542555534
2018-08-02,1.5889640231401216
2018-08-03,1.5858928359292577
2018-08-06,1.5795253866026258
2018-08-07,1.5810217506763562
2018-08-08,1.5821778055942843
2018-08-09,1.5824305959769163
2018-08-10,1.5761270460335481
2018-08-13,1.5652346894279106
2018-08-14,1.5693044810463732
2018-08-15,1.5633261468591968
2018-08-16,1.5650595882179914
2018-08-17,1.5637935393070563
2018-08-20,1.5677913605436515
2018-08-21,1.573050335829862
2018-08-22,1.580111125465109
2018-08-23,1.5838739415368508
2018-08-24,1.5860902881391326
2018-08-27,1.588560762511051
2018-08-28,1.59130743620841
2018-08-29,1.5951900886948918
2018-08-30,1.5968571410574128
2018-08-31,1.59455948881633
2018-09-03,1.5914337612924214
2018-09-04,1.5932956367079214
2018-09-05,1.593636639720458
2018-09-06,1.6000279123271641
2018-09-07,1.59744583716433
2018-09-10,1.5936968622825134
2018-09-11,1.5986176860079127
2018-09-12,1.595911208338265
2018-09-13,1.5955343908458985
2018-09-14,1.6023382767475025
2018-09-17,1.5983230641447506
2018-09-18,1.6042523730535834
2018-09-19,1.5997990739305126
2018-09-20,1.5982885301250462
2018-09-21,1.6071785633046147
2018-09-24,1.6040142350206565
2018-09-25,1.605218420164249
2018-09-26,1.6068038935944458
2018-09-27,1.604497356225494
2018-09-28,1.5920865600160568
2018-10-01,1.5868255520828853
2018-10-02,1.5880935944094574
2018-10-03,1.5859045344608944
2018-10-04,1.5849591627755188
2018-10-05,1.5894955603990155
2018-10-08,1.594151117255734
2018-10-09,1.5907057619824911
2018-10-10,1.5894549253678179
2018-10-11,1.5945909507494207
2018-10-12,1.5950879510494929
2018-10-15,1.5923876726092765
2018-10-16,1.5934204851990474
2018-10-17,1.5907212209090176
2018-10-18,1.5850489784716615
2018-10-19,1.582970300717534
2018-10-22,1.584738348386736
2018-10-23,1.5828555930634138
2018-10-24,1.5804726596265652
2018-10-25,1.5745795280529367
2018-10-26,1.5708385950324555
2018-10-29,1.5730942739197926
2018-10-30,1.573586743240753
2018-10-31,1.5712436157878074
2018-11-01,1.5671362349521587
2018-11-02,1.5694460361132203
2018-11-05,1.5657526102422992
2018-11-06,1.5683632541119152
2018-11-07,1.5698207308743408
2018-11-08,1.5680668693535154
2018-11-09,1.5631571114063263
2018-11-12,1.5613816227589155
2018-11-13,1.5554929728298814
2018-11-14,1.5584562548128817
2018-11-15,1.559664364264762
2018-11-16,1.5582608212617686
2018-11-19,1.567262551808568
2018-11-20,1.5704827712603446
2018-11-21,1.5631397700574041
2018-11-22,1.5638488797951027
2018-11-23,1.5654256457381592
2018-11-26,1.5593623399589942
2018-11-27,1.5577717762630527
2018-11-28,1.556183355949372
2018-11-29,1.5601055034117763
2018-11-30,1.560125436344606
2018-12-03,1.5524124982387093
2018-12-04,1.5508469770228999
2018-12-05,1.548076822728774
2018-12-06,1.5517574110972419
2018-12-07,1.5581135680706382
2018-12-10,1.5628420772932259
2018-12-11,1.5601613084449184
2018-12-12,1.5545491091086205
2018-12-13,1.5598699330187176
2018-12-14,1.5577272786790672
2018-12-17,1.5563883859692282
2018-12-18,1.5577648431310536
2018-12-19,1.558407000158368
2018-12-20,1.5625283926370488
2018-12-21,1.568901498512787
2018-12-24,1.562067076270381
2018-12-25,1.5664450036988455
2018-12-26,1.5659817502353803
2018-12-27,1.5585448374440602
2018-12-28,1.5667402273583948
2018-12-31,1.5628682061593793
2019-01-01,1.5655852255622733
2019-01-02,1.5615437224573725
2019-01-03,1.5472983607318154
2019-01-04,1.5538569583966932
2019-01-07,1.549994830808643
2019-01-08,1.5557341210450772
2019-01-09,1.5547027784364786
2019-01-10,1.5629224151952883
2019-01-11,1.5554788500870134
2019-01-14,1.5509116760857893
2019-01-15,1.5524080577806814
2019-01-16,1.5465235525346088
2019-01-17,1.5436432092843686
2019-01-18,1.5435882949944357
2019-01-21,1.5435587505808002
2019-01-22,1.5449657727868953
2019-01-23,1.5451662601955718
2019-01-24,1.5461792107310401
2019-01-25,1.5390880649027565
2019-01-28,1.544139961083033
2019-01-29,1.5464801892958064
2019-01-30,1.546153069355526
2019-01-31,1.5465824435923992
2019-02-01,1.540531222012419
2019-02-04,1.5464626108533819
2019-02-05,1.5468716935195914
2019-02-06,1.541229890855732
2019-02-07,1.5402013934814391
2019-02-08,1.5386708107594131
2019-02-11,1.534890032422183
2019-02-12,1.534288151569015
2019-02-13,1.5368659658544743
2019-02-14,1.5309053774587653
2019-02-15,1.5337957102766637
2019-02-18,1.5320128910360609
2019-02-19,1.5339019071130908
2019-02-20,1.5340970118196537
2019-02-21,1.5330064012420053
2019-02-22,1.534709554969936
2019-02-25,1.5312591572671863
2019-02-26,1.5332499209966954
2019-02-27,1.535056721521656
2019-02-28,1.5339471970911944
2019-03-01,1.5368955295823243
2019-03-04,1.538820313498519
2019-03-05,1.535417902114545
2019-03-06,1.5326775549862077
2019-03-07,1.535028242095052
2019-03-08,1.523342885147727
2019-03-11,1.5263736887362993
2019-03-12,1.5278778779445048
2019-03-13,1.530239075291547
2019-03-14,1.5326504885241832
2019-03-15,1.5327716461779914
2019-03-18,1.5314858570134078
2019-03-19,1.531815010814057
2019-03-20,1.5342234900699623
2019-03-21,1.5377064165100336
2019-03-22,1.5339202762723119
2019-03-25,1.5277651579418714
2019-03-26,1.5273163133415437
2019-03-27,1.5238068728361895
2019-03-28,1.5253896287385942
2019-03-29,1.5229485078724139
2019-04-01,1.5199561238459152
2019-04-02,1.5185455120898155
2019-04-03,1.5187272781326442
2019-04-04,1.5214760703319286
2019-04-05,1.5207903640212805
2019-04-08,1.5194659918230966
2019-04-09,1.5248655429059
2019-04-10,1.5240831121360543
2019-04-11,1.5241092442188633
2019-04-12,1.5267330464237006
2019-04-15,1.5293705780114806
2019-04-16,1.5286524082233084
2019-04-17,1.5285342433675737
2019-04-18,1.5280057107488574
2019-04-19,1.5230448998477755
2019-04-22,1.5236247683435522
2019-04-23,1.5267174710747897
2019-04-24,1.5229425302712087
2019-04-25,1.5194850882827495
2019-04-26,1.517150668012988
2019-04-29,1.5181637791834106
2019-04-30,1.521855902253435
2019-05-01,1.5250453587186996
2019-05-02,1.5246138088029113
2019-05-03,1.52269911489104
2019-05-06,1.527780109278524
2019-05-07,1.5273381316070809
2019-05-08,1.525006453766423
2019-05-09,1.5251905830494366
2019-05-10,1.5310402753492838
2019-05-13,1.5324284981543315
2019-05-14,1.5388365528735903
2019-05-15,1.5338039581583442
2019-05-16,1.5334759846618908
2019-05-17,1.5334593465196067
2019-05-20,1.53682879188176
2019-05-21,1.5360130671619598
2019-05-23,1.5383524829335613
2019-05-24,1.5416792301593603
2019-05-27,1.5406741517227829
2019-05-28,1.5390048627951105
2019-05-29,1.539767553605941
2019-05-30,1.53755518355392
2019-05-31,1.536109447134905
2019-06-03,1.5354496163832607
2019-06-04,1.5365954610226993
2019-06-05,1.537740434753374
2019-06-06,1.5341305648548202
2019-06-07,1.5385092645453542
2019-06-10,1.5428242256522253
2019-06-11,1.545555433875279
2019-06-12,1.5446778850299552
2019-06-13,1.5435783667533656
2019-06-14,1.541427466822171
2019-06-17,1.5375211211386386
2019-06-18,1.5379952351321435
2019-06-19,1.5303135514210453
2019-06-20,1.5309058798777926
2019-06-21,1.5315486373905571
2019-06-24,1.541138786499019
2019-06-25,1.5426084876203703
2019-06-26,1.5400734053011433
2019-06-27,1.5403234319560681
2019-06-28,1.5387590673712026
2019-07-01,1.5363223729390825
2019-07-02,1.529787502529416
2019-07-03,1.5304348481044199
2019-07-04,1.530420981912428
2019-07-05,1.5296534985888002
2019-07-08,1.5263618866253807
2019-07-09,1.5247089552918567
2019-07-10,1.5261152752340335
2019-07-11,1.5281640958929188
2019-07-12,1.527433336322588
2019-07-15,1.5304063987040593
2019-07-16,1.527276025648234
2019-07-17,1.522177942804461
2019-07-18,1.5273442151632823
2019-07-19,1.5279061442745385
2019-07-22,1.526093805277256
2019-07-23,1.525040143819325
2019-07-24,1.5229046202030927
2019-07-25,1.5199840131207907
2019-07-26,1.524070054619926
2019-07-29,1.5241011178026298
2019-07-30,1.5263756370484316
2019-07-31,1.5289437193565334
2019-08-01,1.5217559780817564
2019-08-02,1.5252266450678604
2019-08-05,1.5292418932793197
2019-08-06,1.557500799953459
2019-08-07,1.547091785962408
2019-08-08,1.549002269565065
2019-08-09,1.5463596365937347
2019-08-12,1.5553362475277484
2019-08-13,1.5562037125892374
2019-08-14,1.5455632619903952
2019-08-15,1.5479161587450108
2019-08-16,1.5435763657114023
2019-08-19,1.5363877715972334
2019-08-20,1.5375220025174483
2019-08-21,1.5368224074190948
2019-08-22,1.5345644791845245
2019-08-23,1.5361670431670549
2019-08-26,1.5495531852061504
2019-08-27,1.5419054622435908
2019-08-28,1.5404176221522903
2019-08-29,1.53910531983189
2019-08-30,1.5350443686875226
2019-09-02,1.5266496341578486
2019-09-03,1.5262696430564802
2019-09-04,1.5256805045648465
2019-09-05,1.526908852651843
2019-09-06,1.5279771760956464
2019-09-09,1.522377381168013
2019-09-10,1.5250411829660209
2019-09-11,1.5248466271857521
2019-09-12,1.5174121419825044
2019-09-13,1.5210107117326999
2019-09-16,1.5226489958156435
2019-09-17,1.5139116427467059
2019-09-18,1.5213740385275687
2019-09-19,1.518268012839741
2019-09-20,1.5232239271516617
2019-09-23,1.5168371519752666
2019-09-24,1.5142423802679303
2019-09-25,1.515467553336407
2019-09-26,1.5096714752114337
2019-09-27,1.5092952446259744
2019-09-30,1.511188878915732
2019-10-01,1.5065396805162834
2019-10-02,1.51453256325766
2019-10-03,1.517333529263681
2019-10-04,1.5149100915679128
2019-10-07,1.5154911162987614
2019-10-08,1.515141500769488
2019-10-09,1.5152674589629955
2019-10-10,1.51803100541585
2019-10-11,1.5140170454978943
2019-10-14,1.513095892333581
2019-10-15,1.5098268638932524
2019-10-16,1.5130045249406974
2019-10-17,1.5180743125861653
2019-10-18,1.5185378212079
2019-10-21,1.5210843383163706
2019-10-22,1.5179543470856771
2019-10-23,1.5162543499991443
2019-10-24,1.51600823912662
2019-10-25,1.5141797341100443
2019-10-28,1.5109400939307844
2019-10-29,1.511903870933708
2019-10-30,1.513838017141552
2019-10-31,1.5177914011595703
2019-11-01,1.5180465439889304
2019-11-04,1.5149686759056067
2019-11-05,1.5110339834571391
2019-11-06,1.5041196038119153
2019-11-07,1.5059614564626997
2019-11-08,1.4957365196313506
2019-11-11,1.4989530012434216
2019-11-12,1.5011862596068681
2019-11-13,1.5003578926398546
2019-11-14,1.5002092493615748
2019-11-15,1.5006171722525323
2019-11-18,1.5036261583694852
2019-11-19,1.5058406892857903
2019-11-20,1.5082541692992066
2019-11-21,1.5089517543391366
2019-11-22,1.5076132864373903
2019-11-25,1.503686999873537
2019-11-26,1.5032603184080244
2019-11-27,1.5040287691672347
2019-11-28,1.503031862293085
2019-11-29,1.5037221537366463
2019-12-02,1.5067327612080985
2019-12-03,1.513738120530448
2019-12-04,1.5114732377686266
2019-12-05,1.509841802040384
2019-12-06,1.510916634078768
2019-12-09,1.5046060430011607
2019-12-10,1.504175367490177
2019-12-11,1.5067276916116157
2019-12-12,1.5106904262996181
2019-12-13,1.5117956864426674
2019-12-16,1.506952812122222
2019-12-17,1.5093940431921737
2019-12-18,1.5113355147012726
2019-12-19,1.5059858685955303
2019-12-20,1.5067868974801966
2019-12-23,1.5011078918786327
2019-12-24,1.5038051783874096
2019-12-25,1.5027171066334972
2019-12-26,1.503123434212199
2019-12-27,1.5024255067110628
2019-12-30,1.5119930166652722
2019-12-31,1.5102713676565143
2020-01-01,1.4974191674705677
2020-01-02,1.5094143347680526
2020-01-03,1.504680901790266
2020-01-06,1.5066190451808126
2020-01-07,1.510799850234747
2020-01-08,1.5073510069147744
2020-01-09,1.5001723496756938
2020-01-10,1.5011667596525626
2020-01-13,1.4988604832194594
2020-01-14,1.4993151333621315
2020-01-15,1.500256049254034
2020-01-16,1.5008828333709374
2020-01-17,1.5000557458449748
2020-01-20,1.4948521830123838
2020-01-21,1.4944237394243203
2020-01-22,1.496435936634924
2020-01-23,1.496021914302446
2020-01-24,1.4933392083038939
2020-01-27,1.4932304282736906
2020-01-28,1.4959668217885422
2020-01-29,1.495872033036676
2020-01-30,1.498402515215503
2020-01-31,1.5025532164636957
2020-02-03,1.5128253603504334
2020-02-04,1.5154328132863526
2020-02-05,1.5145824491074789
2020-02-06,1.518648969834714
2020-02-07,1.5223393589679972
2020-02-10,1.5233768053094818
2020-02-11,1.515715402052507
2020-02-12,1.513474532971401
2020-02-13,1.5097013557518861
2020-02-14,1.5075921225366784
2020-02-17,1.5073614653662446
2020-02-18,1.5053658618586498
2020-02-19,1.502072617290338
2020-02-20,1.5072195628436023
2020-02-21,1.5118948846729694
2020-02-24,1.5193965022783829
2020-02-25,1.517510095954776
2020-02-26,1.521716623042266
2020-02-27,1.5211839920645789
2020-02-28,1.53381643673913
2020-03-02,1.5387182434456008
2020-03-03,1.5476630923239296
2020-03-04,1.5511515706349144
2020-03-05,1.540947358945175
2020-03-06,1.5524828571696643
2020-03-09,1.567365364859313
2020-03-10,1.5796090853405078
2020-03-11,1.5750651719637856
2020-03-12,1.5721864147465112
2020-03-13,1.5770865738690674
2020-03-16,1.5758508801437896
2020-03-17,1.5879884404922677
2020-03-18,1.5747458322988166
2020-03-19,1.5772789293127971
2020-03-20,1.5485228546651653
2020-03-23,1.5561723093004787
2020-03-24,1.56765028781507
2020-03-25,1.5620611651558534
2020-03-26,1.5783341498715797
2020-03-27,1.5808401056580124
2020-03-30,1.5919977885781122
2020-03-31,1.5704737687725867
2020-04-01,1.5676480794855367
2020-04-02,1.5711874790599154
2020-04-03,1.5515902773845767
2020-04-06,1.5553370250662368
2020-04-07,1.5460242325236493
2020-04-08,1.5525690118565194
2020-04-09,1.5481804045052172
2020-04-10,1.5482062641439143
2020-04-13,1.5462069229653252
2020-04-14,1.5453304724387775
2020-04-15,1.5524661621154223
2020-04-16,1.5538679440387568
2020-04-17,1.5460617675585127
2020-04-20,1.5470212698173782
2020-04-21,1.5438287260863746
2020-04-22,1.5533433255725981
2020-04-23,1.5442114241979255
2020-04-24,1.5346480789377779
2020-04-27,1.5405130902379085
2020-04-28,1.5372483807043977
2020-04-29,1.5349263441654555
2020-04-30,1.5342362275115988
2020-05-01,1.5442962375555422
2020-05-04,1.5558284105281928
2020-05-05,1.5439388456729828
2020-05-06,1.5350899135190301
2020-05-07,1.5359645822969128
2020-05-08,1.5312922598473337
2020-05-11,1.5316785316631891
2020-05-12,1.532179544603423
2020-05-13,1.53915155789781
2020-05-14,1.5357723305775721
2020-05-15,1.536749069716322
2020-05-18,1.5433612297442494
2020-05-19,1.5475462847882682
2020-05-20,1.5488253361180568
2020-05-21,1.5523557462939834
2020-05-22,1.5522344163260158
2020-05-25,1.5531181583665585
2020-05-26,1.5523251988214068
2020-05-27,1.555710622896214
2020-05-28,1.5637655025605002
2020-05-29,1.5699092594469166
2020-06-01,1.5696243223033548
2020-06-02,1.5669114599950262
2020-06-03,1.5661407171253927
2020-06-04,1.5698314640799254
2020-06-05,1.584285710862815
2020-06-08,1.574691754949413
2020-06-09,1.568421329924547
2020-06-10,1.5754611634628475
2020-06-11,1.574216367023979
2020-06-12,1.5734683473772293
2020-06-15,1.5688678841677872
2020-06-16,1.5750049434978735
2020-06-17,1.5700444894878272
2020-06-18,1.5670806410200555
2020-06-19,1.562712652409246
2020-06-22,1.562722837604398
2020-06-23,1.5688793496353668
2020-06-24,1.5728910652982224
2020-06-25,1.5679553910708819
2020-06-26,1.5611042660656127
2020-06-29,1.564110925404492
2020-06-30,1.5671176559972508
2020-07-01,1.5659100143286364
2020-07-02,1.5679920317631968
2020-07-03,1.5677361792149895
2020-07-06,1.5676463219941468
2020-07-07,1.5746477846156497
2020-07-08,1.5733115333853789
2020-07-09,1.5770495713165926
2020-07-10,1.5710576351479941
2020-07-13,1.5731137795564365
2020-07-14,1.5767970048898974
2020-07-15,1.586784004061684
2020-07-16,1.586156369894468
2020-07-17,1.5856345506335856
2020-07-20,1.5898386072053654
2020-07-21,1.5906955855385547
2020-07-22,1.5951211196679935
2020-07-23,1.6028458199216402
2020-07-24,1.6066375005495956
2020-07-27,1.610035281150317
2020-07-28,1.6218179966276693
2020-07-29,1.6155531215578378
2020-07-30,1.6197080133606505
2020-07-31,1.6279710646551138
2020-08-03,1.6191250254813383
2020-08-04,1.6189624701989658
2020-08-05,1.6211260861080063
2020-08-06,1.6258043455576399
2020-08-07,1.626116307559272
2020-08-10,1.6175091894934324
2020-08-11,1.6125360134216749
2020-08-12,1.6121191707096614
2020-08-13,1.6171660599769948
2020-08-14,1.6221535232634778
2020-08-17,1.6238355209556943
2020-08-18,1.624453607026311
2020-08-19,1.6293057138598073
2020-08-20,1.6218489377206424
2020-08-21,1.6224532393634945
2020-08-24,1.618239844316136
2020-08-25,1.616311829110941
2020-08-26,1.6189951625445926
2020-08-27,1.6166863819583455
2020-08-28,1.6141244483110029
2020-08-31,1.6179011354974906
2020-09-01,1.6242314283666703
2020-09-02,1.6219147615159237
2020-09-03,1.6141196964544948
2020-09-04,1.6171606283618871
2020-09-07,1.6152853421616555
2020-09-08,1.6152026472911987
2020-09-09,1.6140300809099983
2020-09-10,1.6135774680658128
2020-09-11,1.6190656756322852
2020-09-14,1.6190313207879115
2020-09-15,1.6191867249830239
2020-09-16,1.6120955793096954
2020-09-17,1.6042186077028617
2020-09-18,1.607978489909229
2020-09-21,1.6094171428719053
2020-09-22,1.6020955467896272
2020-09-23,1.5979345970061445
2020-09-24,1.6000187056490631
2020-09-25,1.604662357073039
2020-09-28,1.601140282909256
2020-09-29,1.6009344174131002
2020-09-30,1.606312564444124
2020-10-01,1.6002579521808116
2020-10-02,1.600930161302472
2020-10-05,1.5972621058735825
2020-10-06,1.6034789066320343
2020-10-07,1.599182999397186
2020-10-08,1.5994351231016142
2020-10-09,1.5978650037567659
2020-10-12,1.6007089522967135
2020-10-13,1.6033557295570233
2020-10-14,1.5972665191991384
2020-10-15,1.5943864633068756
2020-10-16,1.5923341176564918
2020-10-19,1.5902621102526382
2020-10-20,1.5984464601508108
2020-10-21,1.6049070759297166
2020-10-22,1.6066026897036636
2020-10-23,1.6030034780710025
2020-10-26,1.6085023918011243
2020-10-27,1.6071471823878343
2020-10-28,1.604536925185812
2020-10-29,1.602930117577685
2020-10-30,1.5954150072047923
2020-11-02,1.5921416016776533
2020-11-03,1.5887763368691594
2020-11-04,1.59726171765206
2020-11-05,1.5928288760354974
2020-11-06,1.5964075437268406
2020-11-09,1.601881428513252
2020-11-10,1.5930218563257768
2020-11-11,1.5936580155995586
2020-11-12,1.5887027869727888
2020-11-13,1.5919237179284664
2020-11-16,1.5951292341720347
2020-11-17,1.5952490817074931
2020-11-18,1.5925780938780179
2020-11-19,1.5905336493835875
2020-11-20,1.596159972819905
2020-11-23,1.5941188545898515
2020-11-24,1.5912126662769452
2020-11-25,1.596215684596132
2020-11-26,1.5966843024048671
2020-11-27,1.5950991634860259
2020-11-30,1.6012187872978956
2020-12-01,1.599319500634948
2020-12-02,1.6147065985514786
2020-12-03,1.6204493579796801
2020-12-04,1.6198533038438259
2020-12-07,1.6168923367893626
2020-12-08,1.619029714284892
2020-12-09,1.6199952585660071
2020-12-10,1.615714419262602
2020-12-11,1.6212632666370161
2020-12-14,1.6194940194908298
2020-12-15,1.6205412676471838
2020-12-16,1.6193175126618657
2020-12-17,1.6207149649654298
2020-12-18,1.6260115913512436
2020-12-21,1.6263086946646297
2020-12-22,1.6306656221296263
2020-12-23,1.6268083021408302
2020-12-24,1.6237854800768332
2020-12-25,1.6173752978414768
2020-12-28,1.6215933180528737
2020-12-29,1.6248626235766466
2020-12-30,1.6261748714708801
2020-12-31,1.6272024948467134
2021-01-01,1.609744271593172
2021-01-04,1.6179128922330221
2021-01-05,1.6175663051494382
2021-01-06,1.6202043901734555
2021-01-07,1.6258793733354653
2021-01-08,1.6250091919162628
2021-01-11,1.619083567705957
2021-01-12,1.6176652034578183
2021-01-13,1.6152611362464313
2021-01-14,1.6117732717101916
2021-01-15,1.609045447094175
2021-01-18,1.6067244520382218
2021-01-19,1.6069927522986234
2021-01-20,1.611932431308617
2021-01-21,1.6050302978183024
2021-01-22,1.609247900384389
2021-01-25,1.616297323315166
2021-01-26,1.6123527365051873
2021-01-27,1.6114018972594693
2021-01-28,1.6101562600055814
2021-01-29,1.6102681857080372
2021-02-01,1.6123881487398108
2021-02-02,1.6075622571499082
2021-02-03,1.6030001885711724
2021-02-04,1.6040462242854119
2021-02-05,1.5992340424616032
2021-02-08,1.6066919498243237
2021-02-09,1.6062621708307887
2021-02-10,1.6066989765058395
2021-02-11,1.6078546309644537
2021-02-12,1.6064540930326388
2021-02-15,1.6062015710883344
2021-02-16,1.6037550578690798
2021-02-17,1.6068129195362246
2021-02-18,1.59925212863871
2021-02-19,1.604195856833499
2021-02-22,1.6047534548008002
2021-02-23,1.6069904728024227
2021-02-24,1.603536326884182
2021-02-25,1.6050023765092476
2021-02-26,1.6150497482698256
2021-03-01,1.6068476512442373
2021-03-02,1.5995179186083988
2021-03-03,1.6060377616401667
2021-03-04,1.6064735510700388
2021-03-05,1.6007802958110917
2021-03-08,1.5989051697546586
2021-03-09,1.6004195938364774
2021-03-10,1.5984479591983958
2021-03-11,1.6026118840952677
2021-03-12,1.6055016228403076
2021-03-15,1.6062474335934667
2021-03-16,1.6036587535140825
2021-03-17,1.600771375374734
2021-03-18,1.6052508564818169
2021-03-19,1.6015731356190346
2021-03-22,1.5974830067338104
2021-03-23,1.599121656478701
2021-03-24,1.594105972352622
2021-03-25,1.5903817356954022
2021-03-26,1.586876241645598
2021-03-29,1.586971855165089
2021-03-30,1.5867551795820987
2021-03-31,1.5792397867951422
2021-04-01,1.5775628084103346
2021-04-02,1.5840498065219037
2021-04-05,1.5828184977097521
2021-04-06,1.584753686238244
2021-04-07,1.5898523375678764
2021-04-08,1.5910711303308744
2021-04-09,1.5962967062347815
2021-04-12,1.5960133848810474
2021-04-13,1.5964494313071782
2021-04-14,1.6017595877310669
2021-04-15,1.6009828721369104
2021-04-16,1.5971507345855402
2021-04-19,1.5978264501857495
2021-04-20,1.6011805175621987
2021-04-21,1.5988642077582538
2021-04-22,1.5993235340223606
2021-04-23,1.5971092492528953
2021-04-26,1.6044925990210999
2021-04-27,1.6018726840565591
2021-04-28,1.60399652916729
2021-04-29,1.6073787863092546
2021-04-30,1.607324752141352
2021-05-03,1.5994516354497108
2021-05-04,1.6035943304859757
2021-05-05,1.6054862047865015
2021-05-06,1.6033045233916992
2021-05-07,1.609159964933582
2021-05-10,1.6117669770156624
2021-05-11,1.6095234204478859
2021-05-12,1.6101177418579482
2021-05-13,1.6100889400784977
2021-05-14,1.6103864737364404
2021-05-17,1.61900088443997
2021-05-18,1.6229060382636362
2021-05-19,1.6262683236027442
2021-05-20,1.6247717490266214
2021-05-21,1.6272112283780586
2021-05-24,1.6221247242951902
2021-05-25,1.6223478805965073
2021-05-26,1.6233722760410956
2021-05-27,1.6151530577589313
2021-05-28,1.6148415696980578
2021-05-31,1.6127459099175212
2021-06-01,1.615521056679384
2021-06-02,1.6158122553256362
2021-06-03,1.61493740564822
2021-06-04,1.6102927624976935
2021-06-07,1.6108542111356454
2021-06-08,1.6126081523240714
2021-06-09,1.6112110581310901
2021-06-10,1.6136038898123957
2021-06-11,1.6107946457266562
2021-06-14,1.6053164838698564
2021-06-15,1.6082939719765363
2021-06-16,1.6098108570963066
2021-06-17,1.6025023054805132
2021-06-18,1.5979462327413785
2021-06-21,1.5964141753388503
2021-06-22,1.6003573920349936
2021-06-23,1.603700357429787
2021-06-24,1.6052505159018435
2021-06-25,1.6016464213934114
2021-06-28,1.6031504367600178
2021-06-29,1.601729788445141
2021-06-30,1.6004522580291933
2021-07-01,1.5943799061088273
2021-07-02,1.5985903064773908
2021-07-05,1.5973632011030077
2021-07-06,1.594969848662231
2021-07-07,1.592538590714824
2021-07-08,1.5905757587449898
2021-07-09,1.6022056192893788
2021-07-12,1.6035618660203
2021-07-13,1.6038679717300397
2021-07-14,1.5967171034491656
2021-07-15,1.6011689961814568
2021-07-16,1.5999456561335705
2021-07-19,1.6023335447174816
2021-07-20,1.608208519164947
2021-07-21,1.6099575341741001
2021-07-22,1.6083278733200501
2021-07-23,1.6003271945550919
2021-07-26,1.6011868359185686
2021-07-27,1.602550512862777
2021-07-28,1.6073422108342044
2021-07-29,1.606430029034243
2021-07-30,1.609086823541119
2021-08-02,1.6074738893475458
2021-08-03,1.6065453105478014
2021-08-04,1.6028486708802347
2021-08-05,1.599268430656082
2021-08-06,1.5989822247707366
2021-08-09,1.5933731875748691
2021-08-10,1.5930742752928495
2021-08-11,1.5936695228434132
2021-08-12,1.5927886682390096
2021-08-13,1.5935613935232593
2021-08-16,1.5975891966549227
2021-08-17,1.5964188401738395
2021-08-18,1.5948196713126919
2021-08-19,1.593251854253623
2021-08-20,1.593154684667951
2021-08-23,1.5929721199326252
2021-08-24,1.5929581538834017
2021-08-25,1.5916624048568337
2021-08-26,1.5926055437944913
2021-08-27,1.5916176282894554
2021-08-30,1.5869664029092974
2021-08-31,1.587049367830076
2021-09-01,1.5870653771740846
2021-09-02,1.591417764189032
2021-09-03,1.5941805363978716
2021-09-06,1.5942257365052797
2021-09-07,1.5934092780613012
2021-09-08,1.5935522374154518
2021-09-09,1.5907329500133187
2021-09-10,1.587724687229738
2021-09-13,1.584455512673557
2021-09-14,1.585140550705546
2021-09-15,1.5861408205685164
2021-09-16,1.5843521928188409
2021-09-17,1.5831607689234204
2021-09-20,1.5825084268809206
2021-09-21,1.5854545432942333
2021-09-22,1.5856181645458634
2021-09-23,1.5825969189511682
2021-09-24,1.5832913547414904
2021-09-27,1.5861410853202218
2021-09-28,1.5833952184862738
2021-09-29,1.5858243818659474
2021-09-30,1.5796044502824456
2021-10-01,1.5720916060058983
2021-10-04,1.5733636837429401
2021-10-05,1.5766816475365886
2021-10-06,1.573588704116574
2021-10-07,1.5697827073381632
2021-10-08,1.5691215074225513
2021-10-11,1.5674762218299492
2021-10-12,1.5659487779917072
2021-10-13,1.5654787047175773
2021-10-14,1.5672311607832512
2021-10-15,1.5633245404567333
2021-10-18,1.5629312728458018
2021-10-19,1.566663646533442
2021-10-20,1.5643829122007133
2021-10-21,1.5649185161418018
2021-10-22,1.5657122344848204
2021-10-25,1.5697357542304358
2021-10-26,1.5642707786959704
2021-10-27,1.5625144712842312
2021-10-28,1.5647401501183538
2021-10-29,1.5703820894760268
2021-11-01,1.5594706926037816
2021-11-02,1.563890507458936
2021-11-03,1.561683649552151
2021-11-04,1.5642931043391286
2021-11-05,1.5597411088235447
2021-11-08,1.5615635607362037
2021-11-09,1.5612612123090912
2021-11-10,1.5623376647333487
2021-11-11,1.5535187318779435
2021-11-12,1.5506813514959248
2021-11-15,1.5469337226605262
2021-11-16,1.5388960519265427
2021-11-17,1.5355938386492198
2021-11-18,1.5346202443561197
2021-11-19,1.5420914250456974
2021-11-22,1.5359696665139493
2021-11-23,1.5337658974191015
2021-11-24,1.5357757798660716
2021-11-25,1.5324550358236735
2021-11-26,1.5340716658704423
2021-11-29,1.547154681973552
2021-11-30,1.545348859218507
2021-12-01,1.54709445417609
2021-12-02,1.5452609882078152
2021-12-03,1.548124830088355
2021-12-06,1.5498088036975164
2021-12-07,1.5451129319659884
2021-12-08,1.5393663670042486
2021-12-09,1.5447356155176524
2021-12-10,1.5413109121251978
2021-12-13,1.5429907322040606
2021-12-14,1.543888854749099
2021-12-15,1.542804135041635
2021-12-16,1.5420692573595574
2021-12-17,1.5451155089346287
2021-12-20,1.5367776053624453
2021-12-21,1.541794531808222
2021-12-22,1.5395799167290816
2021-12-23,1.5430497844321278
2021-12-24,1.5385921550505657
2021-12-27,1.5374719599416409
2021-12-28,1.536420398479095
2021-12-29,1.5320999690192991
2021-12-30,1.5345291822259808
2021-12-31,1.5310418470228055
2022-01-03,1.5333697145255913
2022-01-04,1.5293292952510738
2022-01-05,1.529732407665847
2022-01-06,1.5360447822040584
2022-01-07,1.537437759229647
2022-01-10,1.539880884189415
2022-01-11,1.5361666815154678
2022-01-12,1.5352020787570098
2022-01-13,1.5399314724021451
2022-01-14,1.5421850475341616
2022-01-17,1.5388019855921158
2022-01-18,1.5386247697140905
2022-01-19,1.5300915442402783
2022-01-20,1.528409563146198
2022-01-21,1.5238380641626463
2022-01-24,1.5248604841028452
2022-01-25,1.5234805606293376
2022-01-26,1.5191045929971239
2022-01-27,1.5158533855196905
2022-01-28,1.5077918212711268
2022-01-31,1.5121393789556237
2022-02-01,1.5177540587923488
2022-02-02,1.520360623153465
2022-02-03,1.5226677273036842
2022-02-04,1.537000351822968
2022-02-07,1.5409005982502322
2022-02-08,1.5374528150966853
2022-02-09,1.5357028488605522
2022-02-10,1.532311311286378
2022-02-11,1.5359133828080331
2022-02-14,1.5308504511493055
2022-02-15,1.52239801613662
2022-02-16,1.5271710820408515
2022-02-17,1.5277100631537905
2022-02-18,1.5262907173953835
2022-02-21,1.5234776292867875
2022-02-22,1.52295864817944
2022-02-23,1.5242896621848274
2022-02-24,1.521961271246255
2022-02-25,1.5163496954256743
2022-02-28,1.5195500029675486
2022-03-01,1.5200933187531973
2022-03-02,1.5110827184090425
2022-03-03,1.5057005757562933
2022-03-04,1.5009961105533591
2022-03-07,1.4810457778861092
2022-03-08,1.479670890818312
2022-03-09,1.4877940029066394
2022-03-10,1.5028293358366795
2022-03-11,1.4957486727629146
2022-03-14,1.4897128404576847
2022-03-15,1.4950043947998208
2022-03-16,1.4975703672128446
2022-03-17,1.4970681007773976
2022-03-18,1.5020646049130733
2022-03-21,1.4976368938233549
2022-03-22,1.496138522884678
2022-03-23,1.4966027360961502
2022-03-24,1.4943151893037196
2022-03-25,1.4944182300612283
2022-03-28,1.4917800804941805
2022-03-29,1.4956574139223446
2022-03-30,1.5039763252792397
2022-03-31,1.509671698339957
2022-04-01,1.4995294539455128
2022-04-04,1.49867435681233
2022-04-05,1.4889857518894019
2022-04-06,1.4825549935100923
2022-04-07,1.4825083275283646
2022-04-08,1.4795957234793773
2022-04-11,1.4839883296442478
2022-04-12,1.4849503109270192
2022-04-13,1.4767509136000712
2022-04-14,1.4833064800155427
2022-04-15,1.4675857699259325
2022-04-18,1.4687224275505457
2022-04-19,1.4676169057862438
2022-04-20,1.4762736652426156
2022-04-21,1.4789458964212372
2022-04-22,1.479012317914453
2022-04-25,1.480961891000419
2022-04-26,1.471800196843418
2022-04-27,1.4664885120882332
2022-04-28,1.4574154176431477
2022-04-29,1.4564075598601536
2022-05-02,1.45786148618663
2022-05-03,1.456177171980741
2022-05-04,1.4569803721932286
2022-05-05,1.4597833955971848
2022-05-06,1.4587000015406912
2022-05-09,1.461373203016123
2022-05-10,1.468381820358104
2022-05-11,1.4653360361579644
2022-05-12,1.4614768781476073
2022-05-13,1.4487819732473781
2022-05-16,1.4484441103346768
2022-05-17,1.451818974967864
2022-05-18,1.4603190176246699
2022-05-19,1.4570932423182796
2022-05-20,1.460873611010612
2022-05-23,1.4586350462103754
2022-05-24,1.4680018798489982
2022-05-25,1.4719453875287059
2022-05-26,1.4686614358374754
2022-05-27,1.4730442034083069
2022-05-30,1.467955919449736
2022-05-31,1.4723119534210127
2022-06-01,1.4704114308969451
2022-06-02,1.4645216795674116
2022-06-03,1.4728965655570363
2022-06-06,1.4748743647533047
2022-06-07,1.4721542614488499
2022-06-08,1.4699903491275421
2022-06-09,1.4749207317029802
2022-06-10,1.4681263202992056
2022-06-13,1.4593565748068045
2022-06-14,1.451704878602456
2022-06-15,1.4534348944341102
2022-06-16,1.4489162325361349
2022-06-17,1.4585245408207188
2022-06-20,1.456638888269211
2022-06-21,1.4598632215979706
2022-06-22,1.4593071403723457
2022-06-23,1.4653708582696368
2022-06-24,1.4614123202325118
2022-06-27,1.4639588758706166
2022-06-28,1.4658343696054033
2022-06-29,1.4601104083763516
2022-06-30,1.4548340959435677
2022-07-01,1.4565439309339467
2022-07-04,1.455744445268863
2022-07-05,1.4560763333153517
2022-07-06,1.4409979989540034
2022-07-07,1.4305795716998801
2022-07-08,1.424011036754351
2022-07-11,1.4220767200697537
2022-07-12,1.4116471935484043
2022-07-13,1.412240401199
2022-07-14,1.4116117626716118
2022-07-15,1.4061999296040426
2022-07-18,1.4112532893175285
2022-07-19,1.4171799512670304
2022-07-20,1.4235667997943153
2022-07-21,1.4184410374521121
2022-07-22,1.420117134665304
2022-07-25,1.4168121556963056
2022-07-26,1.4172085808803274
2022-07-27,1.4069956440117863
2022-07-28,1.4106177746094772
2022-07-29,1.4056240142665644
2022-08-01,1.410269453227471
2022-08-02,1.4121678867084597
2022-08-03,1.405242469515656
2022-08-04,1.4025575889747586
2022-08-05,1.4094300719181092
2022-08-08,1.4057364387914362
2022-08-09,1.405488347825326
2022-08-10,1.406988463966968
2022-08-11,1.4099712113281413
2022-08-12,1.412978521645556
2022-08-15,1.4057434906959545
2022-08-16,1.400442950510751
2022-08-17,1.4021276845921449
2022-08-18,1.4062913815923537
2022-08-19,1.397955667203405
2022-08-22,1.3970035040505877
2022-08-23,1.3885436220498093
2022-08-24,1.3880417133655953
2022-08-25,1.3892931481762218
2022-08-26,1.3852106174553427
2022-08-29,1.3886916934858817
2022-08-30,1.397195937848437
2022-08-31,1.401102798408374
2022-09-01,1.4040919209627558
2022-09-02,1.394858731571631
2022-09-05,1.3905900443416928
2022-09-06,1.3954320127087458
2022-09-07,1.392582369589064
2022-09-08,1.4044860539552317
2022-09-09,1.405536699740949
2022-09-12,1.4079826116698086
2022-09-13,1.41337723763435
2022-09-14,1.4030744788083211
2022-09-15,1.4031549616806416
2022-09-16,1.4075530658078177
2022-09-19,1.4087413773411868
2022-09-20,1.4115842777934517
2022-09-21,1.4060502010361091
2022-09-22,1.3943886725201509
2022-09-23,1.39547284439648
2022-09-26,1.38573655265143
2022-09-27,1.3822152885155958
2022-09-28,1.3805849501620602
2022-09-29,1.3945206619362691
2022-09-30,1.4068551432679754
2022-10-03,1.4057404578056418
2022-10-04,1.406575791926784
2022-10-05,1.4205996390705238
2022-10-06,1.4097404870236971
2022-10-07,1.3988546148486094
2022-10-10,1.3962928117264541
2022-10-11,1.395442004558561
2022-10-12,1.3954467708771574
2022-10-13,1.3928142445955416
2022-10-14,1.3954558283355993
2022-10-17,1.3882407094559
2022-10-18,1.3990744584615984
2022-10-19,1.400542533653393
2022-10-20,1.3924952918211417
2022-10-21,1.3933464897609442
2022-10-24,1.3968783671141625
2022-10-25,1.4049511928561742
2022-10-26,1.411621545119232
2022-10-27,1.4163125975348976
2022-10-28,1.4051114527774187
2022-10-31,1.4054770899834352
2022-11-01,1.3989915841681861
2022-11-02,1.3973290813321881
2022-11-03,1.3915850214667245
2022-11-04,1.3862219493675454
2022-11-07,1.398195018159356
2022-11-08,1.4039714407999782
2022-11-09,1.4092521634827904
2022-11-10,1.4041380817305082
2022-11-11,1.4100536027233377
2022-11-14,1.419607732453784
2022-11-15,1.4166820525844057
2022-11-16,1.41923455130987
2022-11-17,1.4240852448117918
2022-11-18,1.4248101989594488
2022-11-21,1.4205089246689797
2022-11-22,1.4152373439835628
2022-11-23,1.4208058693218675
2022-11-24,1.4336070591686225
2022-11-25,1.4315928651890175
2022-11-28,1.429391894757913
2022-11-29,1.4267018815046129
2022-11-30,1.419969713364594
2022-12-01,1.4171184202543685
2022-12-02,1.424705940739841
2022-12-05,1.423813014205507
2022-12-06,1.4234878146237122
2022-12-07,1.4224350558222623
2022-12-08,1.4247251938343195
2022-12-09,1.428405390771843
2022-12-12,1.4244136084240608
2022-12-13,1.427804776293783
2022-12-14,1.4311870110236526
2022-12-15,1.4387765786673867
2022-12-16,1.4475632664598945
2022-12-19,1.4383050974004732
2022-12-20,1.439645487895049
2022-12-21,1.4357917315555824
2022-12-22,1.4331034959602107
2022-12-23,1.4329340532991355
2022-12-26,1.4419670763664243
2022-12-27,1.4330250443592973
2022-12-28,1.4334645396982069
2022-12-29,1.4341410043412848
2022-12-30,1.4322935689327776
2023-01-02,1.4322341103526242
2023-01-03,1.432095042018716
2023-01-04,1.4189105690830672
2023-01-05,1.4227802140126187
2023-01-06,1.4157854633231182
2023-01-09,1.421329704175662
2023-01-10,1.427942738473405
2023-01-11,1.430051790718636
2023-01-12,1.4320180370399385
2023-01-13,1.4362340077863394
2023-01-16,1.4287415707951254
2023-01-17,1.4295662907885147
2023-01-18,1.4246087642148382
2023-01-19,1.425446207423761
2023-01-20,1.4312643171308537
2023-01-23,1.432734394540148
2023-01-24,1.4335580360215658
2023-01-25,1.4369848426424454
2023-01-26,1.4327311472550264
2023-01-27,1.4283689950680127
2023-01-30,1.426421983381232
2023-01-31,1.425998276468448
2023-02-01,1.4270198683848323
2023-02-02,1.4373644947340836
2023-02-03,1.4291493076314625
2023-02-06,1.4295733928700542
2023-02-07,1.4241871721494876
2023-02-08,1.4197577194564417
2023-02-09,1.4207672081363398
2023-02-10,1.4237511590748682
2023-02-13,1.4197195668534164
2023-02-14,1.4250425900356734
2023-02-15,1.426197329860486
2023-02-16,1.4278520575553557
2023-02-17,1.4260223327014643
2023-02-20,1.4285423938190718
2023-02-21,1.4271339145379187
2023-02-22,1.427614222865145
2023-02-23,1.4213897598085052
2023-02-24,1.4231376150638368
2023-02-27,1.4244595675750273
2023-02-28,1.4287988083419236
2023-03-01,1.4261703442554108
2023-03-02,1.431686808849662
2023-03-03,1.4281337179383513
2023-03-06,1.429404786989835
2023-03-07,1.4377298314946074
2023-03-08,1.4290567909930019
2023-03-09,1.4275616825829047
2023-03-10,1.4323426117819054
2023-03-13,1.4394931669294806
2023-03-14,1.4444443995899832
2023-03-15,1.4429557178323051
2023-03-16,1.4298217033594511
2023-03-17,1.4286306405823979
2023-03-20,1.431415114365592
2023-03-21,1.433364508807685
2023-03-22,1.4402783909937256
2023-03-23,1.4453382228572593
2023-03-24,1.438353867230333
2023-03-27,1.4352554572274414
2023-03-28,1.4380213517975025
2023-03-29,1.4388379432725453
2023-03-30,1.441368389417619
2023-03-31,1.448061091746979
2023-04-03,1.4410677671855863
2023-04-04,1.4470755558161272
2023-04-05,1.452290746165076
2023-04-06,1.4481818349894695
2023-04-07,1.4528578261271718
2023-04-10,1.4521495046133452
2023-04-11,1.44790334954493
2023-04-12,1.454594116853201
2023-04-13,1.4601034100677168
2023-04-14,1.4604245251491932
2023-04-17,1.4631290056161816
2023-04-18,1.4574128608419272
2023-04-19,1.4620525667080528
2023-04-20,1.4619083604214609
2023-04-21,1.4609983763140948
2023-04-24,1.4659733270098911
2023-04-25,1.4734571244062808
2023-04-26,1.4687225267407913
2023-04-27,1.4742045828696744
2023-04-28,1.4727232768523775
2023-05-01,1.469516212995245
2023-05-02,1.4663024546421757
2023-05-03,1.4688666058036972
2023-05-04,1.4720895988513119
2023-05-05,1.462742538073286
2023-05-08,1.461076510764542
2023-05-09,1.4572745291033158
2023-05-10,1.4550666823959943
2023-05-11,1.4543996629220715
2023-05-12,1.452406517312383
2023-05-15,1.452752916728883
2023-05-16,1.4529548913305348
2023-05-17,1.45578220667106
2023-05-18,1.454722908962367
2023-05-19,1.4524911752052958
2023-05-22,1.4550856986128338
2023-05-23,1.45495050452692
2023-05-24,1.4503570285325225
2023-05-25,1.4511402464586356
2023-05-26,1.4529573191983045
2023-05-29,1.4507865204237334
2023-05-30,1.4498291101460268
2023-05-31,1.4498122775087268
2023-06-01,1.4452406007250997
2023-06-02,1.4492628582293463
2023-06-05,1.4450626365761678
2023-06-06,1.4453108440317808
2023-06-07,1.4417117641663708
2023-06-08,1.4438447391304408
2023-06-09,1.4474719439410393
2023-06-12,1.4442294826963291
2023-06-13,1.4458245388223787
2023-06-14,1.4480924574334608
2023-06-15,1.4536947579342296
2023-06-16,1.4629150910530628
2023-06-19,1.4631797724755415
2023-06-20,1.464665193775005
2023-06-21,1.4667474371347422
2023-06-22,1.4727273886196315
2023-06-23,1.4736657490083618
2023-06-26,1.4742439098376108
2023-06-27,1.476657133385913
2023-06-28,1.4788416538738858
2023-06-29,1.4765090812648936
2023-06-30,1.4739003860451023
2023-07-03,1.4752399499368491
2023-07-04,1.4740432393618192
2023-07-05,1.4685534055043092
2023-07-06,1.469134686829193
2023-07-07,1.473492254274106
2023-07-10,1.4763054298984315
2023-07-11,1.4795950827362245
2023-07-12,1.4762370900296133
2023-07-13,1.481622717652698
2023-07-14,1.4843038931742
2023-07-17,1.4836580221239046
2023-07-18,1.4854978627437132
2023-07-19,1.485335181537664
2023-07-20,1.4844470455545888
2023-07-21,1.4771133453766794
2023-07-24,1.4809032907123765
2023-07-25,1.4734484115206214
2023-07-26,1.4673127527625953
2023-07-27,1.468770021599312
2023-07-28,1.4611077413831026
2023-07-31,1.4676382230800014
2023-08-01,1.4623937203064088
2023-08-02,1.4691558804679514
2023-08-03,1.4680813093917777
2023-08-04,1.4680597496886492
2023-08-07,1.473720131737764
2023-08-08,1.4748632893119407
2023-08-09,1.4770081815019867
2023-08-10,1.4777372608117785
2023-08-11,1.4819406304855676
2023-08-14,1.480962263910229
2023-08-15,1.4789657205598417
2023-08-16,1.4809503773988126
2023-08-17,1.4793757659799383
2023-08-18,1.476657600804458
2023-08-21,1.475535421599261
2023-08-22,1.4792114927502098
2023-08-23,1.4725251984684462
2023-08-24,1.4688369235648224
2023-08-25,1.465226751384364
2023-08-28,1.4635209331504486
2023-08-29,1.4670144341640425
2023-08-30,1.4667999545797272
2023-08-31,1.4755331086733035
2023-09-01,1.4642793528463187
2023-09-04,1.458965615701345
2023-09-05,1.4626510706796125
2023-09-06,1.4596375006279914
2023-09-07,1.462845924535472
2023-09-08,1.4607551456227414
2023-09-11,1.4614147316128623
2023-09-12,1.4626316892297524
2023-09-13,1.4631647235139835
2023-09-14,1.460981124692111
2023-09-15,1.4512392906102036
2023-09-18,1.4538171692714739
2023-09-19,1.457860233030999
2023-09-20,1.4573945897861904
2023-09-21,1.4554597160741878
2023-09-22,1.456964536010901
2023-09-25,1.454392466334113
2023-09-26,1.4470416359046112
2023-09-27,1.4468564716967336
2023-09-28,1.442304964361199
2023-09-29,1.4428730316939777
2023-10-02,1.4442049916650601
2023-10-03,1.4393531101388248
2023-10-04,1.4382971204317414
2023-10-05,1.4413390279379712
2023-10-06,1.4421148041582796
2023-10-09,1.4435168949109
2023-10-10,1.4430537976077176
2023-10-11,1.4451680375450449
2023-10-12,1.4476434039324602
2023-10-13,1.442953970413342
2023-10-16,1.4404322724099077
2023-10-17,1.4442732318011193
2023-10-18,1.4465002954420214
2023-10-19,1.4468332047385957
2023-10-20,1.4531230263799417
2023-10-23,1.4535259008748653
2023-10-24,1.4582808860575938
2023-10-25,1.449391226104467
2023-10-26,1.4501649456869359
2023-10-27,1.4459470305019408
2023-10-30,1.4471191112434099
2023-10-31,1.4487187331205291
2023-11-01,1.4482786983985534
2023-11-02,1.446530118285935
2023-11-03,1.449421287632035
2023-11-06,1.4526605519414486
2023-11-07,1.4480539948868625
2023-11-08,1.4487335734962414
2023-11-09,1.4522263062866048
2023-11-10,1.4514411743944038
2023-11-13,1.4538398520538038
2023-11-14,1.454142689714871
2023-11-15,1.4677674960651077
2023-11-16,1.4653685411324062
2023-11-17,1.4620661076318413
2023-11-20,1.4653919596535445
2023-11-21,1.464097162574518
2023-11-22,1.4605634553563647
2023-11-23,1.46163146471811
2023-11-24,1.4621005837489065
2023-11-27,1.4659423998024295
2023-11-28,1.4643851378416455
2023-11-29,1.4639996043557346
2023-11-30,1.4621681172840653
2023-12-01,1.4562030979000722
2023-12-04,1.4508672611886482
2023-12-05,1.4497020164014602
2023-12-06,1.4467818038758649
2023-12-07,1.4444923408245813
2023-12-08,1.445683195123138
2023-12-11,1.444023452463739
2023-12-12,1.4468453228503506
2023-12-13,1.448263683243198
2023-12-14,1.4508816823765185
2023-12-15,1.460313215058022
2023-12-18,1.4525675022605353
2023-12-19,1.4551740883132283
2023-12-20,1.4586123342123185
2023-12-21,1.4576509593342453
2023-12-22,1.4599706380488726
2023-12-25,1.4576689953918844
2023-12-26,1.4597429684641838
2023-12-27,1.4608801390565418
2023-12-28,1.4658631194176763
2023-12-29,1.4607799392297238
2024-01-01,1.4583083867355526
2024-01-02,1.4563417737798687
2024-01-03,1.4512489494678391
2024-01-04,1.4516337430800945
2024-01-05,1.4553347630579765
2024-01-08,1.4549016116886975
2024-01-09,1.4551089293211135
2024-01-10,1.4550403752118655
2024-01-11,1.4605718961456662
2024-01-12,1.460010211886953
2024-01-15,1.4578699098357506
2024-01-16,1.4601028656952624
2024-01-17,1.4604013239109292
2024-01-18,1.4634618544143054
2024-01-19,1.4618522228997222
2024-01-22,1.4600034726426259
2024-01-23,1.4603960694675633
2024-01-24,1.4558790103665584
2024-01-25,1.4577950988546036
2024-01-26,1.4538187247986514
2024-01-29,1.4551892361461116
2024-01-30,1.451418245264378
2024-01-31,1.4522565697758552
2024-02-01,1.4481682384739258
2024-02-02,1.4534837563720657
2024-02-05,1.44828808277731
2024-02-06,1.446935403843085
2024-02-07,1.445401868246293
2024-02-08,1.4474629252672173
2024-02-09,1.4514915025676627
2024-02-12,1.452552675339291
2024-02-13,1.4486109107212997
2024-02-14,1.4468409593382465
2024-02-15,1.4464358968629651
2024-02-16,1.449691175650969
2024-02-19,1.4509178660402142
2024-02-20,1.4507132608309519
2024-02-21,1.4529304318353837
2024-02-22,1.4541647700185651
2024-02-23,1.4531303548293693
2024-02-26,1.4534899967468533
2024-02-27,1.458668851682319
2024-02-28,1.4574558587464423
2024-02-29,1.4588613234508045
2024-03-01,1.4542625218477667
2024-03-04,1.4570520274353527
2024-03-05,1.4582618652380006
2024-03-06,1.4579167605146637
2024-03-07,1.4588052201362984
2024-03-08,1.4595995106527229
2024-03-11,1.4568246657336203
2024-03-12,1.4540555792102339
2024-03-13,1.4559283259183076
2024-03-14,1.4591038587367677
2024-03-15,1.4543496141372856
2024-03-18,1.4562084387955565
2024-03-19,1.4562270168133296
2024-03-20,1.4583010965154415
2024-03-21,1.4644814953728371
2024-03-22,1.4589238394846407
2024-03-25,1.4584558388639692
2024-03-26,1.4586629679217822
2024-03-27,1.4572555930628115
2024-03-28,1.4584116963544176
2024-03-29,1.4570487233331164
2024-04-01,1.4545249129381688
2024-04-02,1.4522624071897214
2024-04-03,1.4552081970524
2024-04-04,1.460889904915689
2024-04-05,1.4613333733501577
2024-04-08,1.4608152236144747
2024-04-09,1.463693712669567
2024-04-10,1.4602821755416642
2024-04-11,1.4543745862144988
2024-04-12,1.4511391876035162
2024-04-15,1.4481363201510786
2024-04-16,1.4482684584766758
2024-04-17,1.4494152620611658
2024-04-18,1.4513262685238715
2024-04-19,1.4497380587835098
2024-04-22,1.4509080306608553
2024-04-23,1.4510393906787016
2024-04-24,1.4562191482109483
2024-04-25,1.4564674933589146
2024-04-26,1.45826188919672
2024-04-29,1.4576650436057008
2024-04-30,1.4573996839973802
2024-05-01,1.4562085124173905
2024-05-02,1.4581000644360387
2024-05-03,1.452967734911823
2024-05-06,1.453282790719058
2024-05-07,1.455400940134268
2024-05-08,1.456046626517292
2024-05-09,1.4567221865829083
2024-05-10,1.457937738547912
2024-05-13,1.4585284843891486
2024-05-14,1.4598264696725207
2024-05-15,1.4621491283387513
2024-05-16,1.4631106938415144
2024-05-17,1.4625877031189418
2024-05-20,1.4625665984414127
2024-05-21,1.4633229687926246
2024-05-22,1.462430217743815
2024-05-23,1.4612944104453618
2024-05-24,1.4616367772682537
2024-05-27,1.463996648902466
2024-05-28,1.4648020913821114
2024-05-29,1.4632664125541337
2024-05-30,1.460416819334199
2024-05-31,1.4624553077127302
2024-06-03,1.465823772265992
2024-06-04,1.46704336068359
2024-06-05,1.4654065188402259
2024-06-06,1.465712609170808
2024-06-07,1.4653011442978823
2024-06-10,1.4573049124185784
2024-06-11,1.456081806876739
2024-06-12,1.4531237071443857
2024-06-13,1.4576017398087515
2024-06-14,1.450891392250426
2024-06-17,1.4485278587146413
2024-06-18,1.4509581298873258
2024-06-19,1.4514448767099566
2024-06-20,1.4521127252718031
2024-06-21,1.449894104789493
2024-06-24,1.44840498349086
2024-06-25,1.4519550860146213
2024-06-26,1.4508213996072075
2024-06-27,1.451266649574734
2024-06-28,1.4542106394534926
2024-07-01,1.4543053498696992
2024-07-02,1.4578085874505575
2024-07-03,1.4574632945037536
2024-07-04,1.4605936286130827
2024-07-05,1.4611733888426812
2024-07-08,1.460127756546214
2024-07-09,1.461636737917047
2024-07-10,1.460677484354278
2024-07-11,1.4610759385632264
2024-07-12,1.4593087247164078
2024-07-15,1.4619279542422985
2024-07-16,1.4646354672079414
2024-07-17,1.4652972824909514
2024-07-18,1.4652211976209344
2024-07-19,1.4647552873013723
2024-07-22,1.46495912596572
2024-07-23,1.465637184478794
2024-07-24,1.4602864684200938
2024-07-25,1.4565064511100017
2024-07-26,1.4572188449106989
2024-07-29,1.4575943682903443
2024-07-30,1.4530758972706508
2024-07-31,1.4513978914924197
2024-08-01,1.4457505243964306
2024-08-02,1.4420436211556191
2024-08-05,1.446416861000415
2024-08-06,1.451300929259247
2024-08-07,1.4482589556789662
2024-08-08,1.4497797793704879
2024-08-09,1.4475774037966005
2024-08-12,1.4453163260807855
2024-08-13,1.447751939558927
2024-08-14,1.4484131615756155
2024-08-15,1.4501431861370409
2024-08-16,1.4508585508826142
2024-08-19,1.4506245836802378
2024-08-20,1.4499778962095464
2024-08-21,1.4516715277943888
2024-08-22,1.4561204306535558
2024-08-23,1.456470729184602
2024-08-26,1.4557069032912293
2024-08-27,1.455597933503441
2024-08-28,1.454662412260518
2024-08-29,1.4501601485435174
2024-08-30,1.4433622345829773
2024-09-02,1.4425225868865963
2024-09-03,1.4458523879488183
2024-09-04,1.4439767028070492
2024-09-05,1.443783203220107
2024-09-06,1.4441889550828932
2024-09-09,1.4449631320586036
2024-09-10,1.441401720965743
2024-09-11,1.4372905054820109
2024-09-12,1.436439406645093
2024-09-13,1.4408773882239954
2024-09-16,1.4386477224873033
2024-09-17,1.4420095638952262
2024-09-18,1.4414090129682222
2024-09-19,1.4405691508967493
2024-09-20,1.4426052914879364
2024-09-23,1.439971391149868
2024-09-24,1.4344240793638219
2024-09-25,1.4351134552010334
2024-09-26,1.4356571292916132
2024-09-27,1.4350157566790924
2024-09-30,1.430518179813589
2024-10-01,1.4311312701370866
2024-10-02,1.4253628918843333
2024-10-03,1.4275107609627753
2024-10-04,1.4303213196193099
2024-10-07,1.431826210703079
2024-10-08,1.4311491842271664
2024-10-09,1.4315443242249728
2024-10-10,1.4306084286421736
2024-10-11,1.4278966184058535
2024-10-14,1.4284279280409748
2024-10-15,1.4268539763392596
2024-10-16,1.425394841781653
2024-10-17,1.4266239791365363
2024-10-18,1.423186039222955
2024-10-21,1.4237674787470809
2024-10-22,1.4243293828055241
2024-10-23,1.4210612125409199
2024-10-24,1.4262720227599175
2024-10-25,1.4274132663900332
2024-10-28,1.4287210265959516
2024-10-29,1.4304967369623682
2024-10-30,1.4321436910136072
2024-10-31,1.435518157322292
2024-11-01,1.4366208211177989
2024-11-04,1.4375802373208444
2024-11-05,1.4350492809245452
2024-11-06,1.4360880769731634
2024-11-07,1.4308791492456834
2024-11-08,1.4256860496885935
2024-11-11,1.4225848538746393
2024-11-12,1.4215100630721624
2024-11-13,1.4214627387895717
2024-11-14,1.4187090967287475
2024-11-15,1.417033480795027
2024-11-18,1.4140393719077053
2024-11-19,1.4180432331961867
2024-11-20,1.4179927128014926
2024-11-21,1.41598387829724
2024-11-22,1.4098119135690013
2024-11-25,1.4075517483085065
2024-11-26,1.409040529996645
2024-11-27,1.4119894301146019
2024-11-28,1.4163718644213077
2024-11-29,1.4168375343551818
2024-12-02,1.414284325890236
2024-12-03,1.4122885708561486
2024-12-04,1.4135694409765165
2024-12-05,1.4127325811735574
2024-12-06,1.4169348380791433
2024-12-09,1.4170187725319605
2024-12-10,1.4147984050642606
2024-12-11,1.4126816678710554
2024-12-12,1.4110069500026865
2024-12-13,1.4100174082699366
2024-12-16,1.4169232600040402
2024-12-17,1.4189690149902106
2024-12-18,1.4162022472214062
2024-12-19,1.410325358470132
2024-12-20,1.411187927793378
2024-12-23,1.414067952503217
2024-12-24,1.4121955738619363
2024-12-25,1.4145427145985534
2024-12-26,1.413278173049548
2024-12-27,1.4162810232143954
2024-12-30,1.4162052027762115
2024-12-31,1.4144769999245312
2025-01-02,1.4135051865328307
2025-01-03,1.4062614962675468
2025-01-06,1.4125025018670383
2025-01-07,1.4163896928486253
2025-01-08,1.4117939370048305
2025-01-09,1.4110924289901874
2025-01-10,1.4086088856310823
2025-01-13,1.4047677030377486
2025-01-14,1.4044098543311352
2025-01-15,1.4089959558134526
2025-01-16,1.4066218753973063
2025-01-17,1.4081529996068125
2025-01-20,1.4052887713995543
2025-01-21,1.4119400043969963
2025-01-22,1.4097648055589787
2025-01-23,1.4107015196849206
2025-01-24,1.4124533514356015
2025-01-27,1.4113865965755394
2025-01-28,1.4090914472527059
2025-01-29,1.4091733445214631
2025-01-30,1.4059486746647565
2025-01-31,1.4054937628219477
2025-02-03,1.402143892154001
2025-02-04,1.4042136195608634
2025-02-05,1.402952110480214
2025-02-06,1.4026063699766382
2025-02-07,1.402239116677805
2025-02-10,1.3993070250052
2025-02-11,1.3967735903062817
2025-02-12,1.4020667412140142
2025-02-13,1.4057758977411081
2025-02-14,1.4057664565898451
2025-02-17,1.4050725847293393
2025-02-18,1.405982906547024
2025-02-19,1.402072901650186
2025-02-20,1.3993851707168687
2025-02-21,1.3998299050261662
2025-02-24,1.3990384526261865
2025-02-25,1.4010250830083917
2025-02-26,1.4056093625753618
2025-02-27,1.4029578193631098
2025-02-28,1.4011579892679291
2025-03-03,1.405244555365698
2025-03-04,1.4115901143300817
2025-03-05,1.4218704673783122
2025-03-06,1.4364825495103304
2025-03-07,1.437829071127652
2025-03-10,1.4440244622067837
2025-03-11,1.4456512305739864
2025-03-12,1.4526542355132221
2025-03-13,1.4504294747862332
2025-03-14,1.4496623319457171
2025-03-17,1.4510398352580722
2025-03-18,1.4524251838392246
2025-03-19,1.4559356688407945
2025-03-20,1.4506617877902386
2025-03-21,1.4489137191193322
2025-03-24,1.446465895928213
2025-03-25,1.446468258922792
2025-03-26,1.4413053208102156
2025-03-27,1.4407575034451554
2025-03-28,1.4466321582977175
2025-03-31,1.4533705871639313
2025-04-01,1.453235368614827
2025-04-02,1.4508943902393128
2025-04-03,1.4681903020082245
2025-04-04,1.47462701010528
2025-04-07,1.479222724657916
2025-04-08,1.4758769939440555
2025-04-09,1.4848085210406905
2025-04-10,1.4700515588459666
2025-04-11,1.4958177372326986
2025-04-14,1.4975896928696102
2025-04-15,1.4922095908078035
2025-04-16,1.4887920018398404
2025-04-17,1.4933214825611145
2025-04-22,1.5024637124314353
2025-04-23,1.4914297310421603
2025-04-24,1.4907115635756438
2025-04-25,1.4923239299639874
2025-04-28,1.4918499761044615
2025-04-29,1.4936508103440642
2025-04-30,1.490034447327389
2025-05-01,1.4786241185764197
2025-05-02,1.480699897454656
2025-05-05,1.4679438253389205
2025-05-06,1.4596962130718225
2025-05-07,1.4617295328320523
2025-05-08,1.4634639552083684
2025-05-09,1.45972199413103
2025-05-12,1.4572599965764255
2025-05-13,1.4481947511071522
2025-05-14,1.4551290449915655
2025-05-15,1.4544336178537662
2025-05-16,1.45126706454937
2025-05-19,1.4523913750181097
2025-05-20,1.4547741197158641
2025-05-21,1.4613612779808702
2025-05-22,1.4611566242420793
2025-05-23,1.4576592561273858
2025-05-26,1.4610765604654432
2025-05-27,1.4617119021897054
2025-05-28,1.46049024771429
2025-05-29,1.4532790015707633
2025-05-30,1.4635436698182218
2025-06-02,1.46423708589208
2025-06-03,1.4715841015947149
2025-06-04,1.467480177572938
2025-06-05,1.4683038178273478
2025-06-06,1.473215083932686
2025-06-09,1.4696722558796296
2025-06-10,1.4692127559300727
2025-06-11,1.4708803009308156
2025-06-12,1.4774646988607287
2025-06-13,1.4826981363713827
2025-06-16,1.4808735720478694
2025-06-17,1.4799468888124208
2025-06-18,1.4769888174891574
2025-06-19,1.475156840789765
2025-06-20,1.479276915846384
2025-06-23,1.4836688444866584
2025-06-24,1.4879718787615275
2025-06-25,1.486494923996361
2025-06-26,1.491698603736964
2025-06-27,1.491096375206098
2025-06-30,1.4962472185517017
2025-07-01,1.4978310971758904
2025-07-02,1.5023138665994225
2025-07-03,1.501911520081137
2025-07-04,1.499523223876281
2025-07-07,1.5010720680121068
2025-07-08,1.500974176813287
2025-07-09,1.5006976205875875
2025-07-10,1.5011790379485888
2025-07-11,1.4972146339299854
2025-07-14,1.495765231227466
2025-07-15,1.4959927402742323
2025-07-16,1.491085577611045
2025-07-17,1.4931930706705148
2025-07-18,1.49294947164924
2025-07-21,1.4942484442721597
2025-07-22,1.4975207222926201
2025-07-23,1.5009567361178715
2025-07-24,1.5028435144645726
2025-07-25,1.501375534104142
2025-07-28,1.5054611044658515
2025-07-29,1.491772097743791
2025-07-30,1.4872997305164406
2025-07-31,1.4809243832886807
2025-08-01,1.4824588442709228
2025-08-04,1.49281636444681
2025-08-05,1.4906341939272354
2025-08-06,1.4905513274573965
2025-08-07,1.4988920278807427
2025-08-08,1.4975420944809912
2025-08-11,1.4968202141374012
2025-08-12,1.4947833311307477
2025-08-13,1.4980264766731322
2025-08-14,1.4988403527060825
2025-08-15,1.496405600463632
2025-08-18,1.5016507469936045
2025-08-19,1.498704784688016
2025-08-20,1.496390772311429
2025-08-21,1.4974831661862993
2025-08-22,1.4963883486117169
2025-08-25,1.5015456946071026
2025-08-26,1.4941210111557552
2025-08-27,1.4961299861167559
2025-08-28,1.4968783941384347
2025-08-29,1.4979498639411306
2025-09-01,1.500748213164627
2025-09-02,1.5038897329500853
2025-09-03,1.499906944125911
2025-09-04,1.501784133245394
2025-09-05,1.5024829803473951
2025-09-08,1.5058333063720113
2025-09-09,1.5095094609839492
2025-09-10,1.5016032655239258
2025-09-11,1.5004272041017401
2025-09-12,1.503937038047525
2025-09-15,1.5041219036718303
2025-09-16,1.5061582774544033
2025-09-17,1.5141981891777334
2025-09-18,1.5103419895228003
2025-09-19,1.5113311817020758
2025-09-22,1.5087028228695087
2025-09-23,1.512709689717326
2025-09-24,1.5161857610278273
2025-09-25,1.5130777524409498
2025-09-26,1.5095810235369527
2025-09-29,1.5118839337867485
2025-09-30,1.5129925452838504
2025-10-01,1.5141710330383376
2025-10-02,1.5109478259539344
2025-10-03,1.5108517105591803
2025-10-06,1.5129364884247423
2025-10-07,1.5119386793671197
2025-10-08,1.5075812502169583
2025-10-09,1.5069441973138142
2025-10-10,1.5026776527663515
2025-10-13,1.5049483961828685
2025-10-14,1.5028455326584975
2025-10-15,1.5064160949619492
2025-10-16,1.5087347236057271
2025-10-17,1.5125361270976896
2025-10-20,1.5101536068725636
2025-10-21,1.5063694668189669
2025-10-22,1.5061830055702785
2025-10-23,1.5065703544034648
2025-10-24,1.5087193492129531
2025-10-27,1.5098520723722118
2025-10-28,1.510195267438263
2025-10-29,1.5076650298230163
2025-10-30,1.5052216157377243
2025-10-31,1.5034949912649154
2025-11-03,1.500732138001155
2025-11-04,1.5031792611092953
2025-11-05,1.5018606935446428
2025-11-06,1.5015924135864367
2025-11-07,1.5061673023827638
2025-11-10,1.50372873883218
2025-11-11,1.5053740986389104
2025-11-12,1.5075087557984261
2025-11-13,1.5090244460988913
2025-11-14,1.5135279555708934
2025-11-17,1.5087868819226171
2025-11-18,1.5101474149286958
2025-11-19,1.5067112191599676
2025-11-20,1.5071898354484858
2025-11-21,1.5079588494947984
2025-11-24,1.5042175708425276
2025-11-25,1.503139217711123
2025-11-26,1.5056146726096387
2025-11-27,1.5040317353373212
2025-11-28,1.5041760210555708
2025-12-01,1.5031323235524496
2025-12-02,1.5049099962189985
2025-12-03,1.50696505103042
2025-12-04,1.509385992909074
2025-12-05,1.5094190886625256
2025-12-08,1.5085381259432324
2025-12-09,1.510523707035816
2025-12-10,1.5081223986222767
2025-12-11,1.5119644113608501
2025-12-12,1.5164410257286818
2025-12-15,1.5161862136349953
2025-12-16,1.515674772805454
2025-12-17,1.5145457513137472
2025-12-18,1.5161221518155088
2025-12-19,1.5122592481471884
2025-12-22,1.513751142420219
2025-12-23,1.5153132207842646
2025-12-24,1.5150511890243479
2025-12-26,1.5133703371446927
2025-12-29,1.5120081610937885
2025-12-30,1.5126970572329697
2025-12-31,1.508234882293806
2026-01-02,1.509582515184178
2026-01-05,1.50738566959636
2026-01-06,1.5028643788886598
2026-01-07,1.4967390488054662
2026-01-08,1.4976061549870963
2026-01-09,1.4981522176810813
2026-01-12,1.4962512969896122
2026-01-13,1.4998951629078903
2026-01-14,1.5005704254562604
2026-01-15,1.4994991413556138
2026-01-16,1.4951125221012942
2026-01-19,1.495838268024002
2026-01-20,1.4958855377774112
2026-01-21,1.5056116917963465
2026-01-22,1.500315171691369
2026-01-23,1.5047076809064777
2026-01-26,1.5073521710542792
2026-01-27,1.5084322496648923
2026-01-28,1.5150641445390818
2026-01-29,1.5107799706390637
2026-01-30,1.5123127425627558
2026-02-02,1.5074411623735529
2026-02-03,1.500336347209014
2026-02-04,1.5006379777624943
2026-02-05,1.502088889169272
2026-02-06,1.5023615301517594
2026-02-09,1.5032105946067276
2026-02-10,1.5069222549956862
2026-02-11,1.5044765358661323
2026-02-12,1.4986877904584615
2026-02-13,1.4982136725726463
2026-02-16,1.498314878018945
2026-02-17,1.495953249539468
2026-02-18,1.4965097044369031
2026-02-19,1.4938816828842505
2026-02-20,1.4928325354255494
2026-02-23,1.4960767641003516
2026-02-24,1.4933247324761965
2026-02-25,1.4910978056307724
2026-02-26,1.4919598802943312
2026-02-27,1.490958924520669
2026-03-02,1.492920838565752
2026-03-03,1.488337799462798
2026-03-04,1.482895084831398
2026-03-05,1.4832271218017468
2026-03-06,1.4854841723633
2026-03-09,1.4798977518469485
2026-03-10,1.4812903534317172
2026-03-11,1.4781184304449653
2026-03-12,1.4729946441853485
2026-03-13,1.473022022159853
2026-03-16,1.4664036297082532
2026-03-17,1.4699055966845267
2026-03-18,1.4726687420150313
2026-03-19,1.4712585400179705
2026-03-20,1.4790329869594103
2026-03-23,1.4819776965227904
2026-03-24,1.4801286391224266
2026-03-25,1.48366984426724
2026-03-26,1.4810738625358795
2026-03-27,1.483204977580499
2026-03-30,1.4822619675674673
2026-03-31,1.4806325611763214
2026-04-01,1.4865217995197355
2026-04-02,1.4866070464032362
2026-04-03,1.4830086149149224
