Date,Actual,Forecast,Set,Pair,Nonlinear,Hybrid
2023-01-04,0.2418567463047332,0.2516630749956581,val,USDPHP_RET,0.005473823957527662,0.25713689895318576
2023-01-05,0.2769760002563908,-0.1668642075152101,val,USDPHP_RET,-0.009351935072901243,-0.17621614258811136
2023-01-06,-0.228673400940459,0.0243239129819772,val,USDPHP_RET,-0.0018313388900660164,0.022492574091911185
2023-01-09,-0.7179771507775324,0.1374432370053563,val,USDPHP_RET,-0.03951152174358401,0.09793171526177229
2023-01-10,-1.4735508913019244,-0.0839074374274448,val,USDPHP_RET,0.03533843568643439,-0.04856900174101041
2023-01-11,0.0548273416150875,0.5508989245673045,val,USDPHP_RET,-0.15773678202667768,0.3931621425406268
2023-01-12,0.5284767024587796,0.01524184951316,val,USDPHP_RET,-0.020878506351602443,-0.0056366568384424425
2023-01-13,0.0,-0.4904931772934622,val,USDPHP_RET,0.0013935682552169077,-0.4890996090382453
2023-01-16,-0.3550455596522784,-0.0658123000801981,val,USDPHP_RET,-0.00012267914894948317,-0.06593497922914758
2023-01-17,-0.4570391804197627,0.094646666094183,val,USDPHP_RET,-0.04019535899371783,0.05445130710046517
2023-01-18,0.1373326127820192,0.1506677059382057,val,USDPHP_RET,-0.010913907610274746,0.13975379832793094
2023-01-19,0.0,-0.1376008569084863,val,USDPHP_RET,-0.00999501579600791,-0.14759587270449423
2023-01-20,0.120692143303372,0.0339894500586922,val,USDPHP_RET,0.009695064501096282,0.04368451455978849
2023-01-23,-0.4873300585799054,-0.0831344168661263,val,USDPHP_RET,0.0057039139232351755,-0.07743050294289112
2023-01-24,-0.3034920517764322,0.0912406940474997,val,USDPHP_RET,-0.03436741636714513,0.056873277680354564
2023-01-25,0.6884234835390814,0.0454281152089627,val,USDPHP_RET,-0.03534440307647774,0.010083712132484962
2023-01-26,-0.1922805007367206,-0.2675169597433405,val,USDPHP_RET,0.027048439561870356,-0.24046852018147014
2023-01-27,-0.3764787208803326,-0.045360950664096,val,USDPHP_RET,0.004340312429472212,-0.041020638234623784
2023-01-30,0.0735716720939686,0.1016985023892634,val,USDPHP_RET,-0.03955973693301487,0.062138765456248524
2023-01-31,0.4402899746324817,0.1554410476327242,val,USDPHP_RET,-0.012698038984382399,0.1427430086483418
2023-02-01,0.0091470341818021,0.0293945927195679,val,USDPHP_RET,0.004327428601463071,0.03372202132103097
2023-02-02,-0.993288959580076,-0.2330276464132942,val,USDPHP_RET,-0.011257830753363784,-0.244285477166658
2023-02-03,-0.6398115697678428,0.4027165508271632,val,USDPHP_RET,0.015298819997772781,0.41801537082493595
2023-02-06,-0.3447822931093379,0.3344391920666641,val,USDPHP_RET,0.10467284826993202,0.4391120403365961
2023-02-07,2.261186818339792,0.4517400563960564,val,USDPHP_RET,0.006916754704600793,0.4586568111006572
2023-02-08,0.4915812396102629,-0.7595468418222076,val,USDPHP_RET,0.31922281095049393,-0.4403240308717136
2023-02-09,-0.5463554887261054,-0.2106544807303486,val,USDPHP_RET,0.2297478425752786,0.019093361844930018
2023-02-10,-0.2468316353164088,0.2665710883480132,val,USDPHP_RET,-0.03939098457362633,0.22718010377438685
2023-02-13,-0.4587164006906042,0.0759312356812919,val,USDPHP_RET,-0.017793415895575766,0.05813781978571613
2023-02-14,0.5227688299491512,0.1088734195318695,val,USDPHP_RET,-0.013959481857191237,0.09491393767467826
2023-02-15,0.4872819298484906,-0.2690217414758354,val,USDPHP_RET,-0.002028458866657638,-0.27105020034249305
2023-02-16,0.8339930904026887,-0.0826065490356299,val,USDPHP_RET,0.10299146691173733,0.020384917876107425
2023-02-17,-0.3381960806434864,-0.1483988368610807,val,USDPHP_RET,0.302328936095798,0.15393009923471726
2023-02-20,0.4067774632700037,0.11398180484731,val,USDPHP_RET,-0.03577757912436065,0.07820422572294936
2023-02-21,-0.8880048585801334,-0.1062240440810053,val,USDPHP_RET,0.0037096692062121434,-0.10251437487479316
2023-02-22,0.350703101044763,0.3634529740061447,val,USDPHP_RET,0.018351500300365687,0.3818044743065104
2023-02-23,-0.0054390394752742,0.0568238540263188,val,USDPHP_RET,-0.009888265804533601,0.0469355882217852
2023-02-24,-0.2943079425011384,-0.0847086708501051,val,USDPHP_RET,-0.018818136501040236,-0.10352680735114533
2023-02-27,-0.2605169034228335,0.096447771135795,val,USDPHP_RET,-0.037289856725920736,0.059157914409874265
2023-02-28,0.9260204695590948,0.010994042240252,val,USDPHP_RET,-0.03833857613931056,-0.02734453389905856
2023-03-01,0.207624289770078,-0.283665567198639,val,USDPHP_RET,0.30040886724133753,0.016743300042698528
2023-03-02,-1.078937399894634,-0.0477906761529246,val,USDPHP_RET,-7.78200033365212e-05,-0.04786849615626112
2023-03-03,0.2185445177168199,0.4101952095607217,val,USDPHP_RET,0.10253665541318235,0.5127318649739041
2023-03-06,0.9775550385588924,-0.0906225958024682,val,USDPHP_RET,-0.03593241429357572,-0.12655501009604392
2023-03-07,-0.8230463356210719,-0.3652050052056873,val,USDPHP_RET,0.3896843343810274,0.02447932917534007
2023-03-08,0.3535649289200271,0.4456243818216625,val,USDPHP_RET,-0.02724509563407218,0.4183792861875903
2023-03-09,0.2530720627984931,-0.0410181884210456,val,USDPHP_RET,-0.023786355900534985,-0.06480454432158059
2023-03-10,-0.343609392143081,0.0468502309187632,val,USDPHP_RET,0.003609764154721378,0.05045999507348457
2023-03-13,-0.2176260000413711,0.0710646423005199,val,USDPHP_RET,-0.0357560402459228,0.0353086020545971
2023-03-14,0.1632586991017827,0.0254643661429519,val,USDPHP_RET,-0.040193283516870744,-0.014728917373918845
2023-03-15,-0.5653015829914986,0.0837511518778757,val,USDPHP_RET,0.009703416709799923,0.09345456858767562
2023-03-16,0.2748678110230188,0.3268557556356354,val,USDPHP_RET,0.003668004536946226,0.3305237601725816
2023-03-17,-0.7664237786507594,-0.1807684270062206,val,USDPHP_RET,-0.017009782709698263,-0.19777820971591886
2023-03-20,0.0640934826926036,0.1747275402780082,val,USDPHP_RET,-0.005147506877676681,0.1695800334003315
2023-03-21,-0.7810730893780112,-0.2085788725117376,val,USDPHP_RET,-0.0266164221760708,-0.2351952946878084
2023-03-22,0.0276703216667067,0.0349014254987106,val,USDPHP_RET,-0.007316272477860251,0.02758515302085035
2023-03-23,0.2486959753527935,-0.1779930145315179,val,USDPHP_RET,-0.008883712912516044,-0.18687672744403394
2023-03-24,-0.1380841613969486,-0.0715299985423709,val,USDPHP_RET,-0.0020293126577463115,-0.0735593112001172
2023-03-27,0.0055242176867861,0.1500107859941068,val,USDPHP_RET,-0.019561028130239615,0.1304497578638672
2023-03-28,-0.3747000107032454,-0.1463583331448773,val,USDPHP_RET,-0.03113594438776858,-0.1774942775326459
2023-03-29,0.3765413487854072,-0.0517438676324683,val,USDPHP_RET,-0.03843355204616404,-0.09017741967863234
2023-03-30,-0.0350123138881956,-0.1610377310826696,val,USDPHP_RET,-0.002020496190023372,-0.16305822727269298
2023-03-31,0.0700123734455511,-0.103476450953544,val,USDPHP_RET,0.009099791876730911,-0.0943766590768131
2023-04-03,-0.0589541588944346,-0.025338692318232,val,USDPHP_RET,0.01036545606368647,-0.01497323625454553
2023-04-04,0.4486281841764732,0.0024193978161934,val,USDPHP_RET,-0.013698904341559372,-0.011279506525365973
2023-04-05,-0.4965465706959006,-0.3440023890205578,val,USDPHP_RET,-0.0017861244724255666,-0.34578851349298334
2023-04-06,0.4525114478621315,0.1760565766915496,val,USDPHP_RET,-0.0320813374377462,0.1439752392538034
2023-04-07,-0.0403843217545678,-0.1156593982275768,val,USDPHP_RET,0.004983452046259453,-0.11067594618131735
2023-04-10,0.2200846965596681,0.0510222843200735,val,USDPHP_RET,0.004345162791920884,0.05536744711199438
2023-04-11,0.2031499188165727,0.0983623057685732,val,USDPHP_RET,0.010375558679381638,0.10873786444795484
2023-04-12,0.5560893240308777,-0.1412340919522339,val,USDPHP_RET,0.007522660690888163,-0.13371143126134574
2023-04-13,0.2904864926352121,-0.309950531001746,val,USDPHP_RET,0.05482755842606651,-0.2551229725756795
2023-04-14,0.0960405304829418,-0.2744013329597091,val,USDPHP_RET,0.01399971181610799,-0.2604016211436011
2023-04-17,0.2279461303544418,-0.1264041756492468,val,USDPHP_RET,-0.001077084160667944,-0.12748125980991476
2023-04-18,1.2409323023397314,0.1847928412167504,val,USDPHP_RET,-0.00036613607093152024,0.18442670514581888
2023-04-19,0.3741037556530018,-0.4157315674508773,val,USDPHP_RET,0.39172726491069115,-0.02400430254018615
2023-04-20,0.0977411381906265,-0.098820179805385,val,USDPHP_RET,0.1389854572669296,0.04016527746154459
2023-04-21,-0.6504774439146253,-0.0475672084495064,val,USDPHP_RET,0.009928589499937808,-0.03763861894956859
2023-04-24,-0.0804936486609159,0.1723090904777989,val,USDPHP_RET,-0.0024648660457626433,0.16984422443203626
2023-04-25,-0.4573334515727966,-0.1232883022672201,val,USDPHP_RET,-0.039504926672194365,-0.16279322893941445
2023-04-26,-0.3601674350227419,0.2777588783658483,val,USDPHP_RET,-0.03945429246383544,0.23830458590201284
2023-04-27,0.2252557591870982,0.1017587490987662,val,USDPHP_RET,0.002330083990321875,0.10408883308908808
2023-04-28,0.1259213957213294,-0.2063029817271146,val,USDPHP_RET,0.008944768804352082,-0.1973582129227625
2023-05-01,-0.2790384412715019,-0.0391218117537367,val,USDPHP_RET,0.0008895865001981718,-0.038232225253538525
2023-05-02,0.1045039765237381,0.1906456508541166,val,USDPHP_RET,-0.03900023240992974,0.15164541844418689
2023-05-03,-0.1946889443695771,0.0144239920560964,val,USDPHP_RET,-0.02283821487252121,-0.00841422281642481
2023-05-04,-0.1715606667978289,-0.0218867220999658,val,USDPHP_RET,-0.03725646082896465,-0.05914318292893045
2023-05-05,0.0271077388807631,0.076060854374053,val,USDPHP_RET,-0.031750473512517974,0.04431038086153502
2023-05-08,-0.081352170302777,-0.0711492701554708,val,USDPHP_RET,-0.016468731406427465,-0.08761800156189826
2023-05-09,0.2528732584277892,0.0497669489526032,val,USDPHP_RET,-0.009424127818107397,0.040342821134495804
2023-05-10,0.5935233504124718,-0.0398234121898481,val,USDPHP_RET,0.009696754716234584,-0.030126657473613514
2023-05-11,-0.2513681015030704,-0.2616198265324672,val,USDPHP_RET,0.023518141719512473,-0.2381016848129547
2023-05-12,0.4036757707786078,0.0797955908322629,val,USDPHP_RET,-0.005746318998735168,0.07404927183352773
2023-05-15,0.0071646807361326,-0.0324708309150749,val,USDPHP_RET,0.001435083484653788,-0.031035747430421107
2023-05-16,0.3824108950951029,0.0950223114109566,val,USDPHP_RET,-0.0007782924007401844,0.09424401901021641
2023-05-17,0.2048942184282508,-0.1459665010490608,val,USDPHP_RET,0.0041293441900956095,-0.1418371568589652
2023-05-18,-0.2941100693440242,-0.0851445260727526,val,USDPHP_RET,-0.0001884013954651199,-0.08533292746821772
2023-05-19,-0.3720006036462612,0.1616958928409394,val,USDPHP_RET,-0.03724630238982341,0.124449590451116
2023-05-22,-0.3068696291659711,0.1182487428740023,val,USDPHP_RET,-0.014130935652216594,0.10411780722178571
2023-05-23,-0.1492876455746115,0.1123309716310495,val,USDPHP_RET,-0.03189580856539416,0.08043516306565535
2023-05-24,0.4704895570074683,0.1323468902943322,val,USDPHP_RET,-0.039772860022130686,0.09257403027220151
2023-05-25,-0.2116251599015583,-0.0679836314203187,val,USDPHP_RET,0.0005249833919709959,-0.06745864802834771
2023-05-26,0.6799114746559985,0.1452720105068268,val,USDPHP_RET,-0.031033824047730012,0.1142381864590968
2023-05-29,-0.2946578523388449,-0.1348499739378098,val,USDPHP_RET,0.003329987874650214,-0.13151998606315957
2023-05-30,0.3766456634721536,0.0590406866721294,val,USDPHP_RET,-0.03288933449420313,0.026151352177926274
2023-05-31,0.3983059918760174,-0.1132690279194719,val,USDPHP_RET,0.0018670274236663516,-0.11140200049580555
2023-06-01,-0.0159708779268069,-0.1145154090324825,val,USDPHP_RET,0.0012654294282141683,-0.11324997960426833
2023-06-02,-0.4892902686752975,-0.2607675887798622,val,USDPHP_RET,0.006942656180978793,-0.25382493259888345
2023-06-05,-0.0945786572574519,0.101792964328647,val,USDPHP_RET,-0.03844323518789083,0.06334972914075618
2023-06-06,0.0160643921653445,0.1111907724523653,val,USDPHP_RET,-0.03631438130114542,0.07487639115121988
2023-06-07,0.1337878048744529,-0.0555177036940579,val,USDPHP_RET,-0.024269261533307055,-0.07978696522736496
2023-06-08,0.0677136671211938,-0.1556693344915193,val,USDPHP_RET,0.01013231524768253,-0.14553701924383677
2023-06-09,-0.1336903776753477,-0.1632552961659568,val,USDPHP_RET,0.00872236884950852,-0.15453292731644827
2023-06-12,0.0178334459367826,-0.0252980125804122,val,USDPHP_RET,-0.002422866671848113,-0.027720879252260314
2023-06-13,-0.0071302751649835,0.042447849318012,val,USDPHP_RET,-0.00022475889077843661,0.042223090427233566
2023-06-14,-0.3018901948402064,-0.1275996767110881,val,USDPHP_RET,-0.016580387387593307,-0.1441800640986814
2023-06-15,0.0608083808085182,-0.0187645002135335,val,USDPHP_RET,-0.03437426361154443,-0.05313876382507793
2023-06-16,-0.2775096954589556,-0.2116977860679241,val,USDPHP_RET,0.004874263299436887,-0.20682352276848723
2023-06-19,-0.1273744464419077,0.0709618705979901,val,USDPHP_RET,-0.019433103684056097,0.051528766913934
2023-06-20,0.0323038044818191,0.05269984016811,val,USDPHP_RET,-0.03646809425215799,0.016231745915952014
2023-06-21,-0.3073494899221093,0.0210316960993895,val,USDPHP_RET,-0.011284978300881997,0.009746717798507502
2023-06-22,0.059387868737663,0.0042896547538157,val,USDPHP_RET,-0.03965086741618606,-0.035361212662370356
2023-06-23,-0.0665846334379372,0.00010988834698282685,val,USDPHP_RET,0.0015929316555132148,0.0017028200024960416
2023-06-26,0.371959369418846,0.1018876275395276,val,USDPHP_RET,-0.019585190781112316,0.08230243675841528
2023-06-27,-0.127429302736175,-0.0892816449400765,val,USDPHP_RET,0.005480215068568384,-0.08380142987150811
2023-06-28,-0.9708606603423268,-0.0923613292777767,val,USDPHP_RET,-0.014522384248669997,-0.1068837135264467
2023-06-29,0.2336542404896822,0.3267065675213142,val,USDPHP_RET,0.043155800076137035,0.3698623675974513
2023-06-30,0.2980575762149649,-0.0102349228290066,val,USDPHP_RET,-0.02394333621869795,-0.03417825904770455
2023-07-03,-0.3179629251046533,-0.0490686426140909,val,USDPHP_RET,0.0025372015370719748,-0.046531441077018926
2023-07-04,-0.0108585057084115,0.0345204785204122,val,USDPHP_RET,-0.03994605740540727,-0.005425578884995071
2023-07-05,0.0217158324733517,-0.0333808440011464,val,USDPHP_RET,-0.015828101418246372,-0.049208945419392774
2023-07-06,0.3431749552257316,0.0918017139432537,val,USDPHP_RET,0.0015927063193691968,0.0933944202626229
2023-07-07,0.3509875332047553,-0.1003726270506669,val,USDPHP_RET,0.006890678232731106,-0.09348194881793578
2023-07-10,-0.2392571949920403,-0.1366366488171797,val,USDPHP_RET,-0.0016727935586162682,-0.13830944237579598
2023-07-11,0.0486183215882825,0.0053176231098081,val,USDPHP_RET,-0.02542376479570052,-0.02010614168589242
2023-07-12,-0.5125724558926008,-0.1505662873247712,val,USDPHP_RET,-0.00019820635835377139,-0.15076449368312497
2023-07-13,-1.3663903756514717,-0.1740529132430249,val,USDPHP_RET,-0.03802283651036866,-0.21207574975339358
2023-07-14,-0.3215275156091977,0.1272998809028725,val,USDPHP_RET,0.03872073142316752,0.16602061232604004
2023-07-17,0.0,0.0060189607759566,val,USDPHP_RET,-0.028613016667234134,-0.022594055891277533
2023-07-18,0.0643882602624892,0.0227057973255429,val,USDPHP_RET,-0.008663709262633278,0.014042088062909623
2023-07-19,-0.0423056092887939,-0.0686114737289976,val,USDPHP_RET,-0.0004530284886682395,-0.06906450221766584
2023-07-20,0.484546747437051,0.0748165644882784,val,USDPHP_RET,-0.0029695112375110575,0.07184705325076735
2023-07-21,0.0640629795539863,-0.1633508902039676,val,USDPHP_RET,-0.00200067279976441,-0.165351563003732
2023-07-24,0.1261765036595396,0.1115539638802638,val,USDPHP_RET,0.008488413176361655,0.12004237705662546
2023-07-25,-0.430384999142212,0.0977431177879298,val,USDPHP_RET,-0.004978084146822818,0.09276503364110698
2023-07-26,0.0733894441589553,0.0959362575084354,val,USDPHP_RET,-0.015136108213774195,0.0808001492946612
2023-07-27,-0.1101043736647538,-0.1031727802188997,val,USDPHP_RET,-0.011678244087518363,-0.11485102430641805
2023-07-28,0.578508985903117,0.2037853053101303,val,USDPHP_RET,-0.008829327274554568,0.19495597803557574
2023-07-31,0.2242807182941227,-0.1411990367304353,val,USDPHP_RET,-0.0012348555962513907,-0.14243389232668668
2023-08-01,-0.3375162737012665,0.1327436051107134,val,USDPHP_RET,-0.0008774431232595907,0.1318661619874538
2023-08-02,0.2919760509012949,0.1737769199635566,val,USDPHP_RET,-0.025266939712694995,0.1485099802508616
2023-08-03,0.8202562139574314,0.0028398675819142,val,USDPHP_RET,0.008591019032495342,0.011430886614409542
2023-08-04,0.718524007795815,-0.2378461151428312,val,USDPHP_RET,0.1724950559313242,-0.065351059211507
2023-08-07,-1.1005986040085458,-0.1748187151695475,val,USDPHP_RET,0.3460247310774606,0.17120601590791312
2023-08-08,1.93863791697898,0.3264077883645652,val,USDPHP_RET,0.06230651456441884,0.388714302928984
2023-08-09,0.152908059858544,-0.6282292265211348,val,USDPHP_RET,0.2991246603145557,-0.3291045662065791
2023-08-10,0.0159867665966672,-0.0140762803828111,val,USDPHP_RET,0.1290996850281953,0.1150234046453842
2023-08-11,-0.243656864621893,0.0440117770073303,val,USDPHP_RET,-0.0023398997517812712,0.04167187725554903
2023-08-14,0.7362772228177246,0.1071932910353028,val,USDPHP_RET,-0.040188683772876356,0.06700460726242644
2023-08-15,0.5025177945572008,-0.0158165071838254,val,USDPHP_RET,0.022073873481295622,0.006257366297470222
2023-08-16,-0.0140703575139767,-0.1951786607675443,val,USDPHP_RET,0.0018059616268021666,-0.19337269914074215
2023-08-17,-0.3930378723506736,0.0105497924141188,val,USDPHP_RET,0.010290628211027686,0.02084042062514649
2023-08-18,0.1394188567548344,0.1981301668256441,val,USDPHP_RET,-0.03443287456120805,0.16369729226443605
2023-08-21,-0.9978257476738818,-0.0601498579050956,val,USDPHP_RET,-0.018197520772955656,-0.07834737867805125
2023-08-22,0.1921876003089078,0.2803322091647192,val,USDPHP_RET,0.06753289703033129,0.34786510619505046
2023-08-23,-0.2046567074326839,0.2163350572774906,val,USDPHP_RET,-0.023161483023453198,0.19317357425403742
2023-08-24,0.4975622808644981,-0.1836206020912783,val,USDPHP_RET,-0.032416309785164514,-0.21603691187644283
2023-08-25,0.3627164000277985,0.1366421094072627,val,USDPHP_RET,0.0450429367476633,0.181685046154926
2023-08-28,-0.0423937622625079,-0.2706465361307056,val,USDPHP_RET,0.008567475013107048,-0.26207906111759854
2023-08-29,0.2029846418316095,-0.066117852056491,val,USDPHP_RET,0.0084382553105173,-0.0576795967459737
2023-08-30,-0.0652621610269312,-0.2241731817595325,val,USDPHP_RET,0.005555245703588317,-0.21861793605594418
2023-08-31,0.1498666197452816,-0.1922026167178187,val,USDPHP_RET,0.010302589717177986,-0.1819000270006407
2023-09-01,-0.2540216788964349,0.0744198711775239,val,USDPHP_RET,0.0002941529031283674,0.07471402408065227
2023-09-04,-0.1502548319735794,0.1286118987703873,val,USDPHP_RET,-0.039648934470150575,0.08896296430023673
2023-09-05,0.0795755911753102,0.3331834910684658,val,USDPHP_RET,-0.04011201547739815,0.2930714755910676
2023-09-06,0.6957629914372554,-0.2009916571604105,val,USDPHP_RET,-0.03953201836944192,-0.24052367552985243
2023-09-07,-0.0860468136340488,-0.1712821681221173,val,USDPHP_RET,0.27735918053093056,0.10607701240881326
2023-09-08,-0.4260579947802022,0.1229324630928449,val,USDPHP_RET,0.005538184508540324,0.12847064760138524
2023-09-11,-0.0335295125957008,0.1131822191082422,val,USDPHP_RET,-0.011391344710151612,0.10179087439809058
2023-09-12,0.0458789491725591,0.088666264837443,val,USDPHP_RET,-0.03140215608742641,0.05726410875001659
2023-09-13,-0.1182672439920929,-0.1712404680300306,val,USDPHP_RET,-0.015361487309942346,-0.18660195533997295
2023-09-14,0.0053022610517618,0.0519413987450502,val,USDPHP_RET,0.001279399858836917,0.05322079860388712
2023-09-15,0.1923149417278524,0.0869394640913931,val,USDPHP_RET,-0.01605437064923834,0.07088509344215475
2023-09-18,0.2271336168213857,-0.0218493087834409,val,USDPHP_RET,0.0075746068727833935,-0.014274701910657507
2023-09-19,-0.4618475610153737,-0.1224790206672833,val,USDPHP_RET,0.007063086473176217,-0.11541593419410709
2023-09-20,0.2435289620585305,0.1536686866231724,val,USDPHP_RET,-0.03924128317618401,0.1144274034469884
2023-09-21,0.0211501842017312,-0.0333325593542901,val,USDPHP_RET,0.0060515449862472296,-0.027281014368042873
2023-09-22,0.0334708059063718,0.132785199872744,val,USDPHP_RET,0.0015025523158009998,0.134287752188545
2023-09-25,0.079243498473864,-0.0589253745474713,val,USDPHP_RET,-0.02491898432936291,-0.08384435887683421
2023-09-26,0.0668617502714569,0.0161733110798458,val,USDPHP_RET,0.009719436244580828,0.025892747324426625
2023-09-27,0.6434847136512947,-0.0037250424680801,val,USDPHP_RET,0.0009376950927428648,-0.002787347375337235
2023-09-28,-0.4378904288123937,-0.1840812450882378,val,USDPHP_RET,0.028709509003469604,-0.1553717360847682
2023-09-29,-0.5791989555843935,0.0975039564142049,val,USDPHP_RET,-0.03953870902810324,0.057965247386101655
2023-10-02,0.1005871392387911,0.1539192686741579,val,USDPHP_RET,0.0066627717862165,0.1605820404603744
2023-10-03,0.1216302856007491,0.4234855186550411,val,USDPHP_RET,-0.017248495121637605,0.40623702353340346
2023-10-04,0.1162066631843248,0.1203333304140249,val,USDPHP_RET,-0.040171044486328494,0.0801622859276964
2023-10-05,-0.3896383874316277,-0.1162111690909249,val,USDPHP_RET,-0.008320820704948766,-0.12453198979587365
2023-10-06,0.0388543961171792,0.0677067097429588,val,USDPHP_RET,-0.040031807937333984,0.02767490180562481
2023-10-09,0.0864872590921886,-0.0824533491935173,val,USDPHP_RET,-0.012830500148352478,-0.09528384934186977
2023-10-10,0.352238406671476,-0.2760932064338106,val,USDPHP_RET,0.01037548231033333,-0.2657177241234773
2023-10-11,-0.1777277043361319,-0.1996939789990915,val,USDPHP_RET,0.02182604799358794,-0.17786793100550355
2023-10-12,-0.4448119559588086,-0.0205036894240705,val,USDPHP_RET,-0.003707141906334986,-0.024210831330405486
2023-10-13,0.4342431964428313,0.2671851779418557,val,USDPHP_RET,-0.03199923504043056,0.23518594290142514
2023-10-16,0.0475472660211512,-0.0452907420683105,val,USDPHP_RET,0.010371862750570279,-0.03491887931774022
2023-10-17,-0.3174051475947527,0.1641133751622169,val,USDPHP_RET,0.006367947744660729,0.17048132290687765
2023-10-18,-0.0141292572581552,-0.2596669885532332,val,USDPHP_RET,-0.023392459342888996,-0.2830594478961222
2023-10-19,0.3773002984723678,0.1034476277761116,val,USDPHP_RET,0.007307321765189361,0.11075494954130097
2023-10-20,-0.1250194204209401,0.0123238433194611,val,USDPHP_RET,0.005186417802407013,0.017510261121868112
2023-10-23,0.0,0.0263834450002419,val,USDPHP_RET,-0.03025506170511258,-0.0038716167048706805
2023-10-24,-0.1745912899030367,-0.1169447459098773,val,USDPHP_RET,-0.012379575117397186,-0.12932432102727448
2023-10-25,0.0405922707255288,0.0637824059173628,val,USDPHP_RET,-0.018010502814110613,0.04577190310325219
2023-10-26,0.1445711300060558,0.0831563863615734,val,USDPHP_RET,-0.011795870510714327,0.07136051585085906
2023-10-27,0.2111877197886608,0.0674932531278059,val,USDPHP_RET,0.0024995430919171847,0.06999279621972308
2023-10-30,-0.0087925457242903,-0.1458385823592256,val,USDPHP_RET,0.009932968927665004,-0.13590561343156057
2023-10-31,-0.2975777056421139,0.2510110399502798,val,USDPHP_RET,0.009670822377160678,0.26068186232744045
2023-11-01,0.1321727610355576,-0.3016250476515624,val,USDPHP_RET,-0.0114626729669827,-0.3130877206185451
2023-11-02,-0.223917714364797,0.012233526413304,val,USDPHP_RET,-0.0019748683534356487,0.010258658059868352
2023-11-03,-0.2828103531432123,-0.1645606743977855,val,USDPHP_RET,-0.038827617659071174,-0.20338829205685666
2023-11-06,-1.4333531794534822,0.0769442696819362,val,USDPHP_RET,-0.027707884711994233,0.04923638496994197
2023-11-07,0.0735872364595668,0.3036428086446575,val,USDPHP_RET,0.020885558564763096,0.3245283672094206
2023-11-08,0.3546453964981882,-0.0334711504759419,val,USDPHP_RET,-0.03852419528801784,-0.07199534576395974
2023-11-09,-0.3223503949656473,-0.0823462350293202,val,USDPHP_RET,-0.0016393983280054494,-0.08398563335732565
2023-11-10,0.3473784425355802,0.1669806356080038,val,USDPHP_RET,-0.03900411023059712,0.12797652537740667
2023-11-13,-0.0840494772818672,-0.0596130667454651,val,USDPHP_RET,0.010300610159864384,-0.04931245658560071
2023-11-14,-0.1736844278250111,0.2421758400897443,val,USDPHP_RET,-0.012023718938303287,0.230152121151441
2023-11-15,-0.5426851851576845,-0.494284974736674,val,USDPHP_RET,-0.033041259583324656,-0.5273262343199987
2023-11-16,0.4171589504552403,0.0965591979915986,val,USDPHP_RET,-0.01636986129508185,0.08018933669651675
2023-11-17,-0.1975763765469925,-0.099719622366419,val,USDPHP_RET,0.0016587257242131736,-0.09806089664220582
2023-11-20,-0.4215946714053031,-0.0072589768744736,val,USDPHP_RET,-0.024694138873083207,-0.031953115747556805
2023-11-21,-0.4814275560562588,0.0559341622889756,val,USDPHP_RET,-0.0332220984076392,0.022712063881336404
2023-11-22,0.2989013906936608,0.1351847873006665,val,USDPHP_RET,-0.013470802001366477,0.12171398529930001
2023-11-23,0.0650946597737059,0.1010576232435178,val,USDPHP_RET,0.010354062976702442,0.11141168622022024
2023-11-24,-0.1972214259410998,-0.0939500751435239,val,USDPHP_RET,-0.01412584325202709,-0.10807591839555099
2023-11-27,0.504229956979887,0.1921153330958196,val,USDPHP_RET,-0.025522267391927055,0.16659306570389254
2023-11-28,-0.2726676026406495,-0.2016205154412214,val,USDPHP_RET,0.0022583176512540764,-0.1993621977899673
2023-11-29,-0.9258454304978876,-0.2030416689699722,val,USDPHP_RET,-0.02032997983688299,-0.22337164880685517
2023-11-30,0.6725444293335272,0.3737081607995744,val,USDPHP_RET,0.01114550153831357,0.384853662337888
2023-12-01,0.5456069240253445,-0.0290035612310922,val,USDPHP_RET,0.00324605342765926,-0.02575750780343294
2023-12-04,-0.4804120616576321,-0.0701055283330092,val,USDPHP_RET,0.008748334721827076,-0.06135719361118213
2023-12-05,0.1609983999159005,0.1731334472258571,val,USDPHP_RET,-0.033689221536771195,0.1394442256890859
2023-12-06,-0.3694160294587522,-0.0770079844473288,val,USDPHP_RET,-0.009776154700862374,-0.08678413914819118
2023-12-07,0.2410025807281081,0.182225702221122,val,USDPHP_RET,-0.040202385762039154,0.14202331645908284
2023-12-08,0.215136493220198,-0.1325093530932592,val,USDPHP_RET,0.0021256464340418356,-0.13038370665921736
2023-12-11,-0.0180648321271508,-0.1143497860770786,val,USDPHP_RET,-1.760573233215298e-05,-0.11436739180941076
2023-12-12,0.3300050263711645,0.101439132962428,val,USDPHP_RET,0.006720118151694311,0.1081592511141223
2023-12-13,-0.0342135477514277,-0.2635539612517514,val,USDPHP_RET,0.008419408419068913,-0.2551345528326825
2023-12-14,-0.0846809441410552,-0.1876613901690269,val,USDPHP_RET,0.008372499768338471,-0.1792888904006884
2023-12-15,0.3167269622824208,-0.3563467376317458,val,USDPHP_RET,0.007360079734773291,-0.3489866578969725
2023-12-18,0.143640200440617,0.0425860359971984,val,USDPHP_RET,0.04063970466596706,0.08322574066316546
2023-12-19,-0.1472317940283366,0.0174924347542681,val,USDPHP_RET,0.007182002428695707,0.024674437182963808
2023-12-20,-0.1132630368674936,-0.223833962830668,val,USDPHP_RET,-0.03341227789463512,-0.2572462407253031
2023-12-21,0.0521519088085089,0.1884909639717523,val,USDPHP_RET,0.008013450935110574,0.19650441490686288
2023-12-22,-0.6493540480742779,-0.1615162604524459,val,USDPHP_RET,-0.030128033994866184,-0.1916442944473121
2023-12-25,-0.0452467746952542,0.1088983006474891,val,USDPHP_RET,-0.022311873213897073,0.08658642743359202
2023-12-26,0.2802239651521728,0.0518171506383629,val,USDPHP_RET,-0.03226303284287518,0.019554117795487713
2023-12-27,-0.1354966365711482,-0.213154659897311,val,USDPHP_RET,0.008428991969662502,-0.20472566792764849
2023-12-28,0.4221415617620289,-0.090575056614063,val,USDPHP_RET,0.004641162915379271,-0.08593389369868372
2023-12-29,-0.4221415617620334,-0.15662300940911,val,USDPHP_RET,0.001353245261399686,-0.15526976414771032
2024-01-01,-0.117575426227354,0.2194311169663976,val,USDPHP_RET,-0.03987112251222738,0.17955999445417023
2024-01-02,0.2494632210255824,0.0978832145018994,val,USDPHP_RET,-0.03933919599079277,0.058544018511106626
2024-01-03,0.3154534557471019,0.0505049536339538,val,USDPHP_RET,0.010164167175805303,0.0606691208097591
2024-01-04,0.1977788596284802,0.0759256577115441,val,USDPHP_RET,0.005875078168119435,0.08180073587966354
2024-01-05,-0.2697967876909214,-0.1315324354984793,val,USDPHP_RET,0.00883919126989687,-0.12269324422858242
2024-01-08,-0.0522430433523979,0.0592014980069033,val,USDPHP_RET,-0.03037088591628669,0.028830612090616613
2024-01-09,0.2771219332681024,0.0415106444865024,val,USDPHP_RET,-0.026734555372524213,0.014776089113978187
2024-01-10,0.7857971938518625,-0.0726988215357042,val,USDPHP_RET,0.007978213084597854,-0.06472060845110635
2024-01-11,-0.0999011313065517,-0.2090401056900949,val,USDPHP_RET,0.22650870923296304,0.01746860354286814
2024-01-12,-0.1536017604815446,-0.1889465254822887,val,USDPHP_RET,0.00789614635345405,-0.18105037912883465
2024-01-15,-0.2917796295746275,0.1627867945621953,val,USDPHP_RET,-0.0014702971110415602,0.16131649745115373
2024-01-16,-0.0950604102654439,0.1124415500311411,val,USDPHP_RET,-0.02774908545362008,0.08469246457752103
2024-01-17,0.3099505932753569,0.3057777712954912,val,USDPHP_RET,-0.03714449267006693,0.2686332786254243
2024-01-18,0.0089457343014782,0.0902920022184549,val,USDPHP_RET,-0.0068270283272922954,0.08346497389116261
2024-01-19,-0.3655633123200218,0.039518690960179,val,USDPHP_RET,-0.022054787770513076,0.017463903189665925
2024-01-22,0.2886147578067882,0.0970592730761284,val,USDPHP_RET,-0.03427132918964528,0.06278794388648312
2024-01-23,0.834263320068855,-0.1968556244227037,val,USDPHP_RET,0.01007534920635254,-0.18678027521635118
2024-01-24,-0.0728099369085822,-0.4100358259017311,val,USDPHP_RET,0.39060879016655176,-0.019427035735179343
2024-01-25,-0.1938264191535243,0.1724595102086808,val,USDPHP_RET,0.0005801749664698443,0.17303968517515064
2024-01-26,0.5732741938073138,0.0794168461301127,val,USDPHP_RET,-0.03773460433265635,0.041682241797456346
2024-01-29,-0.5021007169650994,-0.1732284620299143,val,USDPHP_RET,7.063068357754958e-05,-0.17315783134633675
2024-01-30,0.1830358318131197,0.2304626454144503,val,USDPHP_RET,-0.0396350417338768,0.1908276036805735
2024-01-31,-0.0443978269293563,-0.1415570117469441,val,USDPHP_RET,-0.016195586939129664,-0.15775259868607378
2024-02-01,-0.3630000886967178,-0.0017067299274482,val,USDPHP_RET,0.006807004878544195,0.0051002749510959955
2024-02-02,-0.2981476247761399,0.0839750490690724,val,USDPHP_RET,-0.03806903806365564,0.045906011005416754
2024-02-05,0.4192963874344183,0.0633057906395336,val,USDPHP_RET,-0.03650575534035071,0.026800035299182887
2024-02-06,0.236525514430225,-0.0036619185346033,val,USDPHP_RET,-0.00044686816983105846,-0.004108786704434359
2024-02-07,-0.3077725158941731,-0.0950546659310948,val,USDPHP_RET,0.00767546165245186,-0.08737920427864293
2024-02-08,-0.3105089925270446,-0.0218231079952093,val,USDPHP_RET,-0.037499531478648006,-0.05932263947385731
2024-02-09,0.0285908009376096,0.0691110146404976,val,USDPHP_RET,-0.04019326419272868,0.028917750447768918
2024-02-12,-0.1716812050214035,0.0311011527107085,val,USDPHP_RET,-0.014952029967869635,0.01614912274283886
2024-02-13,0.0393682288463704,-0.067129978620586,val,USDPHP_RET,-0.03680456514233218,-0.10393454376291819
2024-02-14,0.2376820281015398,0.1294962491448975,val,USDPHP_RET,0.007672527470368843,0.13716877661526633
2024-02-15,0.0160609513105898,-0.0661671689903446,val,USDPHP_RET,0.007816517791788012,-0.058350651198556584
2024-02-16,-0.3844338840183343,-0.1489720149150564,val,USDPHP_RET,0.005190361835070709,-0.1437816530799857
2024-02-19,0.2522815841300134,0.1018563433703665,val,USDPHP_RET,-0.03879478883642821,0.0630615545339383
2024-02-20,0.0678861993916547,0.0482613929782499,val,USDPHP_RET,0.010135677317760727,0.05839707029601063
2024-02-21,-0.2664392664616501,-0.2008011585002959,val,USDPHP_RET,-0.004109436671373383,-0.2049105951716693
2024-02-22,-0.0519380125156115,0.0119988894143863,val,USDPHP_RET,-0.019403114379369143,-0.007404224964982843
2024-02-23,-0.1021646871068782,-0.027148893564424,val,USDPHP_RET,-0.019108876316398647,-0.04625776988082265
2024-02-26,0.1863300558046335,0.0009852445949302315,val,USDPHP_RET,-0.021001125673917955,-0.020015881078987725
2024-02-27,0.2931201081561776,-0.0577165158589321,val,USDPHP_RET,0.010218607079003492,-0.04749790877992861
2024-02-28,0.073147675262678,-0.0839653531785488,val,USDPHP_RET,-0.00018714620546928594,-0.08415249938401807
2024-02-29,0.2475887062548367,-0.0025477261707387,val,USDPHP_RET,0.010275385783176308,0.007727659612437609
2024-03-01,-0.0818637830543806,-0.0585772376574499,val,USDPHP_RET,0.006980174017492928,-0.05159706363995697
2024-03-04,-0.2763587139735879,0.0338288428258132,val,USDPHP_RET,-0.011813497821064634,0.022015345004748568
2024-03-05,-0.0750144136427601,0.0216486416972728,val,USDPHP_RET,-0.040077342272030796,-0.018428700574757994
2024-03-06,-0.0625550253190424,0.0530609260579572,val,USDPHP_RET,-0.02450897659015769,0.028551949467799514
2024-03-07,-0.2255226534735769,-0.0493684655874782,val,USDPHP_RET,-0.027335153073315036,-0.07670361866079323
2024-03-08,-0.1901191401498377,-0.0860026977593125,val,USDPHP_RET,-0.03455312277339284,-0.12055582053270535
2024-03-11,-0.2354622128524512,-0.0308189236665576,val,USDPHP_RET,-0.025649748735801538,-0.05646867240235914
2024-03-12,-0.4961026387061242,0.1376714136455229,val,USDPHP_RET,-0.03694071758252659,0.10073069606299631
2024-03-13,0.2673024869917629,0.0996233210169079,val,USDPHP_RET,0.001808465707011863,0.10143178672391977
2024-03-14,-0.1733020933666678,-0.1338873859668999,val,USDPHP_RET,0.010373564586464313,-0.12351382138043558
2024-03-15,0.2652438102157388,0.1404966645631532,val,USDPHP_RET,-0.01475197124608353,0.1257446933170697
2024-03-18,0.1404554574096846,-0.0262448106184849,val,USDPHP_RET,0.009022535354315572,-0.017222275264169327
2024-03-19,0.1528430816565898,-0.0284910407106933,val,USDPHP_RET,0.010370654930931868,-0.018120385779761432
2024-03-20,0.3282578344604832,-0.02316689011782,val,USDPHP_RET,0.010287328344896063,-0.012879561772923936
2024-03-21,0.3503867621206303,-0.1473583944222566,val,USDPHP_RET,-0.00021767313132748737,-0.14757606755358407
2024-03-22,-0.135719537102273,-0.1291348698268457,val,USDPHP_RET,0.00030689165407076787,-0.12882797817277492
2024-03-25,0.538223667089746,0.1014931801984596,val,USDPHP_RET,-0.008766351699055326,0.09272682849940428
2024-03-26,-0.0568955944594273,-0.1446783075595404,val,USDPHP_RET,-0.0019410119884805965,-0.146619319548021
2024-03-27,0.0213404894199128,-0.0193139013988678,val,USDPHP_RET,0.0058242080407119295,-0.013489693358155872
2024-03-28,0.0319954170210574,-0.0470702895457022,val,USDPHP_RET,-0.000615986910940372,-0.04768627645664257
2024-03-29,-0.1422946119399666,0.0725814783862338,val,USDPHP_RET,0.004812940085337079,0.07739441847157089
2024-04-01,-0.0356070107669916,0.051890883276129,val,USDPHP_RET,-0.037640108859221796,0.014250774416907204
2024-04-02,0.0836560333697757,0.0412426515834893,val,USDPHP_RET,-0.02305736508037039,0.018185286503118906
2024-04-03,0.1688708095083398,0.034659640829841,val,USDPHP_RET,-0.00033767430031058374,0.034321966529530415
2024-04-04,0.0727957197272468,-0.1336658168391131,val,USDPHP_RET,0.009540217807290686,-0.12412559903182242
2024-04-05,0.5645787341013397,-0.0278916392593465,val,USDPHP_RET,0.009561210411259414,-0.018330428848087083
2024-04-08,-0.2863131815206539,-0.1688599293308064,val,USDPHP_RET,0.012199516510962528,-0.15666041281984389
2024-04-09,-0.1860127943418443,0.0396888364190681,val,USDPHP_RET,-0.02759570563674552,0.012093130782322579
2024-04-10,-0.1277499680650363,0.0362807964772739,val,USDPHP_RET,-0.038289353703931904,-0.002008557226658006
2024-04-11,0.4269715350082831,0.198884165106767,val,USDPHP_RET,-0.033339688581553846,0.16554447652521317
2024-04-12,-0.2035126984747415,0.0399851134447049,val,USDPHP_RET,0.008448183660107335,0.048433297104812235
2024-04-15,0.2777369973212519,0.0301616752937972,val,USDPHP_RET,-0.039153879243395875,-0.008992203949598675
2024-04-16,0.4828835406507984,0.1818181825660182,val,USDPHP_RET,0.007163505827343212,0.1889816883933614
2024-04-17,0.4140503064089638,-0.0521653482451574,val,USDPHP_RET,0.003076852083286205,-0.0490884961618712
2024-04-18,0.1644384940040202,-0.1742148467489114,val,USDPHP_RET,-0.0012300904307565473,-0.17544493717966797
2024-04-19,0.0,-0.1525203440732479,val,USDPHP_RET,0.0004944501201088209,-0.1520258939531391
2024-04-22,0.4638807354287788,0.0258677819184965,val,USDPHP_RET,0.010186014974273861,0.036053796892770364
2024-04-23,0.0817347502228832,-0.240869540387104,val,USDPHP_RET,-0.001924116838867344,-0.24279365722597135
2024-04-24,-0.2314785648912805,-0.1688420834992152,val,USDPHP_RET,0.001521485405795844,-0.16732059809341937
2024-04-25,0.8346306113009839,0.0359787380323713,val,USDPHP_RET,-0.01888312246940138,0.017095615562969922
2024-04-26,-0.2993824465806262,-0.3299397982938284,val,USDPHP_RET,0.14936126582552114,-0.18057853246830727
2024-04-29,0.0034643604255364,0.0554019005608309,val,USDPHP_RET,-0.002257727276931008,0.05314417328389989
2024-04-30,-0.0971004289776216,-0.1357690375244814,val,USDPHP_RET,-0.0170008199977157,-0.1527698575221971
2024-05-01,0.2927476686291227,0.2028795305653452,val,USDPHP_RET,-0.0009330470977951443,0.20194648346755004
2024-05-02,-0.3847360528271274,-0.0971041962001302,val,USDPHP_RET,0.006052395131651593,-0.0910518010684786
2024-05-03,-0.2625397773119875,-0.0420183945127318,val,USDPHP_RET,-0.04018850141256212,-0.08220689592529393
2024-05-06,-0.542900387499032,-0.0292493683064584,val,USDPHP_RET,-0.03799030150663312,-0.06723966981309153
2024-05-07,0.0577423106959327,0.089516139482825,val,USDPHP_RET,-0.01774876069222196,0.07176737879060303
2024-05-08,0.0227406501242764,0.1383632597935601,val,USDPHP_RET,-0.013363439557642617,0.12499982023591748
2024-05-09,0.3718504179653958,0.0045314922079937,val,USDPHP_RET,-0.02733610172797869,-0.02280460951998499
2024-05-10,-0.2459962643312368,-0.1240687404821681,val,USDPHP_RET,-0.0009535211491626881,-0.1250222616313308
2024-05-13,0.3539749473572771,0.018884033019768,val,USDPHP_RET,-0.028219870552654618,-0.009335837532886616
2024-05-14,0.6454284244275249,-0.1256452069066494,val,USDPHP_RET,0.0007105558050839496,-0.12493465110156546
2024-05-15,-0.1990805813584771,-0.2957576620024623,val,USDPHP_RET,0.11812813525327229,-0.17762952674919
2024-05-16,-0.5874417299759417,-0.07610682129824,val,USDPHP_RET,0.006759212699634093,-0.0693476085986059
2024-05-17,0.003484227653145,0.0376352436673635,val,USDPHP_RET,-0.01816494659378796,0.019470297073575536
2024-05-20,0.537157728524877,0.013170723429243,val,USDPHP_RET,-0.013796375023615146,-0.0006256515943721466
2024-05-21,0.6049598899255871,-0.210407463924794,val,USDPHP_RET,0.0022975143071913623,-0.20810994961760265
2024-05-22,0.2100182362600192,-0.1429734627176932,val,USDPHP_RET,0.169906812202539,0.026933349484845798
2024-05-23,-0.2651733393539137,0.0136426012819484,val,USDPHP_RET,-0.0002978989599257216,0.013344702322022678
2024-05-24,0.373450997423617,0.133883248643618,val,USDPHP_RET,-0.04011138181153253,0.09377186683208547
2024-05-27,-0.0601397797660638,-0.0796249191601379,val,USDPHP_RET,0.007717145885594818,-0.07190777327454309
2024-05-28,-0.1599740645026114,0.0074223609253928,val,USDPHP_RET,-0.004133523553533174,0.0032888373718596257
2024-05-29,-0.3466331111741876,0.0627889458721991,val,USDPHP_RET,-0.03368838710121832,0.029100558770980785
2024-05-30,0.9370980181939832,0.2876522452355371,val,USDPHP_RET,-0.03378965137274968,0.2538625938627874
2024-05-31,0.0153996645736374,-0.268684024864146,val,USDPHP_RET,0.029621374068625902,-0.23906265079552008
2024-06-03,0.2307434035523975,-0.0011314711980661,val,USDPHP_RET,0.004387190847796508,0.003255719649730408
2024-06-04,0.0682667740378816,-0.1663430515336288,val,USDPHP_RET,0.008216181700993083,-0.1581268698326357
2024-06-05,0.4578722560683105,-0.0694280041770542,val,USDPHP_RET,0.00804284262959554,-0.06138516154745867
2024-06-06,-0.2329271777611744,-0.155721085119064,val,USDPHP_RET,0.002603299146452598,-0.1531177859726114
2024-06-07,-0.250544539823362,-0.0125284763062725,val,USDPHP_RET,-0.02136809904165048,-0.03389657534792298
2024-06-10,0.1619868587059245,0.0287356036028755,val,USDPHP_RET,-0.038914521729749275,-0.010178918126873774
2024-06-11,0.2127388806412855,0.1473144611385275,val,USDPHP_RET,0.009493437903853163,0.15680789904238066
2024-06-12,-0.103761437317477,-0.0138698314353098,val,USDPHP_RET,0.0030544501531876525,-0.010815381282122147
2024-06-13,-0.8236801865853898,-0.0995642182799544,val,USDPHP_RET,-0.0234414857022116,-0.12300570398216601
2024-06-14,0.6823250562555757,0.279489971229472,val,USDPHP_RET,0.0112758581054357,0.2907658293349077
2024-06-17,0.0238568910103218,-0.1898140902279439,val,USDPHP_RET,-0.0019249232162819052,-0.1917390134442258
2024-06-18,-0.2097910215665304,-0.0203200626332726,val,USDPHP_RET,0.009234066366363375,-0.011085996266909226
2024-06-19,0.0648588408628843,-0.0160243203997799,val,USDPHP_RET,-0.0357500369306421,-0.051774357330421995
2024-06-20,0.2556264600898558,-0.0273610766233544,val,USDPHP_RET,0.0050312916684608685,-0.02232978495489353
2024-06-21,0.1581567196705485,-0.0036485755412268,val,USDPHP_RET,0.004472839463897277,0.0008242639226704765
2024-06-24,0.0203912013126896,0.002476247459085,val,USDPHP_RET,0.010337271768313578,0.012813519227398578
2024-06-25,-0.2977572221730352,-0.1277355655706053,val,USDPHP_RET,-0.004404993180956491,-0.1321405587515618
2024-06-26,0.1021843884159753,0.0541719759238666,val,USDPHP_RET,-0.03395406370367952,0.02021791222018708
2024-06-27,0.3195157788790483,0.0446481019615534,val,USDPHP_RET,0.0005315968447532671,0.04517969880630667
2024-06-28,-0.5615281878500029,-0.1269005332136556,val,USDPHP_RET,0.005107306740105783,-0.12179322647354981
2024-07-01,-0.2101093133767048,0.148257714696898,val,USDPHP_RET,-0.030637306025628353,0.11762040867126965
2024-07-02,0.4419066821044844,0.0013985130420074,val,USDPHP_RET,-0.03825332586375444,-0.03685481282174704
2024-07-03,0.0646754754413513,-0.0987155623954028,val,USDPHP_RET,-0.0018876023664819307,-0.10060316476188473
2024-07-04,-0.2163028073110385,-0.1626153568065253,val,USDPHP_RET,0.010351544408734854,-0.15226381239779047
2024-07-05,-0.4460086232946442,-0.033042923796437,val,USDPHP_RET,-0.017311496376686667,-0.050354420173123665
2024-07-08,0.2343601748808828,0.1170253195295757,val,USDPHP_RET,-0.03338269361666757,0.08364262591290814
2024-07-09,-0.1094115309100892,-0.1217928857110104,val,USDPHP_RET,0.008529609461450554,-0.11326327624955985
2024-07-10,0.0427497649092349,0.0495675819139845,val,USDPHP_RET,-0.005371001910764662,0.04419658000321984
2024-07-11,-0.5091003903571117,0.0295526590163821,val,USDPHP_RET,-0.008808671693807182,0.020743987322574917
2024-07-12,-0.0550034063125555,-0.0643327906743721,val,USDPHP_RET,-0.0132386362374223,-0.0775714269117944
2024-07-15,0.4169568691592891,-0.0509256388847948,val,USDPHP_RET,-0.005909428775508363,-0.05683506766030316
2024-07-16,-0.0856503339625863,-0.0911445680167312,val,USDPHP_RET,-0.0011695520053387587,-0.09231412002206996
2024-07-17,-0.0582857283793543,0.0439854458930131,val,USDPHP_RET,-0.006591015763462995,0.037394430129550106
2024-07-18,-0.2867763868438553,-0.0480516944033057,val,USDPHP_RET,-0.025370767868256296,-0.07342246227156199
2024-07-19,0.0704830914359622,0.1275707876837625,val,USDPHP_RET,-0.038946816709009006,0.0886239709747535
2024-07-22,0.2385836037421808,0.0629358888767093,val,USDPHP_RET,-0.017912175675022752,0.04502371320168655
2024-07-23,0.1284909550149587,-0.1206858189654175,val,USDPHP_RET,0.010351540029285717,-0.11033427893613178
2024-07-24,0.0855777075959267,-0.0179011200760506,val,USDPHP_RET,0.0070491913270834625,-0.010851928748967137
2024-07-25,0.0615656770159634,0.0733224627094307,val,USDPHP_RET,0.0074053512758762525,0.08072781398530696
2024-07-26,0.0273489124284556,0.0303179886427376,val,USDPHP_RET,-0.009707201308035845,0.020610787334701754
2024-07-29,-0.2515670564428036,0.0417375453817286,val,USDPHP_RET,-0.008111431160725909,0.033626114221002694
2024-07-30,0.4479346747659309,0.1282603080537372,val,USDPHP_RET,-0.04020278178600587,0.08805752626773133
2024-07-31,-0.1143592154752093,-0.085506670739888,val,USDPHP_RET,0.0017226817625460226,-0.08378398897734199
2024-08-01,-0.5222396260070747,-0.1118126779445101,val,USDPHP_RET,-0.012830542338322346,-0.12464322028283244
2024-08-02,-0.0721286964388547,0.1754679845605766,val,USDPHP_RET,-0.033675489720156306,0.1417924948404203
2024-08-05,-0.4770162523198017,-0.0004858031833387764,val,USDPHP_RET,-0.039317109996894826,-0.0398029131802336
2024-08-06,-0.4532897745166802,0.679397223352605,val,USDPHP_RET,-0.02423154167708111,0.6551656816755239
2024-08-07,0.0277452972922576,-0.1500865704128491,val,USDPHP_RET,0.08818978535290323,-0.061896785059945864
2024-08-08,-0.3420985863759903,-0.1069340085742032,val,USDPHP_RET,0.010331560359079605,-0.09660244821512359
2024-08-09,-0.6071826201278716,-0.0963653527594004,val,USDPHP_RET,-0.03878051438621272,-0.1351458671456131
2024-08-12,0.2359868859891238,0.1830204758242678,val,USDPHP_RET,-0.01825784492189949,0.1647626309023683
2024-08-13,-0.1205444585629918,-0.0670907999723936,val,USDPHP_RET,0.0012783878182536495,-0.06581241215413995
2024-08-14,-0.6049116197661852,-0.2129948462607889,val,USDPHP_RET,-0.017270047971048766,-0.23026489423183766
2024-08-15,-0.0158273385969716,0.0140449314634585,val,USDPHP_RET,-0.03561774791491725,-0.02157281645145875
2024-08-16,0.5315433308405091,0.0711110995247645,val,USDPHP_RET,-0.013016653191083728,0.05809444633368078
2024-08-19,-0.1242993297129954,-0.1419776222654024,val,USDPHP_RET,-0.0014230334790083655,-0.14340065574441077
2024-08-20,-0.7755419261045179,-0.1789481617201367,test,USDPHP_RET,-0.004446015578641103,-0.1833941772987778
2024-08-21,-0.6980168647276687,0.0768813813637371,test,USDPHP_RET,-0.0034239923946281104,0.07345738896910899
2024-08-22,-0.2456400087606117,0.1531914587068114,test,USDPHP_RET,0.017303673706897876,0.17049513241370925
2024-08-23,0.6483927121089205,0.1845524156181376,test,USDPHP_RET,-0.034932247915519715,0.14962016770261788
2024-08-26,-0.1080703129159385,-0.1545261669158462,test,USDPHP_RET,-0.0013125386646533107,-0.1558387055804995
2024-08-27,-0.8723603084843913,-0.0575860733168399,test,USDPHP_RET,0.00029254517608880837,-0.057293528140751095
2024-08-28,0.4745141665203106,0.2479187275690933,test,USDPHP_RET,0.024534916465734986,0.2724536440348283
2024-08-29,0.0231267824885252,-0.0248230535520465,test,USDPHP_RET,0.008536869120500268,-0.01628618443154623
2024-08-30,-0.2386998531274695,0.0405226790975032,test,USDPHP_RET,0.0005220263134463751,0.041044705410949574
2024-09-02,0.2689459833616444,0.1010984832188731,test,USDPHP_RET,-0.04011639335469887,0.060982089864174235
2024-09-03,0.418893489748446,-0.0264108714692429,test,USDPHP_RET,0.010373939555098724,-0.016036931914144174
2024-09-04,-0.0761918806801113,0.076924384056788,test,USDPHP_RET,-0.0018039013861903925,0.07512048267059761
2024-09-05,-0.0372315691888428,-0.0268957367982127,test,USDPHP_RET,-0.03214650100947424,-0.05904223780768694
2024-09-06,-0.8905888372902404,-0.1503179503497493,test,USDPHP_RET,-0.009448331963088606,-0.1597662823128379
2024-09-09,0.5032627937590031,0.2632884051634332,test,USDPHP_RET,0.012950797731312486,0.2762392028947457
2024-09-10,-0.1122119793998061,-0.1542046469115321,test,USDPHP_RET,0.007689815915164638,-0.14651483099636747
2024-09-11,-0.1658747813392249,0.0374061456925559,test,USDPHP_RET,-0.00040402037100656564,0.03700212532154934
2024-09-12,-0.1232488488497707,-0.0232263985377914,test,USDPHP_RET,-0.03684131300252639,-0.060067711540317786
2024-09-13,0.1964121839421111,-0.0877860210012059,test,USDPHP_RET,-0.025027700715430177,-0.11281372171663608
2024-09-16,-0.1070879498299987,-0.1126055100071408,test,USDPHP_RET,0.004378245845794133,-0.10822726416134666
2024-09-17,-0.5658872187886491,-0.0773605083262809,test,USDPHP_RET,-0.00658685470341411,-0.08394736302969501
2024-09-18,0.064635227215113,0.1232046004850651,test,USDPHP_RET,-0.022192980328680598,0.1010116201563845
2024-09-19,-0.1113330816789477,-0.0419328072326728,test,USDPHP_RET,-0.018172615470429622,-0.06010542270310242
2024-09-20,-0.3762136967974776,-0.1697883232745891,test,USDPHP_RET,-0.02004922762177764,-0.18983755089636672
2024-09-23,0.3258940252897719,0.0770953123438289,test,USDPHP_RET,-0.03706851433676336,0.04002679800706554
2024-09-24,0.5539153300574515,-0.1732387999468861,test,USDPHP_RET,0.007076276339160995,-0.1661625236077251
2024-09-25,-0.1144743654388963,-0.3033834172459876,test,USDPHP_RET,0.07670105915226867,-0.22668235809371895
2024-09-26,-0.2347281010505513,0.0623428183433133,test,USDPHP_RET,0.010141762013028303,0.0724845803563416
2024-09-27,-0.0430601103813511,0.0943066527449734,test,USDPHP_RET,-0.04019675495899835,0.054109897785975046
2024-09-30,0.5904965086989622,-0.0653766695197984,test,USDPHP_RET,-0.03025802488835904,-0.09563469440815744
2024-10-01,0.1942824449192679,-0.1153633443145222,test,USDPHP_RET,0.03236399535403639,-0.08299934896048582
2024-10-02,0.2063453551884649,0.0349979780801506,test,USDPHP_RET,0.002437892964269399,0.03743587104442
2024-10-03,-0.0533284653094961,0.0164904818871002,test,USDPHP_RET,0.010373460867360481,0.026863942754460683
2024-10-04,-0.02311670589096,0.1316397297969136,test,USDPHP_RET,-0.02012072619027119,0.11151900360664241
2024-10-07,0.1474942918300034,0.0597155786613637,test,USDPHP_RET,-0.03233188126905282,0.027383697392310877
2024-10-08,0.8416963802862588,0.2254503853255854,test,USDPHP_RET,0.005823765178907119,0.23127415050449251
2024-10-09,0.0704105131044361,-0.2970032846273444,test,USDPHP_RET,0.018121816298406576,-0.2788814683289378
2024-10-10,0.4266720400910849,0.0167180708297953,test,USDPHP_RET,-0.0009573793389467821,0.01576069149084852
2024-10-11,0.4579978694611853,-0.1357727714434256,test,USDPHP_RET,-0.0020025097295318667,-0.13777528117295745
2024-10-14,-0.1990231185099602,-0.1748156044570328,test,USDPHP_RET,0.012481590328295036,-0.16233401412873777
2024-10-15,0.3314876957313408,0.1648215402328778,test,USDPHP_RET,-0.01198187433668772,0.15283966589619008
2024-10-16,0.4847896026807013,-0.192747737776878,test,USDPHP_RET,0.010370531059272882,-0.18237720671760513
2024-10-17,0.1576119429477983,-0.1502573210161878,test,USDPHP_RET,0.0430221892668714,-0.1072351317493164
2024-10-18,-0.1593509907570059,0.0569792599240063,test,USDPHP_RET,0.002568381520994181,0.05954764144500048
2024-10-21,-0.3125007924123287,0.0610720188123993,test,USDPHP_RET,-0.03773273712565985,0.023339281686739446
2024-10-22,0.1997684776801295,0.1605933552225515,test,USDPHP_RET,-0.03720097158155842,0.12339238364099309
2024-10-23,0.1751207424138676,0.0113641993203424,test,USDPHP_RET,-0.0008518907371508818,0.010512308583191519
2024-10-24,0.5769273508495163,0.0454025770269776,test,USDPHP_RET,0.010354362315319445,0.05575693934229704
2024-10-25,-0.2897805994305101,-0.1054690896026655,test,USDPHP_RET,0.003013048919020529,-0.10245604068364497
2024-10-28,1.138731245073953,0.0205983488486879,test,USDPHP_RET,-0.03530318248094351,-0.01470483363225561
2024-10-29,-0.68718360337174,-0.2843592579888769,test,USDPHP_RET,0.3646399960982667,0.0802807381093898
2024-10-30,0.0103177929512578,0.2112266652132362,test,USDPHP_RET,-0.03451453802795624,0.17671212718527995
2024-10-31,0.0120349867374987,-0.0412947318881549,test,USDPHP_RET,-0.03666470484301107,-0.07795943673116597
2024-11-01,0.0824875641038064,0.164083269615449,test,USDPHP_RET,0.0013322895406221325,0.16541555915607115
2024-11-04,0.1115904271425702,-0.0705457516597733,test,USDPHP_RET,-0.022095859814508942,-0.09264161147428224
2024-11-05,0.1885671460916461,-0.0739520090315743,test,USDPHP_RET,0.010275113664173276,-0.06367689536740102
2024-11-06,-0.1233824677180752,-0.2602485434540806,test,USDPHP_RET,0.0060605536162630785,-0.25418798983781754
2024-11-07,0.778874348310879,0.1019153903997337,test,USDPHP_RET,0.009662866536873857,0.11157825693660756
2024-11-08,-1.0054760514850207,-0.1240103806666938,test,USDPHP_RET,0.04270781737626684,-0.08130256329042695
2024-11-11,0.2420312043651831,0.1712196398582779,test,USDPHP_RET,0.044244327088000114,0.215463966946278
2024-11-12,0.5010814884581942,0.0975894452837955,test,USDPHP_RET,0.0037734551162249236,0.10136290040002043
2024-11-13,0.274272626152886,0.0040552814317152,test,USDPHP_RET,-0.001933739336469518,0.002121542095245682
2024-11-14,-0.2401596153326326,0.0748984718651303,test,USDPHP_RET,0.0054689324464026546,0.08036740431153296
2024-11-15,0.2758789103312756,0.2923326966580532,test,USDPHP_RET,-0.03999333962881621,0.25233935702923704
2024-11-18,-0.3543503802704716,-0.049571454293376,test,USDPHP_RET,-0.010564410162691665,-0.06013586445606767
2024-11-19,-0.0922035567466914,-0.0889506899164866,test,USDPHP_RET,-0.04014529089808654,-0.12909598081457313
2024-11-20,0.5162557841688852,-0.0703685940321605,test,USDPHP_RET,-0.008162736968175537,-0.07853133100033605
2024-11-21,0.2342486323936026,-0.186158881839812,test,USDPHP_RET,0.01098523141327717,-0.17517365042653482
2024-11-22,-0.2019628202949712,0.1028446257565955,test,USDPHP_RET,-0.0020448024051584078,0.1007998233514371
2024-11-25,-0.0883781042578844,0.1462389656447663,test,USDPHP_RET,-0.04014500191238934,0.10609396373237695
2024-11-26,0.2225043850373652,-0.2174920518454912,test,USDPHP_RET,-0.038754041283165196,-0.25624609312865637
2024-11-27,0.0050869101193696,0.0718926759136826,test,USDPHP_RET,-0.0018954831616966935,0.06999719275198592
2024-11-28,-0.4693423874421119,-0.1808482298389982,test,USDPHP_RET,-0.019604335041640056,-0.20045256488063826
2024-11-29,-0.0153398124779361,0.107877603237039,test,USDPHP_RET,-0.040192469210391345,0.06768513402664766
2024-12-02,-0.1740397493131388,-0.0344922472915904,test,USDPHP_RET,-0.028397060113113246,-0.06288930740470365
2024-12-03,0.0716989643352913,0.092116896588529,test,USDPHP_RET,-0.03053113663692786,0.061585759951601135
2024-12-04,-0.4858288332290972,-0.0475788759876141,test,USDPHP_RET,-0.011288981896019325,-0.058867857883633426
2024-12-05,-0.2506781845228163,0.1311761303140525,test,USDPHP_RET,-0.030136935778610763,0.10103919453544175
2024-12-06,-0.8823522822580384,0.0153049728832783,test,USDPHP_RET,-0.03652871117535457,-0.021223738292076272
2024-12-09,0.3583718380967556,0.1910011628236671,test,USDPHP_RET,0.050488431126231956,0.24148959394989905
2024-12-10,0.3278102028997451,0.0060477183632164,test,USDPHP_RET,0.01037278200970567,0.016420500372922073
2024-12-11,-0.0051713794843869,-0.101204003897474,test,USDPHP_RET,0.0015788999846472818,-0.09962510391282672
2024-12-12,0.5719850238631755,0.100905792613452,test,USDPHP_RET,0.006694856053075711,0.10760064866652772
2024-12-13,-0.1937286232118216,-0.1237290750660602,test,USDPHP_RET,-0.0010472181757767067,-0.12477629324183691
2024-12-16,0.4793523958132283,0.0900991908411833,test,USDPHP_RET,-0.020151542597424844,0.06994764824375846
2024-12-17,0.0819454038639186,-0.1281560485593123,test,USDPHP_RET,-0.001667427998630243,-0.12982347655794255
2024-12-18,0.5361072161027085,0.0944906575916472,test,USDPHP_RET,0.0094019933319783,0.1038926509236255
2024-12-19,0.7794352361648517,0.4319107429043634,test,USDPHP_RET,-0.0018698390231547599,0.43004090388120864
2024-12-20,-0.9170182205430308,-0.1028657070414538,test,USDPHP_RET,-1.1028614407742333e-05,-0.10287673565586154
2024-12-23,-0.176925112127003,0.2277665177391573,test,USDPHP_RET,0.024398480098156664,0.25216499783731394
2024-12-24,-0.4727664360051928,-0.106160240649612,test,USDPHP_RET,-0.03431374401651462,-0.14047398466612662
2024-12-25,-2.3383834218589623,0.1094361179873968,test,USDPHP_RET,-0.03771228690984719,0.07172383107754962
2024-12-26,1.5603847385008194,0.7644662802178039,test,USDPHP_RET,1.2361386492389432,2.000604929456747
2024-12-27,-0.0551902190022609,-0.5187389775647722,test,USDPHP_RET,0.14610784982356195,-0.3726311277412102
2024-12-30,-0.1035547727566529,0.0050604763940129,test,USDPHP_RET,-0.0013223495257967109,0.003738126868216189
2024-12-31,0.2104536537961489,0.071150204201502,test,USDPHP_RET,-0.026320155226425168,0.044830048975076836
2025-01-01,0.0,0.0118201403424996,test,USDPHP_RET,0.009766764251726049,0.02158690459422565
2025-01-02,-1.4126524549616364,-0.0091796189243686,test,USDPHP_RET,-0.00971874907942908,-0.01889836800379768
2025-01-03,1.4798390226993907,0.6960373177988999,test,USDPHP_RET,-0.15536230661220832,0.5406750111866916
2025-01-06,0.1342313054451887,-0.3824350120287063,test,USDPHP_RET,0.13208939298039984,-0.25034561904830643
2025-01-07,-0.3790710906631644,-0.1998323799488983,test,USDPHP_RET,0.0016679108308867278,-0.19816446911801158
2025-01-08,0.2741080755465921,0.1348844335097477,test,USDPHP_RET,-0.03484302154209452,0.10004141196765318
2025-01-09,0.9697036651802302,0.0374505362035061,test,USDPHP_RET,0.009763494075917504,0.047214030279423606
2025-01-10,-0.756453684362163,-0.251229377561029,test,USDPHP_RET,0.320733192866485,0.06950381530545602
2025-01-13,0.7683877219913325,0.2194784648821151,test,USDPHP_RET,-0.01925828625477569,0.2002201786273394
2025-01-14,-0.1654996010187902,-0.0590662304309614,test,USDPHP_RET,0.004957007413203015,-0.05410922301775839
2025-01-15,-0.0239090410017388,-0.1007721196491041,test,USDPHP_RET,-0.025996757210489985,-0.1267688768595941
2025-01-16,-0.4039027565283172,-0.1692482642167486,test,USDPHP_RET,0.004543142650683014,-0.1647051215660656
2025-01-17,0.3338495887340785,0.153379320372951,test,USDPHP_RET,-0.038755858344706524,0.11462346202824447
2025-01-20,-0.2104544323375507,-0.0854080250974002,test,USDPHP_RET,0.010299620013237263,-0.07510840508416293
2025-01-21,-0.4015955148959018,0.0781595228931049,test,USDPHP_RET,-0.02864617335328254,0.049513349539822366
2025-01-22,0.3433427377044936,-0.3041175676866689,test,USDPHP_RET,-0.023690585037473188,-0.3278081527241421
2025-01-23,-0.0514250114490188,0.001230961761341,test,USDPHP_RET,0.028810620115335073,0.030041581876676073
2025-01-24,0.0068612485831539,-0.0187409380699063,test,USDPHP_RET,-0.017128491193515526,-0.03586942926342183
2025-01-27,-0.2729879944547516,-0.0198203028904401,test,USDPHP_RET,-0.0030883852001326955,-0.022908688090572796
2025-01-28,0.4049214688019253,0.1979930538140125,test,USDPHP_RET,-0.039517271485745784,0.1584757823282667
2025-01-29,-0.6907251207314509,-0.0714314714179861,test,USDPHP_RET,0.009541485883259074,-0.06188998553472703
2025-01-30,0.7318088876869472,0.2824082078272362,test,USDPHP_RET,-0.00010930936103119677,0.282298898466205
2025-01-31,-0.1627295209631429,-0.1261548598588397,test,USDPHP_RET,-0.0017183258775769618,-0.12787318573641665
2025-02-03,0.1387644088275511,0.0785282039066637,test,USDPHP_RET,-0.014236953438554469,0.06429125046810923
2025-02-04,0.254767685893968,0.3885190668605652,test,USDPHP_RET,0.002333345903297896,0.3908524127638631
2025-02-05,-1.0471310152824926,-0.6041990923157572,test,USDPHP_RET,-0.029797105118059254,-0.6339961974338164
2025-02-06,-0.4063475240546309,-0.0067757094669419,test,USDPHP_RET,-0.02947369254543722,-0.03624940201237912
2025-02-07,0.3459326481738138,-0.1005980768480519,test,USDPHP_RET,-0.034856001114860986,-0.1354540779629129
2025-02-10,-1.0920180675072708,-0.1181323029862922,test,USDPHP_RET,-0.0017796438784096083,-0.1199119468647018
2025-02-11,0.9278477792810658,0.5481589610711151,test,USDPHP_RET,0.08330576518688149,0.6314647262579965
2025-02-12,0.3539247147254001,-0.3801717273139074,test,USDPHP_RET,-0.0014006919139366452,-0.3815724192278441
2025-02-13,-0.2847668360668163,-0.2081135983945781,test,USDPHP_RET,0.08252093254909332,-0.12559266584548479
2025-02-14,-0.095102769006828,-0.1060897287633997,test,USDPHP_RET,-0.021275707083287312,-0.12736543584668703
2025-02-17,-0.3639502833614203,-0.0864458618456813,test,USDPHP_RET,-0.005616536639883924,-0.09206239848556523
2025-02-18,0.4071924259767441,0.1514876492533711,test,USDPHP_RET,-0.04009426459771495,0.11139338465565615
2025-02-19,0.5690126768836369,-0.0801156094609193,test,USDPHP_RET,0.006572752488447723,-0.07354285697247157
2025-02-20,-0.0773995624187788,-0.2339775423652067,test,USDPHP_RET,0.029490591748136546,-0.20448695061707017
2025-02-21,-0.5867652406331512,-0.0597351517318935,test,USDPHP_RET,0.010266448257353853,-0.049468703474539646
2025-02-24,-0.2270000124357928,0.0816239461300798,test,USDPHP_RET,-0.015334493296222966,0.06628945283385683
2025-02-25,0.4189404108861937,0.1342947595534453,test,USDPHP_RET,-0.04009971037743152,0.09419504917601379
2025-02-26,-0.2092541186792247,-0.0636748417561758,test,USDPHP_RET,0.004343300880092143,-0.05933154087608365
2025-02-27,0.0432720803132707,-0.0436610015373634,test,USDPHP_RET,-0.03126716078770133,-0.07492816232506473
2025-02-28,0.319609064999244,0.2071488283570235,test,USDPHP_RET,0.0057296955302923065,0.21287852388731582
2025-03-03,-0.2331276333380737,0.0221271788123629,test,USDPHP_RET,0.008163945310209421,0.030291124122572323
2025-03-04,-0.2804737838160372,0.0470626092318527,test,USDPHP_RET,-0.03958579633441067,0.00747681289744203
2025-03-05,-0.1162319899821931,-0.1322577938656435,test,USDPHP_RET,-0.03967755441034286,-0.1719353482759864
2025-03-06,-0.5866784559691857,-0.1646940780255215,test,USDPHP_RET,-0.004733205662173116,-0.1694272836876946
2025-03-07,-0.1537610598717438,-0.1650670701044669,test,USDPHP_RET,-0.032292555818990425,-0.19735962592345732
2025-03-10,-0.1417457105825385,0.0829186496654659,test,USDPHP_RET,-0.0055602857687946155,0.07735836389667129
2025-03-11,0.5744759029342297,0.1568765782726873,test,USDPHP_RET,-0.038231181324747704,0.1186453969479396
2025-03-12,-0.6620709280294804,-0.1906186636020133,test,USDPHP_RET,-0.002041804932274814,-0.19266046853428812
2025-03-13,0.4110384165621936,0.0852314338474849,test,USDPHP_RET,-0.02507181642395823,0.06015961742352667
2025-03-14,-0.078582068395356,-0.033852436325986,test,USDPHP_RET,0.0013060516326057275,-0.032546384693380274
2025-03-17,-0.0384375715293367,0.0750064069680752,test,USDPHP_RET,-0.015711344980431394,0.05929506198764381
2025-03-18,-0.0314568840263527,-0.1415258095540761,test,USDPHP_RET,-0.02702398955975564,-0.16854979911383172
2025-03-19,-0.0699500152098677,-0.0165255131973293,test,USDPHP_RET,0.00797264485870707,-0.008552868338622231
2025-03-20,-0.404917002281859,-0.0094843245808819,test,USDPHP_RET,-0.017264877585437276,-0.026749202166319177
2025-03-21,0.3086574377432042,0.1505477584762319,test,USDPHP_RET,-0.03527521780971701,0.11527254066651488
2025-03-24,0.3530787306565468,-0.0444647612560987,test,USDPHP_RET,0.010291003203894405,-0.034173758052204295
2025-03-25,-0.2043554028705107,-0.107600897797104,test,USDPHP_RET,-0.001841645277717816,-0.1094425430748218
2025-03-26,0.4883567458747961,0.1108344141060295,test,USDPHP_RET,-0.02452319455346764,0.08631121955256185
2025-03-27,0.4253710953695308,-0.1094163757722984,test,USDPHP_RET,-0.0013306080860505188,-0.11074698385834893
2025-03-28,-0.7652253713140537,-0.1052160282425134,test,USDPHP_RET,0.0033453708082776356,-0.10187065743423576
2025-03-31,0.1569998654537241,0.1888060800270284,test,USDPHP_RET,0.0049058508248007344,0.19371193085182914
2025-04-01,-0.4454691422364181,0.0353421197744394,test,USDPHP_RET,-0.01336934236796141,0.02197277740647799
2025-04-02,0.0437577547535108,0.0903716898258505,test,USDPHP_RET,-0.02351221380634213,0.06685947601950837
2025-04-03,-0.13134411807595,-0.1616362661332663,test,USDPHP_RET,-0.016049849478080132,-0.17768611561134642
2025-04-04,-0.2632002077130362,0.1723313004780045,test,USDPHP_RET,-0.0023017947265205206,0.17002950575148396
2025-04-07,0.6479863818876217,-0.083980081858738,test,USDPHP_RET,-0.030513511761608325,-0.11449359362034632
2025-04-08,0.0087297719137949,0.2293114691077497,test,USDPHP_RET,0.08070579660289622,0.3100172657106459
2025-04-09,0.3571864522030448,0.0375711718416482,test,USDPHP_RET,-0.037993906175872096,-0.0004227343342238926
2025-04-10,-0.8120545159226706,-0.8585292328029106,test,USDPHP_RET,0.0017267779946750844,-0.8568024548082355
2025-04-11,0.2889052878060859,-0.1121153213602875,test,USDPHP_RET,0.00029545434044372595,-0.11181986701984377
2025-04-14,0.0646678680217193,-0.256847068765997,test,USDPHP_RET,-0.0018988252649670204,-0.25874589403096404
2025-04-15,-0.3272757372240081,-0.4314452598296182,test,USDPHP_RET,0.001595844582949549,-0.42984941524666864
2025-04-16,-0.7478137130781184,0.0334958479430786,test,USDPHP_RET,0.007467544860729783,0.04096339280380838
2025-04-17,-0.1325511878091988,0.2354112875966187,test,USDPHP_RET,0.018277396126934967,0.2536886837235537
2025-04-18,0.0,-0.204952043044332,test,USDPHP_RET,-0.037616619162658495,-0.2425686622069905
2025-04-21,0.0,-0.0186295646985993,test,USDPHP_RET,0.009623549343402175,-0.009006015355197126
2025-04-22,-0.122094899302656,-0.0509429674592086,test,USDPHP_RET,-0.004281291230421358,-0.055224258689629956
2025-04-23,0.0867245210788112,-0.0438341006059731,test,USDPHP_RET,-0.020347809975435074,-0.06418191058140818
2025-04-24,-0.1504942506056852,0.178562994430975,test,USDPHP_RET,0.009355313292388201,0.1879183077233632
2025-04-25,-0.1773337496171221,-0.0315395779779274,test,USDPHP_RET,-0.03962902034609158,-0.07116859832401898
2025-04-28,-0.2843938048362036,-0.0186977988192664,test,USDPHP_RET,-0.031292855333264064,-0.04999065415253046
2025-04-29,0.2488879322978066,0.0725288428560482,test,USDPHP_RET,-0.039875296026581686,0.032653546829466515
2025-04-30,-0.614457120637214,-0.1843321314939374,test,USDPHP_RET,0.010345680786323343,-0.17398645070761407
2025-05-01,-0.3669036615285508,0.2403532145912948,test,USDPHP_RET,-0.03124331333958019,0.2091099012517146
2025-05-02,0.1934614666135265,0.1783801075393352,test,USDPHP_RET,-0.0018210198368896018,0.1765590877024456
2025-05-05,-0.4484071283752086,0.0260917965487706,test,USDPHP_RET,-0.004897918413696277,0.021193878135074323
2025-05-06,-0.1133160069335688,-0.0908861522111152,test,USDPHP_RET,-0.024569454334637,-0.11545560654575221
2025-05-07,-0.2793401797111399,-0.1914946464510496,test,USDPHP_RET,-0.011656858568337375,-0.20315150501938697
2025-05-08,0.0721647429966948,0.178214306134002,test,USDPHP_RET,-0.023113364308678688,0.1551009418253233
2025-05-09,-0.0847985847103652,0.2478313269310995,test,USDPHP_RET,-0.025939528479287256,0.22189179845181223
2025-05-12,-0.0613880727855041,0.1484628598882216,test,USDPHP_RET,-0.03950630021045019,0.10895655967777142
2025-05-13,0.5852564605981173,0.073004980343252,test,USDPHP_RET,-0.037307063989651314,0.03569791635360068
2025-05-14,0.0556426303176764,-0.1804003162173597,test,USDPHP_RET,0.0013172979773565603,-0.17908301824000314
2025-05-15,0.1255374930495479,-0.0599475250093397,test,USDPHP_RET,0.00795017028038042,-0.05199735472895928
2025-05-16,-0.2871757379720163,-0.0281802518384334,test,USDPHP_RET,0.010215861830966878,-0.01796439000746652
2025-05-19,0.2853844311021734,0.0119472417851059,test,USDPHP_RET,-0.039699754721523234,-0.027752512936417333
2025-05-20,-0.0233035871757421,-0.1334954830958933,test,USDPHP_RET,0.0052187760751901255,-0.12827670702070318
2025-05-21,-0.4960151851471109,-0.0241879327047056,test,USDPHP_RET,0.007982672474516665,-0.016205260230188936
2025-05-22,-0.0180218671306976,0.1153328520416567,test,USDPHP_RET,-0.025010277438419017,0.09032257460323768
2025-05-23,0.1350574443204572,0.0442887165918782,test,USDPHP_RET,-0.029745920292632604,0.014542796299245594
2025-05-26,-0.3442992074031515,-0.0038567841378876,test,USDPHP_RET,0.006149258400905035,0.002292474263017435
2025-05-27,-0.1789332348831681,-0.0429499490044202,test,USDPHP_RET,-0.039194965403644325,-0.08214491440806453
2025-05-28,0.352128393572301,0.0388075926165671,test,USDPHP_RET,-0.030082843111308728,0.00872474950525837
2025-05-29,-0.0901699575836988,0.0147921014059489,test,USDPHP_RET,0.0021713708094983435,0.016963472215447244
2025-05-30,0.3134456181776388,0.0073848170659068,test,USDPHP_RET,-0.02577682327053417,-0.01839200620462737
2025-06-02,0.3447374701087461,-0.2727011377118351,test,USDPHP_RET,0.002702240379915869,-0.26999889733191923
2025-06-03,-0.4239046090789385,-0.1876848064960202,test,USDPHP_RET,0.018464930815973633,-0.16921987568004657
2025-06-04,0.1169303072829814,0.0841437015781586,test,USDPHP_RET,-0.038830861929214096,0.04531283964894451
2025-06-05,0.0,-0.0329783775632764,test,USDPHP_RET,-0.0018891299143718103,-0.03486750747764821
2025-06-06,-0.1259327250665433,-0.0478815182872683,test,USDPHP_RET,-0.00185757626886974,-0.049739094556138036
2025-06-09,0.1079549823689333,0.103976868307029,test,USDPHP_RET,-0.021509020475240618,0.08246784783178839
2025-06-10,-0.1205569817494662,-0.0876118537362804,test,USDPHP_RET,-0.006861851746801909,-0.09447370548308232
2025-06-11,0.4078616251975232,0.0533856103304788,test,USDPHP_RET,-0.01357684764028927,0.03980876269018953
2025-06-12,-0.028691295405624,-0.2297918250703806,test,USDPHP_RET,-0.00037238742871191656,-0.23016421249909252
2025-06-13,-2.8378979939761018,-0.1642472614438286,test,USDPHP_RET,0.00977246592826861,-0.15447479551555998
2025-06-16,4.174125501599486,0.7548169734440409,test,USDPHP_RET,2.1037217216566084,2.8585386951006493
2025-06-17,-0.2196956100805136,-1.2876573218458485,test,USDPHP_RET,0.28035454240963004,-1.0073027794362184
2025-06-18,-0.5210415908257383,0.2773958044556946,test,USDPHP_RET,0.389735489603848,0.6671312940595426
2025-06-19,1.0446728825696945,0.2027144249887762,test,USDPHP_RET,0.0212146653844124,0.2239290903731886
2025-06-20,-0.0970904982806931,-0.3697798805800156,test,USDPHP_RET,0.204400914585849,-0.1653789659941666
2025-06-23,1.033130969922481,0.0198061179365975,test,USDPHP_RET,0.005276975707461577,0.025083093644059078
2025-06-24,-0.4221541834077627,-0.2096118410248104,test,USDPHP_RET,0.38539715762664056,0.17578531660183017
2025-06-25,-1.510437294851832,-0.1910968801838434,test,USDPHP_RET,-0.03748793686892707,-0.22858481705277048
2025-06-26,0.4551775663031911,0.3545277340613395,test,USDPHP_RET,-0.11767939814105785,0.23684833592028162
2025-06-27,-0.1420167404780295,-0.3308551613895589,test,USDPHP_RET,0.007144000385526154,-0.32371116100403274
2025-06-30,0.4590599421742166,0.0322241942035102,test,USDPHP_RET,0.010143426286295696,0.0423676204898059
2025-07-01,-1.9265159088463824,-0.2001106808497121,test,USDPHP_RET,-0.0020285845452287592,-0.20213926539494084
2025-07-02,0.3527198134056973,0.478017631876899,test,USDPHP_RET,1.0414485086295027,1.5194661405064016
2025-07-03,0.7587992032911127,-0.1091290682931927,test,USDPHP_RET,-0.028680220005516784,-0.13780928829870948
2025-07-04,0.21727430290284,-0.1964558059055454,test,USDPHP_RET,0.2391819818217666,0.04272617591622119
2025-07-07,0.4366712862916094,-0.0591687798291177,test,USDPHP_RET,-0.0020276139965391534,-0.06119639382565686
2025-07-08,0.0743636019793533,-0.0510900634185384,test,USDPHP_RET,0.00018937461095021188,-0.05090068880758819
2025-07-09,-0.3990224244914554,-0.0048352661444228,test,USDPHP_RET,0.009065518860922722,0.004230252716499922
2025-07-10,0.3901705847361045,0.0553622859495172,test,USDPHP_RET,-0.03539798910308389,0.019964296846433305
2025-07-11,-0.1505674707936617,-0.0804011686629909,test,USDPHP_RET,0.000728006377235925,-0.07967316228575497
2025-07-14,0.1098497207873515,0.0360497208899022,test,USDPHP_RET,-0.020179982501678812,0.01586973838822339
2025-07-15,0.3305909858690492,0.0303239763356273,test,USDPHP_RET,0.004158693629121067,0.034482669964748365
2025-07-16,0.1340462887420601,0.0743673989890661,test,USDPHP_RET,0.003137318947889013,0.07750471793695511
2025-07-17,-1.211151690444178,0.0014466554371348,test,USDPHP_RET,0.002254273043683286,0.003700928480818086
2025-07-18,2.071104107763127,0.3970222827990055,test,USDPHP_RET,0.015743449280004467,0.41276573207900996
2025-07-21,-0.3816772397480117,-0.626520998273033,test,USDPHP_RET,0.31383670021929827,-0.3126842980537347
2025-07-22,-0.0561518426403363,-0.0211083679212345,test,USDPHP_RET,0.0073558679059892015,-0.013752500015245299
2025-07-23,-0.3516433482679555,-0.1396056131162168,test,USDPHP_RET,-0.013958713318180292,-0.1535643264343971
2025-07-24,-0.4236202179306517,-0.0566112878803906,test,USDPHP_RET,-0.03745446434577871,-0.09406575222616931
2025-07-25,0.3971910032335076,0.1582026934212227,test,USDPHP_RET,-0.037684074650530926,0.12051861877069178
2025-07-28,0.639253048635236,-0.0991545959402387,test,USDPHP_RET,0.007755933519622945,-0.09139866242061576
2025-07-29,-0.2348509908036481,0.0536458150674065,test,USDPHP_RET,0.086274805397456,0.1399206204648625
2025-07-30,0.4202385123483834,0.2158439031243471,test,USDPHP_RET,-0.04019248040755435,0.17565142271679274
2025-07-31,0.0611377768964826,0.0592638634864968,test,USDPHP_RET,0.009646011122608072,0.06890987460910487
2025-08-01,1.5680120253713798,0.2227567050910349,test,USDPHP_RET,-0.007238926179380652,0.21551777891165425
2025-08-04,-0.7939273586423916,-0.5036273227648523,test,USDPHP_RET,0.17106609030091238,-0.33256123246394
2025-08-05,-0.6536643261208676,-0.0426879216355033,test,USDPHP_RET,-0.04019869626695808,-0.08288661790246138
2025-08-06,0.2908519805872293,0.2596412999156018,test,USDPHP_RET,-0.0012807960611228505,0.25836050385447895
2025-08-07,-0.3519161570053987,-0.2541456760189485,test,USDPHP_RET,-0.0021493622310595874,-0.2562950382500081
2025-08-08,-0.3444004671798018,0.1074648592177607,test,USDPHP_RET,-0.02468078747291659,0.0827840717448441
2025-08-11,-0.4071220624402152,0.0591533787155792,test,USDPHP_RET,-0.0281588174341544,0.0309945612814248
2025-08-12,0.245871906486047,0.3172281864416726,test,USDPHP_RET,-0.025912621562927618,0.291315564878745
2025-08-13,-0.254659444876811,-0.2181741345527999,test,USDPHP_RET,-0.02038254662361013,-0.23855668117641005
2025-08-14,-0.407057551991599,-0.0483886844741339,test,USDPHP_RET,-0.01422072738203204,-0.06260941185616595
2025-08-15,0.7599034251284863,0.1755326087018173,test,USDPHP_RET,-0.03823471742060527,0.13729789128121203
2025-08-18,-0.0262944247673975,-0.1927344565409782,test,USDPHP_RET,0.01053991688474817,-0.18219453965623003
2025-08-19,-0.1333033286600265,0.0190879274943219,test,USDPHP_RET,0.010369671597783405,0.029457599092105304
2025-08-20,0.3066868590166929,0.1003961913259551,test,USDPHP_RET,-0.03206387422401309,0.06833231710194201
2025-08-21,-0.0927838925248342,-0.1300545847869661,test,USDPHP_RET,0.009568377127356411,-0.1204862076596097
2025-08-22,0.1679949132832068,0.1665615481577285,test,USDPHP_RET,-0.001158018892553792,0.1654035292651747
2025-08-25,-1.3324259796875713,-0.007805268264404,test,USDPHP_RET,-0.007318037635283875,-0.015123305899687876
2025-08-26,0.4225915580864154,0.4754846443158894,test,USDPHP_RET,-0.1230250652835896,0.3524595790322998
2025-08-27,0.4577107450963758,0.0084671176977411,test,USDPHP_RET,-0.017170591107864824,-0.008703473410123723
2025-08-28,-0.5671667895734942,-0.2741422920317963,test,USDPHP_RET,-0.001721846406666682,-0.27586413843846297
2025-08-29,0.5495976060102186,0.1016010792838083,test,USDPHP_RET,-0.040202733424104097,0.0613983458597042
2025-09-01,0.3699820079155549,-0.2073445055468967,test,USDPHP_RET,-0.0017491232944175216,-0.20909362884131422
2025-09-02,-2.0922381820022267,-0.0330983208347692,test,USDPHP_RET,0.00922527475775024,-0.02387304607701896
2025-09-03,2.274094720516997,0.8262402342131052,test,USDPHP_RET,1.1710870261428064,1.9973272603559116
2025-09-04,0.0366807417993476,-0.6559980210492868,test,USDPHP_RET,0.19592989186010426,-0.4600681291891826
2025-09-05,-0.7115632404299816,-0.0644730309476111,test,USDPHP_RET,0.0518690806159675,-0.012603950331643604
2025-09-08,-0.2959246630294834,0.2421676877834732,test,USDPHP_RET,0.00343816749514281,0.245605855278616
2025-09-09,-0.0070593939684235,0.0080525322547405,test,USDPHP_RET,-0.01333941321664326,-0.00528688096190276
2025-09-10,0.6120630154234464,-0.0118370432894616,test,USDPHP_RET,-0.010319325770129058,-0.02215636905959066
2025-09-11,0.0560967216050381,-0.1754926181620369,test,USDPHP_RET,0.020408127922027567,-0.15508449024000934
2025-09-12,0.0980885966938393,-0.100376244194331,test,USDPHP_RET,0.00823400430236328,-0.09214223989196772
2025-09-15,0.1364623121981001,-0.0421002881506999,test,USDPHP_RET,0.009865728995389364,-0.03223455915531053
2025-09-16,-0.2135219131314569,-0.0445512815548651,test,USDPHP_RET,0.010323564150518879,-0.03422771740434623
2025-09-17,-0.7033022851238371,-0.1334719099122291,test,USDPHP_RET,-0.0338483627235012,-0.1673202726357303
2025-09-18,0.132247342957725,0.1262644097598826,test,USDPHP_RET,-0.007766444774454732,0.11849796498542786
2025-09-19,0.7950672729975723,0.0100460044630118,test,USDPHP_RET,-0.006503876630396182,0.003542127832615618
2025-09-22,-0.1276937658893485,-0.1874415095532107,test,USDPHP_RET,0.13346934409394165,-0.053972165459269056
2025-09-23,-0.5001104377285378,0.0942316972375423,test,USDPHP_RET,0.0022640587631515973,0.09649575600069389
2025-09-24,0.6907169455494405,0.1349380551899034,test,USDPHP_RET,-0.003772437996177647,0.13116561719372574
2025-09-25,0.7449626473759715,-0.0818450744925428,test,USDPHP_RET,0.005852898731953565,-0.07599217576058924
2025-09-26,0.6430140625051303,-0.0038419885308476,test,USDPHP_RET,0.18452429516275484,0.18068230663190724
2025-09-29,0.1790296545529537,-0.0999606113547902,test,USDPHP_RET,0.028567223331978014,-0.07139338802281218
2025-09-30,-0.1325192941857858,-0.0993625815776041,test,USDPHP_RET,0.004785350450094521,-0.09457723112750957
2025-10-01,0.2992105494972304,0.0596386717906113,test,USDPHP_RET,-0.013615379759025388,0.046023292031585915
2025-10-02,-0.1529340193329648,-0.1987319470350653,test,USDPHP_RET,0.007716868835046095,-0.1910150782000192
2025-10-03,-0.2944976916618836,0.0351577873104236,test,USDPHP_RET,0.00019088891656665743,0.035348676226990255
2025-10-06,-0.1259814403275702,0.1029429423664601,test,USDPHP_RET,-0.03960932403599302,0.06333361833046708
2025-10-07,0.5734131513224182,0.2041203195854415,test,USDPHP_RET,-0.03846463207090377,0.16565568751453774
2025-10-08,-0.395705216437987,-0.1308132672260475,test,USDPHP_RET,-0.0010324481940277186,-0.13184571542007523
2025-10-09,0.0103434039800631,0.1604094452316753,test,USDPHP_RET,-0.03985617790691084,0.12055326732476446
2025-10-10,0.7196234302613297,0.1848844673030959,test,USDPHP_RET,-0.03179605789462734,0.15308840940846857
2025-10-13,-0.3188114539331639,-0.1663526892605257,test,USDPHP_RET,0.003340325906133304,-0.1630123633543924
2025-10-14,-0.2819495143377826,0.0677376477452645,test,USDPHP_RET,-0.032071585601776656,0.035666062143487845
2025-10-15,0.0086095427607851,0.1266406306601518,test,USDPHP_RET,-0.0387492603080113,0.08789137035214051
2025-10-16,-0.1464302489628488,-0.1786185320098993,test,USDPHP_RET,-0.02767714172020839,-0.20629567373010768
2025-10-17,0.0758245645058232,0.1203025625901081,test,USDPHP_RET,-0.001987735766688591,0.11831482682341951
2025-10-20,0.106749794468612,-0.0753341131310209,test,USDPHP_RET,-0.015666071472844226,-0.09100018460386512
2025-10-21,0.089440705010626,-0.0663026758056052,test,USDPHP_RET,0.010275933161463502,-0.056026742644141696
2025-10-22,-0.0051552179737219,-0.0069943926730986,test,USDPHP_RET,0.010251733240966262,0.003257340567867662
2025-10-23,0.3604210314979119,0.1346921636996683,test,USDPHP_RET,-0.007245162373441391,0.1274470013262269
2025-10-24,0.4103299985461577,-0.2124612041099708,test,USDPHP_RET,0.008587653024811582,-0.20387355108515923
2025-10-27,0.0767461243988925,-0.1168059660516424,test,USDPHP_RET,0.02006434727657161,-0.09674161877507079
2025-10-28,-0.9713678528070644,-0.0484005427609774,test,USDPHP_RET,0.010020084057618317,-0.03838045870335908
2025-10-29,-0.3673611211636452,0.28449942697736,test,USDPHP_RET,0.06108400990046355,0.34558343687782356
2025-10-30,-1.6884759782990997,0.1926432054490315,test,USDPHP_RET,0.003992424825518587,0.19663563027455008
2025-10-31,3.3693012895639765,0.6063783800348083,test,USDPHP_RET,1.4919397509429317,2.09831813097774
2025-11-03,-0.610118111915851,-1.0535928149236116,test,USDPHP_RET,-0.21235635513669096,-1.2659491700603025
2025-11-04,0.1486091092896419,0.2894621128739172,test,USDPHP_RET,-0.0018379297188535493,0.28762418315506366
2025-11-05,0.0034184208676524,-0.0084880685173195,test,USDPHP_RET,-0.030692859430452593,-0.039180927947772094
2025-11-06,0.1943906401781858,0.1404644210141315,test,USDPHP_RET,-0.005454529530620102,0.13500989148351142
2025-11-07,0.2195193897626475,-0.1276608226530302,test,USDPHP_RET,0.001420525744312627,-0.12624029690871758
2025-11-10,-0.6086858072981087,-0.0886100331011278,test,USDPHP_RET,7.681731736620882e-06,-0.08860235136939118
2025-11-11,0.6766502968655368,0.1424547019551745,test,USDPHP_RET,-0.01659080193335951,0.125863900021815
2025-11-12,0.0373624087660978,-0.2233716132786277,test,USDPHP_RET,0.0032840319726696768,-0.220087581305958
2025-11-13,0.3914809199436038,-0.0770502824706893,test,USDPHP_RET,0.006195966204660117,-0.07085431626602919
2025-11-14,-0.4628230405629942,-0.0915579213799331,test,USDPHP_RET,-0.001145391531889861,-0.09270331291182296
2025-11-17,0.1103934927092814,0.1369241120188263,test,USDPHP_RET,-0.037375825387825974,0.09954828663100032
2025-11-18,-0.0084889761694956,-0.0320062799077244,test,USDPHP_RET,-0.012406466622709394,-0.0444127465304338
2025-11-19,-0.2719699919141109,0.1361334200496046,test,USDPHP_RET,-0.0034422787095846497,0.13269114134001994
2025-11-20,0.1955562019724581,0.1216720386763133,test,USDPHP_RET,-0.03393795876674301,0.08773407990957029
2025-11-21,0.093384547347265,0.0325575207225107,test,USDPHP_RET,0.004169399013395706,0.0367269197359064
2025-11-24,-0.588962599570034,-0.0099662933241352,test,USDPHP_RET,0.002416836543420904,-0.0075494567807142966
2025-11-25,0.5499210171343597,0.046172258579702,test,USDPHP_RET,-0.006232767511269867,0.039939491068432136
2025-11-26,-0.2158616279479248,-0.3319760989140699,test,USDPHP_RET,0.0006997311039897893,-0.3312763678100801
2025-11-27,-0.0136123269859988,-0.0326993944252592,test,USDPHP_RET,0.008441137044704075,-0.024258257380555127
2025-11-28,-0.2590064241653168,-0.0584139369480131,test,USDPHP_RET,-0.004202229243882069,-0.06261616619189517
2025-12-01,-0.2032425348999292,0.0845423901433348,test,USDPHP_RET,-0.03664080958027326,0.047901580563061534
2025-12-02,-0.0547267994036298,0.0346226682689335,test,USDPHP_RET,-0.040189252570663844,-0.0055665843017303415
2025-12-03,-0.1266668779656773,0.0119824529812365,test,USDPHP_RET,-0.023354790915497664,-0.011372337934261165
2025-12-04,0.810277439545002,-0.035311198893691,test,USDPHP_RET,-0.030419100155854424,-0.06573029904954542
2025-12-05,0.3493741616070874,-0.2613724800159288,test,USDPHP_RET,0.20922783579805307,-0.05214464421787571
2025-12-08,-0.3408779746951921,-0.0884390677257428,test,USDPHP_RET,0.01659989184363044,-0.07183917588211236
2025-12-09,0.4102619338769258,0.1701827964613803,test,USDPHP_RET,-0.03949251243284243,0.13069028402853786
2025-12-10,0.3428614622332631,-0.0972275487753165,test,USDPHP_RET,0.007682761322326045,-0.08954478745299045
2025-12-11,-0.6003476917944751,-0.2154302806571865,test,USDPHP_RET,-0.0018940724922538181,-0.21732435314944032
2025-12-12,-0.2887754363139905,-0.1006169992345447,test,USDPHP_RET,-0.036262322268181775,-0.13687932150272647
2025-12-15,0.5005770931969464,0.0990860895915385,test,USDPHP_RET,-0.03563838368459047,0.06344770590694804
2025-12-16,-0.612910432358586,-0.1776907510746721,test,USDPHP_RET,-0.0019058374885173844,-0.1795965885631895
2025-12-17,-0.4762820949057162,0.1697024074117744,test,USDPHP_RET,-0.030556300637071022,0.13914610677470338
2025-12-18,0.3314150466468188,0.2054516222620807,test,USDPHP_RET,0.003307537963481846,0.20875916022556254
2025-12-19,-0.0921341192882792,-0.0637277085847909,test,USDPHP_RET,0.009096097909031252,-0.054631610675759654
2025-12-22,-0.1435024475532274,0.002333314817587,test,USDPHP_RET,-0.012749090547499462,-0.010415775729912462
2025-12-23,0.4792281007895394,-0.0832480698684826,test,USDPHP_RET,-0.03129782404797676,-0.11454589391645936
2025-12-24,-0.0663770011969523,-0.3146232216819165,test,USDPHP_RET,0.0068048766298422405,-0.3078183450520742
2025-12-25,0.0,-0.0358869379052918,test,USDPHP_RET,0.007115749413580444,-0.028771188491711355
2025-12-26,0.0646765755648058,-0.0050411447893798,test,USDPHP_RET,-0.0013821177821094104,-0.006423262571489211
2025-12-29,-0.3254949440178439,-0.0217117027536728,test,USDPHP_RET,0.0036299882137321915,-0.01808171453994061
2025-12-30,0.4275212067245443,0.1119674608189426,test,USDPHP_RET,-0.04015492173889135,0.07181253908005125
2025-12-31,0.0713590903161799,-0.0296262333951171,test,USDPHP_RET,0.002011847110983599,-0.027614386284133503
2026-01-01,0.0,0.0197249939661875,test,USDPHP_RET,0.007175547513767877,0.026900541479955378
2026-01-02,0.0458477511638756,-0.0017002807361351,test,USDPHP_RET,-0.011162288290715708,-0.012862569026850807
2026-01-05,-0.3809965424268949,0.0039967558679001,test,USDPHP_RET,0.0004604940409827734,0.004457249908882873
2026-01-06,0.7301042786399674,0.1481793231043005,test,USDPHP_RET,-0.036255601109090485,0.11192372199521
2026-01-07,0.2854927058711388,-0.355065377148182,test,USDPHP_RET,0.010070406398833182,-0.3449949707493488
2026-01-08,0.0505988609421544,-0.0594848836258087,test,USDPHP_RET,0.02612143198389667,-0.033363451641912026
2026-01-09,-0.3327100175781512,0.0027506681277296,test,USDPHP_RET,0.007973854367301244,0.010724522495030843
2026-01-12,0.0760997807564066,0.1765280214686553,test,USDPHP_RET,-0.0394003374864013,0.137127683982254
2026-01-13,-0.0557999824780354,-0.0487405264099561,test,USDPHP_RET,-0.025089857246056422,-0.07383038365601252
2026-01-14,0.4657230871799106,0.0722192996587446,test,USDPHP_RET,-0.008852542874321025,0.06336675678442358
2026-01-15,0.1530781792874676,-0.0631190326260185,test,USDPHP_RET,-0.0017634061063235313,-0.06488243873234203
2026-01-16,-0.1968597121965581,-0.1081216805012241,test,USDPHP_RET,0.00910845742388303,-0.09901322307734108
2026-01-19,-0.0758151222047818,0.0949811653161825,test,USDPHP_RET,-0.023256801123870113,0.07172436419231239
2026-01-20,0.0252780945314397,0.0109404677365791,test,USDPHP_RET,-0.03403140020438384,-0.02309093246780474
2026-01-21,0.0,0.0135552021962827,test,USDPHP_RET,-0.0050279122417965835,0.008527289954486117
2026-01-22,-0.3375828340686692,-0.0864403542264848,test,USDPHP_RET,-0.010035174791298711,-0.09647552901778352
2026-01-23,-0.1980158204189066,-0.0375099982244717,test,USDPHP_RET,-0.03944740683250863,-0.07695740505698033
2026-01-26,-0.1288357762848577,-0.0699654925929966,test,USDPHP_RET,-0.03296475246756883,-0.10293024506056543
2026-01-27,0.1576286271724223,-0.1836929579504977,test,USDPHP_RET,-0.01822540634042979,-0.2019183642909275
2026-01-28,-0.5860094210756137,-0.2003839226579548,test,USDPHP_RET,0.0003373998868512766,-0.20004652277110352
2026-01-29,-0.0340781355856701,0.0247207937579735,test,USDPHP_RET,-0.03619938041784178,-0.011478586659868277
2026-01-30,0.2297942587612489,0.0720445770392408,test,USDPHP_RET,-0.01821289126933717,0.05383168576990363
2026-02-02,-0.4242545335221637,-0.0639281553739118,test,USDPHP_RET,0.010285516641998265,-0.053642638731913536
2026-02-03,0.5381084988913015,0.3877763476653559,test,USDPHP_RET,-0.038130891937685436,0.3496454557276705
2026-02-04,0.0814863311674125,-0.2155562213383743,test,USDPHP_RET,0.010133300812439747,-0.20542292052593455
2026-02-05,0.0186671645119195,0.0260395265257309,test,USDPHP_RET,0.00338300159325629,0.02942252811898719
2026-02-06,-0.3841742257722725,0.1865675732996184,test,USDPHP_RET,-0.008909368254338489,0.1776582050452799
2026-02-09,-0.9136396655590242,0.1673950581681992,test,USDPHP_RET,-0.007612028756649572,0.15978302941154962
2026-02-10,0.4561499902536066,-0.0451117693318303,test,USDPHP_RET,0.10565208130850172,0.06054031197667142
2026-02-11,0.0838011518610567,-0.2580603838388527,test,USDPHP_RET,0.0005327921975508606,-0.25752759164130185
2026-02-12,-0.3785137075461014,-0.0200280688343092,test,USDPHP_RET,0.00030613338297791446,-0.019721935451331288
2026-02-13,-0.6196776913498206,0.2035557552239275,test,USDPHP_RET,-0.03824602446638978,0.16530973075753772
2026-02-16,-0.3251411901233698,0.2369761364451323,test,USDPHP_RET,0.026474447316726234,0.26345058376185854
2026-02-17,0.2906010679830684,0.0897965991442204,test,USDPHP_RET,-0.009088449361089195,0.0807081497831312
2026-02-18,-0.3200580112428104,-0.056645202272983,test,USDPHP_RET,0.009783297225280414,-0.04686190504770259
2026-02-19,0.3977515780654082,0.1433478827012406,test,USDPHP_RET,-0.03981961838349481,0.10352826431774578
2026-02-20,0.112126350230896,-0.0019185378285858,test,USDPHP_RET,0.006668946047906132,0.004750408219320332
2026-02-23,-0.1932726087531942,-0.0208883685312878,test,USDPHP_RET,0.008286403717521143,-0.012601964813766657
2026-02-24,-0.5334404831872147,0.012314161334255,test,USDPHP_RET,-0.034188429810599,-0.021874268476343998
2026-02-25,0.1110769114674085,0.1591390187957775,test,USDPHP_RET,-0.011967069932581963,0.14717194886319554
2026-02-26,-0.2118460100504116,-0.1095006326031013,test,USDPHP_RET,-0.016309358592459144,-0.12580999119556044
2026-02-27,0.057349564126467,0.0590658447924431,test,USDPHP_RET,-0.02538203076124624,0.03368381403119686
2026-03-02,0.1284745864887767,0.0481876500227016,test,USDPHP_RET,-0.007885163191087249,0.04030248683161435
2026-03-03,1.0184972354815054,0.3107419920596999,test,USDPHP_RET,0.004960089017864857,0.31570208107756476
2026-03-04,0.1132943666584519,-0.1619513187526855,test,USDPHP_RET,0.06190515749144742,-0.10004616126123808
2026-03-05,0.13714731527745,-0.0853901463610532,test,USDPHP_RET,0.005077824161584674,-0.08031232219946853
2026-03-06,0.6812481215295232,0.0612783737561104,test,USDPHP_RET,0.008769914368045272,0.07004828812415567
2026-03-09,0.4261855138920486,-0.1688127371440639,test,USDPHP_RET,0.01920900565447086,-0.14960373148959302
2026-03-10,0.2031126833008166,0.010292358483823,test,USDPHP_RET,0.01275202703110388,0.02304438551492688
2026-03-11,-2.006812134909955,-0.3695837013572621,test,USDPHP_RET,0.01004084846720432,-0.3595428528900578
2026-03-12,2.1841987485141363,0.6766409161523672,test,USDPHP_RET,0.577053645109024,1.2536945612613912
2026-03-13,0.3487888400267836,-0.4115454427957514,test,USDPHP_RET,0.2369429412194338,-0.1746025015763176
2026-03-16,-2.2143353435121123,-0.0859765798596976,test,USDPHP_RET,0.10700456945373876,0.02102798959404116
2026-03-17,2.5635871323910746,0.4982912391517748,test,USDPHP_RET,0.9470765974923723,1.4453678366441471
2026-03-18,-0.7064758796044622,-1.0931605413896073,test,USDPHP_RET,0.42560047625155756,-0.6675600651380498
2026-03-19,0.8722770455480912,0.5176609177359011,test,USDPHP_RET,-0.001602673330038534,0.5160582444058626
2026-03-20,-0.3923370181235022,-0.2875343801759642,test,USDPHP_RET,-0.00037934256687050167,-0.2879137227428347
2026-03-23,-0.1260782037092249,-0.0579129380978317,test,USDPHP_RET,-0.025752903675843746,-0.08366584177367545
2026-03-24,0.1445523844602089,0.1124557415583651,test,USDPHP_RET,-0.01983784147932775,0.09261790007903735
2026-03-25,0.8046667134430967,-0.0824424541540394,test,USDPHP_RET,-0.002002859616058326,-0.08444531377009773
2026-03-26,-0.0349960574998552,-0.3442282814445968,test,USDPHP_RET,0.26475471626473074,-0.07947356517986603
2026-03-27,0.3494170037449212,0.1787266343963813,test,USDPHP_RET,0.002468177839934049,0.18119481223631537
2026-03-30,0.5218374322648348,-0.0553165862238178,test,USDPHP_RET,0.010374748720098699,-0.0449418375037191
2026-03-31,0.3134465895268786,0.0173985390911571,test,USDPHP_RET,0.009194502144600263,0.026593041235757363
2026-04-01,-0.2259096860068986,-0.3886593174309606,test,USDPHP_RET,0.0034592097400547137,-0.3852001076909059
2026-04-02,-0.6691920968514761,-0.1321546972933174,test,USDPHP_RET,0.010346172639836648,-0.12180852465348077
2026-04-03,0.0398824828518887,0.1143394856513422,test,USDPHP_RET,-0.013529147755052321,0.10081033789628988
2023-01-04,-0.0043232637644156,0.0941085984424111,val,CNYPHP_RET,0.01068787049638178,0.10479646893879288
2023-01-05,0.6580827255018671,-0.1551622070999013,val,CNYPHP_RET,-0.025375377219706112,-0.18053758431960742
2023-01-06,-0.1371589475059001,-0.0820556832651454,val,CNYPHP_RET,0.10166807465495506,0.019612391389809664
2023-01-09,-0.0750690383841289,0.1217411494957418,val,CNYPHP_RET,-0.01179428767608751,0.1099468618196543
2023-01-10,-0.4976745396508298,0.0340935999280544,val,CNYPHP_RET,-0.05543344513023096,-0.021339845202176563
2023-01-11,-0.0396503656977392,0.4507222198238408,val,CNYPHP_RET,-0.04149922494210931,0.4092229948817315
2023-01-12,0.6524943663695253,0.0299354280634374,val,CNYPHP_RET,-0.044319398335364316,-0.014383970271926914
2023-01-13,0.4619893266731556,-0.373105302223823,val,CNYPHP_RET,0.028124208273013873,-0.3449810939508091
2023-01-16,0.1806896988194959,-0.0499109207842376,val,CNYPHP_RET,0.11561671776294258,0.06570579697870498
2023-01-17,-0.9140821275223184,0.0718521158706921,val,CNYPHP_RET,0.011534452541844053,0.08338656841253615
2023-01-18,-0.4535631688575696,0.1961746138155914,val,CNYPHP_RET,0.015725814430760217,0.2119004282463516
2023-01-19,0.3742750233059106,-0.0682606225471503,val,CNYPHP_RET,-0.03870645406935715,-0.10696707661650745
2023-01-20,-0.3037788590078802,0.0067657600719076,val,CNYPHP_RET,0.029243322524589895,0.036009082596497495
2023-01-23,-0.5876324300803779,-0.0350134267914985,val,CNYPHP_RET,-0.06653890753955591,-0.1015523343310544
2023-01-24,-0.3093902999667955,0.1225839875659091,val,CNYPHP_RET,-0.04075751194741747,0.08182647561849163
2023-01-25,0.6810494051505441,0.0539673991050294,val,CNYPHP_RET,-0.05147234434655172,0.00249505475847768
2023-01-26,-0.1834301354178658,-0.2377986498355787,val,CNYPHP_RET,0.02850155275659769,-0.209297097078981
2023-01-27,-0.3705803856116902,-0.001823826902208,val,CNYPHP_RET,0.00883766679597272,0.007013839893764719
2023-01-30,0.0750410373917936,0.1082109690745104,val,CNYPHP_RET,-0.06091047240654957,0.04730049666796083
2023-01-31,0.9517433646179654,0.0907259867118475,val,CNYPHP_RET,-0.005822607648150124,0.08490337906369738
2023-02-01,-0.0767736488856493,-0.0644155658602393,val,CNYPHP_RET,0.13188740937263352,0.06747184351239421
2023-02-02,-0.803577368242977,-0.1150743620232035,val,CNYPHP_RET,-0.0009420236209733169,-0.11601638564417681
2023-02-03,-0.5017541254235645,0.3156741320599491,val,CNYPHP_RET,-0.03569553491973819,0.2799785971402109
2023-02-06,-0.9771072487126016,0.2675552046344213,val,CNYPHP_RET,-0.006664303131695974,0.2608909015027253
2023-02-07,1.969324964150476,0.3675538342619773,val,CNYPHP_RET,-0.06027800278810983,0.30727583147386744
2023-02-08,0.5328023886367687,-0.7147317079781134,val,CNYPHP_RET,0.23781445831910603,-0.47691724965900734
2023-02-09,-0.5021670940339651,-0.1753368211257582,val,CNYPHP_RET,0.07668216531348694,-0.09865465581227127
2023-02-10,-0.1215344193930238,0.2619659788800391,val,CNYPHP_RET,-0.06554034995513999,0.1964256289248991
2023-02-13,-0.8796798761785996,0.080729813985654,val,CNYPHP_RET,-0.058809941975070196,0.021919872010583805
2023-02-14,0.3232137655650333,0.1834443190788217,val,CNYPHP_RET,0.018948768357711577,0.20239308743653328
2023-02-15,0.4286616827187899,-0.2327635049401847,val,CNYPHP_RET,0.010965555149355637,-0.22179794979082906
2023-02-16,0.4538142039593605,-0.1410483193113056,val,CNYPHP_RET,0.03332854955410028,-0.10771976975720532
2023-02-17,-0.4519698620045653,-0.135688748165849,val,CNYPHP_RET,0.02687704292656077,-0.10881170523928824
2023-02-20,0.4373955994570918,0.1238843011994258,val,CNYPHP_RET,-0.06624914217283318,0.05763515902659262
2023-02-21,-0.8369537897111956,-0.1154593614539858,val,CNYPHP_RET,0.01790537239555391,-0.09755398905843189
2023-02-22,0.0826144816393301,0.3717923482707697,val,CNYPHP_RET,-0.03100704851046404,0.34078529976030564
2023-02-23,-0.2786233364231321,-0.0285043105762185,val,CNYPHP_RET,-0.06696488031497026,-0.09546919089118877
2023-02-24,-0.5218703220112992,-0.0282733201234885,val,CNYPHP_RET,-0.06478373462196149,-0.09305705474545
2023-02-27,-0.9530583944139942,0.1278559158383891,val,CNYPHP_RET,-0.04402837392069373,0.08382754191769537
2023-02-28,1.0857427166838096,0.1105283647807851,val,CNYPHP_RET,-0.02091210306625932,0.08961626171452577
2023-03-01,0.3748173265282661,-0.2968451164817887,val,CNYPHP_RET,0.17896129584514106,-0.11788382063664762
2023-03-02,-0.1470659910697331,-0.0384969727004372,val,CNYPHP_RET,0.0355132151819509,-0.002983757518486299
2023-03-03,-0.4460987291121132,0.2983332401845787,val,CNYPHP_RET,-0.02873826380805441,0.2695949763765243
2023-03-06,1.0788526711636297,-0.0195306279492707,val,CNYPHP_RET,-0.02648207617343101,-0.04601270412270171
2023-03-07,-1.1497284367877243,-0.3408490865120396,val,CNYPHP_RET,0.15240341570988736,-0.18844567080215224
2023-03-08,-0.1071734225019084,0.3580632510172611,val,CNYPHP_RET,-0.009240597253306908,0.3488226537639542
2023-03-09,0.4126473487177133,-0.0386411007431613,val,CNYPHP_RET,-0.04699434211360012,-0.08563544285676142
2023-03-10,-0.5347843424949018,0.0390417738372498,val,CNYPHP_RET,0.029485492484827652,0.06852726632207745
2023-03-13,0.6245593167531289,0.1187928019730608,val,CNYPHP_RET,-0.040328795991672724,0.07846400598138809
2023-03-14,1.0447289080949833,0.0358090065142273,val,CNYPHP_RET,0.029126534444350854,0.06493554095857815
2023-03-15,-0.942986285661113,-0.0439867792568523,val,CNYPHP_RET,0.1799816659926656,0.1359948867358133
2023-03-16,-0.2390544251560103,0.2486612813415175,val,CNYPHP_RET,0.01487073092441693,0.2635320122659344
2023-03-17,-0.6447151504625125,-0.0974599724317604,val,CNYPHP_RET,-0.04456835615175719,-0.14202832858351758
2023-03-20,0.2295107249079487,0.1815106680884292,val,CNYPHP_RET,-0.0409124588525582,0.140598209235871
2023-03-21,-0.6590142883957899,-0.1338808327126263,val,CNYPHP_RET,0.008284109344401077,-0.12559672336822522
2023-03-22,-0.0493613027737323,0.1110566042387367,val,CNYPHP_RET,-0.04182205918597647,0.06923454505276022
2023-03-23,0.3039184752987656,-0.0659382965683203,val,CNYPHP_RET,-0.04551231723394927,-0.11145061380226957
2023-03-24,0.7496695375890639,-0.1295315502701512,val,CNYPHP_RET,0.024025650299568466,-0.10550589997058274
2023-03-27,-0.7047275997517707,0.0416489397097249,val,CNYPHP_RET,0.14266719895775185,0.18431613866747676
2023-03-28,-0.6277622035899162,-0.0074704338859974,val,CNYPHP_RET,-0.026052153399518517,-0.033522587285515916
2023-03-29,0.5379028816603707,0.0473812592040319,val,CNYPHP_RET,-0.039684652935921105,0.007696606268110792
2023-03-30,-0.2138059329200087,-0.1763649942325893,val,CNYPHP_RET,0.029508024364848916,-0.14685696986774038
2023-03-31,0.2910089455895376,-0.0247114128950595,val,CNYPHP_RET,-0.00692311423494868,-0.03163452713000818
2023-04-03,-0.0240167361273793,-0.033062326653411,val,CNYPHP_RET,0.01814077741319677,-0.014921549240214233
2023-04-04,0.3133127434098809,0.0566352558828817,val,CNYPHP_RET,0.0031813415974758234,0.059816597480357524
2023-04-05,-0.5183569637327147,-0.224666412939632,val,CNYPHP_RET,0.01289088742750245,-0.21177552551212955
2023-04-06,0.4568717594746773,0.1690674992135748,val,CNYPHP_RET,-0.06696487819776706,0.10210262101580775
2023-04-07,0.0119681244216781,-0.1225770279432759,val,CNYPHP_RET,0.015344751624251187,-0.10723227631902472
2023-04-10,0.3015732662332626,0.0378730772643405,val,CNYPHP_RET,0.011005830185157559,0.048878907449498056
2023-04-11,0.0315143010317581,0.0032801965562981,val,CNYPHP_RET,0.013369511414007142,0.016649707970305242
2023-04-12,0.4921697423424536,-0.0765249418723474,val,CNYPHP_RET,0.006075882567045741,-0.07044905930530165
2023-04-13,0.4620054054680917,-0.2192023280218836,val,CNYPHP_RET,0.026982074367555217,-0.19222025365432838
2023-04-14,0.1819104334605434,-0.210527066739478,val,CNYPHP_RET,0.037884756588481554,-0.17264231015099643
2023-04-17,0.1900995975911984,-0.0991423910647401,val,CNYPHP_RET,0.026174124894395866,-0.07296826617034423
2023-04-18,1.118743891303386,0.0688658316091004,val,CNYPHP_RET,0.015477223394450377,0.08434305500355077
2023-04-19,0.4308165134417994,-0.3866963471035606,val,CNYPHP_RET,0.17225790703534008,-0.21443844006822052
2023-04-20,-0.0505150493562136,-0.125962618668981,val,CNYPHP_RET,0.10438215833136986,-0.021580460337611143
2023-04-21,-0.4614852720145003,-0.029608825732361,val,CNYPHP_RET,0.010174101663571196,-0.019434724068789804
2023-04-24,-0.3769070938011732,0.1862475905688018,val,CNYPHP_RET,-0.051486685366954194,0.1347609052018476
2023-04-25,-0.4921467083393175,-0.0166742238200906,val,CNYPHP_RET,-0.04051282779179323,-0.05718705161188383
2023-04-26,-0.8910369258049673,0.2250027266041986,val,CNYPHP_RET,-0.04582055343348265,0.17918217317071594
2023-04-27,0.3089691189230092,0.1678807497201165,val,CNYPHP_RET,-0.03971948648568327,0.12816126323443322
2023-04-28,0.1764696281776833,-0.1793558149698375,val,CNYPHP_RET,0.010954398562878822,-0.16840141640695866
2023-05-01,-0.1171121787019355,-0.0289148448858438,val,CNYPHP_RET,0.022544401086454974,-0.006370443799388826
2023-05-02,0.1059528997047451,0.1099566820266023,val,CNYPHP_RET,-0.022022249466218707,0.0879344325603836
2023-05-03,-0.1889068418657734,-0.0055565268607231,val,CNYPHP_RET,0.0007788250659063619,-0.004777701794816739
2023-05-04,-0.17156066679784,0.034797587681757,val,CNYPHP_RET,-0.05203809316369343,-0.017240505481936425
2023-05-05,0.0980381428826373,0.0498788763367628,val,CNYPHP_RET,-0.05761246797963257,-0.007733591642869769
2023-05-08,-0.1363628153763403,-0.0285551644217173,val,CNYPHP_RET,0.008298853201025792,-0.02025631122069151
2023-05-09,0.2239338902039457,0.0524119546491338,val,CNYPHP_RET,-0.028484882411873195,0.023927072237260604
2023-05-10,0.4792829353057366,-0.0536706430555854,val,CNYPHP_RET,0.01070264390420217,-0.04296799915138323
2023-05-11,-0.4361805899322106,-0.2193184232287434,val,CNYPHP_RET,0.02815202566008565,-0.19116639756865775
2023-05-12,0.1803301395897496,0.0924594492630995,val,CNYPHP_RET,-0.059769559455428646,0.032689889807670854
2023-05-15,-0.1309175038968966,-0.0565421483330887,val,CNYPHP_RET,0.01064647481614819,-0.045895673516940516
2023-05-16,0.4643744091233983,0.0855032281900432,val,CNYPHP_RET,-0.01761049610643018,0.06789273208361302
2023-05-17,-0.1540914620762007,-0.1392158195201447,val,CNYPHP_RET,0.02492523266872993,-0.11429058685141477
2023-05-18,-0.5875144061510296,-0.0583067557870588,val,CNYPHP_RET,-0.0014880457798531453,-0.05979480156691195
2023-05-19,-0.9136148919946564,0.1410958428792249,val,CNYPHP_RET,-0.04161840561403936,0.09947743726518553
2023-05-22,0.0947852321900531,0.1717932045065388,val,CNYPHP_RET,-0.007714302225979744,0.16407890228055905
2023-05-23,-0.4912242953733025,0.1178552073801709,val,CNYPHP_RET,-0.01843780278790089,0.09941740459227001
2023-05-24,0.1084634926955923,0.1129340354927871,val,CNYPHP_RET,-0.039881432078074944,0.07305260341471216
2023-05-25,-0.2598013808120087,-0.0779166721015993,val,CNYPHP_RET,0.0006864093616592916,-0.07723026273994002
2023-05-26,0.4309220261173696,0.1102594810430115,val,CNYPHP_RET,-0.05164724655157422,0.058612234491437286
2023-05-29,0.0251818446765871,-0.1674901346811433,val,CNYPHP_RET,0.018673457107206377,-0.1488166775739369
2023-05-30,0.1288958398197067,0.0496416237652036,val,CNYPHP_RET,0.010705132912725138,0.060346756677928735
2023-05-31,0.303614487454843,-0.0919360697086537,val,CNYPHP_RET,0.010341451053396544,-0.08159461865525716
2023-06-01,-0.4641779979600919,-0.1280863438203214,val,CNYPHP_RET,0.02643984555875962,-0.1016464982615618
2023-06-02,-0.2386550310396652,-0.0885407423865228,val,CNYPHP_RET,-0.06474521862490486,-0.15328596101142766
2023-06-05,0.0352122344591581,0.118642226735798,val,CNYPHP_RET,-0.04233881744908764,0.07630340928671035
2023-06-06,-0.2827656151939233,0.0651487708079313,val,CNYPHP_RET,-0.020482699676827535,0.04466607113110377
2023-06-07,-0.0602552546279391,-0.0167756249576473,val,CNYPHP_RET,-0.06352286998048098,-0.08029849493812828
2023-06-08,-0.072657393709915,-0.1083757676087967,val,CNYPHP_RET,-0.008532454872834213,-0.11690822248163092
2023-06-09,0.1135015992080421,-0.0688772258449385,val,CNYPHP_RET,0.007001863086497644,-0.06187536275844085
2023-06-12,-0.2125278824833823,-0.0130358781527131,val,CNYPHP_RET,0.010673311934473259,-0.002362566218239841
2023-06-13,-0.2453518449068417,0.0313541597412896,val,CNYPHP_RET,-0.0560656199484337,-0.024711460207144098
2023-06-14,-0.6079490454930956,-0.0257201273678073,val,CNYPHP_RET,-0.06670021497673383,-0.09242034234454113
2023-06-15,0.1152437769928579,0.0556564789406208,val,CNYPHP_RET,-0.040214494325052794,0.015441984615568005
2023-06-16,0.3204240033056208,-0.0814940763876657,val,CNYPHP_RET,0.009237309932798561,-0.07225676645486714
2023-06-19,-0.2073945906422805,0.0649117870824141,val,CNYPHP_RET,0.026956192565495134,0.09186797964790924
2023-06-20,-0.4548881600204384,0.0661722258179272,val,CNYPHP_RET,-0.06651172373677296,-0.00033949791884575753
2023-06-21,-0.591845365297994,0.0529849199710769,val,CNYPHP_RET,-0.04204337762543082,0.01094154234564608
2023-06-22,0.0928148206494037,0.0826478816196971,val,CNYPHP_RET,-0.03893137936192356,0.04371650225777354
2023-06-23,-0.0679795836252849,-0.0463530786110413,val,CNYPHP_RET,0.0033713831553004244,-0.042981695455740876
2023-06-26,0.371959369418846,0.0708121508076935,val,CNYPHP_RET,-0.0030136273697855963,0.0677985234379079
2023-06-27,-0.9321455572384264,-0.0836045076210249,val,CNYPHP_RET,0.01662720922709174,-0.06697729839393317
2023-06-28,-0.7245843912921879,0.0203502967622114,val,CNYPHP_RET,0.002606833993278236,0.022957130755489635
2023-06-29,-0.107930851056801,0.2944377026385719,val,CNYPHP_RET,-0.026371600406265048,0.2680661022323068
2023-06-30,0.1821576337771782,-0.0169062302840061,val,CNYPHP_RET,-0.0559584885650119,-0.072864718849018
2023-07-03,-0.1882573591740698,-0.0587703785233577,val,CNYPHP_RET,0.010760710010588346,-0.04800966851276936
2023-07-04,0.0250503068401972,0.0573205018751368,val,CNYPHP_RET,-0.035685447664023796,0.021635054211113003
2023-07-05,0.3856463187932848,-0.0184913213529985,val,CNYPHP_RET,-0.005594884191174203,-0.024086205544172703
2023-07-06,-0.1118754055821206,0.0419483336104845,val,CNYPHP_RET,0.027127178295961518,0.06907551190644602
2023-07-07,0.3123552878790094,-0.0202495091135528,val,CNYPHP_RET,-0.043495515871333455,-0.06374502498488625
2023-07-10,0.2849301900964813,-0.1025734395903276,val,CNYPHP_RET,0.019984946914364463,-0.08258849267596313
2023-07-11,-0.2186594710361857,-0.0019476111135672,val,CNYPHP_RET,0.025736281507501534,0.023788670393934334
2023-07-12,-0.2161695859343638,-0.0583191831761617,val,CNYPHP_RET,-0.05974054180677397,-0.11805972498293567
2023-07-13,-0.7555844335468611,-0.0218843019621879,val,CNYPHP_RET,-0.04473340507204275,-0.06661770703423064
2023-07-14,-0.1077729607388398,0.2396673893801252,val,CNYPHP_RET,-0.028726598845593886,0.2109407905345313
2023-07-17,0.1357606190524874,0.0272847124455195,val,CNYPHP_RET,-0.06357594425578145,-0.03629123181026195
2023-07-18,-0.3590677937976313,0.0211843020379766,val,CNYPHP_RET,0.011022222305687716,0.03220652434366432
2023-07-19,-0.1635593484435436,-0.0064167335292475,val,CNYPHP_RET,-0.05928572604901538,-0.06570245957826287
2023-07-20,-0.1624488422216445,0.054941163207794,val,CNYPHP_RET,-0.04451722399931861,0.01042393920847539
2023-07-21,0.7500670242185543,-0.1232503440949303,val,CNYPHP_RET,-0.05987102791131458,-0.18312137200624487
2023-07-24,0.1066703740821689,0.0140409983179632,val,CNYPHP_RET,0.13926006524596216,0.15330106356392537
2023-07-25,-0.5334266146858623,0.0428890462014622,val,CNYPHP_RET,0.010774346581008867,0.053663392782471064
2023-07-26,0.7702863550855978,0.1400938863773966,val,CNYPHP_RET,-0.04029274800648368,0.09980113837091291
2023-07-27,-0.3145128203138605,-0.1112314770156293,val,CNYPHP_RET,0.028793092371334626,-0.08243838464429468
2023-07-28,0.2559542432187905,0.1251939790698235,val,CNYPHP_RET,-0.05693225767941968,0.06826172139040382
2023-07-31,1.2091667296620496,-0.1143991358045486,val,CNYPHP_RET,0.011029906820494057,-0.10336922898405454
2023-08-01,-0.2375042155585032,-0.0080733830733421,val,CNYPHP_RET,0.07022484584878182,0.06215146277543972
2023-08-02,-0.8403079950816004,0.1193061002415907,val,CNYPHP_RET,-0.061998516193604594,0.05730758404798611
2023-08-03,0.6267519177228706,0.0735293518521603,val,CNYPHP_RET,0.018999321704653137,0.09252867355681343
2023-08-04,1.103111730247361,-0.2374531879227397,val,CNYPHP_RET,0.027407119180063517,-0.21004606874267617
2023-08-07,-0.6584543381794935,-0.2259275122982873,val,CNYPHP_RET,0.07363413884109746,-0.15229337345718985
2023-08-08,1.0854892023012128,0.2907317278380986,val,CNYPHP_RET,-0.05139145266806703,0.23934027517003156
2023-08-09,-0.1719160279940549,-0.5711101057723745,val,CNYPHP_RET,0.09010490046739364,-0.4810052053049809
2023-08-10,0.1144332182607407,-0.0024340145493351,val,CNYPHP_RET,0.02673989741615454,0.02430588286681944
2023-08-11,-0.3282446914854628,0.002678206615705,val,CNYPHP_RET,0.011062224342564937,0.013740430958269937
2023-08-14,1.0472426858698072,0.1113226185012181,val,CNYPHP_RET,-0.0652078660079597,0.0461147524932584
2023-08-15,-0.3971679658862388,-0.1212933819798662,val,CNYPHP_RET,0.1694197569556686,0.04812637497580241
2023-08-16,-0.3469724589300698,-0.1104365795869308,val,CNYPHP_RET,-0.06666844695865282,-0.17710502654558363
2023-08-17,-0.6056808016523499,0.0127942770101201,val,CNYPHP_RET,-0.06308128387642006,-0.050287006866299964
2023-08-18,0.3671705747667819,0.1977515359535784,val,CNYPHP_RET,-0.03972115199224332,0.15803038396133506
2023-08-21,-1.0019519113508637,-0.0578123632719917,val,CNYPHP_RET,0.010714208958786466,-0.04709815431320523
2023-08-22,1.3345712536009091,0.3006417902879889,val,CNYPHP_RET,0.019401422712584434,0.3200432130005733
2023-08-23,-1.5076057717216242,0.0085052121993201,val,CNYPHP_RET,0.17638179148625321,0.18488700368557331
2023-08-24,2.183295722558492,0.0130048460057012,val,CNYPHP_RET,0.680332011183633,0.6933368571893341
2023-08-25,-1.1047484778458887,-0.1179954523041249,val,CNYPHP_RET,0.35686880955762795,0.23887335725350306
2023-08-28,-0.2140296430920165,-0.0987069177331449,val,CNYPHP_RET,0.015570588968135974,-0.08313632876500893
2023-08-29,0.2016108578430361,-0.0292683235662027,val,CNYPHP_RET,-0.030987654570808106,-0.06025597813701081
2023-08-30,0.0679059717926286,-0.1519258692273385,val,CNYPHP_RET,0.01154539582254316,-0.14038047340479534
2023-08-31,0.0921864455351913,-0.1150667956724438,val,CNYPHP_RET,0.011168826379144818,-0.10389796929329898
2023-09-01,0.113229109179704,0.0383216438306995,val,CNYPHP_RET,0.010877741777404226,0.049199385608103725
2023-09-04,1.472338698730424,0.1132324058739179,val,CNYPHP_RET,0.010148651287783604,0.1233810571617015
2023-09-05,-1.7495091658058484,0.1141290702687286,val,CNYPHP_RET,0.07932900407164069,0.19345807434036927
2023-09-06,0.2635261078748799,0.0178149456972355,val,CNYPHP_RET,1.6784138676648432,1.6962288133620786
2023-09-07,-0.2570510670034929,-0.161981045751973,val,CNYPHP_RET,0.01223864747489612,-0.1497423982770769
2023-09-08,-0.5885845560626239,0.1012987860153524,val,CNYPHP_RET,-0.02426788426843928,0.07703090174691313
2023-09-11,1.2769088535500737,0.1618827468794629,val,CNYPHP_RET,-0.03554151507546967,0.12634123180399326
2023-09-12,-0.7199462055027931,-0.023715785015284,val,CNYPHP_RET,0.1436943285713766,0.1199785435560926
2023-09-13,-0.158052461907892,-0.0268895495872973,val,CNYPHP_RET,-0.034787279424587446,-0.061676829011884746
2023-09-14,0.3088863398942863,0.0589486795368588,val,CNYPHP_RET,-0.03623670150743426,0.02271197802942454
2023-09-15,0.0946834194377837,0.0125027589925029,val,CNYPHP_RET,0.012476069832395608,0.02497882882489851
2023-09-18,0.2546234113919318,-0.0242920757107317,val,CNYPHP_RET,0.01045619459507062,-0.01383588111566108
2023-09-19,-0.6911695211140116,-0.0882779921431534,val,CNYPHP_RET,0.014560203171677553,-0.07371778897147585
2023-09-20,0.1749694370431771,0.2012465173569696,val,CNYPHP_RET,-0.039967210076211936,0.16127930728075768
2023-09-21,0.152825227853458,-0.0382379597159671,val,CNYPHP_RET,-0.004115526886847457,-0.04235348660281456
2023-09-22,-0.2474981434430961,0.0773548342671756,val,CNYPHP_RET,0.010695699544205886,0.08805053381138149
2023-09-25,0.2024950132205683,-0.001913702052235,val,CNYPHP_RET,-0.06568980556823757,-0.06760350762047257
2023-09-26,-0.1029107827008638,-0.0293466219640751,val,CNYPHP_RET,0.010830950770779378,-0.018515671193295724
2023-09-27,0.6325394341671913,0.0211671026095321,val,CNYPHP_RET,-0.017356971387159567,0.0038101312223725314
2023-09-28,-0.4023236766180336,-0.2139538064105204,val,CNYPHP_RET,0.027413744464930404,-0.18654006194558997
2023-09-29,-0.4669293866547485,0.1210541515760809,val,CNYPHP_RET,-0.053346183741614456,0.06770796783446645
2023-10-02,1.9853884910401527,0.1576046791760147,val,CNYPHP_RET,-0.04014507303925378,0.11745960613676093
2023-10-03,-0.1056532683001821,0.0803961805418646,val,CNYPHP_RET,0.2983191444345857,0.3787153249764503
2023-10-04,-0.0841524498533002,0.1071530177571331,val,CNYPHP_RET,-0.052747447966881675,0.05440556979025142
2023-10-05,-0.4730035680690869,-0.0911552832491621,val,CNYPHP_RET,-0.054088542311239225,-0.14524382556040133
2023-10-06,0.0749732044037174,0.1270291008108267,val,CNYPHP_RET,-0.05905270547331252,0.06797639533751418
2023-10-09,-1.3316421042751092,-0.0580230314602496,val,CNYPHP_RET,-0.010919334127535938,-0.06894236558778553
2023-10-10,0.4906793458810334,-0.0594038562099487,val,CNYPHP_RET,-0.04010196764785475,-0.09950582385780346
2023-10-11,-0.2408051404673525,-0.1656929654604639,val,CNYPHP_RET,0.02751326933436772,-0.13817969612609615
2023-10-12,-0.4955157474164424,0.0166551146380535,val,CNYPHP_RET,-0.017841354297009712,-0.0011862396589562112
2023-10-13,0.3958877234364066,0.2049369439340428,val,CNYPHP_RET,-0.04259032159791784,0.16234662233612496
2023-10-16,1.8914647980171,-0.0549361348473322,val,CNYPHP_RET,0.010695105753007394,-0.044241029094324806
2023-10-17,-2.268094424975285,-0.037150985434652,val,CNYPHP_RET,0.3249377478390801,0.2877867624044281
2023-10-18,-0.0469576748694208,0.0394658837405782,val,CNYPHP_RET,1.2704873685978413,1.3099532523384194
2023-10-19,0.3526844257791391,0.0695923364281103,val,CNYPHP_RET,-0.021447497140788408,0.0481448392873219
2023-10-20,-0.0935687154895281,0.0059475252988174,val,CNYPHP_RET,0.014921244762785465,0.020868770061602863
2023-10-23,-0.0574293647006027,0.0425988266172864,val,CNYPHP_RET,-0.025733626451528203,0.0168652001657582
2023-10-24,-0.1568144015385311,-0.0677955115599567,val,CNYPHP_RET,-0.025902916017463536,-0.09369842757742022
2023-10-25,0.1103418270045131,0.0191059190787587,val,CNYPHP_RET,-0.022289182867110933,-0.003183263788352233
2023-10-26,0.0529447807906856,0.0585211641589599,val,CNYPHP_RET,0.010739718897119761,0.06926088305607966
2023-10-27,0.2221255180142569,0.0387996176239124,val,CNYPHP_RET,0.00046568803570222846,0.039265305659614634
2023-10-30,2.14970288886716,-0.1043436553903141,val,CNYPHP_RET,0.010673566249528242,-0.09367008914078585
2023-10-31,-2.417787943611992,-0.0077474847396166,val,CNYPHP_RET,0.3259272835492141,0.31817979880959746
2023-11-01,0.0856873626766004,-0.0300344229864663,val,CNYPHP_RET,1.3258543879378775,1.2958199649514113
2023-11-02,-0.2293863145795159,-0.0370426437443468,val,CNYPHP_RET,0.011059836690751772,-0.025982807053595028
2023-11-03,-0.2582025564803237,-0.0366464554050541,val,CNYPHP_RET,-0.054346958203424445,-0.09099341360847854
2023-11-06,-1.2198424597013404,0.0721568695000888,val,CNYPHP_RET,-0.06064798986257424,0.011508879637514562
2023-11-07,0.4841029313735789,0.3465936578191443,val,CNYPHP_RET,-0.020346814512253893,0.3262468433068904
2023-11-08,0.2240311946108206,-0.0959192418209206,val,CNYPHP_RET,0.010983827795381573,-0.08493541402553903
2023-11-09,-0.3388395909928952,-0.093607857769063,val,CNYPHP_RET,0.018596240738531458,-0.07501161703053154
2023-11-10,0.3061771657282895,0.1579925886997881,val,CNYPHP_RET,-0.06422731339128745,0.09376527530850065
2023-11-13,1.305621846650019,-0.0491171751394353,val,CNYPHP_RET,0.010890256995553278,-0.03822691814388202
2023-11-14,-1.6553178878520696,0.0808034700980862,val,CNYPHP_RET,0.07780782901662187,0.15861129911470806
2023-11-15,-0.035156557595807,-0.1171663946786139,val,CNYPHP_RET,1.5396505329558343,1.4224841382772204
2023-11-16,0.5040677155417648,0.0750421293399909,val,CNYPHP_RET,0.010449820090762632,0.08549194943075353
2023-11-17,-0.1313113222092028,-0.1430047665314536,val,CNYPHP_RET,0.028690322628204343,-0.11431444390324927
2023-11-20,0.011603945089001,0.0472497029185587,val,CNYPHP_RET,0.003625904675148307,0.050875607593707003
2023-11-21,0.1056159478362252,0.0971311199098823,val,CNYPHP_RET,-0.00645665845225056,0.09067446145763174
2023-11-22,1.4297892907694498,0.109883649798897,val,CNYPHP_RET,0.003085329352410505,0.1129689791513075
2023-11-23,-0.880061857147381,-0.0773739961688796,val,CNYPHP_RET,0.06972430590125207,-0.007649690267627532
2023-11-24,0.7634587850501084,0.0025537924220332,val,CNYPHP_RET,-0.01108934111450676,-0.008535548692473562
2023-11-27,0.5592854866062639,0.0645524423498219,val,CNYPHP_RET,0.0704579095070532,0.1350103518568751
2023-11-28,-0.9537741417983642,-0.1691015490939863,val,CNYPHP_RET,0.029420091724283805,-0.1396814573697025
2023-11-29,0.0111731044593103,-0.005640859919242,val,CNYPHP_RET,-0.016311415227654457,-0.021952275146896457
2023-11-30,0.4590065853970627,0.2889215113717103,val,CNYPHP_RET,0.004444466412382089,0.2933659777840924
2023-12-01,0.5950616463050761,-0.1321221117676115,val,CNYPHP_RET,0.010710370842508208,-0.12141174092510328
2023-12-04,-0.2880136107473175,-0.1333953967776799,val,CNYPHP_RET,0.05397764537712028,-0.07941775140055962
2023-12-05,-0.8730323737171133,0.1385959540392037,val,CNYPHP_RET,-0.043741267858034324,0.09485468618116936
2023-12-06,-0.5150636172219436,-0.0104019404340815,val,CNYPHP_RET,0.009339870875652278,-0.0010620695584292218
2023-12-07,0.2549971719782511,0.1553989549285065,val,CNYPHP_RET,-0.04312292539174337,0.11227602953676313
2023-12-08,0.1563683643505294,-0.0609795296814431,val,CNYPHP_RET,0.010914702493343687,-0.05006482718809942
2023-12-11,0.2929614923327069,-0.063460109998596,val,CNYPHP_RET,0.011100058396188285,-0.05236005160240771
2023-12-12,-0.3356982296151942,0.0512527278600017,val,CNYPHP_RET,0.02260886403015344,0.07386159189015515
2023-12-13,-0.059301145966799,-0.1657141553486278,val,CNYPHP_RET,-0.058298218197211246,-0.22401237354583903
2023-12-14,-0.0247393843683128,-0.0645452121607806,val,CNYPHP_RET,0.011003715870977218,-0.053541496289803384
2023-12-15,1.7873945967370977,-0.1734895774941419,val,CNYPHP_RET,0.00746081193584653,-0.16602876555829538
2023-12-18,0.094126709937566,-0.1112886924806049,val,CNYPHP_RET,0.3290897228989797,0.21780103041837479
2023-12-19,-1.0132829463638942,0.0286884476794349,val,CNYPHP_RET,0.010846744298278178,0.039535191977713074
2023-12-20,0.7938137653711881,-0.025642322368947,val,CNYPHP_RET,-0.0019518543473120945,-0.027594176716259095
2023-12-21,-0.8843651871365867,0.0553448672264981,val,CNYPHP_RET,0.10562113528273862,0.1609660025092367
2023-12-22,-0.7110141994367876,-0.0167373823241502,val,CNYPHP_RET,0.019318217550749726,0.0025808352265995274
2023-12-25,0.7310315568044171,0.1557817131988848,val,CNYPHP_RET,-0.03502755613198862,0.12075415706689618
2023-12-26,-0.454016263386617,-0.0238311413668606,val,CNYPHP_RET,0.026869090741532004,0.003037949374671403
2023-12-27,-0.2321471851942869,-0.084335667670184,val,CNYPHP_RET,-0.05173537904605827,-0.13607104671624226
2023-12-28,0.4529433743112925,-0.0158885963069444,val,CNYPHP_RET,-0.04161349715002539,-0.057502093456969786
2023-12-29,0.043919475418982,-0.1780560462649094,val,CNYPHP_RET,0.029700208432773594,-0.1483558378321358
2024-01-01,0.4241976223144391,0.145005667743429,val,CNYPHP_RET,0.011232795446328898,0.1562384631897579
2024-01-02,0.2494632210255824,0.0510374730569807,val,CNYPHP_RET,0.014583670631760953,0.06562114368874165
2024-01-03,0.0188066580533649,-0.0389188194443213,val,CNYPHP_RET,0.010753810137880838,-0.028165009306440465
2024-01-04,0.0666902107130335,0.0438749297260347,val,CNYPHP_RET,0.009100188012863586,0.052975117738898285
2024-01-05,-0.4260410357843452,-0.0872493992879513,val,CNYPHP_RET,0.005335028357125225,-0.08191437093082607
2024-01-08,0.194191487743356,0.085304249279766,val,CNYPHP_RET,-0.06448547845120575,0.02081877082856025
2024-01-09,0.3123774549669803,0.0055504314143914,val,CNYPHP_RET,0.01102547538692593,0.01657590680131733
2024-01-10,0.622319927479923,-0.0729658376443209,val,CNYPHP_RET,0.01720525993372103,-0.05576057771059986
2024-01-11,-1.0640337541792448,-0.2226398638129831,val,CNYPHP_RET,0.041988076839494584,-0.1806517869734885
2024-01-12,0.7894159797277407,-0.0453166130834898,val,CNYPHP_RET,0.0005266090093112306,-0.04479000407417857
2024-01-15,-0.2565767272511718,0.0677760936339224,val,CNYPHP_RET,0.11538561178405626,0.18316170541797866
2024-01-16,-0.0443526313050391,0.109917222438825,val,CNYPHP_RET,-0.06572642891321076,0.04419079352561424
2024-01-17,0.0355665084251189,0.1757092205299522,val,CNYPHP_RET,-0.04363359992847544,0.13207562060147676
2024-01-18,0.0370513496788072,0.050255289521656,val,CNYPHP_RET,-0.039162635775759375,0.011092653745896623
2024-01-19,-0.3725871058255242,0.0367401034664971,val,CNYPHP_RET,-0.001124073986425355,0.03561602948007175
2024-01-22,0.3997061175078157,0.1113777638572828,val,CNYPHP_RET,-0.05488997991428846,0.05648778394299434
2024-01-23,-0.3629691201031491,-0.156084715588824,val,CNYPHP_RET,0.015392869597821074,-0.14069184599100293
2024-01-24,1.5403643298095293,-0.2892728324629438,val,CNYPHP_RET,-0.05772663782037485,-0.3469994702833186
2024-01-25,-0.255971912929907,0.0102467011220874,val,CNYPHP_RET,0.2986212994948244,0.30886800061691183
2024-01-26,0.5859803348868884,0.0999126293808898,val,CNYPHP_RET,-0.06616740846034257,0.03374522092054723
2024-01-29,-0.5797398557278993,-0.1736438759754912,val,CNYPHP_RET,0.02958453907756395,-0.14405933689792724
2024-01-30,0.2126734874654051,0.2258466383710142,val,CNYPHP_RET,-0.05538620456713106,0.17046043380388315
2024-01-31,-0.1798154857286908,-0.0969753033847717,val,CNYPHP_RET,-0.0011174224431247026,-0.0980927258278964
2024-02-01,-0.455990530671939,0.01626587054027,val,CNYPHP_RET,-0.020293427537016687,-0.004027556996746687
2024-02-02,-0.1261875175981379,0.1084813477593637,val,CNYPHP_RET,-0.04617731719064247,0.06230403056872123
2024-02-05,0.0798881702627838,0.0548139973481549,val,CNYPHP_RET,-0.06280940826105164,-0.007995410912896739
2024-02-06,0.2941841490231108,-0.0493637063701748,val,CNYPHP_RET,0.005651118807162443,-0.043712587563012356
2024-02-07,-0.1895347678915105,-0.079102435566797,val,CNYPHP_RET,0.021198105469413978,-0.05790433009738302
2024-02-08,-0.3245912886965725,0.0224227277715453,val,CNYPHP_RET,-0.02935865263191354,-0.0069359248603682415
2024-02-09,-0.0544591010638933,0.1012565290866656,val,CNYPHP_RET,-0.06362340369711116,0.03763312538955445
2024-02-12,-1.179669969703049,0.0246822906266985,val,CNYPHP_RET,-0.04407952445845285,-0.019397233831754346
2024-02-13,-0.1443364956727656,0.0724441652133153,val,CNYPHP_RET,-0.06924719863651846,0.003196966576796842
2024-02-14,0.2863574895413894,0.0905854559126267,val,CNYPHP_RET,-0.05975383104889466,0.030831624863732046
2024-02-15,0.1942799048631238,-0.0854703679581037,val,CNYPHP_RET,0.010728382433243663,-0.07474198552486004
2024-02-16,-0.2170663220697981,-0.0857983247778229,val,CNYPHP_RET,0.014631251445190011,-0.07116707333263289
2024-02-19,0.8866265438413657,0.1102616560712491,val,CNYPHP_RET,-0.036271219998961726,0.07399043607228738
2024-02-20,-1.0302113039707996,-0.0335360361409806,val,CNYPHP_RET,0.07911681058655834,0.04558077444557774
2024-02-21,-0.1621819833696116,-0.0378926523136149,val,CNYPHP_RET,0.013434293576011062,-0.024458358737603835
2024-02-22,-0.0296777847909913,0.0353137804427198,val,CNYPHP_RET,-0.033968122840036,0.0013456576026837988
2024-02-23,-0.17447905942174,-0.0098230586399979,val,CNYPHP_RET,-0.014721646363231108,-0.024544705003229007
2024-02-26,0.1710383363999487,0.0070288372005667,val,CNYPHP_RET,-0.04677898359957299,-0.03975014639900629
2024-02-27,0.2667114399952657,-0.0426787482891095,val,CNYPHP_RET,0.01075070781980576,-0.03192804046930374
2024-02-28,0.0578623307476686,-0.0749752775524236,val,CNYPHP_RET,0.017471397418781624,-0.05750388013364198
2024-02-29,0.2670419818144611,-0.0087593679315258,val,CNYPHP_RET,0.011017306891527781,0.0022579389600019817
2024-03-01,0.0405016258883327,-0.0853837751564817,val,CNYPHP_RET,0.014300208211347322,-0.07108356694513437
2024-03-04,-0.3959409879717017,0.0396338732117402,val,CNYPHP_RET,0.011052594804721186,0.050686468016461386
2024-03-05,-0.1180913133313146,0.0567619262094525,val,CNYPHP_RET,-0.05094828409139005,0.0058136421180624495
2024-03-06,-0.0222612605750785,0.0666276726419155,val,CNYPHP_RET,-0.04971899867261407,0.016908673969301437
2024-03-07,-0.2241310956835798,0.0064336603126289,val,CNYPHP_RET,-0.022246928692005494,-0.015813268379376594
2024-03-08,-0.140076457005984,0.0018315433091237,val,CNYPHP_RET,-0.062180041243203116,-0.06034849793407942
2024-03-11,-0.13670194163301,0.0108816460313085,val,CNYPHP_RET,-0.03973122990183057,-0.02884958387052207
2024-03-12,-0.4766163298670464,0.1235600951273233,val,CNYPHP_RET,-0.04154141817947061,0.0820186769478527
2024-03-13,0.3062864998578483,0.1078268306872897,val,CNYPHP_RET,-0.04000154379997425,0.06782528688731546
2024-03-14,-0.2512549274883774,-0.1116516732620876,val,CNYPHP_RET,0.010754169159041926,-0.10089750410304567
2024-03-15,0.1873516952083102,0.116007544864936,val,CNYPHP_RET,-0.03898839664914124,0.07701914821579475
2024-03-18,0.1015321400285893,-0.0351978113723403,val,CNYPHP_RET,0.009969796118505946,-0.025228015253834356
2024-03-19,0.1222758323275367,-0.0276170572545621,val,CNYPHP_RET,0.010989845826840402,-0.0166272114277217
2024-03-20,0.3171411738408988,-0.0292112933661971,val,CNYPHP_RET,0.010874281292573122,-0.018337012073623978
2024-03-21,0.3559449379552631,-0.1426752741586832,val,CNYPHP_RET,0.021508044869422815,-0.12116722928926038
2024-03-22,-0.1440599972057149,-0.1564481967355559,val,CNYPHP_RET,0.029326482757111187,-0.1271217139784447
2024-03-25,0.1237079578807074,0.0899891651197303,val,CNYPHP_RET,0.003740147190020562,0.09372931230975087
2024-03-26,0.2160246165868456,-0.0952183444505444,val,CNYPHP_RET,0.0067653920797705516,-0.08845295237077386
2024-03-27,-0.1075957215539436,-0.0308888904305329,val,CNYPHP_RET,0.017665622647353215,-0.013223267783179685
2024-03-28,-0.0801662284531566,-0.0294544958788744,val,CNYPHP_RET,-0.01834282636415241,-0.04779732224302681
2024-03-29,-0.151981609100507,0.0542347340749349,val,CNYPHP_RET,-0.010537744771799099,0.0436969893031358
2024-04-01,0.050222889446611,0.0625951236733627,val,CNYPHP_RET,-0.05758156646490321,0.0050135572084594945
2024-04-02,-0.0464462785949067,0.0140180405816084,val,CNYPHP_RET,-0.0009450576079626479,0.013072982973645751
2024-04-03,0.1315338803528361,0.0575120000720701,val,CNYPHP_RET,-0.013365320061967266,0.044146680010102836
2024-04-04,0.0451482083116782,-0.0774818947853033,val,CNYPHP_RET,0.010105985396269742,-0.06737590938903357
2024-04-05,0.5714865995262045,0.0083628672199928,val,CNYPHP_RET,0.011061440847461098,0.019424308067453898
2024-04-08,-0.2517469128504048,-0.1689337747722026,val,CNYPHP_RET,0.0271128118131229,-0.1418209629590797
2024-04-09,-0.1625024878658953,0.0600799434348381,val,CNYPHP_RET,-0.020284755641604202,0.0397951877932339
2024-04-10,-0.1415798415832929,0.0332870612718055,val,CNYPHP_RET,-0.06083282432061715,-0.02754576304881165
2024-04-11,0.4159063755835174,0.1197657064038219,val,CNYPHP_RET,-0.04972282776661762,0.07004287863720429
2024-04-12,-0.264336019484371,-0.0370716305522849,val,CNYPHP_RET,0.01613264427900925,-0.02093898627327565
2024-04-15,0.2818821180649627,0.0504910946045935,val,CNYPHP_RET,-0.0616425768198477,-0.0111514822152542
2024-04-16,0.4635367211093718,0.1120217363391212,val,CNYPHP_RET,0.011565701445908358,0.12358743778502956
2024-04-17,0.4251070562760957,-0.067680585255864,val,CNYPHP_RET,0.02207533649043889,-0.04560524876542511
2024-04-18,0.1478538276134584,-0.1704147397792271,val,CNYPHP_RET,0.029462520794998417,-0.1409522189842287
2024-04-19,0.009672407173198,-0.1232489055492011,val,CNYPHP_RET,0.018414463339858928,-0.10483444220934217
2024-04-22,0.426579915083161,0.0214976478084678,val,CNYPHP_RET,0.01101676684361231,0.03251441465208011
2024-04-23,0.0389238142429124,-0.2174163951181026,val,CNYPHP_RET,0.027198485918638292,-0.1902179091994643
2024-04-24,-0.2590941083848115,-0.1146602057502998,val,CNYPHP_RET,0.012869081782917173,-0.10179112396738263
2024-04-25,0.8387708111047113,0.0499051125904905,val,CNYPHP_RET,-0.0405403776562314,0.0093647349342591
2024-04-26,-0.2220430826510834,-0.2935434458707067,val,CNYPHP_RET,0.08651656816688309,-0.2070268777038236
2024-04-29,-0.0793908438403989,0.0758085890852469,val,CNYPHP_RET,0.00997804118962957,0.08578663027487647
2024-04-30,-0.0018139856045175,-0.0944746129227582,val,CNYPHP_RET,-0.04392059266110532,-0.13839520558386353
2024-05-01,0.2513096277373469,0.1420492546711373,val,CNYPHP_RET,0.010775097113736861,0.15282435178487416
2024-05-02,-0.3736915391780523,-0.0870707470990769,val,CNYPHP_RET,0.011028303524428865,-0.07604244357464804
2024-05-03,-0.2418173210115522,0.0499083873474512,val,CNYPHP_RET,-0.06694259528998234,-0.01703420794253114
2024-05-06,-0.5125005603607746,0.0385060808686638,val,CNYPHP_RET,-0.06697100289075857,-0.028464922022094767
2024-05-07,0.4482064201821949,0.1282941485430444,val,CNYPHP_RET,-0.04080174390026273,0.08749240464278168
2024-05-08,-0.1214369699172693,0.0231152534772403,val,CNYPHP_RET,0.018592106497785144,0.04170735997502545
2024-05-09,0.2970670608650741,0.0056621086177817,val,CNYPHP_RET,-0.04057814609218404,-0.03491603747440234
2024-05-10,-0.1753679047571659,-0.0882099200650422,val,CNYPHP_RET,0.015679267662991773,-0.07253065240205044
2024-05-13,0.2556661672336789,0.0390421345992549,val,CNYPHP_RET,-0.021685205417384154,0.017356929181870748
2024-05-14,0.5555166405508022,-0.1006503180113582,val,CNYPHP_RET,0.011081087986463687,-0.0895692300248945
2024-05-15,-0.1990805813584771,-0.253357889825504,val,CNYPHP_RET,0.03234647439340774,-0.22101141543209626
2024-05-16,-0.3853683006250182,0.0051887993014366,val,CNYPHP_RET,0.008830256364048392,0.014019055665484993
2024-05-17,0.0131830360551069,0.0924946791489845,val,CNYPHP_RET,-0.05775754407025002,0.03473713507873448
2024-05-20,0.4582071736622486,0.0271221423041501,val,CNYPHP_RET,-0.01916715906976417,0.00795498323438593
2024-05-21,0.4804327473534338,-0.202095707338221,val,CNYPHP_RET,0.028788556442438915,-0.17330715089578208
2024-05-22,0.1284675521255809,-0.1485411645376284,val,CNYPHP_RET,0.03823882496383666,-0.11030233957379174
2024-05-23,-0.3024761091333974,-0.0303639082776323,val,CNYPHP_RET,0.014400055180506141,-0.01596385309712616
2024-05-24,0.3568823072578717,0.119177905598598,val,CNYPHP_RET,-0.06650224292524602,0.05267566267335198
2024-05-27,-0.0601397797660527,-0.102160039465414,val,CNYPHP_RET,0.011837361519607691,-0.0903226779458063
2024-05-28,-0.1599740645026225,0.0168131859277743,val,CNYPHP_RET,0.0076959072719474265,0.024509093199721728
2024-05-29,-0.3949537526117054,0.1052481854224857,val,CNYPHP_RET,-0.050257886487013466,0.05499029893547223
2024-05-30,0.8763814183531298,0.2209393817230066,val,CNYPHP_RET,-0.043470497524583145,0.17746888419842344
2024-05-31,0.2349709006069315,-0.2666596189726734,val,CNYPHP_RET,0.032218359681482296,-0.23444125929119108
2024-06-03,0.1271105010034262,-0.0245690616202777,val,CNYPHP_RET,0.02924640626533838,0.004677344645060678
2024-06-04,0.054458481514029,-0.1218056102517607,val,CNYPHP_RET,0.010857566037576722,-0.11094804421418399
2024-06-05,0.4578722560683325,-0.0437123081553042,val,CNYPHP_RET,0.010683051071278368,-0.033029257084025834
2024-06-06,-0.2978012827435506,-0.1396532301537736,val,CNYPHP_RET,0.02924767581269517,-0.11040555434107843
2024-06-07,-0.214663619078318,0.0462197885574182,val,CNYPHP_RET,-0.04482413168686161,0.0013956568705565872
2024-06-10,0.1247241350159543,0.0520450793846943,val,CNYPHP_RET,-0.06578520765861996,-0.013740128273925664
2024-06-11,0.2127388806412634,0.0907402192147383,val,CNYPHP_RET,0.010039049322076525,0.10077926853681482
2024-06-12,-0.1023796343725487,-0.0275230793022664,val,CNYPHP_RET,0.011062497794856803,-0.016460581507409595
2024-06-13,-0.7049383435413069,-0.0265377439282117,val,CNYPHP_RET,-0.017761202446346297,-0.044298946374558
2024-06-14,0.4959893717281659,0.2604119525484434,val,CNYPHP_RET,-0.03671739698994132,0.2236945555585021
2024-06-17,-0.0133738754442255,-0.1880133388029567,val,CNYPHP_RET,0.011741445176027987,-0.17627189362692872
2024-06-18,-0.2194399631087953,0.0096953978483458,val,CNYPHP_RET,0.010688680345216832,0.02038407819356263
2024-06-19,0.096569759558082,0.0311336237088043,val,CNYPHP_RET,-0.06195067541675949,-0.030817051707955193
2024-06-20,0.2060004257407043,-0.0091177702368246,val,CNYPHP_RET,0.009629857792888996,0.0005120875560643955
2024-06-21,0.1195771718709648,-0.0214792712603778,val,CNYPHP_RET,0.011043154364901818,-0.010436116895475982
2024-06-24,0.0190117587769312,-0.0148078479845787,val,CNYPHP_RET,0.010954672427777968,-0.0038531755568007326
2024-06-25,-0.2770898662143786,-0.0686366497198964,val,CNYPHP_RET,0.00677750382531698,-0.06185914589457942
2024-06-26,0.0512135103374748,0.0486040378242326,val,CNYPHP_RET,-0.05806329200467835,-0.009459254180445749
2024-06-27,0.2906000438823966,0.0063424377319283,val,CNYPHP_RET,0.002040254141432376,0.008382691873360677
2024-06-28,-0.6124518121462308,-0.1105786395074992,val,CNYPHP_RET,0.01502443716810616,-0.09555420233939305
2024-07-01,-0.1908429003642193,0.1706567698511353,val,CNYPHP_RET,-0.043337503515143545,0.12731926633599175
2024-07-02,0.4267675362967424,0.0346182634710574,val,CNYPHP_RET,-0.06187638640186277,-0.027258122930805373
2024-07-03,0.0302780398662995,-0.1122691935286411,val,CNYPHP_RET,0.02614910068627159,-0.08612009284236952
2024-07-04,-0.2052953407214935,-0.1039596621590828,val,CNYPHP_RET,0.01094170301477162,-0.09301795914431117
2024-07-05,-0.4074795085014099,0.0191644538837918,val,CNYPHP_RET,-0.026335690225106317,-0.007171236341314516
2024-07-08,0.2068397384538115,0.1272227558926016,val,CNYPHP_RET,-0.05226059388938392,0.07496216200321767
2024-07-09,-0.0997795834915234,-0.11741834905799,val,CNYPHP_RET,0.010356320189235825,-0.10706202886875418
2024-07-10,-0.0205298495535574,0.0464216772504889,val,CNYPHP_RET,0.004571253941759157,0.050992931192248056
2024-07-11,-0.5475982505036981,0.0331440010751081,val,CNYPHP_RET,-0.015316731219208308,0.017827269855899792
2024-07-12,0.2161736329705338,0.0473170955696344,val,CNYPHP_RET,-0.04023334489478382,0.007083750674850578
2024-07-15,0.4914139813856735,-0.0237274452310045,val,CNYPHP_RET,0.010717571864969432,-0.013009873366035068
2024-07-16,-0.2166102377597713,-0.1106347351705483,val,CNYPHP_RET,0.02881916434794668,-0.08181557082260162
2024-07-17,-0.0817014719908532,0.0503767976472839,val,CNYPHP_RET,-0.027875519581246587,0.022501278066037314
2024-07-18,-0.2702447183658084,0.0234932020225695,val,CNYPHP_RET,-0.03653718650017167,-0.013043984477602168
2024-07-19,0.0773671665694069,0.1282190868263629,val,CNYPHP_RET,-0.06696461479029905,0.06125447203606385
2024-07-22,0.0995423201043946,0.0129355654471173,val,CNYPHP_RET,-0.010577415684988684,0.0023581497621286158
2024-07-23,0.0776058505326576,-0.0964956062202434,val,CNYPHP_RET,0.010607828905913044,-0.08588777731433037
2024-07-24,0.0635763943775459,-0.0313825949316551,val,CNYPHP_RET,0.01069080127498184,-0.02069179365667326
2024-07-25,0.2418161087108977,0.0834260066517731,val,CNYPHP_RET,0.010827223063924554,0.09425322971569766
2024-07-26,0.4565698079129272,0.0245790955699646,val,CNYPHP_RET,0.010796574280704893,0.03537566985066949
2024-07-29,-0.5278062415787672,-0.0047711185596891,val,CNYPHP_RET,0.028830183121401533,0.02405906456171243
2024-07-30,0.3349009471847477,0.1279738521139812,val,CNYPHP_RET,-0.041933829146075324,0.08604002296790589
2024-07-31,-0.0095989781824275,-0.0933779825058263,val,CNYPHP_RET,0.010872034914679127,-0.08250594759114717
2024-08-01,-0.0591419423842893,-0.0361498408398741,val,CNYPHP_RET,0.010513934378867823,-0.02563590646100628
2024-08-02,-0.4262152805284528,0.1315761793242588,val,CNYPHP_RET,-0.003332938345113598,0.1282432409791452
2024-08-05,0.7118918568848422,0.0276314628237603,val,CNYPHP_RET,-0.04062828060084364,-0.012996817777083343
2024-08-06,0.0650088686266095,0.5987797725803777,val,CNYPHP_RET,0.03871277550074561,0.6374925480811233
2024-08-07,-0.4779807154912782,-0.1552804458599133,val,CNYPHP_RET,-0.04141061673959833,-0.19669106259951163
2024-08-08,-0.6769086495438658,-0.0271771009752715,val,CNYPHP_RET,-0.06584399470885458,-0.09302109568412607
2024-08-09,-0.5152168911749854,-0.021532985240801,val,CNYPHP_RET,-0.0387067585836545,-0.0602397438244555
2024-08-12,0.339195207918752,0.180738596007351,val,CNYPHP_RET,-0.04402069951180332,0.1367178964955477
2024-08-13,-0.227933667743312,-0.0585703458566355,val,CNYPHP_RET,0.01079599600230459,-0.04777434985433091
2024-08-14,-0.3103666357169027,-0.1044349020580075,val,CNYPHP_RET,-0.048156027725680686,-0.15259092978368818
2024-08-15,0.20250705014609,0.0367563023410622,val,CNYPHP_RET,-0.05751945405311682,-0.020763151712054624
2024-08-16,0.0270259073550306,0.0114272017813956,val,CNYPHP_RET,0.010738002938524836,0.022165204719920437
2024-08-19,0.0068247551696132,-0.1358346092673812,val,CNYPHP_RET,0.0042551004711973,-0.1315795087961839
2024-08-20,-0.4469741797307816,-0.091317078513927,test,CNYPHP_RET,0.010940713470784682,-0.08037636504314231
2024-08-21,-0.5789052842144395,0.1580704039684207,test,CNYPHP_RET,-0.06261271833566087,0.09545768563275983
2024-08-22,-0.2428385846340809,0.1962387777438374,test,CNYPHP_RET,-0.028064879141406308,0.1681738986024311
2024-08-23,0.4718758787773971,0.1420468408218472,test,CNYPHP_RET,-0.050445929931539825,0.09160091089030739
2024-08-26,0.1778771083450536,-0.1578711245504196,test,CNYPHP_RET,0.01967800156520673,-0.13819312298521286
2024-08-27,-0.7895086728826747,-0.0243799576284058,test,CNYPHP_RET,0.020333331923706125,-0.004046625704699675
2024-08-28,0.404300451108606,0.259566777888757,test,CNYPHP_RET,-0.021564362940914447,0.23800241494784252
2024-08-29,0.0062788081732434,-0.0835973865049544,test,CNYPHP_RET,0.010922109145426871,-0.07267527735952753
2024-08-30,0.1663698394135868,0.0232310860166739,test,CNYPHP_RET,0.010703705184302307,0.03393479120097621
2024-09-02,0.3168730319184887,0.0795965745293676,test,CNYPHP_RET,0.010936462734510358,0.09053303726387796
2024-09-03,0.0740355202109917,-0.0691655723646768,test,CNYPHP_RET,0.011817703507689773,-0.057347868856987026
2024-09-04,-0.1295727250575652,0.0605995410652176,test,CNYPHP_RET,0.010935907643624095,0.0715354487088417
2024-09-05,0.0822164512917207,0.024376482598386,test,CNYPHP_RET,-0.0538040049138675,-0.0294275223154815
2024-09-06,-0.600515378999532,-0.0854573038221982,test,CNYPHP_RET,0.009108793216905787,-0.07634851060529241
2024-09-09,0.5512182349940677,0.2525066427564419,test,CNYPHP_RET,-0.042402887286012506,0.21010375547042942
2024-09-10,-0.4741405593769245,-0.18898049113231,test,CNYPHP_RET,0.01638474597857711,-0.17259574515373288
2024-09-11,-0.2670415576894362,0.0429411103622711,test,CNYPHP_RET,-0.06692254047464423,-0.02398143011237313
2024-09-12,-0.1077990636845719,0.0200964491917063,test,CNYPHP_RET,-0.06656349141094142,-0.04646704221923512
2024-09-13,0.2399616794753513,-0.02639565421669,test,CNYPHP_RET,-0.03516076776753401,-0.06155642198422401
2024-09-16,0.2293122178474604,-0.1030643487954787,test,CNYPHP_RET,0.01356263086305008,-0.08950171793242861
2024-09-17,-0.5630702720232718,-0.023451920885639,test,CNYPHP_RET,0.01995967923024316,-0.003492241655395842
2024-09-18,0.0646352272150908,0.1653050468111467,test,CNYPHP_RET,-0.04117423287487251,0.12413081393627418
2024-09-19,0.0509466806358331,-0.0222049009318914,test,CNYPHP_RET,-0.026115219774958693,-0.048320120706850093
2024-09-20,-0.1783066602076279,-0.0320266012444401,test,CNYPHP_RET,0.010062913408254364,-0.021963687836185738
2024-09-23,0.5539723784289928,0.0806639124573794,test,CNYPHP_RET,-0.04112824313085338,0.039535669326526024
2024-09-24,0.5482415149796145,-0.1947033736788242,test,CNYPHP_RET,0.029699574034871796,-0.1650037996439524
2024-09-25,0.1852104687373324,-0.2189629484685634,test,CNYPHP_RET,0.061229641203675925,-0.1577333072648875
2024-09-26,-0.2645946377308981,0.0110937690326828,test,CNYPHP_RET,0.027129895056356976,0.03822366408903978
2024-09-27,0.2888207351790959,0.0833024118906592,test,CNYPHP_RET,-0.06666108795948335,0.016641323931175858
2024-09-30,0.5719458687150089,-0.0471745133823753,test,CNYPHP_RET,0.010848405962225485,-0.036326107420149814
2024-10-01,0.091632494945273,-0.1220442625412672,test,CNYPHP_RET,0.027872989851988217,-0.09417127268927898
2024-10-02,0.0226897266453082,0.0010237235586827,test,CNYPHP_RET,0.01100876187461439,0.01203248543329709
2024-10-03,-0.157114727278989,-0.0082317020277522,test,CNYPHP_RET,0.005170206345313054,-0.003061495682439146
2024-10-04,-0.1282099591528549,0.134299972272818,test,CNYPHP_RET,-0.04195166010757353,0.09234831216524447
2024-10-07,0.5400294356045445,0.0564358962336441,test,CNYPHP_RET,-0.06590972482779231,-0.009473828594148206
2024-10-08,0.8188950537970672,0.1369286875521819,test,CNYPHP_RET,0.029619277636481787,0.1665479651886637
2024-10-09,-0.4794225382629632,-0.3106343450810349,test,CNYPHP_RET,0.03808735986963404,-0.27254698521140086
2024-10-10,0.1112042256608796,0.017796103396233,test,CNYPHP_RET,-0.04798955158776294,-0.030193448191529942
2024-10-11,0.4579978694612074,-0.0929658053642866,test,CNYPHP_RET,0.010792712058683348,-0.08217309330560325
2024-10-14,0.011650576975778,-0.1555848597149742,test,CNYPHP_RET,0.027482990968267153,-0.12810186874670706
2024-10-15,0.0205816939111784,0.0786387390181723,test,CNYPHP_RET,0.010727857330039675,0.08936659634821197
2024-10-16,0.0539537361040501,-0.1321972428571557,test,CNYPHP_RET,-0.012655005487278352,-0.14485224834443405
2024-10-17,0.149184678209182,-0.1437411383505006,test,CNYPHP_RET,0.010677386480308906,-0.13306375187019168
2024-10-18,-0.2239520573240999,0.0101978455516092,test,CNYPHP_RET,0.01582325627793379,0.02602110182954299
2024-10-21,-0.00034615980434355,0.0522392607111362,test,CNYPHP_RET,-0.06273222856118431,-0.010492967850048107
2024-10-22,-0.0421647577679225,0.1205537567828614,test,CNYPHP_RET,-0.011070396495520815,0.10948336028734058
2024-10-23,0.1231564505371748,0.0056402885484978,test,CNYPHP_RET,-0.0462029520814225,-0.040562663532924696
2024-10-24,0.5263887014972574,0.0080441970929759,test,CNYPHP_RET,0.01106318217202047,0.019107379264996373
2024-10-25,-0.1971113548581709,-0.1095175978982083,test,CNYPHP_RET,0.028705062166973067,-0.08081253573123523
2024-10-28,1.1190667523330506,0.0565991367740003,test,CNYPHP_RET,-0.02182642890093239,0.03477270787306791
2024-10-29,-0.7910612597175168,-0.351672390994508,test,CNYPHP_RET,0.16808091002178233,-0.18359148097272565
2024-10-30,-0.0261500031184682,0.2314242310690755,test,CNYPHP_RET,-0.05040163202428278,0.18102259904479273
2024-10-31,0.226845946591651,0.0099450277406648,test,CNYPHP_RET,-0.06551017029497835,-0.05556514255431355
2024-11-01,0.0304932075361462,0.1290180337539313,test,CNYPHP_RET,0.011088287769166393,0.1401063215230977
2024-11-04,0.066653173792393,-0.0441177952614468,test,CNYPHP_RET,-0.025406071897744846,-0.06952386715919165
2024-11-05,0.5247260158456587,-0.0272778353869055,test,CNYPHP_RET,0.011038580900863064,-0.016239254486042437
2024-11-06,-0.1853578690680053,-0.2034675253571231,test,CNYPHP_RET,0.027447718564004124,-0.17601980679311896
2024-11-07,-0.2674179315316645,-0.0058951230311114,test,CNYPHP_RET,0.004643009860338126,-0.001252113170773274
2024-11-08,-0.5068076750909168,-0.066231442461207,test,CNYPHP_RET,-0.06583499448713284,-0.13206643694833986
2024-11-11,-0.2747472252638792,0.1921462380670681,test,CNYPHP_RET,-0.05023337772355621,0.1419128603435119
2024-11-12,0.0437918213382706,0.0475946186942989,test,CNYPHP_RET,-0.04679687993139729,0.0007977387629016092
2024-11-13,-0.009603936591415,-0.0287607910201561,test,CNYPHP_RET,0.0008184819496319803,-0.02794230907052412
2024-11-14,-0.1280879743469964,0.0220074516970388,test,CNYPHP_RET,0.004800948378316477,0.026808400075355277
2024-11-15,0.1969993678470409,0.2154454356058119,test,CNYPHP_RET,-0.042332898026682,0.1731125375791299
2024-11-18,-0.3792471355340932,-0.0670911570431877,test,CNYPHP_RET,-0.0022838515944197607,-0.06937500863760747
2024-11-19,-0.1530376742471781,0.0091646904836829,test,CNYPHP_RET,-0.06646461233574397,-0.057299921852061064
2024-11-20,0.478948263885641,-0.0129077927374729,test,CNYPHP_RET,-0.04604862369493328,-0.05895641643240618
2024-11-21,0.1527700280363868,-0.2001560663886787,test,CNYPHP_RET,0.029481747216116107,-0.1706743191725626
2024-11-22,-0.0596727968058155,0.0546183686477133,test,CNYPHP_RET,0.02222942907713513,0.07684779772484843
2024-11-25,-0.2030572614515401,0.1311788098723847,test,CNYPHP_RET,-0.03064405541019573,0.10053475446218897
2024-11-26,0.2570319853496736,-0.1161951545830003,test,CNYPHP_RET,-0.06491663818787807,-0.18111179277087835
2024-11-27,-0.1674254240170879,0.0194946775241905,test,CNYPHP_RET,0.024367619314689105,0.0438622968388796
2024-11-28,-0.3893356184817135,-0.0520305804245579,test,CNYPHP_RET,-0.05297331895919481,-0.10500389938375271
2024-11-29,0.03021429417723,0.1383646053987614,test,CNYPHP_RET,-0.06462998280521072,0.07373462259355067
2024-12-02,-0.1436588120310007,-0.044449802743285,test,CNYPHP_RET,-0.028598909200379163,-0.07304871194366416
2024-12-03,-0.3445204619421829,0.0591767989719619,test,CNYPHP_RET,-0.025632079337387453,0.03354471963457445
2024-12-04,-0.6630960520213576,0.0200701447422739,test,CNYPHP_RET,-0.05575457391580376,-0.03568442917352986
2024-12-05,0.0352971180634238,0.1530705222093306,test,CNYPHP_RET,-0.03625814430211794,0.11681237790721266
2024-12-06,-0.8300197792998781,0.0412257410743495,test,CNYPHP_RET,-0.031803615951259544,0.009422125123089958
2024-12-09,0.2193362952780551,0.2276399141505853,test,CNYPHP_RET,0.008777389376228732,0.23641730352681403
2024-12-10,0.4627141007362395,0.0007739270690664138,test,CNYPHP_RET,-8.92709515426658e-05,0.000684656117523748
2024-12-11,0.1437083804510244,-0.117469843710532,test,CNYPHP_RET,0.029658007981710064,-0.08781183572882194
2024-12-12,0.4010705175723424,0.0577308557542137,test,CNYPHP_RET,0.013192271605044895,0.0709231273592586
2024-12-13,-0.2832100583069274,-0.1397960415893272,test,CNYPHP_RET,0.021175063081918844,-0.11862097850740837
2024-12-16,0.376205494942911,0.1027700071322103,test,CNYPHP_RET,-0.0402143193333757,0.0625556877988346
2024-12-17,-0.0183451746704645,-0.1201043722544936,test,CNYPHP_RET,0.014108126748428686,-0.1059962455060649
2024-12-18,0.5059067652101641,0.0746714014291814,test,CNYPHP_RET,0.01094778970650419,0.08561919113568559
2024-12-19,0.7684519448947275,0.2988015877418723,test,CNYPHP_RET,0.02879553267204646,0.32759712041391875
2024-12-20,-1.0541880659714558,-0.1493999955420838,test,CNYPHP_RET,0.029701712577803588,-0.11969828296428021
2024-12-23,-0.1769251121269807,0.2571225439053134,test,CNYPHP_RET,0.015868690832961156,0.2729912347382746
2024-12-24,-0.4946927629160246,-0.0859809527349541,test,CNYPHP_RET,-0.05116966877528796,-0.13715062151024204
2024-12-25,-2.305488859939244,0.1086101624144804,test,CNYPHP_RET,-0.05498445767677288,0.05362570473770752
2024-12-26,1.5247456396470385,0.7918394441370288,test,CNYPHP_RET,1.329412328544737,2.1212517726817657
2024-12-27,-0.0565559247903685,-0.505879517658857,test,CNYPHP_RET,0.05651368216410518,-0.4493658354947518
2024-12-30,-0.1104091578816104,0.0139345817576243,test,CNYPHP_RET,0.029439080946227457,0.043373662703851755
2024-12-31,0.206343861712833,0.0836885286973141,test,CNYPHP_RET,-0.03398615092909996,0.04970237776821413
2025-01-01,0.0,-0.0171421477550815,test,CNYPHP_RET,0.011061393982414233,-0.006080753772667268
2025-01-02,-1.4126524549616364,0.0046752297273588,test,CNYPHP_RET,0.004495082451995657,0.009170312179354458
2025-01-03,1.4729853890343982,0.5957037350910027,test,CNYPHP_RET,0.27625268082481375,0.8719564159158164
2025-01-06,-0.1530807091546298,-0.4261851217062082,test,CNYPHP_RET,0.1415652482085212,-0.284619873497687
2025-01-07,-0.4159495286911399,-0.0958591646368436,test,CNYPHP_RET,0.014081629102909634,-0.08177753553393396
2025-01-08,0.218132513751631,0.1520718405037811,test,CNYPHP_RET,-0.06601873979591735,0.08605310070786376
2025-01-09,0.9001131986075517,-0.026623279144949,test,CNYPHP_RET,0.009668427713824443,-0.01695485143112456
2025-01-10,-0.7646353197950053,-0.2703815476431314,test,CNYPHP_RET,0.16600737502809806,-0.10437417261503332
2025-01-13,0.7738442391602,0.249058867143355,test,CNYPHP_RET,-0.043970595702926385,0.20508827144042863
2025-01-14,-0.1395852095598211,-0.1212917846298248,test,CNYPHP_RET,0.02846586904690518,-0.09282591558291962
2025-01-15,-0.0389160093175491,-0.0209239086739668,test,CNYPHP_RET,-0.002249319074232632,-0.02317322774819943
2025-01-16,-0.3929876383437638,-0.111698876658702,test,CNYPHP_RET,-0.0021812833967439597,-0.11388016005544596
2025-01-17,0.3215750428386585,0.172682204016195,test,CNYPHP_RET,-0.0668433622763031,0.1058388417398919
2025-01-20,-0.1149243041585567,-0.0952950666780244,test,CNYPHP_RET,0.010883640637464347,-0.08441142604056005
2025-01-21,-0.2553970918516877,0.0727525543569724,test,CNYPHP_RET,-0.0025530560331662455,0.07019949832380615
2025-01-22,0.9206689227542828,-0.1199790306257598,test,CNYPHP_RET,-0.0654365317742298,-0.1854155623999896
2025-01-23,-0.0514250114490299,-0.1001106620251258,test,CNYPHP_RET,0.17481054421734163,0.07469988219221584
2025-01-24,-0.1992177430037685,-0.0099253068430852,test,CNYPHP_RET,0.008347265511973975,-0.0015780413311112258
2025-01-27,0.3202960041996959,0.008082775414026,test,CNYPHP_RET,-0.05358132264345585,-0.04549854722942985
2025-01-28,0.3000513693340269,0.1470416811044704,test,CNYPHP_RET,0.017767918664281554,0.16480959976875198
2025-01-29,-0.6838262084385727,-0.1027314189365029,test,CNYPHP_RET,0.010845181645277152,-0.09188623729122575
2025-01-30,1.85809196399242,0.2552416599218038,test,CNYPHP_RET,-0.04022883126006707,0.21501282866173674
2025-01-31,-0.328583647392146,-0.2502428290526253,test,CNYPHP_RET,0.2384033578171131,-0.011839471235512183
2025-02-03,0.0705514055786027,0.0987166457147497,test,CNYPHP_RET,-0.018859193532387766,0.07985745218236193
2025-02-04,0.1268179580990671,0.2447190166315329,test,CNYPHP_RET,-0.004574489806143693,0.2401445268253892
2025-02-05,-0.8648921363276965,-0.3985794087468171,test,CNYPHP_RET,-0.031846100666858605,-0.4304255094136757
2025-02-06,-1.632458998845483,0.1057838135427781,test,CNYPHP_RET,-0.04686577434019654,0.05891803920258157
2025-02-07,0.1082722040206062,0.0855832881918163,test,CNYPHP_RET,1.5446070209958944,1.6301903091877108
2025-02-10,-1.078296558306878,-0.0819323183547638,test,CNYPHP_RET,0.005317038145600516,-0.07661528020916329
2025-02-11,0.6852346607562791,0.4843400530315505,test,CNYPHP_RET,0.013508379994508353,0.49784843302605886
2025-02-12,0.316970054969748,-0.3050389216679354,test,CNYPHP_RET,0.010782237617354003,-0.29425668405058136
2025-02-13,-0.3066642839336916,-0.1978643706615238,test,CNYPHP_RET,0.028081994904076403,-0.1697823757574474
2025-02-14,0.1789213212795415,-0.0178785437320934,test,CNYPHP_RET,-0.028815120070194895,-0.046693663802288295
2025-02-17,0.1284241628374235,-0.0583357028308117,test,CNYPHP_RET,0.010737613122435813,-0.04759808970837589
2025-02-18,0.4071924259767441,0.1237592760432016,test,CNYPHP_RET,0.0106788317458314,0.134438107789033
2025-02-19,0.2166707484384398,-0.0985483737068547,test,CNYPHP_RET,0.014951333416768374,-0.08359704029008633
2025-02-20,-0.1419475561505274,-0.1804426376331778,test,CNYPHP_RET,0.018087206234761528,-0.16235543139841627
2025-02-21,-0.2043386649121388,0.0210773470903985,test,CNYPHP_RET,0.007317189488302983,0.028394536578701484
2025-02-24,-0.151168912411492,0.0927310063844218,test,CNYPHP_RET,-0.06132948291478795,0.03140152346963385
2025-02-25,0.4520482553038616,0.1387441418783642,test,CNYPHP_RET,-0.06406470900078355,0.07467943287758065
2025-02-26,-0.2092541186792136,-0.0896348688647775,test,CNYPHP_RET,0.017883388707874797,-0.0717514801569027
2025-02-27,-0.1001183374539332,-0.0089277138647809,test,CNYPHP_RET,-0.03241769301725363,-0.04134540688203453
2025-02-28,-0.0558203582663642,0.1472272666169927,test,CNYPHP_RET,-0.022996886694561222,0.12423037992243148
2025-03-03,-0.1988118280921135,0.0028176313479176,test,CNYPHP_RET,-0.056879721821583976,-0.05406209047366638
2025-03-04,-0.3010633708017596,0.1060576659594172,test,CNYPHP_RET,-0.05655834507660154,0.04949932088281565
2025-03-05,0.1476944882838763,0.0061074001613158,test,CNYPHP_RET,-0.0552287565274518,-0.049121356366136
2025-03-06,-0.3868927604361251,-0.1374243155374485,test,CNYPHP_RET,0.010950097598242036,-0.12647421793920646
2025-03-07,-0.1537610598717438,0.0423667212597153,test,CNYPHP_RET,-0.06471332498706214,-0.022346603727346842
2025-03-10,0.0874585800649028,0.0851696004718687,test,CNYPHP_RET,-0.055270140644932554,0.02989945982693614
2025-03-11,0.2281072290246806,0.1341512408255538,test,CNYPHP_RET,0.0019811957094592763,0.13613243653501308
2025-03-12,-0.6620709280294804,-0.1249270899161011,test,CNYPHP_RET,0.010805215102496423,-0.11412187481360468
2025-03-13,0.714564205796363,0.1097299348548247,test,CNYPHP_RET,-0.04127028951994431,0.06845964533488039
2025-03-14,-0.078582068395356,-0.1016178536281675,test,CNYPHP_RET,0.027133714671608754,-0.07448413895655874
2025-03-17,-0.0384375715293367,0.0682289877411058,test,CNYPHP_RET,0.005366342659995489,0.07359533040110129
2025-03-18,0.0293629397850412,-0.0835785739791674,test,CNYPHP_RET,-0.028105292685941186,-0.11168386666510859
2025-03-19,0.0047346904088618,0.0044177184675756,test,CNYPHP_RET,0.011050168045037593,0.015467886512613192
2025-03-20,-0.442266327347627,-0.0189978987971566,test,CNYPHP_RET,0.0016131494654881159,-0.017384749331668486
2025-03-21,0.0641406450762624,0.1474232770606378,test,CNYPHP_RET,-0.05276629219965317,0.09465698486098462
2025-03-24,0.3420461026513234,-0.0417159117859975,test,CNYPHP_RET,-0.020435385139476545,-0.06215129692547404
2025-03-25,-0.2664167415474032,-0.1237688514572794,test,CNYPHP_RET,0.02539141211841763,-0.09837743933886177
2025-03-26,0.4345996377760326,0.1045773172945354,test,CNYPHP_RET,-0.03996880255352469,0.0646085147410107
2025-03-27,0.4253710953695308,-0.1217246610609968,test,CNYPHP_RET,0.019699346068576554,-0.10202531499242025
2025-03-28,-0.8533799263579562,-0.0852351695888834,test,CNYPHP_RET,0.027618616600365267,-0.05761655298851813
2025-03-31,0.1638802440348422,0.2188121656889794,test,CNYPHP_RET,-0.020788635400116447,0.19802353028886296
2025-04-01,-0.3614417581469317,0.0239909737129873,test,CNYPHP_RET,-0.011744736006749315,0.012246237706237985
2025-04-02,-0.1352269191467592,0.0825433010327799,test,CNYPHP_RET,-0.05852411266333026,0.02401918836944964
2025-04-03,-0.1010751987699762,-0.0780926332246118,test,CNYPHP_RET,-0.059943698636292966,-0.13803633186090475
2025-04-04,-0.263200207713025,0.2602634718112498,test,CNYPHP_RET,-0.003330696259365529,0.25693277555188426
2025-04-07,0.4582779751141724,-0.0372548748872169,test,CNYPHP_RET,-0.041910615735525014,-0.07916549062274192
2025-04-08,-0.3586627904859839,0.1343125074348744,test,CNYPHP_RET,0.029401774817325834,0.16371428225220025
2025-04-09,-0.0620118014192108,0.0930299163224189,test,CNYPHP_RET,-0.044083535390378695,0.04894638093204021
2025-04-10,-0.9645510227925392,-0.6876962829077417,test,CNYPHP_RET,-0.04387197135042928,-0.731568254258171
2025-04-11,0.7799015667381248,0.1651578132160814,test,CNYPHP_RET,-0.06670570948936551,0.09845210372671588
2025-04-14,0.3713984283321642,-0.2061257567027019,test,CNYPHP_RET,0.027595914159000087,-0.1785298425437018
2025-04-15,-0.6052902414886787,-0.3618862032927254,test,CNYPHP_RET,0.026841666249593974,-0.3350445370431314
2025-04-16,-0.7478137130781072,0.0505485743520059,test,CNYPHP_RET,-0.06400296781497282,-0.013454393462966917
2025-04-17,-0.1325511878092099,0.3166978483462963,test,CNYPHP_RET,-0.01236767837161234,0.30433016997468393
2025-04-18,0.0,-0.1384132549997397,test,CNYPHP_RET,-0.04903536094180038,-0.18744861594154008
2025-04-21,0.0,0.0089748271904911,test,CNYPHP_RET,0.01097665868135659,0.01995148587184769
2025-04-22,0.0544904704725145,0.0444031940124541,test,CNYPHP_RET,-0.00022816066683331704,0.044175033345620784
2025-04-23,-0.0884913484706725,-0.0618972063124264,test,CNYPHP_RET,0.003357968178188842,-0.05853923813423756
2025-04-24,0.2029871695477522,0.0525922551436817,test,CNYPHP_RET,-0.00419213354329542,0.04840012160038629
2025-04-25,-0.1773337496171221,-0.0165112323227202,test,CNYPHP_RET,0.010869580701755316,-0.005641651620964883
2025-04-28,-0.2898845460506696,0.0177764989199981,test,CNYPHP_RET,-0.045634290233976804,-0.027857791313978704
2025-04-29,0.1446341647995609,0.1042826609684758,test,CNYPHP_RET,-0.06665770451513099,0.03762495645334481
2025-04-30,-0.271119627278589,-0.159177537084977,test,CNYPHP_RET,0.0075196214987729845,-0.15165791558620403
2025-05-01,-0.3889096133254076,0.1746209268138433,test,CNYPHP_RET,-0.029861521124261464,0.14475940568958184
2025-05-02,0.1934614666135265,0.1421293190607164,test,CNYPHP_RET,-0.040505378860569444,0.10162394020014696
2025-05-05,-0.4484071283752198,-0.0209150672527701,test,CNYPHP_RET,0.008582941834434109,-0.01233212541833599
2025-05-06,-0.1050651623650808,0.0165280890618029,test,CNYPHP_RET,-0.05213428099488682,-0.03560619193308392
2025-05-07,0.462052946907072,-0.0601364378910944,test,CNYPHP_RET,-0.03307370409332168,-0.09321014198441607
2025-05-08,-0.0510934582908168,0.0608064506794205,test,CNYPHP_RET,0.02856357756320498,0.08937002824262548
2025-05-09,-0.0847985847103763,0.1193896656316888,test,CNYPHP_RET,-0.029847470027765537,0.08954219560392326
2025-05-12,-0.2148965943017559,0.0787918176253486,test,CNYPHP_RET,-0.057134960396746884,0.021656857228601722
2025-05-13,1.063161282774315,-0.0166516457911832,test,CNYPHP_RET,-0.06696488996322512,-0.08361653575440832
2025-05-14,0.0015034490718341,-0.2188945054858727,test,CNYPHP_RET,0.16113550421803635,-0.05775900126783634
2025-05-15,0.1255374930495479,-0.0475965095718132,test,CNYPHP_RET,0.011185301062089198,-0.036411208509724007
2025-05-16,-0.2982792857125009,-0.0407133936049724,test,CNYPHP_RET,0.010694924561948586,-0.030018469043023813
2025-05-19,0.2506987494806302,0.0532443526918353,test,CNYPHP_RET,-0.06550944013980652,-0.012265087447971217
2025-05-20,-0.0233035871757421,-0.0887712665240384,test,CNYPHP_RET,0.010743896477782225,-0.07802737004625618
2025-05-21,-0.6401728213762193,-0.0037292253306209,test,CNYPHP_RET,0.009631821057965546,0.005902595727344646
2025-05-22,0.2246737619095466,0.1776781010271454,test,CNYPHP_RET,-0.03925216421423545,0.13842593681290996
2025-05-23,0.1100663259675943,-0.0030877259453519,test,CNYPHP_RET,0.00819000961927454,0.005102283673922639
2025-05-26,-0.3442992074031515,-0.0106250589039525,test,CNYPHP_RET,0.01105110781301646,0.0004260489090639613
2025-05-27,-0.1789332348831681,0.024960585617839,test,CNYPHP_RET,-0.064967384598856,-0.040006798981017
2025-05-28,0.352128393572301,-0.0175338637258081,test,CNYPHP_RET,-0.057069354048077385,-0.07460321777388548
2025-05-29,-0.0901699575836877,-0.0423842013521626,test,CNYPHP_RET,0.02400572534165348,-0.018378476010509123
2025-05-30,0.3134456181776388,0.0448631301569551,test,CNYPHP_RET,-0.009716573606518047,0.03514655655043705
2025-06-02,0.3447374701087461,-0.2364144515362726,test,CNYPHP_RET,0.013729309410209356,-0.22268514212606325
2025-06-03,-0.4239046090789496,-0.1194405085793091,test,CNYPHP_RET,0.02681182708530741,-0.09262868149400169
2025-06-04,0.1169303072829814,0.0830021894178214,test,CNYPHP_RET,-0.06676777778084884,0.016234411636972562
2025-06-05,0.0,-0.0174179529853223,test,CNYPHP_RET,0.006790517767363482,-0.010627435217958819
2025-06-06,0.2732676543823275,-0.0053097603195342,test,CNYPHP_RET,0.0045374483791923124,-0.0007723119403418872
2025-06-09,-0.0814108648085302,0.0561936181271282,test,CNYPHP_RET,0.014531591079496408,0.0707252092066246
2025-06-10,-0.0036374861706052,-0.0384734066758613,test,CNYPHP_RET,-0.03834095200779331,-0.0768143586836546
2025-06-11,0.4078616251975232,0.0385516756764158,test,CNYPHP_RET,0.006898478366906692,0.04545015404332249
2025-06-12,-0.2040193155678702,-0.1549190982836965,test,CNYPHP_RET,0.02396958643974276,-0.13094951184395373
2025-06-13,-2.8378979939761018,-0.0470847584615324,test,CNYPHP_RET,-0.010083850632946905,-0.05716860909447931
2025-06-16,4.338310542988915,0.8645935539728336,test,CNYPHP_RET,1.7371707735092037,2.6017643274820372
2025-06-17,-0.1918358346905019,-1.3544517437121295,test,CNYPHP_RET,0.5375826433188209,-0.8168691003933086
2025-06-18,-0.5976290081466803,0.2084701144008176,test,CNYPHP_RET,0.11658113821303386,0.3250512526138515
2025-06-19,0.9848447183878624,0.210655354033332,test,CNYPHP_RET,-0.010073131059471947,0.20058222297386005
2025-06-20,-0.0859662437625976,-0.3518251908104244,test,CNYPHP_RET,0.07786291144453042,-0.273962279365894
2025-06-23,1.0331309699225029,0.0271174257952767,test,CNYPHP_RET,0.0135259146053445,0.0406433404006212
2025-06-24,-0.2968628564230779,-0.2787665743683521,test,CNYPHP_RET,0.180162191892781,-0.09860438247557113
2025-06-25,-1.4031229215209324,-0.1096097121630391,test,CNYPHP_RET,-0.002204786395755504,-0.11181449855879459
2025-06-26,0.3840825417813647,0.4141527065951371,test,CNYPHP_RET,-0.0184637519560815,0.39568895463905557
2025-06-27,-0.0179198550611427,-0.2344644578118024,test,CNYPHP_RET,-0.005044193375976347,-0.23950865118777873
2025-06-30,0.3949012739362869,0.0351828438110341,test,CNYPHP_RET,0.011079035525652038,0.046261879336686136
2025-07-01,-1.8079294406942483,-0.146287114973307,test,CNYPHP_RET,0.02296325675560142,-0.12332385821770557
2025-07-02,0.3401533385342513,0.5374851159418642,test,CNYPHP_RET,1.3124041543043998,1.8498892702462642
2025-07-03,0.7532220048468983,-0.0837151911263295,test,CNYPHP_RET,-0.05555760070990983,-0.13927279183623933
2025-07-04,0.2172743029028179,-0.2417091760594708,test,CNYPHP_RET,0.11679210829944864,-0.12491706776002215
2025-07-07,0.4366712862916094,-0.0628335444277342,test,CNYPHP_RET,0.02962337722069851,-0.03321016720703569
2025-07-08,-0.0581397741355743,-0.0758823651051602,test,CNYPHP_RET,0.029303612714293607,-0.04657875239086659
2025-07-09,-0.3906609414918364,-0.0068717767204804,test,CNYPHP_RET,0.004587114475588902,-0.0022846622448914975
2025-07-10,0.3037845797160919,0.0749403208541617,test,CNYPHP_RET,-0.05876735357021393,0.01617296728394777
2025-07-11,-0.0781190977180885,-0.0998080871032133,test,CNYPHP_RET,0.011467198465812593,-0.08834088863740071
2025-07-14,0.2032762871161744,0.0529220538178277,test,CNYPHP_RET,0.005173529398517275,0.058095583216344976
2025-07-15,0.3459388153139428,-0.0160722044467241,test,CNYPHP_RET,0.010869961576188684,-0.005202242870535414
2025-07-16,0.0517530604533601,-0.0079209985599944,test,CNYPHP_RET,0.02320739034393458,0.01528639178394018
2025-07-17,-1.2891925188467577,0.0093039356079832,test,CNYPHP_RET,0.009243554319208414,0.018547489927191615
2025-07-18,2.0056563240045064,0.4077155376015736,test,CNYPHP_RET,-0.01198313134646614,0.39573240625510747
2025-07-21,-0.3050825962335629,-0.6414516205818263,test,CNYPHP_RET,0.23569414001685665,-0.40575748056496963
2025-07-22,-0.0254948926710534,0.0570185277635665,test,CNYPHP_RET,0.020402189904111582,0.07742071766767808
2025-07-23,-0.3349222471564673,-0.0681277164921495,test,CNYPHP_RET,-0.020188689247205446,-0.08831640573935495
2025-07-24,-0.2171142439430509,-0.0034871027110332,test,CNYPHP_RET,-0.06620415986151011,-0.06969126257254331
2025-07-25,0.4810314591600144,0.143401958248251,test,CNYPHP_RET,-0.05913299591298888,0.08426896233526213
2025-07-28,0.639253048635236,-0.1218571182063721,test,CNYPHP_RET,0.020542025435407167,-0.10131509277096493
2025-07-29,-0.573970558025836,-0.0661869667606593,test,CNYPHP_RET,0.07056876828276357,0.004381801522104267
2025-07-30,0.4397449127817597,0.2197668178972466,test,CNYPHP_RET,-0.04289352095347657,0.17687329694377005
2025-07-31,0.0611377768964826,-0.0489324978000341,test,CNYPHP_RET,0.011173053898069264,-0.03775944390196484
2025-08-01,1.2369195898533656,0.1537753634449046,test,CNYPHP_RET,0.011034045159087728,0.16480940860399235
2025-08-04,-0.9521275611393044,-0.5021994134310653,test,CNYPHP_RET,0.15965953721093323,-0.3425398762201321
2025-08-05,-0.1866615595710554,0.0606557657122539,test,CNYPHP_RET,-0.04894402417938902,0.011711741532864882
2025-08-06,0.215647877599301,0.2135252330596623,test,CNYPHP_RET,-0.06447251214317824,0.14905272091648408
2025-08-07,-0.3435585122034225,-0.1826547595074797,test,CNYPHP_RET,0.0019504610490341887,-0.18070429845844552
2025-08-08,-0.3193432617278011,0.1045070295256068,test,CNYPHP_RET,-0.04565875334419581,0.05884827618141099
2025-08-11,-0.4071220624402152,0.0835620773555329,test,CNYPHP_RET,-0.0526788040055437,0.030883273349989193
2025-08-12,0.1526197327272485,0.2584827485121893,test,CNYPHP_RET,-0.044290745665247086,0.21419200284694218
2025-08-13,-0.1265863208808109,-0.1612822743836291,test,CNYPHP_RET,-0.02783812692996326,-0.18912040131359237
2025-08-14,-0.348532641154986,-5.527901648703123e-05,test,CNYPHP_RET,0.006881939106375896,0.006826660089888865
2025-08-15,0.6874500074946257,0.1594134220045238,test,CNYPHP_RET,-0.0634594243566894,0.0959539976478344
2025-08-18,-0.0569342962851088,-0.1799158763095361,test,CNYPHP_RET,0.028341737029662774,-0.15157413927987332
2025-08-19,-0.1736706713579245,0.0373376629403811,test,CNYPHP_RET,0.01106075629383598,0.04839841923421708
2025-08-20,0.3442722422369361,0.0923875557631728,test,CNYPHP_RET,-0.05859940954482779,0.03378814621834501
2025-08-21,-0.0064207534943342,-0.0638145010663943,test,CNYPHP_RET,0.012591356613721807,-0.051223144452672495
2025-08-22,0.1094814174373601,0.0870134117872781,test,CNYPHP_RET,0.00907512633344261,0.09608853812072071
2025-08-25,-1.159570225700809,-0.0200431524583699,test,CNYPHP_RET,0.005285509396294502,-0.014757643062075398
2025-08-26,0.6530626750403294,0.4396106404771713,test,CNYPHP_RET,-0.05146544788900123,0.38814519258817004
2025-08-27,0.4437286780580013,-0.0447327521584709,test,CNYPHP_RET,0.011003567775919751,-0.033729184382551146
2025-08-28,-0.5811469019031642,-0.1839114873736756,test,CNYPHP_RET,0.029545596828091488,-0.1543658905455841
2025-08-29,0.5495976060101966,0.1842942168337775,test,CNYPHP_RET,-0.05674422537881133,0.12754999145496618
2025-09-01,0.6864292946865234,-0.2112972398364928,test,CNYPHP_RET,0.02355423232544425,-0.18774300751104855
2025-09-02,-2.0922381820022267,-0.090442424388574,test,CNYPHP_RET,0.15275119453410285,0.06230877014552885
2025-09-03,2.1535604427311705,0.7894305457861408,test,CNYPHP_RET,1.5444126884461065,2.3338432342322473
2025-09-04,0.0030693377273361,-0.7112727918344219,test,CNYPHP_RET,0.08121151908413828,-0.6300612727502837
2025-09-05,-0.7115632404299705,-0.0427812781335533,test,CNYPHP_RET,0.04870598747125921,0.005924709337705912
2025-09-08,-0.1712258791798143,0.2363583429858698,test,CNYPHP_RET,-0.037526068140713416,0.1988322748451564
2025-09-09,0.0378164864607571,0.0569747976541042,test,CNYPHP_RET,-0.05515761572680625,0.0018171819272979547
2025-09-10,0.729955595060321,-0.0045077561607174,test,CNYPHP_RET,-0.0024455817286130293,-0.006953337889330429
2025-09-11,0.0589092090494767,-0.1668152067459581,test,CNYPHP_RET,0.05722318539063685,-0.10959202135532124
2025-09-12,0.130390998353167,-0.0753942659935495,test,CNYPHP_RET,0.011355117653409892,-0.0640391483401396
2025-09-15,0.0550197288158135,-0.0307485117430281,test,CNYPHP_RET,0.010852756565853501,-0.0198957551771746
2025-09-16,-0.1334860376828482,0.00985248926807,test,CNYPHP_RET,0.010581068687232744,0.020433557955302745
2025-09-17,-0.6428763994042563,-0.0246897989807421,test,CNYPHP_RET,-0.040190149551140864,-0.06487994853188296
2025-09-18,0.2855798215803353,0.1445581393976669,test,CNYPHP_RET,-0.03972676287037939,0.10483137652728751
2025-09-19,0.6600144851565299,0.009514940546961,test,CNYPHP_RET,0.010954970405446199,0.0204699109524072
2025-09-22,-0.1276937658893373,-0.2077134616703903,test,CNYPHP_RET,0.031391018242816565,-0.17632244342757372
2025-09-23,-0.5155749922731009,0.111077002723718,test,CNYPHP_RET,0.010372610812931289,0.12144961353664929
2025-09-24,0.724457827895628,0.1835406087003443,test,CNYPHP_RET,-0.039539394561160845,0.14400121413918346
2025-09-25,0.4655310839434707,-0.1618144193485947,test,CNYPHP_RET,0.02784665098713573,-0.13396776836145896
2025-09-26,0.6107643025445127,-0.09021232312624,test,CNYPHP_RET,0.0285252224933616,-0.0616871006328784
2025-09-29,0.1930473954742381,-0.1389859730046978,test,CNYPHP_RET,0.043854158951900764,-0.09513181405279705
2025-09-30,0.0555229961173628,-0.0716313542872854,test,CNYPHP_RET,0.019921692178632048,-0.051709662108653354
2025-10-01,0.3048300906862853,0.0469887702797923,test,CNYPHP_RET,0.011047707477091974,0.058036477756884274
2025-10-02,-0.1529340193329648,-0.1769713451986632,test,CNYPHP_RET,0.012966970200964288,-0.1640043749976989
2025-10-03,-0.2944976916618948,0.0392573005926635,test,CNYPHP_RET,0.0055073235252215145,0.04476462411788501
2025-10-06,-0.1259814403275591,0.1083578189709454,test,CNYPHP_RET,-0.06496011737772989,0.043397701593215515
2025-10-07,0.5734131513224182,0.1390522450992535,test,CNYPHP_RET,-0.06276047040627099,0.07629177469298253
2025-10-08,-0.3957052164379981,-0.1733359372245745,test,CNYPHP_RET,0.028934548146524075,-0.14440138907805042
2025-10-09,0.017363250656908,0.132142199567779,test,CNYPHP_RET,-0.060794652579919055,0.07134754698785994
2025-10-10,0.5932746230445709,0.0935804140156299,test,CNYPHP_RET,-0.030806536183603243,0.06277387783202666
2025-10-13,0.0677664678245891,-0.1957351695842394,test,CNYPHP_RET,0.029298644034073573,-0.16643652555016583
2025-10-14,-0.2819495143377714,0.0300641164871301,test,CNYPHP_RET,0.01335534241798911,0.04341945890511921
2025-10-15,-0.5307806462537786,0.1456947677412747,test,CNYPHP_RET,-0.06647140145026467,0.07922336629101004
2025-10-16,0.0246209046671044,-0.0485155093766488,test,CNYPHP_RET,-0.03689169253338549,-0.08540720191003429
2025-10-17,0.1207401267160006,0.1361495110928451,test,CNYPHP_RET,0.010062152644877167,0.14621166373772226
2025-10-20,0.0590306067221243,-0.0432093463100196,test,CNYPHP_RET,-0.0016054189196297794,-0.04481476522964938
2025-10-21,0.1863083531632299,-0.0681459613374497,test,CNYPHP_RET,0.010954519074499,-0.0571914422629507
2025-10-22,-0.0374526292617259,-0.0350006816269516,test,CNYPHP_RET,0.012749177617161121,-0.02225150400979048
2025-10-23,0.3056738656089166,0.1044288248420957,test,CNYPHP_RET,0.0010828803325008119,0.10551170517459652
2025-10-24,0.4103299985461356,-0.1605090217141457,test,CNYPHP_RET,0.010786655018034169,-0.14972236669611153
2025-10-27,0.1413227064037204,-0.1264280232569562,test,CNYPHP_RET,0.026939887746403237,-0.09948813551055297
2025-10-28,-0.8181840561774057,-0.0343677304764005,test,CNYPHP_RET,0.013666481584745309,-0.020701248891655193
2025-10-29,-0.2069029847951463,0.2987951298760229,test,CNYPHP_RET,-0.016551829788900855,0.28224330008712206
2025-10-30,-1.6912904251437508,0.1478618928924787,test,CNYPHP_RET,-0.043045500234579266,0.10481639265789944
2025-10-31,3.217284412722869,0.6266195321411981,test,CNYPHP_RET,1.6759429637677672,2.3025624959089654
2025-11-03,-0.7099319262285081,-1.065377293549119,test,CNYPHP_RET,0.16534867224782362,-0.9000286213012954
2025-11-04,-0.6198364334415987,0.272700288506067,test,CNYPHP_RET,0.022503247135973486,0.2952035356420405
2025-11-05,0.5949778946934913,0.0381468068274335,test,CNYPHP_RET,0.013634531955144915,0.051781338782578415
2025-11-06,0.2434942822934915,0.0419681796124715,test,CNYPHP_RET,0.027291998317505183,0.06926017792997669
2025-11-07,0.3234189252749072,-0.0799709406166038,test,CNYPHP_RET,0.010790267601837713,-0.06918067301476609
2025-11-10,-0.6086858072980975,-0.0803499677557862,test,CNYPHP_RET,0.027070108168023348,-0.05327985958776286
2025-11-11,0.6668174288216636,0.1564684801123175,test,CNYPHP_RET,-0.041660521812951885,0.11480795829936563
2025-11-12,0.0373624087660978,-0.1975707789171742,test,CNYPHP_RET,0.02898185040635406,-0.16858892851082014
2025-11-13,0.3914809199436259,-0.0690330420113118,test,CNYPHP_RET,0.011713276229580736,-0.057319765781731064
2025-11-14,-0.3602336670247282,-0.0680294000638057,test,CNYPHP_RET,0.029642559864092928,-0.03838684019971277
2025-11-17,0.2905362020107085,0.1510386622294101,test,CNYPHP_RET,-0.06697037706559046,0.08406828516381963
2025-11-18,-0.1253395529534914,-0.0521325964163168,test,CNYPHP_RET,0.01096781283520288,-0.04116478358111392
2025-11-19,-0.2719699919141109,0.1282085638797978,test,CNYPHP_RET,-0.017245548135784706,0.11096301574401309
2025-11-20,0.1955562019724581,0.0421589609502251,test,CNYPHP_RET,-0.0562941993638364,-0.0141352384136113
2025-11-21,0.093384547347265,0.0118955340239865,test,CNYPHP_RET,0.01084159025534161,0.02273712427932811
2025-11-24,-0.5762953387060207,-0.0141258020509736,test,CNYPHP_RET,0.010430139775798429,-0.0036956622751751714
2025-11-25,0.6118513229900354,0.0927630134855309,test,CNYPHP_RET,-0.0405327341818284,0.0522302793037025
2025-11-26,0.0336707462127132,-0.2814463140065567,test,CNYPHP_RET,0.02867804240272412,-0.25276827160383253
2025-11-27,0.1092649451405952,-0.0116587783219364,test,CNYPHP_RET,0.018076309148142865,0.0064175308262064655
2025-11-28,-0.2590064241653279,-0.0425401632550296,test,CNYPHP_RET,0.011063773111409233,-0.031476390143620366
2025-12-01,-0.1933492142715831,0.0895262121814141,test,CNYPHP_RET,-0.059693009684733116,0.029833202496680984
2025-12-02,-0.006661526783075,0.0398303485989698,test,CNYPHP_RET,-0.06688040550698486,-0.027050056908015062
2025-12-03,-0.1026255753642713,0.0038853097983298,test,CNYPHP_RET,-0.009357676885041145,-0.005472367086711345
2025-12-04,0.9008433062520064,0.0284986285987402,test,CNYPHP_RET,-0.02805352401742221,0.000445104581317992
2025-12-05,0.239008361828749,-0.2649159790755461,test,CNYPHP_RET,0.13868870621721094,-0.12622727285833515
2025-12-08,-0.3154192341893719,-0.0757210335478247,test,CNYPHP_RET,0.029181266442871962,-0.04653976710495274
2025-12-09,0.3904608804447549,0.1469339110786764,test,CNYPHP_RET,-0.06352103653246109,0.08341287454621531
2025-12-10,0.4518158082713896,-0.1077713496727583,test,CNYPHP_RET,0.012122872480849357,-0.09564847719190894
2025-12-11,-0.6102575391936278,-0.1819662149894701,test,CNYPHP_RET,0.027209841537336785,-0.15475637345213333
2025-12-12,-0.2023822723764441,0.0684234051837926,test,CNYPHP_RET,-0.052015536314216806,0.016407868869575792
2025-12-15,0.5558503201462818,0.0917393707330878,test,CNYPHP_RET,-0.06643588603633584,0.025303484696751963
2025-12-16,-0.5136271171221741,-0.1685897118451236,test,CNYPHP_RET,0.02967706254008469,-0.13891264930503894
2025-12-17,-0.401043849616331,0.1774887964817518,test,CNYPHP_RET,-0.06383999721058387,0.11364879927116794
2025-12-18,0.3129505436871229,0.1996716128782596,test,CNYPHP_RET,-0.040262322832221996,0.1594092900460376
2025-12-19,-0.0566307688664951,-0.0778585821991585,test,CNYPHP_RET,0.011051644136990462,-0.06680693806216804
2025-12-22,-0.1491846434234385,0.0142366511432796,test,CNYPHP_RET,0.005106651599542817,0.019343302742822414
2025-12-23,0.4792281007895615,-0.0311528183604869,test,CNYPHP_RET,-0.046412496987889046,-0.07756531534837595
2025-12-24,0.1170112664593124,-0.2360499251113649,test,CNYPHP_RET,0.028980801287906987,-0.20706912382345793
2025-12-25,0.0,-0.0197280613261178,test,CNYPHP_RET,0.022244155892849414,0.002516094566731613
2025-12-26,0.0646765755647836,0.0027922799922864,test,CNYPHP_RET,0.004886146754419888,0.007678426746706287
2025-12-29,-0.3254949440178439,-0.0255539323237489,test,CNYPHP_RET,0.009398308643641003,-0.016155623680107898
2025-12-30,0.746753928201459,0.1419125075972698,test,CNYPHP_RET,-0.06688370043876966,0.07502880715850015
2025-12-31,0.2070573014177843,-0.098788720559474,test,CNYPHP_RET,0.02713397030194857,-0.07165475025752543
2026-01-01,0.0,-0.0167860412426076,test,CNYPHP_RET,0.017104231329280975,0.00031819008667337625
2026-01-02,0.0458477511638534,0.0012722320522049,test,CNYPHP_RET,0.004440149544007014,0.005712381596211914
2026-01-05,-0.3381094211686182,-0.0082262886908454,test,CNYPHP_RET,0.007955516955113309,-0.0002707717357320911
2026-01-06,0.803063494156977,0.1501870242641161,test,CNYPHP_RET,-0.06529523885899308,0.08489178540512302
2026-01-07,0.3513422027361046,-0.3426875752006273,test,CNYPHP_RET,0.0317789144966829,-0.3109086607039444
2026-01-08,-0.1368152291603103,-0.082609781931744,test,CNYPHP_RET,0.04159234945346777,-0.041017432478276224
2026-01-09,-0.1467298291166234,0.021505777185964,test,CNYPHP_RET,-0.011535109165136413,0.009970668020827588
2026-01-12,0.166352747240655,0.1448520562735065,test,CNYPHP_RET,-0.047829127775548146,0.09702292849795835
2026-01-13,0.0029779067514152,-0.0361767686323365,test,CNYPHP_RET,0.005146275822023934,-0.031030492810312567
2026-01-14,0.4026465663395615,0.0579329096064762,test,CNYPHP_RET,0.007389880206642953,0.06532278981311915
2026-01-15,0.2175907403331577,-0.0842729815632726,test,CNYPHP_RET,0.02132705219997466,-0.06294592936329794
2026-01-16,-0.0964225214980916,-0.1195662405254407,test,CNYPHP_RET,0.0166991802214719,-0.10286706030396879
2026-01-19,-0.1059568728432647,0.0635969910675424,test,CNYPHP_RET,0.005381634349407098,0.06897862541694949
2026-01-20,0.0252780945314397,0.0334473149368366,test,CNYPHP_RET,-0.04821107039234595,-0.014763755455509349
2026-01-21,0.1177508554397067,0.0876463083347427,test,CNYPHP_RET,-6.156981002944176e-05,0.08758473852471325
2026-01-22,-0.3921652047842373,-0.0941596112660715,test,CNYPHP_RET,0.006317801479007627,-0.08784180978706388
2026-01-23,-0.3257422168800909,0.0237640302577899,test,CNYPHP_RET,-0.06691875885060324,-0.043154728592813336
2026-01-26,-0.1288357762848688,0.0020868155197964,test,CNYPHP_RET,-0.0633423257682948,-0.061255510248498395
2026-01-27,0.4218702801797739,-0.0577158065188492,test,CNYPHP_RET,-0.036157739446384486,-0.09387354596523369
2026-01-28,-0.5903291261515078,-0.1172175536955548,test,CNYPHP_RET,0.02966316801724543,-0.08755438567830937
2026-01-29,-0.0340781355856701,0.0803127403346991,test,CNYPHP_RET,-0.0460813536917959,0.0342313866429032
2026-01-30,0.323306138537654,0.0856797638271068,test,CNYPHP_RET,-0.030677269761400984,0.05500249406570582
2026-02-02,-0.467426839584226,-0.0950334046728397,test,CNYPHP_RET,0.01183376375726857,-0.08319964091557114
2026-02-03,0.6057501841870909,0.2449801584492037,test,CNYPHP_RET,-0.06040771188753674,0.18457244656166696
2026-02-04,0.2053733405885979,-0.1839703268524303,test,CNYPHP_RET,0.023075489792340177,-0.16089483706009014
2026-02-05,0.0186671645118973,0.005544574903037,test,CNYPHP_RET,0.02590189089481191,0.03144646579784891
2026-02-06,-0.385617572753736,0.1290324272778877,test,CNYPHP_RET,0.0038598210591834375,0.13289224833707114
2026-02-09,-0.9280513735813116,0.1628951752435432,test,CNYPHP_RET,-0.04242880143207337,0.12046637381146982
2026-02-10,0.6985593063063181,0.1005950484707581,test,CNYPHP_RET,-0.02626367232941756,0.07433137614134054
2026-02-11,0.248625529429641,-0.2442017234061177,test,CNYPHP_RET,0.026936215656589987,-0.21726550774952771
2026-02-12,-0.4059998609830109,-0.0269992446624339,test,CNYPHP_RET,0.029461687428849897,0.0024624427664159954
2026-02-13,-0.4401361615743677,0.2052857693395166,test,CNYPHP_RET,-0.059467309479373204,0.14581845986014338
2026-02-16,-0.4395633326911831,0.2099403436999044,test,CNYPHP_RET,-0.038905796297248094,0.17103454740265633
2026-02-17,0.2906010679830684,0.1153514386255594,test,CNYPHP_RET,-0.038717855734461806,0.07663358289109759
2026-02-18,-0.3200580112428216,-0.0885929089625592,test,CNYPHP_RET,0.01068642768614523,-0.07790648127641397
2026-02-19,0.3977515780654082,0.1296049929267679,test,CNYPHP_RET,-0.06232182637488147,0.06728316655188642
2026-02-20,0.1106767978630187,-0.0447908639718627,test,CNYPHP_RET,0.013696305352567677,-0.031094558619295026
2026-02-23,-0.1918230563852983,-0.0205665777931178,test,CNYPHP_RET,0.010822594748814824,-0.009743983044302976
2026-02-24,-0.5334404831872147,0.0592236280223315,test,CNYPHP_RET,-0.0487004180125028,0.010523210009828698
2026-02-25,0.4721791669166672,0.1338586190629893,test,CNYPHP_RET,-0.040090720638234593,0.09376789842475469
2026-02-26,-0.0097008033642848,-0.1325995732066291,test,CNYPHP_RET,0.020618693184222825,-0.11198088002240628
2026-02-27,0.4701886415248377,0.0552779147803578,test,CNYPHP_RET,0.011060923706847709,0.06633883848720551
2026-03-02,-0.1197253577916452,0.0047261865972983,test,CNYPHP_RET,0.02788637106591889,0.03261255766321719
2026-03-03,0.6676962641402002,0.2331284694674408,test,CNYPHP_RET,-0.034021868857498395,0.19910660060994242
2026-03-04,-0.1435709674029673,-0.1827612572888755,test,CNYPHP_RET,0.028943342943279646,-0.15381791434559583
2026-03-05,0.1762918768209418,-0.0056530161901501,test,CNYPHP_RET,0.007393781050432488,0.0017407648602823884
2026-03-06,0.6812481215295011,0.0311213143786612,test,CNYPHP_RET,0.010673361646966811,0.04179467602562801
2026-03-09,0.4334313230623212,-0.1380725647092667,test,CNYPHP_RET,0.031331852076572554,-0.10674071263269416
2026-03-10,-0.0069133135380577,-0.0361899755509767,test,CNYPHP_RET,0.026927804445771423,-0.009262171105205278
2026-03-11,-1.5063629240273169,-0.3077168525313489,test,CNYPHP_RET,0.006211593645724863,-0.301505258885624
2026-03-12,2.344294202882385,0.6291701913355188,test,CNYPHP_RET,-0.06901614989667151,0.5601540414388473
2026-03-13,0.2992803204256924,-0.4928696973770953,test,CNYPHP_RET,0.2798034601713912,-0.2130662372057041
2026-03-16,-2.609544318195577,-0.0766059130620623,test,CNYPHP_RET,0.08850979229347605,0.011903879231413755
2026-03-17,1.7059180540879393,0.6037176456320497,test,CNYPHP_RET,1.4544654449102699,2.0581830905423195
2026-03-18,0.2934029565589965,-0.9424574726803762,test,CNYPHP_RET,0.1504700118780505,-0.7919874608023256
2026-03-19,1.071421057862264,0.3335633799468562,test,CNYPHP_RET,0.08057546230190525,0.41413884224876146
2026-03-20,-0.7873267183147648,-0.2678831899527161,test,CNYPHP_RET,0.05879805866281203,-0.20908513128990408
2026-03-23,0.0784787988901164,0.0659019588617313,test,CNYPHP_RET,-0.04213626250918651,0.02376569635254478
2026-03-24,0.2273685372754685,0.061402989643678,test,CNYPHP_RET,0.00377099396199543,0.06517398360567343
2026-03-25,0.6333047248998299,-0.0720334637905389,test,CNYPHP_RET,0.010736494426221948,-0.06129696936431696
2026-03-26,-0.168400406557156,-0.3215948921531079,test,CNYPHP_RET,0.04536531234762187,-0.276229579805486
2026-03-27,0.2089589405074412,0.1851502547631841,test,CNYPHP_RET,0.010843468021235895,0.19599372278442
2026-03-30,0.5088111116272821,-0.0509308684155898,test,CNYPHP_RET,0.005475319611471682,-0.04545554880411812
2026-03-31,0.3134465895268564,-0.0542458023529511,test,CNYPHP_RET,0.02720538888344907,-0.02704041346950203
2026-04-01,0.0261622548079512,-0.3205177900585278,test,CNYPHP_RET,0.023802843747047348,-0.2967149463114805
2026-04-02,-0.3248361142747344,-0.0799179872560227,test,CNYPHP_RET,0.02154417919049585,-0.05837380806552685
2026-04-03,-0.1259031053698885,0.1321710243262816,test,CNYPHP_RET,-0.06418944681104502,0.06798157751523659
2023-01-04,-0.1046489224969836,-0.068246674908014,val,JPYPHP_RET,-0.02332875814690124,-0.09157543305491525
2023-01-05,-0.4805409515670975,0.1049482405640041,val,JPYPHP_RET,0.0028165799085439905,0.1077648204725481
2023-01-06,-1.027768307394895,-0.3286694500166909,val,JPYPHP_RET,0.016109186404899615,-0.3125602636117913
2023-01-09,0.3719101236904242,0.1670510624457601,val,JPYPHP_RET,0.04015994209485291,0.207211004540613
2023-01-10,-1.37264030252617,0.3886770081462499,val,JPYPHP_RET,-0.03147579684204439,0.3572012113042055
2023-01-11,-0.2271680815629959,0.414016123204873,val,JPYPHP_RET,0.17429832484850458,0.5883144480533776
2023-01-12,0.6792364829452091,0.0433103289509591,val,JPYPHP_RET,0.028704796784820602,0.0720151257357797
2023-01-13,2.0914341093380884,-0.1128806761141636,val,JPYPHP_RET,0.007205064499101781,-0.10567561161506181
2023-01-16,0.5360995398039909,-0.1776965243418345,val,JPYPHP_RET,0.20222945804431736,0.024532933702482856
2023-01-17,-0.6871946330099521,0.1058130166272912,val,JPYPHP_RET,0.006064676163056355,0.11187769279034755
2023-01-18,0.1685040655973574,0.0647148896215178,val,JPYPHP_RET,0.04834923557339173,0.11306412519490952
2023-01-19,-0.2009155711383234,-0.0477821002725625,val,JPYPHP_RET,-0.017462758296268126,-0.06524485856883062
2023-01-20,0.2522612002725551,0.2734866802047344,val,JPYPHP_RET,0.005713643904055148,0.27920032410878953
2023-01-23,-1.2509481728049574,-0.1058779139635449,val,JPYPHP_RET,0.0012976222722951409,-0.10458029169124976
2023-01-24,-1.2598304925384425,0.0057825343310053,val,JPYPHP_RET,-0.051060058494733,-0.045277524163727705
2023-01-25,0.9629269537629224,0.2246854881391886,val,JPYPHP_RET,-0.06373126018544605,0.16095422795374253
2023-01-26,0.5800482619051347,-0.1307160797530233,val,JPYPHP_RET,0.004524870181705017,-0.12619120957131827
2023-01-27,-0.8111690708997801,-0.2835646944121767,val,JPYPHP_RET,0.006225266359607841,-0.27733942805256884
2023-01-30,0.0319772011259399,0.1409708164957931,val,JPYPHP_RET,0.004057087117761071,0.14502790361355417
2023-01-31,-0.0398651974121466,0.0885043913668048,val,JPYPHP_RET,0.006459538254627512,0.09496392962143231
2023-02-01,0.2923543346737733,0.1755584374125642,val,JPYPHP_RET,0.006390850459825703,0.1819492878723899
2023-02-02,0.1569537847634895,0.1768327507987491,val,JPYPHP_RET,-0.01961151758871283,0.15722123321003628
2023-02-03,-0.7361780101418949,0.2772189268987856,val,JPYPHP_RET,0.0011513576461689291,0.2783702845449545
2023-02-06,-2.8476457188304063,0.4997325678348923,val,JPYPHP_RET,-0.003917997428169134,0.49581457040672317
2023-02-07,1.7971465616122249,0.228641350262471,val,JPYPHP_RET,0.5106172443347731,0.7392585945972441
2023-02-08,1.690839806008913,-0.8330322197871654,val,JPYPHP_RET,0.06042746858182773,-0.7726047512053377
2023-02-09,-0.809273199435744,-0.2275299542524633,val,JPYPHP_RET,0.08005433058214671,-0.14747562367031658
2023-02-10,-0.3472506443856453,0.4681172106788722,val,JPYPHP_RET,0.015270504079024166,0.4833877147578963
2023-02-13,-0.483042763853993,0.0631393767373288,val,JPYPHP_RET,0.04761708603602194,0.11075646277335074
2023-02-14,-0.0729483418969488,0.2192961089502549,val,JPYPHP_RET,0.007662158504579935,0.22695826745483483
2023-02-15,-0.0056875392110627,-0.2876129933431482,val,JPYPHP_RET,-0.005137974518328477,-0.2927509678614767
2023-02-16,0.1505711155540515,-0.4860936643019535,val,JPYPHP_RET,-0.03477973862704707,-0.5208734029290005
2023-02-17,-0.4658229061110673,-0.0157823657759059,val,JPYPHP_RET,0.007227489712079078,-0.008554876063826823
2023-02-20,0.2331424018174427,0.1429871876096809,val,JPYPHP_RET,-0.006776145030150789,0.13621104257953012
2023-02-21,-0.90958866962428,-0.0929775876372839,val,JPYPHP_RET,-0.015176638701525514,-0.10815422633880942
2023-02-22,-0.1245825177471096,0.308604029161849,val,JPYPHP_RET,0.04754253052432305,0.35614655968617204
2023-02-23,0.0271580591515007,-0.0689744301930654,val,JPYPHP_RET,-0.008068816940965683,-0.07704324713403109
2023-02-24,-0.0687544709777324,-0.2246785375927198,val,JPYPHP_RET,-0.016181343801510754,-0.24085988139423056
2023-02-27,-1.5644824424132266,0.0738323894276114,val,JPYPHP_RET,-0.025633910622636254,0.048198478804975145
2023-02-28,0.9832258218784428,0.2740459284804677,val,JPYPHP_RET,0.111431905339061,0.3854778338195287
2023-03-01,0.1848814672318112,-0.4890133347026213,val,JPYPHP_RET,0.006306151797566228,-0.4827071829050551
2023-03-02,-0.965922180081064,0.1635076735621173,val,JPYPHP_RET,0.007488866440312106,0.1709965400024294
2023-03-03,-0.1559546048593012,0.1198476656268259,val,JPYPHP_RET,-0.046635840003669514,0.0732118256231564
2023-03-06,1.597593502990502,-0.1516730425427898,val,JPYPHP_RET,-0.0037210249258913127,-0.15539406746868112
2023-03-07,-0.9252995808611564,-0.3277100642374939,val,JPYPHP_RET,-0.04945509269396564,-0.3771651569314595
2023-03-08,-0.6647792552105518,-0.1162475551899528,val,JPYPHP_RET,0.01884539392463465,-0.09740216126531816
2023-03-09,0.3732456588538733,-0.0374290506839177,val,JPYPHP_RET,0.008139221100934122,-0.029289829582983574
2023-03-10,0.263797349722085,0.447273382765988,val,JPYPHP_RET,-0.02268730350707104,0.42458607925891695
2023-03-13,0.8252271507035478,0.01318452314132,val,JPYPHP_RET,0.004100072235276366,0.017284595376596365
2023-03-14,1.555328263346053,0.7118450360241322,val,JPYPHP_RET,-0.0012085937757810026,0.7106364422483512
2023-03-15,-1.5245253836316153,0.0052076285106777,val,JPYPHP_RET,-0.0030966274935761576,0.0021110010171015428
2023-03-16,1.3731650613841704,0.0347896954207569,val,JPYPHP_RET,0.046887100135984607,0.08167679555674151
2023-03-17,-1.0961276535207882,-0.3401000155525003,val,JPYPHP_RET,0.14075758272266584,-0.19934243282983446
2023-03-20,0.880203039318189,0.2409528558604926,val,JPYPHP_RET,0.04713138091729168,0.2880842367777843
2023-03-21,-0.1044838577984036,-0.130192772024321,val,JPYPHP_RET,0.0073005801690981574,-0.12289219185522285
2023-03-22,-0.6972959923898845,-0.2117781920085164,val,JPYPHP_RET,-0.0047634661715068045,-0.21654165818002322
2023-03-23,1.1359022046606644,0.3639587707684122,val,JPYPHP_RET,-0.0027675663077851207,0.3611912044606271
2023-03-24,0.1015668163027535,-0.023937873108344,val,JPYPHP_RET,0.0019274419014210504,-0.022010431206922948
2023-03-27,0.0200535659463143,0.2652620477178531,val,JPYPHP_RET,-0.021019966806534108,0.244242080911319
2023-03-28,-0.6700376425226768,-0.2213247654025962,val,JPYPHP_RET,-0.0009386723583565938,-0.2222634377609528
2023-03-29,0.5191349126505851,0.1222570926254783,val,JPYPHP_RET,-0.006892479027211063,0.11536461359826725
2023-03-30,-1.1957772761717385,-0.3310400327438219,val,JPYPHP_RET,-0.02481093037953791,-0.3558509631233598
2023-03-31,-0.4003075813597141,0.1627337521890143,val,JPYPHP_RET,0.04188276564759618,0.2046165178366105
2023-04-03,-0.168499986345163,-0.0294858984471896,val,JPYPHP_RET,0.011174712660531341,-0.01831118578665826
2023-04-04,1.2376553879555896,0.1550897009977332,val,JPYPHP_RET,0.0061772479393267295,0.16126694893705992
2023-04-05,0.1206235045348185,-0.1748116992877359,val,JPYPHP_RET,0.03954496285355618,-0.13526673643417972
2023-04-06,0.8724472523835143,0.0414869828199141,val,JPYPHP_RET,-0.034497239990910915,0.006989742829003186
2023-04-07,-0.6001665754485128,-0.1407244653192623,val,JPYPHP_RET,-0.002441612865032153,-0.14316607818429444
2023-04-10,-0.1044409356604069,0.0861436223733071,val,JPYPHP_RET,-0.005881787971009701,0.0802618344022974
2023-04-11,-0.8301195922442661,-0.2467087278834953,val,JPYPHP_RET,0.0036174604549743207,-0.24309126742852097
2023-04-12,0.4624784422440817,0.0496429494218925,val,JPYPHP_RET,0.015643268036950052,0.06528621745884255
2023-04-13,0.6722098703112701,0.0211058837706481,val,JPYPHP_RET,-0.02234341954771644,-0.0012375357770683416
2023-04-14,0.5463953863102405,-0.1071790635162613,val,JPYPHP_RET,0.007528816930902746,-0.09965024658535855
2023-04-17,-0.8859321658700113,-0.1601541449698105,val,JPYPHP_RET,0.0075545156150428295,-0.15259962935476767
2023-04-18,0.9026184307402948,0.0023280082893708,val,JPYPHP_RET,0.04410436106572781,0.046432369355098604
2023-04-19,0.6579331337453322,-0.253851770576703,val,JPYPHP_RET,-0.0035721295509809703,-0.25742390012768396
2023-04-20,-0.393417662918031,-0.2282394736153538,val,JPYPHP_RET,-0.0030232849742338258,-0.2312627585895876
2023-04-21,-0.1234999968027295,0.1313042720670034,val,JPYPHP_RET,0.005167184309727734,0.13647145637673114
2023-04-24,-0.0543673207703817,0.1551192381050674,val,JPYPHP_RET,-0.0018174852715938845,0.1533017528334735
2023-04-25,-0.5491099130674183,0.1031007697535062,val,JPYPHP_RET,0.0021813425867355163,0.10528211234024171
2023-04-26,-0.0815951372588409,0.1573911839318608,val,JPYPHP_RET,0.031100445114357295,0.1884916290462181
2023-04-27,0.4094057363593662,0.3566212823652547,val,JPYPHP_RET,-0.00037268408303307306,0.3562485982822216
2023-04-28,-0.1262652161663052,-0.3568620226831731,val,JPYPHP_RET,-0.008964874776326527,-0.3658268974594996
2023-05-01,-2.1918387030927478,-0.0739583213750405,val,JPYPHP_RET,-0.033474633170665874,-0.10743295454570638
2023-05-02,-0.7242452066877627,0.0598448016807673,val,JPYPHP_RET,0.4589059690482532,0.5187507707290205
2023-05-03,0.5754190473682834,0.3619730909199255,val,JPYPHP_RET,0.04832520101859134,0.41029829193851686
2023-05-04,1.246858745804324,0.3883522419106046,val,JPYPHP_RET,-0.032235042610656794,0.3561171992999478
2023-05-05,0.2987671858624309,0.2424351231831567,val,JPYPHP_RET,-0.0036628058984709087,0.2387723172846858
2023-05-08,-0.8386590956603579,-0.177864268434741,val,JPYPHP_RET,-0.009540506682912392,-0.1874047751176534
2023-05-09,0.3461179065809261,-0.0924288928275057,val,JPYPHP_RET,0.03291147408087179,-0.05951741874663391
2023-05-10,0.4344794134330014,-0.1623508427474465,val,JPYPHP_RET,-0.01807281935610446,-0.18042366210355096
2023-05-11,0.6403232040791742,-0.2490602946120481,val,JPYPHP_RET,0.005037622767176596,-0.2440226718448715
2023-05-12,0.097630538230809,-0.3296635652366359,val,JPYPHP_RET,-0.0038680166115737206,-0.33353158184820964
2023-05-15,-0.972426676678521,0.0402427812057069,val,JPYPHP_RET,-0.019977239203466328,0.020265542002240573
2023-05-16,0.218365983603688,0.3045171882854367,val,JPYPHP_RET,-0.0036315962768474807,0.3008855920085892
2023-05-17,-0.0776966805372277,-0.1897056743315764,val,JPYPHP_RET,0.005982727063377051,-0.18372294726819935
2023-05-18,-1.1582144781538473,-0.3856585998441539,val,JPYPHP_RET,-0.0188259971750163,-0.4044845970191702
2023-05-19,-1.100369432378728,-0.2905955116298396,val,JPYPHP_RET,0.048035472779670914,-0.2425600388501687
2023-05-22,0.3648328487830622,0.1135185778265567,val,JPYPHP_RET,0.04790811751849954,0.16142669534505624
2023-05-23,-0.8584971235090243,0.0452747283532384,val,JPYPHP_RET,-0.03444861141101662,0.010826116942221777
2023-05-24,0.5238598233761305,0.1142549456145445,val,JPYPHP_RET,0.03344745053186596,0.14770239614641045
2023-05-25,-0.7046411750977015,-0.2137267933639158,val,JPYPHP_RET,-0.02285651317130622,-0.23658330653522203
2023-05-26,0.1543151896750439,-0.0470740867243721,val,JPYPHP_RET,-0.0020107831196421446,-0.049084869844014244
2023-05-29,-0.9027340508313224,-0.0243162216386357,val,JPYPHP_RET,-0.031144036423012063,-0.05546025806164776
2023-05-30,0.6823619321665217,0.0933141726153402,val,JPYPHP_RET,0.039301752123650814,0.132615924738991
2023-05-31,0.8614833997416891,-0.1381351387935613,val,JPYPHP_RET,0.004380516593251563,-0.13375462220030973
2023-06-01,0.4608770886079199,-0.1411504669986075,val,JPYPHP_RET,0.01060398964856091,-0.1305464773500466
2023-06-02,-0.216507155587375,-0.1323151774106866,val,JPYPHP_RET,0.005435643818683901,-0.1268795335920027
2023-06-05,-1.1406347797425014,0.063604398087252,val,JPYPHP_RET,0.0059130551952620665,0.06951745328251407
2023-06-06,0.6055043031136188,0.2390529773137097,val,JPYPHP_RET,-0.06252613721873418,0.17652684009497552
2023-06-07,0.0305306888411907,-0.2248371207701316,val,JPYPHP_RET,-0.028945293700050112,-0.2537824144701817
2023-06-08,-0.1985532543241489,-0.1412936204858024,val,JPYPHP_RET,-0.03456939720176718,-0.1758630176875696
2023-06-09,0.6095961684556692,0.2296207028462363,val,JPYPHP_RET,0.004493640575375304,0.2341143434216116
2023-06-12,-0.3473240501919684,-0.0488187830469593,val,JPYPHP_RET,-0.02721248763026909,-0.0760312706772284
2023-06-13,-0.0709714669837089,0.1642853296838279,val,JPYPHP_RET,-0.00564886194602444,0.15863646773780346
2023-06-14,-0.8146955734318805,-0.1153218344293428,val,JPYPHP_RET,-3.6244980246902353e-05,-0.1153580794095897
2023-06-15,0.2035848375071008,0.1140045243549251,val,JPYPHP_RET,0.04020584105070251,0.1542103654056276
2023-06-16,-0.4851854506197754,0.2163412003274272,val,JPYPHP_RET,-0.015079905914422712,0.2012612944130045
2023-06-19,-1.2608857716172437,-0.0017323717772975,val,JPYPHP_RET,0.0405618178454297,0.0388294460681322
2023-06-20,0.0097516452589595,0.0407850394616142,val,JPYPHP_RET,-0.06416484745361138,-0.02337980799199718
2023-06-21,0.0909050199684048,-0.1285323636495597,val,JPYPHP_RET,0.002306975083639951,-0.12622538856591975
2023-06-22,-0.1900597001339062,0.2057578666771706,val,JPYPHP_RET,-0.03271096830159369,0.1730468983755769
2023-06-23,-1.0092754127513557,-0.1048244463532806,val,JPYPHP_RET,-0.009523025253583652,-0.11434747160686426
2023-06-26,0.0153272398301763,0.1858503116177149,val,JPYPHP_RET,0.03327239574712763,0.21912270736484252
2023-06-27,-0.0709879297125044,0.1229035135232997,val,JPYPHP_RET,0.004883487051184594,0.1277870005744843
2023-06-28,-1.2645854609565483,-0.0450007321736235,val,JPYPHP_RET,0.003381405185153995,-0.041619326988469506
2023-06-29,-0.1181010779320659,0.0878692056356218,val,JPYPHP_RET,-0.0639218453095449,0.023947360326076902
2023-06-30,0.0276334016812137,-0.2597464568328325,val,JPYPHP_RET,0.002463382574278052,-0.25728307425855446
2023-07-03,-0.0537630104447499,-0.0161696288724378,val,JPYPHP_RET,-0.0346972365920106,-0.0508668654644484
2023-07-04,-0.1395894770600706,-0.0463739340250549,val,JPYPHP_RET,0.0029254212125052414,-0.04344851281254966
2023-07-05,0.1448991907475157,-0.0365830052711504,val,JPYPHP_RET,0.006196022209609188,-0.030386983061541216
2023-07-06,0.2857197865543395,-0.1265163144480337,val,JPYPHP_RET,-0.028980917558147107,-0.15549723200618082
2023-07-07,0.7240252561926381,-0.0275983705940139,val,JPYPHP_RET,-0.02243909167264017,-0.05003746226665407
2023-07-10,0.978261599422981,-0.2295183224901668,val,JPYPHP_RET,0.0035372940307056293,-0.22598102845946116
2023-07-11,0.6919949837968923,0.2316110693311528,val,JPYPHP_RET,0.09938633959994642,0.3309974089310992
2023-07-12,0.3253415008956813,-0.1243582526581918,val,JPYPHP_RET,-0.014287979557842164,-0.13864623221603395
2023-07-13,-0.0712716326335497,0.3848748076642992,val,JPYPHP_RET,-0.01614910664384472,0.3687257010204545
2023-07-14,-0.1478558530894788,0.5166591896877492,val,JPYPHP_RET,-0.00620933753878722,0.5104498521489619
2023-07-17,-0.4386598010151517,-0.0049538438395329,val,JPYPHP_RET,0.033678994941628716,0.028725151102095815
2023-07-18,0.0305056320017142,0.0641533484146428,val,JPYPHP_RET,-0.00803495403538362,0.05611839437925918
2023-07-19,-0.2568745183064161,-0.227979047782529,val,JPYPHP_RET,0.0025589902492751033,-0.2254200575332539
2023-07-20,0.0746659372242827,-0.0777583970189022,val,JPYPHP_RET,0.0020954890761770875,-0.07566290794272512
2023-07-21,-0.1262965583546146,-0.579771897552531,val,JPYPHP_RET,-0.025133319271226785,-0.6049052168237578
2023-07-24,-1.2132667022040895,0.2043601308775963,val,JPYPHP_RET,-0.015492675064982222,0.18886745581261408
2023-07-25,-0.2694111839747686,0.0128237751189216,val,JPYPHP_RET,-0.01727831733947407,-0.0044545422205524675
2023-07-26,0.504646008111705,0.0439745882520008,val,JPYPHP_RET,-0.004286410043236894,0.0396881782087639
2023-07-27,0.2781142542778375,0.1523485339888678,val,JPYPHP_RET,-0.014237791572223497,0.1381107424166443
2023-07-28,1.655051692220479,-0.1950938843836381,val,JPYPHP_RET,-0.02106171082596482,-0.21615559520960292
2023-07-31,-1.1304239892984058,-0.2033807883610736,val,JPYPHP_RET,-0.05788841453642347,-0.26126920289749705
2023-08-01,-1.4432198857266865,0.0873331962566923,val,JPYPHP_RET,0.026946908668674538,0.11428010492536683
2023-08-02,-0.1615957399997203,0.0189380684216833,val,JPYPHP_RET,0.047388561601396435,0.06632663002307973
2023-08-03,0.5590093739920403,-0.114411405185943,val,JPYPHP_RET,0.004289325266259048,-0.11012207991968395
2023-08-04,1.2403001913805367,-0.1904855099881558,val,JPYPHP_RET,0.007495869125506411,-0.1829896408626494
2023-08-07,-0.5929939469287522,-0.1533605117528672,val,JPYPHP_RET,0.1326366646394548,-0.02072384711341238
2023-08-08,1.4829444601622424,0.3315221901537833,val,JPYPHP_RET,-0.007621601717997736,0.32390058843578556
2023-08-09,-0.3747296381739556,-1.050591843383757,val,JPYPHP_RET,0.07192929342663008,-0.978662549957127
2023-08-10,-0.2969035911524441,0.0512747022319494,val,JPYPHP_RET,0.007457101697609668,0.05873180392955907
2023-08-11,-1.0247232522767804,0.1056612169799847,val,JPYPHP_RET,-0.008784498743726036,0.09687671823625867
2023-08-14,0.7618252155455645,0.1334278768196229,val,JPYPHP_RET,-0.046919985201287116,0.08650789161833577
2023-08-15,0.0753084780067213,-0.1810377852293968,val,JPYPHP_RET,0.006937223641047838,-0.17410056158834897
2023-08-16,-0.1315815807114614,-0.1419486598576658,val,JPYPHP_RET,-0.03459506885051472,-0.17654372870818053
2023-08-17,-0.8897083292734917,-0.0191527456360048,val,JPYPHP_RET,-0.0025821492796649884,-0.021734894915669788
2023-08-18,0.563315674865515,0.2923598847549564,val,JPYPHP_RET,0.04083620000466485,0.33319608475962126
2023-08-21,-0.7167361184255138,-0.0997505008387718,val,JPYPHP_RET,-0.034815787035432845,-0.13456628787420463
2023-08-22,-0.447866939561855,0.336386451856938,val,JPYPHP_RET,0.023267468406059845,0.35965392026299786
2023-08-23,0.1206891037068121,0.2735113315343908,val,JPYPHP_RET,0.04832722649865168,0.32183855803304245
2023-08-24,1.2481589272632247,-0.2604998731180009,val,JPYPHP_RET,0.005725979530067466,-0.2547738935879334
2023-08-25,-0.5962213782264745,0.0124210728073987,val,JPYPHP_RET,0.09869624469118035,0.11111731749857905
2023-08-28,-0.3595558031095709,-0.3926375429200811,val,JPYPHP_RET,0.02136494902483202,-0.371272593895249
2023-08-29,0.2487201264430186,-0.0965477738793117,val,JPYPHP_RET,-0.005868252053532037,-0.10241602593284374
2023-08-30,0.2602601995995587,0.008579485866339,val,JPYPHP_RET,-0.031266376002524826,-0.022686890136185828
2023-08-31,0.0738670478032066,-0.0412295685058555,val,JPYPHP_RET,-0.03446048403417784,-0.07569005254003333
2023-09-01,0.1753698743007461,-0.2636040979023484,val,JPYPHP_RET,-0.0193334878671505,-0.2829375857694989
2023-09-04,-0.5508999709626008,0.0900327057811106,val,JPYPHP_RET,-0.017999695107883202,0.0720330106732274
2023-09-05,-0.2526136558597216,0.5322569821204151,val,JPYPHP_RET,0.028649380326793553,0.5609063624472086
2023-09-06,0.064502656679292,-0.7345237808828744,val,JPYPHP_RET,0.048334348304284236,-0.6861894325785902
2023-09-07,-0.2473088566460235,-0.1521660768136511,val,JPYPHP_RET,-0.000238906813256549,-0.15240498362690766
2023-09-08,-0.1698173515609216,0.0330484573197329,val,JPYPHP_RET,0.006243925007385862,0.03929238232711876
2023-09-11,0.1145374204659593,0.0452221828824934,val,JPYPHP_RET,0.0027071491493885808,0.04792933203188198
2023-09-12,0.3420167714705358,0.523313870209626,val,JPYPHP_RET,-0.011680484493061409,0.5116333857165647
2023-09-13,-0.4449878743547994,-0.431051582685098,val,JPYPHP_RET,0.004240841142474813,-0.4268107415426232
2023-09-14,-0.1223620886241572,-0.053341464057931,val,JPYPHP_RET,0.0004843641887319225,-0.05285709986919908
2023-09-15,0.1000566743665556,-0.288878881600457,val,JPYPHP_RET,0.005218913662847844,-0.28365996793760917
2023-09-18,-0.0342524123991741,-0.0070364243649965,val,JPYPHP_RET,-0.02596948619034282,-0.03300591055533932
2023-09-19,-0.2838275287897619,-0.0920595825751695,val,JPYPHP_RET,0.0019259828675625423,-0.09013359970760695
2023-09-20,0.1507508557880195,0.081462613021448,val,JPYPHP_RET,0.003533797321243911,0.08499641034269191
2023-09-21,-0.369979732192893,0.0819111583573049,val,JPYPHP_RET,-0.011675991144476514,0.0702351672128284
2023-09-22,0.4909594564443524,0.2481996789152397,val,JPYPHP_RET,-0.006609887327498008,0.2415897915877417
2023-09-25,-0.4544066963683414,-0.1351072105241743,val,JPYPHP_RET,-0.03411803567291146,-0.16922524619708576
2023-09-26,-0.1868004410896196,-0.1914673384515249,val,JPYPHP_RET,-0.0071876787315874255,-0.19865501718311232
2023-09-27,0.4863661219797167,-0.047834418724023,val,JPYPHP_RET,-0.0018171465438933648,-0.049651565267916364
2023-09-28,-0.7413664965614103,-0.4680841376594288,val,JPYPHP_RET,-0.0021272724468655775,-0.47021141010629436
2023-09-29,-0.4714502010158671,0.3663176469707097,val,JPYPHP_RET,-0.003496482874241768,0.3628211640964679
2023-10-02,-0.0352464664620374,0.1762834737325989,val,JPYPHP_RET,0.045719862478800444,0.22200333621139934
2023-10-03,-0.08612797010428,0.3126829352653915,val,JPYPHP_RET,0.0020147101692522687,0.31469764543464374
2023-10-04,0.5569443834414353,0.2035946223354082,val,JPYPHP_RET,-0.009476406807550745,0.19411821552785746
2023-10-05,-0.2380422776661049,-0.0103923429175886,val,JPYPHP_RET,-0.030441216113751786,-0.04083355903134039
2023-10-06,0.3770907211214322,0.2910587104378763,val,JPYPHP_RET,0.0006406411940228819,0.2916993516318992
2023-10-09,-0.3818955589497102,-0.1092587738907397,val,JPYPHP_RET,-0.014482765513295765,-0.12374153940403546
2023-10-10,0.9122695952852088,-0.5079370906488527,val,JPYPHP_RET,-0.0034387174804953115,-0.511375808129348
2023-10-11,-0.380458914839867,-0.1414216425059472,val,JPYPHP_RET,0.13542075519418412,-0.00600088731176307
2023-10-12,-0.718939667361706,-0.094017192023785,val,JPYPHP_RET,-0.00037729716287389077,-0.0943944891866589
2023-10-13,-0.0703979199233287,-0.0628136218348894,val,JPYPHP_RET,0.02506928344111853,-0.037744338393770865
2023-10-16,0.1972012395914576,-0.0781552277143877,val,JPYPHP_RET,-0.00026617084680365485,-0.07842139856119135
2023-10-17,-0.3254338341880508,0.4550817891690826,val,JPYPHP_RET,-0.03482217294408225,0.42025961622500035
2023-10-18,-0.1350630372608493,-0.4678223746859535,val,JPYPHP_RET,0.04826624456410841,-0.4195561301218451
2023-10-19,0.3886513728474445,0.0276150888814298,val,JPYPHP_RET,-0.032386469181573306,-0.004771380300143506
2023-10-20,-0.1650786825825469,0.3271653473106957,val,JPYPHP_RET,-0.029586475241483372,0.2975788720692123
2023-10-23,-0.0520571336748487,0.006886220446118,val,JPYPHP_RET,-0.0018186374827053576,0.005067582963412642
2023-10-24,-0.100499472650761,0.2001366049799337,val,JPYPHP_RET,0.004607389357462665,0.20474399433739637
2023-10-25,-0.0161501795111234,-0.412433430233021,val,JPYPHP_RET,-0.0058183139257566305,-0.41825174415877764
2023-10-26,-0.0181237949715147,-0.0039565274050777,val,JPYPHP_RET,-0.024899388974271262,-0.028855916379348964
2023-10-27,0.0328035011532498,0.1055479122253614,val,JPYPHP_RET,0.0005109329001049772,0.10605884512546639
2023-10-30,0.4130659384992357,-0.2266318995966134,val,JPYPHP_RET,0.005414608365206835,-0.22121729123140657
2023-10-31,0.1186998088849548,0.699993070133329,val,JPYPHP_RET,0.007312382930375472,0.7073054530637045
2023-11-01,-1.3212333759328658,-0.9241629454387013,val,JPYPHP_RET,0.015170092841507273,-0.908992852597194
2023-11-02,0.2524549845711745,-0.0717888982865045,val,JPYPHP_RET,-0.009504948446088275,-0.08129384673259278
2023-11-03,-0.2309935559829455,0.0724435812766194,val,JPYPHP_RET,-0.03303453787087767,0.03940904340574173
2023-11-06,-0.7345652915906569,0.1379348571258834,val,JPYPHP_RET,-0.006037368943885669,0.13189748818199773
2023-11-07,-0.2870843316910109,0.1554537912143062,val,JPYPHP_RET,0.04046946869044293,0.19592325990474913
2023-11-08,0.0836612014393436,-0.0956675969274553,val,JPYPHP_RET,-0.007400968540570196,-0.1030685654680255
2023-11-09,-0.633047270985183,-0.0785246192179086,val,JPYPHP_RET,-0.028722012415499848,-0.10724663163340845
2023-11-10,0.0264120838176836,0.0261657959543002,val,JPYPHP_RET,0.009374715222354875,0.035540511176655076
2023-11-13,-0.163301784725278,-0.1147708169449241,val,JPYPHP_RET,-0.0012423884076649728,-0.11601320535258906
2023-11-14,-0.2904730914979941,0.5191020119309344,val,JPYPHP_RET,0.003851564568448172,0.5229535764993826
2023-11-15,0.2258564147671024,0.1158843449116073,val,JPYPHP_RET,0.04791712653583593,0.16380147144744323
2023-11-16,-0.0667635947986488,-0.0437865270131897,val,JPYPHP_RET,-0.018489708888204618,-0.06227623590139432
2023-11-17,0.1402581458333084,0.0496098998347929,val,JPYPHP_RET,0.0014851493820386673,0.05109504921683157
2023-11-20,0.0859787408217495,-0.1357690385990381,val,JPYPHP_RET,-0.01525958782657801,-0.15102862642561612
2023-11-21,0.5779056087535589,0.1413730719890284,val,JPYPHP_RET,-0.03288234481688425,0.10849072717214416
2023-11-22,0.4405518722416457,0.0454434086673211,val,JPYPHP_RET,-0.018416897723131435,0.027026510944189664
2023-11-23,-0.8139171678770352,0.0322941665875581,val,JPYPHP_RET,-0.02507337107975223,0.007220795507805869
2023-11-24,-0.3142329521921078,-0.1222079645438066,val,JPYPHP_RET,0.04469993898132014,-0.07750802556248645
2023-11-27,0.5470067486629464,0.3477920159633227,val,JPYPHP_RET,0.0035155045153554346,0.35130752047867814
2023-11-28,0.4782869031346387,-0.1247578143072573,val,JPYPHP_RET,-0.030928995974891342,-0.15568681028214865
2023-11-29,0.0142100937534881,-0.1298621679554482,val,JPYPHP_RET,0.00550966725173267,-0.12435250070371552
2023-11-30,0.6888667085700709,0.4379569450813318,val,JPYPHP_RET,-0.023903652118257197,0.41405329296307464
2023-12-01,-0.1051532229567948,-0.3412892705292811,val,JPYPHP_RET,-0.03443528601664846,-0.37572455654592957
2023-12-04,0.6106525663287341,0.0644263829201804,val,JPYPHP_RET,-0.03379254801708081,0.030633834903099587
2023-12-05,-0.4749771023886225,0.0281365065099598,val,JPYPHP_RET,-0.0004475586729990867,0.02768894783696071
2023-12-06,-0.2729864746717599,-0.3447834153073696,val,JPYPHP_RET,-0.00016587926423538603,-0.344949294571605
2023-12-07,0.2416764433141486,0.243165891674411,val,JPYPHP_RET,-0.012094173897877552,0.23107171777653343
2023-12-08,2.2092915489437046,0.1312124360232247,val,JPYPHP_RET,-0.0010212981192045817,0.1301911379040201
2023-12-11,-0.505516111865147,-0.2519388607150258,val,JPYPHP_RET,0.09951356593942999,-0.1524252947755958
2023-12-12,-0.4272133820757209,0.1106043483430634,val,JPYPHP_RET,-0.0017049905531660366,0.10889935778989737
2023-12-13,0.5183648111825634,-0.1571832533618387,val,JPYPHP_RET,0.006000741961331392,-0.1511825114005073
2023-12-14,1.65601756658019,0.3207714867549273,val,JPYPHP_RET,0.007462464575892395,0.3282339513308197
2023-12-15,0.6633223401369899,0.0373746847648394,val,JPYPHP_RET,0.14040528928360257,0.17777997404844198
2023-12-18,0.1197487481588322,0.1270317113839394,val,JPYPHP_RET,0.006834628472863729,0.13386633985680313
2023-12-19,-0.4342118894385018,0.0117655402680029,val,JPYPHP_RET,-0.0003027135179445303,0.01146282675005837
2023-12-20,-0.9276168923434432,-0.2018742624607916,val,JPYPHP_RET,-0.007124360532844474,-0.20899862299363609
2023-12-21,0.3068474454161666,0.2466196694315066,val,JPYPHP_RET,0.04409986448805181,0.2907195339195584
2023-12-22,0.3681780312092372,0.1131898458328595,val,JPYPHP_RET,-0.010177600277619759,0.10301224555523975
2023-12-25,-0.2365101500115958,0.0798985496528824,val,JPYPHP_RET,-0.03455907146462526,0.04533947818825714
2023-12-26,0.3589383299223139,0.1282727662798988,val,JPYPHP_RET,-0.00699050291207871,0.1212822633678201
2023-12-27,-0.2977798580074755,-0.2138064619370802,val,JPYPHP_RET,-0.03347883138559147,-0.24728529332267166
2023-12-28,1.1703987397175164,0.1369397767534773,val,JPYPHP_RET,0.005904998755286641,0.14284477550876393
2023-12-29,-0.4440562885298832,-0.2477617017020255,val,JPYPHP_RET,0.020646143210874986,-0.2271155584911505
2024-01-01,0.2209711540342418,0.354846608741845,val,JPYPHP_RET,0.0032055314744489655,0.35805214021629395
2024-01-02,0.1260851123216029,0.116276701784736,val,JPYPHP_RET,0.006295431383569054,0.12257213316830505
2024-01-03,-0.4110309915720341,-0.324559853935927,val,JPYPHP_RET,-0.002506019756460261,-0.32706587369238727
2024-01-04,-0.3941796117654655,-0.0190660512792363,val,JPYPHP_RET,0.0059936700356352955,-0.013072381243601005
2024-01-05,-1.4972113970884169,-0.1223250699909274,val,JPYPHP_RET,-0.009531233475188158,-0.13185630346611557
2024-01-08,-0.0183921366107856,0.0664694777582846,val,JPYPHP_RET,-0.036684662427362215,0.029784815330922386
2024-01-09,0.6135226103455083,0.2542899876674892,val,JPYPHP_RET,0.0059373822627957285,0.26022736993028495
2024-01-10,0.6486119537904471,-0.3859160255148371,val,JPYPHP_RET,-0.029792980634770674,-0.41570900614960776
2024-01-11,-1.00009387347346,-0.0282455147856043,val,JPYPHP_RET,0.0210056139930569,-0.0072399007925474
2024-01-12,0.3196010512173518,-0.2153544420008437,val,JPYPHP_RET,0.01194067137093459,-0.2034137706299091
2024-01-15,-0.3627641936761461,0.2109157931491375,val,JPYPHP_RET,-0.002018256577284614,0.2088975365718529
2024-01-16,-0.5384498786413787,0.14191882778968,val,JPYPHP_RET,0.013483756850822535,0.15540258464050255
2024-01-17,-0.6810456463546921,-0.0926704399105754,val,JPYPHP_RET,0.03681059981911378,-0.05585984009146162
2024-01-18,-0.5815098098103003,0.1568260496168567,val,JPYPHP_RET,0.016758439862776895,0.1735844894796336
2024-01-19,-0.3723210511955145,-0.0905725032360313,val,JPYPHP_RET,0.045564043896758895,-0.04500845933927241
2024-01-22,0.2933430667547586,0.1078524214114751,val,JPYPHP_RET,-0.004244096744004619,0.10360832466747047
2024-01-23,0.8200893639889297,-0.3056922208156871,val,JPYPHP_RET,-0.029450443169031015,-0.3351426639847181
2024-01-24,-0.1463668643678398,-0.7149166282039997,val,JPYPHP_RET,0.05937441347358767,-0.6555422147304121
2024-01-25,0.2523608927573945,0.6078964675147792,val,JPYPHP_RET,0.0023130377987524856,0.6102095053135317
2024-01-26,0.4838752569305171,-0.195675483056035,val,JPYPHP_RET,-0.00906684640798815,-0.20474232946402315
2024-01-29,-0.7839828410016794,-0.1890209044792397,val,JPYPHP_RET,0.007385946755896666,-0.18163495772334304
2024-01-30,0.637690796499088,0.1779294890128891,val,JPYPHP_RET,0.018248467718839614,0.19617795673172872
2024-01-31,0.0227572623386775,-0.0968113270227298,val,JPYPHP_RET,-0.014396656596729791,-0.1112079836194596
2024-02-01,-0.1095723433415166,0.1866764343821384,val,JPYPHP_RET,-0.02006306293797832,0.16661337144416008
2024-02-02,0.0732985198459696,0.2211839395845257,val,JPYPHP_RET,-0.005466893851779389,0.2157170457327463
2024-02-05,-0.970784700371197,0.1126305469281393,val,JPYPHP_RET,0.005909119163631207,0.11853966609177051
2024-02-06,0.1429724088800762,-0.2598533514299704,val,JPYPHP_RET,-0.031153415396241224,-0.2910067668262116
2024-02-07,0.2467804749655194,0.0283637587995558,val,JPYPHP_RET,-0.023911559346170164,0.004452199453385635
2024-02-08,-0.4916525065692181,0.0207670324699566,val,JPYPHP_RET,-0.03263308932385216,-0.011866056853895558
2024-02-09,-0.7603985754226044,-0.0641111169705093,val,JPYPHP_RET,0.0013608547055203308,-0.06275026226498896
2024-02-12,-0.1100275695817436,0.069353499161413,val,JPYPHP_RET,0.039684777818798866,0.10903827698021186
2024-02-13,-0.1200515281632146,-0.1946119490625506,val,JPYPHP_RET,0.004361720082391966,-0.19025022898015864
2024-02-14,-0.641279182345051,-0.2332791066391612,val,JPYPHP_RET,-0.012556099540538887,-0.2458352061797001
2024-02-15,0.1355510358786372,0.0854179576907951,val,JPYPHP_RET,-0.009258773686997838,0.07615918400379726
2024-02-16,0.0135880006982729,0.0100351881939533,val,JPYPHP_RET,-0.0085377806563533,0.0014974075376000002
2024-02-19,0.1556239835597709,0.0826804701284266,val,JPYPHP_RET,-0.001670738153864767,0.08100973197456182
2024-02-20,-0.0513042887877898,0.0804505872586869,val,JPYPHP_RET,-0.012285678342474233,0.06816490891621266
2024-02-21,-0.0459201976300938,-0.1026755806315466,val,JPYPHP_RET,0.00633604670352299,-0.09633953392802361
2024-02-22,-0.3290002546311765,0.0505643674419533,val,JPYPHP_RET,-0.009609493279595904,0.040954874162357394
2024-02-23,-0.1872643023557339,-0.0518529124925841,val,JPYPHP_RET,-0.009574581487338443,-0.061427493979922546
2024-02-26,0.1763630548836895,0.0536677242412913,val,JPYPHP_RET,0.0062630213939232115,0.059930745635214513
2024-02-27,0.2479515285411424,-0.0177326680443268,val,JPYPHP_RET,-0.02056886126209548,-0.03830152930642228
2024-02-28,0.1203136312174944,-0.1380566279277818,val,JPYPHP_RET,-0.03477142324275566,-0.17282805117053746
2024-02-29,0.1406584573052356,-0.055030420884219,val,JPYPHP_RET,-0.034643856143499324,-0.08967427702771832
2024-03-01,0.2912058168080561,-0.130372179129947,val,JPYPHP_RET,-0.030568882960608175,-0.16094106209055517
2024-03-04,-0.2830172795573514,-0.001072380032913,val,JPYPHP_RET,-0.02092519949497717,-0.02199757952789017
2024-03-05,-0.3152291150276819,0.0730620012317387,val,JPYPHP_RET,-0.004261186820700661,0.06880081441103804
2024-03-06,0.2149736935754319,0.1109377226113212,val,JPYPHP_RET,-0.009588651472847076,0.10134907113847413
2024-03-07,0.295662549373145,0.1475069251726369,val,JPYPHP_RET,-0.017503905668889395,0.13000301950374749
2024-03-08,0.7528878833925998,0.1664480043778593,val,JPYPHP_RET,-0.024510773032610768,0.14193723134524855
2024-03-11,0.5071333263495026,-0.0910821247656792,val,JPYPHP_RET,0.004144200742644013,-0.08693792402303518
2024-03-12,-0.4674780470128732,0.0681512267517816,val,JPYPHP_RET,0.005146926527272823,0.07329815327905442
2024-03-13,-0.3353870626819817,-0.0082586635107764,val,JPYPHP_RET,0.005576087366484711,-0.0026825761442916887
2024-03-14,-0.1746561790799897,-0.0369059127748165,val,JPYPHP_RET,-0.007690406053098362,-0.044596318827914865
2024-03-15,-0.1909680366901932,-0.1813071381770757,val,JPYPHP_RET,0.006208884552991787,-0.1750982536240839
2024-03-18,-0.3029392803604317,-0.0038104059247258,val,JPYPHP_RET,-1.6628806684894075e-05,-0.003827034731410694
2024-03-19,0.0260426648352878,-0.1331786827040679,val,JPYPHP_RET,-0.005698698414101124,-0.13887738111816902
2024-03-20,-0.9316780569557472,-0.2102959411154294,val,JPYPHP_RET,-0.02609703829781852,-0.2363929794132479
2024-03-21,0.5326357941201915,0.1415087266293411,val,JPYPHP_RET,0.04353000607343307,0.18503873270277418
2024-03-22,-0.7131162047300982,-0.4585402222190632,val,JPYPHP_RET,-0.025654899629449338,-0.48419512184851254
2024-03-25,0.7547716541704473,0.138794965427894,val,JPYPHP_RET,-0.0017965570163105994,0.1369984084115834
2024-03-26,-0.1018333999126544,-0.0888520321609373,val,JPYPHP_RET,0.00633876467063429,-0.08251326749030301
2024-03-27,-0.0823215375565454,-0.024122094583083,val,JPYPHP_RET,0.00037397613758556245,-0.023748118445497436
2024-03-28,0.1924859224420246,-0.1026496460000297,val,JPYPHP_RET,0.004557538148852218,-0.09809210785117747
2024-03-29,-0.2433757103734468,-0.0112633143207467,val,JPYPHP_RET,-0.034506341587407466,-0.04576965590815417
2024-04-01,-0.0078644904002748,0.0381431926096653,val,JPYPHP_RET,0.00024524952755940974,0.038388442137224706
2024-04-02,-0.0371435509822369,-0.1796401683505398,val,JPYPHP_RET,0.003649768339614508,-0.1759904000109253
2024-04-03,0.1959229558312021,0.1754563819533395,val,JPYPHP_RET,-0.02366650326703445,0.15178987868630506
2024-04-04,0.0457435734043827,0.1452399021892577,val,JPYPHP_RET,-0.003999235605757053,0.14124066658350065
2024-04-05,0.7554087471459741,0.1085178517585538,val,JPYPHP_RET,0.006335967886217336,0.11485381964477114
2024-04-08,-0.5490318981744022,-0.1862945900657341,val,JPYPHP_RET,0.007467683096323987,-0.17882690696941012
2024-04-09,-0.2868254825754335,0.1011274911104154,val,JPYPHP_RET,-0.009287800795000418,0.09183969031541497
2024-04-10,-0.0842682978285764,0.0695672911963522,val,JPYPHP_RET,-0.009589889985932604,0.0599774012104196
2024-04-11,-0.3520622887660136,-0.3865116005535925,val,JPYPHP_RET,0.0056854771810973806,-0.38082612337249516
2024-04-12,-0.352454325590735,0.0926380758626805,val,JPYPHP_RET,-0.006076767426955167,0.08656130843572533
2024-04-15,0.218349824578951,0.0311286867202668,val,JPYPHP_RET,-0.007197130547948484,0.023931556172318316
2024-04-16,-0.1174577193492158,0.2284613650410203,val,JPYPHP_RET,-0.029648040069836668,0.19881332497118362
2024-04-17,0.095501615685433,-0.1862244482943993,val,JPYPHP_RET,-0.008686805886591544,-0.19491125418099084
2024-04-18,0.3948313058249605,0.07747213229828,val,JPYPHP_RET,-0.034781942545023564,0.04269018975325643
2024-04-19,-0.1734932558575782,-0.3138540231285346,val,JPYPHP_RET,-0.033488114335456905,-0.3473421374639915
2024-04-22,0.4444797463319396,0.0430189355281293,val,JPYPHP_RET,-0.023342587595470667,0.01967634793265863
2024-04-23,-0.0300781368889424,-0.3184926282308365,val,JPYPHP_RET,-0.024120215398525803,-0.34261284362936234
2024-04-24,-0.1868985723473272,-0.0101347254133299,val,JPYPHP_RET,-0.03467675670706748,-0.04481148212039738
2024-04-25,0.502375856681264,-0.0361384485521799,val,JPYPHP_RET,0.0045223299784885205,-0.031616118573691385
2024-04-26,-0.516844915807283,-0.2741257082289937,val,JPYPHP_RET,-0.0015106163005947216,-0.2756363245295884
2024-04-29,-1.670776861405577,0.0363594966010225,val,JPYPHP_RET,-0.0007116650520147771,0.035647831549007726
2024-04-30,1.117396498784885,0.1484639793642185,val,JPYPHP_RET,0.14790459490607621,0.2963685742702947
2024-05-01,-0.6039738638684228,-0.1341909564149152,val,JPYPHP_RET,0.003823507083315333,-0.13036744933159988
2024-05-02,0.9029894645967536,0.2311985189556383,val,JPYPHP_RET,-0.00475666484040168,0.22644185411523662
2024-05-03,1.4599353624382458,0.0754992571598488,val,JPYPHP_RET,0.007518005254063036,0.08301726241391183
2024-05-06,-0.8827424727712113,-0.156911891386523,val,JPYPHP_RET,0.1412780996375208,-0.0156337917490022
2024-05-07,-0.3782549508923015,0.0551522143980779,val,JPYPHP_RET,0.04411103523652923,0.09926324963460713
2024-05-08,-0.3080210708536524,0.0530376356655314,val,JPYPHP_RET,-0.00805448013572983,0.044983155529801575
2024-05-09,-0.0608237734999059,-0.0651700807286125,val,JPYPHP_RET,-0.009241356182817783,-0.07441143691143028
2024-05-10,-0.2266925282325154,-0.0206474770830438,val,JPYPHP_RET,-0.0017749097153901806,-0.022422386798433978
2024-05-13,0.0782832910607257,0.0146864512817784,val,JPYPHP_RET,0.002457449751248022,0.01714390103302642
2024-05-14,0.3794406234457447,-0.0140694016428809,val,JPYPHP_RET,-0.01073229523116476,-0.02480169687404566
2024-05-15,-0.3685549543473813,-0.2127769641762268,val,JPYPHP_RET,-0.025308362918939627,-0.23808532709516642
2024-05-16,0.8386738400183426,0.1990161120538471,val,JPYPHP_RET,0.005605120752513365,0.20462123280636046
2024-05-17,-0.7050355582978107,-0.1219143481917257,val,JPYPHP_RET,0.007311335648506963,-0.11460301254321874
2024-05-20,0.2961031397271729,-0.0173520745086304,val,JPYPHP_RET,0.015578450198445625,-0.0017736243101847751
2024-05-21,0.210246168333997,-0.2617109841469202,val,JPYPHP_RET,-0.033716742461395936,-0.2954277266083161
2024-05-22,0.286141108376022,-0.2291165099217087,val,JPYPHP_RET,-0.012269206067804173,-0.2413857159895129
2024-05-23,-0.5546641508782739,-0.0466063123213558,val,JPYPHP_RET,-0.005000847853030771,-0.051607160174386574
2024-05-24,0.2019290079572039,0.1155404196135933,val,JPYPHP_RET,0.0006328342353186231,0.11617325384891193
2024-05-27,0.005505837882864,-0.0213323213448339,val,JPYPHP_RET,-0.014542773516178447,-0.03587509486101235
2024-05-28,-0.1440399224762437,-0.0048313140234861,val,JPYPHP_RET,-0.004930475996180146,-0.009761790019666247
2024-05-29,-0.6121429149018844,0.0761126123528682,val,JPYPHP_RET,0.006172231038035331,0.08228484339090353
2024-05-30,0.7173194140571288,0.1515310630197476,val,JPYPHP_RET,0.038272021444250404,0.18980308446399802
2024-05-31,0.431852890684039,-0.0103806748984127,val,JPYPHP_RET,0.0019989508944545545,-0.008381724003958145
2024-06-03,0.0862251334083158,0.0442155505861367,val,JPYPHP_RET,-0.017440072189025504,0.026775478397111196
2024-06-04,0.773117266744508,0.2140555643728703,val,JPYPHP_RET,-0.007247992855461435,0.20680757151740886
2024-06-05,1.0697065025594337,-0.0947033481433489,val,JPYPHP_RET,0.0012004958794448377,-0.09350285226390406
2024-06-06,-0.7505301251351529,-0.3556876981211619,val,JPYPHP_RET,0.07836259361278763,-0.2773251045083743
2024-06-07,-0.1016515292948986,0.0395946535550391,val,JPYPHP_RET,-0.009535671135373682,0.03005898241966542
2024-06-10,-0.5649778073542492,0.0116112944992465,val,JPYPHP_RET,0.006117328060017789,0.017728622559264287
2024-06-11,0.0808379068257686,0.0507556599236249,val,JPYPHP_RET,0.014125178913792814,0.06488083883741771
2024-06-12,-0.1451451579606466,-0.0549508821072312,val,JPYPHP_RET,-0.0054147597201589,-0.060365641827390105
2024-06-13,-0.6293584822859019,0.1519832679818368,val,JPYPHP_RET,0.006112059852878564,0.1580953278347154
2024-06-14,0.4733580067363052,-0.0568907694562141,val,JPYPHP_RET,0.04828235265921467,-0.008608416796999432
2024-06-17,-0.2418145648569423,-0.1818697808084331,val,JPYPHP_RET,-0.002705251414026598,-0.18457503222245972
2024-06-18,-0.3074872400077508,0.092077952987578,val,JPYPHP_RET,0.004673480782392376,0.09675143376997038
2024-06-19,-0.0435194741437853,-0.0761777584748736,val,JPYPHP_RET,-0.009462793712184931,-0.08564055218705853
2024-06-20,0.2005394604217501,-0.0741480521708228,val,JPYPHP_RET,-0.005803906714907025,-0.07995195888572983
2024-06-21,-0.4559449270285154,-0.159802906419292,val,JPYPHP_RET,-0.0348230019471886,-0.1946259083664806
2024-06-24,-0.5630584064279003,0.0580177459740991,val,JPYPHP_RET,-0.005458222533696869,0.05255952344040223
2024-06-25,-0.1882347969493314,0.0619675677788803,val,JPYPHP_RET,0.024197557510470334,0.08616512528935064
2024-06-26,0.1021843884159753,3.589521129644668e-05,val,JPYPHP_RET,-0.001395612033293624,-0.0013597168219971773
2024-06-27,-0.2642992450462711,-0.1964284874525208,val,JPYPHP_RET,-0.01718892908405861,-0.21361741653657942
2024-06-28,-0.602606694391453,-0.0498221361152979,val,JPYPHP_RET,0.0051551706902382465,-0.04466696542505965
2024-07-01,-0.3469285693521283,0.1577239923584277,val,JPYPHP_RET,0.009013543834065137,0.16673753619249285
2024-07-02,0.0666208246824891,-0.0811544818634145,val,JPYPHP_RET,7.965823464856749e-05,-0.08107482362876593
2024-07-03,0.0696260696459331,0.0380391000118503,val,JPYPHP_RET,-0.02445469465260081,0.013584405359249489
2024-07-04,-0.2887233254665789,0.0289267447893857,val,JPYPHP_RET,-0.005641587899035657,0.023285156890350045
2024-07-05,-0.283149401345002,-0.0961390643570684,val,JPYPHP_RET,-0.007075905159174095,-0.1032149695162425
2024-07-08,0.6815721997402614,0.1367971946607406,val,JPYPHP_RET,0.0038644864309322394,0.14066168109167285
2024-07-09,-0.245646419677892,-0.1875576572241212,val,JPYPHP_RET,-0.0006436013737323518,-0.18820125859785355
2024-07-10,-0.2514879985406013,0.0137920168151523,val,JPYPHP_RET,0.004550066238645605,0.018342083053797906
2024-07-11,-0.6800316860104609,0.0853074870649983,val,JPYPHP_RET,-0.0027746958458231713,0.08253279121917513
2024-07-12,2.0750992792482803,0.2628319564378903,val,JPYPHP_RET,0.04770994937657907,0.3105419058144694
2024-07-15,0.3461862152765289,-0.1478108277779569,val,JPYPHP_RET,-0.06120001705491521,-0.2090108448328721
2024-07-16,0.0230524043870372,-0.0896476697891957,val,JPYPHP_RET,-0.008482672073870023,-0.09813034186306571
2024-07-17,-0.1903587768176779,0.0110268161828292,val,JPYPHP_RET,-0.018939830715662798,-0.007913014532833598
2024-07-18,1.4098859574504314,0.2722034195676998,val,JPYPHP_RET,0.0028215552352201406,0.27502497480291993
2024-07-19,-0.8654705404260152,-0.0939374951056942,val,JPYPHP_RET,0.06516055538615426,-0.028776939719539943
2024-07-22,0.0656481553054744,0.2046536033982656,val,JPYPHP_RET,0.04799599341480243,0.25264959681306803
2024-07-23,0.4663650485138636,-0.1860482019844538,val,JPYPHP_RET,0.006177469858378746,-0.17987073212607504
2024-07-24,0.8039359735437219,-0.0642464511131445,val,JPYPHP_RET,0.007543366648386205,-0.0567030844647583
2024-07-25,1.2738810421205145,0.2632521293503641,val,JPYPHP_RET,-0.0038780722686049198,0.25937405708175915
2024-07-26,0.1534918450903228,0.0161590353768638,val,JPYPHP_RET,0.013581130460229058,0.02974016583709286
2024-07-29,-0.538734006841106,0.0887938845619406,val,JPYPHP_RET,-0.022878732153086286,0.06591515240885432
2024-07-30,0.6466638548471996,0.0201744483011977,val,JPYPHP_RET,0.025657771985826132,0.04583222028702383
2024-07-31,0.6445240590136534,0.0036341602978795,val,JPYPHP_RET,0.006857971266730592,0.010492131564610091
2024-08-01,1.4129129590113485,-0.0273873384775879,val,JPYPHP_RET,0.007342587224908276,-0.020044751252679623
2024-08-02,0.2911487301379596,0.1867710546701317,val,JPYPHP_RET,0.12973226585554976,0.3165033205256814
2024-08-05,1.977101753728112,0.0350922544777344,val,JPYPHP_RET,-0.017560857768414758,0.01753139670931964
2024-08-06,-0.5946844711392443,1.7715672767031996,val,JPYPHP_RET,-0.017498486084736455,1.754068790618463
2024-08-07,0.7560917759532754,-0.975211880952378,val,JPYPHP_RET,0.8967600751079772,-0.07845180584440081
2024-08-08,-1.299279444560618,-0.328163347432888,val,JPYPHP_RET,-0.04254083592491114,-0.37070418335779914
2024-08-09,-1.6589623933236486,-0.3725336028078893,val,JPYPHP_RET,0.012207172546547806,-0.3603264302613415
2024-08-12,0.6614883555729766,0.2359578804377847,val,JPYPHP_RET,-0.06141927180757589,0.1745386086302088
2024-08-13,-0.0797227448303498,-0.1129582543043662,val,JPYPHP_RET,-0.020271294206307508,-0.1332295485106737
2024-08-14,-0.5974263500934004,-0.0723379683327231,val,JPYPHP_RET,-0.005891643672822288,-0.07822961200554539
2024-08-15,-0.2075268782351919,-0.0810967443034656,val,JPYPHP_RET,0.0035937373369649794,-0.07750300696650061
2024-08-16,-0.7967461033490513,-0.1886015950075918,val,JPYPHP_RET,0.006416630143764686,-0.18218496486382713
2024-08-19,0.7277248140657705,-0.0549267451776753,val,JPYPHP_RET,0.021251307676057363,-0.03367543750161793
2024-08-20,0.0776566659932647,0.1149189386586647,test,JPYPHP_RET,0.001060209694391809,0.11597914835305652
2024-08-21,0.227874699778208,0.3489720291987256,test,JPYPHP_RET,0.0028953208540569634,0.3518673500527826
2024-08-22,-0.087959078813488,0.4169156150941281,test,JPYPHP_RET,0.0064661263078738635,0.42338174140200197
2024-08-23,-0.0958093106141615,0.0171811827631604,test,JPYPHP_RET,0.0001153298620328267,0.017296512625193227
2024-08-26,1.409519601945339,-0.1496043622635569,test,JPYPHP_RET,0.006480216354325194,-0.1431241459092317
2024-08-27,-1.2300576343422642,-0.2467462034767359,test,JPYPHP_RET,0.06686629031245298,-0.17987991316428292
2024-08-28,0.8495698714162219,0.4732624987219236,test,JPYPHP_RET,0.007697688648480819,0.4809601873704044
2024-08-29,-0.2944739297888995,-0.2091832383880097,test,JPYPHP_RET,-0.027700216387881844,-0.23688345477589154
2024-08-30,-0.5546105242994408,-0.2200193021551668,test,JPYPHP_RET,0.00595268938231579,-0.214066612772851
2024-09-02,-0.7548499714488298,0.0965491013100394,test,JPYPHP_RET,-0.008123698020389895,0.0884254032896495
2024-09-03,0.1862083411710519,0.0956962067786696,test,JPYPHP_RET,0.04399089588912812,0.1396871026677977
2024-09-04,0.8612477055736407,0.3738663169216789,test,JPYPHP_RET,-0.015236688864356002,0.3586296280573229
2024-09-05,1.3685091707526102,0.2775872227232988,test,JPYPHP_RET,-0.009605804984205978,0.2679814177390928
2024-09-06,-0.9387200907187148,-0.1698601496818845,test,JPYPHP_RET,0.043190273089891464,-0.12666987659199305
2024-09-09,1.1378081712175698,0.3206842600940915,test,JPYPHP_RET,0.04788239041487583,0.36856665050896736
2024-09-10,-0.5960064385101601,-0.5490809473347642,test,JPYPHP_RET,-0.0015636739240053764,-0.5506446212587696
2024-09-11,0.4949349767272429,0.0563024944445372,test,JPYPHP_RET,0.0037240005881175268,0.060026495032654725
2024-09-12,-0.3732298937554048,-0.2174094339825536,test,JPYPHP_RET,-0.018058156201686805,-0.2354675901842404
2024-09-13,0.9644875566388,0.0274888086704188,test,JPYPHP_RET,0.0056033241151072265,0.03309213278552603
2024-09-16,0.3952349598636074,-0.1148588389073984,test,JPYPHP_RET,-0.0008887166062606698,-0.11574755551365906
2024-09-17,-0.565887218788638,0.0905199110638513,test,JPYPHP_RET,-0.005825109469872562,0.08469480159397873
2024-09-18,-0.8016958467940717,0.0144318122247658,test,JPYPHP_RET,0.0319923913383061,0.0464242035630719
2024-09-19,-0.5995295447191435,0.2006176965688672,test,JPYPHP_RET,0.0475719486692768,0.248189645238144
2024-09-20,-0.4798632681791381,-0.5960400770204042,test,JPYPHP_RET,0.04823983287208097,-0.5478002441483232
2024-09-23,-0.4730979585077277,0.0912093594305494,test,JPYPHP_RET,-0.019510334364596305,0.0716990250659531
2024-09-24,0.8083966047992167,-0.2316029606430834,test,JPYPHP_RET,0.011446164249895053,-0.22015679639318833
2024-09-25,0.3565667716988824,-0.1091024681407565,test,JPYPHP_RET,0.022884346773042144,-0.08621812136771435
2024-09-26,-1.430657642389921,-0.26275213065372,test,JPYPHP_RET,-0.013365320292366012,-0.27611745094608603
2024-09-27,-0.3143238905864745,0.4720248915844386,test,JPYPHP_RET,-0.056547895659486945,0.4154769959249517
2024-09-30,2.1836707351050944,-0.1211145915302477,test,JPYPHP_RET,0.04834798765082024,-0.07276660387942746
2024-10-01,-0.4528573812919007,-0.4834922476216181,test,JPYPHP_RET,0.23246445793211762,-0.25102778968950046
2024-10-02,0.1882649380516889,0.0051359563718246,test,JPYPHP_RET,-0.005497905016622316,-0.00036194864479771605
2024-10-03,-2.0140057504951474,-0.3044574275724682,test,JPYPHP_RET,-0.029175787953622422,-0.3336332155260906
2024-10-04,-0.1989696920547725,-0.0306364536543662,test,JPYPHP_RET,0.14911356830826103,0.11847711465389482
2024-10-07,-1.1919094576919478,0.0812877521267673,test,JPYPHP_RET,0.00500265338007823,0.08629040550684552
2024-10-08,1.295628736225915,0.5023757606238151,test,JPYPHP_RET,-0.06305054672112026,0.4393252139026948
2024-10-09,0.0616354410597936,-0.3339649777970822,test,JPYPHP_RET,0.0002120633186459228,-0.33375291447843625
2024-10-10,-0.2466861115811312,-0.2210364175615476,test,JPYPHP_RET,-0.025000644138313176,-0.24603706169986078
2024-10-11,0.7641840952683997,-0.2511795897672937,test,JPYPHP_RET,0.0017652521142600133,-0.2494143376530337
2024-10-14,-0.6217919151331128,-0.2204076620116537,test,JPYPHP_RET,0.014948539502402212,-0.2054591225092515
2024-10-15,0.1067424220534225,0.0127514880919759,test,JPYPHP_RET,-0.009426856215277933,0.0033246318766979657
2024-10-16,0.8670246043589616,-0.121848709824929,test,JPYPHP_RET,-0.015821660421093883,-0.13767037024602288
2024-10-17,-0.1618024074763107,-0.4112350273999879,test,JPYPHP_RET,0.007974889170953086,-0.40326013822903484
2024-10-18,-0.5090637415413054,-0.0642147816323038,test,JPYPHP_RET,-0.034384672144937456,-0.09859945377724126
2024-10-21,0.0211665039010396,0.1362228034055554,test,JPYPHP_RET,-0.0072169538332639,0.1290058495722915
2024-10-22,-0.469769586114454,-0.1602397761743133,test,JPYPHP_RET,0.006483713203974667,-0.15375606297033861
2024-10-23,-0.1781635570031906,-0.0171798393220258,test,JPYPHP_RET,-0.006498265605285767,-0.023678104927311566
2024-10-24,-0.4964354710346497,-0.0650402700821494,test,JPYPHP_RET,0.005372460668254397,-0.059667809413895
2024-10-25,0.3577251600053737,0.1256378078523355,test,JPYPHP_RET,-0.008182691457183073,0.11745511639515242
2024-10-28,0.3715093501762742,-0.0464918794801921,test,JPYPHP_RET,-0.03356423028901722,-0.08005610976920932
2024-10-29,-0.8354894259994649,-0.1976066754684672,test,JPYPHP_RET,-0.02151037998797417,-0.21911705545644136
2024-10-30,-0.051682724477635,0.2106721288620986,test,JPYPHP_RET,0.02797505638092842,0.23864718524302703
2024-10-31,0.0577200448241329,0.1370836121132165,test,JPYPHP_RET,-0.0025083604531212084,0.13457525166009532
2024-11-01,0.8846302875947127,0.3151246202752087,test,JPYPHP_RET,0.005721835285416568,0.3208464555606253
2024-11-04,-0.0902105843695764,-0.1068516683344626,test,JPYPHP_RET,0.002419865011360732,-0.10443180332310187
2024-11-05,0.1957916525424939,0.1185443614502991,test,JPYPHP_RET,-0.003453599207220209,0.11509076224307889
2024-11-06,0.4304371644993687,-0.1022969877366665,test,JPYPHP_RET,-0.01300628138072602,-0.11530326911739251
2024-11-07,-1.108319871752255,-1.1162534622518063,test,JPYPHP_RET,-0.00234031856552776,-1.118593780817334
2024-11-08,-0.2639997123124374,0.1677852110010953,test,JPYPHP_RET,-0.00225234922841491,0.1655328617726804
2024-11-11,0.4223645722616139,0.1638247454391483,test,JPYPHP_RET,-0.008158301266601426,0.15566644417254688
2024-11-12,0.1250896331103193,-0.1289027280513573,test,JPYPHP_RET,-0.03464767888346516,-0.16355040693482248
2024-11-13,-0.4883857982495374,-0.2940791187722597,test,JPYPHP_RET,-0.03453101520575001,-0.3286101339780097
2024-11-14,-0.7393815575150712,-0.1888951646041232,test,JPYPHP_RET,0.0033512718848273263,-0.18554389271929586
2024-11-15,-0.3903700741740398,0.2614706114093072,test,JPYPHP_RET,0.008539382868311528,0.27000999427761874
2024-11-18,0.8052995748362848,0.0216474800010255,test,JPYPHP_RET,0.031021234537145004,0.0526687145381705
2024-11-19,-0.0618123786375571,0.0286318084923699,test,JPYPHP_RET,0.000979434328421165,0.029611242820791066
2024-11-20,0.450955752681028,-0.0393880298804455,test,JPYPHP_RET,0.006119416251567046,-0.03326861362887845
2024-11-21,-0.1379915736310562,-0.3750511335266884,test,JPYPHP_RET,-0.009101064994155158,-0.38415219852084354
2024-11-22,0.4939693018941969,-0.0846071910993561,test,JPYPHP_RET,-0.033841524476419825,-0.11844871557577594
2024-11-25,-0.0416760072133184,0.1310973450474602,test,JPYPHP_RET,0.0033837763469553015,0.1344811213944155
2024-11-26,0.0721044616156034,0.1346481365425503,test,JPYPHP_RET,0.004756886688294339,0.13940502323084464
2024-11-27,0.8958287495071937,-0.0279662159557341,test,JPYPHP_RET,0.004839541877638544,-0.023126674078095554
2024-11-28,0.6300816185003197,0.233410928859647,test,JPYPHP_RET,-0.0021720380514666485,0.23123889080818036
2024-11-29,0.0917657919022304,0.0407471365878026,test,JPYPHP_RET,-0.02484177740651404,0.01590535918128856
2024-12-02,0.6736037744213983,0.0501800687953182,test,JPYPHP_RET,-0.008680121881771719,0.041499946913546484
2024-12-03,0.3322145334713186,-0.3189987926834016,test,JPYPHP_RET,0.006720983901537867,-0.31227780878186373
2024-12-04,-0.5787623151573568,-0.0962563587754992,test,JPYPHP_RET,0.007530112452114904,-0.0887262463233843
2024-12-05,-0.863575008137084,0.1991567390538846,test,JPYPHP_RET,-0.00317361668674084,0.19598312236714374
2024-12-06,-0.6429693703171485,0.4149377648379023,test,JPYPHP_RET,-0.023346014826131217,0.39159175001177104
2024-12-09,0.4762800065896565,0.1879179546566013,test,JPYPHP_RET,-0.02147786703544073,0.16644008762116058
2024-12-10,-0.5864843217485667,-0.0707118831696202,test,JPYPHP_RET,-0.034677831715715084,-0.10538971488533527
2024-12-11,-0.2683524821607813,-0.2424747315469894,test,JPYPHP_RET,0.001935001406208013,-0.2405397301407814
2024-12-12,0.2838839218236823,-0.125508613485628,test,JPYPHP_RET,0.0017888131160129963,-0.12371980036961501
2024-12-13,-0.4181214958322671,-0.2346637210217738,test,JPYPHP_RET,-0.022890013675138512,-0.2575537346969123
2024-12-16,-0.0865864368021225,0.0786441604662533,test,JPYPHP_RET,0.0041012661751452534,0.08274542664139856
2024-12-17,-0.3297074247779606,0.0217163153652005,test,JPYPHP_RET,0.005164521450774201,0.026880836815974703
2024-12-18,0.8702397787666877,0.111816631020893,test,JPYPHP_RET,-0.008915901205966636,0.10290072981492636
2024-12-19,0.0650667500982837,0.4948337727483148,test,JPYPHP_RET,0.0030091647160574156,0.4978429374643722
2024-12-20,-2.8196252841971066,-0.5736396666044344,test,JPYPHP_RET,-0.008282279451430202,-0.5819219460558647
2024-12-23,0.5303176558960592,0.2920933245595759,test,JPYPHP_RET,0.6687363507758487,0.9608296753354246
2024-12-24,-0.87569497514823,-0.4286927203438448,test,JPYPHP_RET,-0.03390164149038674,-0.4625943618342315
2024-12-25,-2.3014735729922013,-0.1388229805258051,test,JPYPHP_RET,-0.0070387192354301855,-0.14586169976123528
2024-12-26,1.5438362549024025,0.7900379051194255,test,JPYPHP_RET,0.5258853092527763,1.315923214372202
2024-12-27,-0.4458179682993824,-0.4646416312837042,test,JPYPHP_RET,0.003369961027153484,-0.46127167025655075
2024-12-30,-0.1827637009745273,0.0086072253528346,test,JPYPHP_RET,-0.003763622589106174,0.004843602763728426
2024-12-31,0.7681529231429792,0.0400952154039471,test,JPYPHP_RET,0.003561967740147287,0.04365718314409439
2025-01-01,0.0,-0.2039331282368871,test,JPYPHP_RET,0.0052146734830552065,-0.1987184547538319
2025-01-02,-1.8727529432519112,-0.0292076267221706,test,JPYPHP_RET,-0.0313886447565326,-0.0605962714787032
2025-01-03,1.706444110827105,0.3484443986165408,test,JPYPHP_RET,0.21440378629937598,0.5628481849159168
2025-01-06,0.0586359765422231,-0.3550152380368487,test,JPYPHP_RET,0.14206519050842817,-0.21295004752842053
2025-01-07,-0.5452979447997478,0.1424745801419009,test,JPYPHP_RET,-0.022212878621169947,0.12026170152073096
2025-01-08,-0.0379358473494508,0.0220808424747534,test,JPYPHP_RET,0.03818456332170171,0.06026540579645511
2025-01-09,0.997508467546704,-0.2233037169502712,test,JPYPHP_RET,0.0046781814030563765,-0.21862553554721484
2025-01-10,-0.6653853819124511,-0.3019303917667438,test,JPYPHP_RET,0.10534819068119784,-0.19658220108554597
2025-01-13,0.8703142305270962,0.1871013345143065,test,JPYPHP_RET,-0.009306703115513305,0.1777946313987932
2025-01-14,0.1662966429165452,-0.2836133922491891,test,JPYPHP_RET,0.0073005927642608055,-0.27631279948492826
2025-01-15,-0.458896528663636,0.217495750620444,test,JPYPHP_RET,-0.016112598623809014,0.20138315199663498
2025-01-16,0.7383111051634422,-0.2635323797587514,test,JPYPHP_RET,0.036048112807612005,-0.22748426695113938
2025-01-17,0.9108539610081688,0.2216891914467067,test,JPYPHP_RET,0.011182595680583563,0.23287178712729026
2025-01-20,-0.8200891537227263,-0.0594299348444286,test,JPYPHP_RET,0.007131460440643757,-0.05229847440378484
2025-01-21,0.2769433731324927,0.1084587915357302,test,JPYPHP_RET,0.04744113714793161,0.15589992868366181
2025-01-22,0.0057409125205667,0.2563084653780762,test,JPYPHP_RET,-0.027350877009256497,0.22895758836881971
2025-01-23,-0.4780563391639127,0.0640769140518494,test,JPYPHP_RET,-0.0014290777799490716,0.06264783627190032
2025-01-24,0.1892082086862637,0.0950318036565416,test,JPYPHP_RET,0.006850533733692349,0.10188233739023395
2025-01-27,-0.0094438865567879,-0.0336417325704499,test,JPYPHP_RET,-0.015852826463009364,-0.04949455903345927
2025-01-28,0.9425043829451866,0.4612746636675781,test,JPYPHP_RET,-0.004541288044151198,0.45673337562342686
2025-01-29,-1.1094543296401411,-0.4885266864012646,test,JPYPHP_RET,-0.010661962110935617,-0.49918864851220024
2025-01-30,0.9821928342770372,0.3089899311834693,test,JPYPHP_RET,0.024163838699704444,0.33315376988317374
2025-01-31,0.531170803471483,0.0252578277341045,test,JPYPHP_RET,0.007499002643003682,0.03275683037710818
2025-02-03,-0.6794437635629018,0.0569488935136753,test,JPYPHP_RET,-0.006503379718978605,0.050445513794696695
2025-02-04,0.3101461280215182,0.3174108238413302,test,JPYPHP_RET,0.045356303966123446,0.3627671278074536
2025-02-05,-0.3076575346130903,-0.19789791123503,test,JPYPHP_RET,-0.0003049314802396698,-0.19820284271526967
2025-02-06,0.5892907351214101,0.1031841563389917,test,JPYPHP_RET,0.006464928327514033,0.10964908466650573
2025-02-07,1.2761660272536566,-0.3559464570930578,test,JPYPHP_RET,-0.009823834538624367,-0.3657702916316821
2025-02-10,-1.5229863048320968,-0.1832771024794125,test,JPYPHP_RET,0.015560271422468413,-0.1677168310569441
2025-02-11,0.9851527380597516,0.4162371024083979,test,JPYPHP_RET,-0.04926870397711747,0.36696839843128043
2025-02-12,-0.2897570878812637,-0.2793627065822114,test,JPYPHP_RET,0.0023540419559227813,-0.27700866462628865
2025-02-13,-1.2724205210195576,-0.1347526148026728,test,JPYPHP_RET,7.05513276381754e-05,-0.13468206347503464
2025-02-14,0.7290068124830089,0.2063300672398517,test,JPYPHP_RET,-0.04902875566908494,0.15730131157076677
2025-02-17,0.2694717909860515,-0.1428108113480197,test,JPYPHP_RET,-0.0038454482149163356,-0.14665625956293604
2025-02-18,0.788779526132775,0.131112655443127,test,JPYPHP_RET,-0.02243167696839555,0.10868097847473146
2025-02-19,0.2479579228428416,-0.3478630839076837,test,JPYPHP_RET,0.007580730779083186,-0.34028235312860056
2025-02-20,0.3916734978961806,-0.3872367776280832,test,JPYPHP_RET,0.004956517883171029,-0.38228025974491214
2025-02-21,0.6187235143593905,0.3915487745541393,test,JPYPHP_RET,0.0013629500782638435,0.39291172463240315
2025-02-24,-0.2129359533300855,0.0786464823125606,test,JPYPHP_RET,-0.03325776463742989,0.04538871767513072
2025-02-25,0.1001408600638917,0.1556374835392268,test,JPYPHP_RET,-0.005082895593413819,0.15055458794581297
2025-02-26,0.316598582560252,0.2164903374737854,test,JPYPHP_RET,0.004371013578257376,0.22086135105204277
2025-02-27,0.2043950443645048,-0.1414810079583237,test,JPYPHP_RET,-0.016847782147249017,-0.15832879010557271
2025-02-28,-0.4660707387813125,-0.1653941613955095,test,JPYPHP_RET,-0.031206989241193108,-0.1966011506367026
2025-03-03,-0.7378132858307849,0.102727576200943,test,JPYPHP_RET,-0.005821511551037664,0.09690606464990534
2025-03-04,0.696622109421294,0.765786350751908,test,JPYPHP_RET,0.045403268576454256,0.8111896193283623
2025-03-05,-0.4465543954550484,0.3968259423750267,test,JPYPHP_RET,0.005226765343638519,0.40205270771866525
2025-03-06,0.01661098887367,-0.2366778607724761,test,JPYPHP_RET,0.04506045816454648,-0.19161740260792962
2025-03-07,0.3782114645429755,0.8729491771079457,test,JPYPHP_RET,-0.03451034892264115,0.8384388281853046
2025-03-10,0.196416898607056,0.0749182789254487,test,JPYPHP_RET,-0.0014523014754143299,0.07346597745003436
2025-03-11,0.9403015780873238,0.4090435318646374,test,JPYPHP_RET,-0.02037572174989412,0.3886678101147433
2025-03-12,-1.3214910801773083,-0.0758363899338475,test,JPYPHP_RET,-0.0025564824154876726,-0.07839287234933517
2025-03-13,0.2510770565954159,-0.1754059539590088,test,JPYPHP_RET,-0.0646383635840341,-0.2400443175430429
2025-03-14,0.1442206066424278,-0.0623746176662246,test,JPYPHP_RET,-0.02011264229856062,-0.08248725996478522
2025-03-17,-0.4761442988831602,0.0851917442085202,test,JPYPHP_RET,-0.03163647455576192,0.05355526965275828
2025-03-18,-0.5556532990637454,-0.0230174951498983,test,JPYPHP_RET,0.010810611825076376,-0.012206883324821925
2025-03-19,-0.1188057563328255,0.1274242897592722,test,JPYPHP_RET,0.005002323453002028,0.13242661321227422
2025-03-20,0.2408420347534752,-0.2121662492059539,test,JPYPHP_RET,-0.0010320063335858506,-0.21319825553953975
2025-03-21,0.2373060082936306,-0.1362966412913638,test,JPYPHP_RET,-0.015573975810838728,-0.1518706171022025
2025-03-24,-0.3717697553498355,-0.0273757114028974,test,JPYPHP_RET,-0.028051573660256172,-0.05542728506315357
2025-03-25,-0.9345942652081786,-0.3171981113336497,test,JPYPHP_RET,-0.008618030183531704,-0.3258161415171814
2025-03-26,1.0363723294966682,0.1846295000813243,test,JPYPHP_RET,0.023360926741595785,0.2079904268229201
2025-03-27,0.0771881832372153,-0.2929053532508169,test,JPYPHP_RET,-0.003440529019266379,-0.2963458822700833
2025-03-28,-1.0134618659913126,0.1930098889601349,test,JPYPHP_RET,-0.02849662966908282,0.1645132592910521
2025-03-31,0.9757352746053284,0.2113561663215217,test,JPYPHP_RET,-0.06277269738126129,0.14858346894026042
2025-04-01,-0.6431054977171434,-0.0646189785352354,test,JPYPHP_RET,0.0025364687562366922,-0.062082509778998714
2025-04-02,0.1305054140787397,0.1170859774218385,test,JPYPHP_RET,0.014545553288044992,0.13163153070988348
2025-04-03,1.1527176362856857,0.055497678205706,test,JPYPHP_RET,-0.003002383249424828,0.05249529495628118
2025-04-04,0.8527409818265336,1.723719611212979,test,JPYPHP_RET,0.046005585018947324,1.7697251962319263
2025-04-07,1.1951955936204997,-0.0779731234950553,test,JPYPHP_RET,0.04075713606487036,-0.037215987430184935
2025-04-08,-1.5982802813529868,0.1611394155116119,test,JPYPHP_RET,0.12605786534422309,0.28719728085583496
2025-04-09,1.6813032980077671,0.5959231156550153,test,JPYPHP_RET,0.17339252783630743,0.7693156434913228
2025-04-10,-1.8719332410098912,-2.1060068326405594,test,JPYPHP_RET,0.040760757331174166,-2.065246075309385
2025-04-11,2.7977494144982944,1.417215079445647,test,JPYPHP_RET,-0.03367899976672093,1.3835360796789262
2025-04-14,0.1001495981697035,-0.4451045551034651,test,JPYPHP_RET,0.14158238509003152,-0.30352217001343357
2025-04-15,0.0038350372678773,-0.7764581948879985,test,JPYPHP_RET,-0.0005786628090533865,-0.7770368576970519
2025-04-16,-0.7198856347836445,-0.3775403730905608,test,JPYPHP_RET,0.0012509420738056767,-0.37628943101675516
2025-04-17,0.7464207682160168,0.8495652512283495,test,JPYPHP_RET,-0.008522106141397345,0.8410431450869521
2025-04-18,0.0,-0.4526735410533281,test,JPYPHP_RET,0.006395908168163876,-0.4462776328851642
2025-04-21,0.0,-0.0844274822317647,test,JPYPHP_RET,-0.015632229503817437,-0.10005971173558215
2025-04-22,0.6218772817090858,0.8641838700183523,test,JPYPHP_RET,-0.014212772550512249,0.84997109746784
2025-04-23,-1.1913086960092172,-0.6868554833610877,test,JPYPHP_RET,-0.0006741032144791652,-0.6875295865755668
2025-04-24,-0.5247395692150825,-0.3361147207608737,test,JPYPHP_RET,4.769472861710693e-05,-0.3360670260322566
2025-04-25,0.0631466099625643,0.2173000673096536,test,JPYPHP_RET,0.0037539712836580515,0.22105403859331166
2025-04-28,-0.9554381833702988,-0.0604966731777841,test,JPYPHP_RET,0.005672571145362295,-0.05482410203242181
2025-04-29,1.4117676014241238,0.4102819659943966,test,JPYPHP_RET,0.03563895517427286,0.44592092116866944
2025-04-30,-0.6995270622665515,-0.4168223734542221,test,JPYPHP_RET,0.011088746163279936,-0.40573362729094214
2025-05-01,-0.864617138115973,0.2900748932210033,test,JPYPHP_RET,-0.004327198275119483,0.28574769494588387
2025-05-02,-1.4976422201241288,-0.3183121348293242,test,JPYPHP_RET,-0.053521181347372715,-0.3718333161766969
2025-05-05,0.1197327603897432,0.1541785571232985,test,JPYPHP_RET,-0.05881280664603027,0.09536575047726822
2025-05-06,0.5596383100438796,-0.0528078047875865,test,JPYPHP_RET,0.002634465253159252,-0.05017333953442725
2025-05-07,0.1524895974223856,0.0947038002873758,test,JPYPHP_RET,0.006133147001350368,0.10083694728872616
2025-05-08,-0.4946208007263583,0.0081806864066999,test,JPYPHP_RET,-0.009777668337255041,-0.0015969819305551407
2025-05-09,-1.580010122693819,-0.3676016849898674,test,JPYPHP_RET,-0.00021533556329059227,-0.367817020553158
2025-05-12,0.0777374812714255,0.3278381818108131,test,JPYPHP_RET,-0.06335674013572853,0.2644814416750846
2025-05-13,-1.1134000250012193,-0.9856140748012424,test,JPYPHP_RET,-0.0013862963540969624,-0.9870003711553393
2025-05-14,0.5843100150160285,0.4551829256764181,test,JPYPHP_RET,0.006399041077399065,0.4615819667538172
2025-05-15,0.7224608572024809,-0.0511081136212346,test,JPYPHP_RET,-0.02159652693643848,-0.07270464055767309
2025-05-16,0.4224533663703801,0.0731800397571358,test,JPYPHP_RET,0.0017958421443975208,0.07497588190153333
2025-05-19,0.5019472650180276,-0.0426378845071886,test,JPYPHP_RET,-0.03086707660194293,-0.07350496110913153
2025-05-20,0.1992442686537158,0.3340171350668509,test,JPYPHP_RET,-0.0006693891634841188,0.33334774590336674
2025-05-21,-0.0487303437815424,0.1640557515852636,test,JPYPHP_RET,0.006276798869898851,0.17033255045516243
2025-05-22,0.379779313054677,0.6596522733763485,test,JPYPHP_RET,0.0019113246997644812,0.661563598076113
2025-05-23,0.0634356273551959,-0.2300992844971369,test,JPYPHP_RET,-0.0040802321145957466,-0.23417951661173264
2025-05-26,0.3469563437055805,0.0159533674835906,test,JPYPHP_RET,-0.03455279162674203,-0.01859942414315143
2025-05-27,-0.0304293354710032,0.0043050578173553,test,JPYPHP_RET,-0.03252788457904952,-0.028222826761694218
2025-05-28,-0.7091321734865325,-0.4325275443557885,test,JPYPHP_RET,0.002661589187357389,-0.4298659551684311
2025-05-29,-1.1389140058249092,-0.1228273128276552,test,JPYPHP_RET,-0.003792187485252512,-0.12661950031290772
2025-05-30,1.6386174791623254,0.4014170994773599,test,JPYPHP_RET,-0.004978354513361351,0.3964387449639985
2025-06-02,0.3197053189442858,-0.2717492528740307,test,JPYPHP_RET,0.11246111911026536,-0.15928813376376533
2025-06-03,0.5283650551881852,0.1248787098508227,test,JPYPHP_RET,0.0045914756229649195,0.1294701854737876
2025-06-04,-0.8506378240587849,-0.3185450841855941,test,JPYPHP_RET,-0.023810108575058952,-0.342355192760653
2025-06-05,0.7712044653470727,0.2928475659536036,test,JPYPHP_RET,0.004899130242365862,0.2977466961959695
2025-06-06,-0.6918346045228692,-0.0427687864042677,test,JPYPHP_RET,-0.011158283416378052,-0.053927069820645754
2025-06-09,-0.6893117398419825,0.1565660563057244,test,JPYPHP_RET,0.030424403517953016,0.1869904598236774
2025-06-10,-0.0161414821784251,0.081318437547291,test,JPYPHP_RET,0.04474338488177417,0.12606182242906516
2025-06-11,0.2018996893974542,-0.0199553879873828,test,JPYPHP_RET,0.0062956996201777825,-0.013659688367205016
2025-06-12,0.4106896419756979,-0.0564921917908058,test,JPYPHP_RET,-0.03289013740004647,-0.08938232919085226
2025-06-13,-2.1357286462992517,0.2459509243275454,test,JPYPHP_RET,-0.013101389021657311,0.2328495353058881
2025-06-16,3.5496542779815883,0.6311355515991343,test,JPYPHP_RET,0.926015445913932,1.5571509975130664
2025-06-17,-0.661494315046895,-1.2914836770477909,test,JPYPHP_RET,-0.3922818799383957,-1.6837655569861867
2025-06-18,-0.9670898988879808,-0.0943053912490063,test,JPYPHP_RET,0.006999830256444289,-0.08730556099256201
2025-06-19,1.3346905046574764,0.0303379581948281,test,JPYPHP_RET,0.04041513313632805,0.07075309133115615
2025-06-20,-0.2783620545843015,-0.4202559542203326,test,JPYPHP_RET,0.1349260212181165,-0.2853299330022161
2025-06-23,0.3427701468902815,0.0302164923788395,test,JPYPHP_RET,-0.023575379266627658,0.006641113112211841
2025-06-24,-0.2195162705343747,0.0903942657982335,test,JPYPHP_RET,-0.033766567760138214,0.05662769803809528
2025-06-25,-0.8428217994906675,0.0892062123688188,test,JPYPHP_RET,-0.006526317613631869,0.08267989475518693
2025-06-26,0.4917425223327948,0.4095385119725696,test,JPYPHP_RET,0.025427243784543283,0.4349657557571129
2025-06-27,0.003016543906704,-0.0933235203482533,test,JPYPHP_RET,-0.013838782023445587,-0.10716230237169888
2025-06-30,0.5814632920613816,0.0299643584343099,test,JPYPHP_RET,-0.01621618420394393,0.013748174230365971
2025-07-01,-1.4291489731700322,0.1132007981077792,test,JPYPHP_RET,0.0002484968030270152,0.11344929491080621
2025-07-02,0.6298839797072785,0.5265426629969487,test,JPYPHP_RET,0.054606081051231985,0.5811487440481807
2025-07-03,0.6723606618292889,-0.1794181356323079,test,JPYPHP_RET,-0.017388058932702177,-0.19680619456501008
2025-07-04,-0.5849324557279737,-0.4217656472240546,test,JPYPHP_RET,-0.003441857444104301,-0.4252075046681589
2025-07-07,0.5639316480658172,-0.0326290680518694,test,JPYPHP_RET,0.005267565783186097,-0.027361502268683304
2025-07-08,-0.8857299985458298,-0.1731671935958272,test,JPYPHP_RET,0.005016082900136458,-0.16815111069569072
2025-07-09,-1.0528455311909248,-0.0458172983787987,test,JPYPHP_RET,0.04228450900682225,-0.003532789371976451
2025-07-10,0.8919419066451297,0.0712537591450143,test,JPYPHP_RET,-0.0014173271362444152,0.06983643200876989
2025-07-11,-0.2695789662706565,-0.1852947385800539,test,JPYPHP_RET,-0.0018031106640398879,-0.18709784924409378
2025-07-14,-0.5761625884806515,-0.0046790159951297,test,JPYPHP_RET,0.005916438226560635,0.0012374222314309354
2025-07-15,-0.0062654245177294,0.0320391681577939,test,JPYPHP_RET,0.013002126930531386,0.04504129508832529
2025-07-16,-0.5194608817729776,-0.1999900645845054,test,JPYPHP_RET,0.002989670961823914,-0.19700039362268149
2025-07-17,-0.700309920876235,0.1293138297847683,test,JPYPHP_RET,-0.007199176203811758,0.12211465358095654
2025-07-18,1.7749306716230318,0.1207267685076744,test,JPYPHP_RET,0.04654556335456522,0.1672723318622396
2025-07-21,-0.3742655944462258,-0.6621963449558781,test,JPYPHP_RET,0.0005317017150630564,-0.6616646432408151
2025-07-22,0.6347670676360093,0.3731313883874247,test,JPYPHP_RET,-0.0346865235241854,0.3384448648632393
2025-07-23,0.0725623494251327,0.1064730779868759,test,JPYPHP_RET,-0.034710263498974464,0.07176281448790144
2025-07-24,-0.1261419614291738,0.0064024217030917,test,JPYPHP_RET,0.002583939163968167,0.008986360867059867
2025-07-25,-0.0500549481703798,0.0426838567158511,test,JPYPHP_RET,0.006321487662385536,0.049005344378236636
2025-07-28,0.0911178213540674,-0.0515550493488117,test,JPYPHP_RET,0.006183493349005983,-0.04537155599980572
2025-07-29,-0.6844085024066348,-0.5434581899486034,test,JPYPHP_RET,-0.023693108268127202,-0.5671512982167306
2025-07-30,0.4451626928637223,0.0690543790807691,test,JPYPHP_RET,0.0061255659209113085,0.0751799450016804
2025-07-31,-0.4656225042202915,-0.5705180421996744,test,JPYPHP_RET,-0.027726317600756653,-0.598244359800431
2025-08-01,0.5373258677778436,0.317053333352196,test,JPYPHP_RET,-0.01764712668895996,0.29940620666323603
2025-08-04,1.5066291547292356,-0.4701676128080611,test,JPYPHP_RET,-0.03277370505288289,-0.502941317860944
2025-08-05,-0.2796851533431205,-0.3660598833907749,test,JPYPHP_RET,0.00802146488910346,-0.35803841850167145
2025-08-06,-0.2302910247118436,0.352392875057101,test,JPYPHP_RET,-0.014540441291721634,0.3378524337653793
2025-08-07,-0.1028909760959359,0.0582494709092033,test,JPYPHP_RET,0.015480646465171981,0.07373011737437528
2025-08-08,-0.1022566558364868,-0.0329748747945195,test,JPYPHP_RET,0.005365072241216958,-0.027609802553302542
2025-08-11,-0.9687486806966829,0.0441529487203899,test,JPYPHP_RET,0.005233173222860802,0.0493861219432507
2025-08-12,-0.0658360381200007,0.2194801533121426,test,JPYPHP_RET,-0.003722980811581318,0.21575717250056128
2025-08-13,-0.0065853154428567,-0.037248524030806,test,JPYPHP_RET,-0.004552585442121065,-0.04180110947292707
2025-08-14,0.0256647968393111,0.0847400268313778,test,JPYPHP_RET,-0.005502174294959002,0.0792378525364188
2025-08-15,0.3725366850284746,-0.0945825672603962,test,JPYPHP_RET,0.0046161595205523095,-0.08996640773984389
2025-08-18,0.2632324454033625,-0.2550032208217742,test,JPYPHP_RET,-0.013112306498601577,-0.26811552732037575
2025-08-19,-0.5750635025469831,-0.2899866471219328,test,JPYPHP_RET,-0.004532792376199957,-0.29451943949813275
2025-08-20,0.431834471373929,0.09396513540643,test,JPYPHP_RET,-0.004532029701097536,0.08943310570533247
2025-08-21,0.1871763303193938,-0.2796094776167198,test,JPYPHP_RET,-0.03195256536757534,-0.31156204298429513
2025-08-22,-0.5543579029149864,0.0814989388728164,test,JPYPHP_RET,-0.013170480266322724,0.06832845860649367
2025-08-25,-0.5401340843088686,0.0346013346371476,test,JPYPHP_RET,0.027524858221268052,0.062126192858415655
2025-08-26,0.0111104632439497,0.0675186904925192,test,JPYPHP_RET,0.01371601705515743,0.08123470754767663
2025-08-27,0.7015443251618856,0.1671272314493627,test,JPYPHP_RET,0.004434869565004128,0.17156210101436684
2025-08-28,-0.4681014831118591,-0.4407329590055289,test,JPYPHP_RET,-0.002095955210610774,-0.4428289142161397
2025-08-29,0.9072928313109274,0.2249545062314855,test,JPYPHP_RET,0.0019414996605812752,0.22689600589206677
2025-09-01,0.1610534370701546,-0.1856087228492577,test,JPYPHP_RET,0.007322291278087444,-0.17828643157117025
2025-09-02,-2.083399753755325,0.0324513865317894,test,JPYPHP_RET,-0.03112956401207415,0.0013218225197152537
2025-09-03,1.2836630584989728,0.5792349401007996,test,JPYPHP_RET,0.4560576210992275,1.035292561200027
2025-09-04,0.4197873069870583,-0.4298366531658326,test,JPYPHP_RET,0.006535743878227899,-0.42330090928760467
2025-09-05,-0.9781384708608336,-0.308009361036751,test,JPYPHP_RET,-0.003359611839590652,-0.31136897287634163
2025-09-08,-0.2750255226979643,0.318406211910822,test,JPYPHP_RET,0.0348150513434273,0.3532212632542493
2025-09-09,0.6557561808655382,0.1542981778277026,test,JPYPHP_RET,0.01790142949558034,0.17219960732328296
2025-09-10,0.5930643329016558,-0.2944929715919362,test,JPYPHP_RET,-0.0072359117056094765,-0.3017288832975457
2025-09-11,0.0968111253328214,-0.2258334925731035,test,JPYPHP_RET,-0.003897280813690923,-0.22973077338679443
2025-09-12,0.1714204683336947,0.0461894770768438,test,JPYPHP_RET,-0.03314557900192576,0.013043898074918042
2025-09-15,-0.1633116202443799,-0.0639604721221251,test,JPYPHP_RET,-0.020976165240404243,-0.08493663736252935
2025-09-16,-0.0366142158383849,0.0678820642371756,test,JPYPHP_RET,0.006333258863389382,0.07421532310056499
2025-09-17,-0.0280487697130772,0.2607434734319588,test,JPYPHP_RET,0.006414157056339489,0.26715763048829827
2025-09-18,-0.1937028703243223,-0.0551996620647154,test,JPYPHP_RET,-0.004848703396609548,-0.06004836546132495
2025-09-19,0.0787388310076965,-0.4058667430384525,test,JPYPHP_RET,0.0061902368695334635,-0.39967650616891903
2025-09-22,-0.2276762033294895,-0.1412085617113017,test,JPYPHP_RET,-0.010081139089265206,-0.1512897008005669
2025-09-23,-0.249961495153855,0.3174655175892264,test,JPYPHP_RET,0.005993551116474956,0.3234590687057014
2025-09-24,0.7665619179358615,0.1105471605335788,test,JPYPHP_RET,0.012119093865630003,0.12266625439920881
2025-09-25,-0.0230159390686191,-0.4651289948419282,test,JPYPHP_RET,0.007572591490673342,-0.45755640335125486
2025-09-26,-0.1004191991961495,-0.3407543390073297,test,JPYPHP_RET,-0.017460810812781884,-0.3582151498201116
2025-09-29,0.4837712681188572,-0.0414897877626799,test,JPYPHP_RET,-0.03400586500865946,-0.07549565277133935
2025-09-30,0.4111045671520556,0.0988265556416501,test,JPYPHP_RET,-0.0034516560945580996,0.09537489954709201
2025-10-01,0.7024635179599219,0.1891386537449906,test,JPYPHP_RET,-0.033781577672501346,0.15535707607248925
2025-10-02,0.4665620017646341,-0.1192596520634209,test,JPYPHP_RET,-0.005307530820041085,-0.12456718288346198
2025-10-03,-0.3400407456476974,-0.0246317175815677,test,JPYPHP_RET,0.004087008515905533,-0.020544709065662168
2025-10-06,-1.7812571656712584,0.1143061284228872,test,JPYPHP_RET,-0.0069209444350472465,0.10738518398783996
2025-10-07,0.0899834542671796,-0.0076972411510943,test,JPYPHP_RET,0.24336162906317765,0.23566438791208336
2025-10-08,-1.5333521906156895,-0.3245741674000031,test,JPYPHP_RET,-0.016441091174843558,-0.34101525857484666
2025-10-09,-0.4024788699127288,0.0013280031544576,test,JPYPHP_RET,-0.06301199846065542,-0.061683995306197816
2025-10-10,0.5331301096071474,-0.1579586236286346,test,JPYPHP_RET,-0.00937213839651908,-0.16733076202515368
2025-10-13,0.2772126130255933,-0.0831145448735353,test,JPYPHP_RET,0.007068943037270277,-0.07604560183626502
2025-10-14,-0.5302375821343378,-0.2523794104041208,test,JPYPHP_RET,-0.02966809208929033,-0.28204750249341115
2025-10-15,0.4708613874716966,0.3860631538697368,test,JPYPHP_RET,-0.0039030217829375924,0.38216013208679916
2025-10-16,0.3537302093735066,-0.1482916246610606,test,JPYPHP_RET,-0.014275152742494485,-0.1625667774035551
2025-10-17,0.6430933994733782,0.6522709562323463,test,JPYPHP_RET,-0.007142675492187711,0.6451282807401586
2025-10-20,-0.4114885640939665,-0.1430732748049843,test,JPYPHP_RET,-7.435313233728695e-05,-0.14314762793732158
2025-10-21,0.1729691697088313,-0.3115946852409442,test,JPYPHP_RET,-0.0030588546366843443,-0.31465353987762856
2025-10-22,-0.7445872451938113,-0.2291350160380753,test,JPYPHP_RET,-0.010088299385471374,-0.23922331542354666
2025-10-23,0.3202762344932471,0.2388186560055308,test,JPYPHP_RET,0.0018796338614875988,0.24069828986701838
2025-10-24,-0.0152148814223874,-0.4335015931165665,test,JPYPHP_RET,-0.013713290019727164,-0.44721488313629365
2025-10-27,-0.2235846086744102,-0.0878484095352079,test,JPYPHP_RET,-0.0214639155549024,-0.1093123250901103
2025-10-28,-0.7299942814377639,0.011311326705856,test,JPYPHP_RET,0.00625584749181768,0.01756717419767368
2025-10-29,0.2639983452941024,0.4138437338419815,test,JPYPHP_RET,0.04586828765479674,0.4597120214967782
2025-10-30,-2.339480110194223,-0.0969898944733433,test,JPYPHP_RET,0.005839251010685873,-0.09115064346265743
2025-10-31,2.600928770252549,0.3675776117885396,test,JPYPHP_RET,0.6623657239066619,1.0299433356952015
2025-11-03,-0.8016262614995103,-1.1343579878174443,test,JPYPHP_RET,0.2170733435928277,-0.9172846442246166
2025-11-04,0.1427806684063144,0.259802314103515,test,JPYPHP_RET,-0.032388723114181686,0.22741359098933334
2025-11-05,0.4238673177773111,-0.136479347430002,test,JPYPHP_RET,0.006482523016875782,-0.12999682441312624
2025-11-06,-0.1410718872996964,0.1950258847637424,test,JPYPHP_RET,0.0013566097811632926,0.1963824945449057
2025-11-07,0.9523715720967832,0.2414814415604358,test,JPYPHP_RET,-0.00820536739223391,0.2332760741682019
2025-11-10,-1.1752469352941652,-0.1236855150136547,test,JPYPHP_RET,0.0062187543590674415,-0.11746676065458726
2025-11-11,0.4629915918455703,0.0542427218335801,test,JPYPHP_RET,-0.019001197323964082,0.03524152450961602
2025-11-12,0.0834326949350508,-0.2272726787256153,test,JPYPHP_RET,-0.02299138929611786,-0.2502640680217332
2025-11-13,-0.0217484851821346,-0.0074210022806628,test,JPYPHP_RET,-0.03386520595249894,-0.041286208233161745
2025-11-14,-0.411099834419902,0.227718685402828,test,JPYPHP_RET,0.0005293319076314938,0.2282480173104595
2025-11-17,0.1414323660134688,0.1126320427301977,test,JPYPHP_RET,0.028182403691239862,0.14081444642143756
2025-11-18,-0.4525565219654197,-0.0206734869496359,test,JPYPHP_RET,-0.005222606140351453,-0.025896093089987353
2025-11-19,-0.4489266504361004,0.3090406338065434,test,JPYPHP_RET,-0.008152127439716508,0.3008885063668269
2025-11-20,-0.7284922267063033,-0.1924889656752321,test,JPYPHP_RET,0.04726634075932641,-0.1452226249159057
2025-11-21,-0.1464664983481691,0.3329378753139637,test,JPYPHP_RET,0.005648350249102394,0.33858622556306606
2025-11-24,-0.155282848200694,0.0161316469218885,test,JPYPHP_RET,-0.003579372756887448,0.012552274165001051
2025-11-25,0.3898634482695797,-0.1368503398993488,test,JPYPHP_RET,0.004833833324403646,-0.13201650657494515
2025-11-26,0.236929590396335,-0.1760804152450534,test,JPYPHP_RET,-0.0032323716032220014,-0.17931278684827542
2025-11-27,-0.0193746174648492,-0.0973689454144798,test,JPYPHP_RET,-0.022315524775052494,-0.1196844701895323
2025-11-28,-0.2878031335127246,-0.0856305765957546,test,JPYPHP_RET,-0.013131602768247961,-0.09876217936400256
2025-12-01,0.0248095405515117,0.1025544567028549,test,JPYPHP_RET,0.002760880557210476,0.10531533726006538
2025-12-02,0.1834786443065005,0.1661528607536085,test,JPYPHP_RET,0.005651518503772782,0.1718043792573813
2025-12-03,-0.2872506594855778,0.0522492689754829,test,JPYPHP_RET,-0.0035504857244289915,0.04869878325105391
2025-12-04,1.260571338531154,0.1781257722938334,test,JPYPHP_RET,-0.008382306898934202,0.16974346539489918
2025-12-05,0.3268092778803236,-0.4296236744000662,test,JPYPHP_RET,0.03949335276873217,-0.39013032163133404
2025-12-08,-0.4684203617840434,-0.1170823899438777,test,JPYPHP_RET,0.003165193289205653,-0.11391719665467204
2025-12-09,0.086338943721183,0.25303757255515,test,JPYPHP_RET,-0.00891256621623035,0.24412500633891968
2025-12-10,-0.2929325208474211,-0.1498838049904605,test,JPYPHP_RET,0.00508896314881653,-0.14479484184164398
2025-12-11,0.0701028802408093,-0.0130835751003209,test,JPYPHP_RET,0.00606520463974694,-0.0070183704605739595
2025-12-12,-0.1455366555364367,-0.1004467668871126,test,JPYPHP_RET,-0.014004002105018393,-0.114450768992131
2025-12-15,0.2944482737664342,0.1345860396109869,test,JPYPHP_RET,0.0035745895794411188,0.138160629190428
2025-12-16,-0.051318300144745,0.0512091354541668,test,JPYPHP_RET,-0.026186066302559558,0.02502306915160724
2025-12-17,-0.3232769860008565,0.1929136656416574,test,JPYPHP_RET,0.006386867317355763,0.19930053295901318
2025-12-18,-0.1307563489233946,0.122109260843498,test,JPYPHP_RET,0.0020074834523015066,0.12411674429579951
2025-12-19,-0.1506419821418024,-0.1426125714640959,test,JPYPHP_RET,-0.001639742499168738,-0.14425231396326463
2025-12-22,-1.4778662660599735,-0.0024029374225884,test,JPYPHP_RET,-0.0002123455327858884,-0.0026152829553742884
2025-12-23,0.9872491375638646,0.0843056476881527,test,JPYPHP_RET,0.014276244741983838,0.09858189243013654
2025-12-24,0.3814738189085929,-0.1981609731375898,test,JPYPHP_RET,-0.003467657530566905,-0.2016286306681567
2025-12-25,0.0,-0.14084468362713,test,JPYPHP_RET,0.0034902504448841385,-0.13735443318224588
2025-12-26,0.1197568851412406,-0.0050248484053421,test,JPYPHP_RET,-0.02341621923110737,-0.02844106763644947
2025-12-29,-0.5641752850412475,0.0181982591710649,test,JPYPHP_RET,-0.02090419785027707,-0.0027059386792121706
2025-12-30,0.715541574568829,0.0662266189588434,test,JPYPHP_RET,0.01541127742621587,0.08163789638505926
2025-12-31,-0.1846977817721825,-0.0975677665293461,test,JPYPHP_RET,0.007505531833401353,-0.09006223469594474
2026-01-01,0.0,0.111914757075719,test,JPYPHP_RET,0.006015822388496717,0.11793057946421572
2026-01-02,-0.1572591485529209,0.0144971715834329,test,JPYPHP_RET,0.006476459853669619,0.02097363143710252
2026-01-05,-0.5454716556653255,0.0530247126388568,test,JPYPHP_RET,0.004814619383814015,0.05783933202267082
2026-01-06,0.9615928801077006,0.3043905646383371,test,JPYPHP_RET,0.01905166859948544,0.3234422332378225
2026-01-07,0.251030808378279,-0.5650072526284964,test,JPYPHP_RET,0.0075787752986709095,-0.5574284773298255
2026-01-08,0.0180472702057267,-0.0470353436560195,test,JPYPHP_RET,-0.001489097318332343,-0.048524440974351844
2026-01-09,-0.4277335229738128,-0.2055462134655564,test,JPYPHP_RET,-0.010977903035436803,-0.2165241165009932
2026-01-12,-0.7295428922309031,0.2238410868905977,test,JPYPHP_RET,0.001116819631864507,0.2249579065224622
2026-01-13,0.0473266316798342,0.202712551801602,test,JPYPHP_RET,0.018467089577380393,0.22117964137898238
2026-01-14,-0.286575605714595,-0.0712252623170683,test,JPYPHP_RET,0.0056216270021832776,-0.06560363531488503
2026-01-15,0.6424082227005021,0.014313578631707,test,JPYPHP_RET,0.001698133643329867,0.016011712275036866
2026-01-16,-0.3192581355471446,-0.2148226670647112,test,JPYPHP_RET,0.006924957489407342,-0.20789770957530387
2026-01-19,0.5954214060632248,0.2004252536769775,test,JPYPHP_RET,0.00641338200383349,0.20683863568081098
2026-01-20,-0.381421153205337,-0.0342066277533668,test,JPYPHP_RET,-0.025089947897430444,-0.05929657565079725
2026-01-21,0.0094831111216337,0.6476050504488812,test,JPYPHP_RET,-0.008743440636771854,0.6388616098121093
2026-01-22,-0.5232900123541104,-0.3320013390779492,test,JPYPHP_RET,0.028028092716661464,-0.30397324636128775
2026-01-23,-0.2264193123329397,0.1628714303164331,test,JPYPHP_RET,0.003567791152165555,0.16643922146859866
2026-01-26,1.9977075407347216,-0.1652195500167902,test,JPYPHP_RET,-0.009584137576561506,-0.17480368759335171
2026-01-27,0.6939765820908712,0.0072611976252723,test,JPYPHP_RET,0.1740605024210972,0.1813217000463695
2026-01-28,0.6415569143767934,0.2555794040878196,test,JPYPHP_RET,0.0072055512264215475,0.2627849553142411
2026-01-29,-0.4549540474188047,-0.190583559030841,test,JPYPHP_RET,-0.026387670958756715,-0.21697122998959772
2026-01-30,0.1866871246104765,0.1513427625153377,test,JPYPHP_RET,-0.0026919956376771897,0.14865076687766052
2026-02-02,-1.747381135677124,0.0339726591423456,test,JPYPHP_RET,-0.006213814013366519,0.027758845128979085
2026-02-03,0.3829491553800873,0.1828472771905331,test,JPYPHP_RET,0.18384647639280868,0.3666937535833418
2026-02-04,-0.1472764805982994,-0.0386377604138159,test,JPYPHP_RET,-0.03101738206490502,-0.06965514247872091
2026-02-05,-0.6963689870306475,-0.0646938181627772,test,JPYPHP_RET,0.006456810854480006,-0.05823700730829719
2026-02-06,-0.2993731760333704,0.3425185644732454,test,JPYPHP_RET,0.026590453097575125,0.36910901757082054
2026-02-09,-1.2066116572767631,0.1918867823675397,test,JPYPHP_RET,0.02886051419780429,0.22074729656534398
2026-02-10,1.165843236628851,0.2064290320811281,test,JPYPHP_RET,-0.026463471266733648,0.17996556081439444
2026-02-11,1.1462289137201875,-0.2163900193616202,test,JPYPHP_RET,0.0021733365181933043,-0.2142166828434269
2026-02-12,0.4097883615046457,-0.0627039051080523,test,JPYPHP_RET,0.14214167538030775,0.07943777027225546
2026-02-13,-0.3269543928876934,0.3247342787351409,test,JPYPHP_RET,-0.012176092271366882,0.312558186463774
2026-02-16,-0.2976593923971841,0.3175166862831304,test,JPYPHP_RET,0.03098866498345236,0.3485053512665828
2026-02-17,-0.2511881673634883,0.0754909348466625,test,JPYPHP_RET,0.022855287674700502,0.098346222521363
2026-02-18,-0.0201526744993953,-0.2088108528652997,test,JPYPHP_RET,-0.0076628466973078235,-0.21647369956260754
2026-02-19,-0.6053630454035975,-0.292454743655153,test,JPYPHP_RET,-0.02980974492870284,-0.32226448858385587
2026-02-20,-0.1893139175473452,-0.0775676794369951,test,JPYPHP_RET,-0.00674394698306167,-0.08431162642005677
2026-02-23,0.3372629015516372,-0.011734577668236,test,JPYPHP_RET,0.006475750948209609,-0.005258826720026392
2026-02-24,-0.7250359454042694,0.1370426690358663,test,JPYPHP_RET,-0.030895189346831622,0.10614747968903467
2026-02-25,-0.6908276986972426,0.0678893524189266,test,JPYPHP_RET,0.04233547786736493,0.11022483028629154
2026-02-26,-0.416916617390397,0.005183098036423,test,JPYPHP_RET,0.04731649219632987,0.05249959023275287
2026-02-27,0.2759002639013579,0.0452282179230194,test,JPYPHP_RET,-0.008701290882675353,0.03652692704034405
2026-03-02,-0.3669004534580222,0.062973961266469,test,JPYPHP_RET,-0.0334792268630701,0.029494734403398892
2026-03-03,0.6208999867832751,-0.1544009760732082,test,JPYPHP_RET,-0.008275825521122085,-0.1626768015943303
2026-03-04,-0.2142881965027829,-0.5415000697224727,test,JPYPHP_RET,0.0016554981852116134,-0.5398445715372611
2026-03-05,0.6391202423941279,-0.2087747567073067,test,JPYPHP_RET,-0.03281945802924532,-0.24159421473655202
2026-03-06,0.3308725044896975,-0.1731776729060683,test,JPYPHP_RET,-0.003289774653526447,-0.17646744755959476
2026-03-09,-0.1390790301738653,-0.3430507286269143,test,JPYPHP_RET,-0.0068085055096626665,-0.349859234136577
2026-03-10,0.5692468267025038,-0.4374952282338842,test,JPYPHP_RET,-0.03139229527929757,-0.46888752351318175
2026-03-11,-2.175181286293176,-0.0147925631747293,test,JPYPHP_RET,0.012497629589113511,-0.0022949335856157892
2026-03-12,1.5782499358784892,0.4468922085178823,test,JPYPHP_RET,0.522318397534407,0.9692106060522894
2026-03-13,0.2664737063136028,-0.676847638471457,test,JPYPHP_RET,0.06207394825745308,-0.614773690214004
2026-03-16,-2.4414552982762823,-0.1257037268854449,test,JPYPHP_RET,-0.000139873120933237,-0.12584360000637815
2026-03-17,2.854165737069112,0.7716543395498704,test,JPYPHP_RET,0.7999982116095602,1.5716525511594306
2026-03-18,-0.5706316874776857,-1.3012780193966311,test,JPYPHP_RET,0.10370061822892708,-1.197577401167704
2026-03-19,0.3036931034168641,0.552019440594325,test,JPYPHP_RET,0.0050452380008644505,0.5570646785951894
2026-03-20,0.7854482954191232,0.1924177696727407,test,JPYPHP_RET,-0.0012237783984863767,0.19119399127425435
2026-03-23,-0.9521680716826028,-0.2289502915299243,test,JPYPHP_RET,0.004725868745503132,-0.22422442278442117
2026-03-24,0.619818458711565,0.7359682042622184,test,JPYPHP_RET,0.043773707484772,0.7797419117469905
2026-03-25,0.6539726945066083,-0.4300685577086565,test,JPYPHP_RET,0.006483592997300615,-0.42358496471135587
2026-03-26,-0.4537305067403482,-0.5528345352378142,test,JPYPHP_RET,0.040180815376273535,-0.5126537198615407
2026-03-27,0.1488502790358915,-0.0094482138306435,test,JPYPHP_RET,-0.016679639255646715,-0.026127853086290218
2026-03-30,0.1905236880264088,-0.0852390573189188,test,JPYPHP_RET,-0.0259682696877283,-0.1112073270066471
2026-03-31,0.5590079820320346,-0.2135689341529728,test,JPYPHP_RET,-0.03482135440427755,-0.24839028855725034
2026-04-01,0.5667636901857807,-0.336122671439362,test,JPYPHP_RET,0.0018761744442862,-0.33424649699507575
2026-04-02,-0.7379094824851935,0.0102655567238652,test,JPYPHP_RET,-0.0034700450400491746,0.006795511683816026
2026-04-03,-0.5156412598927929,0.3100190945821367,test,JPYPHP_RET,0.04650931732969813,0.3565284119118349
2023-01-04,0.1432574129294954,0.2343502718839434,val,HKDPHP_RET,-0.010784426333693134,0.22356584555025025
2023-01-05,0.2448551317892765,-0.1671671962479753,val,HKDPHP_RET,-0.03081025202061387,-0.19797744826858918
2023-01-06,-0.1747930814996054,0.0200941176255524,val,HKDPHP_RET,-0.00030557894377673757,0.01978853868177566
2023-01-09,-0.6708530855178008,0.1369489319382136,val,HKDPHP_RET,-0.044617700439501924,0.09233123149871167
2023-01-10,-1.4348666757842603,-0.0683395912825763,val,HKDPHP_RET,-0.0013530202514563567,-0.06969261153403265
2023-01-11,0.0074346749003468,0.552362229332317,val,HKDPHP_RET,-0.05555454296692058,0.49680768636539646
2023-01-12,0.4951827246642077,0.0118913342551579,val,HKDPHP_RET,0.000797280470233758,0.012688614725391657
2023-01-13,0.0364939095947884,-0.4737527969223981,val,HKDPHP_RET,0.002019094219395575,-0.4717337027030025
2023-01-16,-0.3801476189497914,-0.0606346692311464,val,HKDPHP_RET,0.0033974819701506815,-0.05723718726099572
2023-01-17,-0.4597254785533469,0.0966232999624221,val,HKDPHP_RET,-0.03453305644009615,0.06209024352232594
2023-01-18,0.0382830338886644,0.1443340305692875,val,HKDPHP_RET,0.0005614615030900158,0.14489549207237754
2023-01-19,-0.067512505226806,-0.1425143165313767,val,HKDPHP_RET,-0.03373886550206582,-0.1762531820334425
2023-01-20,0.0394303178503229,0.0337812309034197,val,HKDPHP_RET,0.0009989683491702797,0.03478019925258998
2023-01-23,-0.4571798665414784,-0.0870404662695205,val,HKDPHP_RET,-0.010086483441984491,-0.09712694971150498
2023-01-24,-0.3489635849201222,0.092032182167981,val,HKDPHP_RET,-0.02401536320441513,0.06801681896356587
2023-01-25,0.6820362250277179,0.045943753293342,val,HKDPHP_RET,-0.00903664975425988,0.03690710353908212
2023-01-26,-0.1667411990289909,-0.2639536660194813,val,HKDPHP_RET,0.02251525926326823,-0.24143840675621306
2023-01-27,-0.3583402725766842,-0.0423927518541774,val,HKDPHP_RET,0.003169393559579204,-0.0392233582945982
2023-01-30,0.067955588652841,0.1015107012728525,val,HKDPHP_RET,-0.03518745862040209,0.0663232426524504
2023-01-31,0.3558857150700084,0.1462424912853336,val,HKDPHP_RET,-0.01836942589462643,0.12787306539070717
2023-02-01,-0.0486521837794633,0.0265340948500279,val,HKDPHP_RET,0.0043828973321389806,0.03091699218216688
2023-02-02,-0.9848706048123772,-0.204128852414079,val,HKDPHP_RET,-0.027496561711626028,-0.23162541412570503
2023-02-03,-0.7086704159337119,0.3938852925108002,val,HKDPHP_RET,-0.00893316889300736,0.3849521236177928
2023-02-06,-0.3693858241683377,0.3264026461120137,val,HKDPHP_RET,0.12203782514083752,0.44844047125285125
2023-02-07,2.255711411256953,0.4320271081779476,val,HKDPHP_RET,-0.0135308342517213,0.4184962739262263
2023-02-08,0.4694092100298232,-0.7530296132432989,val,HKDPHP_RET,0.3183820822967497,-0.4346475309465492
2023-02-09,-0.5489071744883326,-0.2096375847502383,val,HKDPHP_RET,0.24805688181958535,0.03841929706934705
2023-02-10,-0.25957086378289,0.2614546344920628,val,HKDPHP_RET,-0.030657322706636552,0.23079731178542626
2023-02-13,-0.4534921160762291,0.0757239876942081,val,HKDPHP_RET,0.0004222319523877112,0.0761462196465958
2023-02-14,0.5170342810032625,0.1069572682222512,val,HKDPHP_RET,0.0006855190058285486,0.10764278722807975
2023-02-15,0.4992556041815898,-0.2643928485644609,val,HKDPHP_RET,-0.0003454180934249724,-0.26473826665788586
2023-02-16,0.8644531440827271,-0.085518162981203,val,HKDPHP_RET,0.0993358559029767,0.013817692921773692
2023-02-17,-0.3708189132028842,-0.1536386411318467,val,HKDPHP_RET,0.29767521172936584,0.14403657059751915
2023-02-20,0.4633592440914834,0.1107470176632539,val,HKDPHP_RET,-0.04504265883955126,0.06570435882370264
2023-02-21,-0.7524028583520143,-0.1047485613294695,val,HKDPHP_RET,-0.000767242635292868,-0.10551580396476236
2023-02-22,0.2116606756381104,0.3589163747442048,val,HKDPHP_RET,-0.00829444643414226,0.35062192831006256
2023-02-23,-0.010028114966093,0.044608346237999,val,HKDPHP_RET,-0.040412532151984246,0.004195814086014757
2023-02-24,-0.3157188184144703,-0.0829233599981586,val,HKDPHP_RET,-0.023025560148499456,-0.10594892014665805
2023-02-27,-0.2724996448866785,0.0930416908420107,val,HKDPHP_RET,-0.044725425581468234,0.04831626526054246
2023-02-28,0.9627267096916656,0.0101135065292132,val,HKDPHP_RET,-0.025031881908376092,-0.014918375379162891
2023-03-01,0.1551214975302238,-0.2801034727373295,val,HKDPHP_RET,0.2998680910347001,0.019764618297370584
2023-03-02,-1.0672178122490847,-0.0373633311945554,val,HKDPHP_RET,0.00027243061488355915,-0.03709090057967184
2023-03-03,0.2019831789395573,0.4107966175812273,val,HKDPHP_RET,0.12418354808363641,0.5349801656648637
2023-03-06,0.9769171841795208,-0.0943357864445331,val,HKDPHP_RET,-0.04500388011284776,-0.13933966655738086
2023-03-07,-0.8226636234816963,-0.3604571063586652,val,HKDPHP_RET,0.3386382985755378,-0.021818807783127392
2023-03-08,0.3501266469915179,0.4296241448171179,val,HKDPHP_RET,-0.005443825521359426,0.4241803192957585
2023-03-09,0.2560000622000069,-0.0454679548491422,val,HKDPHP_RET,-0.028411103014649688,-0.07387905786379188
2023-03-10,-0.3451341494173934,0.0413069684362662,val,HKDPHP_RET,0.00031016619483830793,0.04161713463110451
2023-03-13,-0.1913799217656169,0.0695958293370896,val,HKDPHP_RET,-0.020389958230316776,0.049205871106772825
2023-03-14,0.200470674786064,0.0327934584881586,val,HKDPHP_RET,-0.04289369706014463,-0.010100238571986025
2023-03-15,-0.6086321838730018,0.0875656250239034,val,HKDPHP_RET,0.005498132196505261,0.09306375722040866
2023-03-16,0.2742298428580324,0.3104902059883235,val,HKDPHP_RET,-0.013561139190917502,0.296929066797406
2023-03-17,-0.7813267720688183,-0.1775142638608804,val,HKDPHP_RET,-0.018965010849750417,-0.1964792747106308
2023-03-20,0.0688077647019552,0.1748653679639973,val,HKDPHP_RET,-0.0029054995967833707,0.17195986836721391
2023-03-21,-0.7039666874497337,-0.198894764446553,val,HKDPHP_RET,-0.033740110105890446,-0.23263487455244344
2023-03-22,-0.0082799516027563,0.0456738597013013,val,HKDPHP_RET,-0.0004944359469313591,0.04517942375436994
2023-03-23,0.2307256841398345,-0.1717520407518628,val,HKDPHP_RET,-0.02287499164310309,-0.19462703239496587
2023-03-24,-0.1682805903063187,-0.0746466351098942,val,HKDPHP_RET,-0.00048705377481307556,-0.07513368888470727
2023-03-27,0.0038658047630248,0.1504355596631081,val,HKDPHP_RET,-0.03132226450650653,0.11911329515660157
2023-03-28,-0.3768625884376746,-0.1442031518311765,val,HKDPHP_RET,-0.040321939391058464,-0.18452509122223495
2023-03-29,0.3765413487854072,-0.047018743845328,val,HKDPHP_RET,-0.044730370931318764,-0.09174911477664677
2023-03-30,-0.037557535073064,-0.1579703298848334,val,HKDPHP_RET,-4.1036707872076824e-05,-0.15801136659270548
2023-03-31,0.07421597168981,-0.0990017295896851,val,HKDPHP_RET,0.004665281134940592,-0.09433644845474451
2023-04-03,-0.0593368637337829,-0.0234383149936908,val,HKDPHP_RET,0.005431073512591082,-0.01800724148109972
2023-04-04,0.4841773867641233,0.0049125984716927,val,HKDPHP_RET,-0.01888527429431155,-0.013972675822618852
2023-04-05,-0.5282747338807928,-0.3356268747626996,val,HKDPHP_RET,0.0018425430513629205,-0.33378433171133665
2023-04-06,0.446139080292454,0.1714545720265328,val,HKDPHP_RET,-0.044518470482977315,0.1269361015435555
2023-04-07,-0.0396189301392032,-0.1155281772210395,val,HKDPHP_RET,0.0013744124799187048,-0.1141537647411208
2023-04-10,0.2205949608911828,0.0498597927290416,val,HKDPHP_RET,0.001101852429358031,0.05096164515839963
2023-04-11,0.2069709094747889,0.0905094034339843,val,HKDPHP_RET,0.005464735943926948,0.09597413937791124
2023-04-12,0.5509926774258095,-0.1378121178020493,val,HKDPHP_RET,0.004465019930409,-0.1333470978716403
2023-04-13,0.3234886944586351,-0.3026315364071705,val,HKDPHP_RET,0.04468850846013696,-0.25794302794703355
2023-04-14,0.0643139846063771,-0.2634302838749313,val,HKDPHP_RET,0.019594036095363844,-0.24383624777956744
2023-04-17,0.2332979881231637,-0.1239568701349916,val,HKDPHP_RET,-0.00041928029937236523,-0.12437615043436397
2023-04-18,1.2409323023397094,0.1749228509916855,val,HKDPHP_RET,-0.0007943942389332348,0.17412845675275226
2023-04-19,0.3755009960910206,-0.4118210953702631,val,HKDPHP_RET,0.33957123742272066,-0.07224985794754246
2023-04-20,0.1002926711061804,-0.0993095146051989,val,HKDPHP_RET,0.1222581754012202,0.0229486607960213
2023-04-21,-0.6481870839212646,-0.0484282350534482,val,HKDPHP_RET,0.004759420392970109,-0.04366881466047809
2023-04-24,-0.069150429541004,0.1725782647506251,val,HKDPHP_RET,-0.002479218544079547,0.17009904620654556
2023-04-25,-0.4726255344866652,-0.119037753587897,val,HKDPHP_RET,-0.04431751543366146,-0.16335526902155847
2023-04-26,-0.3665338901243588,0.2673955451809426,val,HKDPHP_RET,-0.027639502386180532,0.23975604279476206
2023-04-27,0.2239800869670433,0.0975784049949684,val,HKDPHP_RET,-0.006523921638106167,0.09105448335686224
2023-04-28,0.1233761745364668,-0.1994535655445587,val,HKDPHP_RET,0.0049274433735544835,-0.1945261221710042
2023-05-01,-0.2790384412715019,-0.038545356173647,val,HKDPHP_RET,-0.0003101887379300856,-0.03885554491157709
2023-05-02,0.1079421665539114,0.1861112364706842,val,HKDPHP_RET,-0.04438364997676919,0.141727586493915
2023-05-03,-0.1963473087357708,0.0114276903661853,val,HKDPHP_RET,-0.02813045171580869,-0.01670276134962339
2023-05-04,-0.159204280161347,-0.0196210345208086,val,HKDPHP_RET,-0.044988910406959244,-0.06460994492776784
2023-05-05,0.0486469792522466,0.0709849228536103,val,HKDPHP_RET,-0.03935570136400369,0.03162922148960661
2023-05-08,-0.0823730345190428,-0.0678880363103909,val,HKDPHP_RET,-0.015920755603626376,-0.08380879191401729
2023-05-09,0.2338858683369762,0.0482538018488437,val,HKDPHP_RET,-0.014235837982544765,0.034017963866298934
2023-05-10,0.6823667513406102,-0.0432405234304996,val,HKDPHP_RET,0.005181217629964945,-0.038059305800534654
2023-05-11,-0.1295078597622001,-0.2549802250630251,val,HKDPHP_RET,0.06800650385231101,-0.1869737212107141
2023-05-12,0.3443212373948818,0.0787891277688906,val,HKDPHP_RET,0.004889990526934421,0.08367911829582503
2023-05-15,-0.0642672260253433,-0.0384486031489028,val,HKDPHP_RET,0.0017910684183713034,-0.036657534730531495
2023-05-16,0.4344530933261755,0.0894999571644807,val,HKDPHP_RET,-0.016676161621781958,0.07282379554269874
2023-05-17,0.2051436385644692,-0.1436186516293778,val,HKDPHP_RET,-0.0006965939878930196,-0.14431524561727083
2023-05-18,-0.1843291690677349,-0.0861586834263501,val,HKDPHP_RET,-0.0007357773406577372,-0.08689446076700783
2023-05-19,-0.3413443933110557,0.158577289851032,val,HKDPHP_RET,-0.03222230678810905,0.12635498306292295
2023-05-22,-0.1726342858313328,0.1144943654814271,val,HKDPHP_RET,-0.0009026704506663024,0.11359169503076079
2023-05-23,-0.2988492233102642,0.1168393609982261,val,HKDPHP_RET,-0.03984039770223089,0.0769989632959952
2023-05-24,0.3642634167360186,0.1200733551218149,val,HKDPHP_RET,-0.014036866895976798,0.1060364882258381
2023-05-25,-0.12328071811268,-0.0781273805360157,val,HKDPHP_RET,0.002812673146740369,-0.07531470738927533
2023-05-26,0.6147945510753186,0.1437588136787103,val,HKDPHP_RET,-0.020929769454784645,0.12282904422392565
2023-05-29,-0.2889125146726994,-0.1401879818763841,val,HKDPHP_RET,0.001500869317087225,-0.13868711255929686
2023-05-30,0.4602825629345294,0.0618266680999722,val,HKDPHP_RET,-0.04060389363315013,0.021222774466822067
2023-05-31,0.3207921355144016,-0.1122253832889343,val,HKDPHP_RET,-0.0005526322363696609,-0.11277801552530396
2023-06-01,0.0205438762840599,-0.118821116337964,val,HKDPHP_RET,0.00020973407373275416,-0.11861138226423124
2023-06-02,-0.4929922715688841,-0.2495630955798019,val,HKDPHP_RET,0.005329959222138075,-0.24423313635766383
2023-06-05,-0.170780238706966,0.1036613776955555,val,HKDPHP_RET,-0.04422143591829178,0.05943994177726372
2023-06-06,0.0110877468065633,0.1068076386787021,val,HKDPHP_RET,-0.041474413576102494,0.06533322510259962
2023-06-07,0.0682323710731502,-0.0564084684090745,val,HKDPHP_RET,-0.031738414207131416,-0.08814688261620592
2023-06-08,0.1092897661033435,-0.154954950592323,val,HKDPHP_RET,0.004855479803653785,-0.15009947078866923
2023-06-09,-0.0959303607770337,-0.1559509261949476,val,HKDPHP_RET,0.0018511528653736018,-0.154099773329574
2023-06-12,-0.0079376223125769,-0.0215264289036135,val,HKDPHP_RET,-0.0008710509082892762,-0.022397479811902776
2023-06-13,0.0487580409315116,0.0363384505152513,val,HKDPHP_RET,-0.008537981615940663,0.027800468899310638
2023-06-14,-0.2877199623601617,-0.1218211173919409,val,HKDPHP_RET,-0.008762394722093858,-0.13058351211403477
2023-06-15,0.0915783330425172,-0.0160433095124486,val,HKDPHP_RET,-0.04256423496526832,-0.05860754447771692
2023-06-16,-0.1710751998581279,-0.201637974141386,val,HKDPHP_RET,0.003936682366421383,-0.19770129177496462
2023-06-19,-0.1096040225315206,0.0782582676582066,val,HKDPHP_RET,-0.005437318371326147,0.07282094928688046
2023-06-20,0.0844811390781838,0.0522533263791498,val,HKDPHP_RET,-0.044272375586357854,0.007980950792791944
2023-06-21,-0.4185807175579117,0.0167565645472012,val,HKDPHP_RET,-0.00515021901655866,0.01160634553064254
2023-06-22,0.0274466232991678,0.0031149275404074,val,HKDPHP_RET,-0.010096427112659257,-0.006981499572251857
2023-06-23,-0.0895762580406376,-0.0027387686286185,val,HKDPHP_RET,-0.0065397739919765075,-0.009278542620595007
2023-06-26,0.3766851631551288,0.0982364086407694,val,HKDPHP_RET,-0.029941129248282745,0.06829527939248664
2023-06-27,-0.1334339455570407,-0.089438382175229,val,HKDPHP_RET,0.001209421092533277,-0.08822896108269572
2023-06-28,-1.0080132208593018,-0.0934920707127945,val,HKDPHP_RET,-0.020673658040080357,-0.11416572875287485
2023-06-29,0.235821398500672,0.3232198763416055,val,HKDPHP_RET,0.057733953737678735,0.38095383007928424
2023-06-30,0.2232751705644004,-0.0156361200266561,val,HKDPHP_RET,-0.030056506863678306,-0.045692626890334403
2023-07-03,-0.2988238570251464,-0.053113228750453,val,HKDPHP_RET,0.0030673650465153504,-0.05004586370393765
2023-07-04,0.0299809125466769,0.036802534500552,val,HKDPHP_RET,-0.04408335476394853,-0.007280820263396527
2023-07-05,0.0561845959394039,-0.0311919237814284,val,HKDPHP_RET,-0.012623701775952999,-0.0438156255573814
2023-07-06,0.4619951059010253,0.0901830378005934,val,HKDPHP_RET,0.0022979499919817043,0.0924809877925751
2023-07-07,0.3727222230836907,-0.1001956467665954,val,HKDPHP_RET,-0.000804865269834705,-0.1010005120364301
2023-07-10,-0.3274469479884068,-0.1347383791928146,val,HKDPHP_RET,0.001576852196911609,-0.13316152699590297
2023-07-11,0.0371234255805299,0.0074340629049559,val,HKDPHP_RET,-0.04452129505027717,-0.03708723214532127
2023-07-12,-0.4946868739814392,-0.1475557087224747,val,HKDPHP_RET,-0.005589204034509145,-0.15314491275698383
2023-07-13,-1.3496532504418284,-0.157109054529593,val,HKDPHP_RET,-0.029017690512928556,-0.18612674504252155
2023-07-14,-0.269250898897091,0.1402753926404908,val,HKDPHP_RET,0.053840341698723634,0.19411573433921442
2023-07-17,0.0856996206825003,0.0107179395974788,val,HKDPHP_RET,-0.015339532529075968,-0.004621592931597168
2023-07-18,0.0737305482456604,0.0251005362677172,val,HKDPHP_RET,0.000996672398096513,0.026097208665813713
2023-07-19,-0.0414085572671801,-0.0696794485020435,val,HKDPHP_RET,-0.0025029378858280184,-0.07218238638787151
2023-07-20,0.5549568657656294,0.0699635200588173,val,HKDPHP_RET,-0.005837736645972708,0.0641257834128446
2023-07-21,-0.0037901912352383,-0.1662021972811284,val,HKDPHP_RET,0.0020956957037117393,-0.16410650157741666
2023-07-24,0.0830588811147542,0.1096805121268291,val,HKDPHP_RET,0.005533864148618585,0.11521437627544769
2023-07-25,-0.384319787927681,0.0912635732856685,val,HKDPHP_RET,-0.016851069398050925,0.07441250388761758
2023-07-26,0.1024427922917015,0.0966732116741651,val,HKDPHP_RET,-0.003537086738041749,0.09313612493612335
2023-07-27,0.0077458695216193,-0.0934287551259586,val,HKDPHP_RET,-0.010062566433134582,-0.10349132155909319
2023-07-28,0.5664634920567541,0.1944625570112081,val,HKDPHP_RET,0.0034801453944314697,0.19794270240563958
2023-07-31,0.307229072235547,-0.1445654546483306,val,HKDPHP_RET,-0.0008042768655546276,-0.14536973151388521
2023-08-01,-0.3561134970078279,0.1349886236257337,val,HKDPHP_RET,0.000791271048287868,0.13577989467402155
2023-08-02,0.3396960984406429,0.1691609675338476,val,HKDPHP_RET,-0.0017255590962591367,0.16743540843758847
2023-08-03,0.7217706973880684,-0.0093167269654514,val,HKDPHP_RET,0.005467195791337649,-0.003849531174113751
2023-08-04,0.6375506862605287,-0.2404981275733212,val,HKDPHP_RET,0.07207160500137026,-0.16842652257195095
2023-08-07,-1.1428553698944866,-0.1752293739237618,val,HKDPHP_RET,0.22413848326763292,0.048909109343871104
2023-08-08,1.9911364399465457,0.3264987268199911,val,HKDPHP_RET,0.0939806812880231,0.4204794081080142
2023-08-09,0.0671344468642196,-0.628814343930902,val,HKDPHP_RET,0.30736457468257616,-0.3214497692483258
2023-08-10,-0.0648599777874857,-0.0194502039524087,val,HKDPHP_RET,0.048679077710760056,0.029228873758351356
2023-08-11,-0.2331749971911017,0.0399705039064313,val,HKDPHP_RET,-0.020986498775128433,0.01898400513130287
2023-08-14,0.7618614950031564,0.1053356965639252,val,HKDPHP_RET,-0.04162550219995247,0.06371019436397274
2023-08-15,0.4807692213937745,-0.0200543569671666,val,HKDPHP_RET,0.02968180795448428,0.009627450987317682
2023-08-16,-0.0754360826901767,-0.2015506331449791,val,HKDPHP_RET,0.002871638204540337,-0.19867899494043875
2023-08-17,-0.4850159099807329,0.0046391893432258,val,HKDPHP_RET,0.004915997073688524,0.009555186416914324
2023-08-18,0.1598490808059949,0.1891974992153423,val,HKDPHP_RET,-0.001875202529581485,0.1873222966857608
2023-08-21,-1.0353703025896273,-0.0576045831465319,val,HKDPHP_RET,-0.01744658303900146,-0.07505116618553336
2023-08-22,0.1110211849940825,0.2775262838626536,val,HKDPHP_RET,0.10023487933578014,0.3777611631984337
2023-08-23,-0.1903669959489055,0.2118524586949775,val,HKDPHP_RET,-0.04262374997266447,0.16922870872231305
2023-08-24,0.4603184062012398,-0.1833706868491398,val,HKDPHP_RET,-0.01691441603789223,-0.20028510288703202
2023-08-25,0.3563371244857176,0.1343574603460568,val,HKDPHP_RET,0.024986392259507124,0.15934385260556394
2023-08-28,-0.0684053173036762,-0.2744116258683439,val,HKDPHP_RET,0.0038579862196643443,-0.27055363964867957
2023-08-29,0.1702214146925994,-0.065118422424625,val,HKDPHP_RET,0.004525338715534437,-0.06059308370909056
2023-08-30,-0.0689572280520972,-0.217422889570946,val,HKDPHP_RET,0.0032383251198416035,-0.2141845644511044
2023-08-31,0.1541998289477492,-0.1831797892887502,val,HKDPHP_RET,0.005484633200484565,-0.17769515608826564
2023-09-01,-0.2099131485849596,0.0691813000875902,val,HKDPHP_RET,-0.0005947695273490561,0.06858653056024114
2023-09-04,-0.1909234019305496,0.1298816457722485,val,HKDPHP_RET,-0.04090743421598984,0.08897421155625868
2023-09-05,0.205714202414827,0.3329240186668176,val,HKDPHP_RET,-0.034292171706649346,0.29863184696016826
2023-09-06,0.6204961221947537,-0.2059364747906442,val,HKDPHP_RET,-0.03746004113050805,-0.24339651592115225
2023-09-07,-0.0987975759836536,-0.1770118386603191,val,HKDPHP_RET,0.16456409582602688,-0.01244774283429223
2023-09-08,-0.353100703611284,0.1169194058170881,val,HKDPHP_RET,0.0013577856133383344,0.11827719143042643
2023-09-11,-0.0786847662532056,0.1135796715074555,val,HKDPHP_RET,-0.004293180984387323,0.10928649052306817
2023-09-12,0.1551126378034194,0.0944092968656615,val,HKDPHP_RET,-0.044500458785328635,0.04990883808033287
2023-09-13,-0.0613059573985402,-0.1687946964074259,val,HKDPHP_RET,-0.0007788923810398653,-0.16957358878846576
2023-09-14,0.0193572550923845,0.0528245937361088,val,HKDPHP_RET,0.003927881474951072,0.056752475211059875
2023-09-15,0.1552717709035159,0.085089513459486,val,HKDPHP_RET,-0.018350126527752045,0.06673938693173395
2023-09-18,0.2750407568395423,-0.0247894401394516,val,HKDPHP_RET,0.00043248075235662606,-0.02435695938709497
2023-09-19,-0.3691603346086922,-0.1186074269393284,val,HKDPHP_RET,0.0003669280975055597,-0.11824049884182283
2023-09-20,0.2090020135300476,0.1529010620415222,val,HKDPHP_RET,-0.043755700459897594,0.1091453615816246
2023-09-21,-0.0159246541790139,-0.0371371515326816,val,HKDPHP_RET,-0.0014126318406547916,-0.038549783373336394
2023-09-22,0.0692652908412767,0.1246680819154631,val,HKDPHP_RET,-0.007107678133829272,0.11756040378163382
2023-09-25,0.0867917234342995,-0.0585826714738253,val,HKDPHP_RET,-0.023194495751105864,-0.08177716722493117
2023-09-26,0.1186598918867216,0.0148769916754128,val,HKDPHP_RET,0.005443443548737329,0.020320435224150127
2023-09-27,0.5803034817415134,-0.0064709427008536,val,HKDPHP_RET,0.0036721479739175514,-0.002798794726936049
2023-09-28,-0.4350798344321445,-0.1855995481628421,val,HKDPHP_RET,0.011108160123688678,-0.17449138803915343
2023-09-29,-0.6848802371517594,0.0997494831019556,val,HKDPHP_RET,-0.04383231123622494,0.055917171865730655
2023-10-02,0.0718507657923965,0.1603900455741595,val,HKDPHP_RET,-0.008050758541690154,0.15233928703246935
2023-10-03,0.1178006106669484,0.4173001375194306,val,HKDPHP_RET,-0.03029039842209381,0.3870097390973368
2023-10-04,0.1072692960402743,0.1110028359215371,val,HKDPHP_RET,-0.03799192238486088,0.07301091353667623
2023-10-05,-0.3411125173166283,-0.11453141095895,val,HKDPHP_RET,-0.011984674707505473,-0.12651608566645547
2023-10-06,0.0094827449205203,0.0701358653964588,val,HKDPHP_RET,-0.044912324724183474,0.02522354067227533
2023-10-09,0.081890155491952,-0.0812002243799397,val,HKDPHP_RET,-0.024348720476309406,-0.1055489448562491
2023-10-10,0.3874862392460181,-0.2772199853507435,val,HKDPHP_RET,0.005530850500100537,-0.27168913485064294
2023-10-11,-0.0568175597670167,-0.1932056403957243,val,HKDPHP_RET,0.0330359919408816,-0.1601696484548427
2023-10-12,-0.4506905004743523,-0.0148204177267058,val,HKDPHP_RET,0.005256936425985857,-0.009563481300719944
2023-10-13,0.3818211316071818,0.2581377044998323,val,HKDPHP_RET,-0.009995032752145963,0.24814267174768634
2023-10-16,0.0538128140904284,-0.0486571259116706,val,HKDPHP_RET,0.004814571119982014,-0.04384255479168859
2023-10-17,-0.2431150795229797,0.1733193446499333,val,HKDPHP_RET,0.003576741046628816,0.1768960856965621
2023-10-18,-0.1010719152149434,-0.2601876620856149,val,HKDPHP_RET,-0.01388103905975028,-0.2740687011453652
2023-10-19,0.3224848095220844,0.0947866129530724,val,HKDPHP_RET,0.005541608408160643,0.10032822136123305
2023-10-20,-0.0622810134143475,0.0054840312854683,val,HKDPHP_RET,0.003597602255312425,0.009081633540780724
2023-10-23,-0.0199401770973069,0.0281724489643538,val,HKDPHP_RET,-0.025899776968338367,0.0022726719960154337
2023-10-24,-0.1570829059598388,-0.1118320209186738,val,HKDPHP_RET,-0.02158439620660854,-0.13341641712528235
2023-10-25,0.0446818615320504,0.0621372532705271,val,HKDPHP_RET,-0.020951349021507908,0.04118590424901919
2023-10-26,0.1656677862033584,0.0785425873824478,val,HKDPHP_RET,-0.014869664157085504,0.0636729232253623
2023-10-27,0.2303620465153119,0.0626971292462298,val,HKDPHP_RET,0.0022738116910678194,0.06497094093729762
2023-10-30,-0.0237482263638177,-0.1419956401584678,val,HKDPHP_RET,0.005498248130232605,-0.1364973920282352
2023-10-31,-0.2864571844830381,0.2583076846219148,val,HKDPHP_RET,0.004558249661273561,0.26286593428318833
2023-11-01,0.085260362190314,-0.3038207714665688,val,HKDPHP_RET,0.0007987404524222539,-0.30302203101414654
2023-11-02,-0.1960508919950875,0.0097163393295731,val,HKDPHP_RET,-0.0006787392027688916,0.00903760012680421
2023-11-03,-0.3125968478303994,-0.1533166204373887,val,HKDPHP_RET,-0.044953622587927025,-0.1982702430253157
2023-11-06,-1.428240065830355,0.0751334640087016,val,HKDPHP_RET,-0.041870707728021726,0.03326275628067988
2023-11-07,0.1147515350434121,0.3054332343407537,val,HKDPHP_RET,0.26434521346916484,0.5697784478099186
2023-11-08,0.3699926229531146,-0.0305327942869169,val,HKDPHP_RET,-0.04442295633545181,-0.07495575062236871
2023-11-09,-0.2578809551896421,-0.083303853495704,val,HKDPHP_RET,-0.0005197207726795657,-0.08382357426838356
2023-11-10,0.4211157104804394,0.1639471719321571,val,HKDPHP_RET,-0.04335045015827506,0.12059672177388205
2023-11-13,-0.1132456825198807,-0.058460581522514,val,HKDPHP_RET,0.0021862621340762957,-0.05627431938843771
2023-11-14,-0.14064726755778,0.2429176016676717,val,HKDPHP_RET,-0.023058335092209507,0.2198592665754622
2023-11-15,-0.5006693055423829,-0.4803662770488531,val,HKDPHP_RET,-0.02102961195590096,-0.5013958890047541
2023-11-16,0.3947409551739611,0.1005574487641281,val,HKDPHP_RET,-0.015481384904856168,0.08507606385927194
2023-11-17,-0.1372318181115794,-0.1008095765415516,val,HKDPHP_RET,0.0005717641213180662,-0.10023781242023352
2023-11-20,-0.332737534991133,-0.0031593549439755,val,HKDPHP_RET,-0.019000692848102296,-0.022160047792077794
2023-11-21,-0.4411397827341382,0.0641886997562213,val,HKDPHP_RET,-0.03260749445327622,0.03158120530294507
2023-11-22,0.2564360315800521,0.1385636359615398,val,HKDPHP_RET,-0.00047551580471461014,0.1380881201568252
2023-11-23,0.0535469074195376,0.1005402422122248,val,HKDPHP_RET,0.0045390452386744684,0.10507928745089927
2023-11-24,-0.2203007016429279,-0.0981596715435504,val,HKDPHP_RET,-0.021336815082828364,-0.11949648662637877
2023-11-27,0.5888983808186703,0.1923529793112683,val,HKDPHP_RET,-0.03662025958801246,0.15573271972325584
2023-11-28,-0.2340319050161826,-0.1961518148612485,val,HKDPHP_RET,-0.0005814196258630052,-0.1967332344871115
2023-11-29,-1.0005386616019996,-0.1964996927321175,val,HKDPHP_RET,-0.01932222735262878,-0.2158219200847463
2023-11-30,0.5495828297982194,0.3716606044329853,val,HKDPHP_RET,-0.002609855603780715,0.3690507488292046
2023-12-01,0.4667079773358471,-0.0417204179549166,val,HKDPHP_RET,0.0053518549710786,-0.036368562983838
2023-12-04,-0.5293154953211751,-0.0747731262120926,val,HKDPHP_RET,0.003291736863633028,-0.07148138934845957
2023-12-05,0.1424491851961932,0.1683459672969083,val,HKDPHP_RET,-0.006667143072638664,0.16167882422426963
2023-12-06,-0.4150849058950835,-0.0845023872382149,val,HKDPHP_RET,-0.016693176087914062,-0.10119556332612897
2023-12-07,0.347591684007857,0.1752909584833867,val,HKDPHP_RET,-0.03240948739168706,0.14288147109169963
2023-12-08,0.2057903779024364,-0.125356619503735,val,HKDPHP_RET,0.0054441782827419965,-0.11991244122099301
2023-12-11,0.0080527604359591,-0.1139739881144863,val,HKDPHP_RET,-0.00048710053199286157,-0.11446108864647915
2023-12-12,0.3717597220831866,0.1003468250104786,val,HKDPHP_RET,0.004740802517569923,0.10508762752804852
2023-12-13,-0.0764811370275976,-0.2598638951270977,val,HKDPHP_RET,0.0015210255259634304,-0.25834286960113423
2023-12-14,-0.1090037325707034,-0.1802156564889474,val,HKDPHP_RET,0.005235983368391201,-0.1749796731205562
2023-12-15,0.3743505499672457,-0.3423129167326162,val,HKDPHP_RET,0.0005563325956933104,-0.3417565841369229
2023-12-18,0.2025804177243988,0.0495983314388664,val,HKDPHP_RET,0.061703699294292806,0.1113020307331592
2023-12-19,-0.05491173201691,0.0168579699089454,val,HKDPHP_RET,0.005524531126878523,0.022382501035823923
2023-12-20,-0.170973826940645,-0.2170867571838013,val,HKDPHP_RET,-0.026764654830973574,-0.24385141201477487
2023-12-21,-0.0408845160228568,0.1856157756464813,val,HKDPHP_RET,-0.0028870264623255173,0.18272874918415577
2023-12-22,-0.6839311413206581,-0.1645701700437598,val,HKDPHP_RET,-0.044914228321441305,-0.2094843983652011
2023-12-25,-0.0493436916315096,0.1080697881230439,val,HKDPHP_RET,0.0003514599483780325,0.10842124807142192
2023-12-26,0.2799675318198872,0.0551141329249923,val,HKDPHP_RET,-0.041660824231018696,0.013453308693973605
2023-12-27,-0.0957965915344997,-0.2125871998935453,val,HKDPHP_RET,0.0037282216642745914,-0.20885897822927071
2023-12-28,0.38244151672538,-0.0844593661248719,val,HKDPHP_RET,0.004482538140733847,-0.07997682798413805
2023-12-29,-0.4464692099426888,-0.15778814329248,val,HKDPHP_RET,0.0013382360392541202,-0.15644990725322588
2024-01-01,-0.0689203171145871,0.2170367871838779,val,HKDPHP_RET,-0.03962177155669327,0.17741501562718462
2024-01-02,0.228206897746604,0.1000874241064574,val,HKDPHP_RET,-0.04000276059315219,0.060084663513305214
2024-01-03,0.2479956280629993,0.0421745211061248,val,HKDPHP_RET,0.004993586940798225,0.04716810804692303
2024-01-04,0.2928994936370296,0.0654101198971887,val,HKDPHP_RET,0.004532417499600104,0.06994253739678881
2024-01-05,-0.2902912039502705,-0.1267892516401052,val,HKDPHP_RET,0.003607257149664587,-0.12318199449044062
2024-01-08,-0.0796437930393425,0.058158538195204,val,HKDPHP_RET,-0.042322297537128815,0.015836240658075186
2024-01-09,0.3442267941040977,0.0412066840190373,val,HKDPHP_RET,-0.03909702305132701,0.002109660967710293
2024-01-10,0.6600757933144911,-0.0713077579574308,val,HKDPHP_RET,0.00025751383756957615,-0.07105024411986123
2024-01-11,-0.152087007648194,-0.2133029038454946,val,HKDPHP_RET,0.07229565209084704,-0.14100725175464757
2024-01-12,-0.1267437078716242,-0.1892741470254046,val,HKDPHP_RET,-0.0007101378978876222,-0.18998428492329222
2024-01-15,-0.3195340459204245,0.1651953732728755,val,HKDPHP_RET,-0.000535488797486417,0.1646598844753891
2024-01-16,-0.1302195790239798,0.1101664600666878,val,HKDPHP_RET,-0.002414794173562967,0.10775166589312483
2024-01-17,0.2641957357617839,0.291207137870368,val,HKDPHP_RET,-0.04438923341422732,0.24681790445614069
2024-01-18,0.0576386860478611,0.0803082905177497,val,HKDPHP_RET,-0.0169360469268899,0.0633722435908598
2024-01-19,-0.3504752653073977,0.040259590583137,val,HKDPHP_RET,-0.015992531740119647,0.024267058843017355
2024-01-22,0.342968884044051,0.0966534318980839,val,HKDPHP_RET,-0.01943731173976804,0.07721612015831586
2024-01-23,0.8294017739431016,-0.1902577222346387,val,HKDPHP_RET,0.0027097893755330814,-0.1875479328591056
2024-01-24,-0.1311239667679771,-0.4120585805880251,val,HKDPHP_RET,0.3371488202459221,-0.074909760342103
2024-01-25,-0.1388366480114244,0.1766142118312552,val,HKDPHP_RET,0.0011028369078266423,0.17771704873908184
2024-01-26,0.5643205933957481,0.078062149290401,val,HKDPHP_RET,-0.03527738695723342,0.04278476233316759
2024-01-29,-0.434544674775755,-0.1725655317842107,val,HKDPHP_RET,0.0021534243763965755,-0.17041210740781412
2024-01-30,0.174333287753755,0.2271055502181053,val,HKDPHP_RET,-0.04279962970198306,0.18430592051612224
2024-01-31,-0.085343322494826,-0.137937792365924,val,HKDPHP_RET,-0.02261422320205795,-0.16055201556798193
2024-02-01,-0.3693987861705307,-0.0048643813745692,val,HKDPHP_RET,-0.0019149991061238943,-0.0067793804806930945
2024-02-02,-0.3313971799458113,0.083496157184831,val,HKDPHP_RET,-0.025253702407626137,0.05824245477720486
2024-02-05,0.4034378289149034,0.0628412153525583,val,HKDPHP_RET,-0.0142034769679877,0.0486377383845706
2024-02-06,0.2332029133014515,-0.0108152202013583,val,HKDPHP_RET,-0.000641914865353752,-0.011457135066712053
2024-02-07,-0.3158255552518352,-0.0923808741837903,val,HKDPHP_RET,0.002820991103260955,-0.08955988308052935
2024-02-08,-0.2704873422558174,-0.0179484818132377,val,HKDPHP_RET,-0.044976249611131176,-0.06292473142436888
2024-02-09,0.00045690830181988,0.0702523059018715,val,HKDPHP_RET,-0.04360784019036946,0.026644465711502037
2024-02-12,-0.1496881761802138,0.0284381653057412,val,HKDPHP_RET,-0.026339145702905253,0.0020990196028359484
2024-02-13,0.0636716693421196,-0.0712738807328529,val,HKDPHP_RET,-0.04363060906688846,-0.11490448979974136
2024-02-14,0.216195898358456,0.1199406450419376,val,HKDPHP_RET,0.005217456587913064,0.12515810162985067
2024-02-15,0.0320455090787163,-0.0642885445950266,val,HKDPHP_RET,0.0030908565350199896,-0.06119768806000661
2024-02-16,-0.4089920887790511,-0.1410389358965858,val,HKDPHP_RET,0.003097372892778071,-0.13794156300380775
2024-02-19,0.2449951718132173,0.1015391639217366,val,HKDPHP_RET,-0.04220021114261191,0.059338952779124696
2024-02-20,0.0640511378870625,0.048364564253123,val,HKDPHP_RET,0.005412068299864782,0.053776632552987785
2024-02-21,-0.2665673025439243,-0.2031466718803005,val,HKDPHP_RET,-0.008138635284020677,-0.21128530716432117
2024-02-22,-0.0486151182524521,0.0141922120101752,val,HKDPHP_RET,-0.024954285456657708,-0.010762073446482508
2024-02-23,-0.1258188506669583,-0.0248222378198288,val,HKDPHP_RET,-0.02482028679291835,-0.04964252461274715
2024-02-26,0.1679287915937755,-0.0001891583211846102,val,HKDPHP_RET,-0.03277332383087356,-0.032962482152058166
2024-02-27,0.2895365526531891,-0.0578912235649726,val,HKDPHP_RET,0.005493879525352537,-0.05239734403962006
2024-02-28,0.0695703423285436,-0.0837445157731487,val,HKDPHP_RET,-0.0007229634970022222,-0.08446747927015093
2024-02-29,0.2054260437868415,-0.0046230546136356,val,HKDPHP_RET,0.005526538682829161,0.000903484069193561
2024-03-01,-0.0894048822005587,-0.0603100788794635,val,HKDPHP_RET,0.004366611107126641,-0.05594346777233686
2024-03-04,-0.2752074844070776,0.0336182417752777,val,HKDPHP_RET,-0.017391098223657635,0.01622714355162007
2024-03-05,-0.0315747468785145,0.0215159007884189,val,HKDPHP_RET,-0.03644686870649004,-0.01493096791807114
2024-03-06,-0.0559064211989594,0.0516549138718975,val,HKDPHP_RET,-0.022684509704048457,0.028970404167849045
2024-03-07,-0.2206654194346029,-0.0458841264510051,val,HKDPHP_RET,-0.0340221694049995,-0.07990629585600459
2024-03-08,-0.144100836562114,-0.080135362469419,val,HKDPHP_RET,-0.04336722715110093,-0.12350258962051994
2024-03-11,-0.2349500341576928,-0.0275065085291116,val,HKDPHP_RET,-0.02507322571807023,-0.052579734247181834
2024-03-12,-0.5094001425720738,0.1339434074284545,val,HKDPHP_RET,-0.04498366073679696,0.08895974669165754
2024-03-13,0.2335575681436381,0.100594778156302,val,HKDPHP_RET,-0.007738774138596086,0.09285600401770591
2024-03-14,-0.1610330853865119,-0.1314921293541508,val,HKDPHP_RET,0.005158773305958557,-0.12633335604819224
2024-03-15,0.2785384584384217,0.1345067737844263,val,HKDPHP_RET,-0.01748871812887778,0.11701805565554851
2024-03-18,0.1432718821159992,-0.0278840312557327,val,HKDPHP_RET,0.00542195621133392,-0.022462075044398778
2024-03-19,0.1834021214771965,-0.0291671446781003,val,HKDPHP_RET,0.0054594380677307165,-0.023707706610369583
2024-03-20,0.2864457628320241,-0.0233515644805539,val,HKDPHP_RET,0.004263838557530359,-0.01908772592302354
2024-03-21,0.34655273011223,-0.1446159671667016,val,HKDPHP_RET,4.103384093563024e-05,-0.144574933325766
2024-03-22,-0.1075917587729424,-0.1299603043050249,val,HKDPHP_RET,0.00238414355852176,-0.12757616074650313
2024-03-25,0.5300356799231625,0.099784655851482,val,HKDPHP_RET,-0.0068959877930712295,0.09288866805841077
2024-03-26,-0.056639539491011,-0.1471039608919395,val,HKDPHP_RET,0.00013335431729851106,-0.14697060657464098
2024-03-27,0.0015286494094038,-0.0170352422071003,val,HKDPHP_RET,0.0025869150712223583,-0.014448327135877943
2024-03-28,0.0252176209078569,-0.0473081927609988,val,HKDPHP_RET,-0.007597943771198548,-0.05490613653219734
2024-03-29,-0.1704065899392567,0.0675522599099784,val,HKDPHP_RET,0.0007121465027623,0.0682644064127407
2024-04-01,-0.0331818795340673,0.050271901724982,val,HKDPHP_RET,-0.044509566018359155,0.005762335706622844
2024-04-02,0.0876168012937331,0.0384578481905552,val,HKDPHP_RET,-0.029240350813095575,0.009217497377459624
2024-04-03,0.1279849536139611,0.0315732391256598,val,HKDPHP_RET,-0.002423284882725894,0.029149954242933904
2024-04-04,0.0717785080488055,-0.1305707409988729,val,HKDPHP_RET,0.00310378606508206,-0.12746695493379084
2024-04-05,0.5553816611029263,-0.0296067576650485,val,HKDPHP_RET,0.004661784347017931,-0.02494497331803057
2024-04-08,-0.2783952222937566,-0.1685112271422036,val,HKDPHP_RET,0.010819776685279659,-0.15769145045692393
2024-04-09,-0.2258581306582281,0.0420763308460084,val,HKDPHP_RET,-0.03445294594599293,0.007623384900015469
2024-04-10,-0.1123021172112229,0.0350987710183019,val,HKDPHP_RET,-0.04220219060156871,-0.0071034195832668096
2024-04-11,0.3655656749647658,0.1892419641693793,val,HKDPHP_RET,-0.040431607430396144,0.14881035673898316
2024-04-12,-0.2354152224491322,0.0336719315493701,val,HKDPHP_RET,0.005380982445410179,0.03905291399478028
2024-04-15,0.2843746584455308,0.0291383690516425,val,HKDPHP_RET,-0.04207891021007283,-0.012940541158430331
2024-04-16,0.5898647856126037,0.1708280423908922,val,HKDPHP_RET,0.002278895548790976,0.17310693793968318
2024-04-17,0.3754790617858724,-0.0507654566026808,val,HKDPHP_RET,-0.00015036880605387283,-0.050915825408734676
2024-04-18,0.1878084318213957,-0.1724342247242761,val,HKDPHP_RET,2.7145914872166927e-05,-0.17240707880940395
2024-04-19,-0.0180059300706025,-0.1490077055845808,val,HKDPHP_RET,-0.000805691264886395,-0.14981339684946718
2024-04-22,0.4612017398619776,0.0242179621561928,val,HKDPHP_RET,0.005095651072026469,0.02931361322821927
2024-04-23,0.0322045299786585,-0.2354550724871167,val,HKDPHP_RET,0.0003234843258018077,-0.23513158816131488
2024-04-24,-0.2137376718947886,-0.1635644880494494,val,HKDPHP_RET,0.0016924948941628068,-0.16187199315528658
2024-04-25,0.879316307836762,0.0357520122645658,val,HKDPHP_RET,-0.022040022872341934,0.013711989392223865
2024-04-26,-0.2610671322739348,-0.3230612096066579,val,HKDPHP_RET,0.18421005143896116,-0.13885115816769675
2024-04-29,-0.0114773739953114,0.0574003634762615,val,HKDPHP_RET,-0.0006064561844106669,0.05679390729185083
2024-04-30,-0.0540478080745353,-0.1305881239452199,val,HKDPHP_RET,-0.02614077843036278,-0.15672890237558268
2024-05-01,0.3170327215178894,0.1948358406955711,val,HKDPHP_RET,0.0011726940397046213,0.19600853473527574
2024-05-02,-0.3613473546551097,-0.0946224644505498,val,HKDPHP_RET,0.004748552876055965,-0.08987391157449383
2024-05-03,-0.161613687934882,-0.0357098965442322,val,HKDPHP_RET,-0.04232890901981938,-0.07803880556405157
2024-05-06,-0.4928478740438125,-0.024240661075868,val,HKDPHP_RET,-0.03724701936665662,-0.06148768044252462
2024-05-07,-0.0483514895590495,0.0924449686151395,val,HKDPHP_RET,-0.004493716230016338,0.08795125238512316
2024-05-08,-0.0073107985719547,0.131477817219336,val,HKDPHP_RET,-0.03952908513964009,0.0919487320796959
2024-05-09,0.4231409054120765,0.0019521451948953,val,HKDPHP_RET,-0.039240889620360556,-0.03728874442546526
2024-05-10,-0.2140072004987746,-0.1208587126721576,val,HKDPHP_RET,-9.923457342337785e-05,-0.12095794724558098
2024-05-13,0.3424545326877035,0.0211087919656361,val,HKDPHP_RET,-0.031224868202655964,-0.010116076237019864
2024-05-14,0.6787057842026989,-0.126175093438709,val,HKDPHP_RET,-0.00027468744506910247,-0.12644978088377812
2024-05-15,-0.1888443305738479,-0.2903549398155176,val,HKDPHP_RET,0.14068129553156494,-0.14967364428395263
2024-05-16,-0.5355790502447206,-0.06898734622763,val,HKDPHP_RET,0.0035054368027531706,-0.06548190942487683
2024-05-17,0.0839508577744893,0.0428578765993862,val,HKDPHP_RET,-0.004785607172822386,0.03807226942656381
2024-05-20,0.5245977373608537,0.0153043895219225,val,HKDPHP_RET,-0.0036775129210784327,0.011626876600844067
2024-05-21,0.6504706153332379,-0.2094827609725879,val,HKDPHP_RET,0.0033417699644625576,-0.20614099100812533
2024-05-22,0.1354147296990354,-0.1428839788767769,val,HKDPHP_RET,0.20323699764599606,0.06035301876921917
2024-05-23,-0.2562038148958333,0.0065825946935942,val,HKDPHP_RET,0.0012159168479920436,0.007798511541586244
2024-05-24,0.3133742042219232,0.1302334057697139,val,HKDPHP_RET,-0.042722558356135816,0.08751084741357809
2024-05-27,-0.1073878608140131,-0.0824464676841957,val,HKDPHP_RET,0.005241636478262397,-0.0772048312059333
2024-05-28,-0.0910817284418786,0.005833519517677,val,HKDPHP_RET,-0.016485347229996755,-0.010651827712319754
2024-05-29,-0.4015713012926912,0.0633553898509063,val,HKDPHP_RET,-0.03197513823280766,0.03138025161809864
2024-05-30,0.905609336021403,0.2755394102956507,val,HKDPHP_RET,-0.005031831708272192,0.2705075785873785
2024-05-31,-0.0310492474469467,-0.2683148844841363,val,HKDPHP_RET,0.020708764059416,-0.24760612042472033
2024-06-03,0.1987731228332922,-0.0019797491101505,val,HKDPHP_RET,0.003146319554252028,0.0011665704441015277
2024-06-04,0.0657056905189286,-0.1637396356883503,val,HKDPHP_RET,0.004719050812651831,-0.15902058487569845
2024-06-05,0.5346295670846551,-0.068791179356444,val,HKDPHP_RET,0.0035164423480786066,-0.06527473700836539
2024-06-06,-0.1830030075635243,-0.1523439113597848,val,HKDPHP_RET,0.01416670926935056,-0.13817720209043424
2024-06-07,-0.2418377614015868,-0.0084167053416518,val,HKDPHP_RET,-0.01773362012284226,-0.02615032546449406
2024-06-10,0.1327922238155182,0.0298119625652174,val,HKDPHP_RET,-0.04470218969866291,-0.014890227133445507
2024-06-11,0.2088994008079214,0.1388636710818938,val,HKDPHP_RET,0.003614123081159799,0.1424777941630536
2024-06-12,-0.1040178043295722,-0.0159828171942991,val,HKDPHP_RET,0.0004147315897009937,-0.015568085604598107
2024-06-13,-0.7773281156520189,-0.0931758622309373,val,HKDPHP_RET,-0.030187129138612826,-0.12336299136955012
2024-06-14,0.6559471654643789,0.2769890960333128,val,HKDPHP_RET,-0.012536391167869572,0.2644527048654432
2024-06-17,0.0034981615823195,-0.1914370351566192,val,HKDPHP_RET,-0.0007701518152387023,-0.1922071869718579
2024-06-18,-0.1912272013000064,-0.0201176395957774,val,HKDPHP_RET,0.0049149128442653916,-0.015202726751512009
2024-06-19,0.1050688653514884,-0.0127467474051784,val,HKDPHP_RET,-0.0430533705311636,-0.055800117936342
2024-06-20,0.2713851388024336,-0.0256950496935131,val,HKDPHP_RET,0.004536120185800178,-0.02115892950771292
2024-06-21,0.1750664670500203,-0.0077120511154514,val,HKDPHP_RET,0.0004649479041784233,-0.007247103211272977
2024-06-24,0.0397419528063619,0.0010001657875605,val,HKDPHP_RET,0.005250012989868273,0.006250178777428774
2024-06-25,-0.3579723741841287,-0.1221015145298909,val,HKDPHP_RET,-0.004058725648407434,-0.12616024017829833
2024-06-26,0.0906610807119538,0.052506039535724,val,HKDPHP_RET,-0.04460344740003499,0.007902592135689009
2024-06-27,0.3220743636776999,0.0401836409077449,val,HKDPHP_RET,-0.004154929292733089,0.03602871161501181
2024-06-28,-0.5653690936252063,-0.124611673338522,val,HKDPHP_RET,0.0010623769253226896,-0.12354929641319931
2024-07-01,-0.2053707501668087,0.146950080605393,val,HKDPHP_RET,-0.009080510473366808,0.1378695701320262
2024-07-02,0.3954283915833689,0.0033686746781401,val,HKDPHP_RET,-0.027911903662544535,-0.024543228984404433
2024-07-03,0.0488071067001579,-0.1002075496709692,val,HKDPHP_RET,-0.0006428478232567465,-0.10085039749422595
2024-07-04,-0.1510127521769791,-0.1579824670859231,val,HKDPHP_RET,0.005490756227428969,-0.1524917108584941
2024-07-05,-0.4549728869096057,-0.0282646590835148,val,HKDPHP_RET,-0.009825026718492115,-0.03808968580200692
2024-07-08,0.1891663907323841,0.1160875322196479,val,HKDPHP_RET,-0.011781518343705829,0.10430601387594207
2024-07-09,-0.0735658605421867,-0.1222427726202219,val,HKDPHP_RET,0.0007769841222479353,-0.12146578849797397
2024-07-10,0.0175307027909891,0.0490153697702243,val,HKDPHP_RET,-0.0024958602791764206,0.046519509491047877
2024-07-11,-0.4962993518988817,0.0266506010363486,val,HKDPHP_RET,-0.01791465878901791,0.00873594224733069
2024-07-12,-0.0122298276414423,-0.0563188408596482,val,HKDPHP_RET,0.0004967889235345762,-0.05582205193611363
2024-07-15,0.4183615938592341,-0.0471275644173357,val,HKDPHP_RET,-0.003201845194467765,-0.05032940961180346
2024-07-16,-0.0798846484869493,-0.0923010664665006,val,HKDPHP_RET,0.001284026940815786,-0.09101703952568482
2024-07-17,-0.0655843950444467,0.0415163693361257,val,HKDPHP_RET,-0.008763005380442746,0.03275336395568296
2024-07-18,-0.276918479951681,-0.0460550859724015,val,HKDPHP_RET,-0.03393603965440699,-0.07999112562680849
2024-07-19,0.0282243152868426,0.1221460815947484,val,HKDPHP_RET,-0.044792089667695066,0.07735399192705333
2024-07-22,0.2456234577752824,0.0585627571204393,val,HKDPHP_RET,-0.031379910367002245,0.027182846753437052
2024-07-23,0.1637098771309617,-0.1179312288533295,val,HKDPHP_RET,0.005144401039090022,-0.11278682781423949
2024-07-24,0.0727699468449798,-0.0188599964950384,val,HKDPHP_RET,0.0010729106814890996,-0.0177870858135493
2024-07-25,0.0474772026562776,0.0659219556026106,val,HKDPHP_RET,0.002692322811738819,0.06861427841434942
2024-07-26,0.0542451475391004,0.028305469965366,val,HKDPHP_RET,-0.015081762058897821,0.013223707906468178
2024-07-29,-0.2515670564428036,0.0431465362204771,val,HKDPHP_RET,-0.006251124160926639,0.036895412059550464
2024-07-30,0.4018356320908504,0.1226485077584504,val,HKDPHP_RET,-0.038735399337357,0.0839131084210934
2024-07-31,-0.1436783604977364,-0.0902493029097611,val,HKDPHP_RET,0.0011775576569914184,-0.08907174525276969
2024-08-01,-0.5249251058435889,-0.1049414226028809,val,HKDPHP_RET,-0.022759202061285403,-0.12770062466416632
2024-08-02,-0.090046325071549,0.1620934389959064,val,HKDPHP_RET,-0.013145475346525586,0.14894796364938082
2024-08-05,-0.3588263854325765,-0.0039008743845853,val,HKDPHP_RET,-0.04363817963824042,-0.04753905402282572
2024-08-06,-0.2985288404188708,0.6572124629274959,val,HKDPHP_RET,-0.027350930968107364,0.6298615319593885
2024-08-07,0.0046492433324082,-0.1237391493405229,val,HKDPHP_RET,0.08623841119443434,-0.03750073814608855
2024-08-08,-0.3100196328402597,-0.1088648643384639,val,HKDPHP_RET,0.005003580744242602,-0.1038612835942213
2024-08-09,-0.6282250785202339,-0.0875044471178767,val,HKDPHP_RET,-0.044840958966621845,-0.13234540608449855
2024-08-12,0.1774963302280115,0.1819576533280074,val,HKDPHP_RET,0.000817585014394476,0.18277523834240186
2024-08-13,-0.0325418136607761,-0.0683472043736793,val,HKDPHP_RET,-0.012134683787299313,-0.08048188816097862
2024-08-14,-0.5684546447746696,-0.1992851737172732,val,HKDPHP_RET,-0.004544411918581188,-0.20382958563585438
2024-08-15,-0.053055422370087,0.022807809379548,val,HKDPHP_RET,-0.024230224985649834,-0.0014224156061018352
2024-08-16,0.4635500233040799,0.0686817561977395,val,HKDPHP_RET,-0.027640860413397812,0.04104089578434169
2024-08-19,-0.08966608302845,-0.1471019862549432,val,HKDPHP_RET,-0.0006054084399150096,-0.14770739469485822
2024-08-20,-0.7079046220070551,-0.1692894861179739,test,HKDPHP_RET,-0.001225793930681853,-0.17051528004865574
2024-08-21,-0.6899293949108494,0.0842586260345421,test,HKDPHP_RET,0.0008140415955387,0.0850726676300808
2024-08-22,-0.3013513054800028,0.1543731202819762,test,HKDPHP_RET,-0.010267344083002573,0.14410577619897363
2024-08-23,0.5950241834814006,0.1756820103459767,test,HKDPHP_RET,-0.006472631996268079,0.16920937834970862
2024-08-26,-0.1093485081678514,-0.1572283747883103,test,HKDPHP_RET,-0.0001432099641809272,-0.15737158475249124
2024-08-27,-0.8710821132324659,-0.0542992067739932,test,HKDPHP_RET,-0.0026165351307269134,-0.05691574190472011
2024-08-28,0.4104104930678452,0.2483599762393239,test,HKDPHP_RET,0.0019118533178919847,0.2502718295572159
2024-08-29,0.0459389452110302,-0.0344269135467534,test,HKDPHP_RET,0.005535274083945846,-0.028891639462807556
2024-08-30,-0.1981789309645104,0.0401226159321056,test,HKDPHP_RET,0.0015896625278158322,0.04171227845992143
2024-09-02,0.2583051293582581,0.1035803074029518,test,HKDPHP_RET,-0.04449330509226705,0.05908700231068474
2024-09-03,0.4358215413499499,-0.0280694039055049,test,HKDPHP_RET,0.005533650497752671,-0.02253575340775223
2024-09-04,-0.1009408495459052,0.0622769165492038,test,HKDPHP_RET,0.001223448398107055,0.06350036494731086
2024-09-05,-0.0038890498416203,-0.0267161018388307,test,HKDPHP_RET,-0.04229291350527741,-0.06900901534410811
2024-09-06,-0.8633904291409455,-0.1420771082354834,test,HKDPHP_RET,-0.006812421221033094,-0.14888952945651648
2024-09-09,0.4800402994021508,0.2638052681463502,test,HKDPHP_RET,-0.014662383795547657,0.24914288435080253
2024-09-10,-0.1264511368376191,-0.1523393358066081,test,HKDPHP_RET,0.004109604998336636,-0.14822973080827148
2024-09-11,-0.1748527266678574,0.0335306866886865,test,HKDPHP_RET,-0.006260321062125037,0.027270365626561464
2024-09-12,-0.1272238396757189,-0.0213314354415594,test,HKDPHP_RET,-0.04499795266084834,-0.06632938810240774
2024-09-13,0.1321860077894922,-0.0822472107966169,test,HKDPHP_RET,-0.03370897448392198,-0.11595618528053889
2024-09-16,-0.0517101474428472,-0.1129959518389907,test,HKDPHP_RET,0.004186085280707423,-0.10880986655828327
2024-09-17,-0.4902013035731996,-0.0697406628782922,test,HKDPHP_RET,-0.0007007888824490763,-0.07044145176074128
2024-09-18,0.0466704657560801,0.1250075562700829,test,HKDPHP_RET,-0.013047413028352283,0.1119601432417306
2024-09-19,-0.1113330816789477,-0.0414016853451142,test,HKDPHP_RET,-0.028166007083578717,-0.06956769242869291
2024-09-20,-0.3792911233508414,-0.1575397854610391,test,HKDPHP_RET,-0.026368513005641595,-0.18390829846668072
2024-09-23,0.3649042026676396,0.0784079818443818,test,HKDPHP_RET,-0.04500225938348196,0.033405722460899845
2024-09-24,0.6104106804280542,-0.1679546796731741,test,HKDPHP_RET,0.0008719044456983775,-0.16708277522747572
2024-09-25,-0.0636024718648193,-0.2941285182884869,test,HKDPHP_RET,0.11330546865945337,-0.18082304962903353
2024-09-26,-0.2830340492936409,0.0619854560173551,test,HKDPHP_RET,0.0034659173764690215,0.06545137339382412
2024-09-27,0.0458577926071772,0.0923271755129219,test,HKDPHP_RET,-0.029462588322340215,0.06286458719058169
2024-09-30,0.668935839913421,-0.0580616765054391,test,HKDPHP_RET,-0.02122090873022777,-0.07928258523566686
2024-10-01,0.1837381207017695,-0.1161752438659187,test,HKDPHP_RET,0.06902317472785056,-0.04715206913806813
2024-10-02,0.2374785455892199,0.0176827504658424,test,HKDPHP_RET,0.0003640163684960803,0.01804676683433848
2024-10-03,0.0626704553003882,0.0124693354497374,test,HKDPHP_RET,0.003954947340782797,0.016424282790520196
2024-10-04,-0.0580195508332632,0.129210947923694,test,HKDPHP_RET,-0.0022674307389267514,0.12694351718476726
2024-10-07,0.131781854814374,0.0558820322049003,test,HKDPHP_RET,-0.04423644172236763,0.011645590482532671
2024-10-08,0.8482659539773041,0.2161821693916697,test,HKDPHP_RET,0.0011007900646619025,0.2172829594563316
2024-10-09,-0.0403978743944108,-0.2939728951716939,test,HKDPHP_RET,0.021298253368844146,-0.2726746418028497
2024-10-10,0.4536862587881384,0.0072732597595676,test,HKDPHP_RET,0.0023588145495688838,0.009632074309136483
2024-10-11,0.4971213085815716,-0.1358881381827972,test,HKDPHP_RET,0.0006135318539100641,-0.13527460632888716
2024-10-14,-0.2335146405861124,-0.1720966984685619,test,HKDPHP_RET,0.021574083608171098,-0.1505226148603908
2024-10-15,0.4545666592402541,0.160216441400582,test,HKDPHP_RET,-0.024516296935297093,0.13570014446528492
2024-10-16,0.4188573097518781,-0.1888599883886824,test,HKDPHP_RET,0.0005655196628771961,-0.18829446872580521
2024-10-17,0.1232414742559307,-0.1547402855088133,test,HKDPHP_RET,0.015074662997847911,-0.1396656225109654
2024-10-18,-0.1996230572061283,0.0521362234956651,test,HKDPHP_RET,0.0012296608805021608,0.05336588437616726
2024-10-21,-0.265404672817872,0.0580964293938128,test,HKDPHP_RET,-0.043666811531167804,0.014429617862644996
2024-10-22,0.1513842141501901,0.1590552702382359,test,HKDPHP_RET,-0.03378338202316569,0.1252718882150702
2024-10-23,0.1957084958528919,0.0063536165595832,test,HKDPHP_RET,-0.012800606121773729,-0.006446989562190529
2024-10-24,0.6116711272031526,0.0401462178304465,test,HKDPHP_RET,0.005082081954365156,0.04522829978481166
2024-10-25,-0.2995630953985868,-0.104703557502942,test,HKDPHP_RET,0.008863433692116715,-0.09584012381082528
2024-10-28,1.1313980692216117,0.0221317814524421,test,HKDPHP_RET,-0.04461653696540276,-0.022484755512960662
2024-10-29,-0.7022410083760957,-0.2849993043085846,test,HKDPHP_RET,0.3253553784731907,0.04035607416460607
2024-10-30,0.0206135240299554,0.2086757054711675,test,HKDPHP_RET,-0.01371285482296905,0.19496285064819846
2024-10-31,0.0092063161545063,-0.0401322958765351,test,HKDPHP_RET,-0.044283577971867445,-0.08441587384840255
2024-11-01,0.0508376813548901,0.1567200912792886,test,HKDPHP_RET,-0.0023963143719090254,0.15432377690737958
2024-11-04,0.0805944179218869,-0.0709557150027008,test,HKDPHP_RET,-0.03370708988562173,-0.10466280488832252
2024-11-05,0.2334574411670072,-0.0725437583661852,test,HKDPHP_RET,0.0055144452960060025,-0.06702931307017919
2024-11-06,-0.1069153927199042,-0.2468103609477555,test,HKDPHP_RET,0.0001595603992067803,-0.2466508005485487
2024-11-07,0.7195712245039453,0.0978397305984507,test,HKDPHP_RET,0.005341777730773277,0.10318150832922399
2024-11-08,-0.940767160250624,-0.1317833200520986,test,HKDPHP_RET,0.018417906930501098,-0.11336541312159751
2024-11-11,0.1926293095066839,0.1778627117851094,test,HKDPHP_RET,-0.0009447268073605022,0.1769179849777489
2024-11-12,0.4874485806951839,0.084731595893189,test,HKDPHP_RET,-0.008313243327856911,0.0764183525653321
2024-11-13,0.244695055447728,-0.0051482333676436,test,HKDPHP_RET,-0.00048294351243764245,-0.005631176880081242
2024-11-14,-0.2779465795004282,0.066562422651402,test,HKDPHP_RET,0.002539007183372886,0.06910142983477488
2024-11-15,0.2722756439331309,0.2829662890827367,test,HKDPHP_RET,-0.029569672453367984,0.2533966166293687
2024-11-18,-0.4176804873430803,-0.0512381214214659,test,HKDPHP_RET,-0.013433200133680639,-0.06467132155514654
2024-11-19,-0.055857052520073,-0.0839832396747698,test,HKDPHP_RET,-0.024833128961538876,-0.10881636863630867
2024-11-20,0.5189574926688648,-0.0674562910901512,test,HKDPHP_RET,-0.0058632190008282075,-0.0733195100909794
2024-11-21,0.2382308755108232,-0.18684458261855,test,HKDPHP_RET,0.011049348285182014,-0.175795234333368
2024-11-22,-0.1993957210535758,0.0963961325311514,test,HKDPHP_RET,-2.844843518741003e-06,0.09639328768763265
2024-11-25,-0.0930037366646048,0.1434681620670583,test,HKDPHP_RET,-0.038570941730181406,0.1048972203368769
2024-11-26,0.2332999025676193,-0.2086503307052973,test,HKDPHP_RET,-0.044577338663849456,-0.25322766936914676
2024-11-27,0.00020366277239914,0.0677453379788024,test,HKDPHP_RET,0.0004728457856647083,0.06821818376446712
2024-11-28,-0.4478837305687391,-0.1743547592031346,test,HKDPHP_RET,-0.02585133603763026,-0.20020609524076485
2024-11-29,-0.0483592348951638,0.1082757881782018,test,HKDPHP_RET,-0.04158111525821586,0.06669467291998593
2024-12-02,-0.1473137911353841,-0.0446298836962593,test,HKDPHP_RET,-0.041571475463994034,-0.08620135916025334
2024-12-03,0.0736231168181722,0.0888221446350605,test,HKDPHP_RET,-0.033098561734149164,0.05572358290091133
2024-12-04,-0.5067719153638456,-0.0492339614168019,test,HKDPHP_RET,-0.01438777838229429,-0.06362173979909619
2024-12-05,-0.2673780375404495,0.1281805414111609,test,HKDPHP_RET,-0.0061782815195116966,0.1220022598916492
2024-12-06,-0.8475342843651211,0.0197860212009463,test,HKDPHP_RET,-0.01837215306121352,0.0014138681397327796
2024-12-09,0.3816355208291374,0.1924515155590775,test,HKDPHP_RET,0.026857274965942327,0.21930879052501984
2024-12-10,0.3990444479877137,0.0005147275880989059,test,HKDPHP_RET,0.005086856678550639,0.005601584266649545
2024-12-11,-0.0029816769682645,-0.0980238629033493,test,HKDPHP_RET,-0.0005514889270010756,-0.09857535183035038
2024-12-12,0.5632326346224685,0.0982484389887825,test,HKDPHP_RET,0.0029893876070134647,0.10123782659579596
2024-12-13,-0.1982302545939932,-0.1270688531809469,test,HKDPHP_RET,0.0012647965328804831,-0.12580405664806643
2024-12-16,0.4765251805235259,0.0878242738303779,test,HKDPHP_RET,-0.02663374218161211,0.06119053164876579
2024-12-17,0.0960945468324722,-0.1292575228132998,test,HKDPHP_RET,-0.0006830336338920742,-0.12994055644719188
2024-12-18,0.5865440052166405,0.0885487526252028,test,HKDPHP_RET,0.0037054722370858688,0.09225422486228867
2024-12-19,0.7627080905396169,0.3994073656524124,test,HKDPHP_RET,0.002723854036787827,0.40213121968920024
2024-12-20,-0.8964310390803418,-0.1029337815381081,test,HKDPHP_RET,-0.0008123039045405937,-0.1037460854426487
2024-12-23,-0.2124391845217909,0.2276890316817349,test,HKDPHP_RET,-0.005780615271250467,0.22190841641048445
2024-12-24,-0.4346809692919508,-0.1026801019400319,test,HKDPHP_RET,-0.009196634244908674,-0.11187673618494057
2024-12-25,-2.307484697796708,0.1121608995552023,test,HKDPHP_RET,-0.03212816990787845,0.08003272964732384
2024-12-26,1.5784103341586655,0.7587705303194302,test,HKDPHP_RET,1.2754325509484457,2.0342030812678757
2024-12-27,-0.0835164501963109,-0.5143139841234523,test,HKDPHP_RET,0.15691323520245823,-0.35740074892099405
2024-12-30,-0.0407154412263475,0.0043793602666556,test,HKDPHP_RET,0.00014824768110598588,0.004527607947761586
2024-12-31,0.2081319363590137,0.0694081112631517,test,HKDPHP_RET,-0.020916820082442947,0.04849129118070876
2025-01-01,0.0,0.0079925900234445,test,HKDPHP_RET,0.0053151860745255545,0.013307776097970056
2025-01-02,-1.4696957182040704,-0.0091737130674457,test,HKDPHP_RET,-0.012867692090685615,-0.022041405158131314
2025-01-03,1.3657151276787758,0.6793313521671911,test,HKDPHP_RET,0.11164352102090316,0.7909748731880942
2025-01-06,0.1245868673002852,-0.3856486927594047,test,HKDPHP_RET,0.04339315954780209,-0.3422555332116026
2025-01-07,-0.3502637723014051,-0.1948229914277105,test,HKDPHP_RET,0.0033968271352518686,-0.19142616429245865
2025-01-08,0.2593170747520539,0.1312622383232275,test,HKDPHP_RET,-0.04143233190340254,0.08982990641982497
2025-01-09,0.9347339803645774,0.0311703270490968,test,HKDPHP_RET,0.004991170309818478,0.03616149735891528
2025-01-10,-0.7941133426816729,-0.2528427274318471,test,HKDPHP_RET,0.25260515397070044,-0.00023757346114666733
2025-01-13,0.7171333188454132,0.2170335982332392,test,HKDPHP_RET,0.000816999946093245,0.21785059817933244
2025-01-14,-0.151755927971141,-0.0656620445747131,test,HKDPHP_RET,0.0028334013439459565,-0.06282864323076714
2025-01-15,-0.0492145553075345,-0.0938497488899613,test,HKDPHP_RET,-0.0297878324494429,-0.1236375813394042
2025-01-16,-0.3787258682397185,-0.1610319906202814,test,HKDPHP_RET,-0.0031163661030306103,-0.16414835672331202
2025-01-17,0.2996838026466938,0.1510498538189983,test,HKDPHP_RET,-0.045040290159403,0.1060095636595953
2025-01-20,-0.1663962100998259,-0.0873354591037621,test,HKDPHP_RET,0.005486548028557646,-0.08184891107520445
2025-01-21,-0.3530256905923057,0.0789802635091078,test,HKDPHP_RET,-0.02831895081290498,0.05066131269620283
2025-01-22,0.2764037749472743,-0.2846657493486083,test,HKDPHP_RET,-0.010737603283602673,-0.29540335263221096
2025-01-23,-0.0764711831868873,-0.0005258057638271463,test,HKDPHP_RET,0.00758079220550436,0.007054986441677214
2025-01-24,-0.0131650513848787,-0.018401477965159,test,HKDPHP_RET,-0.02765835352785741,-0.046059831493016415
2025-01-27,-0.2542413915328623,-0.0217280356907333,test,HKDPHP_RET,-0.010168486255133042,-0.03189652194586634
2025-01-28,0.3988844586214138,0.1945716547581744,test,HKDPHP_RET,-0.04473563951003103,0.14983601524814336
2025-01-29,-0.7148633964985135,-0.0739407262724684,test,HKDPHP_RET,0.004589407936873145,-0.06935131833559524
2025-01-30,0.703570277240405,0.276895806587053,test,HKDPHP_RET,-0.0074258949873890956,0.2694699115996639
2025-01-31,-0.1550249781215784,-0.1205060504100895,test,HKDPHP_RET,3.829034424601859e-05,-0.12046776006584348
2025-02-03,0.0969320250152519,0.0755569782595267,test,HKDPHP_RET,-0.018581453378662748,0.05697552488086395
2025-02-04,0.2773490034339079,0.3687910275152873,test,HKDPHP_RET,-0.0070778275349285555,0.3617131999803587
2025-02-05,-0.9662589688453156,-0.582217391222913,test,HKDPHP_RET,-0.030880926023312803,-0.6130983172462259
2025-02-06,-0.3960716266100719,0.0072699362557266,test,HKDPHP_RET,-0.020923539664896903,-0.013653603409170302
2025-02-07,0.3407945674589505,-0.1028865367924126,test,HKDPHP_RET,-0.01667072523204461,-0.11955726202445721
2025-02-10,-1.1413216455316524,-0.1195380512468375,test,HKDPHP_RET,0.0005266869194950839,-0.11901136432734241
2025-02-11,0.9437633270112104,0.5370496316182191,test,HKDPHP_RET,0.12160341457826178,0.6586530461964808
2025-02-12,0.3201684008954348,-0.3755931940538315,test,HKDPHP_RET,-0.0004108950798421138,-0.3760040891336736
2025-02-13,-0.2552467538572496,-0.2055761122956541,test,HKDPHP_RET,0.04857127823851088,-0.15700483405714322
2025-02-14,-0.0767424281973595,-0.0967733591353134,test,HKDPHP_RET,-0.02192892682793681,-0.11870228596325022
2025-02-17,-0.2961304524380179,-0.0812123312021749,test,HKDPHP_RET,-0.007325492481308363,-0.08853782368348326
2025-02-18,0.4406078315248287,0.1538917133666748,test,HKDPHP_RET,-0.04504655041159785,0.10884516295507693
2025-02-19,0.6425560832064549,-0.0820086955512451,test,HKDPHP_RET,0.0008630006172548937,-0.08114569493399021
2025-02-20,-0.1213788281183593,-0.231306020600693,test,HKDPHP_RET,0.06725065401305834,-0.16405536658763464
2025-02-21,-0.5584740503970634,-0.0574765563806273,test,HKDPHP_RET,0.004085290860697803,-0.053391265519929496
2025-02-24,-0.1486454829102438,0.0857017319006779,test,HKDPHP_RET,-0.0008129407891466307,0.08488879111153126
2025-02-25,0.3628369390063283,0.133485940631733,test,HKDPHP_RET,-0.044666310562561935,0.08881963006917107
2025-02-26,-0.2006357168770606,-0.066690647573586,test,HKDPHP_RET,0.0035208409911762126,-0.0631698065824098
2025-02-27,0.0458485439257132,-0.0409126058557835,test,HKDPHP_RET,-0.03852009835469254,-0.07943270421047605
2025-02-28,0.2708576811524644,0.1943952090097033,test,HKDPHP_RET,0.0022386809416795627,0.19663388995138287
2025-03-03,-0.2449546480867317,0.0145865686745,test,HKDPHP_RET,0.001163987014183556,0.015750555688683558
2025-03-04,-0.2732759642495139,0.046286488393027,test,HKDPHP_RET,-0.04302484153241485,0.003261646860612151
2025-03-05,-0.0551338917821854,-0.1240724841002282,test,HKDPHP_RET,-0.03452386361010111,-0.15859634771032932
2025-03-06,-0.5606872623951433,-0.1536498843972124,test,HKDPHP_RET,0.0002808511684212981,-0.15336903322879109
2025-03-07,-0.1794945835485373,-0.1510687176035278,test,HKDPHP_RET,-0.015872653953637253,-0.16694137155716504
2025-03-10,-0.1263088454282555,0.0800414059296437,test,HKDPHP_RET,-0.017244843058893507,0.0627965628707502
2025-03-11,0.6002195374105391,0.1494801840509443,test,HKDPHP_RET,-0.044964730624716294,0.104515453426228
2025-03-12,-0.6788065784067412,-0.1887656624301174,test,HKDPHP_RET,0.0007557240234886136,-0.18800993840662877
2025-03-13,0.4264851934406507,0.0894728679748281,test,HKDPHP_RET,-0.001834905948178035,0.08763796202665007
2025-03-14,-0.10830747374102,-0.0351738044784377,test,HKDPHP_RET,-0.0005890212094068451,-0.03576282568784455
2025-03-17,-0.0527202962483893,0.0717940000462274,test,HKDPHP_RET,-0.027057551123465275,0.044736448922762115
2025-03-18,-0.00031816538610991,-0.1347772204359495,test,HKDPHP_RET,-0.037017803312965496,-0.171795023748915
2025-03-19,-0.0622297945304595,-0.015437420714159,test,HKDPHP_RET,0.00520353321839858,-0.01023388749576042
2025-03-20,-0.40761730622578,-0.0070299308130536,test,HKDPHP_RET,-0.021292359946106974,-0.028322290759160575
2025-03-21,0.2740386372045664,0.1467672487342486,test,HKDPHP_RET,-0.017269907276035466,0.12949734145821312
2025-03-24,0.3474225613355969,-0.0485941947206839,test,HKDPHP_RET,0.004961430587224001,-0.0436327641334599
2025-03-25,-0.2167095235099256,-0.1058821580853688,test,HKDPHP_RET,-0.0005891113512471618,-0.10647126943661596
2025-03-26,0.4652045479762043,0.1084096714989296,test,HKDPHP_RET,-0.034626174603906566,0.07378349689502303
2025-03-27,0.4253710953695308,-0.1136291474244493,test,HKDPHP_RET,-0.0007922271821802961,-0.11442137460662959
2025-03-28,-0.770364125654168,-0.104291218323592,test,HKDPHP_RET,0.005417547527494653,-0.09887367079609735
2025-03-31,0.1248549170271545,0.1875306828943969,test,HKDPHP_RET,-0.010585237367584398,0.1769454455268125
2025-04-01,-0.4557548148490772,0.0304052866958788,test,HKDPHP_RET,-0.024791526215130293,0.005613760480748506
2025-04-02,0.0180543286345754,0.0810873073373594,test,HKDPHP_RET,-0.0022532969004955225,0.07883401043686387
2025-04-03,-0.160900406354637,-0.1572941201585207,test,HKDPHP_RET,-0.02486960203361798,-0.1821637221921387
2025-04-04,-0.1886555218818047,0.1619695003063329,test,HKDPHP_RET,-0.011958483941210971,0.15001101636512193
2025-04-07,0.7265684786897418,-0.0786744059814185,test,HKDPHP_RET,-0.02827506732844844,-0.10694947330986694
2025-04-08,0.0524909390046554,0.214016447591313,test,HKDPHP_RET,0.14107203182915304,0.35508847942046606
2025-04-09,0.3416091845973663,0.0311009921534981,test,HKDPHP_RET,-0.04211489377242053,-0.01101390161892243
2025-04-10,-0.7013038020022659,-0.8181132491642727,test,HKDPHP_RET,1.9628495024638474e-05,-0.8180936206692481
2025-04-11,0.334909387689585,-0.1003197076318233,test,HKDPHP_RET,0.004483536305789047,-0.09583617132603425
2025-04-14,0.0980626713826653,-0.2471874612181015,test,HKDPHP_RET,0.0002725492178670931,-0.2469149120002344
2025-04-15,-0.3397816512649103,-0.4079209080030891,test,HKDPHP_RET,-0.0006999379613032124,-0.4086208459643923
2025-04-16,-0.7605762487825773,0.0311016440585558,test,HKDPHP_RET,0.00018222134677289766,0.031283865405328695
2025-04-17,-0.1950616215649225,0.233169034081246,test,HKDPHP_RET,-0.006275803840870738,0.22689323024037528
2025-04-18,0.0,-0.1966685375287045,test,HKDPHP_RET,-0.011478604552547532,-0.20814714208125204
2025-04-21,0.0,-0.0179877177729083,test,HKDPHP_RET,0.004858750171910238,-0.013128967600998062
2025-04-22,-0.0918093811063261,-0.0505361959912999,test,HKDPHP_RET,-0.007705549716948186,-0.05824174570824809
2025-04-23,0.0996120119799009,-0.0386689255088841,test,HKDPHP_RET,-0.020071659374202674,-0.058740584883086776
2025-04-24,-0.1633817415067923,0.170016269725521,test,HKDPHP_RET,0.005304676706477158,0.17532094643199816
2025-04-25,-0.1632846436051155,-0.0237935142131633,test,HKDPHP_RET,-0.03184917144082704,-0.05564268565399034
2025-04-28,-0.2664761800690823,-0.0166947123077024,test,HKDPHP_RET,-0.039342442462739914,-0.05603715477044231
2025-04-29,0.2530128212729651,0.0737555752166117,test,HKDPHP_RET,-0.04381103044320478,0.029944544773406925
2025-04-30,-0.6428176743092554,-0.1818602357052241,test,HKDPHP_RET,0.005325832582973263,-0.17653440312225085
2025-05-01,-0.3198468056828283,0.2366728040783,test,HKDPHP_RET,-0.005636984794678565,0.23103581928362144
2025-05-02,0.1683166424385363,0.1743709816737635,test,HKDPHP_RET,0.0005559703300955438,0.17492695200385905
2025-05-05,-0.3619968204256358,0.0230128187144402,test,HKDPHP_RET,-0.012464317406662909,0.01054850130777729
2025-05-06,-0.1133160069335688,-0.0829145096534397,test,HKDPHP_RET,-0.02070819826261102,-0.10362270791605072
2025-05-07,-0.2948184703014104,-0.183595877405199,test,HKDPHP_RET,-0.017677168530618535,-0.20127304593581755
2025-05-08,-0.0192596256058533,0.1781729432100329,test,HKDPHP_RET,-0.03469844607021271,0.1434744971398202
2025-05-09,-0.2944102317317824,0.233258865593397,test,HKDPHP_RET,-0.04471807713025123,0.1885407884631458
2025-05-12,-0.0892953585986065,0.1381668018816758,test,HKDPHP_RET,0.0006466090144602299,0.13881341089613602
2025-05-13,0.4073322153719613,0.0677470851587647,test,HKDPHP_RET,-0.04489069212362611,0.022856393035138582
2025-05-14,-0.0194199710021839,-0.1780343528459259,test,HKDPHP_RET,-0.0006277112482798902,-0.1786620640942058
2025-05-15,0.0416948046439845,-0.062406001727444,test,HKDPHP_RET,0.005541768467212823,-0.05686423326023117
2025-05-16,-0.3130570973790837,-0.0306985930443177,test,HKDPHP_RET,0.00369487020697144,-0.02700372283734626
2025-05-19,0.1774405049311137,0.0124152482138568,test,HKDPHP_RET,-0.040487144096035044,-0.028071895882178243
2025-05-20,-0.1175790156300095,-0.1342496271046301,test,HKDPHP_RET,0.005519646294899782,-0.1287299808097303
2025-05-21,-0.5880334039333589,-0.0257592920186129,test,HKDPHP_RET,-0.007952789246167408,-0.03371208126478031
2025-05-22,-0.0184056068835153,0.1099226424451242,test,HKDPHP_RET,0.0003381250248502959,0.1102607674699745
2025-05-23,0.1382553205897813,0.0431194203645708,test,HKDPHP_RET,-0.03764057301442359,0.005478847350147212
2025-05-26,-0.3749580624126692,-0.0053716340893478,test,HKDPHP_RET,0.0029973038148631806,-0.0023743302744846195
2025-05-27,-0.2596098956930907,-0.0398049304590498,test,HKDPHP_RET,-0.02413788451911631,-0.06394281497816612
2025-05-28,0.3329944330673172,0.0371650152086422,test,HKDPHP_RET,-0.0450247820844193,-0.007859766875777094
2025-05-29,-0.0402740564337965,0.0096609537077079,test,HKDPHP_RET,0.0005106291879398768,0.010171582895647778
2025-05-30,0.2291056488385305,0.0113045086044783,test,HKDPHP_RET,-0.02198737264632575,-0.010682864041847451
2025-06-02,0.3319858951853194,-0.2799073046656203,test,HKDPHP_RET,0.00404213553178707,-0.27586516913383324
2025-06-03,-0.4557794736047837,-0.1824405833856231,test,HKDPHP_RET,0.016008044393246424,-0.16643253899237667
2025-06-04,0.1097943559804355,0.0820276269904241,test,HKDPHP_RET,-0.04160315036175104,0.04042447662867306
2025-06-05,0.0181022386726877,-0.0316277472951325,test,HKDPHP_RET,-0.005926621839541669,-0.037554369134674165
2025-06-06,-0.1572904348236457,-0.0470913022551357,test,HKDPHP_RET,-0.002337709269589057,-0.04942901152472476
2025-06-09,0.0990339030436794,0.1032932682782774,test,HKDPHP_RET,-0.0345109267200722,0.0687823415582052
2025-06-10,-0.1284564557215272,-0.0865806201762487,test,HKDPHP_RET,-0.01209301929082541,-0.09867363946707411
2025-06-11,0.4044225107387723,0.0523774041065556,test,HKDPHP_RET,-0.02020488422950274,0.03217251987705286
2025-06-12,-0.0390140046307824,-0.2241753732063933,test,HKDPHP_RET,-0.0007631192597754195,-0.22493849246616873
2025-06-13,-2.842229690510029,-0.1591355392038355,test,HKDPHP_RET,0.005193005241327544,-0.15394253396250795
2025-06-16,4.170814583786967,0.7526244074184405,test,HKDPHP_RET,2.1410793839565025,2.893703791374943
2025-06-17,-0.224792386722739,-1.2756288712928,test,HKDPHP_RET,0.3545448225285666,-0.9210840487642333
2025-06-18,-0.5210415908257383,0.2652100180752366,test,HKDPHP_RET,0.34092210184961985,0.6061321199248564
2025-06-19,1.0435247768393396,0.2010773239145749,test,HKDPHP_RET,-0.007662415168461412,0.19341490874611347
2025-06-20,-0.0946727788023709,-0.3668311198888472,test,HKDPHP_RET,0.18291826677259662,-0.18391285311625058
2025-06-23,1.0314786527997963,0.0196955149444883,test,HKDPHP_RET,0.001487373324484749,0.02118288826897305
2025-06-24,-0.4226644522957734,-0.2107202514358793,test,HKDPHP_RET,0.3347809158651019,0.12406066442922259
2025-06-25,-1.512733472627115,-0.1776560729022105,test,HKDPHP_RET,-0.045035450023588414,-0.2226915229257989
2025-06-26,0.4698302725876652,0.3562475744783935,test,HKDPHP_RET,-0.06379658110566677,0.29245099337272673
2025-06-27,-0.1478792956382346,-0.3220058509259041,test,HKDPHP_RET,0.004305234484778605,-0.3177006164411255
2025-06-30,0.4547285548359541,0.0325004882393882,test,HKDPHP_RET,0.005417320368785687,0.037917808608173884
2025-07-01,-1.931606415999276,-0.1970256722791415,test,HKDPHP_RET,-7.396472721946413e-05,-0.19709963700636096
2025-07-02,0.379979524041377,0.4778487636661752,test,HKDPHP_RET,1.4130749286438655,1.8909236923100408
2025-07-03,0.7328090578934293,-0.1074391486229363,test,HKDPHP_RET,-0.03216312238224457,-0.13960227100518086
2025-07-04,0.2440300388688654,-0.1983819609687129,test,HKDPHP_RET,0.18037794550501157,-0.01800401546370134
2025-07-07,0.4099155503255651,-0.0582771285928338,test,HKDPHP_RET,0.00048711978650498836,-0.05779000880632881
2025-07-08,0.0743636019793533,-0.0562938370960805,test,HKDPHP_RET,0.0013884220542913488,-0.05490541504178915
2025-07-09,-0.3969813671653595,-0.0052110232105725,test,HKDPHP_RET,0.0050840416122766505,-0.00012698159829584946
2025-07-10,0.3881295274100276,0.057779558503067,test,HKDPHP_RET,-0.01920813201069272,0.03857142649237428
2025-07-11,-0.1480161426267452,-0.0829984626706713,test,HKDPHP_RET,-0.0004717847676356231,-0.08347024743830693
2025-07-14,0.1094670174126176,0.0366147107829269,test,HKDPHP_RET,-0.025302642751305584,0.011312068031621315
2025-07-15,0.328294796377172,0.0271678190894444,test,HKDPHP_RET,0.0007504773768212591,0.027918296466265657
2025-07-16,0.1354495093885896,0.0669038210096158,test,HKDPHP_RET,0.00032188461109927116,0.06722570562071507
2025-07-17,-1.2124273463910422,0.0005020314157944626,test,HKDPHP_RET,0.00023248543885491047,0.000734516854649373
2025-07-18,2.0876706779387204,0.3920656442570391,test,HKDPHP_RET,0.03176529653123152,0.4238309407882706
2025-07-21,-0.3791315645477934,-0.622635597395445,test,HKDPHP_RET,0.30563166518522905,-0.317003932210216
2025-07-22,-0.0696571549781925,-0.0153475025104353,test,HKDPHP_RET,0.0028458575365267204,-0.01250164497390858
2025-07-23,-0.355847058869347,-0.1340128216369256,test,HKDPHP_RET,-0.022953486674136648,-0.15696630831106226
2025-07-24,-0.4203095068780065,-0.0509417874641238,test,HKDPHP_RET,-0.04500112496970275,-0.09594291243382655
2025-07-25,0.3912075045062925,0.1568314126113754,test,HKDPHP_RET,-0.024186325236201407,0.132645087375174
2025-07-28,0.6443435557881289,-0.0990857718944149,test,HKDPHP_RET,0.003284185109019137,-0.09580158678539577
2025-07-29,-0.2307747535017921,0.0435804084097692,test,HKDPHP_RET,0.08178747728013855,0.12536788568990775
2025-07-30,0.4148926612985578,0.2068810737431499,test,HKDPHP_RET,-0.04148458539041468,0.16539648835273524
2025-07-31,0.0650863892908125,0.050748395651053,test,HKDPHP_RET,0.004447593127876956,0.05519598877892996
2025-08-01,1.5602425195721394,0.2130655424111013,test,HKDPHP_RET,-0.008394871968253424,0.20467067044284787
2025-08-04,-0.78768871800069,-0.5022882672196483,test,HKDPHP_RET,0.20198638162177363,-0.30030188559787463
2025-08-05,-0.6514955935642269,-0.0348706190039659,test,HKDPHP_RET,-0.040079108444915024,-0.07494972744888093
2025-08-06,0.2837141726268902,0.2583047513203958,test,HKDPHP_RET,-0.0043648772103133835,0.25393987411008245
2025-08-07,-0.3468195104003342,-0.2461012867062557,test,HKDPHP_RET,-0.006345997107253221,-0.2524472838135089
2025-08-08,-0.3433798917100839,0.105778867398027,test,HKDPHP_RET,-0.032719389855632615,0.07305947754239439
2025-08-11,-0.4106879563480795,0.0596223788861687,test,HKDPHP_RET,-0.007578715500517502,0.052043663385651195
2025-08-12,0.2448513674081326,0.307430605458119,test,HKDPHP_RET,-0.004252409612281197,0.30317819584583783
2025-08-13,-0.2380986966916733,-0.21112729523049,test,HKDPHP_RET,-0.024770421398530144,-0.23589771662902015
2025-08-14,-0.4175009844565929,-0.0428908341655842,test,HKDPHP_RET,-0.016927323684036055,-0.05981815784962026
2025-08-15,0.9460803027426148,0.1709899090428317,test,HKDPHP_RET,-0.02302275326625085,0.14796715577658084
2025-08-18,0.1000212417489305,-0.1876392646044188,test,HKDPHP_RET,0.11011466612585118,-0.07752459847856762
2025-08-19,-0.072070440218442,0.0209932545821639,test,HKDPHP_RET,0.0008249665843489436,0.021818221166512844
2025-08-20,0.5681573365281168,0.0984133931315445,test,HKDPHP_RET,-0.031207835989154355,0.06720555714239014
2025-08-21,-0.2554834528028299,-0.120075612242851,test,HKDPHP_RET,0.0014494335231710024,-0.11862617871968
2025-08-22,0.1462374118105305,0.15459034528321,test,HKDPHP_RET,-0.03874153343357216,0.11584881184963784
2025-08-25,-1.3541787483012782,-0.0100441752024544,test,HKDPHP_RET,-0.01294295461486705,-0.02298712981732145
2025-08-26,0.4597053028022533,0.4674664347719485,test,HKDPHP_RET,-0.06349168926948257,0.4039747455024659
2025-08-27,0.7027370970795788,0.0075893394977805,test,HKDPHP_RET,-0.012819393117479181,-0.005230053619698681
2025-08-28,-0.4468692232039362,-0.2616409191580146,test,HKDPHP_RET,0.048219018479076614,-0.21342190067893796
2025-08-29,0.4222458508337874,0.1077603393695441,test,HKDPHP_RET,-0.04411729114256309,0.06364304822698101
2025-09-01,0.3524068224904897,-0.2093453435206011,test,HKDPHP_RET,-9.543583668290632e-05,-0.209440779357284
2025-09-02,-2.105198896345936,-0.0338935681339901,test,HKDPHP_RET,0.007658885837303895,-0.026234682296686206
2025-09-03,2.1332377519802725,0.8112727026120018,test,HKDPHP_RET,1.1058377881991055,1.9171104908111074
2025-09-04,0.1277900399327775,-0.6564118669572175,test,HKDPHP_RET,0.20301727371303624,-0.4533945932441813
2025-09-05,-0.7093869917995996,-0.0603526804990419,test,HKDPHP_RET,0.11910277890298115,0.05875009840393926
2025-09-08,-0.2725881441788677,0.2392674566558685,test,HKDPHP_RET,-0.008471570925603581,0.2307958857302649
2025-09-09,0.0583571233278528,0.0124473499367999,test,HKDPHP_RET,-3.9844723711091116e-05,0.012407505213088808
2025-09-10,0.6879251226418264,-0.0107287060276496,test,HKDPHP_RET,-0.002918387867250869,-0.013647093894900469
2025-09-11,0.0277258567866058,-0.1719237178942802,test,HKDPHP_RET,0.05025639726317506,-0.12166732063110515
2025-09-12,0.1109261200391549,-0.0976588291383596,test,HKDPHP_RET,0.004757773178978578,-0.09290105595938103
2025-09-15,0.244369976357262,-0.0412749076568311,test,HKDPHP_RET,0.004425002334527291,-0.03684990532230381
2025-09-16,-0.2108251806762174,-0.0416595412416691,test,HKDPHP_RET,0.0009065437118347688,-0.040752997529834335
2025-09-17,-0.7094678892063591,-0.1253197003584852,test,HKDPHP_RET,-0.04287684337481663,-0.1681965437333018
2025-09-18,0.1769841788725269,0.1270063508418689,test,HKDPHP_RET,-0.0010369041757953392,0.12596944666607357
2025-09-19,0.7935221760316737,0.0105285907281791,test,HKDPHP_RET,-0.0023007021258375313,0.008227888602341568
2025-09-22,-0.0933526471278744,-0.1888610866885651,test,HKDPHP_RET,0.1178911890989988,-0.0709698975895663
2025-09-23,-0.4342344744978974,0.0930659049141879,test,HKDPHP_RET,0.003028644788230377,0.09609454970241828
2025-09-24,0.61172250939573,0.1356638474522749,test,HKDPHP_RET,0.0006365919488864384,0.13630043940116132
2025-09-25,0.7143534374070506,-0.0886302828784068,test,HKDPHP_RET,0.00170646699440292,-0.08692381588400387
2025-09-26,0.5805493355459405,-0.0154423761077673,test,HKDPHP_RET,0.13864026706723215,0.12319789095946485
2025-09-29,0.2085901211495273,-0.1039361103565941,test,HKDPHP_RET,0.012715406299046933,-0.09122070405754716
2025-09-30,-0.1659334978003095,-0.0975723992508076,test,HKDPHP_RET,-3.975665998045837e-05,-0.09761215591078806
2025-10-01,0.3125736656683536,0.0582837544668767,test,HKDPHP_RET,-0.026028941420540925,0.032254813046335776
2025-10-02,-0.1404699714156791,-0.2046342608088618,test,HKDPHP_RET,0.0023243952601641102,-0.20230986554869768
2025-10-03,-0.3135179160880224,0.0338390949061576,test,HKDPHP_RET,-0.0003218096220961993,0.0335172852840614
2025-10-06,-0.1083706994213517,0.1009712270846276,test,HKDPHP_RET,-0.02896992667351627,0.07200130041111133
2025-10-07,0.5534925328680955,0.1983032137699003,test,HKDPHP_RET,-0.04501063868021931,0.15329257508968097
2025-10-08,-0.402640655468154,-0.1341952538899961,test,HKDPHP_RET,-0.0007837636812466709,-0.13497901757124275
2025-10-09,0.0307712428942151,0.1583185570029042,test,HKDPHP_RET,-0.0421478482881206,0.1161707087147836
2025-10-10,0.7106282947363162,0.1764854175861916,test,HKDPHP_RET,-0.03751470331241872,0.1389707142737729
2025-10-13,-0.3188114539331639,-0.1686685059809334,test,HKDPHP_RET,0.005022607213539592,-0.1636458987673938
2025-10-14,-0.2413363076849908,0.0717056632137313,test,HKDPHP_RET,-0.04078525837622738,0.03092040483750392
2025-10-15,0.0785615057612137,0.124456041473321,test,HKDPHP_RET,-0.03570916719253981,0.08874687428078118
2025-10-16,-0.1631500785110496,-0.1738835203096053,test,HKDPHP_RET,-0.021093739659494168,-0.19497725996909948
2025-10-17,0.1299870782122634,0.1139297788446869,test,HKDPHP_RET,-0.009088282713109975,0.10484149613157692
2025-10-20,0.1542497168754196,-0.0721257251021186,test,HKDPHP_RET,-0.008068507419986106,-0.08019423252210471
2025-10-21,0.0799131332112908,-0.0620295066254655,test,HKDPHP_RET,0.0036585856388512924,-0.05837092098661421
2025-10-22,-0.0484046270371663,-0.0082691522638245,test,HKDPHP_RET,0.005384125218491819,-0.0028850270453326813
2025-10-23,0.3707176900204255,0.1280659077456305,test,HKDPHP_RET,-0.019820234943350376,0.10824567280228013
2025-10-24,0.392314609575504,-0.2068750072810344,test,HKDPHP_RET,0.0028870566780924652,-0.20398795060294192
2025-10-27,0.1077596438786373,-0.1170873419095286,test,HKDPHP_RET,0.013322271917003695,-0.10376506999252491
2025-10-28,-0.9469073937841864,-0.0453364870623591,test,HKDPHP_RET,0.0037285138042352705,-0.04160797325812383
2025-10-29,-0.3723826018065882,0.2835508829135389,test,HKDPHP_RET,0.04881810284892187,0.33236898576246077
2025-10-30,-1.7299211873662517,0.1872745428416712,test,HKDPHP_RET,-0.00934725818020287,0.17792728466146832
2025-10-31,3.394529697768984,0.5987568755815588,test,HKDPHP_RET,1.5844532671013487,2.1832101426829076
2025-11-03,-0.6311002960688072,-1.045923372703501,test,HKDPHP_RET,-0.23722150853159182,-1.283144881235093
2025-11-04,0.1340671541589024,0.2829821064001088,test,HKDPHP_RET,-0.00024574693292096967,0.28273635946718784
2025-11-05,-0.0221813260352691,-0.0183880268898148,test,HKDPHP_RET,-0.04062843797527923,-0.05901646486509403
2025-11-06,0.1826879783060738,0.1390412831458536,test,HKDPHP_RET,-0.011996978055324035,0.12704430509052955
2025-11-07,0.2092285578422365,-0.125268020279797,test,HKDPHP_RET,-0.003271350322456824,-0.12853937060225382
2025-11-10,-0.6203858957795749,-0.0877613425231391,test,HKDPHP_RET,-0.0005476369308877612,-0.08830897945402685
2025-11-11,0.7203793277138174,0.1435053160945846,test,HKDPHP_RET,0.0007534985420930841,0.1442588146366777
2025-11-12,0.0584609909724057,-0.2194840405745496,test,HKDPHP_RET,0.009596638373994638,-0.20988740220055496
2025-11-13,0.4049927311095462,-0.0753439516302383,test,HKDPHP_RET,0.0012312555353753472,-0.07411269609486296
2025-11-14,-0.4702848295794621,-0.0929584559386467,test,HKDPHP_RET,0.0018889142043039995,-0.0910695417343427
2025-11-17,0.103828069770648,0.1364042795437984,test,HKDPHP_RET,-0.022418451379372352,0.11398582816442607
2025-11-18,-0.0392364164971687,-0.0346388444761521,test,HKDPHP_RET,-0.01815428678544942,-0.05279313126160152
2025-11-19,-0.4030925662169656,0.1277270846730991,test,HKDPHP_RET,-0.012162808457890839,0.11556427621520826
2025-11-20,0.1675530386325249,0.1139983806025308,test,HKDPHP_RET,0.0007205396696839332,0.11471892027221474
2025-11-21,0.1290942439444002,0.0265815916634178,test,HKDPHP_RET,-0.0017757734972281773,0.024805818166189625
2025-11-24,-0.5736702950432468,-0.009842159053966,test,HKDPHP_RET,0.0035798844081613977,-0.0062622746458046025
2025-11-25,0.5586587761583884,0.0524780597203114,test,HKDPHP_RET,0.0002685022583393191,0.05274656197865072
2025-11-26,-0.1349980761342105,-0.3218275958503032,test,HKDPHP_RET,0.00316394310559841,-0.31866365274470476
2025-11-27,-0.0452458478549037,-0.0249683394391187,test,HKDPHP_RET,0.0051504637724600795,-0.01981787566665862
2025-11-28,-0.2705744725175773,-0.0568165420892039,test,HKDPHP_RET,-0.015475886135076876,-0.07229242822428078
2025-12-01,-0.2813761008182772,0.0830139590793328,test,HKDPHP_RET,-0.045044410698887746,0.037969548380445056
2025-12-02,-0.0986474384800837,0.0215741049604212,test,HKDPHP_RET,-0.02528547420074568,-0.003711369240324478
2025-12-03,-0.0778642962965249,0.0110780948585257,test,HKDPHP_RET,-0.03629326835938356,-0.025215173500857863
2025-12-04,0.8247960422193255,-0.0296687452354504,test,HKDPHP_RET,-0.03037280626236733,-0.06004155149781773
2025-12-05,0.368643663727756,-0.2588079903778311,test,HKDPHP_RET,0.19685849798024113,-0.061949492397589956
2025-12-08,-0.3690120388420069,-0.0887907770795359,test,HKDPHP_RET,0.019963754288754663,-0.06882702279078125
2025-12-09,0.4560083232160804,0.1643826358646698,test,HKDPHP_RET,-0.04076441780126014,0.12361821806340967
2025-12-10,0.3181842429836533,-0.0970905499776299,test,HKDPHP_RET,0.0006690175388686673,-0.09642153243876124
2025-12-11,-0.558189899870642,-0.2086545244680432,test,HKDPHP_RET,-0.00023582759610622458,-0.2088903520641494
2025-12-12,-0.3268218024716874,-0.0883721784886777,test,HKDPHP_RET,-0.028507505913208137,-0.11687968440188584
2025-12-15,0.4716720229312237,0.0969721607802183,test,HKDPHP_RET,-0.04448620460661153,0.05248595617360676
2025-12-16,-0.584005362092862,-0.1767384535376976,test,HKDPHP_RET,-0.0007939004458837936,-0.1775323539835814
2025-12-17,-0.449293220298688,0.1695251439545696,test,HKDPHP_RET,-0.01582333580956635,0.15370180814500325
2025-12-18,0.3398980684415711,0.20164659148251,test,HKDPHP_RET,-0.004628984884148793,0.1970176065983612
2025-12-19,-0.114755954530407,-0.0638186677673852,test,HKDPHP_RET,0.005303968776750262,-0.058514698990634946
2025-12-22,-0.1449119292592579,0.0022476173396943,test,HKDPHP_RET,-0.022208902231577354,-0.019961284891883053
2025-12-23,0.4934892951081361,-0.0769832342191773,test,HKDPHP_RET,-0.04039988018363444,-0.11738311440281174
2025-12-24,-0.0265182216352235,-0.3069323394964959,test,HKDPHP_RET,0.008725588796221108,-0.2982067507002748
2025-12-25,0.0,-0.0318557195171195,test,HKDPHP_RET,0.0011249896599184568,-0.03073072985720104
2025-12-26,0.0749595552649655,-0.0053137406008635,test,HKDPHP_RET,-0.00521409767212387,-0.01052783827298737
2025-12-29,-0.2583444564109844,-0.0220155785591948,test,HKDPHP_RET,0.0015798269006386777,-0.02043575165855612
2025-12-30,0.3998630188012952,0.1122789344989104,test,HKDPHP_RET,-0.044583618562531804,0.06769531593637859
2025-12-31,-0.0267571616980617,-0.0321989315531198,test,HKDPHP_RET,0.0008280319322293858,-0.031370899620890416
2026-01-01,0.0,0.0152660149374524,test,HKDPHP_RET,-0.010127662982245534,0.005138351955206866
2026-01-02,-0.0142791923820382,-0.0021977024574587,test,HKDPHP_RET,-0.014402046716735258,-0.01659974917419396
2026-01-05,-0.4480223540973837,0.0012574241338406,test,HKDPHP_RET,-0.013726451485979044,-0.012469027352138444
2026-01-06,0.7937860007679167,0.1445109399408067,test,HKDPHP_RET,-0.007557772745437397,0.1369531671953693
2026-01-07,0.2687984297154051,-0.3481823975699234,test,HKDPHP_RET,0.026947003190637385,-0.32123539437928605
2026-01-08,0.0621608508886149,-0.0615248523877021,test,HKDPHP_RET,0.017216183468563354,-0.04430866891913875
2026-01-09,-0.4097422735234853,0.0004969755237176684,test,HKDPHP_RET,0.004814669870226696,0.005311645393944364
2026-01-12,0.0485104299239084,0.1720844022241132,test,HKDPHP_RET,-0.015187515419168508,0.15689688680494468
2026-01-13,-0.0846661170660215,-0.0476518681709977,test,HKDPHP_RET,-0.036861194384712546,-0.08451306255571026
2026-01-14,0.4095623011379546,0.0679214800993622,test,HKDPHP_RET,-0.019131222671479424,0.04879025742788278
2026-01-15,0.1925678128243184,-0.0676190574300995,test,HKDPHP_RET,-0.0006559815261360102,-0.0682750389562355
2026-01-16,-0.1930132402410067,-0.1050043867128074,test,HKDPHP_RET,0.002042425687296934,-0.10296196102551047
2026-01-19,-0.0737603484178804,0.0932079488814236,test,HKDPHP_RET,-0.030181772162035155,0.06302617671938844
2026-01-20,0.0322010360186598,0.0103374204386288,test,HKDPHP_RET,-0.04266876206347768,-0.03233134162484888
2026-01-21,-0.0320604419425149,0.0112793702239711,test,HKDPHP_RET,-0.006988274353088525,0.004291095870882576
2026-01-22,-0.3106534874855632,-0.0814415008441793,test,HKDPHP_RET,-0.02052861649609998,-0.10197011734027928
2026-01-23,-0.1933984580285405,-0.0311060334269294,test,HKDPHP_RET,-0.04484295585256751,-0.07594898927949692
2026-01-26,-0.1029256667259845,-0.0667789449806939,test,HKDPHP_RET,-0.04219621550557652,-0.10897516048627041
2026-01-27,0.1263305962982674,-0.1755117169227447,test,HKDPHP_RET,-0.01893996415035222,-0.1944516810730969
2026-01-28,-0.6238328952292417,-0.191971919100776,test,HKDPHP_RET,0.00029736665960876753,-0.1916745524411672
2026-01-29,-0.0557410080743588,0.0258921118975408,test,HKDPHP_RET,-0.010765782868416241,0.01512632902912456
2026-01-30,0.1819923964747621,0.0693844867713283,test,HKDPHP_RET,-0.02885999899126687,0.04052448778006143
2026-02-02,-0.4781760518133375,-0.0750449357827968,test,HKDPHP_RET,0.004248455659796467,-0.07079648012300034
2026-02-03,0.5336270356329579,0.3748725921134034,test,HKDPHP_RET,-0.016716381971927652,0.35815621014147575
2026-02-04,0.0391177336907921,-0.2135204878662716,test,HKDPHP_RET,0.005541751132560338,-0.20797873673371126
2026-02-05,0.0340230203261886,0.0228559403572056,test,HKDPHP_RET,0.0024039745584497614,0.025259914915655362
2026-02-06,-0.4033747797056049,0.1765007775126999,test,HKDPHP_RET,-0.00900422013123723,0.16749655738146269
2026-02-09,-0.897893774425935,0.1638865196098708,test,HKDPHP_RET,-0.000704552260680787,0.16318196734919002
2026-02-10,0.4283766409866322,-0.0304062435665482,test,HKDPHP_RET,0.12921347002743783,0.09880722646088963
2026-02-11,0.0433724040491302,-0.2534771636105171,test,HKDPHP_RET,0.0010353519772672278,-0.25244181163324986
2026-02-12,-0.3554859052620042,-0.0209338134641659,test,HKDPHP_RET,0.0004733197151927395,-0.02046049374897316
2026-02-13,-0.6260772074046206,0.1957581858715484,test,HKDPHP_RET,-0.03161733390544452,0.16414085196610387
2026-02-16,-0.3174605015394477,0.2341444434576659,test,HKDPHP_RET,0.003911863566676887,0.2380563070243428
2026-02-17,0.2906010679830462,0.0884566335925327,test,HKDPHP_RET,0.0006910502018334166,0.0891476837943661
2026-02-18,-0.3149392581528611,-0.0580160484732927,test,HKDPHP_RET,0.004669211983590652,-0.053346836489702044
2026-02-19,0.3951891182600506,0.1402437324862411,test,HKDPHP_RET,-0.04325397083616778,0.09698976165007334
2026-02-20,0.1223643801646713,-0.0062065227344069,test,HKDPHP_RET,0.0022928732048443337,-0.003913649529562566
2026-02-23,-0.1749721121691841,-0.0210922144752325,test,HKDPHP_RET,0.005010307883203361,-0.01608190659202914
2026-02-24,-0.6029145524131567,0.0118284575720111,test,HKDPHP_RET,-0.04124671400111497,-0.029418256429103874
2026-02-25,0.0647937612347717,0.1563879598034871,test,HKDPHP_RET,-0.004141207594407741,0.15224675220907935
2026-02-26,-0.1745150859155091,-0.1036568913868239,test,HKDPHP_RET,-0.03091169601455335,-0.13456858740137725
2026-02-27,0.0103025698843575,0.0599783383895199,test,HKDPHP_RET,-0.02656842464446704,0.033409913745052866
2026-03-02,0.1371665846261603,0.0472277852043354,test,HKDPHP_RET,-0.021930060325447035,0.025297724878888362
2026-03-03,1.038310012727066,0.2943530344838092,test,HKDPHP_RET,0.0025387222181890027,0.2968917567019982
2026-03-04,0.3224395424648499,-0.1703801052295415,test,HKDPHP_RET,0.08221999573640254,-0.08816010949313896
2026-03-05,-0.0227598293334791,-0.0757919958218668,test,HKDPHP_RET,0.002464201614085798,-0.073327794207781
2026-03-06,0.655540576095308,0.0495763321968116,test,HKDPHP_RET,-0.0018513792507372183,0.04772495294607439
2026-03-09,0.461232359366822,-0.1682659964872947,test,HKDPHP_RET,0.014697916725465771,-0.15356807976182893
2026-03-10,0.1514433139020192,0.0110157515598113,test,HKDPHP_RET,0.020544078365129868,0.03155982992494117
2026-03-11,-2.0488744111065373,-0.3623798836236935,test,HKDPHP_RET,0.0053532979292250085,-0.3570265856944685
2026-03-12,2.163753119661983,0.6719959247824382,test,HKDPHP_RET,1.2016282155841567,1.8736241403665947
2026-03-13,0.3245093726995527,-0.4186432783241534,test,HKDPHP_RET,0.2603921404382036,-0.1582511378859498
2026-03-16,-2.2115208114860696,-0.0870157590740093,test,HKDPHP_RET,0.0815612404257232,-0.005454518648286097
2026-03-17,2.52832591441002,0.5015884255156573,test,HKDPHP_RET,0.9425840939324637,1.444172519448121
2026-03-18,-0.7914987354925074,-1.0829065988300823,test,HKDPHP_RET,0.48834865181728787,-0.5945579470127944
2026-03-19,0.8773823422945773,0.5054133725903749,test,HKDPHP_RET,0.0006774232622806953,0.5060907958526556
2026-03-20,-0.3604275722703868,-0.2800090828974925,test,HKDPHP_RET,-0.0008043777246781774,-0.28081346062217066
2026-03-23,-0.1265895167538297,-0.0551337371671665,test,HKDPHP_RET,-0.028605043817455936,-0.08373878098462244
2026-03-24,0.1297497878921933,0.1123310042918638,test,HKDPHP_RET,-0.026697117097597613,0.08563388719426618
2026-03-25,0.8964757169908836,-0.0830836851992578,test,HKDPHP_RET,-0.007812133107942075,-0.09089581830719987
2026-03-26,0.0870836722777166,-0.3370654874738683,test,HKDPHP_RET,0.3193302692795226,-0.017735218194345648
2026-03-27,0.2517437373537675,0.1732409910981361,test,HKDPHP_RET,-2.628248418252322e-05,0.17321470861395358
2026-03-30,0.4395762376892531,-0.0599302509261716,test,HKDPHP_RET,0.001389269486934995,-0.058540981439236604
2026-03-31,0.2680023383280864,0.0092787892452569,test,HKDPHP_RET,0.0028022790583842644,0.012081068303641165
2026-04-01,-0.2603595367779242,-0.3733573771693562,test,HKDPHP_RET,0.0021120138908312025,-0.371245363278525
2026-04-02,-0.6526075145006831,-0.1245440169562844,test,HKDPHP_RET,0.004271330991753504,-0.1202726859645309
2026-04-03,0.0411602060222297,0.1199129759851596,test,HKDPHP_RET,0.0006570070897496303,0.12056998307490922
2023-01-04,-0.066348058558601,-0.2164246913704596,val,SGDPHP_RET,-0.05814850083327128,-0.2745731922037309
2023-01-05,0.5672903461390689,-0.0440134784272883,val,SGDPHP_RET,0.018336784173139296,-0.025676694254149
2023-01-06,-0.5323668171040394,-0.3807834508078187,val,SGDPHP_RET,0.08757917899736024,-0.2932042718104585
2023-01-09,0.1576326132213615,0.1399400910106146,val,SGDPHP_RET,-0.04520518062213043,0.09473491038848418
2023-01-10,-1.2190678041724567,0.2366184596902786,val,SGDPHP_RET,0.009423601955435169,0.24604206164571377
2023-01-11,-0.039087400631396,0.4857762564756946,val,SGDPHP_RET,0.22052125250762192,0.7062975089833166
2023-01-12,0.6426888324204935,0.0478287984691853,val,SGDPHP_RET,-0.017302844026387477,0.030525954442797824
2023-01-13,0.5775505399397294,0.0118588915339073,val,SGDPHP_RET,0.08967860918762109,0.1015375007215284
2023-01-16,-0.1605296751650355,-0.0070200620252379,val,SGDPHP_RET,0.08916562854282237,0.08214556651758446
2023-01-17,-0.4638578744636781,0.1426872264367516,val,SGDPHP_RET,-0.04571676900781579,0.09697045742893581
2023-01-18,0.1441513068259355,0.0326493964556884,val,SGDPHP_RET,-0.015217180670641699,0.017432215785046702
2023-01-19,-0.0166620812463082,-0.1583068943233397,val,SGDPHP_RET,0.02008599027818571,-0.13822090404515397
2023-01-20,0.046482526218758,0.1624900744767439,val,SGDPHP_RET,0.01894210102168311,0.18143217549842702
2023-01-23,-0.3024665545248661,-0.0491075207545526,val,SGDPHP_RET,-0.034426368346475784,-0.08353388910102838
2023-01-24,-0.276186969208733,-0.0115582067186679,val,SGDPHP_RET,-0.058120895013718275,-0.06967910173238617
2023-01-25,0.576980655360527,0.099791151250768,val,SGDPHP_RET,-0.05766464318103275,0.042126508069735245
2023-01-26,0.4149682555641244,-0.1073662610086734,val,SGDPHP_RET,0.06342792614976335,-0.04393833485891005
2023-01-27,-0.3246296231329145,-0.1323143635141715,val,SGDPHP_RET,0.0800058335845061,-0.05230852992966541
2023-01-30,-0.0011482939870072,0.0655850077596807,val,SGDPHP_RET,-0.05400799819529222,0.011577009564388473
2023-01-31,0.2788434868342653,-0.0583334569285763,val,SGDPHP_RET,-0.01705458323982749,-0.07538804016840378
2023-02-01,0.0319810038795314,0.1317164537696082,val,SGDPHP_RET,0.014117497838365207,0.1458339516079734
2023-02-02,-0.326642642644681,0.1861906779084933,val,SGDPHP_RET,-0.02886146731785686,0.15732921059063645
2023-02-03,-1.0496365164659731,0.1096297870734987,val,SGDPHP_RET,-0.017983865460904778,0.09164592161259393
2023-02-06,-1.427774320394292,0.3510157149295871,val,SGDPHP_RET,-0.10009018741717218,0.2509255275124149
2023-02-07,2.080188234724217,0.1235888720275952,val,SGDPHP_RET,1.2271464869182698,1.350735358945865
2023-02-08,0.7934278049422029,-0.6109944010517151,val,SGDPHP_RET,0.25244407701434796,-0.35855032403736714
2023-02-09,-0.7471842332711882,-0.1875876761155403,val,SGDPHP_RET,0.39300684205703723,0.20541916594149692
2023-02-10,-0.2098624248696353,0.3184371007271955,val,SGDPHP_RET,-0.016140256459498875,0.30229684426769665
2023-02-13,-0.7781191611241594,0.0928842739047014,val,SGDPHP_RET,-0.017139402398216694,0.0757448715064847
2023-02-14,0.6409173092160628,0.2835130057936237,val,SGDPHP_RET,0.03505091397442384,0.31856391976804754
2023-02-15,0.4556633088471089,-0.2157037361737908,val,SGDPHP_RET,0.018549991210868748,-0.19715374496292204
2023-02-16,0.3077030300162957,-0.3712422903572679,val,SGDPHP_RET,0.06411254256599723,-0.30712974779127067
2023-02-17,-0.4534497019684156,-0.1624856326877427,val,SGDPHP_RET,0.059420348690419116,-0.10306528399732356
2023-02-20,0.405279567946651,0.1266888034368585,val,SGDPHP_RET,-0.05528926556630025,0.07139953787055826
2023-02-21,-0.8064439146844441,-0.1345473972361718,val,SGDPHP_RET,0.008467606365013347,-0.12607979087115845
2023-02-22,0.0300965333470403,0.1209717762669875,val,SGDPHP_RET,-0.010971788027133228,0.10999998823985428
2023-02-23,-0.0031975527219101,-0.1072738943514402,val,SGDPHP_RET,-0.025731302652503805,-0.133005197003944
2023-02-24,-0.4903546729653238,-0.0194940891166043,val,SGDPHP_RET,0.020074682368808383,0.0005805932522040848
2023-02-27,-0.7626685493104549,0.1496492796368449,val,SGDPHP_RET,-0.021925530401108874,0.12772374923573604
2023-02-28,1.1552343427971876,0.2553095307374163,val,SGDPHP_RET,0.038137855862557336,0.29344738659997366
2023-03-01,0.0718100050517356,-0.3601150523156172,val,SGDPHP_RET,-0.12047881734089583,-0.480593869656513
2023-03-02,-0.6024006657237995,0.142516028835716,val,SGDPHP_RET,0.04432538166091558,0.1868414104966316
2023-03-03,-0.1837954128700696,0.177402126658578,val,SGDPHP_RET,0.0026256665606319454,0.18002779321920995
2023-03-06,1.1379972732505497,-0.0367869820163036,val,SGDPHP_RET,-0.042628237994014696,-0.0794152200103183
2023-03-07,-0.8208130806465432,-0.2689718166229616,val,SGDPHP_RET,0.17599674475133753,-0.09297507187162407
2023-03-08,-0.3369120134773733,-0.1543747784583118,val,SGDPHP_RET,-0.016321551957248253,-0.17069633041556004
2023-03-09,0.3461444795880096,-0.0162109854530513,val,SGDPHP_RET,-0.052305751171177556,-0.06851673662422886
2023-03-10,-0.3450893665043158,0.0523565924506939,val,SGDPHP_RET,0.019827828809474132,0.07218442126016802
2023-03-13,0.214866996195838,0.1221393589409587,val,SGDPHP_RET,-0.034757405819141045,0.08738195312181765
2023-03-14,0.2063198464184262,0.3614472843637442,val,SGDPHP_RET,0.019801597994134494,0.3812488823578787
2023-03-15,-0.4375134296160831,0.208223025044783,val,SGDPHP_RET,-0.04613981695642934,0.16208320808835364
2023-03-16,-0.1650252562828223,-0.3105607179259061,val,SGDPHP_RET,-0.013402115054971563,-0.3239628329808777
2023-03-17,-0.392677127860895,0.1558051126742027,val,SGDPHP_RET,0.018675748980413936,0.17448086165461663
2023-03-20,0.4772899807867168,0.0999880049709816,val,SGDPHP_RET,-0.016411040353534963,0.08357696461744664
2023-03-21,-0.5405637110405253,0.0380617293313903,val,SGDPHP_RET,0.024121863608594404,0.062183592939984704
2023-03-22,0.0590911655178026,0.185907746786445,val,SGDPHP_RET,-0.01578706273277559,0.17012068405366942
2023-03-23,0.7865002250256458,0.1680277450342107,val,SGDPHP_RET,-0.037937282694834595,0.1300904623393761
2023-03-24,0.0207353746983537,-0.1976050578988013,val,SGDPHP_RET,0.086091130953913,-0.1115139269448883
2023-03-27,-0.3051043858587614,0.1381099689371674,val,SGDPHP_RET,0.011534999572985158,0.14964496851015255
2023-03-28,-0.2995723521729523,0.0994896472802602,val,SGDPHP_RET,-0.025963533033909164,0.07352611424635104
2023-03-29,0.6195767844167893,0.1462092942539485,val,SGDPHP_RET,-0.03441516223434529,0.1117941320196032
2023-03-30,-0.1727794962535332,-0.2367630976160738,val,SGDPHP_RET,0.061844202959546436,-0.17491889465652738
2023-03-31,0.167859506715832,0.097950430241577,val,SGDPHP_RET,0.017617123886500486,0.11556755412807748
2023-04-03,-0.5082692903043933,-0.0381402846040604,val,SGDPHP_RET,0.018248977047587125,-0.019891307556473278
2023-04-04,1.0358454581964986,0.2994984618172438,val,SGDPHP_RET,-0.022017674230450666,0.2774807875867932
2023-04-05,-0.4188474184288949,-0.1607172222317054,val,SGDPHP_RET,0.0135717023954245,-0.1471455198362809
2023-04-06,0.2165791416105613,0.0893614783209571,val,SGDPHP_RET,-0.05797137022076185,0.031390108100195255
2023-04-07,-0.2088962125888866,-0.0239516764326626,val,SGDPHP_RET,0.01970942471205033,-0.004242251720612267
2023-04-10,0.208813475764334,0.0494570559367004,val,SGDPHP_RET,-0.052750372001903426,-0.003293316065203028
2023-04-11,0.089728964219694,-0.2709635487676785,val,SGDPHP_RET,0.017560735865390264,-0.2534028129022882
2023-04-12,0.537325085536129,0.0060184686166149,val,SGDPHP_RET,0.01939039327919524,0.02540886189581014
2023-04-13,0.664214620233171,0.0173605222979801,val,SGDPHP_RET,0.08258507973806839,0.09994560203604849
2023-04-14,0.5702715829166073,-0.0427652110723511,val,SGDPHP_RET,0.07669562694866117,0.033930415876310065
2023-04-17,-0.5742192561686477,-0.1470424529174299,val,SGDPHP_RET,0.0872517798301418,-0.059790673087288096
2023-04-18,1.0736275682473009,-0.0267509354671981,val,SGDPHP_RET,-0.028791694184500456,-0.05554262965169855
2023-04-19,0.5128844671923061,-0.2522499304418981,val,SGDPHP_RET,0.040211392479097476,-0.21203853796280062
2023-04-20,-0.1039947739197421,-0.1957487410187629,val,SGDPHP_RET,-0.014119314597645606,-0.2098680556164085
2023-04-21,-0.4172097958086593,-0.0324903636005245,val,SGDPHP_RET,0.019763196018548385,-0.012727167581976114
2023-04-24,-0.2260669983656626,0.18660578493984,val,SGDPHP_RET,-0.03749641885465072,0.1491093660851893
2023-04-25,-0.3568036742081025,0.1154797261609174,val,SGDPHP_RET,-0.031604439097960645,0.08387528706295674
2023-04-26,-0.7743800656144524,-0.0418708420293046,val,SGDPHP_RET,-0.021748669060111598,-0.0636195110894162
2023-04-27,0.4782189851390458,0.3032152797170082,val,SGDPHP_RET,-0.0003734978948423076,0.30284178182216587
2023-04-28,0.088462508287441,-0.1588158455246056,val,SGDPHP_RET,0.0160556477807891,-0.14276019774381649
2023-05-01,-0.2528169070257907,-0.0160984270163804,val,SGDPHP_RET,0.009250639812626454,-0.006847787203753945
2023-05-02,-0.0557186557788452,-0.1363569411688798,val,SGDPHP_RET,-0.05812200368227288,-0.1944789448511527
2023-05-03,0.0097489751974811,-0.032795022732143,val,SGDPHP_RET,0.019150933401660106,-0.013644089330482893
2023-05-04,0.1347570735913745,0.2075633854430347,val,SGDPHP_RET,0.014530096939373908,0.2220934823824086
2023-05-05,0.2476575568697009,0.0186112327194694,val,SGDPHP_RET,-0.01924156448557653,-0.0006303317661071305
2023-05-08,-0.0059622887735026,-0.0381009625808828,val,SGDPHP_RET,0.010563279958279022,-0.027537682622603782
2023-05-09,0.3086906489765781,-0.0308270228841956,val,SGDPHP_RET,0.012585601206396322,-0.01824142167779928
2023-05-10,0.4585521181627667,-0.1714580734957577,val,SGDPHP_RET,0.014564459134152651,-0.15689361436160504
2023-05-11,-0.0288266149900239,-0.1622766217646926,val,SGDPHP_RET,0.08294933010571572,-0.07932729165897688
2023-05-12,-0.1160762877336803,-0.1633300462282523,val,SGDPHP_RET,0.019423146362661896,-0.1439068998655904
2023-05-15,-0.5629637779475419,0.0067340781203529,val,SGDPHP_RET,0.015315346547406267,0.022049424667759165
2023-05-16,0.5618653041278263,0.2335335496922988,val,SGDPHP_RET,-0.01594281750061965,0.21759073219167915
2023-05-17,-0.0634149352423143,-0.2573591761581806,val,SGDPHP_RET,0.012586137657429797,-0.2447730385007508
2023-05-18,-0.4730840611765149,-0.1303710438078784,val,SGDPHP_RET,0.01405507885841273,-0.11631596494946567
2023-05-19,-0.8009680498833771,-0.1343394858018477,val,SGDPHP_RET,-0.04653374570379045,-0.18087323150563817
2023-05-22,-0.0468833958745667,0.1355474119894956,val,SGDPHP_RET,-0.01155775668294543,0.12398965530655018
2023-05-23,-0.2481638267101374,0.1145315871622718,val,SGDPHP_RET,-0.05228571474041761,0.062245872421854184
2023-05-24,0.4036438031042591,-0.0471363578642486,val,SGDPHP_RET,-0.042303804698459464,-0.08944016256270806
2023-05-25,-0.3807845184045773,-0.2579814711946158,val,SGDPHP_RET,0.05228237030253961,-0.20569910089207616
2023-05-26,0.2486606260833749,0.0111442805417706,val,SGDPHP_RET,-0.03665406468511041,-0.025509784143339813
2023-05-29,-0.1580133619094532,-0.1383127472165817,val,SGDPHP_RET,0.009891473184382802,-0.1284212740321989
2023-05-30,0.2990684842520689,0.0309762014995075,val,SGDPHP_RET,-0.0009609586034422609,0.03001524289606524
2023-05-31,0.6363985406476498,-0.0895426720728007,val,SGDPHP_RET,0.008483996279407553,-0.08105867579339315
2023-06-01,-0.0537177584559533,-0.212581914107593,val,SGDPHP_RET,0.023014100554129252,-0.18956781355346375
2023-06-02,-0.1557195565033124,0.2102443373552787,val,SGDPHP_RET,0.01760443593124252,0.22784877328652123
2023-06-05,-0.3837392762170568,0.1058831040504484,val,SGDPHP_RET,-0.04159341998017971,0.0642896840702687
2023-06-06,0.1219940704577263,0.1054782011195824,val,SGDPHP_RET,-0.019842033310077712,0.08563616780950468
2023-06-07,0.2546630880813851,-0.0625900569760953,val,SGDPHP_RET,0.009143320289327813,-0.05344673668676749
2023-06-08,0.0076334811718264,-0.1420355482478962,val,SGDPHP_RET,0.011018992557779899,-0.13101655569011628
2023-06-09,0.3159817387755247,0.1553825357100087,val,SGDPHP_RET,0.018368381896903516,0.17375091760691222
2023-06-12,-0.052917597507567,-0.0466142740663603,val,SGDPHP_RET,0.01744925939364967,-0.029165014672710633
2023-06-13,-0.0056394269761693,-0.0755021454112975,val,SGDPHP_RET,0.0030861531750171964,-0.07241599223628031
2023-06-14,-0.2140062535086467,0.0476381513972438,val,SGDPHP_RET,0.01824440504824225,0.06588255644548605
2023-06-15,0.1711388167370458,0.1041432431032496,val,SGDPHP_RET,-0.057820067204365076,0.046323175898884524
2023-06-16,0.0347583712191687,0.1835145446383678,val,SGDPHP_RET,0.017950267965428358,0.20146481260379617
2023-06-19,-0.1804853548747453,0.0628484908255729,val,SGDPHP_RET,-0.044439097233058715,0.01840939359251418
2023-06-20,-0.2320726864396311,0.0221823856561707,val,SGDPHP_RET,-0.058220014627132166,-0.036037628970961466
2023-06-21,-0.4854525810145384,-0.0728366667944143,val,SGDPHP_RET,-0.058097777507987246,-0.13093444430240156
2023-06-22,0.3120990573262605,0.3056790676425732,val,SGDPHP_RET,-0.03161587457767076,0.27406319306490246
2023-06-23,-0.437607014273106,-0.2029042450576555,val,SGDPHP_RET,0.006604951022914089,-0.19629929403474142
2023-06-26,-0.1450290203490717,0.0979203346988337,val,SGDPHP_RET,-0.05806589377572294,0.03985444092311076
2023-06-27,-0.2560726882048333,0.0246594609080456,val,SGDPHP_RET,-0.05821790966852776,-0.033558448760482154
2023-06-28,-0.691178982766126,0.0167693366586456,val,SGDPHP_RET,-0.056417044286650016,-0.03964770762800442
2023-06-29,0.0131001173752175,0.1424861354737019,val,SGDPHP_RET,-0.0055235651814571456,0.13696257029224476
2023-06-30,0.0359546230544607,-0.1788806969539918,val,SGDPHP_RET,-0.03874503801146146,-0.21762573496545326
2023-07-03,-0.0462443648634145,-0.0164369857459684,val,SGDPHP_RET,0.011876732003007142,-0.004560253742961257
2023-07-04,0.1215712904744915,0.0020099711471045,val,SGDPHP_RET,-0.00421212235599821,-0.0022021512088937095
2023-07-05,0.1365419957986502,-0.0588139336199498,val,SGDPHP_RET,0.01995773967481666,-0.038856193945133136
2023-07-06,0.0426966268271569,-0.0675334296511038,val,SGDPHP_RET,0.013903802406776123,-0.05362962724432768
2023-07-07,0.3679821284974126,-0.0207671098877456,val,SGDPHP_RET,0.020093086451744124,-0.0006740234360014773
2023-07-10,0.2935746226241768,-0.0858304374381255,val,SGDPHP_RET,0.0278259243626715,-0.058004513075454005
2023-07-11,0.1556787444630628,0.1213809789812432,val,SGDPHP_RET,0.02477649259028759,0.14615747157153078
2023-07-12,-0.2116050486073165,0.0138051776810176,val,SGDPHP_RET,0.013012518460791756,0.026817696141809358
2023-07-13,-0.5528382393756393,0.4304502349567452,val,SGDPHP_RET,-0.05764702203520442,0.3728032129215408
2023-07-14,0.2033710733907728,0.4519840295410355,val,SGDPHP_RET,0.023111465852164233,0.47509549539319973
2023-07-17,0.0816996161737002,-0.0557795716717787,val,SGDPHP_RET,-0.058204570492887714,-0.11398414216466642
2023-07-18,0.0280660729554263,0.0065818972179959,val,SGDPHP_RET,0.019200766899903722,0.02578266411789962
2023-07-19,-0.1088545301581706,-0.0756489841628842,val,SGDPHP_RET,0.010303941247961322,-0.06534504291492288
2023-07-20,0.3334661576944804,-0.0925622722456383,val,SGDPHP_RET,-0.005338148235697148,-0.09790042048133545
2023-07-21,-0.0506101205083994,-0.4237102146919578,val,SGDPHP_RET,0.04189479528984229,-0.3818154194021155
2023-07-24,-0.2358286690881094,0.1359901795036883,val,SGDPHP_RET,0.022850317367785276,0.15884049687147359
2023-07-25,-0.485966102425447,-0.0370425453862367,val,SGDPHP_RET,-0.040315107423076285,-0.07735765280931298
2023-07-26,0.3756888124703807,0.1319867097980187,val,SGDPHP_RET,-0.0250386080458911,0.10694810175212759
2023-07-27,0.0428947607289873,0.1050249022096142,val,SGDPHP_RET,0.009467157560820401,0.11449205977043461
2023-07-28,0.1983257237916016,-0.2106406535869921,val,SGDPHP_RET,-0.015402641538084556,-0.22604329512507665
2023-07-31,0.1919766676701148,-0.0295307116423564,val,SGDPHP_RET,0.03513020607617486,0.005599494433818464
2023-08-01,-0.2217752607903247,-0.030733473673107,val,SGDPHP_RET,0.011235366593114164,-0.01949810707999284
2023-08-02,-0.0758381517756589,-0.0955284357297205,val,SGDPHP_RET,-0.05380201273351565,-0.14933044846323615
2023-08-03,0.312800329125824,-0.1958991298617136,val,SGDPHP_RET,0.009891811929232377,-0.1860073179324812
2023-08-04,0.7878734482211259,-0.1335540649188899,val,SGDPHP_RET,0.07554689162645213,-0.05800717329243778
2023-08-07,-1.0199964786702784,-0.1376524660243882,val,SGDPHP_RET,-0.12512568850808647,-0.26277815453247466
2023-08-08,1.865497210926181,0.3762746426818341,val,SGDPHP_RET,0.03660077439829012,0.4128754170801242
2023-08-09,-0.3954213763811767,-0.8389464173037153,val,SGDPHP_RET,0.3691133756978859,-0.46983304160582945
2023-08-10,0.1377405366370095,0.0647259177572776,val,SGDPHP_RET,0.049198158373394245,0.11392407613067185
2023-08-11,-0.4914686722530104,-0.0089375643308088,val,SGDPHP_RET,0.018541971351109826,0.009604407020301025
2023-08-14,0.4624693784000746,0.1072859548142927,val,SGDPHP_RET,-0.020566442150071033,0.08671951266422168
2023-08-15,0.3216259624728701,-0.1368041586850023,val,SGDPHP_RET,0.018001006112170922,-0.11880315257283136
2023-08-16,-0.2005253227715535,-0.2727972715663108,val,SGDPHP_RET,0.05554151227243118,-0.2172557592938796
2023-08-17,-0.5556285179671007,-0.0851349305764747,val,SGDPHP_RET,0.018474282577176225,-0.06666064799929847
2023-08-18,0.3211546887343097,0.1595228210126654,val,SGDPHP_RET,-0.021971652066363707,0.1375511689463017
2023-08-21,-0.9130987622790252,-0.0428851754282276,val,SGDPHP_RET,0.017355409850499454,-0.025529765577728143
2023-08-22,0.1523928982769417,0.3139408746763045,val,SGDPHP_RET,0.03492583745929228,0.3488667121355968
2023-08-23,-0.226752180339349,0.090866857974625,val,SGDPHP_RET,-0.047757242090626914,0.04310961588399809
2023-08-24,0.924227464080274,-0.048408963607352,val,SGDPHP_RET,-0.05131314438646373,-0.09972210799381573
2023-08-25,-0.0064780952355074,-0.1796455976839557,val,SGDPHP_RET,-0.11460730795417211,-0.2942529056381278
2023-08-28,0.0578879015165783,-0.2562513400503964,val,SGDPHP_RET,0.016242029227684005,-0.2400093108227124
2023-08-29,0.2251237990587617,-0.0526814898928825,val,SGDPHP_RET,0.01064813252103861,-0.042033357371843896
2023-08-30,0.3518017193260444,0.0362146351071969,val,SGDPHP_RET,0.008459294410264176,0.044673929517461075
2023-08-31,0.1372618814865074,-0.0216587652732038,val,SGDPHP_RET,0.010816798720269824,-0.010841966552933976
2023-09-01,-0.3006815970284978,-0.0864391292759647,val,SGDPHP_RET,0.01759943435000172,-0.06883969492596298
2023-09-04,-0.4179868021583617,0.1849706758398045,val,SGDPHP_RET,-0.05679289078374072,0.12817778505606378
2023-09-05,-0.00016365692107332,0.3657204316222861,val,SGDPHP_RET,-0.015309380990790836,0.3504110506314953
2023-09-06,0.2671598671342017,-0.4552507116478351,val,SGDPHP_RET,-0.041610799624990286,-0.4968615112728254
2023-09-07,-0.323854767712678,-0.1753508738078612,val,SGDPHP_RET,0.02612472722445022,-0.149226146583411
2023-09-08,-0.529373038220477,0.0582563201753669,val,SGDPHP_RET,-0.044369872381712784,0.013886447793654118
2023-09-11,0.1108511896225346,0.1538731733318236,val,SGDPHP_RET,-0.015629548331158816,0.13824362500066478
2023-09-12,0.2632008526948598,0.2996653065433186,val,SGDPHP_RET,-0.008669831236669685,0.2909954753066489
2023-09-13,-0.1278172695741313,-0.2279791815452398,val,SGDPHP_RET,-0.006431902962663988,-0.2344110845079038
2023-09-14,-0.0226241399238836,0.0410345123808784,val,SGDPHP_RET,0.02001625761492468,0.061050769995803084
2023-09-15,-0.0469208255296747,-0.1362336622636092,val,SGDPHP_RET,-0.01595040124432067,-0.15218406350792987
2023-09-18,0.3415405523267012,0.0137183288688934,val,SGDPHP_RET,0.019656257936913345,0.033374586805806745
2023-09-19,-0.5109975557167811,-0.0916694186753423,val,SGDPHP_RET,0.012505518897672367,-0.07916389977766994
2023-09-20,0.1760788831119549,0.1688477692489831,val,SGDPHP_RET,-0.030287042061455417,0.13856072718752768
2023-09-21,-0.1180200427922296,-0.0545524003260379,val,SGDPHP_RET,0.006817502375437132,-0.04773489795060076
2023-09-22,0.0100546954107324,-0.0428069103604186,val,SGDPHP_RET,-0.015881903828473595,-0.0586888141888922
2023-09-25,0.1334037594564021,-0.0201546572080978,val,SGDPHP_RET,0.01617201421527243,-0.003982642992825369
2023-09-26,0.0383164133676758,-0.1778367658942346,val,SGDPHP_RET,0.018057957081677106,-0.15977880881255752
2023-09-27,0.4467863315385023,-0.1660547640335041,val,SGDPHP_RET,0.011747086993441194,-0.15430767704006293
2023-09-28,-0.7318628025126325,-0.283667370147233,val,SGDPHP_RET,0.08728978064247572,-0.19637758950475726
2023-09-29,-0.0760847960812697,0.3220922575410506,val,SGDPHP_RET,-0.025154035706862046,0.29693822183418855
2023-10-02,0.0347227593751205,0.0915110861074061,val,SGDPHP_RET,-0.0346023858187197,0.0569087002886864
2023-10-03,-0.3447461726802824,0.0964950019382991,val,SGDPHP_RET,-0.013496370947661653,0.08299863099063745
2023-10-04,0.1089241489794378,0.0538056152656535,val,SGDPHP_RET,-0.026293610836471,0.0275120044291825
2023-10-05,-0.2694307570951689,-0.0129061818342846,val,SGDPHP_RET,0.01649261612030155,0.003586434286016951
2023-10-06,0.3608544466362793,0.2434399918890651,val,SGDPHP_RET,-0.05802893153418822,0.18541106035487687
2023-10-09,0.1867263951991737,-0.0898818131028454,val,SGDPHP_RET,0.020005669267151947,-0.06987614383569346
2023-10-10,0.4921671813773183,-0.2854198711463648,val,SGDPHP_RET,0.008449668791169,-0.2769702023551958
2023-10-11,-0.0794518602861688,-0.0556570606340436,val,SGDPHP_RET,-0.026470378733753432,-0.08212743936779703
2023-10-12,-0.4323282085438633,-0.02206546084647,val,SGDPHP_RET,-0.00225929383783708,-0.02432475468430708
2023-10-13,-0.0686829098947369,-0.0809413154991459,val,SGDPHP_RET,-0.03209154600973322,-0.11303286150887912
2023-10-16,0.0782193421138422,0.0447657874735813,val,SGDPHP_RET,0.008101671128364709,0.05286745860194601
2023-10-17,-0.2728385660009323,0.4030313501145231,val,SGDPHP_RET,0.012847038867287257,0.4158783889818104
2023-10-18,0.0092550212077574,-0.276031096680064,val,SGDPHP_RET,-0.01049550033126037,-0.2865265970113243
2023-10-19,0.0270655774388786,-0.0639712872644593,val,SGDPHP_RET,0.00860416934220372,-0.055367117922255585
2023-10-20,-0.1046209077482822,0.1212494445596014,val,SGDPHP_RET,0.019733366829292612,0.140982811388894
2023-10-23,0.0050981070791855,0.0232967424898074,val,SGDPHP_RET,-0.05767398649994072,-0.03437724401013331
2023-10-24,0.2503411538769489,0.1581203827328356,val,SGDPHP_RET,-0.0004914642684170304,0.15762891846441857
2023-10-25,-0.0486311834366153,-0.24707211791185,val,SGDPHP_RET,0.019781908198472534,-0.22729020971337746
2023-10-26,-0.174382624245578,-0.0368833476686079,val,SGDPHP_RET,0.01357398699362782,-0.02330936067498008
2023-10-27,0.4760568086166071,0.0307336097648876,val,SGDPHP_RET,-0.04121926234425604,-0.01048565257936844
2023-10-30,-0.1088347751587142,-0.1521900110363871,val,SGDPHP_RET,0.04996094620633114,-0.10222906483005596
2023-10-31,0.0885527133067757,0.4850305675231849,val,SGDPHP_RET,0.01466960911715395,0.49970017664033883
2023-11-01,-0.1765581789243505,-0.4881339543315948,val,SGDPHP_RET,-0.03496314638812735,-0.5230971007197222
2023-11-02,-0.0279666063921897,-0.0715542734366153,val,SGDPHP_RET,0.010365493109486637,-0.06118878032712866
2023-11-03,-0.1802932545640455,0.227915118350079,val,SGDPHP_RET,0.01470925575110479,0.2426243741011838
2023-11-06,-0.5975835279253287,0.0522725833378832,val,SGDPHP_RET,-0.03251065474444149,0.01976192859344171
2023-11-07,0.2925068173282985,0.1725741142667385,val,SGDPHP_RET,-0.01309563206103199,0.1594784822057065
2023-11-08,0.0699936653384365,-0.2395448340704445,val,SGDPHP_RET,0.019948460241024858,-0.21959637382941963
2023-11-09,-0.4293522151627208,-0.0884883762309117,val,SGDPHP_RET,0.01015536441544234,-0.07833301181546937
2023-11-10,0.00061265480221102,0.0129301679582169,val,SGDPHP_RET,-0.04691058810163698,-0.03398042014342008
2023-11-13,-0.0377344421161905,-0.0112160336760757,val,SGDPHP_RET,0.0013096075029330446,-0.009906426173142654
2023-11-14,-0.0854117755465902,0.3079435415146611,val,SGDPHP_RET,-0.0031373665286594556,0.3048061749860016
2023-11-15,0.1604132244246166,0.1774015768941847,val,SGDPHP_RET,-0.03563011930862683,0.14177145758555787
2023-11-16,0.3623253079712519,-0.0751153067441829,val,SGDPHP_RET,-0.00011590363284492397,-0.07523121037702783
2023-11-17,0.020443236274331,-0.1554839798420855,val,SGDPHP_RET,0.046629955431396544,-0.10885402441068896
2023-11-20,-0.1592055101703612,0.0305952558938768,val,SGDPHP_RET,0.015961151455288782,0.04655640734916558
2023-11-21,-0.0368252179602283,0.2424726500496546,val,SGDPHP_RET,-0.05359670768571018,0.18887594236394442
2023-11-22,0.2869327833649707,0.098241049540772,val,SGDPHP_RET,-0.0565551030742993,0.041685946466472695
2023-11-23,-0.2588054174896574,-0.0072823881169443,val,SGDPHP_RET,0.014617968601086637,0.007335580484142338
2023-11-24,-0.0876313609613821,-0.0999319882666417,val,SGDPHP_RET,-0.05816102749326384,-0.15809301575990553
2023-11-27,0.5542168031196739,0.1576969536312889,val,SGDPHP_RET,0.008112210342775419,0.16580916397406434
2023-11-28,-0.0021365152541955,-0.1290960535870038,val,SGDPHP_RET,0.03052666731478052,-0.09856938627222328
2023-11-29,-0.4668095012809768,0.028169179074544,val,SGDPHP_RET,0.01971969972856426,0.047888878803108256
2023-11-30,0.5042844198792709,0.3700046556746197,val,SGDPHP_RET,-0.019344814256281193,0.3506598414183385
2023-12-01,0.2076957877071609,-0.3379345211171466,val,SGDPHP_RET,0.01937966904197029,-0.3185548520751763
2023-12-04,-0.1492554995866701,-0.0832270974631769,val,SGDPHP_RET,0.08601565424364943,0.0027885567804725314
2023-12-05,-0.2225026004434256,0.0107829225510854,val,SGDPHP_RET,-0.016801194623191226,-0.006018272072105826
2023-12-06,-0.5755320262564461,-0.2298197915385628,val,SGDPHP_RET,-0.05801905403366129,-0.2878388455722241
2023-12-07,0.149280895810611,0.1321075645209692,val,SGDPHP_RET,-0.04591611316458376,0.08619145135638544
2023-12-08,0.3687943261040362,0.1397312056533377,val,SGDPHP_RET,0.009300339635633226,0.14903154528897092
2023-12-11,-0.1478713873883117,0.0023392696094491,val,SGDPHP_RET,0.010561854783535595,0.012901124392984695
2023-12-12,0.1423078561091934,0.0499704279787464,val,SGDPHP_RET,-0.044835453586904064,0.005134974391842337
2023-12-13,0.1654113949740734,-0.1874756468514627,val,SGDPHP_RET,0.019786497773370527,-0.16768914907809218
2023-12-14,0.5413690296324536,0.2579286384555349,val,SGDPHP_RET,0.017449298952839056,0.2753779374083739
2023-12-15,0.6511714343040922,0.0817876353782875,val,SGDPHP_RET,0.008554608136207743,0.09034224351449524
2023-12-18,-0.2230615502612947,0.0221421885604183,val,SGDPHP_RET,0.08951081788201082,0.11165300644242912
2023-12-19,-0.0646943005102311,0.0862485696571712,val,SGDPHP_RET,-0.05822397835669518,0.02802459130047602
2023-12-20,0.1731627878304008,-0.0748330501626493,val,SGDPHP_RET,-0.04503319768724406,-0.11986624784989336
2023-12-21,-0.2042368732596593,-0.0185118296880965,val,SGDPHP_RET,0.009209903170983,-0.0093019265171135
2023-12-22,-0.2573662529128498,0.1317355827435107,val,SGDPHP_RET,-0.052890980794002625,0.07884460194950807
2023-12-25,0.2976007810422903,0.1195329707920717,val,SGDPHP_RET,-0.036545915976141756,0.08298705481592994
2023-12-26,0.0807189587861771,0.0028384545041091,val,SGDPHP_RET,0.01574034635741844,0.01857880086152754
2023-12-27,-0.0070792860054964,-0.0501341463781972,val,SGDPHP_RET,0.018948641775579034,-0.031185504602618166
2023-12-28,0.6741870543346676,0.1052078586594971,val,SGDPHP_RET,0.014618158083209118,0.11982601674270621
2023-12-29,-0.4395755655206229,-0.2759079167790094,val,SGDPHP_RET,0.08947675466530028,-0.1864311621137091
2024-01-01,-0.0599684123357437,0.1954947513650814,val,SGDPHP_RET,-0.04826901710965056,0.14722573425543084
2024-01-02,0.2297451656571547,0.11274657321693,val,SGDPHP_RET,-0.05806296158347767,0.05468361163345233
2024-01-03,-0.216736953275602,-0.3661953806078359,val,SGDPHP_RET,0.020013816940930684,-0.3461815636669052
2024-01-04,0.043334333143395,-0.0077506293275835,val,SGDPHP_RET,0.018384619668187094,0.010633990340603593
2024-01-05,-0.3450510794652804,-0.1257074289044656,val,SGDPHP_RET,0.01590986492333619,-0.1097975639811294
2024-01-08,-0.0695393089219796,0.0333345429366083,val,SGDPHP_RET,-0.05723063914423918,-0.023896096207630883
2024-01-09,0.3493485192614265,0.1072795258947183,val,SGDPHP_RET,-0.029955892588405912,0.0773236333063124
2024-01-10,0.6143430342938144,-0.1801771014557111,val,SGDPHP_RET,0.00957324368046056,-0.17060385777525053
2024-01-11,-0.0893853256558374,-0.1113227438814053,val,SGDPHP_RET,-0.04322128903291492,-0.15454403291432023
2024-01-12,-0.0558611592466843,-0.1764881555592274,val,SGDPHP_RET,0.010406816242867354,-0.16608133931636004
2024-01-15,-0.4728907615743428,0.18824893031434,val,SGDPHP_RET,0.019930338954450576,0.20817926926879057
2024-01-16,-0.2481088769342436,0.1456663971263616,val,SGDPHP_RET,-0.012114584877915453,0.13355181224844614
2024-01-17,-0.3237397696731633,-0.1516756033928195,val,SGDPHP_RET,-0.03554013307821876,-0.18721573647103826
2024-01-18,-0.1362097392001473,0.0460023726903051,val,SGDPHP_RET,-0.050183184780063006,-0.0041808120897579085
2024-01-19,-0.3164533942118465,0.0370802780966474,val,SGDPHP_RET,-0.052244441613742434,-0.015164163517095035
2024-01-22,0.5359941955025923,0.0901551219210192,val,SGDPHP_RET,-0.044273111144649546,0.04588201077636965
2024-01-23,0.6963393062420349,-0.2062940249845332,val,SGDPHP_RET,0.050180026261989516,-0.15611399872254367
2024-01-24,0.0315465187807096,-0.4937692136953441,val,SGDPHP_RET,-0.121335660358084,-0.6151048740534281
2024-01-25,-0.1057798565026781,0.3079693847774966,val,SGDPHP_RET,0.0808966351801838,0.3888660199576804
2024-01-26,0.52700428300888,-0.0242015305730691,val,SGDPHP_RET,-0.03138852915997115,-0.05559005973304025
2024-01-29,-0.6288618262566186,-0.1583376436277422,val,SGDPHP_RET,0.08709689372035571,-0.07124074990738648
2024-01-30,0.3590478628192802,0.1505980408480501,val,SGDPHP_RET,-0.021967799189048638,0.12863024165900144
2024-01-31,-0.0197632668845554,-0.0190579391711402,val,SGDPHP_RET,0.012521981718395336,-0.006535957452744863
2024-02-01,-0.4458417205023104,-0.00013671839499528743,val,SGDPHP_RET,0.004676083191406388,0.004539364796411101
2024-02-02,-0.0120084444436143,0.1993933466456753,val,SGDPHP_RET,-0.02555446692865105,0.17383887971702425
2024-02-05,-0.09636041782728,0.0361663044385541,val,SGDPHP_RET,-0.056514467068438275,-0.020348162629884176
2024-02-06,-0.0251369187817997,-0.2193777493676819,val,SGDPHP_RET,-0.039716990249998675,-0.2590947396176806
2024-02-07,-0.0587623311260273,0.0806572942636301,val,SGDPHP_RET,0.014023285713631175,0.09468057997726127
2024-02-08,-0.2807390579975974,0.0615954023778118,val,SGDPHP_RET,-0.04178683374271765,0.019808568635094156
2024-02-09,-0.235338052257836,0.049079887663095,val,SGDPHP_RET,-0.0466111463438086,0.0024687413192863994
2024-02-12,-0.0505850044873158,0.0352998593169928,val,SGDPHP_RET,-0.05603925580086687,-0.020739396483874066
2024-02-13,0.0706026462371938,-0.141429408732027,val,SGDPHP_RET,-0.02394829137267709,-0.1653777001047041
2024-02-14,-0.2297158896907332,-0.2663997408814462,val,SGDPHP_RET,0.012156746105429625,-0.2542429947760166
2024-02-15,0.2606176400554874,0.0892344089833328,val,SGDPHP_RET,0.013470134360411693,0.1027045433437445
2024-02-16,-0.2210661448724435,0.0443914425337492,val,SGDPHP_RET,0.016421064040407832,0.06081250657415703
2024-02-19,0.2701172591333288,0.1268569030545769,val,SGDPHP_RET,-0.05761714467055085,0.06923975838402605
2024-02-20,-0.0064214174399535,0.0575729423932182,val,SGDPHP_RET,0.01883431102436381,0.076407253417582
2024-02-21,-0.0694107778048543,-0.1566116094105134,val,SGDPHP_RET,-0.01607081886100098,-0.1726824282715144
2024-02-22,-0.0697955870954941,0.0381336736853294,val,SGDPHP_RET,0.019551344307013135,0.05768501799234253
2024-02-23,0.0177009694426137,0.0268839117810124,val,SGDPHP_RET,-0.03169932718483816,-0.0048154154038257575
2024-02-26,0.1096278831039202,-0.0355632396483706,val,SGDPHP_RET,0.0022440914896003977,-0.0333191481587702
2024-02-27,0.2224269006351655,0.0170354840296969,val,SGDPHP_RET,0.0187002449934598,0.0357357290231567
2024-02-28,0.0999322937437701,-0.0453075683792237,val,SGDPHP_RET,0.012839311746440155,-0.03246825663278355
2024-02-29,0.0959069246883467,-0.0785826095646968,val,SGDPHP_RET,0.01869678836298057,-0.05988582120171623
2024-03-01,-0.0788878464246076,-0.1025086838579688,val,SGDPHP_RET,0.016108045119950537,-0.08640063873801826
2024-03-04,-0.1194652775622225,0.0793526298173772,val,SGDPHP_RET,0.010784453696464807,0.090137083513842
2024-03-05,-0.0430116210439226,-0.0037998750852396,val,SGDPHP_RET,-0.054985049443783296,-0.0587849245290229
2024-03-06,-0.0312876254731145,0.0138728582036736,val,SGDPHP_RET,-0.007363762225718909,0.0065090959779546915
2024-03-07,0.1138549405845551,0.1611232079967812,val,SGDPHP_RET,-0.009409276059244324,0.15171393193753688
2024-03-08,0.2186637607551774,0.1436998605952298,val,SGDPHP_RET,-0.010142250292204955,0.13355761030302485
2024-03-11,-0.1108495976104648,-0.0324985938037791,val,SGDPHP_RET,0.01871254062899203,-0.01378605317478707
2024-03-12,-0.4119404627752983,0.0922022657489273,val,SGDPHP_RET,-0.02124014256323181,0.07096212318569549
2024-03-13,0.10580404034617,0.1065350202036616,val,SGDPHP_RET,-0.018590949218744733,0.08794407098491686
2024-03-14,-0.1395195866116139,-0.0360719364360193,val,SGDPHP_RET,0.00466894357815036,-0.03140299285786894
2024-03-15,-0.0668234666167347,-0.1058759590262325,val,SGDPHP_RET,-0.0301550356904356,-0.1360309947166681
2024-03-18,0.0051018706849328,-0.0070829506288885,val,SGDPHP_RET,0.013909558521677861,0.006826607892789362
2024-03-19,0.0721620797921731,-0.069763596426073,val,SGDPHP_RET,0.008083293398646784,-0.061680303027426206
2024-03-20,0.0881054106790064,-0.083923912326406,val,SGDPHP_RET,0.018923654244213894,-0.0650002580821921
2024-03-21,0.6054771803447987,0.000754928714922198,val,SGDPHP_RET,0.01635648277386015,0.017111411488782348
2024-03-22,-0.4421956067390787,-0.3934554624948833,val,SGDPHP_RET,0.0886365885759487,-0.3048188739189346
2024-03-25,0.0643218217540973,0.1092494203696222,val,SGDPHP_RET,-0.01065638092374384,0.09859303944587836
2024-03-26,0.2124624610573453,0.0227541384355023,val,SGDPHP_RET,-0.009328538654602926,0.013425599780899375
2024-03-27,0.0636973887857539,-0.0761905912714556,val,SGDPHP_RET,0.014509157606089236,-0.06168143366536636
2024-03-28,-0.2226374169673898,-0.0614242441289199,val,SGDPHP_RET,0.019054640359556372,-0.04236960376936352
2024-03-29,-0.2238254812515553,0.0209901500554876,val,SGDPHP_RET,-0.04767538237435489,-0.02668523231886729
2024-04-01,0.1215769335782592,0.0835405148012335,val,SGDPHP_RET,-0.05822400998439917,0.025316504816834333
2024-04-02,-0.2763155798902451,-0.1821644838454117,val,SGDPHP_RET,0.013722878017714707,-0.168441605827697
2024-04-03,0.2576374063326496,0.1413333540226893,val,SGDPHP_RET,-0.026894712560053467,0.11443864146263583
2024-04-04,0.3291591667927525,0.1159071621280111,val,SGDPHP_RET,0.020026593645570887,0.135933755773582
2024-04-05,0.522303834597483,-0.0588264774593105,val,SGDPHP_RET,0.012034209233259787,-0.04679226822605072
2024-04-08,-0.311522831894137,-0.1444426896725067,val,SGDPHP_RET,0.09008249475636333,-0.05436019491614337
2024-04-09,-0.0769698372323152,0.1297093649324269,val,SGDPHP_RET,-0.049069040634440675,0.08064032429798623
2024-04-10,0.0654073478572419,0.0156531612348118,val,SGDPHP_RET,-0.05599691194139732,-0.04034375070658552
2024-04-11,-0.2563284344172105,-0.2968263730025424,val,SGDPHP_RET,0.01570787594680006,-0.2811184970557423
2024-04-12,-0.1192792619825279,0.0893187662512673,val,SGDPHP_RET,0.014170399914336492,0.1034891661656038
2024-04-15,-0.2376316960893173,0.026988551146052,val,SGDPHP_RET,-0.05621541702003829,-0.029226865873986287
2024-04-16,0.2492966576453274,0.0977884003608195,val,SGDPHP_RET,-0.05766512145096058,0.040123278909858916
2024-04-17,0.294534629123092,-0.0430969457246045,val,SGDPHP_RET,0.018224044091652097,-0.0248729016329524
2024-04-18,0.4829800148657511,-0.0634261257050771,val,SGDPHP_RET,0.014202945222416398,-0.049223180482660694
2024-04-19,-0.1270972706803889,-0.2429721601392242,val,SGDPHP_RET,0.08617507298027963,-0.15679708715894458
2024-04-22,0.5152887307842002,0.0428293657157994,val,SGDPHP_RET,0.02003396648168076,0.06286333219748017
2024-04-23,0.0332588912708272,-0.1500408080650737,val,SGDPHP_RET,0.06146565376248731,-0.08857515430258639
2024-04-24,-0.1168653517538388,0.0533616666192031,val,SGDPHP_RET,0.015191986423852645,0.06855365304305575
2024-04-25,0.7758406653950765,-0.0530249836788019,val,SGDPHP_RET,-0.04978011766692123,-0.10280510134572313
2024-04-26,-0.1449883508271247,-0.1941358943895328,val,SGDPHP_RET,-0.075364264959656,-0.2695001593491888
2024-04-29,-0.1678305942295651,0.037304529558235,val,SGDPHP_RET,0.015614200606331934,0.05291873016456694
2024-04-30,0.0035850387406295,-0.0415225820870296,val,SGDPHP_RET,-0.05581293708803835,-0.09733551917506794
2024-05-01,-0.0852028313672172,-0.0516967072574009,val,SGDPHP_RET,0.014964938090458856,-0.03673176916694204
2024-05-02,-0.00016775704959854,0.0743160375678707,val,SGDPHP_RET,-0.005438475141464343,0.06887756242640636
2024-05-03,0.1973505130424293,0.2043386491834772,val,SGDPHP_RET,-0.019846297651051222,0.18449235153242596
2024-05-06,-0.3314124664461028,0.004987343537756,val,SGDPHP_RET,0.0028873545647144874,0.007874698102470488
2024-05-07,-0.00072142340706914,0.0530088516007578,val,SGDPHP_RET,-0.047806618517658175,0.005202233083099625
2024-05-08,-0.1797697453709862,-0.0167409784117975,val,SGDPHP_RET,-0.012412052481366833,-0.02915303089316433
2024-05-09,0.2921482161377978,-0.024057813540153,val,SGDPHP_RET,-0.04811595015675672,-0.07217376369690973
2024-05-10,0.0258628077172222,0.016230533766955,val,SGDPHP_RET,0.010890899871696707,0.027121433638651708
2024-05-13,0.1765883041881515,-0.0156026697743232,val,SGDPHP_RET,0.0074380482798930584,-0.008164621494430143
2024-05-14,0.7710458864529932,-0.100896482471775,val,SGDPHP_RET,0.014243072915011918,-0.08665340955676308
2024-05-15,-0.1635891368835106,-0.2346181587829793,val,SGDPHP_RET,-0.1074662388619028,-0.34208439764488213
2024-05-16,0.0402578835194571,0.2385908098170643,val,SGDPHP_RET,0.018357655525956935,0.25694846534302124
2024-05-17,-0.1631027862987108,0.0100415888599705,val,SGDPHP_RET,-0.054916525064470284,-0.04487493620449978
2024-05-20,0.6092602474787803,0.0136538045411886,val,SGDPHP_RET,-0.05041597594221105,-0.03676217140102245
2024-05-21,0.4184967545055004,-0.2822840854856699,val,SGDPHP_RET,0.0896221406770344,-0.19266194480863552
2024-05-22,0.2189283186257855,-0.1693045066907575,val,SGDPHP_RET,0.04395307133257268,-0.12535143535818483
2024-05-23,-0.463908596088199,-0.1319357517146924,val,SGDPHP_RET,0.02765158499320341,-0.10428416672148899
2024-05-24,0.2342746357300541,0.0528940281427307,val,SGDPHP_RET,-0.04867410265778333,0.004219925484947366
2024-05-27,0.101266608744062,-0.0750792655037081,val,SGDPHP_RET,0.015394369900123014,-0.05968489560358508
2024-05-28,-0.0836283685602305,0.0079545230301831,val,SGDPHP_RET,0.015918155968572986,0.023872678998756086
2024-05-29,-0.3340269310528169,0.0962852911301966,val,SGDPHP_RET,-0.02598314903937582,0.07030214209082078
2024-05-30,0.6697299478096659,0.0136959225510006,val,SGDPHP_RET,-0.028213671397385,-0.014517748846384399
2024-05-31,0.18640530085948,-0.1072940397219946,val,SGDPHP_RET,0.07245911364760846,-0.03483492607438614
2024-06-03,0.1633404939875209,-0.0048603859805277,val,SGDPHP_RET,0.008949097159117873,0.004088711178590173
2024-06-04,0.4844988824736215,0.0245176503906476,val,SGDPHP_RET,0.016734731322013502,0.0412523817126611
2024-06-05,0.3352726637651693,-0.0773830208447328,val,SGDPHP_RET,0.05620133711025421,-0.021181683734478582
2024-06-06,-0.3212516640371703,-0.1393127048078229,val,SGDPHP_RET,0.03655305064081179,-0.1027596541670111
2024-06-07,-0.0396204612442079,0.0733270213432959,val,SGDPHP_RET,-0.052192701519412674,0.021134319823883224
2024-06-10,-0.3571073297603997,0.0193022472814568,val,SGDPHP_RET,-0.03340267635520018,-0.01410042907374338
2024-06-11,0.1609773569493159,0.0728903259124976,val,SGDPHP_RET,-0.03931062298913535,0.033579702923362244
2024-06-12,-0.122980072526609,-0.0449000801418277,val,SGDPHP_RET,0.01959677325318899,-0.02530330688863871
2024-06-13,-0.4556644846202503,0.188604977158717,val,SGDPHP_RET,-0.021142503771429916,0.16746247338728706
2024-06-14,0.4540965873080099,0.0285707562329601,val,SGDPHP_RET,-0.013504943399594438,0.01506581283336566
2024-06-17,-0.1550963721173172,-0.1697597037627408,val,SGDPHP_RET,0.04168947851150501,-0.1280702252512358
2024-06-18,-0.0182549066080796,0.1085295231796835,val,SGDPHP_RET,0.008695332736519786,0.1172248559162033
2024-06-19,0.046355713786048,0.0281563842692457,val,SGDPHP_RET,-0.03792710564406538,-0.009770721374819678
2024-06-20,0.2956017412499905,-0.0091619108726544,val,SGDPHP_RET,0.009543297089015123,0.0003813862163607219
2024-06-21,-0.1095138687156921,-0.1717570363989287,val,SGDPHP_RET,0.009712683127828326,-0.16204435327110037
2024-06-24,-0.0512110172529231,-0.0078114205592321,val,SGDPHP_RET,0.01741331795316202,0.009601897393929918
2024-06-25,-0.122722204165954,0.004402455587923,val,SGDPHP_RET,-0.008800079964495215,-0.004397624376572215
2024-06-26,-0.0352035993048925,-0.0028213604458065,val,SGDPHP_RET,-0.03803471406813514,-0.04085607451394164
2024-06-27,0.0129015479503898,-0.1044803171707679,val,SGDPHP_RET,-0.005063938429692494,-0.1095442556004604
2024-06-28,-0.4989585024437554,-0.0335661392134501,val,SGDPHP_RET,0.020006321183532228,-0.013559818029917872
2024-07-01,0.033196056124579,0.1443753449501123,val,SGDPHP_RET,-0.02263402807963886,0.12174131687047346
2024-07-02,0.2184861343385241,-0.0099627128762274,val,SGDPHP_RET,-0.032805838172026945,-0.04276855104825435
2024-07-03,0.1936496523629035,-0.0117683234940974,val,SGDPHP_RET,0.010614198748113257,-0.0011541247459841437
2024-07-04,-0.0140286175293532,-0.04257869123973,val,SGDPHP_RET,0.012836537230158514,-0.02974215400957149
2024-07-05,-0.324747302220479,-0.038264666795828,val,SGDPHP_RET,0.011849324653300934,-0.026415342142527068
2024-07-08,0.4476754502473198,0.1106076295579388,val,SGDPHP_RET,-0.055813436340060335,0.05479419321787847
2024-07-09,-0.1672264187624289,-0.1759727809226963,val,SGDPHP_RET,0.014097086220358147,-0.16187569470233815
2024-07-10,-0.0409576222809272,-0.0045079026899202,val,SGDPHP_RET,0.00721061468010603,0.00270271199018583
2024-07-11,-0.3653595773972836,0.0540235284312586,val,SGDPHP_RET,-0.006426928788238541,0.04759659964302006
2024-07-12,0.4296034154878554,0.1818463857184276,val,SGDPHP_RET,-0.030276341515054934,0.15157004420337267
2024-07-15,0.3551317859984969,0.0048293838023112,val,SGDPHP_RET,0.00922335945902371,0.01405274326133491
2024-07-16,-0.1236161208375624,-0.1504073152164214,val,SGDPHP_RET,0.016847870355818917,-0.13355944486060248
2024-07-17,-0.0947470016773468,0.011263247435598,val,SGDPHP_RET,0.011476403293367906,0.022739650728965905
2024-07-18,0.0635348138532656,0.1541809514948508,val,SGDPHP_RET,-0.03104055649280099,0.12314039500204982
2024-07-19,-0.2515473829464064,-0.0497567435436099,val,SGDPHP_RET,-0.025649707777492262,-0.07540645132110216
2024-07-22,0.2028614433505477,0.0271245929596387,val,SGDPHP_RET,-0.055389639933964376,-0.028265046974325674
2024-07-23,-0.0038545160663311,-0.0268307742442776,val,SGDPHP_RET,0.015980669729437694,-0.010850104514839906
2024-07-24,0.0915211652967566,-0.0629494452789595,val,SGDPHP_RET,0.010640688849743913,-0.05230875642921559
2024-07-25,0.2177278780582384,0.0272228971556212,val,SGDPHP_RET,0.017982360201086824,0.04520525735670802
2024-07-26,0.0869047480048322,0.0841631944187804,val,SGDPHP_RET,0.014423814605951615,0.09858700902473201
2024-07-29,-0.2545408085534359,0.0335989702353155,val,SGDPHP_RET,0.0056228286513691815,0.039221798886684686
2024-07-30,0.4419785596158411,-0.0054443207237956,val,SGDPHP_RET,-0.05562497611886107,-0.061069296842656676
2024-07-31,-0.0301861930856738,-0.1185654805017633,val,SGDPHP_RET,0.05085321012300937,-0.06771227037875394
2024-08-01,-0.0598870359713163,0.202496104160474,val,SGDPHP_RET,0.01961130842976538,0.2221074125902394
2024-08-02,-0.1514570326431544,-0.0006402673451309186,val,SGDPHP_RET,-0.05778388142039578,-0.0584241487655267
2024-08-05,0.3560651167010957,0.000421580911665026,val,SGDPHP_RET,-0.04499922734968862,-0.044577646438023595
2024-08-06,-0.4231157863968294,0.3677619966042857,val,SGDPHP_RET,0.01811350128926583,0.3858754978935515
2024-08-07,0.0111507255319646,0.1289588615102876,val,SGDPHP_RET,0.015286541636025138,0.14424540314631273
2024-08-08,-0.4295770499010925,-0.1345603737094098,val,SGDPHP_RET,-0.03502297881035708,-0.16958335251976686
2024-08-09,-0.5687342443721888,0.0308294242667154,val,SGDPHP_RET,-0.05477645063583198,-0.02394702636911658
2024-08-12,0.3748314259575381,0.1396924380506134,val,SGDPHP_RET,-0.015389415794571384,0.12430302225604202
2024-08-13,-0.0835316917971952,-0.0303495022231709,val,SGDPHP_RET,0.01007008586375113,-0.020279416359419766
2024-08-14,-0.0967574119432354,0.1184522396225746,val,SGDPHP_RET,-0.012218342850709451,0.10623389677186515
2024-08-15,0.0122705741230154,0.0149351471516812,val,SGDPHP_RET,-0.0568820344206485,-0.0419468872689673
2024-08-16,0.1139576407619421,-0.0630852895639638,val,SGDPHP_RET,0.0041268583113270784,-0.058958431252636716
2024-08-19,0.366981304593411,-0.1730932213746362,val,SGDPHP_RET,0.01584636055634418,-0.15724686081829203
2024-08-20,-0.1748500651132843,0.0403646460061928,test,SGDPHP_RET,0.08479235545088869,0.12515700145708147
2024-08-21,-0.4415470760361333,0.2068374623127347,test,SGDPHP_RET,-0.056882493193549336,0.14995496911918538
2024-08-22,-0.3054127453392735,0.3105977590594373,test,SGDPHP_RET,-0.013208155029703888,0.2973896040297334
2024-08-23,0.281341342737985,-0.0306174757711409,test,SGDPHP_RET,-0.014928296676367352,-0.04554577244750825
2024-08-26,0.5789613957767672,-0.1213130796290976,test,SGDPHP_RET,0.010406431583390965,-0.11090664804570663
2024-08-27,-1.0727594254791624,-0.0878519262390561,test,SGDPHP_RET,0.04434246809686899,-0.04350945814218712
2024-08-28,0.6572323576700717,0.3949949122192396,test,SGDPHP_RET,0.02243355266571919,0.41742846488495877
2024-08-29,-0.1419427624357663,-0.3316147913655304,test,SGDPHP_RET,0.008607051470607934,-0.3230077398949225
2024-08-30,-0.1696390231997118,0.0107469270842709,test,SGDPHP_RET,0.014513044264214073,0.025259971348484973
2024-09-02,0.0052183325900265,0.1005812052845862,test,SGDPHP_RET,-0.05189454188163273,0.04868666340295347
2024-09-03,0.3928655383927397,-0.0713020389277606,test,SGDPHP_RET,-0.02732338417444506,-0.09862542310220566
2024-09-04,-0.1144640256541199,-0.2333071696727485,test,SGDPHP_RET,0.05797783159364389,-0.1753293380791046
2024-09-05,0.2616345960537505,0.199266444207044,test,SGDPHP_RET,0.019974861125089737,0.21924130533213373
2024-09-06,-0.6423934612425691,0.0558032110212081,test,SGDPHP_RET,0.017428229803373264,0.07323144082458137
2024-09-09,0.2343474580452375,0.2193141373596648,test,SGDPHP_RET,-0.007249699366101514,0.21206443799356328
2024-09-10,-0.3145751627771924,-0.1230494747302029,test,SGDPHP_RET,0.008785456805196636,-0.11426401792500626
2024-09-11,-0.030243676365413,-0.0184362014818425,test,SGDPHP_RET,-0.05388084469684171,-0.07231704617868422
2024-09-12,-0.1554468282226673,0.0529849799177727,test,SGDPHP_RET,0.0014629014247698273,0.054447881342542526
2024-09-13,0.4942663266900088,0.0924370204280231,test,SGDPHP_RET,-0.0561969332472319,0.0362400871807912
2024-09-16,0.1430942561906593,-0.1057133183317721,test,SGDPHP_RET,0.032451120364849886,-0.07326219796692221
2024-09-17,-0.4293690287536214,0.0795548847011173,test,SGDPHP_RET,0.009164935001555444,0.08871981970267274
2024-09-18,0.0484341751600898,0.0581732127818793,test,SGDPHP_RET,-0.018244401734189838,0.03992881104768946
2024-09-19,-0.1275407070986219,0.022468988096353,test,SGDPHP_RET,0.002079647557221026,0.024548635653574027
2024-09-20,-0.0942018525266127,-0.0794442305579525,test,SGDPHP_RET,-0.04478097071220093,-0.12422520127015343
2024-09-23,0.4985899748317439,0.0458403245615381,test,SGDPHP_RET,0.0005697117101221441,0.046410036271660245
2024-09-24,0.4988994224591535,-0.3221281355816224,test,SGDPHP_RET,0.053121566787163316,-0.26900656879445906
2024-09-25,0.5500559373043582,-0.0010872248056167,test,SGDPHP_RET,-0.0683823066301204,-0.0694695314357371
2024-09-26,-0.8116860943449324,-0.2509681462011476,test,SGDPHP_RET,0.08708558765146451,-0.1638825585496831
2024-09-27,0.4154336818529247,0.239319673502966,test,SGDPHP_RET,-0.01611651735493613,0.22320315614802988
2024-09-30,0.838492569099116,-0.1174732942809077,test,SGDPHP_RET,0.015941980059706137,-0.10153131422120157
2024-10-01,-0.1463543630394043,-0.2076786258845674,test,SGDPHP_RET,-0.12152091341381659,-0.32919953929838397
2024-10-02,-0.044694847450069,-0.1926089725612778,test,SGDPHP_RET,0.017302371275568974,-0.17530660128570882
2024-10-03,-0.3432093042454506,-0.1438604515980035,test,SGDPHP_RET,0.018501823138890386,-0.1253586284591131
2024-10-04,-0.336858102947411,-0.0728526810237293,test,SGDPHP_RET,-0.05505925983261714,-0.12791194085634644
2024-10-07,-0.5123078059246704,0.1018860027692743,test,SGDPHP_RET,-0.05769912979891907,0.04418687297035523
2024-10-08,0.8999620581548631,0.1385387429177182,test,SGDPHP_RET,-0.014989492383465669,0.12354925053425253
2024-10-09,0.0428043443581957,-0.2781919537271573,test,SGDPHP_RET,-0.010461703868553726,-0.28865365759571104
2024-10-10,0.19616574052115,-0.1224033013068969,test,SGDPHP_RET,0.011505058723796278,-0.11089824258310063
2024-10-11,0.561312627068531,-0.1315669597517757,test,SGDPHP_RET,0.011184842179127501,-0.1203821175726482
2024-10-14,-0.3138177991442125,-0.1673695474226511,test,SGDPHP_RET,0.0498688562344632,-0.11750069118818789
2024-10-15,0.2932551056567439,-0.0068221138384243,test,SGDPHP_RET,-0.043800622866807803,-0.0506227367052321
2024-10-16,0.3571891248254569,-0.2471119950764012,test,SGDPHP_RET,0.00934514552970319,-0.237766849546698
2024-10-17,-0.1275586747000931,-0.2136511230475954,test,SGDPHP_RET,0.08869429494605427,-0.12495682810154113
2024-10-18,-0.221770362660159,-0.0024501039864984,test,SGDPHP_RET,0.019491650054152113,0.017041546067653714
2024-10-21,0.0068385448604199,0.0377256080926035,test,SGDPHP_RET,-0.05722881449621431,-0.019503206403610807
2024-10-22,-0.3081075713834201,-0.0680232725484,test,SGDPHP_RET,-0.004568222937030516,-0.07259149548543052
2024-10-23,0.214622023413737,0.0388408948746815,test,SGDPHP_RET,-0.0581883054528931,-0.0193474105782116
2024-10-24,0.0555498349093604,-0.1746494111197676,test,SGDPHP_RET,0.015976131676432054,-0.15867327944333554
2024-10-25,0.034246361967783,0.0590921349994191,test,SGDPHP_RET,0.010466260566291043,0.06955839556571014
2024-10-28,0.7920275261601711,0.044625505701073,test,SGDPHP_RET,-0.00259679984913616,0.04202870585193684
2024-10-29,-0.6244383124476527,-0.3426872637294531,test,SGDPHP_RET,0.0031585440937850675,-0.339528719635668
2024-10-30,-0.0690466469728534,0.2334231126017308,test,SGDPHP_RET,-0.05631589942496987,0.17710721317676092
2024-10-31,0.1322415098293428,0.0779171688396032,test,SGDPHP_RET,-0.05374227703240127,0.024174891807201934
2024-11-01,0.2535924414513865,0.0655003161054141,test,SGDPHP_RET,0.01638138499091289,0.08188170109632699
2024-11-04,-0.0617868983405258,-0.039135033625226,test,SGDPHP_RET,0.01468208631633783,-0.024452947308888175
2024-11-05,0.36042690602445,0.130079031146377,test,SGDPHP_RET,-0.0018941822540720855,0.12818484889230491
2024-11-06,0.3581894797484137,-0.0087056160235391,test,SGDPHP_RET,0.010453873777019115,0.001748257753480014
2024-11-07,-0.7167120815128665,-0.4751882692882356,test,SGDPHP_RET,0.02106383723155035,-0.45412443205668523
2024-11-08,-0.0649365766874219,0.2480988237106968,test,SGDPHP_RET,-0.05820625247203034,0.18989257123866646
2024-11-11,-0.2866007551703713,0.0829142157389281,test,SGDPHP_RET,-0.05209073371678917,0.03082348202213893
2024-11-12,0.1041796508791082,-0.085052227383416,test,SGDPHP_RET,-0.04081874196087663,-0.12587096934429262
2024-11-13,-0.1703625594503013,-0.154690744791614,test,SGDPHP_RET,0.01456016874584942,-0.14013057604576457
2024-11-14,-0.5429392868735642,-0.069937672048291,test,SGDPHP_RET,0.000289781632584237,-0.06964789041570676
2024-11-15,0.0713123027493886,0.217922318641352,test,SGDPHP_RET,-0.021660569821270268,0.19626174882008174
2024-11-18,-0.1080724612335365,-0.0765541911242372,test,SGDPHP_RET,-0.04384575102919474,-0.12039994215343194
2024-11-19,0.2039689209798381,0.1710982002834549,test,SGDPHP_RET,-0.00477713455257535,0.16632106573087954
2024-11-20,0.6396097089131743,-0.0898054014676815,test,SGDPHP_RET,0.012731708933644916,-0.07707369253403658
2024-11-21,-0.2046528759150709,-0.4244193097959974,test,SGDPHP_RET,0.01990555457887309,-0.4045137552171243
2024-11-22,-0.4964599707007533,0.0456035557042907,test,SGDPHP_RET,0.011398941409654481,0.05700249711394518
2024-11-25,0.1726166083413331,0.2371555342327268,test,SGDPHP_RET,-0.016604378796674674,0.22055115543605214
2024-11-26,-0.2232315942612736,0.0332143622442129,test,SGDPHP_RET,-0.0162662339090852,0.016948128335127696
2024-11-27,0.2440470227773434,0.0583025448272006,test,SGDPHP_RET,-0.058031562175418855,0.00027098265178174263
2024-11-28,-0.102365330381614,0.2256741634135715,test,SGDPHP_RET,0.014932533358400236,0.24060669677197172
2024-11-29,-0.0429302959273143,0.1274770213982791,test,SGDPHP_RET,-0.04942525632166101,0.0780517650766181
2024-12-02,-0.1635964378424501,-0.022396605261537,test,SGDPHP_RET,-0.049820071258825115,-0.07221667652036212
2024-12-03,-0.203799001885217,-0.1429580389247371,test,SGDPHP_RET,-0.04230647248696566,-0.18526451141170275
2024-12-04,-0.4850842599054838,0.0651119829245352,test,SGDPHP_RET,-0.014941365904841563,0.050170617019693636
2024-12-05,-0.1599228266631377,0.1220584061218922,test,SGDPHP_RET,-0.016364453597965744,0.10569395252392645
2024-12-06,-0.5020660949929907,0.2343253790245926,test,SGDPHP_RET,-0.05629269881068574,0.17803268021390686
2024-12-09,0.1620836858689145,0.1527686657486901,test,SGDPHP_RET,0.0005386261422033419,0.15330729189089345
2024-12-10,0.3874779776043887,-0.0702049870054656,test,SGDPHP_RET,0.007356807146531273,-0.06284817985893432
2024-12-11,-0.0663323923533523,-0.247035432796153,test,SGDPHP_RET,0.05522346317911596,-0.19181196961703706
2024-12-12,0.4423361191545349,0.0153785958628011,test,SGDPHP_RET,0.015465506667834963,0.03084410253063606
2024-12-13,-0.4361866643847885,-0.2361144494861756,test,SGDPHP_RET,0.04227515135446514,-0.19383929813171047
2024-12-16,0.333860370129084,0.1305185820689268,test,SGDPHP_RET,-0.0551590026475596,0.0753595794213672
2024-12-17,0.0070608959236614,-0.1158269545570309,test,SGDPHP_RET,0.013054298240911527,-0.10277265631611937
2024-12-18,0.5190556718938827,-0.0064817901778207,test,SGDPHP_RET,0.019864422063431905,0.013382631885611205
2024-12-19,-0.1940182740757506,-0.4073655198761722,test,SGDPHP_RET,0.08096158041038436,-0.32640393946578783
2024-12-20,-0.8362617008113834,-0.0451629268310802,test,SGDPHP_RET,0.012024685728561737,-0.03313824110251846
2024-12-23,0.2743287448867675,0.1237544170292957,test,SGDPHP_RET,0.015350414467884033,0.13910483149717973
2024-12-24,-0.6017986212402399,-0.2281939311273512,test,SGDPHP_RET,0.018297899406902875,-0.20989603172044832
2024-12-25,-2.535661581658132,0.1109743680852432,test,SGDPHP_RET,-0.03992440884091506,0.07104995924432814
2024-12-26,1.6207089097360794,0.809656464692229,test,SGDPHP_RET,1.3821101702707608,2.1917666349629896
2024-12-27,-0.0404785460527782,-0.490592307469241,test,SGDPHP_RET,-0.05914961335432642,-0.5497419208235674
2024-12-30,-0.0387695945185028,0.003196007745424,test,SGDPHP_RET,0.051998515761411845,0.055194523506835846
2024-12-31,0.1096168808625209,-0.0335939376829969,test,SGDPHP_RET,-0.008306213418995945,-0.04190015110199284
2025-01-01,0.0,-0.0811078484687897,test,SGDPHP_RET,0.018837676302192217,-0.062270172166597484
2025-01-02,-1.867014698913512,0.0074202519065078,test,SGDPHP_RET,0.01918335883963446,0.02660361074614226
2025-01-03,1.18221984620069,0.3643768908947405,test,SGDPHP_RET,1.3569549204636273,1.7213318113583678
2025-01-06,0.052478242460849,-0.3220932410473213,test,SGDPHP_RET,-0.06547334171108321,-0.3875665827584045
2025-01-07,0.1292790137673143,0.0927628100340895,test,SGDPHP_RET,0.023289998489000707,0.1160528085230902
2025-01-08,0.2052042530714534,-0.0963747963396406,test,SGDPHP_RET,0.013438470987124328,-0.08293632535251627
2025-01-09,0.7208658980385373,-0.1956889401259584,test,SGDPHP_RET,0.009455783627769875,-0.1862331564981885
2025-01-10,-0.746223072060689,-0.2438857237785595,test,SGDPHP_RET,-0.12451453293699337,-0.3684002567155529
2025-01-13,0.5237847562986658,0.2631861296758918,test,SGDPHP_RET,-0.018730013433221948,0.24445611624266983
2025-01-14,0.0630259133256924,-0.1089510131589932,test,SGDPHP_RET,0.008655203837281559,-0.10029580932171164
2025-01-15,0.0543240067171097,0.1760472559306937,test,SGDPHP_RET,0.01636173084852903,0.19240898677922275
2025-01-16,-0.3475544906642202,0.0053943031946466,test,SGDPHP_RET,-0.036304557011525004,-0.030910253816878404
2025-01-17,0.2899370794710157,0.2302810389791392,test,SGDPHP_RET,-0.04439738474601919,0.18588365423312003
2025-01-20,-0.2455600993595934,-0.0606153551674172,test,SGDPHP_RET,0.0170950484655104,-0.043520306701906805
2025-01-21,0.5108700453904687,0.0487182804080955,test,SGDPHP_RET,-0.05275040971202249,-0.00403212930392699
2025-01-22,0.3558984470823249,0.1671050696719118,test,SGDPHP_RET,0.05712333656793444,0.22422840623984625
2025-01-23,-0.0772562068432553,-0.065589171122556,test,SGDPHP_RET,0.014607094687426908,-0.05098207643512909
2025-01-24,-0.0610106107608154,0.0116026452874947,test,SGDPHP_RET,0.0015050271838002623,0.013107672471294962
2025-01-27,0.2964576557118674,0.0052734062589748,test,SGDPHP_RET,-0.019171974247716654,-0.013898567988741853
2025-01-28,0.3522772071982026,0.0593451121516894,test,SGDPHP_RET,0.008825183811504366,0.06817029596319377
2025-01-29,-0.8499651887116105,-0.1871621603869397,test,SGDPHP_RET,0.0089093871171376,-0.1782527732698021
2025-01-30,0.9244124431264767,0.2129479160668029,test,SGDPHP_RET,-0.01195152542359895,0.20099639064320396
2025-01-31,-0.398985979103143,-0.025070720741447,test,SGDPHP_RET,0.03542722845148773,0.010356507710040729
2025-02-03,-1.0707993352204026,0.1462271620785646,test,SGDPHP_RET,-0.0398564494920029,0.1063707125865617
2025-02-04,0.8808857315998824,0.1672058126078221,test,SGDPHP_RET,-0.1251163601293789,0.0420894524784432
2025-02-05,-0.5184163621285104,-0.1941460227331613,test,SGDPHP_RET,0.03358850663734526,-0.16055751609581606
2025-02-06,-0.1116473683515959,0.1711467923316971,test,SGDPHP_RET,-0.05012611538226745,0.12102067694942965
2025-02-07,0.2266133529015708,-0.1127933728703729,test,SGDPHP_RET,-0.05620973445596265,-0.16900310732633556
2025-02-10,-1.5988208956129784,-0.0442303081115665,test,SGDPHP_RET,0.014542880604090863,-0.02968742750747564
2025-02-11,1.0111520464794834,0.5176427597134662,test,SGDPHP_RET,0.5543100547829058,1.0719528144963721
2025-02-12,0.5894747261498099,-0.228587497265448,test,SGDPHP_RET,0.06995759935255061,-0.1586298979128974
2025-02-13,-0.2884592860073068,-0.2721916313292133,test,SGDPHP_RET,-0.06567486209543731,-0.33786649342465064
2025-02-14,0.5739179406999446,0.1398570223472513,test,SGDPHP_RET,0.00010654713986457616,0.13996356948711589
2025-02-17,-0.0516468961009956,-0.115186432589069,test,SGDPHP_RET,0.04521465976870657,-0.06997177282036243
2025-02-18,0.3057210468195741,0.1455410686970685,test,SGDPHP_RET,0.0175659107485474,0.16310697944561592
2025-02-19,0.4937139880224006,-0.2443156908716339,test,SGDPHP_RET,0.017487045336760248,-0.22682864553487367
2025-02-20,-0.1474218582999179,-0.2736525514510601,test,SGDPHP_RET,0.012009849373859842,-0.26164270207720025
2025-02-21,0.1419518116299944,0.3106382241371572,test,SGDPHP_RET,0.019748013185136828,0.330386237322294
2025-02-24,-0.415860973766357,0.0383359814724496,test,SGDPHP_RET,-0.04943523322680468,-0.011099251754355083
2025-02-25,0.1482786569580954,0.144200963127836,test,SGDPHP_RET,-0.02422525079712654,0.11997571233070947
2025-02-26,0.0621573707662855,0.0357257236295438,test,SGDPHP_RET,0.005982989640463351,0.04170871327000715
2025-02-27,-0.1041124204618805,-0.0758978301111989,test,SGDPHP_RET,0.011399203716205605,-0.06449862639499329
2025-02-28,-0.4489774233583233,-0.151049676444597,test,SGDPHP_RET,-0.0036897223815213994,-0.1547393988261184
2025-03-03,-0.344350752940402,0.0690480163168828,test,SGDPHP_RET,-0.054386203138052265,0.014661813178830536
2025-03-04,-0.049731191481903,0.2615317357357917,test,SGDPHP_RET,-0.03145870976977241,0.23007302596601928
2025-03-05,0.5029297812028866,0.2910448396254155,test,SGDPHP_RET,-0.05238193340487133,0.23866290622054417
2025-03-06,-0.0410896280787867,-0.2126795395186588,test,SGDPHP_RET,0.01217159004745459,-0.20050794947120423
2025-03-07,-0.3121989707316392,0.413219589695774,test,SGDPHP_RET,0.016400436326192414,0.4296200260219664
2025-03-10,0.0993944052837108,0.144535445162017,test,SGDPHP_RET,-0.001973282420755869,0.14256216274126113
2025-03-11,0.266589561909844,-0.05421568984973,test,SGDPHP_RET,-0.00940253328617814,-0.06361822313590813
2025-03-12,-0.4579188781127312,0.1050877286360692,test,SGDPHP_RET,0.011479181173869347,0.11656690980993856
2025-03-13,0.308154244732551,0.0817115983144093,test,SGDPHP_RET,-0.01606968070739058,0.06564191760701872
2025-03-14,-0.3072370023970174,-0.1486249445521311,test,SGDPHP_RET,0.01078826708741002,-0.13783667746472109
2025-03-17,0.1024381968606944,0.127953948364395,test,SGDPHP_RET,-0.0470300144023754,0.0809239339620196
2025-03-18,0.2208282794174492,0.028354452210386,test,SGDPHP_RET,-0.0028128257600318037,0.025541626450354196
2025-03-19,-0.1255618455398504,-0.0630781616890063,test,SGDPHP_RET,0.014212742166598786,-0.04886541952240752
2025-03-20,-0.2944066570731538,-0.0094003056638193,test,SGDPHP_RET,-0.015529259278282465,-0.024929564942101766
2025-03-21,-0.0779752754262195,0.0187113091944036,test,SGDPHP_RET,-0.05597592584990866,-0.03726461665550506
2025-03-24,0.3290982589515851,0.0033974013967783,test,SGDPHP_RET,-0.02779050728001957,-0.02439310588324127
2025-03-25,-0.5020556125522431,-0.1318363334394204,test,SGDPHP_RET,0.0121787533396236,-0.1196575800997968
2025-03-26,0.6969553706481386,0.1582795621555014,test,SGDPHP_RET,-0.04066484286841236,0.11761471928708904
2025-03-27,0.0413996272382612,-0.2895763611551799,test,SGDPHP_RET,0.08446237559756821,-0.20511398555761168
2025-03-28,-0.6249534898718984,0.1201741720396704,test,SGDPHP_RET,0.013017795668031998,0.1331919677077024
2025-03-31,-0.0957937041838789,0.1605397969701651,test,SGDPHP_RET,0.0026787034086591527,0.16321850037882424
2025-04-01,-0.4826968022315798,0.0463074735925749,test,SGDPHP_RET,-0.058035294452254936,-0.011727820859680035
2025-04-02,-0.0068510514424852,0.092244219950761,test,SGDPHP_RET,-0.017107462892385277,0.07513675705837572
2025-04-03,-0.2778268097034316,0.0649168604830072,test,SGDPHP_RET,-0.028637198193148198,0.036279662289859
2025-04-04,0.5297481125598732,0.6277411190022057,test,SGDPHP_RET,-0.04652747272678189,0.5812136462754238
2025-04-07,-0.2006675869713722,-0.1810599431443374,test,SGDPHP_RET,-0.02825028491029801,-0.20931022805463542
2025-04-08,-0.3966464142775396,0.1709557717475338,test,SGDPHP_RET,-0.0009317889587950408,0.17002398278873876
2025-04-09,0.3483174086504148,-0.0700545941094975,test,SGDPHP_RET,-0.015981195115855773,-0.08603578922535328
2025-04-10,-0.0720261331778018,-0.0255112665300117,test,SGDPHP_RET,0.03880361582544999,0.013292349295438294
2025-04-11,1.3050282055658395,0.3449700748669121,test,SGDPHP_RET,-0.009879802700955847,0.33509027216595627
2025-04-14,0.7011489084828298,-0.2165839766604543,test,SGDPHP_RET,-0.12014057095041214,-0.33672454761086645
2025-04-15,0.0019928601158778,-0.1864848117538717,test,SGDPHP_RET,-0.12468664784665649,-0.31117145960052817
2025-04-16,-0.9338213313660813,-0.2087658621511274,test,SGDPHP_RET,0.014640864625764463,-0.19412499752536294
2025-04-17,0.4814488569591466,0.5603693119899373,test,SGDPHP_RET,-0.0020528253853920268,0.5583164866045454
2025-04-18,0.0,-0.0963572260338015,test,SGDPHP_RET,-0.02144527027257069,-0.11780249630637218
2025-04-21,0.0,0.0209648358384404,test,SGDPHP_RET,0.019923618765667193,0.040888454604107595
2025-04-22,0.2801470880105269,0.2708377467260557,test,SGDPHP_RET,-0.0013590089002023249,0.26947873782585335
2025-04-23,-0.5891249437044841,-0.193532023572159,test,SGDPHP_RET,0.007355350844358003,-0.186176672727801
2025-04-24,-0.3132403138810586,-0.1625556410284979,test,SGDPHP_RET,-0.03515165917441963,-0.19770730020291755
2025-04-25,0.107264381895234,0.2976706353026829,test,SGDPHP_RET,-0.04496360563587509,0.2527070296668078
2025-04-28,-0.5058994425928901,-0.0280101081021517,test,SGDPHP_RET,-0.053697437006018305,-0.08170754510817001
2025-04-29,0.708424823304092,0.2491273198632046,test,SGDPHP_RET,-0.021082019045632255,0.22804530081757235
2025-04-30,-0.5464507334682472,-0.2611741578925452,test,SGDPHP_RET,0.055910569693004626,-0.2052635881995406
2025-05-01,-0.1649074373945878,0.0801998342581156,test,SGDPHP_RET,-0.05594656705659965,0.024253267201515945
2025-05-02,-0.1979194778273101,-0.1868300671436228,test,SGDPHP_RET,-0.058224027940052166,-0.24505409508367496
2025-05-05,0.653191208506837,-0.0245301671311915,test,SGDPHP_RET,0.0016779077551255155,-0.022852259376065984
2025-05-06,0.3629708565552709,-0.1590349823544685,test,SGDPHP_RET,0.0602028047009524,-0.0988321776535161
2025-05-07,-0.1591291955842234,0.0495183214259158,test,SGDPHP_RET,0.07990565118878168,0.12942397261469749
2025-05-08,-0.3691689808573112,0.055889343424549,test,SGDPHP_RET,-0.056220903900437026,-0.000331560475888025
2025-05-09,-0.5565005412945386,-0.1123203833687915,test,SGDPHP_RET,-0.02918866472029735,-0.14150904808908885
2025-05-12,0.1556865150926868,0.1472142237132517,test,SGDPHP_RET,-0.025803897673902516,0.1214103260393492
2025-05-13,0.0082080551719209,-0.4275803846090145,test,SGDPHP_RET,0.007139893870802238,-0.42044049073821227
2025-05-14,0.3856378144056808,0.1794376089834275,test,SGDPHP_RET,0.0459369170327099,0.2253745260161374
2025-05-15,0.1409151985777485,-0.1045049493134027,test,SGDPHP_RET,0.012754961307168506,-0.0917499880062342
2025-05-16,0.0269897366342484,0.0802979819430612,test,SGDPHP_RET,0.009360381863379605,0.08965836380644081
2025-05-19,0.1620606611229307,0.0326090911249087,test,SGDPHP_RET,-0.012262876770678246,0.020346214354230455
2025-05-20,0.2219497650474599,0.1559785825506819,test,SGDPHP_RET,0.01961515821758601,0.1755937407682679
2025-05-21,-0.4635804776637884,0.0983904569465913,test,SGDPHP_RET,0.01783974350877309,0.11623020045536439
2025-05-22,0.3782480906506517,0.2728869229140678,test,SGDPHP_RET,-0.016090619025511843,0.25679630388855595
2025-05-23,-0.0617237919483992,-0.1371976799486115,test,SGDPHP_RET,0.020085853452364393,-0.11711182649624712
2025-05-26,0.2246314574552306,0.0162575059185372,test,SGDPHP_RET,0.018755474547461102,0.0350129804659983
2025-05-27,-0.0846968924448494,0.0192858170950636,test,SGDPHP_RET,0.01252979713595251,0.03181561423101611
2025-05-28,-0.0164940410912447,-0.1082617575353076,test,SGDPHP_RET,-0.030340455533676862,-0.13860221306898446
2025-05-29,-0.5115621743831333,-0.1478203716538127,test,SGDPHP_RET,0.019763755113114737,-0.12805661654069797
2025-05-30,0.8894285387318334,0.2661570279799523,test,SGDPHP_RET,-0.04207671591719306,0.22408031206275922
2025-06-02,0.0768721717708985,-0.2601759654605597,test,SGDPHP_RET,0.0848967712276594,-0.1752791942329003
2025-06-03,-0.0463576094011076,0.163323593624447,test,SGDPHP_RET,0.014093408439727251,0.17741700206417427
2025-06-04,-0.2078704446729713,-0.1090553246256441,test,SGDPHP_RET,-0.05633379927949857,-0.16538912390514265
2025-06-05,0.2734408664029301,0.1601509335652821,test,SGDPHP_RET,-0.02853895100190067,0.1316119825633814
2025-06-06,-0.1819189846328122,-0.0342448411178078,test,SGDPHP_RET,0.020069847646992,-0.014174993470815803
2025-06-09,-0.0536350113037421,0.104301314288874,test,SGDPHP_RET,-0.044141205176999904,0.0601601091118741
2025-06-10,0.0876906875052081,0.0056124757987719,test,SGDPHP_RET,-0.04685966039987698,-0.04124718460110508
2025-06-11,0.3767479096944927,-0.0057335146188405,test,SGDPHP_RET,0.019248513091707626,0.013514998472867126
2025-06-12,0.1510971022964981,-0.0084209618572659,test,SGDPHP_RET,0.02575543479278864,0.01733447293552274
2025-06-13,-2.404617958537773,0.1348946226735868,test,SGDPHP_RET,0.01754632916211346,0.15244095183570025
2025-06-16,3.920957684822661,0.8165039341223602,test,SGDPHP_RET,1.5001214909649436,2.3166254250873037
2025-06-17,-0.2033115955388484,-1.1607681718411655,test,SGDPHP_RET,-0.23948776925799303,-1.4002559410991586
2025-06-18,-0.9175412397044546,-0.1599690215124453,test,SGDPHP_RET,-0.12104189631233878,-0.28101091782478405
2025-06-19,1.124008529299817,0.2846656045813275,test,SGDPHP_RET,0.005913927450480767,0.29057953203180825
2025-06-20,-0.0690757389576094,-0.3533725552770587,test,SGDPHP_RET,-0.08424009196317678,-0.43761264724023546
2025-06-23,0.6331164737280743,0.0118023208395957,test,SGDPHP_RET,0.008576461026690352,0.020378781866286052
2025-06-24,0.1383077875783946,-0.1215160709265219,test,SGDPHP_RET,0.085403194965358,-0.0361128759611639
2025-06-25,-1.297400524219753,0.0442714516929269,test,SGDPHP_RET,0.00867998920981337,0.052951440902740274
2025-06-26,0.7195712898340726,0.4889028589773583,test,SGDPHP_RET,-0.046152998057557675,0.4427498609198006
2025-06-27,-0.0291705098532006,-0.1007722882651161,test,SGDPHP_RET,0.010427253469181505,-0.09034503479593459
2025-06-30,0.4151544539652065,0.03739787301401,test,SGDPHP_RET,0.018411919195297735,0.055809792209307735
2025-07-01,-1.524404392071226,0.0322406971904139,test,SGDPHP_RET,0.024262351769290647,0.056503048959704545
2025-07-02,0.2096000208287352,0.4959289325921583,test,SGDPHP_RET,0.5616440027237515,1.0575729353159098
2025-07-03,0.7407304478340192,-0.0182307443429413,test,SGDPHP_RET,-0.05583059489322977,-0.07406133923617107
2025-07-04,0.1324538129776059,-0.3703195961392128,test,SGDPHP_RET,-0.008044866695043208,-0.378364462834256
2025-07-07,0.4123337893733314,-0.0904125491990247,test,SGDPHP_RET,0.07343486307014216,-0.016977686128882535
2025-07-08,-0.2953870412993802,-0.2027389298897587,test,SGDPHP_RET,0.07342500095267321,-0.1293139289370855
2025-07-09,-0.4826555115797922,0.0237320559762034,test,SGDPHP_RET,-0.026361719772006895,-0.0026296637958034934
2025-07-10,0.414397975824964,0.0913722816852654,test,SGDPHP_RET,-0.01842434865631199,0.07294793302895342
2025-07-11,-0.1286823248647178,-0.1522792746891126,test,SGDPHP_RET,0.011787067231133442,-0.14049220745797916
2025-07-14,0.0301489711190927,0.0604656099312205,test,SGDPHP_RET,0.010779144361272289,0.07124475429249279
2025-07-15,0.1799692824780185,-0.1409085137923721,test,SGDPHP_RET,-0.004379888694775534,-0.14528840248714764
2025-07-16,-0.0435983152349131,-0.1762741750606259,test,SGDPHP_RET,0.011488993876928462,-0.16478518118369745
2025-07-17,-1.1083427926954337,0.1014982072017545,test,SGDPHP_RET,0.019462600661072603,0.12096080786282709
2025-07-18,1.9130395370164528,0.3061315952818905,test,SGDPHP_RET,-0.12359368714589472,0.18253790813599577
2025-07-21,-0.3373155478177711,-0.6207580022083368,test,SGDPHP_RET,0.32615899875944504,-0.2945990034488917
2025-07-22,0.2720786466553922,0.2551865285839504,test,SGDPHP_RET,0.008554658412944033,0.2637411869968944
2025-07-23,-0.2000277620185966,0.0649035873990306,test,SGDPHP_RET,0.009233305414532865,0.07413689281356346
2025-07-24,-0.2506223627090836,0.0673308929605054,test,SGDPHP_RET,-0.057647519496912575,0.009683373463592826
2025-07-25,0.3407954839126266,0.0931486768550671,test,SGDPHP_RET,-0.05125510964280949,0.04189356721225761
2025-07-28,0.3733718059715795,-0.121778768126514,test,SGDPHP_RET,0.009229604831201662,-0.11254916329531234
2025-07-29,-0.6922169381121566,-0.3744673838417523,test,SGDPHP_RET,0.07058775508940703,-0.3038796287523453
2025-07-30,0.3246661859221548,0.1398490289057477,test,SGDPHP_RET,-0.05129050217815756,0.08855852672759015
2025-07-31,-0.5675081075564539,-0.350667555295979,test,SGDPHP_RET,0.015031134100414602,-0.33563642119556436
2025-08-01,1.4153127585899807,0.1773374443869372,test,SGDPHP_RET,-0.05702584010680551,0.12031160428013168
2025-08-04,-0.0739178462754551,-0.5586344897584724,test,SGDPHP_RET,0.2809708089656259,-0.27766368079284653
2025-08-05,-0.529399050926628,0.0528848467778839,test,SGDPHP_RET,0.06649305747588305,0.11937790425376696
2025-08-06,0.2535617377685411,0.2423278785755909,test,SGDPHP_RET,-0.015724120817983044,0.22660375775760785
2025-08-07,-0.18709864857974,0.0278284753652981,test,SGDPHP_RET,0.007844659840067658,0.03567313520536576
2025-08-08,-0.1387650044823403,0.0102927970325854,test,SGDPHP_RET,-0.05685629150376181,-0.046563494471176414
2025-08-11,-0.6049747385334558,0.0553638776691917,test,SGDPHP_RET,-0.044521678857661874,0.010842198811529827
2025-08-12,0.1284338665335941,0.1241705544950888,test,SGDPHP_RET,-0.012191378374904707,0.1119791761201841
2025-08-13,0.0317930493495637,0.0201916741854032,test,SGDPHP_RET,0.006032717017578381,0.026224391202981583
2025-08-14,-0.154964697675921,0.0578419753858068,test,SGDPHP_RET,0.007937132271813988,0.0657791076576208
2025-08-15,0.3956223190667455,-0.0026383802460392,test,SGDPHP_RET,-0.056655258312128226,-0.059293638558167425
2025-08-18,0.0968036038780374,-0.1792034373475567,test,SGDPHP_RET,0.031150859846657233,-0.14805257750089945
2025-08-19,-0.2641885676563876,-0.103312611178712,test,SGDPHP_RET,0.008446210433136706,-0.0948664007455753
2025-08-20,0.2397548555897835,0.018239900534889,test,SGDPHP_RET,-0.04759265226649642,-0.02935275173160742
2025-08-21,-0.0865601962770324,-0.0751437673468575,test,SGDPHP_RET,0.011234661113116455,-0.06390910623374105
2025-08-22,-0.091550164499554,-0.0234872466678705,test,SGDPHP_RET,0.001580108330852184,-0.021907138337018316
2025-08-25,-0.8485415854433626,-0.0063556441995017,test,SGDPHP_RET,-0.01753286481483771,-0.02388850901433941
2025-08-26,0.136802096996101,0.1441936379235909,test,SGDPHP_RET,0.029278447085846183,0.1734720850094371
2025-08-27,0.5035977382651022,0.0959046020086159,test,SGDPHP_RET,0.0027698196761875055,0.0986744216848034
2025-08-28,-0.5438211539952396,-0.2488303032800194,test,SGDPHP_RET,0.034644957353743656,-0.21418534592627575
2025-08-29,0.7661544383535248,0.3220901067663286,test,SGDPHP_RET,-0.05477983199045245,0.26731027477587616
2025-09-01,0.2709967220466587,-0.2022403042358333,test,SGDPHP_RET,0.0494267805925375,-0.1528135236432958
2025-09-02,-2.095358625261402,-0.0362788972268957,test,SGDPHP_RET,0.061789869168666474,0.025510971941770773
2025-09-03,1.8550764477900987,0.508075594560161,test,SGDPHP_RET,1.3732577866726,1.881333381232761
2025-09-04,0.1212714881310351,-0.5330022246454966,test,SGDPHP_RET,0.38409948277450146,-0.14890274187099517
2025-09-05,-0.788403815292171,-0.1085416580958926,test,SGDPHP_RET,0.07331627167023395,-0.035225386425658645
2025-09-08,-0.0372351240314732,0.2208424418098763,test,SGDPHP_RET,-0.009986643037456376,0.21085579877241992
2025-09-09,0.2257900943946778,0.1387032077116269,test,SGDPHP_RET,-0.05797337267161712,0.08072983504000977
2025-09-10,0.5715292929863145,-0.1418220431611914,test,SGDPHP_RET,0.01954535514238565,-0.12227668801880576
2025-09-11,0.1403048187184505,-0.156349197681151,test,SGDPHP_RET,0.03386268774533312,-0.12248650993581787
2025-09-12,0.1316335743176263,0.0115959264888328,test,SGDPHP_RET,0.009117840681465232,0.020713767170298034
2025-09-15,0.0537873274557358,-0.0303992800258377,test,SGDPHP_RET,0.01994578571231389,-0.010453494313523812
2025-09-16,-0.0316993345163194,0.0448974829885791,test,SGDPHP_RET,0.01938149891448545,0.06427898190306455
2025-09-17,-0.3245694292479708,0.1626521545228447,test,SGDPHP_RET,-0.020608012957772592,0.1420441415650721
2025-09-18,0.006892170334518,0.0338227803413585,test,SGDPHP_RET,-0.02007878265698936,0.013743997684369142
2025-09-19,0.4308413606110038,-0.1960138412695134,test,SGDPHP_RET,-0.0032712164342791317,-0.19928505770379254
2025-09-22,-0.4136079199320535,-0.1890281358117298,test,SGDPHP_RET,0.08390051294000742,-0.10512762287172239
2025-09-23,-0.2204366827385992,0.2432753523073742,test,SGDPHP_RET,-0.057596709918638155,0.18567864238873605
2025-09-24,0.5745455324998936,0.1450318737979894,test,SGDPHP_RET,-0.02286087473694038,0.12217099906104903
2025-09-25,0.3576538889689797,-0.2958258478570011,test,SGDPHP_RET,0.04332678924866783,-0.25249905860833327
2025-09-26,0.1745065486908062,-0.320279589947247,test,SGDPHP_RET,0.07369596421450299,-0.246583625732744
2025-09-29,0.4157185126161112,-0.0682917732482775,test,SGDPHP_RET,0.07044832525513293,0.002156552006855439
2025-09-30,-0.007757801420263,-0.0596917871659827,test,SGDPHP_RET,0.06620890913543556,0.006517121969452859
2025-10-01,0.2588996132007168,0.1192135399504697,test,SGDPHP_RET,0.016036213900030353,0.13524975385050006
2025-10-02,0.0449042528297282,-0.139838196363886,test,SGDPHP_RET,0.019067255662228333,-0.12077094070165767
2025-10-03,-0.3643698423559208,-0.0436264723448691,test,SGDPHP_RET,0.015039068252642954,-0.028587404092226144
2025-10-06,-0.3716914128814759,0.1217593829677256,test,SGDPHP_RET,-0.05076383212720487,0.07099555084052073
2025-10-07,0.6206473246335926,-0.0014346825982894,test,SGDPHP_RET,-0.0194823178965419,-0.0209170004948313
2025-10-08,-0.5837340797973111,-0.3947586335086562,test,SGDPHP_RET,0.08520770078808813,-0.30955093272056805
2025-10-09,-0.1418296866277741,0.0568821409249458,test,SGDPHP_RET,-0.05345768620015825,0.00342445472478755
2025-10-10,0.4382740826788756,-0.1404425278696121,test,SGDPHP_RET,-0.05497012132469382,-0.1954126491943059
2025-10-13,-0.1593465462398473,-0.1777474401385697,test,SGDPHP_RET,0.0900321497367845,-0.08771529040178519
2025-10-14,-0.4491126249541271,0.0631396216403037,test,SGDPHP_RET,0.009590728874182162,0.07273035051448587
2025-10-15,0.0771342919070462,0.1613858469524386,test,SGDPHP_RET,-0.01802132054514392,0.1433645264072947
2025-10-16,0.0787210925000065,-0.0368850534203694,test,SGDPHP_RET,-0.023362502356684096,-0.0602475557770535
2025-10-17,0.2805963607223921,0.1203346247812462,test,SGDPHP_RET,0.020038379507749775,0.14037300428899596
2025-10-20,-0.0964760400299781,-0.0608322591636145,test,SGDPHP_RET,0.017479690678057342,-0.04335256848555716
2025-10-21,0.2284817056387705,-0.0404202683891621,test,SGDPHP_RET,-0.006155244359727036,-0.04657551274888914
2025-10-22,-0.3716647552871346,-0.1457467002142817,test,SGDPHP_RET,0.008473189999683897,-0.13727351021459783
2025-10-23,0.4043357249284626,0.1409429447310469,test,SGDPHP_RET,-0.05767674479382804,0.08326619993721887
2025-10-24,0.3502483148520546,-0.1306163344923494,test,SGDPHP_RET,0.00857664378181455,-0.12203969071053486
2025-10-27,0.1191016563334952,-0.1297240555309765,test,SGDPHP_RET,0.06493434191587091,-0.06478971361510558
2025-10-28,-0.8218001869719755,0.0308075317808149,test,SGDPHP_RET,0.009163943930052003,0.039971475710866906
2025-10-29,-0.1472259661263088,0.2871247519880683,test,SGDPHP_RET,0.03162798402317949,0.3187527360112478
2025-10-30,-1.9949840214270824,-0.042903884062197,test,SGDPHP_RET,-0.02748655791030343,-0.07039044197250044
2025-10-31,3.217550381649247,0.4923589344736346,test,SGDPHP_RET,1.3901517647788206,1.8825106992524552
2025-11-03,-0.8108069963857807,-1.0642726328772392,test,SGDPHP_RET,-1.0984059949944693,-2.1626786278717085
2025-11-04,-0.0915336429399223,0.2867801819826417,test,SGDPHP_RET,0.00893063448314644,0.2957108164657882
2025-11-05,-0.2009834528818014,-0.2000034244660639,test,SGDPHP_RET,-0.03889407961941002,-0.23889750408547392
2025-11-06,0.3099370636355704,0.2184905784285866,test,SGDPHP_RET,0.0045995561494854564,0.22309013457807206
2025-11-07,0.3704680124178386,-0.000827837405424826,test,SGDPHP_RET,0.019750566692551614,0.018922729287126787
2025-11-10,-0.4928400204998076,-0.0569635053955808,test,SGDPHP_RET,0.022319495072926993,-0.03464401032265381
2025-11-11,0.6828002947671213,0.1574974638314634,test,SGDPHP_RET,-0.027217117061929377,0.13028034676953404
2025-11-12,0.1571980927444806,-0.1333078784033308,test,SGDPHP_RET,0.08089285062815069,-0.05241502777518012
2025-11-13,0.3315451272165681,-0.1359197828172285,test,SGDPHP_RET,0.00879483595114324,-0.12712494686608525
2025-11-14,-0.4182616437248517,-0.0541696761627183,test,SGDPHP_RET,0.05937075842475872,0.00520108226204042
2025-11-17,0.2811562331500851,0.1635102475221646,test,SGDPHP_RET,-0.042000647412676055,0.12150960010948852
2025-11-18,-0.3121169770910572,-0.276673165794932,test,SGDPHP_RET,0.020000972235985744,-0.25667219355894627
2025-11-19,-0.1252697140845227,0.1000977886083605,test,SGDPHP_RET,-0.00608795493822221,0.09400983367013828
2025-11-20,-0.1864930805680928,-0.179884883332416,test,SGDPHP_RET,-0.057644485337732226,-0.23752936867014823
2025-11-21,-0.0107021248481913,-0.0368086950276758,test,SGDPHP_RET,0.0029977626935808444,-0.033810932334094955
2025-11-24,-0.5744267164311786,-0.0202733976819575,test,SGDPHP_RET,0.011329123721602271,-0.008944273960355228
2025-11-25,0.7298611632412805,0.2121666450525737,test,SGDPHP_RET,-0.016264066280082704,0.195902578772491
2025-11-26,0.0074114978339745,-0.0855647947244225,test,SGDPHP_RET,0.07855658550563652,-0.007008209218785977
2025-11-27,0.4136043032369718,0.0358086400320466,test,SGDPHP_RET,0.019811018575330953,0.05561965860737755
2025-11-28,-0.2883184505257681,-0.0909193243514882,test,SGDPHP_RET,0.024274455787222423,-0.06664486856426577
2025-12-01,-0.119917979852162,0.0918883284680283,test,SGDPHP_RET,-0.05478260347459465,0.037105724993433654
2025-12-02,-0.1195346559497362,0.050685503112054,test,SGDPHP_RET,-0.05655562638011735,-0.005870123268063354
2025-12-03,-0.0888689324547496,0.0732989822559612,test,SGDPHP_RET,-0.04977859597209201,0.023520386283869182
2025-12-04,0.9840373817733832,0.2082680947208418,test,SGDPHP_RET,-0.047908082431276144,0.16036001228956565
2025-12-05,0.1408965935721146,-0.2925442549031736,test,SGDPHP_RET,-0.024663886213544726,-0.3172081411167183
2025-12-08,-0.3046150194077581,-0.0520643412923595,test,SGDPHP_RET,0.04495605269098608,-0.007108288601373421
2025-12-09,0.2891915244216057,0.056927885719232,test,SGDPHP_RET,-0.05813976554546741,-0.0012118798262354125
2025-12-10,0.3891119928872633,-0.1698307829452135,test,SGDPHP_RET,0.010296743910130432,-0.15953403903508306
2025-12-11,-0.2295621164288782,-0.0099220136684075,test,SGDPHP_RET,0.08833980485034258,0.07841779118193508
2025-12-12,-0.2585843055597063,0.1308754985993422,test,SGDPHP_RET,-0.05725361755388502,0.07362188104545717
2025-12-15,0.5021182664478939,0.1068073228882747,test,SGDPHP_RET,-0.036468560348436284,0.07033876253983842
2025-12-16,-0.4346940815470854,-0.1076172821993044,test,SGDPHP_RET,0.030097219740211515,-0.07752006245909289
2025-12-17,-0.4452506744190611,0.1604341788447804,test,SGDPHP_RET,-0.04960608873119691,0.1108280901135835
2025-12-18,0.1663084369502079,0.0883913811534072,test,SGDPHP_RET,-0.015240058287574638,0.07315132286583256
2025-12-19,0.0210030763955019,-0.0588206784928172,test,SGDPHP_RET,0.018951455796448236,-0.03986922269636896
2025-12-22,-0.3920843223908303,0.0015993710417934,test,SGDPHP_RET,0.01909329579279627,0.02069266683458967
2025-12-23,0.8690345159268108,0.078864095085424,test,SGDPHP_RET,-0.035559749323478836,0.04330434576194516
2025-12-24,0.2018580830037232,-0.1597775508724433,test,SGDPHP_RET,-0.038943328701706276,-0.19872087957414958
2025-12-25,0.0,-0.0292038852788344,test,SGDPHP_RET,0.019637461204061617,-0.009566424074772782
2025-12-26,0.0895994459080666,0.0014885871530081,test,SGDPHP_RET,0.011985934768860305,0.013474521921868406
2025-12-29,-0.3426306647226479,-0.0408635358300688,test,SGDPHP_RET,0.019597966594027908,-0.02126556923604089
2025-12-30,0.3831546353030338,0.1003228163563627,test,SGDPHP_RET,-0.053844610345558645,0.04647820601080405
2025-12-31,0.1492108173441336,-0.101633936637735,test,SGDPHP_RET,0.008540275981549435,-0.09309366065618556
2026-01-01,0.0,-0.0399433237629289,test,SGDPHP_RET,0.009057416294972974,-0.030885907467955928
2026-01-02,-0.0164440459089701,-0.0032998650408388,test,SGDPHP_RET,0.014070973117192978,0.010771108076354178
2026-01-05,-0.6258887909653423,0.0052540645675297,test,SGDPHP_RET,0.0010601427048444727,0.006314207272374172
2026-01-06,1.118322926111614,0.2439537370553645,test,SGDPHP_RET,-0.014288315309488462,0.22966542174587604
2026-01-07,0.465724365951746,-0.5292650159504553,test,SGDPHP_RET,-0.10887557625306851,-0.6381405922035238
2026-01-08,-0.1054601825617846,-0.1629580290126507,test,SGDPHP_RET,-0.09998280530076877,-0.26294083431341947
2026-01-09,-0.5313357485268632,-0.0576900311675028,test,SGDPHP_RET,0.016815533810453077,-0.04087449735704972
2026-01-12,-0.0902892385878116,0.2216682981210514,test,SGDPHP_RET,-0.02158223372637025,0.20008606439468116
2026-01-13,0.0724615778219993,0.040353448265346,test,SGDPHP_RET,-0.052268465082131024,-0.011915016816785022
2026-01-14,0.2109181083044942,-0.0573343331733877,test,SGDPHP_RET,0.012579474700824328,-0.04475485847256337
2026-01-15,0.2571017614216998,-0.0820445886084338,test,SGDPHP_RET,0.008481736453188225,-0.07356285215524558
2026-01-16,-0.2248172546847951,-0.1801241711783042,test,SGDPHP_RET,0.01449239232279325,-0.16563177885551095
2026-01-19,0.012740834937331,0.0549720006939365,test,SGDPHP_RET,-0.009247287341124616,0.045724713352811884
2026-01-20,0.1442477723191287,0.0456853460994896,test,SGDPHP_RET,-0.008397517168419369,0.03728782893107023
2026-01-21,0.1113296386085317,0.1771130113420044,test,SGDPHP_RET,0.019981664571858914,0.19709467591386332
2026-01-22,-0.4543569838576911,-0.0251506739356867,test,SGDPHP_RET,-0.01671314552764079,-0.04186381946332749
2026-01-23,0.2066027318101496,0.1817544445823467,test,SGDPHP_RET,-0.028416230065013353,0.15333821451733337
2026-01-26,0.5751468735288198,-0.0831198831350703,test,SGDPHP_RET,0.011055350047770966,-0.07206453308729932
2026-01-27,0.2379014690629889,0.0959851848489489,test,SGDPHP_RET,0.07134160002051172,0.16732678486946062
2026-01-28,0.1568429095369828,0.2184162582601349,test,SGDPHP_RET,0.01892427310575338,0.23734053136588826
2026-01-29,-0.0832456704811918,-0.0818632657244977,test,SGDPHP_RET,-0.01520333284569884,-0.09706659857019655
2026-01-30,0.0278287208137695,0.1499841626115624,test,SGDPHP_RET,0.004487177956862614,0.15447134056842501
2026-02-02,-1.080390734912719,-0.0334002159367026,test,SGDPHP_RET,-0.036444659710154446,-0.06984487564685704
2026-02-03,0.5837058889800973,0.1146353660395608,test,SGDPHP_RET,-0.013800968150710797,0.10083439788885
2026-02-04,0.2089693710993241,-0.1877639745220039,test,SGDPHP_RET,0.06004641707555507,-0.12771755744644886
2026-02-05,-0.2007766257014541,-0.0718398848922657,test,SGDPHP_RET,0.03060285295073917,-0.04123703194152653
2026-02-06,-0.6039318848160512,-0.0500501617022726,test,SGDPHP_RET,-0.038604600267912036,-0.08865476197018463
2026-02-09,-0.5641623176786623,0.2076828519585289,test,SGDPHP_RET,-0.01627065612493998,0.19141219583358893
2026-02-10,0.8692307738941908,0.3974672003053467,test,SGDPHP_RET,0.00983926992783702,0.4073064702331837
2026-02-11,0.1248866923069497,-0.2727037236339097,test,SGDPHP_RET,0.061175082887133934,-0.21152864074677577
2026-02-12,-0.1070779932487408,0.0372972980550932,test,SGDPHP_RET,0.03090972594968116,0.06820702400477435
2026-02-13,-0.6521589637829819,0.0315995870537819,test,SGDPHP_RET,-0.04321736928801132,-0.01161778223422942
2026-02-16,-0.3401929042152932,0.2360971686856468,test,SGDPHP_RET,-0.009460288249627326,0.22663688043601948
2026-02-17,0.3001001922011518,0.1010706586996232,test,SGDPHP_RET,-0.015827135226098347,0.08524352347352485
2026-02-18,-0.3406508946851343,-0.2031045823451614,test,SGDPHP_RET,0.01351124292693049,-0.18959333941823092
2026-02-19,0.0404267920544985,-0.0089715733752964,test,SGDPHP_RET,-0.04123324980146064,-0.05020482317675704
2026-02-20,0.0151089185061759,-0.1142114543979465,test,SGDPHP_RET,0.015653052690971184,-0.09855840170697532
2026-02-23,0.1455127988536647,-0.0187825189991155,test,SGDPHP_RET,0.019620956730249113,0.0008384377311336129
2026-02-24,-0.6954780475204076,-0.0176263608427317,test,SGDPHP_RET,0.017108486818937195,-0.0005178740237945061
2026-02-25,0.1023968405188786,0.1385974882977302,test,SGDPHP_RET,-0.010246727721521645,0.12835076057620853
2026-02-26,0.0688867374570255,-0.0049741479893987,test,SGDPHP_RET,-0.006342883026952118,-0.011317031016350818
2026-02-27,0.0217182127856297,-0.045739971892706,test,SGDPHP_RET,0.018617283313858257,-0.02712268857884774
2026-03-02,-0.372951492261018,0.0938566115050417,test,SGDPHP_RET,0.017999242028932265,0.11185585353397395
2026-03-03,0.7958294399493457,-0.0022033425372435,test,SGDPHP_RET,-0.022446225211188064,-0.024649567748431564
2026-03-04,-0.2499277972885618,-0.4839022461907735,test,SGDPHP_RET,-0.04665494264827397,-0.5305571888390475
2026-03-05,0.3158487143426939,0.1614232247437831,test,SGDPHP_RET,0.010160518838964828,0.17158374358274792
2026-03-06,0.2921139541309255,-0.1910630152790673,test,SGDPHP_RET,0.01798612358050962,-0.17307689169855767
2026-03-09,0.0697061475030296,-0.0284024833091758,test,SGDPHP_RET,0.06587269226666013,0.03747020895748433
2026-03-10,0.921273309965418,0.1216276814910684,test,SGDPHP_RET,0.01997070410223679,0.14159838559330518
2026-03-11,-1.843554766806191,-0.364479412915543,test,SGDPHP_RET,-0.048224034670860005,-0.412703447586403
2026-03-12,1.943326719315527,0.5456842023486869,test,SGDPHP_RET,0.29396339869934673,0.8396476010480336
2026-03-13,0.1601016056314329,-0.6639918685979537,test,SGDPHP_RET,0.3933287666130426,-0.27066310198491106
2026-03-16,-2.518134572856743,-0.0333954593319117,test,SGDPHP_RET,-0.07114482659048975,-0.10454028592240144
2026-03-17,2.886950652547351,0.901620801481223,test,SGDPHP_RET,1.5011210913386204,2.4027418928198436
2026-03-18,-0.5475444386610897,-0.9806099015922296,test,SGDPHP_RET,0.22716211425655344,-0.7534477873356762
2026-03-19,0.3159295760820462,0.185538269564898,test,SGDPHP_RET,0.044799664811197286,0.2303379343760953
2026-03-20,0.0621991681608575,0.1683755390091741,test,SGDPHP_RET,0.019572680428995362,0.18794821943816947
2026-03-23,-0.4753688908064953,-0.0190874538376231,test,SGDPHP_RET,-0.031097735416498823,-0.05018518925412192
2026-03-24,0.6748316143982503,0.3448115271749239,test,SGDPHP_RET,-0.023914869740235465,0.3208966574346884
2026-03-25,0.6307236642911714,-0.3102998827772864,test,SGDPHP_RET,0.012859177991552785,-0.2974407047857336
2026-03-26,-0.3187557812200212,-0.3576846373564821,test,SGDPHP_RET,-0.1248256262115936,-0.4825102635680757
2026-03-27,-0.0230271257664554,0.0289080238074597,test,SGDPHP_RET,0.01388698951479382,0.04279501332225352
2026-03-30,0.2112387636239904,0.0326320943617705,test,SGDPHP_RET,-0.011778371665170649,0.020853722696599852
2026-03-31,0.1445657228476006,-0.0738206472606889,test,SGDPHP_RET,0.01568440025393556,-0.05813624700675334
2026-04-01,0.3687364907143847,0.0770737404659963,test,SGDPHP_RET,0.011530588535736762,0.08860432900173307
2026-04-02,-0.5336237540100682,-0.0005685369806039424,test,SGDPHP_RET,0.008847374396185237,0.008278837415581296
2026-04-03,-0.271494729729906,0.2547791161254369,test,SGDPHP_RET,-0.01693389846922682,0.23784521765621008
