Date,USDTHB=X
2010-01-01,32.78099822998047
2010-01-04,32.58599853515625
2010-01-05,33.183998107910156
2010-01-06,32.96200180053711
2010-01-07,32.948001861572266
2010-01-08,32.83300018310547
2010-01-11,32.8849983215332
2010-01-12,32.96799850463867
2010-01-13,32.777000427246094
2010-01-14,32.62799835205078
2010-01-15,32.66899871826172
2010-01-18,32.62799835205078
2010-01-19,32.6619987487793
2010-01-20,32.75400161743164
2010-01-21,32.797000885009766
2010-01-22,32.87699890136719
2010-01-25,32.457000732421875
2010-01-26,32.87300109863281
2010-01-27,32.88999938964844
2010-01-28,32.93600082397461
2010-01-29,33.00899887084961
2010-02-01,32.94599914550781
2010-02-02,32.87900161743164
2010-02-03,32.89699935913086
2010-02-04,32.981998443603516
2010-02-05,32.84299850463867
2010-02-08,33.090999603271484
2010-02-09,33.01900100708008
2010-02-10,32.888999938964844
2010-02-11,32.840999603271484
2010-02-12,32.95800018310547
2010-02-15,33.00199890136719
2010-02-16,32.90299987792969
2010-02-17,33.01100158691406
2010-02-18,33.2400016784668
2010-02-19,32.77000045776367
2010-02-22,32.875999450683594
2010-02-23,32.90599822998047
2010-02-24,32.92300033569336
2010-02-25,32.7239990234375
2010-02-26,32.893001556396484
2010-03-01,32.513999938964844
2010-03-02,32.387001037597656
2010-03-03,32.5260009765625
2010-03-04,32.38399887084961
2010-03-05,32.39899826049805
2010-03-08,32.4900016784668
2010-03-09,32.45899963378906
2010-03-10,32.47999954223633
2010-03-11,32.441001892089844
2010-03-12,32.34600067138672
2010-03-15,32.28799819946289
2010-03-16,32.34700012207031
2010-03-17,32.165000915527344
2010-03-18,32.07600021362305
2010-03-19,32.0989990234375
2010-03-22,32.12200164794922
2010-03-23,32.24300003051758
2010-03-24,32.2400016784668
2010-03-25,32.29899978637695
2010-03-26,32.14799880981445
2010-03-29,32.099998474121094
2010-03-30,32.1150016784668
2010-03-31,32.180999755859375
2010-04-01,32.10900115966797
2010-04-02,31.749000549316406
2010-04-05,31.78499984741211
2010-04-06,32.138999938964844
2010-04-07,32.19200134277344
2010-04-08,32.07899856567383
2010-04-09,31.948999404907227
2010-04-12,32.17399978637695
2010-04-13,32.10499954223633
2010-04-14,32.07699966430664
2010-04-15,31.961000442504883
2010-04-16,31.969999313354492
2010-04-19,31.975000381469727
2010-04-20,31.979999542236328
2010-04-21,31.9689998626709
2010-04-22,32.13100051879883
2010-04-23,32.099998474121094
2010-04-26,31.836999893188477
2010-04-27,32.22999954223633
2010-04-28,31.926000595092773
2010-04-29,31.990999221801758
2010-04-30,32.154998779296875
2010-05-03,32.09700012207031
2010-05-04,32.2599983215332
2010-05-05,32.31700134277344
2010-05-06,32.4119987487793
2010-05-07,31.96500015258789
2010-05-10,32.279998779296875
2010-05-11,32.31399917602539
2010-05-12,32.069000244140625
2010-05-13,32.37099838256836
2010-05-14,32.233001708984375
2010-05-17,31.601999282836914
2010-05-18,32.73899841308594
2010-05-19,31.15999984741211
2010-05-20,32.04899978637695
2010-05-21,32.16299819946289
2010-05-24,32.51300048828125
2010-05-25,32.17399978637695
2010-05-26,32.41999816894531
2010-05-27,32.374000549316406
2010-05-28,32.59600067138672
2010-05-31,32.43000030517578
2010-06-01,32.4630012512207
2010-06-02,32.28499984741211
2010-06-03,32.41400146484375
2010-06-04,32.50299835205078
2010-06-07,32.5260009765625
2010-06-08,32.47200012207031
2010-06-09,32.53300094604492
2010-06-10,32.284000396728516
2010-06-11,32.12900161743164
2010-06-14,32.34600067138672
2010-06-15,32.20500183105469
2010-06-16,32.222999572753906
2010-06-17,32.137001037597656
2010-06-18,32.10900115966797
2010-06-21,32.23899841308594
2010-06-22,32.16899871826172
2010-06-23,31.93400001525879
2010-06-24,32.2400016784668
2010-06-25,32.073001861572266
2010-06-28,32.27399826049805
2010-06-29,32.19900131225586
2010-06-30,32.369998931884766
2010-07-01,32.040000915527344
2010-07-02,32.198001861572266
2010-07-05,32.202999114990234
2010-07-06,32.26900100708008
2010-07-07,32.13100051879883
2010-07-08,32.125999450683594
2010-07-09,32.124000549316406
2010-07-12,32.09299850463867
2010-07-13,32.15599822998047
2010-07-14,31.631999969482422
2010-07-15,31.945999145507812
2010-07-16,31.996000289916992
2010-07-19,32.1510009765625
2010-07-20,32.125999450683594
2010-07-21,32.20899963378906
2010-07-22,32.04100036621094
2010-07-23,31.902000427246094
2010-07-26,31.95400047302246
2010-07-27,31.95400047302246
2010-07-28,32.047000885009766
2010-07-29,32.01100158691406
2010-07-30,32.12300109863281
2010-08-02,32.0099983215332
2010-08-03,31.990999221801758
2010-08-04,31.986000061035156
2010-08-05,31.948999404907227
2010-08-06,31.79199981689453
2010-08-09,31.808000564575195
2010-08-10,31.77199935913086
2010-08-11,31.538000106811523
2010-08-12,31.875999450683594
2010-08-13,31.81399917602539
2010-08-16,31.659000396728516
2010-08-17,31.631999969482422
2010-08-18,31.565000534057617
2010-08-19,31.454999923706055
2010-08-20,31.388999938964844
2010-08-23,31.23900032043457
2010-08-24,31.327999114990234
2010-08-25,31.410999298095703
2010-08-26,31.23699951171875
2010-08-27,31.160999298095703
2010-08-30,30.613000869750977
2010-08-31,31.141000747680664
2010-09-01,31.125
2010-09-02,30.979000091552734
2010-09-03,30.924999237060547
2010-09-06,30.905000686645508
2010-09-07,30.965999603271484
2010-09-08,31.051000595092773
2010-09-09,30.809999465942383
2010-09-10,30.621999740600586
2010-09-13,30.583999633789062
2010-09-14,30.56399917602539
2010-09-15,30.599000930786133
2010-09-16,30.6299991607666
2010-09-17,30.555999755859375
2010-09-20,30.23900032043457
2010-09-21,30.554000854492188
2010-09-22,30.30500030517578
2010-09-23,30.426000595092773
2010-09-24,30.55900001525879
2010-09-27,30.46500015258789
2010-09-28,30.458999633789062
2010-09-29,30.371999740600586
2010-09-30,30.2549991607666
2010-10-01,30.091999053955078
2010-10-04,29.933000564575195
2010-10-05,29.972999572753906
2010-10-06,29.900999069213867
2010-10-07,29.73699951171875
2010-10-08,29.739999771118164
2010-10-11,29.29599952697754
2010-10-12,29.577999114990234
2010-10-13,29.615999221801758
2010-10-14,29.641000747680664
2010-10-15,29.590999603271484
2010-10-18,29.499000549316406
2010-10-19,29.7549991607666
2010-10-20,29.979999542236328
2010-10-21,29.66200065612793
2010-10-22,29.750999450683594
2010-10-25,29.67300033569336
2010-10-26,29.711000442504883
2010-10-27,29.722000122070312
2010-10-28,29.80699920654297
2010-10-29,29.80699920654297
2010-11-01,29.56399917602539
2010-11-02,29.590999603271484
2010-11-03,29.618999481201172
2010-11-04,29.384000778198242
2010-11-05,29.441999435424805
2010-11-08,29.392000198364258
2010-11-09,29.562000274658203
2010-11-10,29.5310001373291
2010-11-11,29.30299949645996
2010-11-12,29.659000396728516
2010-11-15,29.639999389648438
2010-11-16,29.788999557495117
2010-11-17,29.780000686645508
2010-11-18,29.8439998626709
2010-11-19,29.672000885009766
2010-11-22,29.584999084472656
2010-11-23,29.82900047302246
2010-11-24,29.843000411987305
2010-11-25,29.804000854492188
2010-11-26,29.972999572753906
2010-11-29,30.04599952697754
2010-11-30,29.985000610351562
2010-12-01,30.059999465942383
2010-12-02,29.8799991607666
2010-12-03,29.823999404907227
2010-12-06,29.735000610351562
2010-12-07,29.775999069213867
2010-12-08,29.988000869750977
2010-12-09,29.90399932861328
2010-12-10,29.775999069213867
2010-12-13,29.959999084472656
2010-12-14,29.80500030517578
2010-12-15,29.875999450683594
2010-12-16,30.07200050354004
2010-12-17,29.861000061035156
2010-12-20,29.804000854492188
2010-12-21,29.966999053955078
2010-12-22,30.027000427246094
2010-12-23,29.913999557495117
2010-12-24,29.9060001373291
2010-12-27,29.67099952697754
2010-12-28,29.89299964904785
2010-12-29,30.054000854492188
2010-12-30,29.857999801635742
2010-12-31,29.868999481201172
2011-01-03,29.7450008392334
2011-01-04,29.910999298095703
2011-01-05,29.863000869750977
2011-01-06,30.04800033569336
2011-01-07,30.15399932861328
2011-01-10,30.243000030517578
2011-01-11,30.416000366210938
2011-01-12,29.8700008392334
2011-01-13,30.0049991607666
2011-01-14,30.214000701904297
2011-01-17,29.826000213623047
2011-01-18,30.386999130249023
2011-01-19,30.31399917602539
2011-01-20,30.3700008392334
2011-01-21,30.007999420166016
2011-01-24,29.878999710083008
2011-01-25,30.785999298095703
2011-01-26,30.658000946044922
2011-01-27,30.152999877929688
2011-01-28,30.64699935913086
2011-01-31,30.889999389648438
2011-02-01,30.69099998474121
2011-02-02,30.60300064086914
2011-02-03,30.604000091552734
2011-02-04,30.79599952697754
2011-02-07,30.617000579833984
2011-02-08,30.027999877929688
2011-02-09,30.586999893188477
2011-02-10,30.43899917602539
2011-02-11,30.645000457763672
2011-02-14,30.600000381469727
2011-02-15,30.520000457763672
2011-02-16,30.513999938964844
2011-02-17,30.360000610351562
2011-02-18,30.386999130249023
2011-02-21,30.259000778198242
2011-02-22,30.31999969482422
2011-02-23,30.371000289916992
2011-02-24,30.388999938964844
2011-02-25,30.527999877929688
2011-02-28,30.625
2011-03-01,30.514999389648438
2011-03-02,30.59600067138672
2011-03-03,30.534000396728516
2011-03-04,30.399999618530273
2011-03-07,30.420000076293945
2011-03-08,30.41699981689453
2011-03-09,30.347000122070312
2011-03-10,30.292999267578125
2011-03-11,30.409000396728516
2011-03-14,30.183000564575195
2011-03-15,30.31100082397461
2011-03-16,30.395999908447266
2011-03-17,30.476999282836914
2011-03-18,30.2189998626709
2011-03-21,30.240999221801758
2011-03-22,30.198999404907227
2011-03-23,30.250999450683594
2011-03-24,30.266000747680664
2011-03-25,30.222000122070312
2011-03-28,29.98699951171875
2011-03-29,30.30299949645996
2011-03-30,30.233999252319336
2011-03-31,30.225000381469727
2011-04-01,30.250999450683594
2011-04-04,30.211000442504883
2011-04-05,30.18400001525879
2011-04-06,30.163000106811523
2011-04-07,30.09000015258789
2011-04-08,30.03700065612793
2011-04-11,29.959999084472656
2011-04-12,30.062000274658203
2011-04-13,30.091999053955078
2011-04-14,30.16900062561035
2011-04-18,30.180999755859375
2011-04-19,30.033000946044922
2011-04-20,29.951000213623047
2011-04-21,29.881000518798828
2011-04-22,29.902000427246094
2011-04-25,29.940000534057617
2011-04-26,29.89699935913086
2011-04-27,29.781999588012695
2011-04-28,29.670000076293945
2011-04-29,29.766000747680664
2011-05-02,29.905000686645508
2011-05-03,29.87299919128418
2011-05-04,30.020999908447266
2011-05-05,30.038000106811523
2011-05-06,30.232999801635742
2011-05-09,30.461999893188477
2011-05-10,29.98200035095215
2011-05-11,30.009000778198242
2011-05-12,30.187000274658203
2011-05-13,30.21500015258789
2011-05-16,30.3799991607666
2011-05-17,30.367000579833984
2011-05-18,29.597000122070312
2011-05-19,30.229999542236328
2011-05-20,30.073999404907227
2011-05-23,30.426000595092773
2011-05-24,30.319000244140625
2011-05-25,30.361000061035156
2011-05-26,30.422000885009766
2011-05-27,30.29800033569336
2011-05-30,30.27400016784668
2011-05-31,30.19099998474121
2011-06-01,30.17099952697754
2011-06-02,30.354000091552734
2011-06-03,30.148000717163086
2011-06-06,30.160999298095703
2011-06-07,30.30699920654297
2011-06-08,30.215999603271484
2011-06-09,30.326000213623047
2011-06-10,30.386999130249023
2011-06-13,30.090999603271484
2011-06-14,30.3439998626709
2011-06-15,30.441999435424805
2011-06-16,30.54199981689453
2011-06-17,30.459999084472656
2011-06-20,30.56399917602539
2011-06-21,30.482999801635742
2011-06-22,30.472000122070312
2011-06-23,30.545000076293945
2011-06-24,30.31100082397461
2011-06-27,30.72599983215332
2011-06-28,30.111000061035156
2011-06-29,30.92300033569336
2011-06-30,30.679000854492188
2011-07-01,30.145999908447266
2011-07-04,30.690000534057617
2011-07-05,30.325000762939453
2011-07-06,30.506999969482422
2011-07-07,30.413999557495117
2011-07-08,30.218000411987305
2011-07-11,30.309999465942383
2011-07-12,30.253000259399414
2011-07-13,30.389999389648438
2011-07-14,29.909000396728516
2011-07-15,30.070999145507812
2011-07-18,30.125
2011-07-19,29.827999114990234
2011-07-20,29.82200050354004
2011-07-21,29.711999893188477
2011-07-22,29.743999481201172
2011-07-25,29.28700065612793
2011-07-26,29.663999557495117
2011-07-27,29.62700080871582
2011-07-28,29.69700050354004
2011-07-29,29.608999252319336
2011-08-01,29.795000076293945
2011-08-02,29.56100082397461
2011-08-03,29.804000854492188
2011-08-04,29.655000686645508
2011-08-05,29.975000381469727
2011-08-08,29.55500030517578
2011-08-09,29.999000549316406
2011-08-10,29.61199951171875
2011-08-11,29.990999221801758
2011-08-12,29.92300033569336
2011-08-15,29.298999786376953
2011-08-16,29.052000045776367
2011-08-17,29.857999801635742
2011-08-18,29.841999053955078
2011-08-19,29.825000762939453
2011-08-22,29.868999481201172
2011-08-23,29.847999572753906
2011-08-24,29.774999618530273
2011-08-25,29.84600067138672
2011-08-26,29.961000442504883
2011-08-29,29.909000396728516
2011-08-30,29.922000885009766
2011-08-31,29.982999801635742
2011-09-01,29.961000442504883
2011-09-02,29.957000732421875
2011-09-05,29.96500015258789
2011-09-06,29.979999542236328
2011-09-07,29.895000457763672
2011-09-08,29.884000778198242
2011-09-09,30.072999954223633
2011-09-12,30.19499969482422
2011-09-13,30.05299949645996
2011-09-14,30.1299991607666
2011-09-15,30.152000427246094
2011-09-16,30.250999450683594
2011-09-19,30.46299934387207
2011-09-20,30.565000534057617
2011-09-21,30.360000610351562
2011-09-22,30.836999893188477
2011-09-23,30.672000885009766
2011-09-26,30.812000274658203
2011-09-27,31.138999938964844
2011-09-28,30.87299919128418
2011-09-29,31.174999237060547
2011-09-30,31.256000518798828
2011-10-03,31.309999465942383
2011-10-04,31.2810001373291
2011-10-05,30.224000930786133
2011-10-06,31.097999572753906
2011-10-07,30.93600082397461
2011-10-10,31.179000854492188
2011-10-11,30.892000198364258
2011-10-12,30.944000244140625
2011-10-13,30.791000366210938
2011-10-14,30.819000244140625
2011-10-17,30.020999908447266
2011-10-18,30.66900062561035
2011-10-19,30.674999237060547
2011-10-20,30.701000213623047
2011-10-21,30.697999954223633
2011-10-24,30.98699951171875
2011-10-25,30.808000564575195
2011-10-26,30.770000457763672
2011-10-27,30.645000457763672
2011-10-28,30.44700050354004
2011-10-31,30.507999420166016
2011-11-01,30.819000244140625
2011-11-02,30.97800064086914
2011-11-03,30.85099983215332
2011-11-04,30.569000244140625
2011-11-07,30.59000015258789
2011-11-08,30.589000701904297
2011-11-09,30.533000946044922
2011-11-10,30.829999923706055
2011-11-11,30.759000778198242
2011-11-14,30.738000869750977
2011-11-15,30.711999893188477
2011-11-16,30.85300064086914
2011-11-17,30.916000366210938
2011-11-18,30.9950008392334
2011-11-21,30.5310001373291
2011-11-22,31.277000427246094
2011-11-23,31.117000579833984
2011-11-24,31.32200050354004
2011-11-25,31.256000518798828
2011-11-28,31.23200035095215
2011-11-29,30.83799934387207
2011-11-30,31.250999450683594
2011-12-01,30.847999572753906
2011-12-02,30.80299949645996
2011-12-05,30.392000198364258
2011-12-06,30.898000717163086
2011-12-07,30.76799964904785
2011-12-08,30.666000366210938
2011-12-09,30.672000885009766
2011-12-12,30.405000686645508
2011-12-13,30.70599937438965
2011-12-14,31.36199951171875
2011-12-15,31.268999099731445
2011-12-16,31.33799934387207
2011-12-19,31.277000427246094
2011-12-20,31.266000747680664
2011-12-21,31.163999557495117
2011-12-22,31.231000900268555
2011-12-23,31.16200065612793
2011-12-26,31.256999969482422
2011-12-27,31.246999740600586
2011-12-28,31.402999877929688
2011-12-29,31.538000106811523
2011-12-30,31.740999221801758
2012-01-02,31.56100082397461
2012-01-03,31.457000732421875
2012-01-04,31.298999786376953
2012-01-05,31.465999603271484
2012-01-06,31.56800079345703
2012-01-09,31.80299949645996
2012-01-10,31.658000946044922
2012-01-11,31.64699935913086
2012-01-12,31.617000579833984
2012-01-13,31.735000610351562
2012-01-16,31.88599967956543
2012-01-17,31.847000122070312
2012-01-18,31.70599937438965
2012-01-19,31.594999313354492
2012-01-20,30.868000030517578
2012-01-23,30.982999801635742
2012-01-24,31.339000701904297
2012-01-25,31.36199951171875
2012-01-26,31.214000701904297
2012-01-27,31.323999404907227
2012-01-30,30.332000732421875
2012-01-31,30.56399917602539
2012-02-01,30.86199951171875
2012-02-02,31.0049991607666
2012-02-03,30.917999267578125
2012-02-06,30.839000701904297
2012-02-07,30.93199920654297
2012-02-08,30.857999801635742
2012-02-09,30.69099998474121
2012-02-10,30.756000518798828
2012-02-13,30.2810001373291
2012-02-14,30.76300048828125
2012-02-15,30.792999267578125
2012-02-16,30.79599952697754
2012-02-17,30.790000915527344
2012-02-20,29.9689998626709
2012-02-21,30.724000930786133
2012-02-22,30.67300033569336
2012-02-23,30.468000411987305
2012-02-24,30.24799919128418
2012-02-27,30.270000457763672
2012-02-28,30.385000228881836
2012-02-29,30.270999908447266
2012-03-01,30.43899917602539
2012-03-02,30.47100067138672
2012-03-05,30.572999954223633
2012-03-06,30.636999130249023
2012-03-07,30.766000747680664
2012-03-08,30.71299934387207
2012-03-09,30.542999267578125
2012-03-12,30.52400016784668
2012-03-13,30.584999084472656
2012-03-14,30.594999313354492
2012-03-15,30.777000427246094
2012-03-16,30.724000930786133
2012-03-19,30.687000274658203
2012-03-20,30.67799949645996
2012-03-21,30.768999099731445
2012-03-22,30.729999542236328
2012-03-23,30.7189998626709
2012-03-26,30.05699920654297
2012-03-27,30.638999938964844
2012-03-28,30.700000762939453
2012-03-29,30.763999938964844
2012-03-30,30.88599967956543
2012-04-02,30.78499984741211
2012-04-03,30.805999755859375
2012-04-04,30.850000381469727
2012-04-05,30.97800064086914
2012-04-06,30.972999572753906
2012-04-09,30.360000610351562
2012-04-10,30.288999557495117
2012-04-11,30.930999755859375
2012-04-12,30.849000930786133
2012-04-13,30.697999954223633
2012-04-16,30.405000686645508
2012-04-17,30.81999969482422
2012-04-18,30.784000396728516
2012-04-19,30.836999893188477
2012-04-20,30.86400032043457
2012-04-23,30.91200065612793
2012-04-24,30.958999633789062
2012-04-25,30.895000457763672
2012-04-26,30.871000289916992
2012-04-27,30.327999114990234
2012-04-30,30.753000259399414
2012-05-01,30.707000732421875
2012-05-02,30.707000732421875
2012-05-03,30.840999603271484
2012-05-04,30.927000045776367
2012-05-07,30.718000411987305
2012-05-08,30.940000534057617
2012-05-09,30.9950008392334
2012-05-10,31.107999801635742
2012-05-11,31.121000289916992
2012-05-14,31.18899917602539
2012-05-15,31.325000762939453
2012-05-16,31.343000411987305
2012-05-17,31.358999252319336
2012-05-18,31.37700080871582
2012-05-21,31.42099952697754
2012-05-22,31.27400016784668
2012-05-23,31.424999237060547
2012-05-24,31.547000885009766
2012-05-25,31.594999313354492
2012-05-28,31.055999755859375
2012-05-29,31.63599967956543
2012-05-30,31.726999282836914
2012-05-31,31.840999603271484
2012-06-01,31.790000915527344
2012-06-04,31.06399917602539
2012-06-05,31.47599983215332
2012-06-06,31.5310001373291
2012-06-07,31.37700080871582
2012-06-08,31.636999130249023
2012-06-11,30.558000564575195
2012-06-12,31.64299964904785
2012-06-13,31.562999725341797
2012-06-14,31.488000869750977
2012-06-15,31.464000701904297
2012-06-18,30.61400032043457
2012-06-19,31.413000106811523
2012-06-20,31.395999908447266
2012-06-21,31.518999099731445
2012-06-22,31.78700065612793
2012-06-25,31.88800048828125
2012-06-26,31.79800033569336
2012-06-27,31.83099937438965
2012-06-28,31.82200050354004
2012-06-29,31.875
2012-07-02,30.915000915527344
2012-07-03,31.5310001373291
2012-07-04,31.385000228881836
2012-07-05,31.506000518798828
2012-07-06,31.56800079345703
2012-07-09,31.257999420166016
2012-07-10,31.677000045776367
2012-07-11,31.714000701904297
2012-07-12,31.673999786376953
2012-07-13,31.76300048828125
2012-07-16,31.648000717163086
2012-07-17,31.56100082397461
2012-07-18,31.586999893188477
2012-07-19,31.64699935913086
2012-07-20,31.6200008392334
2012-07-23,31.266000747680664
2012-07-24,31.715999603271484
2012-07-25,31.773000717163086
2012-07-26,31.6200008392334
2012-07-27,31.569000244140625
2012-07-30,30.892000198364258
2012-07-31,31.55900001525879
2012-08-01,31.533000946044922
2012-08-02,31.555999755859375
2012-08-03,31.604000091552734
2012-08-06,30.562000274658203
2012-08-07,31.42099952697754
2012-08-08,31.47599983215332
2012-08-09,31.472000122070312
2012-08-10,31.445999145507812
2012-08-13,30.82900047302246
2012-08-14,31.420000076293945
2012-08-15,31.452999114990234
2012-08-16,31.489999771118164
2012-08-17,31.46500015258789
2012-08-20,30.94099998474121
2012-08-21,31.48900032043457
2012-08-22,31.347999572753906
2012-08-23,31.132999420166016
2012-08-24,31.135000228881836
2012-08-27,30.648000717163086
2012-08-28,31.26099967956543
2012-08-29,31.246999740600586
2012-08-30,31.30900001525879
2012-08-31,31.367000579833984
2012-09-03,30.732999801635742
2012-09-04,31.187000274658203
2012-09-05,31.19700050354004
2012-09-06,31.23200035095215
2012-09-07,31.194000244140625
2012-09-10,30.329999923706055
2012-09-11,31.072999954223633
2012-09-12,31.027999877929688
2012-09-13,30.88800048828125
2012-09-14,30.85099983215332
2012-09-17,30.090999603271484
2012-09-18,30.797000885009766
2012-09-19,30.820999145507812
2012-09-20,30.757999420166016
2012-09-21,30.8439998626709
2012-09-24,30.288999557495117
2012-09-25,30.922000885009766
2012-09-26,30.91200065612793
2012-09-27,30.983999252319336
2012-09-28,30.83099937438965
2012-10-01,30.459999084472656
2012-10-02,30.746999740600586
2012-10-03,30.64900016784668
2012-10-04,30.636999130249023
2012-10-05,30.54599952697754
2012-10-08,29.930999755859375
2012-10-09,30.58300018310547
2012-10-10,30.68000030517578
2012-10-11,30.69300079345703
2012-10-12,30.670000076293945
2012-10-15,30.091999053955078
2012-10-16,30.697999954223633
2012-10-17,30.614999771118164
2012-10-18,30.604000091552734
2012-10-19,30.60700035095215
2012-10-22,30.163000106811523
2012-10-23,30.672000885009766
2012-10-24,30.733999252319336
2012-10-25,30.707000732421875
2012-10-26,30.709999084472656
2012-10-29,30.05299949645996
2012-10-30,30.708999633789062
2012-10-31,30.698999404907227
2012-11-01,30.670000076293945
2012-11-02,30.674999237060547
2012-11-05,30.240999221801758
2012-11-06,30.7810001373291
2012-11-07,30.71299934387207
2012-11-08,30.70400047302246
2012-11-09,30.660999298095703
2012-11-12,29.993000030517578
2012-11-13,30.615999221801758
2012-11-14,30.63800048828125
2012-11-15,30.680999755859375
2012-11-16,30.70599937438965
2012-11-19,30.066999435424805
2012-11-20,30.65399932861328
2012-11-21,30.667999267578125
2012-11-22,30.673999786376953
2012-11-23,30.687000274658203
2012-11-26,29.933000564575195
2012-11-27,30.655000686645508
2012-11-28,30.65999984741211
2012-11-29,30.68600082397461
2012-11-30,30.684999465942383
2012-12-03,30.0939998626709
2012-12-04,30.607999801635742
2012-12-05,30.650999069213867
2012-12-06,30.6560001373291
2012-12-07,30.652000427246094
2012-12-10,30.114999771118164
2012-12-11,30.61400032043457
2012-12-12,30.582000732421875
2012-12-13,30.600000381469727
2012-12-14,30.604999542236328
2012-12-17,30.57699966430664
2012-12-18,30.55699920654297
2012-12-19,30.566999435424805
2012-12-20,30.572999954223633
2012-12-21,30.611000061035156
2012-12-24,30.586000442504883
2012-12-25,30.591999053955078
2012-12-26,30.608999252319336
2012-12-27,30.611000061035156
2012-12-28,30.59000015258789
2012-12-31,29.898000717163086
2013-01-01,30.579999923706055
2013-01-02,30.548999786376953
2013-01-03,30.292999267578125
2013-01-04,30.391000747680664
2013-01-07,29.756000518798828
2013-01-08,30.423999786376953
2013-01-09,30.415000915527344
2013-01-10,30.36199951171875
2013-01-11,30.22100067138672
2013-01-14,29.424999237060547
2013-01-15,30.214000701904297
2013-01-16,29.9060001373291
2013-01-17,29.791000366210938
2013-01-18,29.759000778198242
2013-01-21,29.214000701904297
2013-01-22,29.740999221801758
2013-01-23,29.72100067138672
2013-01-24,29.785999298095703
2013-01-25,29.80299949645996
2013-01-28,29.24799919128418
2013-01-29,29.884000778198242
2013-01-30,29.759000778198242
2013-01-31,29.7450008392334
2013-02-01,29.83099937438965
2013-02-04,29.176000595092773
2013-02-05,29.753000259399414
2013-02-06,29.750999450683594
2013-02-07,29.756000518798828
2013-02-08,29.77899932861328
2013-02-11,29.277999877929688
2013-02-12,29.83300018310547
2013-02-13,29.792999267578125
2013-02-14,29.826000213623047
2013-02-15,29.826000213623047
2013-02-18,29.233999252319336
2013-02-19,29.892000198364258
2013-02-20,29.839000701904297
2013-02-21,29.83799934387207
2013-02-22,29.79599952697754
2013-02-25,29.170000076293945
2013-02-26,29.81399917602539
2013-02-27,29.790000915527344
2013-02-28,29.791000366210938
2013-03-01,29.756000518798828
2013-03-04,29.73900032043457
2013-03-05,29.804000854492188
2013-03-06,29.73900032043457
2013-03-07,29.774999618530273
2013-03-08,29.691999435424805
2013-03-11,29.33799934387207
2013-03-12,29.687000274658203
2013-03-13,29.55299949645996
2013-03-14,29.613000869750977
2013-03-15,29.606000900268555
2013-03-18,29.31399917602539
2013-03-19,29.492000579833984
2013-03-20,29.219999313354492
2013-03-21,29.093000411987305
2013-03-22,29.155000686645508
2013-03-25,28.503000259399414
2013-03-26,29.257999420166016
2013-03-27,29.288999557495117
2013-03-28,29.268999099731445
2013-03-29,29.288999557495117
2013-04-01,28.672000885009766
2013-04-02,28.579999923706055
2013-04-03,29.381999969482422
2013-04-04,29.322999954223633
2013-04-05,29.24799919128418
2013-04-08,28.542999267578125
2013-04-09,29.18400001525879
2013-04-10,28.969999313354492
2013-04-11,29.04400062561035
2013-04-12,29.007999420166016
2013-04-15,29.062999725341797
2013-04-16,29.059999465942383
2013-04-17,28.940000534057617
2013-04-18,28.799999237060547
2013-04-19,28.415000915527344
2013-04-22,28.06999969482422
2013-04-23,28.68000030517578
2013-04-24,28.802000045776367
2013-04-25,28.92300033569336
2013-04-26,29.148000717163086
2013-04-29,28.625
2013-04-30,29.23699951171875
2013-05-01,29.243000030517578
2013-05-02,29.326000213623047
2013-05-03,29.440000534057617
2013-05-06,28.969999313354492
2013-05-07,29.55900001525879
2013-05-08,29.558000564575195
2013-05-09,28.673999786376953
2013-05-10,29.509000778198242
2013-05-13,29.179000854492188
2013-05-14,29.6299991607666
2013-05-15,29.700000762939453
2013-05-16,29.71299934387207
2013-05-17,29.70400047302246
2013-05-20,29.81800079345703
2013-05-21,29.770999908447266
2013-05-22,29.746000289916992
2013-05-23,29.88800048828125
2013-05-24,29.906999588012695
2013-05-27,29.351999282836914
2013-05-28,29.832000732421875
2013-05-29,30.070999145507812
2013-05-30,30.17099952697754
2013-05-31,30.101999282836914
2013-06-03,29.665000915527344
2013-06-04,30.31100082397461
2013-06-05,30.444000244140625
2013-06-06,30.524999618530273
2013-06-07,30.530000686645508
2013-06-10,30.113000869750977
2013-06-11,30.76099967956543
2013-06-12,30.93400001525879
2013-06-13,30.93899917602539
2013-06-14,30.695999145507812
2013-06-17,29.906999588012695
2013-06-18,30.6299991607666
2013-06-19,30.851999282836914
2013-06-20,30.988000869750977
2013-06-21,31.131999969482422
2013-06-24,31.160999298095703
2013-06-25,31.033000946044922
2013-06-26,31.014999389648438
2013-06-27,31.089000701904297
2013-06-28,31.113000869750977
2013-07-01,30.51799964904785
2013-07-02,30.908000946044922
2013-07-03,30.944000244140625
2013-07-04,31.02899932861328
2013-07-05,31.04800033569336
2013-07-08,30.635000228881836
2013-07-09,31.393999099731445
2013-07-10,31.224000930786133
2013-07-11,31.117000579833984
2013-07-12,31.089000701904297
2013-07-15,30.518999099731445
2013-07-16,31.0939998626709
2013-07-17,31.02400016784668
2013-07-18,30.957000732421875
2013-07-19,30.9950008392334
2013-07-22,30.340999603271484
2013-07-23,30.908000946044922
2013-07-24,30.868999481201172
2013-07-25,31.02199935913086
2013-07-26,31.017000198364258
2013-07-29,30.486000061035156
2013-07-30,31.14299964904785
2013-07-31,31.23200035095215
2013-08-01,31.23699951171875
2013-08-02,31.30500030517578
2013-08-05,30.628000259399414
2013-08-06,31.347000122070312
2013-08-07,31.381000518798828
2013-08-08,31.3799991607666
2013-08-09,31.159000396728516
2013-08-12,31.224000930786133
2013-08-13,31.229000091552734
2013-08-14,31.23900032043457
2013-08-15,31.233999252319336
2013-08-16,31.229000091552734
2013-08-19,30.700000762939453
2013-08-20,31.393999099731445
2013-08-21,31.617000579833984
2013-08-22,31.92099952697754
2013-08-23,31.990999221801758
2013-08-26,31.791000366210938
2013-08-27,31.969999313354492
2013-08-28,32.1349983215332
2013-08-29,32.143001556396484
2013-08-30,32.10900115966797
2013-09-02,31.625999450683594
2013-09-03,32.060001373291016
2013-09-04,32.14099884033203
2013-09-05,32.15299987792969
2013-09-06,32.33000183105469
2013-09-09,32.22700119018555
2013-09-10,32.066001892089844
2013-09-11,32.0880012512207
2013-09-12,31.90399932861328
2013-09-13,31.660999298095703
2013-09-16,31.72599983215332
2013-09-17,31.742000579833984
2013-09-18,31.68400001525879
2013-09-19,31.198999404907227
2013-09-20,31.027999877929688
2013-09-23,30.395000457763672
2013-09-24,31.148000717163086
2013-09-25,31.31399917602539
2013-09-26,31.270000457763672
2013-09-27,31.20599937438965
2013-09-30,30.709999084472656
2013-10-01,31.235000610351562
2013-10-02,31.174999237060547
2013-10-03,31.233999252319336
2013-10-04,31.26300048828125
2013-10-07,30.78700065612793
2013-10-09,31.31100082397461
2013-10-10,31.427000045776367
2013-10-11,31.35300064086914
2013-10-14,31.329999923706055
2013-10-15,31.240999221801758
2013-10-16,31.253999710083008
2013-10-17,31.202999114990234
2013-10-18,31.006000518798828
2013-10-21,31.030000686645508
2013-10-22,31.110000610351562
2013-10-23,31.01099967956543
2013-10-24,31.14900016784668
2013-10-25,31.145000457763672
2013-10-28,31.01799964904785
2013-10-29,31.034000396728516
2013-10-30,31.047000885009766
2013-10-31,31.086000442504883
2013-11-01,31.152000427246094
2013-11-04,30.638999938964844
2013-11-05,31.22599983215332
2013-11-06,31.250999450683594
2013-11-07,31.226999282836914
2013-11-08,31.33799934387207
2013-11-11,30.94700050354004
2013-11-12,31.589000701904297
2013-11-13,31.597999572753906
2013-11-14,31.45400047302246
2013-11-15,31.56999969482422
2013-11-18,30.944000244140625
2013-11-19,31.562000274658203
2013-11-20,31.58099937438965
2013-11-21,31.69499969482422
2013-11-22,31.80900001525879
2013-11-25,31.801000595092773
2013-11-26,32.013999938964844
2013-11-27,32.02399826049805
2013-11-28,32.11000061035156
2013-11-29,32.09400177001953
2013-12-02,32.0359992980957
2013-12-03,32.14799880981445
2013-12-04,32.14699935913086
2013-12-05,32.18600082397461
2013-12-06,32.22999954223633
2013-12-09,31.639999389648438
2013-12-10,32.119998931884766
2013-12-11,32.07600021362305
2013-12-12,32.04199981689453
2013-12-13,32.11000061035156
2013-12-16,32.05099868774414
2013-12-17,31.974000930786133
2013-12-18,32.09700012207031
2013-12-19,32.33000183105469
2013-12-20,32.45000076293945
2013-12-23,31.941999435424805
2013-12-24,32.66600036621094
2013-12-25,32.63999938964844
2013-12-26,32.67300033569336
2013-12-27,32.606998443603516
2013-12-30,32.78499984741211
2013-12-31,32.8129997253418
2014-01-01,32.69499969482422
2014-01-02,32.638999938964844
2014-01-03,32.948001861572266
2014-01-06,32.952999114990234
2014-01-07,33.0629997253418
2014-01-08,33.04999923706055
2014-01-09,33.02799987792969
2014-01-10,33.018001556396484
2014-01-13,32.948001861572266
2014-01-14,32.9370002746582
2014-01-15,32.81100082397461
2014-01-16,32.854000091552734
2014-01-17,32.76300048828125
2014-01-20,32.43899917602539
2014-01-21,32.779998779296875
2014-01-22,32.858001708984375
2014-01-23,32.90999984741211
2014-01-24,32.87799835205078
2014-01-27,32.356998443603516
2014-01-28,32.882999420166016
2014-01-29,32.869998931884766
2014-01-30,32.95199966430664
2014-01-31,32.986000061035156
2014-02-03,32.9739990234375
2014-02-04,32.93199920654297
2014-02-05,32.72999954223633
2014-02-06,32.72600173950195
2014-02-07,32.770999908447266
2014-02-10,32.08000183105469
2014-02-11,32.79100036621094
2014-02-12,32.70800018310547
2014-02-13,32.47999954223633
2014-02-14,32.55400085449219
2014-02-17,32.29100036621094
2014-02-18,32.2140007019043
2014-02-19,32.472999572753906
2014-02-20,32.611000061035156
2014-02-21,32.553001403808594
2014-02-24,32.59000015258789
2014-02-25,32.50199890136719
2014-02-26,32.52399826049805
2014-02-27,32.560001373291016
2014-02-28,32.55699920654297
2014-03-03,32.0890007019043
2014-03-04,32.5
2014-03-05,32.316001892089844
2014-03-06,32.27000045776367
2014-03-07,32.20600128173828
2014-03-10,31.722000122070312
2014-03-11,32.3489990234375
2014-03-12,32.334999084472656
2014-03-13,32.36800003051758
2014-03-14,32.31100082397461
2014-03-17,31.655000686645508
2014-03-18,32.20000076293945
2014-03-19,32.07699966430664
2014-03-20,32.33000183105469
2014-03-21,32.33599853515625
2014-03-24,32.356998443603516
2014-03-25,32.43299865722656
2014-03-26,32.54199981689453
2014-03-27,32.534000396728516
2014-03-28,32.48099899291992
2014-03-31,32.49300003051758
2014-04-01,32.38600158691406
2014-04-02,32.321998596191406
2014-04-03,32.415000915527344
2014-04-04,32.457000732421875
2014-04-07,32.42100143432617
2014-04-08,32.459999084472656
2014-04-09,32.250999450683594
2014-04-10,32.167999267578125
2014-04-11,32.30699920654297
2014-04-14,32.3380012512207
2014-04-15,32.25199890136719
2014-04-16,32.279998779296875
2014-04-17,32.19300079345703
2014-04-18,32.18000030517578
2014-04-21,31.666000366210938
2014-04-22,32.224998474121094
2014-04-23,32.28900146484375
2014-04-24,32.33599853515625
2014-04-25,32.35599899291992
2014-04-28,32.215999603271484
2014-04-29,32.233001708984375
2014-04-30,32.22700119018555
2014-05-01,32.33100128173828
2014-05-02,32.327999114990234
2014-05-05,32.36600112915039
2014-05-06,32.319000244140625
2014-05-07,32.32400131225586
2014-05-08,32.36000061035156
2014-05-09,32.46699905395508
2014-05-12,32.60100173950195
2014-05-13,32.56999969482422
2014-05-14,32.59700012207031
2014-05-15,32.439998626708984
2014-05-16,32.4900016784668
2014-05-19,31.89699935913086
2014-05-20,32.62799835205078
2014-05-21,32.520999908447266
2014-05-22,32.44200134277344
2014-05-23,32.5369987487793
2014-05-26,32.513999938964844
2014-05-27,32.558998107910156
2014-05-28,32.5989990234375
2014-05-29,32.66400146484375
2014-05-30,32.77299880981445
2014-06-02,32.849998474121094
2014-06-03,32.83399963378906
2014-06-04,32.6150016784668
2014-06-05,32.64400100708008
2014-06-06,32.60499954223633
2014-06-09,32.45399856567383
2014-06-10,32.39699935913086
2014-06-11,32.45000076293945
2014-06-12,32.45000076293945
2014-06-13,32.41600036621094
2014-06-16,32.37099838256836
2014-06-17,32.35499954223633
2014-06-18,32.4640007019043
2014-06-19,32.39799880981445
2014-06-20,32.44900131225586
2014-06-23,32.45399856567383
2014-06-24,32.41600036621094
2014-06-25,32.42100143432617
2014-06-26,32.42300033569336
2014-06-27,32.44900131225586
2014-06-30,32.448001861572266
2014-07-01,32.4010009765625
2014-07-02,32.356998443603516
2014-07-03,32.35200119018555
2014-07-04,32.369998931884766
2014-07-07,32.36399841308594
2014-07-08,32.37799835205078
2014-07-09,32.36600112915039
2014-07-10,32.18299865722656
2014-07-11,32.138999938964844
2014-07-14,32.13100051879883
2014-07-15,32.10499954223633
2014-07-16,32.099998474121094
2014-07-17,32.084999084472656
2014-07-18,32.165000915527344
2014-07-21,31.542999267578125
2014-07-22,31.87299919128418
2014-07-23,31.7450008392334
2014-07-24,31.76099967956543
2014-07-25,31.82900047302246
2014-07-28,31.823999404907227
2014-07-29,31.784000396728516
2014-07-30,31.799999237060547
2014-07-31,31.94099998474121
2014-08-01,32.152000427246094
2014-08-04,32.112998962402344
2014-08-05,32.12099838256836
2014-08-06,32.17900085449219
2014-08-07,32.167999267578125
2014-08-08,32.24700164794922
2014-08-11,32.1150016784668
2014-08-12,32.06100082397461
2014-08-13,32.05400085449219
2014-08-14,31.91699981689453
2014-08-15,31.847999572753906
2014-08-18,31.874000549316406
2014-08-19,31.822999954223633
2014-08-20,31.889999389648438
2014-08-21,31.98200035095215
2014-08-22,31.95199966430664
2014-08-25,32.02399826049805
2014-08-26,31.957000732421875
2014-08-27,31.9060001373291
2014-08-28,31.881999969482422
2014-08-29,31.915000915527344
2014-09-01,31.479000091552734
2014-09-02,31.94499969482422
2014-09-03,32.09000015258789
2014-09-04,31.968000411987305
2014-09-05,32.06399917602539
2014-09-08,31.957000732421875
2014-09-09,32.07099914550781
2014-09-10,32.06399917602539
2014-09-11,32.15299987792969
2014-09-12,32.17599868774414
2014-09-15,31.496000289916992
2014-09-16,32.25600051879883
2014-09-17,32.17900085449219
2014-09-18,32.27000045776367
2014-09-19,32.22100067138672
2014-09-22,31.645000457763672
2014-09-23,32.222999572753906
2014-09-24,32.202999114990234
2014-09-25,32.20399856567383
2014-09-26,32.277000427246094
2014-09-29,31.840999603271484
2014-09-30,32.362998962402344
2014-10-01,32.40299987792969
2014-10-02,32.404998779296875
2014-10-03,32.39899826049805
2014-10-06,32.62099838256836
2014-10-07,32.58300018310547
2014-10-08,32.55799865722656
2014-10-09,32.516998291015625
2014-10-10,32.42100143432617
2014-10-13,31.902999877929688
2014-10-14,32.40599822998047
2014-10-15,32.472999572753906
2014-10-16,32.39099884033203
2014-10-17,32.39500045776367
2014-10-20,32.367000579833984
2014-10-21,32.262001037597656
2014-10-22,32.23500061035156
2014-10-23,32.29800033569336
2014-10-24,32.36000061035156
2014-10-27,31.722000122070312
2014-10-28,32.391998291015625
2014-10-29,32.400001525878906
2014-10-30,32.50899887084961
2014-10-31,32.50299835205078
2014-11-03,32.14899826049805
2014-11-04,32.665000915527344
2014-11-05,32.650001525878906
2014-11-06,32.750999450683594
2014-11-07,32.80799865722656
2014-11-10,32.051998138427734
2014-11-11,32.81399917602539
2014-11-12,32.86600112915039
2014-11-13,32.83000183105469
2014-11-14,32.7859992980957
2014-11-17,32.8390007019043
2014-11-18,32.76100158691406
2014-11-19,32.73699951171875
2014-11-20,32.81700134277344
2014-11-21,32.77299880981445
2014-11-24,32.80099868774414
2014-11-25,32.80099868774414
2014-11-26,32.75600051879883
2014-11-27,32.76100158691406
2014-11-28,32.77000045776367
2014-12-01,32.29399871826172
2014-12-02,32.77399826049805
2014-12-03,32.83399963378906
2014-12-04,32.847999572753906
2014-12-05,32.8650016784668
2014-12-08,32.98099899291992
2014-12-09,33.00899887084961
2014-12-10,32.862998962402344
2014-12-11,32.75600051879883
2014-12-12,32.808998107910156
2014-12-15,32.784000396728516
2014-12-16,32.939998626708984
2014-12-17,32.9379997253418
2014-12-18,32.9370002746582
2014-12-19,32.8489990234375
2014-12-22,32.849998474121094
2014-12-23,32.87300109863281
2014-12-24,32.856998443603516
2014-12-25,32.86199951171875
2014-12-26,32.83399963378906
2014-12-29,32.88399887084961
2014-12-30,32.9370002746582
2014-12-31,32.85599899291992
2015-01-01,32.86199951171875
2015-01-02,32.88100051879883
2015-01-05,33.1150016784668
2015-01-06,32.93199920654297
2015-01-07,32.845001220703125
2015-01-08,32.82899856567383
2015-01-09,32.82899856567383
2015-01-12,32.72999954223633
2015-01-13,32.82600021362305
2015-01-14,32.79600143432617
2015-01-15,32.7239990234375
2015-01-16,32.70000076293945
2015-01-19,32.53300094604492
2015-01-20,32.55500030517578
2015-01-21,32.69599914550781
2015-01-22,32.558998107910156
2015-01-23,32.54199981689453
2015-01-26,32.742000579833984
2015-01-27,32.52000045776367
2015-01-28,32.486000061035156
2015-01-29,32.516998291015625
2015-01-30,32.737998962402344
2015-02-02,32.685001373291016
2015-02-03,32.54899978637695
2015-02-04,32.573001861572266
2015-02-05,32.555999755859375
2015-02-06,32.57600021362305
2015-02-09,32.60599899291992
2015-02-10,32.59700012207031
2015-02-11,32.59700012207031
2015-02-12,32.64799880981445
2015-02-13,32.62099838256836
2015-02-16,32.55500030517578
2015-02-17,32.59199905395508
2015-02-18,32.57099914550781
2015-02-19,32.54800033569336
2015-02-20,32.54899978637695
2015-02-23,32.52000045776367
2015-02-24,32.54999923706055
2015-02-25,32.529998779296875
2015-02-26,32.47600173950195
2015-02-27,32.349998474121094
2015-03-02,32.44200134277344
2015-03-03,32.3120002746582
2015-03-04,32.29899978637695
2015-03-05,32.35200119018555
2015-03-06,32.395999908447266
2015-03-09,32.54899978637695
2015-03-10,32.584999084472656
2015-03-11,32.6879997253418
2015-03-12,32.875
2015-03-13,32.816001892089844
2015-03-16,32.93600082397461
2015-03-17,32.9010009765625
2015-03-18,32.89899826049805
2015-03-19,32.68899917602539
2015-03-20,32.696998596191406
2015-03-23,32.53499984741211
2015-03-24,32.54499816894531
2015-03-25,32.47700119018555
2015-03-26,32.53200149536133
2015-03-27,32.551998138427734
2015-03-30,32.54600143432617
2015-03-31,32.540000915527344
2015-04-01,32.53499984741211
2015-04-02,32.44499969482422
2015-04-03,32.4630012512207
2015-04-06,32.07699966430664
2015-04-07,32.27299880981445
2015-04-08,32.54399871826172
2015-04-09,32.52199935913086
2015-04-10,32.529998779296875
2015-04-13,32.5099983215332
2015-04-14,32.54100036621094
2015-04-15,32.43000030517578
2015-04-16,32.41899871826172
2015-04-17,32.36600112915039
2015-04-20,32.303001403808594
2015-04-21,32.361000061035156
2015-04-22,32.3390007019043
2015-04-23,32.367000579833984
2015-04-24,32.4109992980957
2015-04-27,32.56100082397461
2015-04-28,32.566001892089844
2015-04-29,32.59700012207031
2015-04-30,32.8380012512207
2015-05-01,33.01499938964844
2015-05-04,33.0989990234375
2015-05-05,33.20800018310547
2015-05-06,33.2859992980957
2015-05-07,33.262001037597656
2015-05-08,33.50400161743164
2015-05-11,33.558998107910156
2015-05-12,33.72999954223633
2015-05-13,33.680999755859375
2015-05-14,33.513999938964844
2015-05-15,33.459999084472656
2015-05-18,33.46900177001953
2015-05-19,33.3849983215332
2015-05-20,33.49100112915039
2015-05-21,33.55400085449219
2015-05-22,33.374000549316406
2015-05-25,33.52199935913086
2015-05-26,33.57400131225586
2015-05-27,33.709999084472656
2015-05-28,33.77299880981445
2015-05-29,33.73400115966797
2015-06-01,33.763999938964844
2015-06-02,33.66299819946289
2015-06-03,33.69599914550781
2015-06-04,33.6619987487793
2015-06-05,33.707000732421875
2015-06-08,33.89799880981445
2015-06-09,33.744998931884766
2015-06-10,33.69300079345703
2015-06-11,33.59199905395508
2015-06-12,33.69900131225586
2015-06-15,33.777000427246094
2015-06-16,33.67499923706055
2015-06-17,33.6609992980957
2015-06-18,33.612998962402344
2015-06-19,33.61000061035156
2015-06-22,33.57899856567383
2015-06-23,33.641998291015625
2015-06-24,33.72100067138672
2015-06-25,33.75299835205078
2015-06-26,33.733001708984375
2015-06-29,34.35100173950195
2015-06-30,33.729000091552734
2015-07-01,33.80500030517578
2015-07-02,33.81700134277344
2015-07-03,33.76499938964844
2015-07-06,34.077999114990234
2015-07-07,33.82600021362305
2015-07-08,33.93199920654297
2015-07-09,33.95100021362305
2015-07-10,33.91400146484375
2015-07-13,33.99700164794922
2015-07-14,34.03900146484375
2015-07-15,34.04399871826172
2015-07-16,34.17599868774414
2015-07-17,34.14400100708008
2015-07-20,34.20899963378906
2015-07-21,34.42900085449219
2015-07-22,34.426998138427734
2015-07-23,34.67300033569336
2015-07-24,34.76499938964844
2015-07-27,34.88199996948242
2015-07-28,34.81700134277344
2015-07-29,34.814998626708984
2015-07-30,34.95199966430664
2015-07-31,35.09000015258789
2015-08-03,35.055999755859375
2015-08-04,35.03300094604492
2015-08-05,35.07500076293945
2015-08-06,35.13199996948242
2015-08-07,35.07500076293945
2015-08-10,35.145999908447266
2015-08-11,35.08399963378906
2015-08-12,35.334999084472656
2015-08-13,35.2140007019043
2015-08-14,35.14500045776367
2015-08-17,35.284000396728516
2015-08-18,35.52899932861328
2015-08-19,35.540000915527344
2015-08-20,35.5260009765625
2015-08-21,35.55500030517578
2015-08-24,35.702999114990234
2015-08-25,35.665000915527344
2015-08-26,35.569000244140625
2015-08-27,35.59000015258789
2015-08-28,35.63600158691406
2015-08-31,35.722999572753906
2015-09-01,35.81700134277344
2015-09-02,35.722999572753906
2015-09-03,35.724998474121094
2015-09-04,35.81700134277344
2015-09-07,35.93899917602539
2015-09-08,36.10499954223633
2015-09-09,36.02000045776367
2015-09-10,36.16999816894531
2015-09-11,36.02799987792969
2015-09-14,35.974998474121094
2015-09-15,36.01300048828125
2015-09-16,35.922000885009766
2015-09-17,35.8390007019043
2015-09-18,35.76100158691406
2015-09-21,35.66899871826172
2015-09-22,35.79199981689453
2015-09-23,36.042999267578125
2015-09-24,36.15800094604492
2015-09-25,36.23400115966797
2015-09-28,36.11199951171875
2015-09-29,36.32899856567383
2015-09-30,36.39699935913086
2015-10-01,36.327999114990234
2015-10-02,36.430999755859375
2015-10-05,36.3489990234375
2015-10-06,36.25400161743164
2015-10-07,36.275001525878906
2015-10-08,35.8650016784668
2015-10-09,35.78900146484375
2015-10-12,35.51599884033203
2015-10-13,35.347999572753906
2015-10-14,35.6150016784668
2015-10-15,35.358001708984375
2015-10-16,35.15999984741211
2015-10-19,35.215999603271484
2015-10-20,35.41400146484375
2015-10-21,35.369998931884766
2015-10-22,35.608001708984375
2015-10-23,35.566001892089844
2015-10-26,35.51300048828125
2015-10-27,35.446998596191406
2015-10-28,35.48500061035156
2015-10-29,35.417999267578125
2015-10-30,35.60499954223633
2015-11-02,35.54499816894531
2015-11-03,35.555999755859375
2015-11-04,35.553001403808594
2015-11-05,35.472999572753906
2015-11-06,35.53099822998047
2015-11-09,35.821998596191406
2015-11-10,35.88800048828125
2015-11-11,35.82400131225586
2015-11-12,35.819000244140625
2015-11-13,35.832000732421875
2015-11-16,36.12900161743164
2015-11-17,35.9739990234375
2015-11-18,35.930999755859375
2015-11-19,35.93000030517578
2015-11-20,35.74599838256836
2015-11-23,35.13999938964844
2015-11-24,35.81700134277344
2015-11-25,35.724998474121094
2015-11-26,35.625
2015-11-27,35.72600173950195
2015-11-30,35.89099884033203
2015-12-01,35.78300094604492
2015-12-02,35.7400016784668
2015-12-03,35.82099914550781
2015-12-04,35.79899978637695
2015-12-07,35.72600173950195
2015-12-08,35.82400131225586
2015-12-09,35.93199920654297
2015-12-10,35.95399856567383
2015-12-11,35.97700119018555
2015-12-14,35.29199981689453
2015-12-15,36.11399841308594
2015-12-16,35.928001403808594
2015-12-17,35.93899917602539
2015-12-18,36.0989990234375
2015-12-21,36.10499954223633
2015-12-22,36.0989990234375
2015-12-23,36.04100036621094
2015-12-24,36.03099822998047
2015-12-25,35.25600051879883
2015-12-28,35.250999450683594
2015-12-29,36.047000885009766
2015-12-30,36.04899978637695
2015-12-31,35.99599838256836
2016-01-01,35.42100143432617
2016-01-04,35.43600082397461
2016-01-05,36.12699890136719
2016-01-06,36.111000061035156
2016-01-07,36.20500183105469
2016-01-08,36.236000061035156
2016-01-11,35.3129997253418
2016-01-12,36.22100067138672
2016-01-13,36.32500076293945
2016-01-14,36.26900100708008
2016-01-15,36.292999267578125
2016-01-18,35.57899856567383
2016-01-19,36.268001556396484
2016-01-20,36.28900146484375
2016-01-21,36.242000579833984
2016-01-22,36.20100021362305
2016-01-25,35.992000579833984
2016-01-26,35.92399978637695
2016-01-27,35.80699920654297
2016-01-28,35.79499816894531
2016-01-29,35.80699920654297
2016-02-01,35.24599838256836
2016-02-02,35.58599853515625
2016-02-03,35.78200149536133
2016-02-04,35.641998291015625
2016-02-05,35.59299850463867
2016-02-08,35.590999603271484
2016-02-09,35.474998474121094
2016-02-10,35.3650016784668
2016-02-11,35.2760009765625
2016-02-12,35.220001220703125
2016-02-15,35.00600051879883
2016-02-16,35.58399963378906
2016-02-17,35.624000549316406
2016-02-18,35.58000183105469
2016-02-19,35.5369987487793
2016-02-22,34.96500015258789
2016-02-23,35.71699905395508
2016-02-24,35.72200012207031
2016-02-25,35.67900085449219
2016-02-26,35.62699890136719
2016-02-29,35.23899841308594
2016-03-01,35.61800003051758
2016-03-02,35.57400131225586
2016-03-03,35.51300048828125
2016-03-04,35.402000427246094
2016-03-07,34.641998291015625
2016-03-08,35.39899826049805
2016-03-09,35.3129997253418
2016-03-10,35.24800109863281
2016-03-11,35.202999114990234
2016-03-14,34.19599914550781
2016-03-15,35.047000885009766
2016-03-16,35.08100128173828
2016-03-17,34.97800064086914
2016-03-18,34.737998962402344
2016-03-21,34.83000183105469
2016-03-22,34.90299987792969
2016-03-23,34.92300033569336
2016-03-24,35.20500183105469
2016-03-25,35.334999084472656
2016-03-28,35.35599899291992
2016-03-29,35.22100067138672
2016-03-30,35.290000915527344
2016-03-31,35.22200012207031
2016-04-01,35.09299850463867
2016-04-04,35.14699935913086
2016-04-05,35.2239990234375
2016-04-06,35.27199935913086
2016-04-07,35.18299865722656
2016-04-08,35.20399856567383
2016-04-11,35.07099914550781
2016-04-12,35.00899887084961
2016-04-13,34.96799850463867
2016-04-14,35.04399871826172
2016-04-15,35.00400161743164
2016-04-18,34.97800064086914
2016-04-19,34.965999603271484
2016-04-20,34.797000885009766
2016-04-21,34.861000061035156
2016-04-22,35.0620002746582
2016-04-25,35.01900100708008
2016-04-26,35.04499816894531
2016-04-27,35.11600112915039
2016-04-28,35.0989990234375
2016-04-29,34.95600128173828
2016-05-02,34.85300064086914
2016-05-03,34.82600021362305
2016-05-04,34.979000091552734
2016-05-05,35.097999572753906
2016-05-06,35.11399841308594
2016-05-09,35.11000061035156
2016-05-10,35.20100021362305
2016-05-11,35.19499969482422
2016-05-12,35.233001708984375
2016-05-13,35.292999267578125
2016-05-16,35.391998291015625
2016-05-17,35.391998291015625
2016-05-18,35.494998931884766
2016-05-19,35.698001861572266
2016-05-20,35.6510009765625
2016-05-23,35.66699981689453
2016-05-24,35.659000396728516
2016-05-25,35.69900131225586
2016-05-26,35.611000061035156
2016-05-27,35.55500030517578
2016-05-30,35.71200180053711
2016-05-31,35.72100067138672
2016-06-01,35.698001861572266
2016-06-02,35.643001556396484
2016-06-03,35.5880012512207
2016-06-06,35.400001525878906
2016-06-07,35.21699905395508
2016-06-08,35.196998596191406
2016-06-09,35.06800079345703
2016-06-10,35.1609992980957
2016-06-13,35.27799987792969
2016-06-14,35.16699981689453
2016-06-15,35.29899978637695
2016-06-16,35.21799850463867
2016-06-17,35.21699905395508
2016-06-20,35.20199966430664
2016-06-21,35.15999984741211
2016-06-22,35.20199966430664
2016-06-23,35.1609992980957
2016-06-24,35.117000579833984
2016-06-27,35.310001373291016
2016-06-28,35.29800033569336
2016-06-29,35.20399856567383
2016-06-30,35.112998962402344
2016-07-01,35.12099838256836
2016-07-04,34.32500076293945
2016-07-05,35.02199935913086
2016-07-06,35.145999908447266
2016-07-07,35.16899871826172
2016-07-08,35.176998138427734
2016-07-11,35.176998138427734
2016-07-12,35.14699935913086
2016-07-13,35.16699981689453
2016-07-14,35.15700149536133
2016-07-15,35.01300048828125
2016-07-18,34.854000091552734
2016-07-19,34.93000030517578
2016-07-20,35.005001068115234
2016-07-21,35.025001525878906
2016-07-22,34.92499923706055
2016-07-25,34.95399856567383
2016-07-26,34.99599838256836
2016-07-27,34.94900131225586
2016-07-28,34.875
2016-07-29,34.808998107910156
2016-08-01,34.779998779296875
2016-08-02,34.722999572753906
2016-08-03,34.73899841308594
2016-08-04,34.97800064086914
2016-08-05,34.867000579833984
2016-08-08,35.00400161743164
2016-08-09,34.935001373291016
2016-08-10,34.83100128173828
2016-08-11,34.731998443603516
2016-08-12,34.691001892089844
2016-08-15,34.77000045776367
2016-08-16,34.59000015258789
2016-08-17,34.619998931884766
2016-08-18,34.625
2016-08-19,34.540000915527344
2016-08-22,34.66999816894531
2016-08-23,34.619998931884766
2016-08-24,34.625
2016-08-25,34.630001068115234
2016-08-26,34.540000915527344
2016-08-29,34.7599983215332
2016-08-30,34.553001403808594
2016-08-31,34.59000015258789
2016-09-01,34.619998931884766
2016-09-02,34.59000015258789
2016-09-05,34.590999603271484
2016-09-06,34.70800018310547
2016-09-07,34.571998596191406
2016-09-08,34.60499954223633
2016-09-09,34.736000061035156
2016-09-12,34.77000045776367
2016-09-13,34.858001708984375
2016-09-14,34.91699981689453
2016-09-15,34.84199905395508
2016-09-16,34.83100128173828
2016-09-19,34.90999984741211
2016-09-20,34.782501220703125
2016-09-21,34.72100067138672
2016-09-22,34.63800048828125
2016-09-23,34.61000061035156
2016-09-26,33.90999984741211
2016-09-27,34.59000015258789
2016-09-28,34.58300018310547
2016-09-29,34.54999923706055
2016-09-30,34.643001556396484
2016-10-03,34.577999114990234
2016-10-04,34.6150016784668
2016-10-05,34.77000045776367
2016-10-06,34.79199981689453
2016-10-07,34.83100128173828
2016-10-10,34.91600036621094
2016-10-11,35.13199996948242
2016-10-12,35.439998626708984
2016-10-13,35.68000030517578
2016-10-14,35.36000061035156
2016-10-17,34.68299865722656
2016-10-18,35.220001220703125
2016-10-19,34.987998962402344
2016-10-20,34.849998474121094
2016-10-21,35.0
2016-10-24,35.10100173950195
2016-10-25,35.03799819946289
2016-10-26,34.84700012207031
2016-10-27,34.983001708984375
2016-10-28,35.130001068115234
2016-10-31,35.02000045776367
2016-11-01,35.0099983215332
2016-11-02,35.0099983215332
2016-11-03,34.939998626708984
2016-11-04,34.970001220703125
2016-11-07,35.125999450683594
2016-11-08,34.97999954223633
2016-11-09,34.90999984741211
2016-11-10,35.04999923706055
2016-11-11,35.27000045776367
2016-11-14,34.76300048828125
2016-11-15,35.4379997253418
2016-11-16,35.439998626708984
2016-11-17,35.4379997253418
2016-11-18,35.51100158691406
2016-11-21,35.58000183105469
2016-11-22,35.529998779296875
2016-11-23,35.4630012512207
2016-11-24,35.689998626708984
2016-11-25,35.617000579833984
2016-11-28,34.80699920654297
2016-11-29,35.52000045776367
2016-11-30,35.650001525878906
2016-12-01,35.685001373291016
2016-12-02,35.6609992980957
2016-12-05,35.900001525878906
2016-12-06,35.57500076293945
2016-12-07,35.61000061035156
2016-12-08,35.59000015258789
2016-12-09,35.61000061035156
2016-12-12,35.709999084472656
2016-12-13,35.560001373291016
2016-12-14,35.56999969482422
2016-12-15,35.59700012207031
2016-12-16,35.7599983215332
2016-12-19,35.04499816894531
2016-12-20,35.86000061035156
2016-12-21,35.970001220703125
2016-12-22,35.94499969482422
2016-12-23,35.98099899291992
2016-12-26,35.959999084472656
2016-12-27,35.959999084472656
2016-12-28,35.97700119018555
2016-12-29,35.9900016784668
2016-12-30,35.87799835205078
2017-01-02,35.76499938964844
2017-01-03,35.79899978637695
2017-01-04,35.88999938964844
2017-01-05,35.7869987487793
2017-01-06,35.65599822998047
2017-01-09,35.70199966430664
2017-01-10,35.606998443603516
2017-01-11,35.53300094604492
2017-01-12,35.40999984741211
2017-01-13,35.36000061035156
2017-01-16,35.41999816894531
2017-01-17,35.41999816894531
2017-01-18,35.27000045776367
2017-01-19,35.41999816894531
2017-01-20,35.40999984741211
2017-01-23,35.33000183105469
2017-01-24,35.25
2017-01-25,35.2400016784668
2017-01-26,35.189998626708984
2017-01-27,35.29999923706055
2017-01-30,35.237998962402344
2017-01-31,35.189998626708984
2017-02-01,35.099998474121094
2017-02-02,35.11000061035156
2017-02-03,35.06999969482422
2017-02-06,35.00600051879883
2017-02-07,34.99700164794922
2017-02-08,35.02000045776367
2017-02-09,35.02000045776367
2017-02-10,35.060001373291016
2017-02-13,35.06999969482422
2017-02-14,35.060001373291016
2017-02-15,34.999000549316406
2017-02-16,34.9900016784668
2017-02-17,34.98699951171875
2017-02-20,34.9900016784668
2017-02-21,35.013999938964844
2017-02-22,35.012001037597656
2017-02-23,35.0
2017-02-24,34.94200134277344
2017-02-27,34.84199905395508
2017-02-28,34.84000015258789
2017-03-01,34.93000030517578
2017-03-02,35.0099983215332
2017-03-03,35.04600143432617
2017-03-06,35.0099983215332
2017-03-07,35.040000915527344
2017-03-08,35.099998474121094
2017-03-09,35.27000045776367
2017-03-10,35.38999938964844
2017-03-13,35.31999969482422
2017-03-14,35.33000183105469
2017-03-15,35.26599884033203
2017-03-16,35.020999908447266
2017-03-17,34.90999984741211
2017-03-20,34.79899978637695
2017-03-21,34.63399887084961
2017-03-22,34.75
2017-03-23,34.57600021362305
2017-03-24,34.582000732421875
2017-03-27,34.50299835205078
2017-03-28,34.3849983215332
2017-03-29,34.45800018310547
2017-03-30,34.40299987792969
2017-03-31,34.479000091552734
2017-04-03,34.34600067138672
2017-04-04,34.36000061035156
2017-04-05,34.439998626708984
2017-04-06,34.54999923706055
2017-04-07,34.58100128173828
2017-04-10,34.62699890136719
2017-04-11,34.61000061035156
2017-04-12,34.529998779296875
2017-04-13,34.38600158691406
2017-04-14,34.31999969482422
2017-04-17,34.33300018310547
2017-04-18,34.27299880981445
2017-04-19,34.33000183105469
2017-04-20,34.37699890136719
2017-04-21,34.40999984741211
2017-04-24,34.316001892089844
2017-04-25,34.314998626708984
2017-04-26,34.42100143432617
2017-04-27,34.459999084472656
2017-04-28,34.59000015258789
2017-05-01,34.494998931884766
2017-05-02,34.5890007019043
2017-05-03,34.45000076293945
2017-05-04,34.54999923706055
2017-05-05,34.624000549316406
2017-05-08,34.643001556396484
2017-05-09,34.659000396728516
2017-05-10,34.750999450683594
2017-05-11,34.7599983215332
2017-05-12,34.70600128173828
2017-05-15,34.650001525878906
2017-05-16,34.540000915527344
2017-05-17,34.452999114990234
2017-05-18,34.45800018310547
2017-05-19,34.52000045776367
2017-05-22,34.31100082397461
2017-05-23,34.292999267578125
2017-05-24,34.439998626708984
2017-05-25,34.30099868774414
2017-05-26,34.15800094604492
2017-05-29,34.025001525878906
2017-05-30,34.125999450683594
2017-05-31,34.11399841308594
2017-06-01,34.04100036621094
2017-06-02,34.150001525878906
2017-06-05,34.04800033569336
2017-06-06,34.00600051879883
2017-06-07,33.93899917602539
2017-06-08,34.029998779296875
2017-06-09,34.07400131225586
2017-06-12,34.060001373291016
2017-06-13,34.060001373291016
2017-06-14,33.904998779296875
2017-06-15,33.880001068115234
2017-06-16,33.959999084472656
2017-06-19,33.93000030517578
2017-06-20,34.0
2017-06-21,33.98400115966797
2017-06-22,33.96500015258789
2017-06-23,33.95199966430664
2017-06-26,33.93000030517578
2017-06-27,33.970001220703125
2017-06-28,33.959999084472656
2017-06-29,33.93899917602539
2017-06-30,33.970001220703125
2017-07-03,33.92300033569336
2017-07-04,33.986000061035156
2017-07-05,34.0
2017-07-06,34.01300048828125
2017-07-07,34.060001373291016
2017-07-10,34.104000091552734
2017-07-12,34.040000915527344
2017-07-13,33.9379997253418
2017-07-14,33.93000030517578
2017-07-17,33.7599983215332
2017-07-18,33.630001068115234
2017-07-19,33.55400085449219
2017-07-20,33.582000732421875
2017-07-21,33.54899978637695
2017-07-24,33.41999816894531
2017-07-25,33.40999984741211
2017-07-26,33.459999084472656
2017-07-27,33.369998931884766
2017-07-28,33.310001373291016
2017-07-31,33.32899856567383
2017-08-01,33.279998779296875
2017-08-02,33.27899932861328
2017-08-03,33.28300094604492
2017-08-04,33.2400016784668
2017-08-07,33.25
2017-08-08,33.249000549316406
2017-08-09,33.25899887084961
2017-08-10,33.23899841308594
2017-08-11,33.2400016784668
2017-08-14,33.1619987487793
2017-08-15,33.25899887084961
2017-08-16,33.270999908447266
2017-08-17,33.24100112915039
2017-08-18,33.25899887084961
2017-08-21,33.202999114990234
2017-08-22,33.2400016784668
2017-08-23,33.236000061035156
2017-08-24,33.34000015258789
2017-08-25,33.31999969482422
2017-08-28,33.2400016784668
2017-08-29,33.209999084472656
2017-08-30,33.18899917602539
2017-08-31,33.20899963378906
2017-09-01,33.189998626708984
2017-09-04,33.11000061035156
2017-09-05,33.13999938964844
2017-09-06,33.150001525878906
2017-09-07,33.130001068115234
2017-09-08,33.07600021362305
2017-09-11,33.150001525878906
2017-09-12,33.119998931884766
2017-09-13,33.112998962402344
2017-09-14,33.117000579833984
2017-09-15,33.06999969482422
2017-09-18,33.10599899291992
2017-09-19,33.07500076293945
2017-09-20,33.06399917602539
2017-09-21,33.084999084472656
2017-09-22,33.09000015258789
2017-09-25,33.09000015258789
2017-09-26,33.11000061035156
2017-09-27,33.20000076293945
2017-09-28,33.28200149536133
2017-09-29,33.37900161743164
2017-10-02,33.33000183105469
2017-10-03,33.41600036621094
2017-10-04,33.349998474121094
2017-10-05,33.36000061035156
2017-10-06,33.380001068115234
2017-10-09,33.409000396728516
2017-10-10,33.369998931884766
2017-10-11,33.22700119018555
2017-10-12,33.1619987487793
2017-10-13,33.09400177001953
2017-10-16,33.05500030517578
2017-10-17,33.06999969482422
2017-10-18,33.08300018310547
2017-10-19,33.130001068115234
2017-10-20,33.099998474121094
2017-10-23,33.20000076293945
2017-10-24,33.15999984741211
2017-10-25,33.18000030517578
2017-10-26,33.150001525878906
2017-10-27,33.25
2017-10-30,33.22999954223633
2017-10-31,33.20399856567383
2017-11-01,33.180999755859375
2017-11-02,33.124000549316406
2017-11-03,33.05400085449219
2017-11-06,33.15999984741211
2017-11-07,33.099998474121094
2017-11-08,33.12200164794922
2017-11-09,33.11000061035156
2017-11-10,33.058998107910156
2017-11-13,33.099998474121094
2017-11-14,33.0620002746582
2017-11-15,33.05400085449219
2017-11-17,32.909000396728516
2017-11-20,32.81999969482422
2017-11-21,32.805999755859375
2017-11-22,32.74800109863281
2017-11-23,32.70000076293945
2017-11-24,32.63100051879883
2017-11-27,32.689998626708984
2017-11-28,32.61600112915039
2017-11-29,32.564998626708984
2017-11-30,32.56999969482422
2017-12-01,32.650001525878906
2017-12-04,32.630001068115234
2017-12-05,32.58000183105469
2017-12-06,32.599998474121094
2017-12-07,32.61000061035156
2017-12-08,32.619998931884766
2017-12-11,32.595001220703125
2017-12-12,32.59700012207031
2017-12-13,32.60300064086914
2017-12-14,32.5099983215332
2017-12-15,32.481998443603516
2017-12-18,32.520999908447266
2017-12-19,32.630001068115234
2017-12-20,32.70000076293945
2017-12-21,32.709999084472656
2017-12-22,32.709999084472656
2017-12-25,32.72200012207031
2017-12-26,32.70000076293945
2017-12-27,32.76100158691406
2017-12-28,32.779998779296875
2017-12-29,32.66600036621094
2018-01-01,31.854999542236328
2018-01-02,32.53099822998047
2018-01-03,32.40999984741211
2018-01-04,32.321998596191406
2018-01-05,32.22700119018555
2018-01-08,32.152000427246094
2018-01-09,32.2140007019043
2018-01-10,32.25699996948242
2018-01-11,32.11800003051758
2018-01-12,32.000999450683594
2018-01-15,31.90999984741211
2018-01-16,31.902000427246094
2018-01-17,31.884000778198242
2018-01-18,31.979999542236328
2018-01-19,31.899999618530273
2018-01-22,31.839000701904297
2018-01-23,31.84000015258789
2018-01-24,31.757999420166016
2018-01-25,31.54599952697754
2018-01-26,31.47599983215332
2018-01-29,31.329999923706055
2018-01-30,31.39699935913086
2018-01-31,31.39699935913086
2018-02-01,31.31999969482422
2018-02-02,31.299999237060547
2018-02-05,31.459999084472656
2018-02-06,31.607999801635742
2018-02-07,31.506999969482422
2018-02-08,31.649999618530273
2018-02-09,31.88800048828125
2018-02-12,31.709999084472656
2018-02-13,31.600000381469727
2018-02-14,31.447999954223633
2018-02-15,31.29400062561035
2018-02-16,31.260000228881836
2018-02-19,31.266000747680664
2018-02-20,31.35300064086914
2018-02-21,31.500999450683594
2018-02-22,31.54400062561035
2018-02-23,31.459999084472656
2018-02-26,31.41200065612793
2018-02-27,31.27400016784668
2018-02-28,31.469999313354492
2018-03-01,31.472999572753906
2018-03-02,31.459999084472656
2018-03-05,31.429000854492188
2018-03-06,31.389999389648438
2018-03-07,31.350000381469727
2018-03-08,31.30699920654297
2018-03-09,31.35300064086914
2018-03-12,31.299999237060547
2018-03-13,31.270000457763672
2018-03-14,31.219999313354492
2018-03-15,31.143999099731445
2018-03-16,31.204999923706055
2018-03-19,31.209999084472656
2018-03-20,31.19700050354004
2018-03-21,31.194000244140625
2018-03-22,31.135000228881836
2018-03-23,31.270000457763672
2018-03-26,31.190000534057617
2018-03-27,31.118999481201172
2018-03-28,31.179000854492188
2018-03-29,31.277999877929688
2018-03-30,31.222000122070312
2018-04-02,31.163999557495117
2018-04-03,31.222999572753906
2018-04-04,31.18000030517578
2018-04-05,31.21299934387207
2018-04-06,31.274999618530273
2018-04-09,31.290000915527344
2018-04-10,31.24799919128418
2018-04-11,31.19700050354004
2018-04-12,31.12700080871582
2018-04-13,31.20400047302246
2018-04-16,31.172000885009766
2018-04-17,31.190000534057617
2018-04-18,31.190000534057617
2018-04-19,31.190000534057617
2018-04-20,31.231000900268555
2018-04-23,31.336000442504883
2018-04-24,31.545000076293945
2018-04-25,31.41699981689453
2018-04-26,31.520000457763672
2018-04-27,31.579999923706055
2018-04-30,31.506000518798828
2018-05-01,31.538000106811523
2018-05-02,31.690000534057617
2018-05-03,31.770000457763672
2018-05-04,31.60700035095215
2018-05-07,31.742000579833984
2018-05-08,31.829999923706055
2018-05-09,31.950000762939453
2018-05-10,32.17300033569336
2018-05-11,31.944000244140625
2018-05-14,31.889999389648438
2018-05-15,31.895000457763672
2018-05-16,32.09400177001953
2018-05-17,31.979999542236328
2018-05-18,32.07699966430664
2018-05-21,32.150001525878906
2018-05-22,32.14799880981445
2018-05-23,32.0099983215332
2018-05-24,32.071998596191406
2018-05-25,32.0
2018-05-28,31.891000747680664
2018-05-29,31.979999542236328
2018-05-30,32.099998474121094
2018-05-31,32.029998779296875
2018-06-01,32.06999969482422
2018-06-04,32.01499938964844
2018-06-05,31.989999771118164
2018-06-06,31.923999786376953
2018-06-07,31.889999389648438
2018-06-08,32.013999938964844
2018-06-11,32.04999923706055
2018-06-12,32.02199935913086
2018-06-13,32.099998474121094
2018-06-14,32.11000061035156
2018-06-15,32.209999084472656
2018-06-18,32.689998626708984
2018-06-19,32.66999816894531
2018-06-20,32.720001220703125
2018-06-21,32.81999969482422
2018-06-22,32.875
2018-06-25,32.909000396728516
2018-06-26,32.91999816894531
2018-06-27,32.98500061035156
2018-06-28,33.0099983215332
2018-06-29,33.150001525878906
2018-07-02,33.03200149536133
2018-07-03,33.15999984741211
2018-07-04,33.150001525878906
2018-07-05,33.13999938964844
2018-07-06,33.209999084472656
2018-07-09,33.130001068115234
2018-07-10,33.07400131225586
2018-07-11,33.220001220703125
2018-07-12,33.34000015258789
2018-07-13,33.220001220703125
2018-07-16,33.3129997253418
2018-07-17,33.25600051879883
2018-07-18,33.316001892089844
2018-07-19,33.27799987792969
2018-07-20,33.40800094604492
2018-07-23,33.29999923706055
2018-07-24,33.40299987792969
2018-07-25,33.332000732421875
2018-07-26,33.20000076293945
2018-07-27,33.41400146484375
2018-07-30,33.38999938964844
2018-07-31,33.25899887084961
2018-08-01,33.20000076293945
2018-08-02,33.14899826049805
2018-08-03,33.290000915527344
2018-08-06,33.2400016784668
2018-08-07,33.34000015258789
2018-08-08,33.17900085449219
2018-08-09,33.18000030517578
2018-08-10,33.236000061035156
2018-08-13,33.29999923706055
2018-08-14,33.369998931884766
2018-08-15,33.290000915527344
2018-08-16,33.31999969482422
2018-08-17,33.18000030517578
2018-08-20,33.172000885009766
2018-08-21,32.915000915527344
2018-08-22,32.652000427246094
2018-08-23,32.709999084472656
2018-08-24,32.86000061035156
2018-08-27,32.57400131225586
2018-08-28,32.51100158691406
2018-08-29,32.61000061035156
2018-08-30,32.65999984741211
2018-08-31,32.77000045776367
2018-09-03,32.790000915527344
2018-09-04,32.66999816894531
2018-09-05,32.79999923706055
2018-09-06,32.75699996948242
2018-09-07,32.7859992980957
2018-09-10,32.82600021362305
2018-09-11,32.79999923706055
2018-09-12,32.792999267578125
2018-09-13,32.709999084472656
2018-09-14,32.599998474121094
2018-09-17,32.645999908447266
2018-09-18,32.65999984741211
2018-09-19,32.53900146484375
2018-09-20,32.39099884033203
2018-09-21,32.316001892089844
2018-09-24,32.43000030517578
2018-09-25,32.415000915527344
2018-09-26,32.400001525878906
2018-09-27,32.439998626708984
2018-09-28,32.439998626708984
2018-10-01,32.31100082397461
2018-10-02,32.2599983215332
2018-10-03,32.32600021362305
2018-10-04,32.52199935913086
2018-10-05,32.72999954223633
2018-10-08,32.78799819946289
2018-10-09,32.880001068115234
2018-10-10,32.869998931884766
2018-10-11,32.959999084472656
2018-10-12,32.689998626708984
2018-10-15,32.72999954223633
2018-10-16,32.625
2018-10-17,32.50699996948242
2018-10-18,32.518001556396484
2018-10-19,32.637001037597656
2018-10-22,32.59000015258789
2018-10-23,32.810001373291016
2018-10-24,32.779998779296875
2018-10-25,32.939998626708984
2018-10-26,32.887001037597656
2018-10-29,33.04100036621094
2018-10-30,33.244998931884766
2018-10-31,33.27000045776367
2018-11-01,33.090999603271484
2018-11-02,32.90999984741211
2018-11-05,32.83000183105469
2018-11-06,32.93000030517578
2018-11-07,32.90999984741211
2018-11-08,32.78900146484375
2018-11-09,32.986000061035156
2018-11-12,33.08000183105469
2018-11-13,33.152000427246094
2018-11-14,32.93000030517578
2018-11-15,32.915000915527344
2018-11-16,32.939998626708984
2018-11-19,32.83399963378906
2018-11-20,32.882999420166016
2018-11-21,32.96200180053711
2018-11-22,32.900001525878906
2018-11-23,32.95000076293945
2018-11-26,33.055999755859375
2018-11-27,33.007999420166016
2018-11-28,33.040000915527344
2018-11-29,32.93000030517578
2018-11-30,32.90999984741211
2018-12-03,32.84000015258789
2018-12-04,32.73699951171875
2018-12-05,32.77000045776367
2018-12-06,32.7400016784668
2018-12-07,32.8120002746582
2018-12-10,32.84000015258789
2018-12-11,32.86399841308594
2018-12-12,32.7869987487793
2018-12-13,32.72999954223633
2018-12-14,32.7400016784668
2018-12-17,32.814998626708984
2018-12-18,32.76300048828125
2018-12-19,32.7239990234375
2018-12-20,32.736000061035156
2018-12-21,32.62799835205078
2018-12-24,32.630001068115234
2018-12-25,32.470001220703125
2018-12-26,32.5359992980957
2018-12-27,32.68000030517578
2018-12-28,32.52399826049805
2018-12-31,32.52399826049805
2019-01-01,32.21200180053711
2019-01-02,32.33300018310547
2019-01-03,32.27000045776367
2019-01-04,32.17599868774414
2019-01-07,31.93000030517578
2019-01-08,31.927000045776367
2019-01-09,32.012001037597656
2019-01-10,31.88800048828125
2019-01-11,31.90999984741211
2019-01-14,31.930999755859375
2019-01-15,31.90999984741211
2019-01-16,31.889999389648438
2019-01-17,31.638999938964844
2019-01-18,31.684999465942383
2019-01-21,31.75
2019-01-22,31.79800033569336
2019-01-23,31.753000259399414
2019-01-24,31.677000045776367
2019-01-25,31.6560001373291
2019-01-28,31.51799964904785
2019-01-29,31.493999481201172
2019-01-30,31.447999954223633
2019-01-31,31.235000610351562
2019-02-01,31.235000610351562
2019-02-04,31.27400016784668
2019-02-05,31.295000076293945
2019-02-06,31.214000701904297
2019-02-07,31.207000732421875
2019-02-08,31.260000228881836
2019-02-11,30.777999877929688
2019-02-12,31.382999420166016
2019-02-13,31.26099967956543
2019-02-14,31.350000381469727
2019-02-15,31.290000915527344
2019-02-18,31.25200080871582
2019-02-19,31.195999145507812
2019-02-20,31.12299919128418
2019-02-21,31.100000381469727
2019-02-22,31.207000732421875
2019-02-25,31.309999465942383
2019-02-26,31.260000228881836
2019-02-27,31.26099967956543
2019-02-28,31.429000854492188
2019-03-01,31.540000915527344
2019-03-04,31.759000778198242
2019-03-05,31.84000015258789
2019-03-06,31.739999771118164
2019-03-07,31.80500030517578
2019-03-08,31.860000610351562
2019-03-11,31.719999313354492
2019-03-12,31.652999877929688
2019-03-13,31.64299964904785
2019-03-14,31.57200050354004
2019-03-15,31.770000457763672
2019-03-18,31.674999237060547
2019-03-19,31.639999389648438
2019-03-20,31.670000076293945
2019-03-21,31.639999389648438
2019-03-22,31.729999542236328
2019-03-25,31.68000030517578
2019-03-26,31.509000778198242
2019-03-27,31.6299991607666
2019-03-28,31.8700008392334
2019-03-29,31.791000366210938
2019-04-01,31.719999313354492
2019-04-02,31.70800018310547
2019-04-03,31.756999969482422
2019-04-04,31.729999542236328
2019-04-05,31.76099967956543
2019-04-08,31.906999588012695
2019-04-09,31.865999221801758
2019-04-10,31.760000228881836
2019-04-11,31.739999771118164
2019-04-12,31.849000930786133
2019-04-15,31.75
2019-04-16,31.767000198364258
2019-04-17,31.808000564575195
2019-04-18,31.780000686645508
2019-04-19,31.790000915527344
2019-04-22,31.81999969482422
2019-04-23,31.889999389648438
2019-04-24,31.969999313354492
2019-04-25,32.04499816894531
2019-04-26,32.05400085449219
2019-04-29,31.93000030517578
2019-04-30,31.899999618530273
2019-05-01,31.895000457763672
2019-05-02,31.948999404907227
2019-05-03,32.0099983215332
2019-05-06,31.989999771118164
2019-05-07,31.878999710083008
2019-05-08,31.913000106811523
2019-05-09,31.780000686645508
2019-05-10,31.780000686645508
2019-05-13,31.59000015258789
2019-05-14,31.645999908447266
2019-05-15,31.5
2019-05-16,31.530000686645508
2019-05-17,31.631000518798828
2019-05-20,31.80500030517578
2019-05-21,31.850000381469727
2019-05-23,31.929000854492188
2019-05-24,31.8700008392334
2019-05-27,31.809999465942383
2019-05-28,31.797000885009766
2019-05-29,31.868999481201172
2019-05-30,31.81999969482422
2019-05-31,31.790000915527344
2019-06-03,31.530000686645508
2019-06-04,31.31999969482422
2019-06-05,31.302000045776367
2019-06-06,31.364999771118164
2019-06-07,31.31999969482422
2019-06-10,31.290000915527344
2019-06-11,31.329999923706055
2019-06-12,31.256000518798828
2019-06-13,31.27199935913086
2019-06-14,31.200000762939453
2019-06-17,31.219999313354492
2019-06-18,31.339000701904297
2019-06-19,31.21500015258789
2019-06-20,31.17799949645996
2019-06-21,30.860000610351562
2019-06-24,30.780000686645508
2019-06-25,30.62299919128418
2019-06-26,30.729999542236328
2019-06-27,30.739999771118164
2019-06-28,30.746000289916992
2019-07-01,30.610000610351562
2019-07-02,30.649999618530273
2019-07-03,30.601999282836914
2019-07-04,30.645999908447266
2019-07-05,30.641000747680664
2019-07-08,30.780000686645508
2019-07-09,30.799999237060547
2019-07-10,30.829999923706055
2019-07-11,30.68000030517578
2019-07-12,30.739999771118164
2019-07-15,30.899999618530273
2019-07-16,30.884000778198242
2019-07-17,30.920000076293945
2019-07-18,30.875
2019-07-19,30.804000854492188
2019-07-22,30.8700008392334
2019-07-23,30.833999633789062
2019-07-24,30.899999618530273
2019-07-25,30.899999618530273
2019-07-26,30.969999313354492
2019-07-29,30.8700008392334
2019-07-30,30.85300064086914
2019-07-31,30.766000747680664
2019-08-01,30.676000595092773
2019-08-02,30.93000030517578
2019-08-05,30.75
2019-08-06,30.816999435424805
2019-08-07,30.714000701904297
2019-08-08,30.79400062561035
2019-08-09,30.722000122070312
2019-08-12,30.770000457763672
2019-08-13,30.81999969482422
2019-08-14,30.777999877929688
2019-08-15,30.829999923706055
2019-08-16,30.84000015258789
2019-08-19,30.881000518798828
2019-08-20,30.87299919128418
2019-08-21,30.790000915527344
2019-08-22,30.77400016784668
2019-08-23,30.764999389648438
2019-08-26,30.694000244140625
2019-08-27,30.600000381469727
2019-08-28,30.594999313354492
2019-08-29,30.6200008392334
2019-08-30,30.631999969482422
2019-09-02,30.615999221801758
2019-09-03,30.6299991607666
2019-09-04,30.59000015258789
2019-09-05,30.527000427246094
2019-09-06,30.68000030517578
2019-09-09,30.650999069213867
2019-09-10,30.6299991607666
2019-09-11,30.615999221801758
2019-09-12,30.562000274658203
2019-09-13,30.479999542236328
2019-09-16,30.472999572753906
2019-09-17,30.523000717163086
2019-09-18,30.5
2019-09-19,30.540000915527344
2019-09-20,30.527999877929688
2019-09-23,30.479999542236328
2019-09-24,30.43600082397461
2019-09-25,30.540000915527344
2019-09-26,30.579999923706055
2019-09-27,30.6299991607666
2019-09-30,30.599000930786133
2019-10-01,30.610000610351562
2019-10-02,30.610000610351562
2019-10-03,30.58300018310547
2019-10-04,30.520000457763672
2019-10-07,30.420000076293945
2019-10-08,30.469999313354492
2019-10-09,30.388999938964844
2019-10-10,30.31100082397461
2019-10-11,30.40999984741211
2019-10-14,30.3799991607666
2019-10-15,30.389999389648438
2019-10-16,30.429000854492188
2019-10-17,30.360000610351562
2019-10-18,30.30500030517578
2019-10-21,30.299999237060547
2019-10-22,30.263317108154297
2019-10-23,30.280000686645508
2019-10-24,30.270000457763672
2019-10-25,30.250892639160156
2019-10-28,30.15999984741211
2019-10-29,30.219999313354492
2019-10-30,30.239999771118164
2019-10-31,30.18268394470215
2019-11-01,30.15999984741211
2019-11-04,30.15999984741211
2019-11-05,30.21104621887207
2019-11-06,30.219919204711914
2019-11-07,30.290000915527344
2019-11-08,30.413747787475586
2019-11-11,30.351221084594727
2019-11-12,30.340686798095703
2019-11-13,30.332000732421875
2019-11-14,30.23604393005371
2019-11-15,30.200000762939453
2019-11-18,30.232221603393555
2019-11-19,30.190000534057617
2019-11-20,30.183000564575195
2019-11-21,30.183000564575195
2019-11-22,30.209999084472656
2019-11-25,30.209102630615234
2019-11-26,30.19935417175293
2019-11-27,30.183067321777344
2019-11-28,30.234878540039062
2019-11-29,30.219999313354492
2019-12-02,30.184003829956055
2019-12-03,30.266984939575195
2019-12-04,30.24287223815918
2019-12-05,30.280000686645508
2019-12-06,30.360000610351562
2019-12-09,30.325328826904297
2019-12-10,30.304370880126953
2019-12-11,30.29921531677246
2019-12-12,30.229999542236328
2019-12-13,30.149999618530273
2019-12-16,30.187999725341797
2019-12-17,30.210025787353516
2019-12-18,30.222265243530273
2019-12-19,30.21299934387207
2019-12-20,30.200000762939453
2019-12-23,30.18899917602539
2019-12-24,30.149999618530273
2019-12-25,30.149999618530273
2019-12-26,30.155000686645508
2019-12-27,30.15999984741211
2019-12-30,30.141000747680664
2019-12-31,29.969999313354492
2020-01-01,29.68000030517578
2020-01-02,30.059999465942383
2020-01-03,30.139999389648438
2020-01-06,30.143999099731445
2020-01-07,30.139999389648438
2020-01-08,30.290000915527344
2020-01-09,30.34000015258789
2020-01-10,30.260000228881836
2020-01-13,30.211999893188477
2020-01-14,30.200000762939453
2020-01-15,30.270000457763672
2020-01-16,30.275999069213867
2020-01-17,30.350000381469727
2020-01-20,30.389999389648438
2020-01-21,30.329999923706055
2020-01-22,30.389999389648438
2020-01-23,30.375999450683594
2020-01-24,30.5
2020-01-27,30.632999420166016
2020-01-28,30.708999633789062
2020-01-29,30.780000686645508
2020-01-30,30.969999313354492
2020-01-31,31.1200008392334
2020-02-03,31.163999557495117
2020-02-04,31.06999969482422
2020-02-05,30.989999771118164
2020-02-06,30.989999771118164
2020-02-07,31.15999984741211
2020-02-10,31.357999801635742
2020-02-11,31.27899932861328
2020-02-12,31.190000534057617
2020-02-13,31.190000534057617
2020-02-14,31.149999618530273
2020-02-17,31.148000717163086
2020-02-18,31.18000030517578
2020-02-19,31.170000076293945
2020-02-20,31.209999084472656
2020-02-21,31.469999313354492
2020-02-24,31.68199920654297
2020-02-25,31.649999618530273
2020-02-26,31.729999542236328
2020-02-27,31.84000015258789
2020-02-28,31.649999618530273
2020-03-02,31.475000381469727
2020-03-03,31.43199920654297
2020-03-04,31.40999984741211
2020-03-05,31.329999923706055
2020-03-06,31.57200050354004
2020-03-09,31.371000289916992
2020-03-10,31.44099998474121
2020-03-11,31.440000534057617
2020-03-12,31.5
2020-03-13,31.719999313354492
2020-03-16,31.60700035095215
2020-03-17,32.15999984741211
2020-03-18,32.189998626708984
2020-03-19,32.48699951171875
2020-03-20,32.566001892089844
2020-03-23,32.79899978637695
2020-03-24,32.779998779296875
2020-03-25,32.74800109863281
2020-03-26,32.76100158691406
2020-03-27,32.599998474121094
2020-03-30,32.50699996948242
2020-03-31,32.63999938964844
2020-04-01,32.654998779296875
2020-04-02,33.08000183105469
2020-04-03,32.91999816894531
2020-04-06,32.970001220703125
2020-04-07,32.790000915527344
2020-04-08,32.74599838256836
2020-04-09,32.73699951171875
2020-04-10,32.68000030517578
2020-04-13,32.68000030517578
2020-04-14,32.709999084472656
2020-04-15,32.63999938964844
2020-04-16,32.69900131225586
2020-04-17,32.599998474121094
2020-04-20,32.44499969482422
2020-04-21,32.47999954223633
2020-04-22,32.50400161743164
2020-04-23,32.36199951171875
2020-04-24,32.35200119018555
2020-04-27,32.43000030517578
2020-04-28,32.4900016784668
2020-04-29,32.41299819946289
2020-04-30,32.40299987792969
2020-05-01,32.42300033569336
2020-05-04,32.47999954223633
2020-05-05,32.38600158691406
2020-05-06,32.358001708984375
2020-05-07,32.43299865722656
2020-05-08,32.36399841308594
2020-05-11,32.20000076293945
2020-05-12,32.16999816894531
2020-05-13,32.13399887084961
2020-05-14,32.060001373291016
2020-05-15,32.07400131225586
2020-05-18,32.04999923706055
2020-05-19,32.02399826049805
2020-05-20,31.920000076293945
2020-05-21,31.81999969482422
2020-05-22,31.829999923706055
2020-05-25,31.8700008392334
2020-05-26,31.940000534057617
2020-05-27,31.860000610351562
2020-05-28,31.90399932861328
2020-05-29,31.854999542236328
2020-06-01,31.489999771118164
2020-06-02,31.65999984741211
2020-06-03,31.549999237060547
2020-06-04,31.559999465942383
2020-06-05,31.503000259399414
2020-06-08,31.440000534057617
2020-06-09,31.39900016784668
2020-06-10,31.33099937438965
2020-06-11,31.107999801635742
2020-06-12,31.09000015258789
2020-06-15,31.010000228881836
2020-06-16,30.965999603271484
2020-06-17,31.094999313354492
2020-06-18,31.110000610351562
2020-06-19,31.079999923706055
2020-06-22,31.0
2020-06-23,30.950000762939453
2020-06-24,30.8700008392334
2020-06-25,30.86199951171875
2020-06-26,30.8700008392334
2020-06-29,30.899999618530273
2020-06-30,30.875
2020-07-01,30.889999389648438
2020-07-02,31.02199935913086
2020-07-03,31.09000015258789
2020-07-06,31.110000610351562
2020-07-07,31.049999237060547
2020-07-08,31.200000762939453
2020-07-09,31.170000076293945
2020-07-10,31.260000228881836
2020-07-13,31.329999923706055
2020-07-14,31.389999389648438
2020-07-15,31.510000228881836
2020-07-16,31.530000686645508
2020-07-17,31.700000762939453
2020-07-20,31.639999389648438
2020-07-21,31.740999221801758
2020-07-22,31.510000228881836
2020-07-23,31.621000289916992
2020-07-24,31.709999084472656
2020-07-27,31.600000381469727
2020-07-28,31.440000534057617
2020-07-29,31.459999084472656
2020-07-30,31.422000885009766
2020-07-31,31.309999465942383
2020-08-03,31.260000228881836
2020-08-04,31.209999084472656
2020-08-05,31.010000228881836
2020-08-06,31.02400016784668
2020-08-07,31.079999923706055
2020-08-10,31.200000762939453
2020-08-11,31.100000381469727
2020-08-12,31.139999389648438
2020-08-13,31.06999969482422
2020-08-14,31.03499984741211
2020-08-17,31.09000015258789
2020-08-18,31.149999618530273
2020-08-19,31.149999618530273
2020-08-20,31.299999237060547
2020-08-21,31.399999618530273
2020-08-24,31.540000915527344
2020-08-25,31.503999710083008
2020-08-26,31.43000030517578
2020-08-27,31.233999252319336
2020-08-28,31.264999389648438
2020-08-31,31.09000015258789
2020-09-01,31.040000915527344
2020-09-02,31.139999389648438
2020-09-03,31.329999923706055
2020-09-04,31.399999618530273
2020-09-07,31.3700008392334
2020-09-08,31.3700008392334
2020-09-09,31.3799991607666
2020-09-10,31.260000228881836
2020-09-11,31.290000915527344
2020-09-14,31.299999237060547
2020-09-15,31.280000686645508
2020-09-16,31.209999084472656
2020-09-17,31.100000381469727
2020-09-18,31.15999984741211
2020-09-21,31.06999969482422
2020-09-22,31.31999969482422
2020-09-23,31.368999481201172
2020-09-24,31.55900001525879
2020-09-25,31.542999267578125
2020-09-28,31.597999572753906
2020-09-29,31.604000091552734
2020-09-30,31.562999725341797
2020-10-01,31.610000610351562
2020-10-02,31.56999969482422
2020-10-05,31.549999237060547
2020-10-06,31.270000457763672
2020-10-07,31.273000717163086
2020-10-08,31.19300079345703
2020-10-09,31.170000076293945
2020-10-12,31.049999237060547
2020-10-13,31.156999588012695
2020-10-14,31.239999771118164
2020-10-15,31.209999084472656
2020-10-16,31.209999084472656
2020-10-19,31.190000534057617
2020-10-20,31.200000762939453
2020-10-21,31.209999084472656
2020-10-22,31.190000534057617
2020-10-23,31.29199981689453
2020-10-26,31.29199981689453
2020-10-27,31.270000457763672
2020-10-28,31.219999313354492
2020-10-29,31.25
2020-10-30,31.222999572753906
2020-11-02,31.176000595092773
2020-11-03,31.100000381469727
2020-11-04,31.0
2020-11-05,31.0
2020-11-06,30.739999771118164
2020-11-09,30.555999755859375
2020-11-10,30.579999923706055
2020-11-11,30.299999237060547
2020-11-12,30.250999450683594
2020-11-13,30.209999084472656
2020-11-16,30.06999969482422
2020-11-17,30.15999984741211
2020-11-18,30.149999618530273
2020-11-19,30.329999923706055
2020-11-20,30.3700008392334
2020-11-23,30.242000579833984
2020-11-24,30.34000015258789
2020-11-25,30.31999969482422
2020-11-26,30.290000915527344
2020-11-27,30.28499984741211
2020-11-30,30.246000289916992
2020-12-01,30.260000228881836
2020-12-02,30.229999542236328
2020-12-03,30.19300079345703
2020-12-04,30.170000076293945
2020-12-07,30.1560001373291
2020-12-08,30.149999618530273
2020-12-09,30.020000457763672
2020-12-10,30.038999557495117
2020-12-11,30.03700065612793
2020-12-14,30.049999237060547
2020-12-15,30.076000213623047
2020-12-16,30.030000686645508
2020-12-17,29.96500015258789
2020-12-18,29.788999557495117
2020-12-21,29.922000885009766
2020-12-22,30.038999557495117
2020-12-23,30.22100067138672
2020-12-24,30.190000534057617
2020-12-25,30.020000457763672
2020-12-28,30.065000534057617
2020-12-29,30.139999389648438
2020-12-30,30.040000915527344
2020-12-31,29.91900062561035
2021-01-01,29.900999069213867
2021-01-04,29.95400047302246
2021-01-05,29.90999984741211
2021-01-06,29.920000076293945
2021-01-07,29.920000076293945
2021-01-08,30.06999969482422
2021-01-11,30.124000549316406
2021-01-12,30.15999984741211
2021-01-13,30.030000686645508
2021-01-14,29.989999771118164
2021-01-15,29.979999542236328
2021-01-18,30.06100082397461
2021-01-19,30.100000381469727
2021-01-20,29.964000701904297
2021-01-21,29.944000244140625
2021-01-22,29.93000030517578
2021-01-25,29.97800064086914
2021-01-26,29.979999542236328
2021-01-27,29.950000762939453
2021-01-28,30.0
2021-01-29,29.94499969482422
2021-02-01,29.90999984741211
2021-02-02,29.979999542236328
2021-02-03,29.993000030517578
2021-02-04,29.979000091552734
2021-02-05,30.059999465942383
2021-02-08,30.027000427246094
2021-02-09,29.969999313354492
2021-02-10,29.899999618530273
2021-02-11,29.8799991607666
2021-02-12,29.860000610351562
2021-02-15,29.8700008392334
2021-02-16,29.889999389648438
2021-02-17,29.950000762939453
2021-02-18,29.990999221801758
2021-02-19,29.989999771118164
2021-02-22,29.948999404907227
2021-02-23,29.97599983215332
2021-02-24,30.01300048828125
2021-02-25,30.03700065612793
2021-02-26,30.264999389648438
2021-03-01,30.344999313354492
2021-03-02,30.200000762939453
2021-03-03,30.24799919128418
2021-03-04,30.350000381469727
2021-03-05,30.43000030517578
2021-03-08,30.464000701904297
2021-03-09,30.804000854492188
2021-03-10,30.725000381469727
2021-03-11,30.68899917602539
2021-03-12,30.540000915527344
2021-03-15,30.708999633789062
2021-03-16,30.719999313354492
2021-03-17,30.739999771118164
2021-03-18,30.670000076293945
2021-03-19,30.871000289916992
2021-03-22,30.83099937438965
2021-03-23,30.8700008392334
2021-03-24,31.010000228881836
2021-03-25,31.020000457763672
2021-03-26,31.149999618530273
2021-03-29,31.139999389648438
2021-03-30,31.190000534057617
2021-03-31,31.283000946044922
2021-04-01,31.235000610351562
2021-04-02,31.190000534057617
2021-04-05,31.280000686645508
2021-04-06,31.332000732421875
2021-04-07,31.2810001373291
2021-04-08,31.361000061035156
2021-04-09,31.395000457763672
2021-04-12,31.466999053955078
2021-04-13,31.488000869750977
2021-04-14,31.461999893188477
2021-04-15,31.312000274658203
2021-04-16,31.148000717163086
2021-04-19,31.18899917602539
2021-04-20,31.200000762939453
2021-04-21,31.270000457763672
2021-04-22,31.309999465942383
2021-04-23,31.389999389648438
2021-04-26,31.392000198364258
2021-04-27,31.420000076293945
2021-04-28,31.339000701904297
2021-04-29,31.323999404907227
2021-04-30,31.170000076293945
2021-05-03,31.15999984741211
2021-05-04,31.1200008392334
2021-05-05,31.15999984741211
2021-05-06,31.1299991607666
2021-05-07,31.198999404907227
2021-05-10,31.030000686645508
2021-05-11,31.084999084472656
2021-05-12,31.15999984741211
2021-05-13,31.280000686645508
2021-05-14,31.34000015258789
2021-05-17,31.31999969482422
2021-05-18,31.469999313354492
2021-05-19,31.3799991607666
2021-05-20,31.43000030517578
2021-05-21,31.360000610351562
2021-05-24,31.360000610351562
2021-05-25,31.31999969482422
2021-05-26,31.34000015258789
2021-05-27,31.260000228881836
2021-05-28,31.280000686645508
2021-05-31,31.25
2021-06-01,31.170000076293945
2021-06-02,31.166000366210938
2021-06-03,31.110000610351562
2021-06-04,31.209999084472656
2021-06-07,31.139999389648438
2021-06-08,31.170000076293945
2021-06-09,31.20400047302246
2021-06-10,31.149999618530273
2021-06-11,31.1200008392334
2021-06-14,31.059999465942383
2021-06-15,31.107999801635742
2021-06-16,31.15999984741211
2021-06-17,31.298999786376953
2021-06-18,31.399999618530273
2021-06-21,31.469999313354492
2021-06-22,31.614999771118164
2021-06-23,31.690000534057617
2021-06-24,31.81999969482422
2021-06-25,31.89900016784668
2021-06-28,31.79400062561035
2021-06-29,31.899999618530273
2021-06-30,32.124000549316406
2021-07-01,31.98200035095215
2021-07-02,32.077999114990234
2021-07-05,32.13600158691406
2021-07-06,32.09000015258789
2021-07-07,32.28900146484375
2021-07-08,32.34000015258789
2021-07-09,32.529998779296875
2021-07-12,32.5099983215332
2021-07-13,32.65999984741211
2021-07-14,32.65999984741211
2021-07-15,32.60300064086914
2021-07-16,32.698001861572266
2021-07-19,32.810001373291016
2021-07-20,32.84000015258789
2021-07-21,32.81999969482422
2021-07-22,32.849998474121094
2021-07-23,32.87900161743164
2021-07-26,32.939998626708984
2021-07-27,32.880001068115234
2021-07-28,32.926998138427734
2021-07-29,32.810001373291016
2021-07-30,32.84000015258789
2021-08-02,32.91999816894531
2021-08-03,32.93199920654297
2021-08-04,33.0099983215332
2021-08-05,33.13999938964844
2021-08-06,33.255001068115234
2021-08-09,33.41999816894531
2021-08-10,33.459999084472656
2021-08-11,33.45000076293945
2021-08-12,33.097999572753906
2021-08-13,33.06999969482422
2021-08-16,33.310001373291016
2021-08-17,33.38999938964844
2021-08-18,33.34000015258789
2021-08-19,33.30500030517578
2021-08-20,33.35300064086914
2021-08-23,33.29999923706055
2021-08-24,33.2400016784668
2021-08-25,32.87699890136719
2021-08-26,32.73500061035156
2021-08-27,32.7400016784668
2021-08-30,32.52000045776367
2021-08-31,32.46900177001953
2021-09-01,32.16999816894531
2021-09-02,32.279998779296875
2021-09-03,32.441001892089844
2021-09-06,32.459999084472656
2021-09-07,32.470001220703125
2021-09-08,32.65999984741211
2021-09-09,32.75
2021-09-10,32.70000076293945
2021-09-13,32.709999084472656
2021-09-14,32.86000061035156
2021-09-15,32.88999938964844
2021-09-16,32.849998474121094
2021-09-17,33.11800003051758
2021-09-20,33.308998107910156
2021-09-21,33.34000015258789
2021-09-22,33.38999938964844
2021-09-23,33.426998138427734
2021-09-24,33.38999938964844
2021-09-27,33.400001525878906
2021-09-28,33.58000183105469
2021-09-29,33.84000015258789
2021-09-30,33.93600082397461
2021-10-01,33.68000030517578
2021-10-04,33.619998931884766
2021-10-05,33.779998779296875
2021-10-06,33.810001373291016
2021-10-07,33.79999923706055
2021-10-08,33.790000915527344
2021-10-11,33.900001525878906
2021-10-12,33.65700149536133
2021-10-13,33.31999969482422
2021-10-14,33.16999816894531
2021-10-15,33.16999816894531
2021-10-18,33.43000030517578
2021-10-19,33.45000076293945
2021-10-20,33.36000061035156
2021-10-21,33.349998474121094
2021-10-22,33.380001068115234
2021-10-25,33.290000915527344
2021-10-26,33.03900146484375
2021-10-27,33.183998107910156
2021-10-28,33.29199981689453
2021-10-29,33.189998626708984
2021-11-01,33.14799880981445
2021-11-02,33.29999923706055
2021-11-03,33.2599983215332
2021-11-04,33.25
2021-11-05,33.33000183105469
2021-11-08,33.137001037597656
2021-11-09,32.90700149536133
2021-11-10,32.75
2021-11-11,32.83700180053711
2021-11-12,32.83000183105469
2021-11-15,32.715999603271484
2021-11-16,32.7400016784668
2021-11-17,32.73699951171875
2021-11-18,32.62099838256836
2021-11-19,32.58000183105469
2021-11-22,32.79999923706055
2021-11-23,33.02000045776367
2021-11-24,33.12799835205078
2021-11-25,33.369998931884766
2021-11-26,33.40999984741211
2021-11-29,33.56399917602539
2021-11-30,33.665000915527344
2021-12-01,33.66999816894531
2021-12-02,33.72999954223633
2021-12-03,33.85300064086914
2021-12-06,33.779998779296875
2021-12-07,33.83000183105469
2021-12-08,33.61000061035156
2021-12-09,33.439998626708984
2021-12-10,33.58000183105469
2021-12-13,33.15800094604492
2021-12-14,33.41400146484375
2021-12-15,33.41999816894531
2021-12-16,33.395999908447266
2021-12-17,33.400001525878906
2021-12-20,33.27799987792969
2021-12-21,33.61000061035156
2021-12-22,33.62799835205078
2021-12-23,33.55799865722656
2021-12-24,33.512001037597656
2021-12-27,33.37699890136719
2021-12-28,33.51100158691406
2021-12-29,33.50699996948242
2021-12-30,33.44499969482422
2021-12-31,33.32500076293945
2022-01-03,33.111000061035156
2022-01-04,33.24300003051758
2022-01-05,33.24100112915039
2022-01-06,33.24800109863281
2022-01-07,33.553001403808594
2022-01-10,33.58599853515625
2022-01-11,33.61800003051758
2022-01-12,33.301998138427734
2022-01-13,33.250999450683594
2022-01-14,33.20000076293945
2022-01-17,33.16299819946289
2022-01-18,33.084999084472656
2022-01-19,33.095001220703125
2022-01-20,32.90999984741211
2022-01-21,32.91299819946289
2022-01-24,32.935001373291016
2022-01-25,32.99300003051758
2022-01-26,33.00199890136719
2022-01-27,33.10499954223633
2022-01-28,33.284000396728516
2022-01-31,33.39799880981445
2022-02-01,33.194000244140625
2022-02-02,33.17900085449219
2022-02-03,33.1150016784668
2022-02-04,33.073001861572266
2022-02-07,32.93000030517578
2022-02-08,32.970001220703125
2022-02-09,32.856998443603516
2022-02-10,32.70800018310547
2022-02-11,32.70399856567383
2022-02-14,32.68000030517578
2022-02-15,32.426998138427734
2022-02-16,32.345001220703125
2022-02-17,32.29999923706055
2022-02-18,32.10300064086914
2022-02-21,32.13199996948242
2022-02-22,32.257999420166016
2022-02-23,32.41600036621094
2022-02-24,32.270999908447266
2022-02-25,32.49700164794922
2022-02-28,32.678001403808594
2022-03-01,32.64799880981445
2022-03-02,32.72600173950195
2022-03-03,32.474998474121094
2022-03-04,32.55699920654297
2022-03-07,32.69900131225586
2022-03-08,33.007999420166016
2022-03-09,33.19200134277344
2022-03-10,32.972999572753906
2022-03-11,33.12200164794922
2022-03-14,33.262001037597656
2022-03-15,33.395999908447266
2022-03-16,33.5099983215332
2022-03-17,33.34199905395508
2022-03-18,33.21900177001953
2022-03-21,33.310001373291016
2022-03-22,33.582000732421875
2022-03-23,33.481998443603516
2022-03-24,33.625999450683594
2022-03-25,33.520999908447266
2022-03-28,33.6349983215332
2022-03-29,33.784000396728516
2022-03-30,33.49300003051758
2022-03-31,33.319000244140625
2022-04-01,33.237998962402344
2022-04-04,33.47999954223633
2022-04-05,33.43899917602539
2022-04-06,33.547000885009766
2022-04-07,33.57099914550781
2022-04-08,33.48699951171875
2022-04-11,33.542999267578125
2022-04-12,33.630001068115234
2022-04-13,33.547000885009766
2022-04-14,33.45500183105469
2022-04-15,33.659000396728516
2022-04-18,33.597999572753906
2022-04-19,33.68299865722656
2022-04-20,33.77299880981445
2022-04-21,33.78099822998047
2022-04-22,33.89400100708008
2022-04-25,33.94599914550781
2022-04-26,34.06100082397461
2022-04-27,34.23500061035156
2022-04-28,34.3489990234375
2022-04-29,34.433998107910156
2022-05-02,34.18899917602539
2022-05-03,34.46200180053711
2022-05-04,34.31700134277344
2022-05-05,34.04999923706055
2022-05-06,34.29999923706055
2022-05-09,34.361000061035156
2022-05-10,34.59000015258789
2022-05-11,34.64799880981445
2022-05-12,34.62699890136719
2022-05-13,34.73099899291992
2022-05-16,34.64899826049805
2022-05-17,34.698001861572266
2022-05-18,34.47800064086914
2022-05-19,34.573001861572266
2022-05-20,34.37699890136719
2022-05-23,34.32099914550781
2022-05-24,34.1349983215332
2022-05-25,34.09400177001953
2022-05-26,34.2400016784668
2022-05-27,34.21699905395508
2022-05-30,34.07699966430664
2022-05-31,34.0880012512207
2022-06-01,34.231998443603516
2022-06-02,34.362998962402344
2022-06-03,34.23699951171875
2022-06-06,34.34000015258789
2022-06-07,34.43000030517578
2022-06-08,34.40599822998047
2022-06-09,34.48899841308594
2022-06-10,34.55400085449219
2022-06-13,34.80099868774414
2022-06-14,34.84299850463867
2022-06-15,35.029998779296875
2022-06-16,34.83599853515625
2022-06-17,35.00600051879883
2022-06-20,35.22100067138672
2022-06-21,35.33000183105469
2022-06-22,35.28499984741211
2022-06-23,35.349998474121094
2022-06-24,35.48400115966797
2022-06-27,35.45000076293945
2022-06-28,35.35900115966797
2022-06-29,35.15999984741211
2022-06-30,35.077999114990234
2022-07-01,35.32400131225586
2022-07-04,35.58000183105469
2022-07-05,35.702999114990234
2022-07-06,35.96799850463867
2022-07-07,36.154998779296875
2022-07-08,36.07099914550781
2022-07-11,35.86000061035156
2022-07-12,36.231998443603516
2022-07-13,36.19599914550781
2022-07-14,36.231998443603516
2022-07-15,36.529998779296875
2022-07-18,36.560001373291016
2022-07-19,36.689998626708984
2022-07-20,36.573001861572266
2022-07-21,36.665000915527344
2022-07-22,36.75199890136719
2022-07-25,36.638999938964844
2022-07-26,36.65599822998047
2022-07-27,36.698001861572266
2022-07-28,36.637001037597656
2022-07-29,36.3849983215332
2022-08-01,36.292999267578125
2022-08-02,36.10300064086914
2022-08-03,36.202999114990234
2022-08-04,36.2400016784668
2022-08-05,35.81999969482422
2022-08-08,35.75
2022-08-09,35.529998779296875
2022-08-10,35.33000183105469
2022-08-11,35.31999969482422
2022-08-12,35.20000076293945
2022-08-15,35.29999923706055
2022-08-16,35.53900146484375
2022-08-17,35.37300109863281
2022-08-18,35.47999954223633
2022-08-19,35.630001068115234
2022-08-22,35.78499984741211
2022-08-23,36.119998931884766
2022-08-24,36.04499816894531
2022-08-25,36.05699920654297
2022-08-26,35.810001373291016
2022-08-29,36.290000915527344
2022-08-30,36.31999969482422
2022-08-31,36.43899917602539
2022-09-01,36.62200164794922
2022-09-02,36.768001556396484
2022-09-05,36.72999954223633
2022-09-06,36.540000915527344
2022-09-07,36.6879997253418
2022-09-08,36.52000045776367
2022-09-09,36.40999984741211
2022-09-12,36.369998931884766
2022-09-13,36.268001556396484
2022-09-14,36.599998474121094
2022-09-15,36.630001068115234
2022-09-16,36.939998626708984
2022-09-19,36.79999923706055
2022-09-20,36.900001525878906
2022-09-21,36.97999954223633
2022-09-22,37.209999084472656
2022-09-23,37.369998931884766
2022-09-26,37.58000183105469
2022-09-27,37.94900131225586
2022-09-28,37.970001220703125
2022-09-29,37.90999984741211
2022-09-30,37.86199951171875
2022-10-03,37.823001861572266
2022-10-04,37.79600143432617
2022-10-05,37.40599822998047
2022-10-06,37.439998626708984
2022-10-07,37.327999114990234
2022-10-10,37.59000015258789
2022-10-11,37.9900016784668
2022-10-12,38.09000015258789
2022-10-13,37.88999938964844
2022-10-14,38.02000045776367
2022-10-17,38.279998779296875
2022-10-18,38.08000183105469
2022-10-19,38.06999969482422
2022-10-20,38.29999923706055
2022-10-21,38.20000076293945
2022-10-24,38.04999923706055
2022-10-25,38.209999084472656
2022-10-26,37.95000076293945
2022-10-27,37.70000076293945
2022-10-28,37.790000915527344
2022-10-31,37.86800003051758
2022-11-01,38.060001373291016
2022-11-02,37.707000732421875
2022-11-03,37.83300018310547
2022-11-04,38.012001037597656
2022-11-07,37.43299865722656
2022-11-08,37.29999923706055
2022-11-09,36.90999984741211
2022-11-10,36.86000061035156
2022-11-11,36.15999984741211
2022-11-14,36.018001556396484
2022-11-15,35.683998107910156
2022-11-16,35.542999267578125
2022-11-17,35.801998138427734
2022-11-18,35.84000015258789
2022-11-21,35.755001068115234
2022-11-22,36.290000915527344
2022-11-23,36.09000015258789
2022-11-24,35.97999954223633
2022-11-25,35.779998779296875
2022-11-28,35.95600128173828
2022-11-29,35.784000396728516
2022-11-30,35.41699981689453
2022-12-01,35.06999969482422
2022-12-02,34.790000915527344
2022-12-05,34.66999816894531
2022-12-06,35.040000915527344
2022-12-07,35.0369987487793
2022-12-08,34.900001525878906
2022-12-09,34.72999954223633
2022-12-12,34.70800018310547
2022-12-13,34.84000015258789
2022-12-14,34.59000015258789
2022-12-15,34.52000045776367
2022-12-16,35.08399963378906
2022-12-19,34.81999969482422
2022-12-20,34.84000015258789
2022-12-21,34.65999984741211
2022-12-22,34.650001525878906
2022-12-23,34.83000183105469
2022-12-26,34.60900115966797
2022-12-27,34.65999984741211
2022-12-28,34.619998931884766
2022-12-29,34.70000076293945
2022-12-30,34.58000183105469
2023-01-02,34.44300079345703
2023-01-03,34.4900016784668
2023-01-04,34.380001068115234
2023-01-05,33.88800048828125
2023-01-06,34.040000915527344
2023-01-09,33.62799835205078
2023-01-10,33.41699981689453
2023-01-11,33.45000076293945
2023-01-12,33.36199951171875
2023-01-13,33.10200119018555
2023-01-16,32.875999450683594
2023-01-17,33.02000045776367
2023-01-18,33.0
2023-01-19,33.0
2023-01-20,32.880001068115234
2023-01-23,32.7130012512207
2023-01-24,32.709999084472656
2023-01-25,32.77000045776367
2023-01-26,32.73099899291992
2023-01-27,32.779998779296875
2023-01-30,32.76499938964844
2023-01-31,32.7599983215332
2023-02-01,32.8650016784668
2023-02-02,32.72200012207031
2023-02-03,33.04999923706055
2023-02-06,33.53099822998047
2023-02-07,33.75
2023-02-08,33.50600051879883
2023-02-09,33.48500061035156
2023-02-10,33.560001373291016
2023-02-13,33.327999114990234
2023-02-14,33.790000915527344
2023-02-15,33.849998474121094
2023-02-16,34.25899887084961
2023-02-17,34.400001525878906
2023-02-20,34.41699981689453
2023-02-21,34.38600158691406
2023-02-22,34.650001525878906
2023-02-23,34.650001525878906
2023-02-24,34.71200180053711
2023-02-27,34.93899917602539
2023-02-28,34.9900016784668
2023-03-01,35.21099853515625
2023-03-02,34.6879997253418
2023-03-03,34.81999969482422
2023-03-06,34.53300094604492
2023-03-07,34.43299865722656
2023-03-08,35.05400085449219
2023-03-09,35.042999267578125
2023-03-10,35.0
2023-03-13,34.584999084472656
2023-03-14,34.52000045776367
2023-03-15,34.54199981689453
2023-03-16,34.560001373291016
2023-03-17,34.43000030517578
2023-03-20,34.05799865722656
2023-03-21,34.0359992980957
2023-03-22,34.41299819946289
2023-03-23,34.209999084472656
2023-03-24,34.029998779296875
2023-03-27,34.189998626708984
2023-03-28,34.40999984741211
2023-03-29,34.22999954223633
2023-03-30,34.16999816894531
2023-03-31,34.1150016784668
2023-04-03,34.279998779296875
2023-04-04,34.20000076293945
2023-04-05,34.0099983215332
2023-04-06,33.939998626708984
2023-04-07,34.119998931884766
2023-04-10,34.16999816894531
2023-04-11,34.36000061035156
2023-04-12,34.27000045776367
2023-04-13,34.12200164794922
2023-04-14,34.000999450683594
2023-04-17,34.34000015258789
2023-04-18,34.48500061035156
2023-04-19,34.279998779296875
2023-04-20,34.42100143432617
2023-04-21,34.29999923706055
2023-04-24,34.34700012207031
2023-04-25,34.290000915527344
2023-04-26,34.310001373291016
2023-04-27,34.130001068115234
2023-04-28,34.08599853515625
2023-05-01,34.130001068115234
2023-05-02,34.194000244140625
2023-05-03,34.06999969482422
2023-05-04,33.849998474121094
2023-05-05,33.779998779296875
2023-05-08,33.86000061035156
2023-05-09,33.810001373291016
2023-05-10,33.66999816894531
2023-05-11,33.630001068115234
2023-05-12,33.78200149536133
2023-05-15,33.880001068115234
2023-05-16,33.7599983215332
2023-05-17,34.07899856567383
2023-05-18,34.25
2023-05-19,34.40999984741211
2023-05-22,34.27799987792969
2023-05-23,34.459999084472656
2023-05-24,34.61000061035156
2023-05-25,34.65599822998047
2023-05-26,34.729000091552734
2023-05-29,34.72999954223633
2023-05-30,34.709999084472656
2023-05-31,34.70000076293945
2023-06-01,34.630001068115234
2023-06-02,34.58000183105469
2023-06-05,34.84000015258789
2023-06-06,34.7599983215332
2023-06-07,34.733001708984375
2023-06-08,34.803001403808594
2023-06-09,34.60300064086914
2023-06-12,34.59000015258789
2023-06-13,34.61000061035156
2023-06-14,34.66999816894531
2023-06-15,34.63800048828125
2023-06-16,34.58000183105469
2023-06-19,34.68000030517578
2023-06-20,34.73699951171875
2023-06-21,34.81800079345703
2023-06-22,34.770999908447266
2023-06-23,35.10499954223633
2023-06-26,35.20000076293945
2023-06-27,35.220001220703125
2023-06-28,35.27000045776367
2023-06-29,35.59000015258789
2023-06-30,35.619998931884766
2023-07-03,35.29999923706055
2023-07-04,35.029998779296875
2023-07-05,34.8489990234375
2023-07-06,34.9640007019043
2023-07-07,35.18000030517578
2023-07-10,35.130001068115234
2023-07-11,35.040000915527344
2023-07-12,34.75
2023-07-13,34.64400100708008
2023-07-14,34.54999923706055
2023-07-17,34.630001068115234
2023-07-18,34.59000015258789
2023-07-19,34.04999923706055
2023-07-20,33.99399948120117
2023-07-21,34.189998626708984
2023-07-24,34.400001525878906
2023-07-25,34.54999923706055
2023-07-26,34.38800048828125
2023-07-27,34.2239990234375
2023-07-28,34.45399856567383
2023-07-31,34.2400016784668
2023-08-01,34.236000061035156
2023-08-02,34.290000915527344
2023-08-03,34.45000076293945
2023-08-04,34.560001373291016
2023-08-07,34.630001068115234
2023-08-08,34.81999969482422
2023-08-09,35.0
2023-08-10,35.05500030517578
2023-08-11,35.119998931884766
2023-08-14,35.084999084472656
2023-08-15,35.22999954223633
2023-08-16,35.40999984741211
2023-08-17,35.46900177001953
2023-08-18,35.46900177001953
2023-08-21,35.369998931884766
2023-08-22,35.189998626708984
2023-08-23,35.02000045776367
2023-08-24,34.90299987792969
2023-08-25,34.9900016784668
2023-08-28,35.06700134277344
2023-08-29,35.22999954223633
2023-08-30,35.0
2023-08-31,34.994998931884766
2023-09-01,35.00199890136719
2023-09-04,35.099998474121094
2023-09-05,35.26100158691406
2023-09-06,35.44499969482422
2023-09-07,35.55099868774414
2023-09-08,35.63199996948242
2023-09-11,35.5
2023-09-12,35.5
2023-09-13,35.59000015258789
2023-09-14,35.7400016784668
2023-09-15,35.779998779296875
2023-09-18,35.709999084472656
2023-09-19,35.665000915527344
2023-09-20,36.00899887084961
2023-09-21,36.22999954223633
2023-09-22,36.119998931884766
2023-09-25,35.970001220703125
2023-09-26,36.14400100708008
2023-09-27,36.39699935913086
2023-09-28,36.66999816894531
2023-09-29,36.566001892089844
2023-10-02,36.67399978637695
2023-10-03,37.02399826049805
2023-10-04,37.09000015258789
2023-10-05,36.91600036621094
2023-10-06,36.935001373291016
2023-10-09,36.939998626708984
2023-10-10,36.90999984741211
2023-10-11,36.5629997253418
2023-10-12,36.41999816894531
2023-10-13,36.39899826049805
2023-10-16,36.185001373291016
2023-10-17,36.29399871826172
2023-10-18,36.36000061035156
2023-10-19,36.32899856567383
2023-10-20,36.354000091552734
2023-10-23,36.529998779296875
2023-10-24,36.28900146484375
2023-10-25,36.15999984741211
2023-10-26,36.220001220703125
2023-10-27,36.220001220703125
2023-10-30,36.097999572753906
2023-10-31,35.90999984741211
2023-11-01,36.099998474121094
2023-11-02,36.01300048828125
2023-11-03,35.95899963378906
2023-11-06,35.518001556396484
2023-11-07,35.4900016784668
2023-11-08,35.49700164794922
2023-11-09,35.529998779296875
2023-11-10,35.76499938964844
2023-11-13,36.077999114990234
2023-11-14,35.9900016784668
2023-11-15,35.49700164794922
2023-11-16,35.500999450683594
2023-11-17,35.19499969482422
2023-11-20,35.10499954223633
2023-11-21,35.15299987792969
2023-11-22,35.11800003051758
2023-11-23,35.237998962402344
2023-11-24,35.27399826049805
2023-11-27,35.37300109863281
2023-11-28,34.99399948120117
2023-11-29,34.65999984741211
2023-11-30,34.801998138427734
2023-12-01,35.25699996948242
2023-12-04,34.733001708984375
2023-12-05,35.21500015258789
2023-12-06,35.2400016784668
2023-12-07,35.196998596191406
2023-12-08,35.11000061035156
2023-12-11,35.46200180053711
2023-12-12,35.68000030517578
2023-12-13,35.650001525878906
2023-12-14,35.08700180053711
2023-12-15,34.880001068115234
2023-12-18,34.95199966430664
2023-12-19,34.939998626708984
2023-12-20,34.83000183105469
2023-12-21,34.952999114990234
2023-12-22,34.685001373291016
2023-12-25,34.39400100708008
2023-12-26,34.507999420166016
2023-12-27,34.47100067138672
2023-12-28,34.19499969482422
2023-12-29,34.290000915527344
2024-01-01,34.41999816894531
2024-01-02,34.32600021362305
2024-01-03,34.209999084472656
2024-01-04,34.439998626708984
2024-01-05,34.48899841308594
2024-01-08,34.637001037597656
2024-01-09,34.939998626708984
2024-01-10,34.91400146484375
2024-01-11,35.01300048828125
2024-01-12,34.98699951171875
2024-01-15,34.946998596191406
2024-01-16,34.959999084472656
2024-01-17,35.38600158691406
2024-01-18,35.57500076293945
2024-01-19,35.529998779296875
2024-01-22,35.529998779296875
2024-01-23,35.57899856567383
2024-01-24,35.643001556396484
2024-01-25,35.709999084472656
2024-01-26,35.72999954223633
2024-01-29,35.60300064086914
2024-01-30,35.43000030517578
2024-01-31,35.35100173950195
2024-02-01,35.54899978637695
2024-02-02,35.29800033569336
2024-02-05,35.57500076293945
2024-02-06,35.7599983215332
2024-02-07,35.54999923706055
2024-02-08,35.481998443603516
2024-02-09,35.83000183105469
2024-02-12,35.87200164794922
2024-02-13,35.87099838256836
2024-02-14,36.0620002746582
2024-02-15,36.05500030517578
2024-02-16,36.040000915527344
2024-02-19,35.94499969482422
2024-02-20,36.119998931884766
2024-02-21,35.97999954223633
2024-02-22,35.840999603271484
2024-02-23,35.93000030517578
2024-02-26,35.9370002746582
2024-02-27,35.930999755859375
2024-02-28,35.880001068115234
2024-02-29,35.95399856567383
2024-03-01,35.83000183105469
2024-03-04,35.797000885009766
2024-03-05,35.70100021362305
2024-03-06,35.777000427246094
2024-03-07,35.58700180053711
2024-03-08,35.492000579833984
2024-03-11,35.39799880981445
2024-03-12,35.38999938964844
2024-03-13,35.729000091552734
2024-03-14,35.612998962402344
2024-03-15,35.7599983215332
2024-03-18,35.900001525878906
2024-03-19,35.970001220703125
2024-03-20,36.04999923706055
2024-03-21,35.91699981689453
2024-03-22,36.29100036621094
2024-03-25,36.3390007019043
2024-03-26,36.34000015258789
2024-03-27,36.310001373291016
2024-03-28,36.400001525878906
2024-03-29,36.36000061035156
2024-04-01,36.40299987792969
2024-04-02,36.59000015258789
2024-04-03,36.571998596191406
2024-04-04,36.582000732421875
2024-04-05,36.678001403808594
2024-04-08,36.65999984741211
2024-04-09,36.689998626708984
2024-04-10,36.33000183105469
2024-04-11,36.71900177001953
2024-04-12,36.4109992980957
2024-04-15,36.619998931884766
2024-04-16,36.7599983215332
2024-04-17,36.66600036621094
2024-04-18,36.77000045776367
2024-04-19,36.79600143432617
2024-04-22,36.869998931884766
2024-04-23,37.06800079345703
2024-04-24,36.887001037597656
2024-04-25,37.04100036621094
2024-04-26,37.00699996948242
2024-04-29,36.981998443603516
2024-04-30,36.999000549316406
2024-05-01,37.17599868774414
2024-05-02,36.9640007019043
2024-05-03,36.79999923706055
2024-05-06,36.720001220703125
2024-05-07,36.75
2024-05-08,36.939998626708984
2024-05-09,36.917999267578125
2024-05-10,36.70000076293945
2024-05-13,36.790000915527344
2024-05-14,36.7760009765625
2024-05-15,36.55699920654297
2024-05-16,36.2599983215332
2024-05-17,36.189998626708984
2024-05-20,36.119998931884766
2024-05-21,36.125
2024-05-22,36.354000091552734
2024-05-23,36.4900016784668
2024-05-24,36.63199996948242
2024-05-27,36.63999938964844
2024-05-28,36.54999923706055
2024-05-29,36.573001861572266
2024-05-30,36.779998779296875
2024-05-31,36.680999755859375
2024-06-03,36.75
2024-06-04,36.573001861572266
2024-06-05,36.55400085449219
2024-06-06,36.56999969482422
2024-06-07,36.39500045776367
2024-06-10,36.90999984741211
2024-06-11,36.709999084472656
2024-06-12,36.70800018310547
2024-06-13,36.619998931884766
2024-06-14,36.749000549316406
2024-06-17,36.68000030517578
2024-06-18,36.810001373291016
2024-06-19,36.641998291015625
2024-06-20,36.66699981689453
2024-06-21,36.71699905395508
2024-06-24,36.7599983215332
2024-06-25,36.597999572753906
2024-06-26,36.72999954223633
2024-06-27,36.93299865722656
2024-06-28,36.81999969482422
2024-07-01,36.66999816894531
2024-07-02,36.71500015258789
2024-07-03,36.810001373291016
2024-07-04,36.6349983215332
2024-07-05,36.630001068115234
2024-07-08,36.5
2024-07-09,36.38999938964844
2024-07-10,36.40999984741211
2024-07-11,36.31999969482422
2024-07-12,36.02899932861328
2024-07-15,36.18000030517578
2024-07-16,36.11000061035156
2024-07-17,35.97600173950195
2024-07-18,35.867000579833984
2024-07-19,36.13999938964844
2024-07-22,36.279998779296875
2024-07-23,36.29999923706055
2024-07-24,36.13999938964844
2024-07-25,36.097999572753906
2024-07-26,36.209999084472656
2024-07-29,35.970001220703125
2024-07-30,35.93000030517578
2024-07-31,35.8380012512207
2024-08-01,35.5
2024-08-02,35.573001861572266
2024-08-05,35.279998779296875
2024-08-06,35.5
2024-08-07,35.393001556396484
2024-08-08,35.58000183105469
2024-08-09,35.2599983215332
2024-08-12,35.220001220703125
2024-08-13,35.03200149536133
2024-08-14,34.91400146484375
2024-08-15,35.06700134277344
2024-08-16,35.04399871826172
2024-08-19,34.58000183105469
2024-08-20,34.319000244140625
2024-08-21,34.130001068115234
2024-08-22,34.290000915527344
2024-08-23,34.4900016784668
2024-08-26,33.95000076293945
2024-08-27,33.970001220703125
2024-08-28,33.91400146484375
2024-08-29,34.042999267578125
2024-08-30,33.88999938964844
2024-09-02,33.91999816894531
2024-09-03,34.16999816894531
2024-09-04,34.25699996948242
2024-09-05,33.946998596191406
2024-09-06,33.58100128173828
2024-09-09,33.69300079345703
2024-09-10,33.86899948120117
2024-09-11,33.62900161743164
2024-09-12,33.790000915527344
2024-09-13,33.38399887084961
2024-09-16,33.222999572753906
2024-09-17,33.25
2024-09-18,33.375
2024-09-19,33.37300109863281
2024-09-20,33.11000061035156
2024-09-23,32.959999084472656
2024-09-24,32.91999816894531
2024-09-25,32.5629997253418
2024-09-26,32.77000045776367
2024-09-27,32.36600112915039
2024-09-30,32.349998474121094
2024-10-01,32.38999938964844
2024-10-02,32.52899932861328
2024-10-03,32.89099884033203
2024-10-04,33.11000061035156
2024-10-07,33.29999923706055
2024-10-08,33.470001220703125
2024-10-09,33.54999923706055
2024-10-10,33.52000045776367
2024-10-11,33.430999755859375
2024-10-14,33.2599983215332
2024-10-15,33.2239990234375
2024-10-16,33.290000915527344
2024-10-17,33.176998138427734
2024-10-18,33.14400100708008
2024-10-21,33.09000015258789
2024-10-22,33.5099983215332
2024-10-23,33.5099983215332
2024-10-24,33.77799987792969
2024-10-25,33.672000885009766
2024-10-28,33.75400161743164
2024-10-29,33.7599983215332
2024-10-30,33.630001068115234
2024-10-31,33.749000549316406
2024-11-01,33.8129997253418
2024-11-04,33.86399841308594
2024-11-05,33.76300048828125
2024-11-06,33.472999572753906
2024-11-07,34.347999572753906
2024-11-08,33.97999954223633
2024-11-11,34.266998291015625
2024-11-12,34.459999084472656
2024-11-13,34.83000183105469
2024-11-14,34.95000076293945
2024-11-15,34.97200012207031
2024-11-18,34.75699996948242
2024-11-19,34.57899856567383
2024-11-20,34.49300003051758
2024-11-21,34.630001068115234
2024-11-22,34.720001220703125
2024-11-25,34.41999816894531
2024-11-26,34.6510009765625
2024-11-27,34.71200180053711
2024-11-28,34.5099983215332
2024-11-29,34.400001525878906
2024-12-02,34.35100173950195
2024-12-03,34.4739990234375
2024-12-04,34.33000183105469
2024-12-05,34.21200180053711
2024-12-06,34.06999969482422
2024-12-09,34.060001373291016
2024-12-10,33.75400161743164
2024-12-11,33.707000732421875
2024-12-12,33.797000885009766
2024-12-13,33.91999816894531
2024-12-16,34.09199905395508
2024-12-17,34.042999267578125
2024-12-18,34.18000030517578
2024-12-19,34.58000183105469
2024-12-20,34.58000183105469
2024-12-23,34.25699996948242
2024-12-24,34.279998779296875
2024-12-25,34.064998626708984
2024-12-26,34.17599868774414
2024-12-27,34.119998931884766
2024-12-30,33.9900016784668
2024-12-31,34.138999938964844
2025-01-02,34.290000915527344
2025-01-03,34.380001068115234
2025-01-06,34.43299865722656
2025-01-07,34.619998931884766
2025-01-08,34.560001373291016
2025-01-09,34.60300064086914
2025-01-10,34.51300048828125
2025-01-13,34.60499954223633
2025-01-14,34.6510009765625
2025-01-15,34.689998626708984
2025-01-16,34.53799819946289
2025-01-17,34.53799819946289
2025-01-20,34.47200012207031
2025-01-21,34.07400131225586
2025-01-22,33.974998474121094
2025-01-23,33.87099838256836
2025-01-24,33.981998443603516
2025-01-27,33.67300033569336
2025-01-28,33.8650016784668
2025-01-29,33.810001373291016
2025-01-30,33.720001220703125
2025-01-31,33.61000061035156
2025-02-03,34.0
2025-02-04,33.849998474121094
2025-02-05,33.66999816894531
2025-02-06,33.54999923706055
2025-02-07,33.77000045776367
2025-02-10,33.875
2025-02-11,33.941001892089844
2025-02-12,34.03300094604492
2025-02-13,34.0
2025-02-14,33.65999984741211
2025-02-17,33.72200012207031
2025-02-18,33.68000030517578
2025-02-19,33.63999938964844
2025-02-20,33.72999954223633
2025-02-21,33.540000915527344
2025-02-24,33.534000396728516
2025-02-25,33.52000045776367
2025-02-26,33.75600051879883
2025-02-27,33.7400016784668
2025-02-28,34.04999923706055
2025-03-03,34.202999114990234
2025-03-04,34.018001556396484
2025-03-05,33.66999816894531
2025-03-06,33.59000015258789
2025-03-07,33.69900131225586
2025-03-10,33.71799850463867
2025-03-11,33.900001525878906
2025-03-12,33.709999084472656
2025-03-13,33.77000045776367
2025-03-14,33.68000030517578
2025-03-17,33.643001556396484
2025-03-18,33.59000015258789
2025-03-19,33.630001068115234
2025-03-20,33.54999923706055
2025-03-21,33.720001220703125
2025-03-24,33.87699890136719
2025-03-25,33.959999084472656
2025-03-26,33.810001373291016
2025-03-27,34.0099983215332
2025-03-28,33.810001373291016
2025-03-31,34.0099983215332
2025-04-01,33.97999954223633
2025-04-02,34.18000030517578
2025-04-03,34.34000015258789
2025-04-04,34.22999954223633
2025-04-07,34.599998474121094
2025-04-08,34.70000076293945
2025-04-09,34.880001068115234
2025-04-10,34.130001068115234
2025-04-11,33.81999969482422
2025-04-14,33.5
2025-04-15,33.54999923706055
2025-04-16,33.470001220703125
2025-04-17,33.08000183105469
2025-04-22,33.04999923706055
2025-04-23,33.560001373291016
2025-04-24,33.54999923706055
2025-04-25,33.38999938964844
2025-04-28,33.58000183105469
2025-04-29,33.34000015258789
2025-04-30,33.43000030517578
2025-05-01,33.41999816894531
2025-05-02,33.5099983215332
2025-05-05,33.09000015258789
2025-05-06,32.90999984741211
2025-05-07,32.630001068115234
2025-05-08,32.87699890136719
2025-05-09,33.060001373291016
2025-05-12,33.040000915527344
2025-05-13,33.40999984741211
2025-05-14,33.209999084472656
2025-05-15,33.439998626708984
2025-05-16,33.18000030517578
2025-05-19,33.183998107910156
2025-05-20,33.11000061035156
2025-05-21,32.85900115966797
2025-05-22,32.70000076293945
2025-05-23,32.849998474121094
2025-05-26,32.560001373291016
2025-05-27,32.58000183105469
2025-05-28,32.70000076293945
2025-05-29,32.797000885009766
2025-05-30,32.529998779296875
2025-06-02,32.75
2025-06-03,32.5
2025-06-04,32.61000061035156
2025-06-05,32.58000183105469
2025-06-06,32.59000015258789
2025-06-09,32.72999954223633
2025-06-10,32.62900161743164
2025-06-11,32.599998474121094
2025-06-12,32.5260009765625
2025-06-13,32.34000015258789
2025-06-16,32.380001068115234
2025-06-17,32.470001220703125
2025-06-18,32.582000732421875
2025-06-19,32.65800094604492
2025-06-20,32.70000076293945
2025-06-23,33.01900100708008
2025-06-24,32.784000396728516
2025-06-25,32.630001068115234
2025-06-26,32.50600051879883
2025-06-27,32.529998779296875
2025-06-30,32.63600158691406
2025-07-01,32.41999816894531
2025-07-02,32.4370002746582
2025-07-03,32.319000244140625
2025-07-04,32.43000030517578
2025-07-07,32.380001068115234
2025-07-08,32.619998931884766
2025-07-09,32.61000061035156
2025-07-10,32.619998931884766
2025-07-11,32.59000015258789
2025-07-14,32.369998931884766
2025-07-15,32.459999084472656
2025-07-16,32.56999969482422
2025-07-17,32.470001220703125
2025-07-18,32.470001220703125
2025-07-21,32.380001068115234
2025-07-22,32.209999084472656
2025-07-23,32.18000030517578
2025-07-24,32.150001525878906
2025-07-25,32.279998779296875
2025-07-28,32.36000061035156
2025-07-29,32.470001220703125
2025-07-30,32.400001525878906
2025-07-31,32.709999084472656
2025-08-01,32.7400016784668
2025-08-04,32.369998931884766
2025-08-05,32.310001373291016
2025-08-06,32.34000015258789
2025-08-07,32.34000015258789
2025-08-08,32.284000396728516
2025-08-11,32.36000061035156
2025-08-12,32.43000030517578
2025-08-13,32.38999938964844
2025-08-14,32.25199890136719
2025-08-15,32.459999084472656
2025-08-18,32.43000030517578
2025-08-19,32.5099983215332
2025-08-20,32.58000183105469
2025-08-21,32.560001373291016
2025-08-22,32.65999984741211
2025-08-25,32.36000061035156
2025-08-26,32.47999954223633
2025-08-27,32.43000030517578
2025-08-28,32.400001525878906
2025-08-29,32.2599983215332
2025-09-01,32.31999969482422
2025-09-02,32.279998779296875
2025-09-03,32.310001373291016
2025-09-04,32.27000045776367
2025-09-05,32.27000045776367
2025-09-08,32.08000183105469
2025-09-09,31.68000030517578
2025-09-10,31.760000228881836
2025-09-11,31.760000228881836
2025-09-12,31.709999084472656
2025-09-15,31.729999542236328
2025-09-16,31.81999969482422
2025-09-17,31.65999984741211
2025-09-18,31.780000686645508
2025-09-19,31.889999389648438
2025-09-22,31.8799991607666
2025-09-23,31.75
2025-09-24,31.8799991607666
2025-09-25,32.09000015258789
2025-09-26,32.220001220703125
2025-09-29,32.189998626708984
2025-09-30,32.209999084472656
2025-10-01,32.459999084472656
2025-10-02,32.38999938964844
2025-10-03,32.439998626708984
2025-10-06,32.38999938964844
2025-10-07,32.459999084472656
2025-10-08,32.47999954223633
2025-10-09,32.54999923706055
2025-10-10,32.77000045776367
2025-10-13,32.619998931884766
2025-10-14,32.59000015258789
2025-10-15,32.599998474121094
2025-10-16,32.529998779296875
2025-10-17,32.5
2025-10-20,32.75
2025-10-21,32.529998779296875
2025-10-22,32.86000061035156
2025-10-23,32.779998779296875
2025-10-24,32.79999923706055
2025-10-27,32.68000030517578
2025-10-28,32.619998931884766
2025-10-29,32.34000015258789
2025-10-30,32.400001525878906
2025-10-31,32.29999923706055
2025-11-03,32.3650016784668
2025-11-04,32.4900016784668
2025-11-05,32.560001373291016
2025-11-06,32.4900016784668
2025-11-07,32.369998931884766
2025-11-10,32.369998931884766
2025-11-11,32.349998474121094
2025-11-12,32.36000061035156
2025-11-13,32.349998474121094
2025-11-14,32.349998474121094
2025-11-17,32.380001068115234
2025-11-18,32.470001220703125
2025-11-19,32.369998931884766
2025-11-20,32.439998626708984
2025-11-21,32.439998626708984
2025-11-24,32.369998931884766
2025-11-25,32.349998474121094
2025-11-26,32.279998779296875
2025-11-27,32.20000076293945
2025-11-28,32.209999084472656
2025-12-01,32.084999084472656
2025-12-02,32.0099983215332
2025-12-03,32.0099983215332
2025-12-04,31.889999389648438
2025-12-05,32.02000045776367
2025-12-08,31.850000381469727
2025-12-09,31.899999618530273
2025-12-10,31.799999237060547
2025-12-11,31.739999771118164
2025-12-12,31.6299991607666
2025-12-15,31.56999969482422
2025-12-16,31.469999313354492
2025-12-17,31.440000534057617
2025-12-18,31.489999771118164
2025-12-19,31.399999618530273
2025-12-22,31.399999618530273
2025-12-23,31.1200008392334
2025-12-24,31.110000610351562
2025-12-26,31.040000915527344
2025-12-29,31.045000076293945
2025-12-30,31.639999389648438
2025-12-31,31.450000762939453
2026-01-02,31.5
2026-01-05,31.454999923706055
2026-01-06,31.309999465942383
2026-01-07,31.200000762939453
2026-01-08,31.329999923706055
2026-01-09,31.420000076293945
2026-01-12,31.3799991607666
2026-01-13,31.219999313354492
2026-01-14,31.530000686645508
2026-01-15,31.469999313354492
2026-01-16,31.389999389648438
2026-01-19,31.385000228881836
2026-01-20,31.239999771118164
2026-01-21,31.010000228881836
2026-01-22,31.290000915527344
2026-01-23,31.06999969482422
2026-01-26,31.19499969482422
2026-01-27,31.200000762939453
2026-01-28,30.90999984741211
2026-01-29,31.110000610351562
2026-01-30,31.229999542236328
2026-02-02,31.375
2026-02-03,31.479999542236328
2026-02-04,31.649999618530273
2026-02-05,31.719999313354492
2026-02-06,31.829999923706055
2026-02-09,31.510000228881836
2026-02-10,31.170000076293945
2026-02-11,31.229999542236328
2026-02-12,31.06999969482422
2026-02-13,31.079999923706055
2026-02-16,31.05500030517578
2026-02-17,31.110000610351562
2026-02-18,31.309999465942383
2026-02-19,31.25
2026-02-20,31.15999984741211
2026-02-23,31.093000411987305
2026-02-24,30.969999313354492
2026-02-25,31.079999923706055
2026-02-26,31.049999237060547
2026-02-27,31.079999923706055
2026-03-02,31.135000228881836
2026-03-03,31.329999923706055
2026-03-04,31.559999465942383
2026-03-05,31.579999923706055
2026-03-06,31.75
2026-03-09,31.635000228881836
2026-03-10,31.739999771118164
2026-03-11,31.56999969482422
2026-03-12,31.940000534057617
2026-03-13,32.150001525878906
2026-03-16,32.303001403808594
2026-03-17,32.349998474121094
2026-03-18,32.31999969482422
2026-03-19,32.79999923706055
2026-03-20,32.5
2026-03-23,32.882999420166016
2026-03-24,32.40999984741211
2026-03-25,32.470001220703125
2026-03-26,32.77000045776367
2026-03-27,32.959999084472656
2026-03-30,32.959999084472656
2026-03-31,32.849998474121094
2026-04-01,32.5099983215332
2026-04-02,32.599998474121094
2026-04-03,32.63999938964844
