Date,USDSGD=X
2010-01-01,1.4032000303268433
2010-01-04,1.3969999551773071
2010-01-05,1.3968000411987305
2010-01-06,1.3933000564575195
2010-01-07,1.3974000215530396
2010-01-08,1.3945000171661377
2010-01-11,1.3880000114440918
2010-01-12,1.3911999464035034
2010-01-13,1.3875000476837158
2010-01-14,1.3868999481201172
2010-01-15,1.3904000520706177
2010-01-18,1.3873000144958496
2010-01-19,1.3902000188827515
2010-01-20,1.3997000455856323
2010-01-21,1.4039000272750854
2010-01-22,1.4045000076293945
2010-01-25,1.3991999626159668
2010-01-26,1.402400016784668
2010-01-27,1.4048000574111938
2010-01-28,1.4039000272750854
2010-01-29,1.4056999683380127
2010-02-01,1.409000039100647
2010-02-02,1.407099962234497
2010-02-03,1.4117000102996826
2010-02-04,1.420199990272522
2010-02-05,1.4217000007629395
2010-02-08,1.4229999780654907
2010-02-09,1.4163199663162231
2010-02-10,1.4174000024795532
2010-02-11,1.4106999635696411
2010-02-12,1.4110000133514404
2010-02-15,1.4119999408721924
2010-02-16,1.404099941253662
2010-02-17,1.4057999849319458
2010-02-18,1.4142999649047852
2010-02-19,1.4114999771118164
2010-02-22,1.4094899892807007
2010-02-23,1.41034996509552
2010-02-24,1.4090700149536133
2010-02-25,1.409000039100647
2010-02-26,1.405900001525879
2010-03-01,1.4043999910354614
2010-03-02,1.4010000228881836
2010-03-03,1.3991600275039673
2010-03-04,1.401419997215271
2010-03-05,1.4010000228881836
2010-03-08,1.3997399806976318
2010-03-09,1.3984500169754028
2010-03-10,1.3978500366210938
2010-03-11,1.397629976272583
2010-03-12,1.3937000036239624
2010-03-15,1.3971999883651733
2010-03-16,1.3940999507904053
2010-03-17,1.3926000595092773
2010-03-18,1.3950999975204468
2010-03-19,1.3976999521255493
2010-03-22,1.4001799821853638
2010-03-23,1.4014999866485596
2010-03-24,1.405940055847168
2010-03-25,1.407099962234497
2010-03-26,1.4032000303268433
2010-03-29,1.3990000486373901
2010-03-30,1.3994499444961548
2010-03-31,1.3992199897766113
2010-04-01,1.3973000049591064
2010-04-02,1.3997999429702759
2010-04-05,1.3973900079727173
2010-04-06,1.3961000442504883
2010-04-07,1.3950999975204468
2010-04-08,1.3937000036239624
2010-04-09,1.3895000219345093
2010-04-12,1.3907400369644165
2010-04-13,1.3910000324249268
2010-04-14,1.3730000257492065
2010-04-15,1.3738399744033813
2010-04-16,1.3752000331878662
2010-04-19,1.3774700164794922
2010-04-20,1.3746999502182007
2010-04-21,1.3720999956130981
2010-04-22,1.371999979019165
2010-04-23,1.3696999549865723
2010-04-26,1.3666000366210938
2010-04-27,1.373900055885315
2010-04-28,1.3740400075912476
2010-04-29,1.367900013923645
2010-04-30,1.3700000047683716
2010-05-03,1.3698999881744385
2010-05-04,1.3801000118255615
2010-05-05,1.3925399780273438
2010-05-06,1.4035999774932861
2010-05-07,1.3945000171661377
2010-05-10,1.3810399770736694
2010-05-11,1.3827999830245972
2010-05-12,1.379889965057373
2010-05-13,1.382099986076355
2010-05-14,1.3871999979019165
2010-05-17,1.3884999752044678
2010-05-18,1.396299958229065
2010-05-19,1.3954999446868896
2010-05-20,1.409000039100647
2010-05-21,1.4048000574111938
2010-05-24,1.4077999591827393
2010-05-25,1.4108999967575073
2010-05-26,1.4119999408721924
2010-05-27,1.3991400003433228
2010-05-28,1.406999945640564
2010-05-31,1.399590015411377
2010-06-01,1.4119000434875488
2010-06-02,1.4034899473190308
2010-06-03,1.4069000482559204
2010-06-04,1.413100004196167
2010-06-07,1.4187999963760376
2010-06-08,1.4127000570297241
2010-06-09,1.4133000373840332
2010-06-10,1.403499960899353
2010-06-11,1.4006999731063843
2010-06-14,1.396399974822998
2010-06-15,1.3909399509429932
2010-06-16,1.392799973487854
2010-06-17,1.3914400339126587
2010-06-18,1.3840999603271484
2010-06-21,1.3774000406265259
2010-06-22,1.38510000705719
2010-06-23,1.3878999948501587
2010-06-24,1.3911000490188599
2010-06-25,1.386199951171875
2010-06-28,1.3863999843597412
2010-06-29,1.4019999504089355
2010-06-30,1.3992999792099
2010-07-01,1.3885999917984009
2010-07-02,1.391800045967102
2010-07-05,1.3918999433517456
2010-07-06,1.3871999979019165
2010-07-07,1.3833999633789062
2010-07-08,1.378499984741211
2010-07-09,1.3806999921798706
2010-07-12,1.382200002670288
2010-07-13,1.3746999502182007
2010-07-14,1.3736000061035156
2010-07-15,1.37253999710083
2010-07-16,1.3747999668121338
2010-07-19,1.3769999742507935
2010-07-20,1.3730000257492065
2010-07-21,1.3786799907684326
2010-07-22,1.3712999820709229
2010-07-23,1.3697999715805054
2010-07-26,1.3603899478912354
2010-07-27,1.361799955368042
2010-07-28,1.3665000200271606
2010-07-29,1.3625999689102173
2010-07-30,1.3594000339508057
2010-08-02,1.3486000299453735
2010-08-03,1.3494000434875488
2010-08-04,1.3494000434875488
2010-08-05,1.352020025253296
2010-08-06,1.3531999588012695
2010-08-09,1.3461999893188477
2010-08-10,1.3480000495910645
2010-08-11,1.3530000448226929
2010-08-12,1.3661400079727173
2010-08-13,1.361199975013733
2010-08-16,1.3622000217437744
2010-08-17,1.3615000247955322
2010-08-18,1.354200005531311
2010-08-19,1.3517999649047852
2010-08-20,1.354599952697754
2010-08-23,1.357300043106079
2010-08-24,1.356950044631958
2010-08-25,1.3615000247955322
2010-08-26,1.357699990272522
2010-08-27,1.3550000190734863
2010-08-30,1.351199984550476
2010-08-31,1.3551000356674194
2010-09-01,1.3547999858856201
2010-09-02,1.347100019454956
2010-09-03,1.3454999923706055
2010-09-06,1.3430999517440796
2010-09-07,1.3447999954223633
2010-09-08,1.3493000268936157
2010-09-09,1.343500018119812
2010-09-10,1.3423000574111938
2010-09-13,1.3378000259399414
2010-09-14,1.3366999626159668
2010-09-15,1.3330999612808228
2010-09-16,1.337399959564209
2010-09-17,1.3377000093460083
2010-09-20,1.3357000350952148
2010-09-21,1.3335000276565552
2010-09-22,1.3288999795913696
2010-09-23,1.325600028038025
2010-09-24,1.3285000324249268
2010-09-27,1.3209999799728394
2010-09-28,1.3206299543380737
2010-09-29,1.3178999423980713
2010-09-30,1.3177000284194946
2010-10-01,1.3154000043869019
2010-10-04,1.3114999532699585
2010-10-05,1.3142000436782837
2010-10-06,1.3086999654769897
2010-10-07,1.308500051498413
2010-10-08,1.30649995803833
2010-10-11,1.3049999475479126
2010-10-12,1.3077000379562378
2010-10-13,1.3047000169754028
2010-10-14,1.3028000593185425
2010-10-15,1.295799970626831
2010-10-18,1.2976000308990479
2010-10-19,1.3004000186920166
2010-10-20,1.3142000436782837
2010-10-21,1.3020999431610107
2010-10-22,1.3015999794006348
2010-10-25,1.2985999584197998
2010-10-26,1.2939000129699707
2010-10-27,1.2976000308990479
2010-10-28,1.3042999505996704
2010-10-29,1.3042999505996704
2010-11-01,1.2920299768447876
2010-11-02,1.2910000085830688
2010-11-03,1.2871999740600586
2010-11-04,1.2854000329971313
2010-11-05,1.2826999425888062
2010-11-08,1.284000039100647
2010-11-09,1.2890000343322754
2010-11-10,1.2899999618530273
2010-11-11,1.2867000102996826
2010-11-12,1.2905999422073364
2010-11-15,1.297029972076416
2010-11-16,1.3050999641418457
2010-11-17,1.3043500185012817
2010-11-18,1.2999999523162842
2010-11-19,1.2950999736785889
2010-11-22,1.294800043106079
2010-11-23,1.2989000082015991
2010-11-24,1.3138999938964844
2010-11-25,1.3061000108718872
2010-11-26,1.3087999820709229
2010-11-29,1.3182400465011597
2010-11-30,1.3208999633789062
2010-12-01,1.320099949836731
2010-12-02,1.3100999593734741
2010-12-03,1.3070000410079956
2010-12-06,1.301300048828125
2010-12-07,1.305799961090088
2010-12-08,1.3097000122070312
2010-12-09,1.3144999742507935
2010-12-10,1.310230016708374
2010-12-13,1.3083000183105469
2010-12-14,1.303320050239563
2010-12-15,1.3021999597549438
2010-12-16,1.3166699409484863
2010-12-17,1.3148000240325928
2010-12-20,1.315000057220459
2010-12-21,1.3169000148773193
2010-12-22,1.3134000301361084
2010-12-23,1.3055000305175781
2010-12-24,1.305299997329712
2010-12-27,1.3016899824142456
2010-12-28,1.29830002784729
2010-12-29,1.299299955368042
2010-12-30,1.2921299934387207
2010-12-31,1.2881200313568115
2011-01-03,1.2824000120162964
2011-01-04,1.2848999500274658
2011-01-05,1.2869800329208374
2011-01-06,1.2922999858856201
2011-01-07,1.2969000339508057
2011-01-10,1.2955000400543213
2011-01-11,1.2975000143051147
2011-01-12,1.2939000129699707
2011-01-13,1.2881200313568115
2011-01-14,1.2851500511169434
2011-01-17,1.2870999574661255
2011-01-18,1.288100004196167
2011-01-19,1.2829999923706055
2011-01-20,1.2833000421524048
2011-01-21,1.2869999408721924
2011-01-24,1.2831000089645386
2011-01-25,1.280400037765503
2011-01-26,1.2798099517822266
2011-01-27,1.2781399488449097
2011-01-28,1.2793999910354614
2011-01-31,1.287350058555603
2011-02-01,1.2788000106811523
2011-02-02,1.270550012588501
2011-02-03,1.2721500396728516
2011-02-04,1.274049997329712
2011-02-07,1.2752000093460083
2011-02-08,1.2735199928283691
2011-02-09,1.272629976272583
2011-02-10,1.2728999853134155
2011-02-11,1.2782000303268433
2011-02-14,1.2826999425888062
2011-02-15,1.2819000482559204
2011-02-16,1.2811000347137451
2011-02-17,1.278499960899353
2011-02-18,1.2756999731063843
2011-02-21,1.2726000547409058
2011-02-22,1.2755000591278076
2011-02-23,1.2803000211715698
2011-02-24,1.2763999700546265
2011-02-25,1.274999976158142
2011-02-28,1.2745000123977661
2011-03-01,1.2705999612808228
2011-03-02,1.2734299898147583
2011-03-03,1.2690000534057617
2011-03-04,1.2676000595092773
2011-03-07,1.2668999433517456
2011-03-08,1.2656999826431274
2011-03-09,1.267799973487854
2011-03-10,1.267899990081787
2011-03-11,1.2731000185012817
2011-03-14,1.2692999839782715
2011-03-15,1.267699956893921
2011-03-16,1.2768000364303589
2011-03-17,1.2848999500274658
2011-03-18,1.2773799896240234
2011-03-21,1.2726000547409058
2011-03-22,1.2656999826431274
2011-03-23,1.264299988746643
2011-03-24,1.2634999752044678
2011-03-25,1.2608400583267212
2011-03-28,1.2619999647140503
2011-03-29,1.2627500295639038
2011-03-30,1.260699987411499
2011-03-31,1.2610000371932983
2011-04-01,1.26010000705719
2011-04-04,1.2598999738693237
2011-04-05,1.2604000568389893
2011-04-06,1.260200023651123
2011-04-07,1.2598999738693237
2011-04-08,1.260200023651123
2011-04-11,1.2568999528884888
2011-04-12,1.256100058555603
2011-04-13,1.256100058555603
2011-04-14,1.2554999589920044
2011-04-18,1.2425999641418457
2011-04-19,1.2482000589370728
2011-04-20,1.2431000471115112
2011-04-21,1.2382999658584595
2011-04-22,1.2351000308990479
2011-04-25,1.2335000038146973
2011-04-26,1.2353999614715576
2011-04-27,1.2317999601364136
2011-04-28,1.229099988937378
2011-04-29,1.2267999649047852
2011-05-02,1.223099946975708
2011-05-03,1.2228000164031982
2011-05-04,1.2278000116348267
2011-05-05,1.2308000326156616
2011-05-06,1.2395000457763672
2011-05-09,1.2352999448776245
2011-05-10,1.2310999631881714
2011-05-11,1.2311999797821045
2011-05-12,1.235200047492981
2011-05-13,1.2381999492645264
2011-05-16,1.246399998664856
2011-05-17,1.2502000331878662
2011-05-18,1.2444000244140625
2011-05-19,1.2395000457763672
2011-05-20,1.2372000217437744
2011-05-23,1.240399956703186
2011-05-24,1.248729944229126
2011-05-25,1.2470999956130981
2011-05-26,1.2467000484466553
2011-05-27,1.242799997329712
2011-05-30,1.2359000444412231
2011-05-31,1.2330000400543213
2011-06-01,1.232100009918213
2011-06-02,1.2383999824523926
2011-06-03,1.2327200174331665
2011-06-06,1.2269999980926514
2011-06-07,1.2302000522613525
2011-06-08,1.2263000011444092
2011-06-09,1.2315000295639038
2011-06-10,1.2295000553131104
2011-06-13,1.23580002784729
2011-06-14,1.2343000173568726
2011-06-15,1.2295000553131104
2011-06-16,1.2373000383377075
2011-06-17,1.2396999597549438
2011-06-20,1.2330000400543213
2011-06-21,1.2346500158309937
2011-06-22,1.2325999736785889
2011-06-23,1.2343000173568726
2011-06-24,1.2345000505447388
2011-06-27,1.238800048828125
2011-06-28,1.2407000064849854
2011-06-29,1.2390999794006348
2011-06-30,1.2330000400543213
2011-07-01,1.2272000312805176
2011-07-04,1.225600004196167
2011-07-05,1.225000023841858
2011-07-06,1.2282999753952026
2011-07-07,1.227869987487793
2011-07-08,1.2223999500274658
2011-07-11,1.2218999862670898
2011-07-12,1.2273999452590942
2011-07-13,1.2257000207901
2011-07-14,1.2158000469207764
2011-07-15,1.2165000438690186
2011-07-18,1.2187000513076782
2011-07-19,1.2164000272750854
2011-07-20,1.215000033378601
2011-07-21,1.2128000259399414
2011-07-22,1.2100000381469727
2011-07-25,1.2080999612808228
2011-07-26,1.207200050354004
2011-07-27,1.2032999992370605
2011-07-28,1.2038999795913696
2011-07-29,1.2021000385284424
2011-08-01,1.2029000520706177
2011-08-02,1.20169997215271
2011-08-03,1.2080999612808228
2011-08-04,1.20524001121521
2011-08-05,1.2273999452590942
2011-08-08,1.214400053024292
2011-08-09,1.2228000164031982
2011-08-10,1.2073999643325806
2011-08-11,1.2204999923706055
2011-08-12,1.2122999429702759
2011-08-15,1.2085000276565552
2011-08-16,1.2002999782562256
2011-08-17,1.200600028038025
2011-08-18,1.2021000385284424
2011-08-19,1.2170000076293945
2011-08-22,1.2102999687194824
2011-08-23,1.2086999416351318
2011-08-24,1.2032999992370605
2011-08-25,1.2059999704360962
2011-08-26,1.2106000185012817
2011-08-29,1.2031999826431274
2011-08-30,1.204300045967102
2011-08-31,1.2058000564575195
2011-09-01,1.2035000324249268
2011-09-02,1.2039999961853027
2011-09-05,1.204800009727478
2011-09-06,1.2080999612808228
2011-09-07,1.2100000381469727
2011-09-08,1.2075999975204468
2011-09-09,1.2139999866485596
2011-09-12,1.2302000522613525
2011-09-13,1.2339999675750732
2011-09-14,1.239300012588501
2011-09-15,1.2431999444961548
2011-09-16,1.2412999868392944
2011-09-19,1.2443000078201294
2011-09-20,1.2645000219345093
2011-09-21,1.260599970817566
2011-09-22,1.288349986076355
2011-09-23,1.3035000562667847
2011-09-26,1.2955000400543213
2011-09-27,1.2930999994277954
2011-09-28,1.2834999561309814
2011-09-29,1.2985999584197998
2011-09-30,1.297379970550537
2011-10-03,1.305799961090088
2011-10-04,1.3158999681472778
2011-10-05,1.307800054550171
2011-10-06,1.3021999597549438
2011-10-07,1.299399971961975
2011-10-10,1.2979999780654907
2011-10-11,1.2755999565124512
2011-10-12,1.2834999561309814
2011-10-13,1.2763999700546265
2011-10-14,1.2773000001907349
2011-10-17,1.2647000551223755
2011-10-18,1.2726999521255493
2011-10-19,1.268399953842163
2011-10-20,1.266800045967102
2011-10-21,1.2724499702453613
2011-10-24,1.2736999988555908
2011-10-25,1.2634999752044678
2011-10-26,1.263700008392334
2011-10-27,1.268399953842163
2011-10-28,1.2426999807357788
2011-10-31,1.2441999912261963
2011-11-01,1.2532000541687012
2011-11-02,1.277899980545044
2011-11-03,1.2797000408172607
2011-11-04,1.263569951057434
2011-11-07,1.2663999795913696
2011-11-08,1.2694000005722046
2011-11-09,1.2670999765396118
2011-11-10,1.2883000373840332
2011-11-11,1.2901999950408936
2011-11-14,1.2754000425338745
2011-11-15,1.2898999452590942
2011-11-16,1.292799949645996
2011-11-17,1.2970000505447388
2011-11-18,1.2973999977111816
2011-11-21,1.2977999448776245
2011-11-22,1.3035999536514282
2011-11-23,1.2999999523162842
2011-11-24,1.3102600574493408
2011-11-25,1.3085999488830566
2011-11-28,1.302899956703186
2011-11-29,1.299399971961975
2011-11-30,1.2968000173568726
2011-12-01,1.2818000316619873
2011-12-02,1.2827999591827393
2011-12-05,1.2818000316619873
2011-12-06,1.2824000120162964
2011-12-07,1.2826999425888062
2011-12-08,1.284000039100647
2011-12-09,1.2936999797821045
2011-12-12,1.2932000160217285
2011-12-13,1.3028000593185425
2011-12-14,1.3066999912261963
2011-12-15,1.3097000122070312
2011-12-16,1.305899977684021
2011-12-19,1.3030600547790527
2011-12-20,1.3075000047683716
2011-12-21,1.298200011253357
2011-12-22,1.295680046081543
2011-12-23,1.2937999963760376
2011-12-26,1.2940000295639038
2011-12-27,1.291700005531311
2011-12-28,1.2960000038146973
2011-12-29,1.299299955368042
2011-12-30,1.2992000579833984
2012-01-02,1.2961000204086304
2012-01-03,1.2963000535964966
2012-01-04,1.28410005569458
2012-01-05,1.2878999710083008
2012-01-06,1.2913999557495117
2012-01-09,1.2962000370025635
2012-01-10,1.2943999767303467
2012-01-11,1.289720058441162
2012-01-12,1.2904000282287598
2012-01-13,1.2891000509262085
2012-01-16,1.2934000492095947
2012-01-17,1.2908999919891357
2012-01-18,1.2833800315856934
2012-01-19,1.276859998703003
2012-01-20,1.2720999717712402
2012-01-23,1.2728999853134155
2012-01-24,1.2672899961471558
2012-01-25,1.2670999765396118
2012-01-26,1.2603000402450562
2012-01-27,1.2584999799728394
2012-01-30,1.2511999607086182
2012-01-31,1.257200002670288
2012-02-01,1.2581000328063965
2012-02-02,1.2502599954605103
2012-02-03,1.2474000453948975
2012-02-06,1.243499994277954
2012-02-07,1.2486000061035156
2012-02-08,1.2453999519348145
2012-02-09,1.2461999654769897
2012-02-10,1.2482000589370728
2012-02-13,1.2553999423980713
2012-02-14,1.2584999799728394
2012-02-15,1.263800024986267
2012-02-16,1.2645000219345093
2012-02-17,1.261299967765808
2012-02-20,1.25
2012-02-21,1.2546800374984741
2012-02-22,1.2562299966812134
2012-02-23,1.2577199935913086
2012-02-24,1.2516000270843506
2012-02-27,1.2547999620437622
2012-02-28,1.2545000314712524
2012-02-29,1.2482999563217163
2012-03-01,1.2511199712753296
2012-03-02,1.2484999895095825
2012-03-05,1.2539000511169434
2012-03-06,1.2563999891281128
2012-03-07,1.263100028038025
2012-03-08,1.259619951248169
2012-03-09,1.2512999773025513
2012-03-12,1.256700038909912
2012-03-13,1.2568000555038452
2012-03-14,1.2583999633789062
2012-03-15,1.2689000368118286
2012-03-16,1.2639000415802002
2012-03-19,1.2569999694824219
2012-03-20,1.2563999891281128
2012-03-21,1.263200044631958
2012-03-22,1.263800024986267
2012-03-23,1.2640000581741333
2012-03-26,1.2590399980545044
2012-03-27,1.257099986076355
2012-03-28,1.2573000192642212
2012-03-29,1.2575000524520874
2012-03-30,1.258870005607605
2012-04-02,1.2529000043869019
2012-04-03,1.2525999546051025
2012-04-04,1.2556999921798706
2012-04-05,1.2583999633789062
2012-04-06,1.2594000101089478
2012-04-09,1.2617000341415405
2012-04-10,1.2608000040054321
2012-04-11,1.2625000476837158
2012-04-12,1.256500005722046
2012-04-13,1.250499963760376
2012-04-16,1.2489999532699585
2012-04-17,1.2496999502182007
2012-04-18,1.2472399473190308
2012-04-19,1.2509000301361084
2012-04-20,1.250499963760376
2012-04-23,1.2476999759674072
2012-04-24,1.247499942779541
2012-04-25,1.2452000379562378
2012-04-26,1.2431000471115112
2012-04-27,1.2417000532150269
2012-04-30,1.2374999523162842
2012-05-01,1.2366000413894653
2012-05-02,1.235200047492981
2012-05-03,1.2404999732971191
2012-05-04,1.242799997329712
2012-05-07,1.2503999471664429
2012-05-08,1.2451000213623047
2012-05-09,1.2488000392913818
2012-05-10,1.2520999908447266
2012-05-11,1.252269983291626
2012-05-14,1.2523000240325928
2012-05-15,1.2574000358581543
2012-05-16,1.2609000205993652
2012-05-17,1.266800045967102
2012-05-18,1.2723000049591064
2012-05-21,1.2726999521255493
2012-05-22,1.2668999433517456
2012-05-23,1.2761000394821167
2012-05-24,1.277899980545044
2012-05-25,1.2764999866485596
2012-05-28,1.276900053024292
2012-05-29,1.2783000469207764
2012-05-30,1.2792999744415283
2012-05-31,1.2884000539779663
2012-06-01,1.287619948387146
2012-06-04,1.294160008430481
2012-06-05,1.2843999862670898
2012-06-06,1.2848000526428223
2012-06-07,1.274549961090088
2012-06-08,1.2763999700546265
2012-06-11,1.2762000560760498
2012-06-12,1.285599946975708
2012-06-13,1.282099962234497
2012-06-14,1.2810200452804565
2012-06-15,1.2782800197601318
2012-06-18,1.2663400173187256
2012-06-19,1.2692999839782715
2012-06-20,1.2662999629974365
2012-06-21,1.2691700458526611
2012-06-22,1.2782800197601318
2012-06-25,1.2783000469207764
2012-06-26,1.281000018119812
2012-06-27,1.278499960899353
2012-06-28,1.2768700122833252
2012-06-29,1.2806600332260132
2012-07-02,1.2659000158309937
2012-07-03,1.2674700021743774
2012-07-04,1.2619999647140503
2012-07-05,1.266800045967102
2012-07-06,1.2648999691009521
2012-07-09,1.2725000381469727
2012-07-10,1.2689599990844727
2012-07-11,1.2683000564575195
2012-07-12,1.263200044631958
2012-07-13,1.2690999507904053
2012-07-16,1.2644000053405762
2012-07-17,1.2640999555587769
2012-07-18,1.2603000402450562
2012-07-19,1.2578999996185303
2012-07-20,1.2537000179290771
2012-07-23,1.2582999467849731
2012-07-24,1.2608400583267212
2012-07-25,1.2624000310897827
2012-07-26,1.2561700344085693
2012-07-27,1.2512999773025513
2012-07-30,1.2477200031280518
2012-07-31,1.2467600107192993
2012-08-01,1.2457200288772583
2012-08-02,1.2474000453948975
2012-08-03,1.2487000226974487
2012-08-06,1.2405999898910522
2012-08-07,1.2415000200271606
2012-08-08,1.242799997329712
2012-08-09,1.2450000047683716
2012-08-10,1.2446999549865723
2012-08-13,1.244860053062439
2012-08-14,1.2461999654769897
2012-08-15,1.2468199729919434
2012-08-16,1.2490999698638916
2012-08-17,1.2489999532699585
2012-08-20,1.2522000074386597
2012-08-21,1.2524000406265259
2012-08-22,1.250309944152832
2012-08-23,1.246500015258789
2012-08-24,1.2474000453948975
2012-08-27,1.250100016593933
2012-08-28,1.2523000240325928
2012-08-29,1.2524000406265259
2012-08-30,1.2539199590682983
2012-08-31,1.253499984741211
2012-09-03,1.248900055885315
2012-09-04,1.2457000017166138
2012-09-05,1.2477999925613403
2012-09-06,1.2472000122070312
2012-09-07,1.2424999475479126
2012-09-10,1.236199975013733
2012-09-11,1.2367000579833984
2012-09-12,1.2298500537872314
2012-09-13,1.2286299467086792
2012-09-14,1.225119948387146
2012-09-17,1.2206000089645386
2012-09-18,1.2238199710845947
2012-09-19,1.2247999906539917
2012-09-20,1.2238399982452393
2012-09-21,1.2238999605178833
2012-09-24,1.2249000072479248
2012-09-25,1.2271499633789062
2012-09-26,1.2288199663162231
2012-09-27,1.2307000160217285
2012-09-28,1.2259999513626099
2012-10-01,1.2289999723434448
2012-10-02,1.2289999723434448
2012-10-03,1.2310999631881714
2012-10-04,1.2297999858856201
2012-10-05,1.2283999919891357
2012-10-08,1.229490041732788
2012-10-09,1.229099988937378
2012-10-10,1.2310999631881714
2012-10-11,1.2306400537490845
2012-10-12,1.2280700206756592
2012-10-15,1.222599983215332
2012-10-16,1.2210999727249146
2012-10-17,1.2187000513076782
2012-10-18,1.2164000272750854
2012-10-19,1.218999981880188
2012-10-22,1.2225600481033325
2012-10-23,1.2207800149917603
2012-10-24,1.2245999574661255
2012-10-25,1.2225600481033325
2012-10-26,1.2209700345993042
2012-10-29,1.2214000225067139
2012-10-30,1.2211999893188477
2012-10-31,1.2193000316619873
2012-11-01,1.219599962234497
2012-11-02,1.2200000286102295
2012-11-05,1.2242000102996826
2012-11-06,1.2238999605178833
2012-11-07,1.2230000495910645
2012-11-08,1.2237000465393066
2012-11-09,1.2247300148010254
2012-11-12,1.2235499620437622
2012-11-13,1.222599983215332
2012-11-14,1.2227100133895874
2012-11-15,1.2231999635696411
2012-11-16,1.2239500284194946
2012-11-19,1.2259999513626099
2012-11-20,1.2245800495147705
2012-11-21,1.2240999937057495
2012-11-22,1.224370002746582
2012-11-23,1.2245999574661255
2012-11-26,1.2222299575805664
2012-11-27,1.221119999885559
2012-11-28,1.2230000495910645
2012-11-29,1.222000002861023
2012-11-30,1.2202999591827393
2012-12-03,1.2200000286102295
2012-12-04,1.218400001525879
2012-12-05,1.2175400257110596
2012-12-06,1.2182999849319458
2012-12-07,1.2203199863433838
2012-12-10,1.2206000089645386
2012-12-11,1.2216999530792236
2012-12-12,1.2204400300979614
2012-12-13,1.2204999923706055
2012-12-14,1.221119999885559
2012-12-17,1.2201999425888062
2012-12-18,1.219599962234497
2012-12-19,1.2174999713897705
2012-12-20,1.220020055770874
2012-12-21,1.2181999683380127
2012-12-24,1.2211999893188477
2012-12-25,1.2207000255584717
2012-12-26,1.2214800119400024
2012-12-27,1.2237299680709839
2012-12-28,1.2228000164031982
2012-12-31,1.2229000329971313
2013-01-01,1.2207000255584717
2013-01-02,1.2213000059127808
2013-01-03,1.220960021018982
2013-01-04,1.2272299528121948
2013-01-07,1.2266099452972412
2013-01-08,1.2290400266647339
2013-01-09,1.2279800176620483
2013-01-10,1.2282600402832031
2013-01-11,1.2225500345230103
2013-01-14,1.2271300554275513
2013-01-15,1.2252600193023682
2013-01-16,1.2242000102996826
2013-01-17,1.2234899997711182
2013-01-18,1.2234100103378296
2013-01-21,1.226989984512329
2013-01-22,1.228600025177002
2013-01-23,1.2269999980926514
2013-01-24,1.226699948310852
2013-01-25,1.2304699420928955
2013-01-28,1.2359800338745117
2013-01-29,1.2381600141525269
2013-01-30,1.2343000173568726
2013-01-31,1.2358700037002563
2013-02-01,1.2376799583435059
2013-02-04,1.2403000593185425
2013-02-05,1.238800048828125
2013-02-06,1.2368600368499756
2013-02-07,1.2388999462127686
2013-02-08,1.2394100427627563
2013-02-11,1.2375400066375732
2013-02-12,1.2415200471878052
2013-02-13,1.2386300563812256
2013-02-14,1.2355300188064575
2013-02-15,1.235200047492981
2013-02-18,1.2377500534057617
2013-02-19,1.2389099597930908
2013-02-20,1.2370400428771973
2013-02-21,1.2401800155639648
2013-02-22,1.240149974822998
2013-02-25,1.2391999959945679
2013-02-26,1.239400029182434
2013-02-27,1.2383999824523926
2013-02-28,1.236299991607666
2013-03-01,1.2378000020980835
2013-03-04,1.2425999641418457
2013-03-05,1.2445000410079956
2013-03-06,1.2448400259017944
2013-03-07,1.2480700016021729
2013-03-08,1.2448999881744385
2013-03-11,1.2482999563217163
2013-03-12,1.2487599849700928
2013-03-13,1.246500015258789
2013-03-14,1.2482999563217163
2013-03-15,1.2489999532699585
2013-03-18,1.251099944114685
2013-03-19,1.2490999698638916
2013-03-20,1.2511999607086182
2013-03-21,1.250849962234497
2013-03-22,1.248900055885315
2013-03-25,1.246500015258789
2013-03-26,1.24399995803833
2013-03-27,1.2407000064849854
2013-03-28,1.2422000169754028
2013-03-29,1.2404999732971191
2013-04-01,1.2410600185394287
2013-04-02,1.2388999462127686
2013-04-03,1.2387499809265137
2013-04-04,1.238510012626648
2013-04-05,1.2402600049972534
2013-04-08,1.239590048789978
2013-04-09,1.2414000034332275
2013-04-10,1.2390799522399902
2013-04-11,1.2381099462509155
2013-04-12,1.2364399433135986
2013-04-15,1.2371799945831299
2013-04-16,1.2383699417114258
2013-04-17,1.2338999509811401
2013-04-18,1.2354999780654907
2013-04-19,1.235859990119934
2013-04-22,1.2373000383377075
2013-04-23,1.2405099868774414
2013-04-24,1.2415000200271606
2013-04-25,1.2419899702072144
2013-04-26,1.2386000156402588
2013-04-29,1.2361500263214111
2013-04-30,1.2336000204086304
2013-05-01,1.2312899827957153
2013-05-02,1.2335200309753418
2013-05-03,1.2346999645233154
2013-05-06,1.2324600219726562
2013-05-07,1.231029987335205
2013-05-08,1.2325999736785889
2013-05-09,1.2266000509262085
2013-05-10,1.2335000038146973
2013-05-13,1.239799976348877
2013-05-14,1.2401800155639648
2013-05-15,1.2432700395584106
2013-05-16,1.2456300258636475
2013-05-17,1.2508000135421753
2013-05-20,1.2566699981689453
2013-05-21,1.2539000511169434
2013-05-22,1.2582999467849731
2013-05-23,1.2684099674224854
2013-05-24,1.2649400234222412
2013-05-27,1.264430046081543
2013-05-28,1.2608000040054321
2013-05-29,1.2695000171661377
2013-05-30,1.265589952468872
2013-05-31,1.2591999769210815
2013-06-03,1.2615400552749634
2013-06-04,1.2524499893188477
2013-06-05,1.2542999982833862
2013-06-06,1.249500036239624
2013-06-07,1.2417099475860596
2013-06-10,1.2519999742507935
2013-06-11,1.2582099437713623
2013-06-12,1.2529300451278687
2013-06-13,1.255210041999817
2013-06-14,1.2490700483322144
2013-06-17,1.2497999668121338
2013-06-18,1.254889965057373
2013-06-19,1.2622599601745605
2013-06-20,1.2680200338363647
2013-06-21,1.273010015487671
2013-06-24,1.2740000486373901
2013-06-25,1.2748700380325317
2013-06-26,1.2701900005340576
2013-06-27,1.2731399536132812
2013-06-28,1.2667399644851685
2013-07-01,1.2690099477767944
2013-07-02,1.2636100053787231
2013-07-03,1.2712199687957764
2013-07-04,1.2729599475860596
2013-07-05,1.273800015449524
2013-07-08,1.2809799909591675
2013-07-09,1.2789700031280518
2013-07-10,1.2777800559997559
2013-07-11,1.2613999843597412
2013-07-12,1.259369969367981
2013-07-15,1.2615100145339966
2013-07-16,1.2621699571609497
2013-07-17,1.2587699890136719
2013-07-18,1.2603000402450562
2013-07-19,1.266409993171692
2013-07-22,1.2630800008773804
2013-07-23,1.2596999406814575
2013-07-24,1.263319969177246
2013-07-25,1.2696000337600708
2013-07-26,1.2648299932479858
2013-07-29,1.2629200220108032
2013-07-30,1.2674800157546997
2013-07-31,1.2700599431991577
2013-08-01,1.2708200216293335
2013-08-02,1.2757099866867065
2013-08-05,1.270740032196045
2013-08-06,1.2681399583816528
2013-08-07,1.2666200399398804
2013-08-08,1.2666599750518799
2013-08-09,1.2595700025558472
2013-08-12,1.2577400207519531
2013-08-13,1.2635999917984009
2013-08-14,1.2666900157928467
2013-08-15,1.2689299583435059
2013-08-16,1.2683000564575195
2013-08-19,1.2702300548553467
2013-08-20,1.2777099609375
2013-08-21,1.2752799987792969
2013-08-22,1.2844899892807007
2013-08-23,1.2812600135803223
2013-08-26,1.2785899639129639
2013-08-27,1.2811299562454224
2013-08-28,1.2843999862670898
2013-08-29,1.2768800258636475
2013-08-30,1.2755999565124512
2013-09-02,1.2740999460220337
2013-09-03,1.2735199928283691
2013-09-04,1.2774800062179565
2013-09-05,1.274530053138733
2013-09-06,1.2806099653244019
2013-09-09,1.2751200199127197
2013-09-10,1.2689000368118286
2013-09-11,1.2677299976348877
2013-09-12,1.2651599645614624
2013-09-13,1.267449975013733
2013-09-16,1.263450026512146
2013-09-17,1.2615000009536743
2013-09-18,1.259619951248169
2013-09-19,1.2454099655151367
2013-09-20,1.2459800243377686
2013-09-23,1.2505199909210205
2013-09-24,1.2506799697875977
2013-09-25,1.2547999620437622
2013-09-26,1.2538100481033325
2013-09-27,1.2551599740982056
2013-09-30,1.2569999694824219
2013-10-01,1.2551900148391724
2013-10-02,1.2522200345993042
2013-10-03,1.2484699487686157
2013-10-04,1.2487200498580933
2013-10-07,1.246749997138977
2013-10-09,1.2486900091171265
2013-10-10,1.249940037727356
2013-10-11,1.24891996383667
2013-10-14,1.2470500469207764
2013-10-15,1.2437599897384644
2013-10-16,1.2425800561904907
2013-10-17,1.2441799640655518
2013-10-18,1.2393499612808228
2013-10-21,1.2387700080871582
2013-10-22,1.242460012435913
2013-10-23,1.2356699705123901
2013-10-24,1.2383099794387817
2013-10-25,1.237339973449707
2013-10-28,1.2354999780654907
2013-10-29,1.2379000186920166
2013-10-30,1.2413300275802612
2013-10-31,1.2398899793624878
2013-11-01,1.241569995880127
2013-11-04,1.2430800199508667
2013-11-05,1.242210030555725
2013-11-06,1.2432899475097656
2013-11-07,1.2426300048828125
2013-11-08,1.244570016860962
2013-11-11,1.2476799488067627
2013-11-12,1.2487000226974487
2013-11-13,1.24891996383667
2013-11-14,1.245360016822815
2013-11-15,1.2468299865722656
2013-11-18,1.2462999820709229
2013-11-19,1.2465100288391113
2013-11-20,1.2424800395965576
2013-11-21,1.2463799715042114
2013-11-22,1.2501599788665771
2013-11-25,1.2499099969863892
2013-11-26,1.2496600151062012
2013-11-27,1.2511800527572632
2013-11-28,1.2550100088119507
2013-11-29,1.2555899620056152
2013-12-02,1.2546600103378296
2013-12-03,1.2559200525283813
2013-12-04,1.253000020980835
2013-12-05,1.254520058631897
2013-12-06,1.2533400058746338
2013-12-09,1.2506500482559204
2013-12-10,1.2490299940109253
2013-12-11,1.2486499547958374
2013-12-12,1.2516800165176392
2013-12-13,1.2565399408340454
2013-12-16,1.2552000284194946
2013-12-17,1.2554800510406494
2013-12-18,1.257159948348999
2013-12-19,1.2617900371551514
2013-12-20,1.266010046005249
2013-12-23,1.2661499977111816
2013-12-24,1.2671500444412231
2013-12-25,1.267590045928955
2013-12-26,1.2672799825668335
2013-12-27,1.2690600156784058
2013-12-30,1.2694200277328491
2013-12-31,1.2669800519943237
2014-01-01,1.2623100280761719
2014-01-02,1.264009952545166
2014-01-03,1.266950011253357
2014-01-06,1.266450047492981
2014-01-07,1.2672200202941895
2014-01-08,1.2713899612426758
2014-01-09,1.2731800079345703
2014-01-10,1.2705999612808228
2014-01-13,1.263409972190857
2014-01-14,1.2652900218963623
2014-01-15,1.268720030784607
2014-01-16,1.2728999853134155
2014-01-17,1.2718499898910522
2014-01-20,1.2752399444580078
2014-01-21,1.27646005153656
2014-01-22,1.2782299518585205
2014-01-23,1.2792199850082397
2014-01-24,1.2791500091552734
2014-01-27,1.2787400484085083
2014-01-28,1.2760800123214722
2014-01-29,1.2735999822616577
2014-01-30,1.2762199640274048
2014-01-31,1.2745699882507324
2014-02-03,1.2772400379180908
2014-02-04,1.2752599716186523
2014-02-05,1.2682600021362305
2014-02-06,1.2678600549697876
2014-02-07,1.2682000398635864
2014-02-10,1.2681100368499756
2014-02-11,1.2702800035476685
2014-02-12,1.2671699523925781
2014-02-13,1.2655600309371948
2014-02-14,1.2647500038146973
2014-02-17,1.2585300207138062
2014-02-18,1.259060025215149
2014-02-19,1.261549949645996
2014-02-20,1.2637900114059448
2014-02-21,1.2642099857330322
2014-02-24,1.2670600414276123
2014-02-25,1.2627099752426147
2014-02-26,1.2644100189208984
2014-02-27,1.2661199569702148
2014-02-28,1.264430046081543
2014-03-03,1.2691600322723389
2014-03-04,1.2699099779129028
2014-03-05,1.2689599990844727
2014-03-06,1.2691600322723389
2014-03-07,1.2630300521850586
2014-03-10,1.2681200504302979
2014-03-11,1.2678600549697876
2014-03-12,1.267490029335022
2014-03-13,1.2669899463653564
2014-03-14,1.266610026359558
2014-03-17,1.2653199434280396
2014-03-18,1.264359951019287
2014-03-19,1.2635300159454346
2014-03-20,1.2734800577163696
2014-03-21,1.2771600484848022
2014-03-24,1.2736300230026245
2014-03-25,1.2707699537277222
2014-03-26,1.2679100036621094
2014-03-27,1.2671300172805786
2014-03-28,1.2632700204849243
2014-03-31,1.2592999935150146
2014-04-01,1.258389949798584
2014-04-02,1.2597500085830688
2014-04-03,1.2617499828338623
2014-04-04,1.2626500129699707
2014-04-07,1.2588499784469604
2014-04-08,1.2595000267028809
2014-04-09,1.2515699863433838
2014-04-10,1.2467299699783325
2014-04-11,1.249559998512268
2014-04-14,1.2484999895095825
2014-04-15,1.2530499696731567
2014-04-16,1.2529699802398682
2014-04-17,1.25
2014-04-18,1.252709984779358
2014-04-21,1.2523000240325928
2014-04-22,1.2525500059127808
2014-04-23,1.2558000087738037
2014-04-24,1.2552800178527832
2014-04-25,1.2574000358581543
2014-04-28,1.2562099695205688
2014-04-29,1.2563600540161133
2014-04-30,1.2552900314331055
2014-05-01,1.2529200315475464
2014-05-02,1.2529000043869019
2014-05-05,1.2512199878692627
2014-05-06,1.2494399547576904
2014-05-07,1.2469199895858765
2014-05-08,1.2494900226593018
2014-05-09,1.2469199895858765
2014-05-12,1.24931001663208
2014-05-13,1.2503600120544434
2014-05-14,1.2517399787902832
2014-05-15,1.2500900030136108
2014-05-16,1.252079963684082
2014-05-19,1.2502299547195435
2014-05-20,1.2505600452423096
2014-05-21,1.2529699802398682
2014-05-22,1.2514400482177734
2014-05-23,1.2517399787902832
2014-05-26,1.2528300285339355
2014-05-27,1.2529100179672241
2014-05-28,1.2560299634933472
2014-05-29,1.2555500268936157
2014-05-30,1.253909945487976
2014-06-02,1.254349946975708
2014-06-03,1.2570199966430664
2014-06-04,1.2565499544143677
2014-06-05,1.2578200101852417
2014-06-06,1.252940058708191
2014-06-09,1.2513699531555176
2014-06-10,1.2502000331878662
2014-06-11,1.249559998512268
2014-06-12,1.2502599954605103
2014-06-13,1.2478200197219849
2014-06-16,1.2506599426269531
2014-06-17,1.2504899501800537
2014-06-18,1.2530900239944458
2014-06-19,1.2486900091171265
2014-06-20,1.2493000030517578
2014-06-23,1.2494100332260132
2014-06-24,1.2482999563217163
2014-06-25,1.249269962310791
2014-06-26,1.249169945716858
2014-06-27,1.249809980392456
2014-06-30,1.249709963798523
2014-07-01,1.246709942817688
2014-07-02,1.2453199625015259
2014-07-03,1.2473499774932861
2014-07-04,1.2469700574874878
2014-07-07,1.2455099821090698
2014-07-08,1.2463300228118896
2014-07-09,1.2426700592041016
2014-07-10,1.2411600351333618
2014-07-11,1.2417000532150269
2014-07-14,1.241260051727295
2014-07-15,1.240939974784851
2014-07-16,1.2437100410461426
2014-07-17,1.241960048675537
2014-07-18,1.2436200380325317
2014-07-21,1.2408100366592407
2014-07-22,1.2396199703216553
2014-07-23,1.2395199537277222
2014-07-24,1.2371599674224854
2014-07-25,1.2402100563049316
2014-07-28,1.2412999868392944
2014-07-29,1.2417199611663818
2014-07-30,1.2425600290298462
2014-07-31,1.2446600198745728
2014-08-01,1.2475600242614746
2014-08-04,1.2467299699783325
2014-08-05,1.246000051498413
2014-08-06,1.2478100061416626
2014-08-07,1.248129963874817
2014-08-08,1.2523200511932373
2014-08-11,1.2505500316619873
2014-08-12,1.2496099472045898
2014-08-13,1.2505500316619873
2014-08-14,1.248810052871704
2014-08-15,1.246150016784668
2014-08-18,1.2447799444198608
2014-08-19,1.2446999549865723
2014-08-20,1.2472100257873535
2014-08-21,1.250849962234497
2014-08-22,1.2494699954986572
2014-08-25,1.2506099939346313
2014-08-26,1.25068998336792
2014-08-27,1.249150037765503
2014-08-28,1.247230052947998
2014-08-29,1.2493000030517578
2014-09-01,1.2491199970245361
2014-09-02,1.249559998512268
2014-09-03,1.2534899711608887
2014-09-04,1.2514599561691284
2014-09-05,1.2557599544525146
2014-09-08,1.2537699937820435
2014-09-09,1.2587499618530273
2014-09-10,1.2618800401687622
2014-09-11,1.2627999782562256
2014-09-12,1.2635400295257568
2014-09-15,1.264490008354187
2014-09-16,1.2638100385665894
2014-09-17,1.2603600025177002
2014-09-18,1.268970012664795
2014-09-19,1.2675199508666992
2014-09-22,1.2662999629974365
2014-09-23,1.26882004737854
2014-09-24,1.268049955368042
2014-09-25,1.2680200338363647
2014-09-26,1.2694300413131714
2014-09-29,1.2753599882125854
2014-09-30,1.2742700576782227
2014-10-01,1.27593994140625
2014-10-02,1.2722899913787842
2014-10-03,1.2720199823379517
2014-10-06,1.2814899682998657
2014-10-07,1.2756999731063843
2014-10-08,1.27524995803833
2014-10-09,1.2729300260543823
2014-10-10,1.272089958190918
2014-10-13,1.2745599746704102
2014-10-14,1.271090030670166
2014-10-15,1.276129961013794
2014-10-16,1.272670030593872
2014-10-17,1.2742500305175781
2014-10-20,1.2741299867630005
2014-10-21,1.270110011100769
2014-10-22,1.2715799808502197
2014-10-23,1.2730400562286377
2014-10-24,1.2759300470352173
2014-10-27,1.275570034980774
2014-10-28,1.2746000289916992
2014-10-29,1.2725800275802612
2014-10-30,1.2784299850463867
2014-10-31,1.2773499488830566
2014-11-03,1.2867799997329712
2014-11-04,1.2902400493621826
2014-11-05,1.2883100509643555
2014-11-06,1.2937099933624268
2014-11-07,1.2955900430679321
2014-11-10,1.2883700132369995
2014-11-11,1.290429949760437
2014-11-12,1.291599988937378
2014-11-13,1.290619969367981
2014-11-14,1.292389988899231
2014-11-17,1.2989599704742432
2014-11-18,1.2983700037002563
2014-11-19,1.2982800006866455
2014-11-20,1.302299976348877
2014-11-21,1.3005800247192383
2014-11-24,1.2985999584197998
2014-11-25,1.3031100034713745
2014-11-26,1.2994199991226196
2014-11-27,1.298069953918457
2014-11-28,1.300029993057251
2014-12-01,1.306839942932129
2014-12-02,1.30594003200531
2014-12-03,1.3106600046157837
2014-12-04,1.3119900226593018
2014-12-05,1.3116999864578247
2014-12-08,1.3219200372695923
2014-12-09,1.3186999559402466
2014-12-10,1.3157000541687012
2014-12-11,1.3089900016784668
2014-12-12,1.3136399984359741
2014-12-15,1.3110699653625488
2014-12-16,1.311460018157959
2014-12-17,1.3025100231170654
2014-12-18,1.3120800256729126
2014-12-19,1.3140900135040283
2014-12-22,1.3153599500656128
2014-12-23,1.3194400072097778
2014-12-24,1.3252999782562256
2014-12-25,1.3216400146484375
2014-12-26,1.322540044784546
2014-12-29,1.3234399557113647
2014-12-30,1.3238999843597412
2014-12-31,1.3213399648666382
2015-01-01,1.3238999843597412
2015-01-02,1.3237799406051636
2015-01-05,1.3342499732971191
2015-01-06,1.3343000411987305
2015-01-07,1.3340200185775757
2015-01-08,1.3372600078582764
2015-01-09,1.3377200365066528
2015-01-12,1.3312100172042847
2015-01-13,1.3349599838256836
2015-01-14,1.3334699869155884
2015-01-15,1.333840012550354
2015-01-16,1.3236600160598755
2015-01-19,1.326740026473999
2015-01-20,1.3331400156021118
2015-01-21,1.3382500410079956
2015-01-22,1.3355200290679932
2015-01-23,1.3398499488830566
2015-01-26,1.3464900255203247
2015-01-27,1.3434900045394897
2015-01-28,1.3393000364303589
2015-01-29,1.3536499738693237
2015-01-30,1.3527100086212158
2015-02-02,1.3520300388336182
2015-02-03,1.351889967918396
2015-02-04,1.3460899591445923
2015-02-05,1.3481899499893188
2015-02-06,1.3443700075149536
2015-02-09,1.3531700372695923
2015-02-10,1.3537399768829346
2015-02-11,1.3547500371932983
2015-02-12,1.3598400354385376
2015-02-13,1.35548996925354
2015-02-16,1.3546700477600098
2015-02-17,1.3571300506591797
2015-02-18,1.3559800386428833
2015-02-19,1.3567999601364136
2015-02-20,1.358620047569275
2015-02-23,1.3603999614715576
2015-02-24,1.3593900203704834
2015-02-25,1.357300043106079
2015-02-26,1.3535399436950684
2015-02-27,1.3566099405288696
2015-03-02,1.3644399642944336
2015-03-03,1.3658299446105957
2015-03-04,1.3619500398635864
2015-03-05,1.3668999671936035
2015-03-06,1.3708000183105469
2015-03-09,1.378790020942688
2015-03-10,1.3808499574661255
2015-03-11,1.38864004611969
2015-03-12,1.3875199556350708
2015-03-13,1.3805700540542603
2015-03-16,1.3917800188064575
2015-03-17,1.3892199993133545
2015-03-18,1.3885600566864014
2015-03-19,1.3777999877929688
2015-03-20,1.3863600492477417
2015-03-23,1.377750039100647
2015-03-24,1.3676999807357788
2015-03-25,1.3675999641418457
2015-03-26,1.3703700304031372
2015-03-27,1.3695800304412842
2015-03-30,1.3699599504470825
2015-03-31,1.3757599592208862
2015-04-01,1.3732600212097168
2015-04-02,1.3628699779510498
2015-04-03,1.3570400476455688
2015-04-06,1.3483999967575073
2015-04-07,1.356369972229004
2015-04-08,1.3598699569702148
2015-04-09,1.3559900522232056
2015-04-10,1.35903000831604
2015-04-13,1.3677699565887451
2015-04-14,1.3717900514602661
2015-04-15,1.3603399991989136
2015-04-16,1.3563400506973267
2015-04-17,1.3510799407958984
2015-04-20,1.3425500392913818
2015-04-21,1.3482600450515747
2015-04-22,1.351449966430664
2015-04-23,1.3476799726486206
2015-04-24,1.3429100513458252
2015-04-27,1.3324600458145142
2015-04-28,1.3272000551223755
2015-04-29,1.3180299997329712
2015-04-30,1.3212499618530273
2015-05-01,1.3237299919128418
2015-05-04,1.3302299976348877
2015-05-05,1.3319799900054932
2015-05-06,1.3320200443267822
2015-05-07,1.323240041732788
2015-05-08,1.3324999809265137
2015-05-11,1.3302700519561768
2015-05-12,1.3368799686431885
2015-05-13,1.3343100547790527
2015-05-14,1.325719952583313
2015-05-15,1.3196500539779663
2015-05-18,1.3202199935913086
2015-05-19,1.3276599645614624
2015-05-20,1.3347899913787842
2015-05-21,1.3364200592041016
2015-05-22,1.3352999687194824
2015-05-25,1.337149977684021
2015-05-26,1.3418899774551392
2015-05-27,1.3489700555801392
2015-05-28,1.3510099649429321
2015-05-29,1.3482799530029297
2015-06-01,1.3489400148391724
2015-06-02,1.3561999797821045
2015-06-03,1.348330020904541
2015-06-04,1.3437999486923218
2015-06-05,1.3481199741363525
2015-06-08,1.358199954032898
2015-06-09,1.3538700342178345
2015-06-10,1.3513200283050537
2015-06-11,1.343400001525879
2015-06-12,1.3451199531555176
2015-06-15,1.3447200059890747
2015-06-16,1.3464699983596802
2015-06-17,1.343150019645691
2015-06-18,1.3361999988555908
2015-06-19,1.3344299793243408
2015-06-22,1.3343499898910522
2015-06-23,1.335710048675537
2015-06-24,1.3405699729919434
2015-06-25,1.3429399728775024
2015-06-26,1.342810034751892
2015-06-29,1.3547300100326538
2015-06-30,1.3468999862670898
2015-07-01,1.3473999500274658
2015-07-02,1.3530499935150146
2015-07-03,1.3486000299453735
2015-07-06,1.3515700101852417
2015-07-07,1.3498300313949585
2015-07-08,1.3542399406433105
2015-07-09,1.3508700132369995
2015-07-10,1.3495999574661255
2015-07-13,1.3512300252914429
2015-07-14,1.3581000566482544
2015-07-15,1.3606499433517456
2015-07-16,1.3659000396728516
2015-07-17,1.366029977798462
2015-07-20,1.3688199520111084
2015-07-21,1.3710700273513794
2015-07-22,1.3634999990463257
2015-07-23,1.3653299808502197
2015-07-24,1.3689600229263306
2015-07-27,1.3720999956130981
2015-07-28,1.369070053100586
2015-07-29,1.3632400035858154
2015-07-30,1.3695800304412842
2015-07-31,1.374519944190979
2015-08-03,1.3727999925613403
2015-08-04,1.3774000406265259
2015-08-05,1.3816299438476562
2015-08-06,1.383739948272705
2015-08-07,1.3835699558258057
2015-08-10,1.3844799995422363
2015-08-11,1.3822200298309326
2015-08-12,1.4020500183105469
2015-08-13,1.3990000486373901
2015-08-14,1.3968600034713745
2015-08-17,1.4068599939346313
2015-08-18,1.407099962234497
2015-08-19,1.404039978981018
2015-08-20,1.4019800424575806
2015-08-21,1.4030799865722656
2015-08-24,1.4136600494384766
2015-08-25,1.4101300239562988
2015-08-26,1.4038000106811523
2015-08-27,1.4047900438308716
2015-08-28,1.3996200561523438
2015-08-31,1.4090399742126465
2015-09-01,1.4098700284957886
2015-09-02,1.4132800102233887
2015-09-03,1.415220022201538
2015-09-04,1.4159400463104248
2015-09-07,1.423509955406189
2015-09-08,1.4267799854278564
2015-09-09,1.4168000221252441
2015-09-10,1.4204200506210327
2015-09-11,1.4128999710083008
2015-09-14,1.411870002746582
2015-09-15,1.4054399728775024
2015-09-16,1.4024100303649902
2015-09-17,1.396720051765442
2015-09-18,1.3964699506759644
2015-09-21,1.400320053100586
2015-09-22,1.4098800420761108
2015-09-23,1.4175000190734863
2015-09-24,1.4259300231933594
2015-09-25,1.4245400428771973
2015-09-28,1.425570011138916
2015-09-29,1.4308600425720215
2015-09-30,1.4274799823760986
2015-10-01,1.4235299825668335
2015-10-02,1.4305000305175781
2015-10-05,1.4320600032806396
2015-10-06,1.4204200506210327
2015-10-07,1.420799970626831
2015-10-08,1.411620020866394
2015-10-09,1.403499960899353
2015-10-12,1.3984800577163696
2015-10-13,1.4009000062942505
2015-10-14,1.4009499549865723
2015-10-15,1.378309965133667
2015-10-16,1.3801000118255615
2015-10-19,1.3832800388336182
2015-10-20,1.3891600370407104
2015-10-21,1.3909499645233154
2015-10-22,1.392989993095398
2015-10-23,1.3942999839782715
2015-10-26,1.396399974822998
2015-10-27,1.391860008239746
2015-10-28,1.3961800336837769
2015-10-29,1.402109980583191
2015-10-30,1.402750015258789
2015-11-02,1.400089979171753
2015-11-03,1.398229956626892
2015-11-04,1.3960399627685547
2015-11-05,1.4031599760055542
2015-11-06,1.4064300060272217
2015-11-09,1.4211499691009521
2015-11-10,1.4220900535583496
2015-11-11,1.4207099676132202
2015-11-12,1.4185400009155273
2015-11-13,1.417739987373352
2015-11-16,1.425130009651184
2015-11-17,1.4222999811172485
2015-11-18,1.4243099689483643
2015-11-19,1.420300006866455
2015-11-20,1.4131200313568115
2015-11-23,1.4128299951553345
2015-11-24,1.4174599647521973
2015-11-25,1.4093999862670898
2015-11-26,1.4043500423431396
2015-11-27,1.4076900482177734
2015-11-30,1.4130500555038452
2015-12-01,1.4101300239562988
2015-12-02,1.40625
2015-12-03,1.4116100072860718
2015-12-04,1.3959200382232666
2015-12-07,1.3981200456619263
2015-12-08,1.4066699743270874
2015-12-09,1.4076000452041626
2015-12-10,1.404229998588562
2015-12-11,1.4032200574874878
2015-12-14,1.4129999876022339
2015-12-15,1.408120036125183
2015-12-16,1.4053000211715698
2015-12-17,1.4104299545288086
2015-12-18,1.417829990386963
2015-12-21,1.4122099876403809
2015-12-22,1.4074300527572632
2015-12-23,1.4038699865341187
2015-12-24,1.4044300317764282
2015-12-25,1.4038699865341187
2015-12-28,1.4044300317764282
2015-12-29,1.406999945640564
2015-12-30,1.411910057067871
2015-12-31,1.4145300388336182
2016-01-01,1.4192800521850586
2016-01-04,1.4184999465942383
2016-01-05,1.4260200262069702
2016-01-06,1.4259300231933594
2016-01-07,1.4358899593353271
2016-01-08,1.4328999519348145
2016-01-11,1.443519949913025
2016-01-12,1.434630036354065
2016-01-13,1.4370299577713013
2016-01-14,1.4383399486541748
2016-01-15,1.436519980430603
2016-01-18,1.4397499561309814
2016-01-19,1.4384100437164307
2016-01-20,1.4369200468063354
2016-01-21,1.4369200468063354
2016-01-22,1.4332499504089355
2016-01-25,1.4291199445724487
2016-01-26,1.4310400485992432
2016-01-27,1.426509976387024
2016-01-28,1.4325000047683716
2016-01-29,1.4273600578308105
2016-02-01,1.4243899583816528
2016-02-02,1.4232300519943237
2016-02-03,1.429800033569336
2016-02-04,1.4166699647903442
2016-02-05,1.396880030632019
2016-02-08,1.4073699712753296
2016-02-09,1.4067800045013428
2016-02-10,1.3974499702453613
2016-02-11,1.391010046005249
2016-02-12,1.3896299600601196
2016-02-15,1.3966200351715088
2016-02-16,1.3985899686813354
2016-02-17,1.4051799774169922
2016-02-18,1.40447998046875
2016-02-19,1.4035300016403198
2016-02-22,1.4064799547195435
2016-02-23,1.3994899988174438
2016-02-24,1.4080499410629272
2016-02-25,1.4044899940490723
2016-02-26,1.400820016860962
2016-02-29,1.4088200330734253
2016-03-01,1.40447998046875
2016-03-02,1.4009499549865723
2016-03-03,1.398710012435913
2016-03-04,1.3891799449920654
2016-03-07,1.376539945602417
2016-03-08,1.3794499635696411
2016-03-09,1.3857300281524658
2016-03-10,1.3819700479507446
2016-03-11,1.3804899454116821
2016-03-14,1.3735500574111938
2016-03-15,1.3763500452041626
2016-03-16,1.3811999559402466
2016-03-17,1.3664799928665161
2016-03-18,1.3509700298309326
2016-03-21,1.3579299449920654
2016-03-22,1.3608800172805786
2016-03-23,1.3602999448776245
2016-03-24,1.3671200275421143
2016-03-25,1.3687299489974976
2016-03-28,1.372380018234253
2016-03-29,1.368299961090088
2016-03-30,1.354449987411499
2016-03-31,1.351099967956543
2016-04-01,1.348270058631897
2016-04-04,1.3488099575042725
2016-04-05,1.3526999950408936
2016-04-06,1.3552900552749634
2016-04-07,1.346060037612915
2016-04-08,1.3529000282287598
2016-04-11,1.3479299545288086
2016-04-12,1.3438299894332886
2016-04-13,1.3435300588607788
2016-04-14,1.3502999544143677
2016-04-15,1.3624800443649292
2016-04-18,1.3613300323486328
2016-04-19,1.3499499559402466
2016-04-20,1.3385299444198608
2016-04-21,1.34375
2016-04-22,1.349429965019226
2016-04-25,1.3541300296783447
2016-04-26,1.3520300388336182
2016-04-27,1.3512599468231201
2016-04-28,1.348289966583252
2016-04-29,1.3443299531936646
2016-05-02,1.3437000513076782
2016-05-03,1.3412100076675415
2016-05-04,1.3513599634170532
2016-05-05,1.3575700521469116
2016-05-06,1.3581000566482544
2016-05-09,1.3613799810409546
2016-05-10,1.371880054473877
2016-05-11,1.3681800365447998
2016-05-12,1.3670899868011475
2016-05-13,1.373170018196106
2016-05-16,1.372789978981018
2016-05-17,1.3693900108337402
2016-05-18,1.3705099821090698
2016-05-19,1.381600022315979
2016-05-20,1.3791999816894531
2016-05-23,1.3809599876403809
2016-05-24,1.3785500526428223
2016-05-25,1.3816800117492676
2016-05-26,1.3783799409866333
2016-05-27,1.3735300302505493
2016-05-30,1.3800100088119507
2016-05-31,1.37923002243042
2016-06-01,1.3774299621582031
2016-06-02,1.3772599697113037
2016-06-03,1.375499963760376
2016-06-06,1.3585200309753418
2016-06-07,1.3553600311279297
2016-06-08,1.3514800071716309
2016-06-09,1.3462300300598145
2016-06-10,1.3540600538253784
2016-06-13,1.3609999418258667
2016-06-14,1.3560700416564941
2016-06-15,1.3556100130081177
2016-06-16,1.3506200313568115
2016-06-17,1.3468400239944458
2016-06-20,1.3451000452041626
2016-06-21,1.3428900241851807
2016-06-22,1.342650055885315
2016-06-23,1.3375200033187866
2016-06-24,1.3437000513076782
2016-06-27,1.357069969177246
2016-06-28,1.3618700504302979
2016-06-29,1.3525500297546387
2016-06-30,1.3465399742126465
2016-07-01,1.3471399545669556
2016-07-04,1.3456599712371826
2016-07-05,1.3465800285339355
2016-07-06,1.3527499437332153
2016-07-07,1.350219964981079
2016-07-08,1.3495299816131592
2016-07-11,1.3459800481796265
2016-07-12,1.3511899709701538
2016-07-13,1.3469500541687012
2016-07-14,1.3475199937820435
2016-07-15,1.3436299562454224
2016-07-18,1.3471100330352783
2016-07-19,1.3487999439239502
2016-07-20,1.3539199829101562
2016-07-21,1.3570599555969238
2016-07-22,1.3540899753570557
2016-07-25,1.3588299751281738
2016-07-26,1.362149953842163
2016-07-27,1.3579599857330322
2016-07-28,1.3489700555801392
2016-07-29,1.3527300357818604
2016-08-01,1.3422000408172607
2016-08-02,1.3424099683761597
2016-08-03,1.340630054473877
2016-08-04,1.3416800498962402
2016-08-05,1.3417500257492065
2016-08-08,1.3477200269699097
2016-08-09,1.3463200330734253
2016-08-10,1.3443200588226318
2016-08-11,1.3401700258255005
2016-08-12,1.3435900211334229
2016-08-15,1.3454999923706055
2016-08-16,1.342960000038147
2016-08-17,1.339229941368103
2016-08-18,1.3408299684524536
2016-08-19,1.3396799564361572
2016-08-22,1.3491499423980713
2016-08-23,1.350559949874878
2016-08-24,1.351099967956543
2016-08-25,1.3547500371932983
2016-08-26,1.3522800207138062
2016-08-29,1.3605400323867798
2016-08-30,1.358739972114563
2016-08-31,1.3632400035858154
2016-09-01,1.361799955368042
2016-09-02,1.3594800233840942
2016-09-05,1.360200047492981
2016-09-06,1.3570200204849243
2016-09-07,1.3449000120162964
2016-09-08,1.3470100164413452
2016-09-09,1.3502899408340454
2016-09-12,1.3598300218582153
2016-09-13,1.3555999994277954
2016-09-14,1.3669500350952148
2016-09-15,1.3629000186920166
2016-09-16,1.361199975013733
2016-09-19,1.3674299716949463
2016-09-20,1.3617500066757202
2016-09-21,1.36080002784729
2016-09-22,1.353559970855713
2016-09-23,1.3559000492095947
2016-09-26,1.3590699434280396
2016-09-27,1.3602700233459473
2016-09-28,1.3594499826431274
2016-09-29,1.358299970626831
2016-09-30,1.3646199703216553
2016-10-03,1.3643800020217896
2016-10-04,1.36489999294281
2016-10-05,1.37090003490448
2016-10-06,1.3687000274658203
2016-10-07,1.373110055923462
2016-10-10,1.372630000114441
2016-10-11,1.3747999668121338
2016-10-12,1.3772399425506592
2016-10-13,1.3839800357818604
2016-10-14,1.381600022315979
2016-10-17,1.3913700580596924
2016-10-18,1.3873000144958496
2016-10-19,1.3858799934387207
2016-10-20,1.3856300115585327
2016-10-21,1.3906999826431274
2016-10-24,1.3937900066375732
2016-10-25,1.3937000036239624
2016-10-26,1.3878999948501587
2016-10-27,1.3908400535583496
2016-10-28,1.3945499658584595
2016-10-31,1.3907699584960938
2016-11-01,1.3911999464035034
2016-11-02,1.3884999752044678
2016-11-03,1.3842899799346924
2016-11-04,1.3842699527740479
2016-11-07,1.3859299421310425
2016-11-08,1.38919997215271
2016-11-09,1.3873800039291382
2016-11-10,1.3988699913024902
2016-11-11,1.4108799695968628
2016-11-14,1.413849949836731
2016-11-15,1.413789987564087
2016-11-16,1.4143699407577515
2016-11-17,1.4137099981307983
2016-11-18,1.4232699871063232
2016-11-21,1.427340030670166
2016-11-22,1.422160029411316
2016-11-23,1.4232800006866455
2016-11-24,1.4323999881744385
2016-11-25,1.431399941444397
2016-11-28,1.425469994544983
2016-11-29,1.4229600429534912
2016-11-30,1.424780011177063
2016-12-01,1.4342399835586548
2016-12-02,1.4252500534057617
2016-12-05,1.4241100549697876
2016-12-06,1.4189900159835815
2016-12-07,1.4202699661254883
2016-12-08,1.4166799783706665
2016-12-09,1.422700047492981
2016-12-12,1.431879997253418
2016-12-13,1.424090027809143
2016-12-14,1.4245100021362305
2016-12-15,1.4383000135421753
2016-12-16,1.442870020866394
2016-12-19,1.444200038909912
2016-12-20,1.4479000568389893
2016-12-21,1.4443199634552002
2016-12-22,1.4450500011444092
2016-12-23,1.4497499465942383
2016-12-26,1.4467999935150146
2016-12-27,1.4475500583648682
2016-12-28,1.4492000341415405
2016-12-29,1.4503799676895142
2016-12-30,1.4461899995803833
2017-01-02,1.4469900131225586
2017-01-03,1.451300024986267
2017-01-04,1.4487500190734863
2017-01-05,1.438480019569397
2017-01-06,1.4284600019454956
2017-01-09,1.4389699697494507
2017-01-10,1.4348100423812866
2017-01-11,1.437059998512268
2017-01-12,1.425819993019104
2017-01-13,1.4256800413131714
2017-01-16,1.4279099702835083
2017-01-17,1.429669976234436
2017-01-18,1.4181900024414062
2017-01-19,1.4292800426483154
2017-01-20,1.4251999855041504
2017-01-23,1.420490026473999
2017-01-24,1.417829990386963
2017-01-25,1.4210200309753418
2017-01-26,1.4131799936294556
2017-01-27,1.4263499975204468
2017-01-30,1.4284100532531738
2017-01-31,1.4202100038528442
2017-02-01,1.4095499515533447
2017-02-02,1.4130699634552002
2017-02-03,1.411929965019226
2017-02-06,1.4080499410629272
2017-02-07,1.4101799726486206
2017-02-08,1.4184000492095947
2017-02-09,1.416409969329834
2017-02-10,1.4217400550842285
2017-02-13,1.4232300519943237
2017-02-14,1.4232300519943237
2017-02-15,1.4200899600982666
2017-02-16,1.41812002658844
2017-02-17,1.4164899587631226
2017-02-20,1.418370008468628
2017-02-21,1.4187400341033936
2017-02-22,1.4201799631118774
2017-02-23,1.4139000177383423
2017-02-24,1.4079099893569946
2017-02-27,1.4056899547576904
2017-02-28,1.4052799940109253
2017-03-01,1.406000018119812
2017-03-02,1.4119000434875488
2017-03-03,1.4124900102615356
2017-03-06,1.4092400074005127
2017-03-07,1.4123400449752808
2017-03-08,1.4104100465774536
2017-03-09,1.4169000387191772
2017-03-10,1.4211599826812744
2017-03-13,1.412350058555603
2017-03-14,1.4155299663543701
2017-03-15,1.4148000478744507
2017-03-16,1.4016900062561035
2017-03-17,1.4013700485229492
2017-03-20,1.4014999866485596
2017-03-21,1.397070050239563
2017-03-22,1.40024995803833
2017-03-23,1.3992999792099
2017-03-24,1.3996299505233765
2017-03-27,1.3957300186157227
2017-03-28,1.3942500352859497
2017-03-29,1.397320032119751
2017-03-30,1.3946000337600708
2017-03-31,1.3972100019454956
2017-04-03,1.3970999717712402
2017-04-04,1.3961199522018433
2017-04-05,1.3976999521255493
2017-04-06,1.4003599882125854
2017-04-07,1.4021400213241577
2017-04-10,1.405769944190979
2017-04-11,1.4046399593353271
2017-04-12,1.4031100273132324
2017-04-13,1.3949899673461914
2017-04-14,1.398210048675537
2017-04-17,1.3957300186157227
2017-04-18,1.3978999853134155
2017-04-19,1.3956600427627563
2017-04-20,1.3980000019073486
2017-04-21,1.3984899520874023
2017-04-24,1.3929400444030762
2017-04-25,1.3932199478149414
2017-04-26,1.3940600156784058
2017-04-27,1.3950999975204468
2017-04-28,1.3967000246047974
2017-05-01,1.3968499898910522
2017-05-02,1.3961900472640991
2017-05-03,1.3930699825286865
2017-05-04,1.3972300291061401
2017-05-05,1.399899959564209
2017-05-08,1.4063800573349
2017-05-09,1.4055399894714355
2017-05-10,1.4099899530410767
2017-05-11,1.4114999771118164
2017-05-12,1.407729983329773
2017-05-15,1.4040199518203735
2017-05-16,1.3972100019454956
2017-05-17,1.3947099447250366
2017-05-18,1.3911999464035034
2017-05-19,1.3925700187683105
2017-05-22,1.386240005493164
2017-05-23,1.3859000205993652
2017-05-24,1.3908799886703491
2017-05-25,1.3840299844741821
2017-05-26,1.3862099647521973
2017-05-29,1.3828200101852417
2017-05-30,1.3870500326156616
2017-05-31,1.385599970817566
2017-06-01,1.3836100101470947
2017-06-02,1.3864200115203857
2017-06-05,1.3817499876022339
2017-06-06,1.3809000253677368
2017-06-07,1.3796499967575073
2017-06-08,1.3825700283050537
2017-06-09,1.3827999830245972
2017-06-12,1.3839999437332153
2017-06-13,1.3845200538635254
2017-06-14,1.3816200494766235
2017-06-15,1.375599980354309
2017-06-16,1.3836499452590942
2017-06-19,1.3830000162124634
2017-06-20,1.3873599767684937
2017-06-21,1.3887900114059448
2017-06-22,1.3888100385665894
2017-06-23,1.3898099660873413
2017-06-26,1.3872300386428833
2017-06-27,1.3877999782562256
2017-06-28,1.3863999843597412
2017-06-29,1.3819600343704224
2017-06-30,1.3783999681472778
2017-07-03,1.376389980316162
2017-07-04,1.3818800449371338
2017-07-05,1.3816200494766235
2017-07-06,1.381119966506958
2017-07-07,1.3824800252914429
2017-07-10,1.3820300102233887
2017-07-12,1.3813300132751465
2017-07-13,1.37732994556427
2017-07-14,1.3730000257492065
2017-07-17,1.3701000213623047
2017-07-18,1.3704400062561035
2017-07-19,1.366529941558838
2017-07-20,1.3686000108718872
2017-07-21,1.3666499853134155
2017-07-24,1.3617600202560425
2017-07-25,1.3622699975967407
2017-07-26,1.3624999523162842
2017-07-27,1.3561400175094604
2017-07-28,1.3582099676132202
2017-07-31,1.3569899797439575
2017-08-01,1.3554999828338623
2017-08-02,1.359179973602295
2017-08-03,1.3603800535202026
2017-08-04,1.3573999404907227
2017-08-07,1.3607900142669678
2017-08-08,1.3622000217437744
2017-08-09,1.3631000518798828
2017-08-10,1.3628000020980835
2017-08-11,1.3638299703598022
2017-08-14,1.3601900339126587
2017-08-15,1.3635300397872925
2017-08-16,1.3667199611663818
2017-08-17,1.3629599809646606
2017-08-18,1.3667999505996704
2017-08-21,1.3635799884796143
2017-08-22,1.3608900308609009
2017-08-23,1.3624500036239624
2017-08-24,1.3601200580596924
2017-08-25,1.3616299629211426
2017-08-28,1.3558599948883057
2017-08-29,1.3552900552749634
2017-08-30,1.355139970779419
2017-08-31,1.3574999570846558
2017-09-01,1.3558000326156616
2017-09-04,1.35725998878479
2017-09-05,1.3570400476455688
2017-09-06,1.352810025215149
2017-09-07,1.3497999906539917
2017-09-08,1.3394099473953247
2017-09-11,1.3424999713897705
2017-09-12,1.3463499546051025
2017-09-13,1.3466999530792236
2017-09-14,1.350100040435791
2017-09-15,1.3459999561309814
2017-09-18,1.3464000225067139
2017-09-19,1.347309947013855
2017-09-20,1.3467899560928345
2017-09-21,1.3508000373840332
2017-09-22,1.34961998462677
2017-09-25,1.3473199605941772
2017-09-26,1.350600004196167
2017-09-27,1.3557900190353394
2017-09-28,1.3593699932098389
2017-09-29,1.3583099842071533
2017-10-02,1.359089970588684
2017-10-03,1.361780047416687
2017-10-04,1.361899971961975
2017-10-05,1.3617299795150757
2017-10-06,1.364169955253601
2017-10-09,1.3646299839019775
2017-10-10,1.3630199432373047
2017-10-11,1.3556699752807617
2017-10-12,1.3531399965286255
2017-10-13,1.3517999649047852
2017-10-16,1.3499200344085693
2017-10-17,1.3524999618530273
2017-10-18,1.354200005531311
2017-10-19,1.3561999797821045
2017-10-20,1.3565000295639038
2017-10-23,1.3629900217056274
2017-10-24,1.3611299991607666
2017-10-25,1.3626999855041504
2017-10-26,1.3588999509811401
2017-10-27,1.3674999475479126
2017-10-30,1.3654999732971191
2017-10-31,1.3601000308990479
2017-11-01,1.361799955368042
2017-11-02,1.3604899644851685
2017-11-03,1.3586000204086304
2017-11-06,1.3644200563430786
2017-11-07,1.3617000579833984
2017-11-08,1.3624000549316406
2017-11-09,1.3616000413894653
2017-11-10,1.3587499856948853
2017-11-13,1.3608100414276123
2017-11-14,1.3619600534439087
2017-11-15,1.3587199449539185
2017-11-17,1.3554999828338623
2017-11-20,1.357300043106079
2017-11-21,1.3568400144577026
2017-11-22,1.3537100553512573
2017-11-23,1.347000002861023
2017-11-24,1.3449000120162964
2017-11-27,1.3467999696731567
2017-11-28,1.3464800119400024
2017-11-29,1.3458000421524048
2017-11-30,1.3466999530792236
2017-12-01,1.34853994846344
2017-12-04,1.3487999439239502
2017-12-05,1.34660005569458
2017-12-06,1.34660005569458
2017-12-07,1.3483999967575073
2017-12-08,1.351330041885376
2017-12-11,1.3522000312805176
2017-12-12,1.3510199785232544
2017-12-13,1.3524099588394165
2017-12-14,1.3472000360488892
2017-12-15,1.3461699485778809
2017-12-18,1.3488999605178833
2017-12-19,1.3480099439620972
2017-12-20,1.347190022468567
2017-12-21,1.3430999517440796
2017-12-22,1.344099998474121
2017-12-25,1.3429800271987915
2017-12-26,1.343400001525879
2017-12-27,1.3434799909591675
2017-12-28,1.3398000001907349
2017-12-29,1.3378000259399414
2018-01-01,1.3370000123977661
2018-01-02,1.336899995803833
2018-01-03,1.3290599584579468
2018-01-04,1.3304400444030762
2018-01-05,1.326799988746643
2018-01-08,1.3265299797058105
2018-01-09,1.3315999507904053
2018-01-10,1.3360999822616577
2018-01-11,1.333299994468689
2018-01-12,1.3292900323867798
2018-01-15,1.3251099586486816
2018-01-16,1.3221700191497803
2018-01-17,1.3202099800109863
2018-01-18,1.3253999948501587
2018-01-19,1.3206499814987183
2018-01-22,1.3200299739837646
2018-01-23,1.319000005722046
2018-01-24,1.3164000511169434
2018-01-25,1.308940052986145
2018-01-26,1.3107999563217163
2018-01-29,1.306589961051941
2018-01-30,1.3100600242614746
2018-01-31,1.3116799592971802
2018-02-01,1.3114099502563477
2018-02-02,1.308359980583191
2018-02-05,1.3208199739456177
2018-02-06,1.3222899436950684
2018-02-07,1.3187799453735352
2018-02-08,1.3248000144958496
2018-02-09,1.33132004737854
2018-02-12,1.3275400400161743
2018-02-13,1.3227100372314453
2018-02-14,1.322890043258667
2018-02-15,1.31358003616333
2018-02-16,1.308359980583191
2018-02-19,1.3118900060653687
2018-02-20,1.3142999410629272
2018-02-21,1.319100022315979
2018-02-22,1.3242199420928955
2018-02-23,1.319200038909912
2018-02-26,1.320520043373108
2018-02-27,1.316100001335144
2018-02-28,1.3243299722671509
2018-03-01,1.3248000144958496
2018-03-02,1.3221900463104248
2018-03-05,1.3196099996566772
2018-03-06,1.318179965019226
2018-03-07,1.3180999755859375
2018-03-08,1.313599944114685
2018-03-09,1.3169000148773193
2018-03-12,1.3162399530410767
2018-03-13,1.312000036239624
2018-03-14,1.311579942703247
2018-03-15,1.3086999654769897
2018-03-16,1.314370036125183
2018-03-19,1.3179099559783936
2018-03-20,1.3157999515533447
2018-03-21,1.3183000087738037
2018-03-22,1.3123600482940674
2018-03-23,1.3158299922943115
2018-03-26,1.3150399923324585
2018-03-27,1.3080999851226807
2018-03-28,1.309399962425232
2018-03-29,1.3122999668121338
2018-03-30,1.3108999729156494
2018-04-02,1.311229944229126
2018-04-03,1.3125
2018-04-04,1.3112000226974487
2018-04-05,1.3119399547576904
2018-04-06,1.3163199424743652
2018-04-09,1.316230058670044
2018-04-10,1.3113000392913818
2018-04-11,1.30840003490448
2018-04-12,1.3083000183105469
2018-04-13,1.3113900423049927
2018-04-16,1.3114999532699585
2018-04-17,1.3098000288009644
2018-04-18,1.3107999563217163
2018-04-19,1.3095500469207764
2018-04-20,1.3115999698638916
2018-04-23,1.3167999982833862
2018-04-24,1.3252999782562256
2018-04-25,1.3214999437332153
2018-04-26,1.3272000551223755
2018-04-27,1.3279800415039062
2018-04-30,1.323199987411499
2018-05-01,1.3257700204849243
2018-05-02,1.333799958229065
2018-05-03,1.3364399671554565
2018-05-04,1.3305000066757202
2018-05-07,1.333840012550354
2018-05-08,1.3345999717712402
2018-05-09,1.340000033378601
2018-05-10,1.3481999635696411
2018-05-11,1.3379700183868408
2018-05-14,1.3347100019454956
2018-05-15,1.3357800245285034
2018-05-16,1.3451000452041626
2018-05-17,1.3392000198364258
2018-05-18,1.342229962348938
2018-05-21,1.3424999713897705
2018-05-22,1.3400399684906006
2018-05-23,1.3385599851608276
2018-05-24,1.3420000076293945
2018-05-25,1.3399900197982788
2018-05-28,1.340749979019165
2018-05-29,1.3428599834442139
2018-05-30,1.3463499546051025
2018-05-31,1.3390400409698486
2018-06-01,1.3385000228881836
2018-06-04,1.3382699489593506
2018-06-05,1.335800051689148
2018-06-06,1.3339899778366089
2018-06-07,1.3316999673843384
2018-06-08,1.3336000442504883
2018-06-11,1.3345999717712402
2018-06-12,1.3355000019073486
2018-06-13,1.3365000486373901
2018-06-14,1.3344000577926636
2018-06-15,1.3447999954223633
2018-06-18,1.351699948310852
2018-06-19,1.351099967956543
2018-06-20,1.3557499647140503
2018-06-21,1.358299970626831
2018-06-22,1.358199954032898
2018-06-25,1.3588000535964966
2018-06-26,1.3618299961090088
2018-06-27,1.3625999689102173
2018-06-28,1.366569995880127
2018-06-29,1.368299961090088
2018-07-02,1.3627400398254395
2018-07-03,1.368399977684021
2018-07-04,1.364799976348877
2018-07-05,1.364400029182434
2018-07-06,1.364400029182434
2018-07-09,1.3566999435424805
2018-07-10,1.3553999662399292
2018-07-11,1.3591500520706177
2018-07-12,1.3640999794006348
2018-07-13,1.3632999658584595
2018-07-16,1.365630030632019
2018-07-17,1.3619500398635864
2018-07-18,1.3655600547790527
2018-07-19,1.3652000427246094
2018-07-20,1.368899941444397
2018-07-23,1.3610800504684448
2018-07-24,1.3653000593185425
2018-07-25,1.3631999492645264
2018-07-26,1.3576899766921997
2018-07-27,1.363800048828125
2018-07-30,1.36149001121521
2018-07-31,1.3608700037002563
2018-08-01,1.3614000082015991
2018-08-02,1.3620599508285522
2018-08-03,1.3688000440597534
2018-08-06,1.3660999536514282
2018-08-07,1.367900013923645
2018-08-08,1.3636000156402588
2018-08-09,1.3629000186920166
2018-08-10,1.3676999807357788
2018-08-13,1.3736499547958374
2018-08-14,1.3762799501419067
2018-08-15,1.3779000043869019
2018-08-16,1.3796000480651855
2018-08-17,1.3752000331878662
2018-08-20,1.3707200288772583
2018-08-21,1.368899941444397
2018-08-22,1.36489999294281
2018-08-23,1.3672000169754028
2018-08-24,1.3740299940109253
2018-08-27,1.363700032234192
2018-08-28,1.3619999885559082
2018-08-29,1.3644299507141113
2018-08-30,1.363700032234192
2018-08-31,1.3669999837875366
2018-09-03,1.3717999458312988
2018-09-04,1.3717000484466553
2018-09-05,1.3754199743270874
2018-09-06,1.3751599788665771
2018-09-07,1.3747299909591675
2018-09-10,1.378499984741211
2018-09-11,1.378600001335144
2018-09-12,1.3762500286102295
2018-09-13,1.371999979019165
2018-09-14,1.370479941368103
2018-09-17,1.3744299411773682
2018-09-18,1.3747800588607788
2018-09-19,1.3696999549865723
2018-09-20,1.3690299987792969
2018-09-21,1.364799976348877
2018-09-24,1.3650000095367432
2018-09-25,1.3658000230789185
2018-09-26,1.3659600019454956
2018-09-27,1.3657000064849854
2018-09-28,1.3680800199508667
2018-10-01,1.367319941520691
2018-10-02,1.3717000484466553
2018-10-03,1.3728699684143066
2018-10-04,1.3810700178146362
2018-10-05,1.3799999952316284
2018-10-08,1.3834999799728394
2018-10-09,1.383929967880249
2018-10-10,1.3812999725341797
2018-10-11,1.3825900554656982
2018-10-12,1.3762099742889404
2018-10-15,1.3785300254821777
2018-10-16,1.375599980354309
2018-10-17,1.3742400407791138
2018-10-18,1.3782000541687012
2018-10-19,1.3812999725341797
2018-10-22,1.3768999576568604
2018-10-23,1.3802499771118164
2018-10-24,1.3775399923324585
2018-10-25,1.3812999725341797
2018-10-26,1.3806099891662598
2018-10-29,1.3800599575042725
2018-10-30,1.3832299709320068
2018-10-31,1.3847999572753906
2018-11-01,1.3847999572753906
2018-11-02,1.3763099908828735
2018-11-05,1.3737599849700928
2018-11-06,1.3741999864578247
2018-11-07,1.3724000453948975
2018-11-08,1.371399998664856
2018-11-09,1.375
2018-11-12,1.3787000179290771
2018-11-13,1.3846999406814575
2018-11-14,1.3777999877929688
2018-11-15,1.378790020942688
2018-11-16,1.3759599924087524
2018-11-19,1.373110055923462
2018-11-20,1.371000051498413
2018-11-21,1.374500036239624
2018-11-22,1.3732000589370728
2018-11-23,1.3727999925613403
2018-11-26,1.3754199743270874
2018-11-27,1.374500036239624
2018-11-28,1.3773000240325928
2018-11-29,1.3723000288009644
2018-11-30,1.3694000244140625
2018-12-03,1.3687000274658203
2018-12-04,1.3658000230789185
2018-12-05,1.364799976348877
2018-12-06,1.367300033569336
2018-12-07,1.3697999715805054
2018-12-10,1.3708000183105469
2018-12-11,1.3738000392913818
2018-12-12,1.3729000091552734
2018-12-13,1.371500015258789
2018-12-14,1.3708000183105469
2018-12-17,1.3766100406646729
2018-12-18,1.372499942779541
2018-12-19,1.369979977607727
2018-12-20,1.371899962425232
2018-12-21,1.3694000244140625
2018-12-24,1.3735100030899048
2018-12-25,1.3736000061035156
2018-12-26,1.3717999458312988
2018-12-27,1.3717999458312988
2018-12-28,1.3705999851226807
2018-12-31,1.3661500215530396
2019-01-01,1.3622000217437744
2019-01-02,1.3624000549316406
2019-01-03,1.3671000003814697
2019-01-04,1.3640999794006348
2019-01-07,1.3583999872207642
2019-01-08,1.3552000522613525
2019-01-09,1.357100009918213
2019-01-10,1.3525999784469604
2019-01-11,1.3514000177383423
2019-01-14,1.353309988975525
2019-01-15,1.3531099557876587
2019-01-16,1.354599952697754
2019-01-17,1.3543000221252441
2019-01-18,1.3549000024795532
2019-01-21,1.3581000566482544
2019-01-22,1.3588900566101074
2019-01-23,1.3596999645233154
2019-01-24,1.357699990272522
2019-01-25,1.3603999614715576
2019-01-28,1.3529599905014038
2019-01-29,1.3530000448226929
2019-01-30,1.35207998752594
2019-01-31,1.3463000059127808
2019-02-01,1.3454999923706055
2019-02-04,1.350000023841858
2019-02-05,1.3525999784469604
2019-02-06,1.3507800102233887
2019-02-07,1.3551000356674194
2019-02-08,1.3569999933242798
2019-02-11,1.3553999662399292
2019-02-12,1.3602999448776245
2019-02-13,1.3559000492095947
2019-02-14,1.3589999675750732
2019-02-15,1.3579000234603882
2019-02-18,1.3559999465942383
2019-02-19,1.3559999465942383
2019-02-20,1.3524600267410278
2019-02-21,1.351099967956543
2019-02-22,1.3530000448226929
2019-02-25,1.3500499725341797
2019-02-26,1.3487999439239502
2019-02-27,1.347350001335144
2019-02-28,1.3479100465774536
2019-03-01,1.3513000011444092
2019-03-04,1.3526999950408936
2019-03-05,1.3543000221252441
2019-03-06,1.3554999828338623
2019-03-07,1.3567500114440918
2019-03-08,1.3603299856185913
2019-03-11,1.3588999509811401
2019-03-12,1.3569999933242798
2019-03-13,1.3557000160217285
2019-03-14,1.3526099920272827
2019-03-15,1.355430006980896
2019-03-18,1.352929949760437
2019-03-19,1.3512599468231201
2019-03-20,1.3511600494384766
2019-03-21,1.3455699682235718
2019-03-22,1.3485000133514404
2019-03-25,1.3524999618530273
2019-03-26,1.3497200012207031
2019-03-27,1.3515100479125977
2019-03-28,1.3556900024414062
2019-03-29,1.3561400175094604
2019-04-01,1.3542200326919556
2019-04-02,1.3551499843597412
2019-04-03,1.3555400371551514
2019-04-04,1.3527899980545044
2019-04-05,1.3547199964523315
2019-04-08,1.3543000221252441
2019-04-09,1.3546600341796875
2019-04-10,1.3526999950408936
2019-04-11,1.351580023765564
2019-04-12,1.3558000326156616
2019-04-15,1.3528200387954712
2019-04-16,1.3522000312805176
2019-04-17,1.3544800281524658
2019-04-18,1.352560043334961
2019-04-19,1.3555099964141846
2019-04-22,1.354990005493164
2019-04-23,1.3559999465942383
2019-04-24,1.356819987297058
2019-04-25,1.362339973449707
2019-04-26,1.362280011177063
2019-04-29,1.361549973487854
2019-04-30,1.3605999946594238
2019-05-01,1.3596999645233154
2019-05-02,1.3611600399017334
2019-05-03,1.3627699613571167
2019-05-06,1.365820050239563
2019-05-07,1.3634699583053589
2019-05-08,1.3626999855041504
2019-05-09,1.3619799613952637
2019-05-10,1.3643100261688232
2019-05-13,1.363800048828125
2019-05-14,1.369979977607727
2019-05-15,1.3689199686050415
2019-05-16,1.3682899475097656
2019-05-17,1.3724000453948975
2019-05-20,1.3764300346374512
2019-05-21,1.3753000497817993
2019-05-23,1.3790099620819092
2019-05-24,1.3783999681472778
2019-05-27,1.3744200468063354
2019-05-28,1.3748699426651
2019-05-29,1.3783999681472778
2019-05-30,1.3805400133132935
2019-05-31,1.3800100088119507
2019-06-03,1.3741199970245361
2019-06-04,1.3663100004196167
2019-06-05,1.3663899898529053
2019-06-06,1.3662199974060059
2019-06-07,1.3643499612808228
2019-06-10,1.3629000186920166
2019-06-11,1.3655600547790527
2019-06-12,1.3634099960327148
2019-06-13,1.366529941558838
2019-06-14,1.3664599657058716
2019-06-17,1.3707000017166138
2019-06-18,1.3702000379562378
2019-06-19,1.366569995880127
2019-06-20,1.3622000217437744
2019-06-21,1.3558800220489502
2019-06-24,1.3536900281906128
2019-06-25,1.3531299829483032
2019-06-26,1.354509949684143
2019-06-27,1.354159951210022
2019-06-28,1.3530000448226929
2019-07-01,1.3518099784851074
2019-07-02,1.355299949645996
2019-07-03,1.3552000522613525
2019-07-04,1.3558000326156616
2019-07-05,1.3553800582885742
2019-07-08,1.3595000505447388
2019-07-09,1.3594000339508057
2019-07-10,1.3616000413894653
2019-07-11,1.357300043106079
2019-07-12,1.3574299812316895
2019-07-15,1.357699990272522
2019-07-16,1.356160044670105
2019-07-17,1.3575999736785889
2019-07-18,1.3601000308990479
2019-07-19,1.3567500114440918
2019-07-22,1.360360026359558
2019-07-23,1.3609000444412231
2019-07-24,1.3656799793243408
2019-07-25,1.3641400337219238
2019-07-26,1.3673499822616577
2019-07-29,1.3690999746322632
2019-07-30,1.3697999715805054
2019-07-31,1.370270013809204
2019-08-01,1.3744499683380127
2019-08-02,1.3767000436782837
2019-08-05,1.3767000436782837
2019-08-06,1.3852100372314453
2019-08-07,1.3804700374603271
2019-08-08,1.3825000524520874
2019-08-09,1.3822599649429321
2019-08-12,1.3876399993896484
2019-08-13,1.3871999979019165
2019-08-14,1.3827999830245972
2019-08-15,1.3890999555587769
2019-08-16,1.3889100551605225
2019-08-19,1.3848999738693237
2019-08-20,1.3872599601745605
2019-08-21,1.3847999572753906
2019-08-22,1.3836400508880615
2019-08-23,1.3859299421310425
2019-08-26,1.3905999660491943
2019-08-27,1.38864004611969
2019-08-28,1.389009952545166
2019-08-29,1.388350009918213
2019-08-30,1.3876800537109375
2019-09-02,1.3889000415802002
2019-09-03,1.3914999961853027
2019-09-04,1.3902000188827515
2019-09-05,1.3837000131607056
2019-09-06,1.3845000267028809
2019-09-09,1.3813899755477905
2019-09-10,1.380329966545105
2019-09-11,1.3799099922180176
2019-09-12,1.3777799606323242
2019-09-13,1.3754500150680542
2019-09-16,1.373810052871704
2019-09-17,1.375540018081665
2019-09-18,1.3737399578094482
2019-09-19,1.3763099908828735
2019-09-20,1.3786699771881104
2019-09-23,1.3765599727630615
2019-09-24,1.377369999885559
2019-09-25,1.3755899667739868
2019-09-26,1.3783299922943115
2019-09-27,1.381790041923523
2019-09-30,1.38100004196167
2019-10-01,1.3821899890899658
2019-10-02,1.385040044784546
2019-10-03,1.3839600086212158
2019-10-04,1.3802800178527832
2019-10-07,1.3794000148773193
2019-10-08,1.3809000253677368
2019-10-09,1.3825299739837646
2019-10-10,1.38155996799469
2019-10-11,1.375
2019-10-14,1.3717999458312988
2019-10-15,1.3689600229263306
2019-10-16,1.3711299896240234
2019-10-17,1.3707300424575806
2019-10-18,1.3647099733352661
2019-10-21,1.3634999990463257
2019-10-22,1.3611799478530884
2019-10-23,1.3624000549316406
2019-10-24,1.361799955368042
2019-10-25,1.3636399507522583
2019-10-28,1.3631399869918823
2019-10-29,1.3621799945831299
2019-10-30,1.3619999885559082
2019-10-31,1.360700011253357
2019-11-01,1.360610008239746
2019-11-04,1.3566999435424805
2019-11-05,1.357800006866455
2019-11-06,1.3582199811935425
2019-11-07,1.3603500127792358
2019-11-08,1.3573299646377563
2019-11-11,1.359910011291504
2019-11-12,1.3603299856185913
2019-11-13,1.3624299764633179
2019-11-14,1.3621900081634521
2019-11-15,1.3616600036621094
2019-11-18,1.3601200580596924
2019-11-19,1.3600000143051147
2019-11-20,1.361240029335022
2019-11-21,1.3620100021362305
2019-11-22,1.3624000549316406
2019-11-25,1.3641899824142456
2019-11-26,1.3648099899291992
2019-11-27,1.3645000457763672
2019-11-28,1.3657900094985962
2019-11-29,1.3655600547790527
2019-12-02,1.3673900365829468
2019-12-03,1.3662999868392944
2019-12-04,1.3634999990463257
2019-12-05,1.3623000383377075
2019-12-06,1.3605200052261353
2019-12-09,1.3605400323867798
2019-12-10,1.3594000339508057
2019-12-11,1.358299970626831
2019-12-12,1.356600046157837
2019-12-13,1.3515000343322754
2019-12-16,1.3546299934387207
2019-12-17,1.355299949645996
2019-12-18,1.3552900552749634
2019-12-19,1.3547999858856201
2019-12-20,1.3543000221252441
2019-12-23,1.3548099994659424
2019-12-24,1.355530023574829
2019-12-25,1.3550000190734863
2019-12-26,1.3547199964523315
2019-12-27,1.3533999919891357
2019-12-30,1.3521300554275513
2019-12-31,1.3481800556182861
2020-01-01,1.3344999551773071
2020-01-02,1.3451900482177734
2020-01-03,1.3468999862670898
2020-01-06,1.3497799634933472
2020-01-07,1.3491699695587158
2020-01-08,1.3513100147247314
2020-01-09,1.3499000072479248
2020-01-10,1.3510500192642212
2020-01-13,1.3482999801635742
2020-01-14,1.3464000225067139
2020-01-15,1.347830057144165
2020-01-16,1.3456000089645386
2020-01-17,1.34660005569458
2020-01-20,1.3473700284957886
2020-01-21,1.3466999530792236
2020-01-22,1.3498899936676025
2020-01-23,1.3481999635696411
2020-01-24,1.3508000373840332
2020-01-27,1.3543599843978882
2020-01-28,1.3575299978256226
2020-01-29,1.357100009918213
2020-01-30,1.3601000308990479
2020-01-31,1.3623499870300293
2020-02-03,1.3641599416732788
2020-02-04,1.3698300123214722
2020-02-05,1.371000051498413
2020-02-06,1.3803000450134277
2020-02-07,1.3860900402069092
2020-02-10,1.3912999629974365
2020-02-11,1.3888499736785889
2020-02-12,1.3860399723052979
2020-02-13,1.3881100416183472
2020-02-14,1.3899999856948853
2020-02-17,1.3903299570083618
2020-02-18,1.388700008392334
2020-02-19,1.3913999795913696
2020-02-20,1.3942699432373047
2020-02-21,1.40146005153656
2020-02-24,1.4017800092697144
2020-02-25,1.3987300395965576
2020-02-26,1.3983800411224365
2020-02-27,1.3973900079727173
2020-02-28,1.3947299718856812
2020-03-02,1.3923399448394775
2020-03-03,1.3887799978256226
2020-03-04,1.3873499631881714
2020-03-05,1.383370041847229
2020-03-06,1.3832000494003296
2020-03-09,1.3765699863433838
2020-03-10,1.3858699798583984
2020-03-11,1.3918299674987793
2020-03-12,1.3960700035095215
2020-03-13,1.4100099802017212
2020-03-16,1.4126399755477905
2020-03-17,1.4225200414657593
2020-03-18,1.429569959640503
2020-03-19,1.438920021057129
2020-03-20,1.4530099630355835
2020-03-23,1.4551299810409546
2020-03-24,1.4563000202178955
2020-03-25,1.4459999799728394
2020-03-26,1.4493999481201172
2020-03-27,1.4308500289916992
2020-03-30,1.4292000532150269
2020-03-31,1.4237600564956665
2020-04-01,1.4217000007629395
2020-04-02,1.434399962425232
2020-04-03,1.4303799867630005
2020-04-06,1.4392000436782837
2020-04-07,1.430999994277954
2020-04-08,1.4250099658966064
2020-04-09,1.4250999689102173
2020-04-10,1.4168100357055664
2020-04-13,1.4142999649047852
2020-04-14,1.4147499799728394
2020-04-15,1.4132100343704224
2020-04-16,1.4249000549316406
2020-04-17,1.4238300323486328
2020-04-20,1.4235999584197998
2020-04-21,1.4209400415420532
2020-04-22,1.430799961090088
2020-04-23,1.4285500049591064
2020-04-24,1.4240000247955322
2020-04-27,1.4232800006866455
2020-04-28,1.4201099872589111
2020-04-29,1.4164299964904785
2020-04-30,1.4105000495910645
2020-05-01,1.4108999967575073
2020-05-04,1.419600009918213
2020-05-05,1.4158999919891357
2020-05-06,1.4163199663162231
2020-05-07,1.422379970550537
2020-05-08,1.4129999876022339
2020-05-11,1.4130500555038452
2020-05-12,1.417449951171875
2020-05-13,1.4189900159835815
2020-05-14,1.4189000129699707
2020-05-15,1.4220000505447388
2020-05-18,1.4262200593948364
2020-05-19,1.417799949645996
2020-05-20,1.417330026626587
2020-05-21,1.4134199619293213
2020-05-22,1.4171899557113647
2020-05-25,1.42385995388031
2020-05-26,1.4237600564956665
2020-05-27,1.4166300296783447
2020-05-28,1.4194300174713135
2020-05-29,1.4170000553131104
2020-06-01,1.4117200374603271
2020-06-02,1.4083399772644043
2020-06-03,1.3996599912643433
2020-06-04,1.3971500396728516
2020-06-05,1.3973400592803955
2020-06-08,1.391129970550537
2020-06-09,1.3873000144958496
2020-06-10,1.3902499675750732
2020-06-11,1.3850899934768677
2020-06-12,1.3939199447631836
2020-06-15,1.3942999839782715
2020-06-16,1.3891700506210327
2020-06-17,1.3936500549316406
2020-06-18,1.393839955329895
2020-06-19,1.3939100503921509
2020-06-22,1.3980900049209595
2020-06-23,1.3908900022506714
2020-06-24,1.3904199600219727
2020-06-25,1.393630027770996
2020-06-26,1.3911000490188599
2020-06-29,1.3933099508285522
2020-06-30,1.393339991569519
2020-07-01,1.3936599493026733
2020-07-02,1.3935999870300293
2020-07-03,1.395050048828125
2020-07-06,1.3938100337982178
2020-07-07,1.3919099569320679
2020-07-08,1.3953700065612793
2020-07-09,1.3907999992370605
2020-07-10,1.391800045967102
2020-07-13,1.3909000158309937
2020-07-14,1.389799952507019
2020-07-15,1.3906099796295166
2020-07-16,1.3892699480056763
2020-07-17,1.3918700218200684
2020-07-20,1.389359951019287
2020-07-21,1.388200044631958
2020-07-22,1.3829699754714966
2020-07-23,1.3854999542236328
2020-07-24,1.3854999542236328
2020-07-27,1.381700038909912
2020-07-28,1.3780100345611572
2020-07-29,1.378600001335144
2020-07-30,1.3746299743652344
2020-07-31,1.3712400197982788
2020-08-03,1.3741999864578247
2020-08-04,1.3762799501419067
2020-08-05,1.372040033340454
2020-08-06,1.3693499565124512
2020-08-07,1.369189977645874
2020-08-10,1.3727799654006958
2020-08-11,1.3738000392913818
2020-08-12,1.3735899925231934
2020-08-13,1.3711999654769897
2020-08-14,1.3727799654006958
2020-08-17,1.3700300455093384
2020-08-18,1.3677899837493896
2020-08-19,1.3636800050735474
2020-08-20,1.3694000244140625
2020-08-21,1.3664300441741943
2020-08-24,1.3716200590133667
2020-08-25,1.3703900575637817
2020-08-26,1.3679699897766113
2020-08-27,1.3651299476623535
2020-08-28,1.365630030632019
2020-08-31,1.3574999570846558
2020-09-01,1.3604400157928467
2020-09-02,1.3602999448776245
2020-09-03,1.3624299764633179
2020-09-04,1.3658699989318848
2020-09-07,1.36489999294281
2020-09-08,1.3662999868392944
2020-09-09,1.3712799549102783
2020-09-10,1.3667000532150269
2020-09-11,1.3692599534988403
2020-09-14,1.367110013961792
2020-09-15,1.3640999794006348
2020-09-16,1.3610600233078003
2020-09-17,1.3591099977493286
2020-09-18,1.3571499586105347
2020-09-21,1.3586699962615967
2020-09-22,1.3614000082015991
2020-09-23,1.3647799491882324
2020-09-24,1.3724000453948975
2020-09-25,1.374650001525879
2020-09-28,1.376099944114685
2020-09-29,1.3708000183105469
2020-09-30,1.3680000305175781
2020-10-01,1.3646999597549438
2020-10-02,1.3630800247192383
2020-10-05,1.3628000020980835
2020-10-06,1.3597500324249268
2020-10-07,1.3624399900436401
2020-10-08,1.3592000007629395
2020-10-09,1.3579200506210327
2020-10-12,1.354599952697754
2020-10-13,1.3569200038909912
2020-10-14,1.3602800369262695
2020-10-15,1.3576200008392334
2020-10-16,1.3601399660110474
2020-10-19,1.3573999404907227
2020-10-20,1.358199954032898
2020-10-21,1.356660008430481
2020-10-22,1.355329990386963
2020-10-23,1.3567500114440918
2020-10-26,1.3575600385665894
2020-10-27,1.3609000444412231
2020-10-28,1.3616100549697876
2020-10-29,1.3643499612808228
2020-10-30,1.3660900592803955
2020-11-02,1.3675700426101685
2020-11-03,1.3645999431610107
2020-11-04,1.3579599857330322
2020-11-05,1.3575999736785889
2020-11-06,1.3508800268173218
2020-11-09,1.346909999847412
2020-11-10,1.3468999862670898
2020-11-11,1.3484100103378296
2020-11-12,1.3486100435256958
2020-11-13,1.3487000465393066
2020-11-16,1.3466399908065796
2020-11-17,1.3451299667358398
2020-11-18,1.3423999547958374
2020-11-19,1.3424899578094482
2020-11-20,1.3451000452041626
2020-11-23,1.3433799743652344
2020-11-24,1.3436199426651
2020-11-25,1.3413000106811523
2020-11-26,1.3394999504089355
2020-11-27,1.3386199474334717
2020-11-30,1.3375300168991089
2020-12-01,1.339669942855835
2020-12-02,1.3372999429702759
2020-12-03,1.3375999927520752
2020-12-04,1.3336900472640991
2020-12-07,1.3339200019836426
2020-12-08,1.336590051651001
2020-12-09,1.337630033493042
2020-12-10,1.337649941444397
2020-12-11,1.3350000381469727
2020-12-14,1.3347400426864624
2020-12-15,1.333899974822998
2020-12-16,1.3322999477386475
2020-12-17,1.3285000324249268
2020-12-18,1.3259799480438232
2020-12-21,1.331279993057251
2020-12-22,1.3325799703598022
2020-12-23,1.3349100351333618
2020-12-24,1.3319100141525269
2020-12-25,1.3273799419403076
2020-12-28,1.3286199569702148
2020-12-29,1.329300045967102
2020-12-30,1.3271700143814087
2020-12-31,1.3229399919509888
2021-01-01,1.3215999603271484
2021-01-04,1.3206700086593628
2021-01-05,1.320289969444275
2021-01-06,1.3172099590301514
2021-01-07,1.3174500465393066
2021-01-08,1.3242199420928955
2021-01-11,1.3286199569702148
2021-01-12,1.33024001121521
2021-01-13,1.3230199813842773
2021-01-14,1.3251999616622925
2021-01-15,1.324180006980896
2021-01-18,1.331380009651184
2021-01-19,1.330590009689331
2021-01-20,1.3279099464416504
2021-01-21,1.3247599601745605
2021-01-22,1.3227100372314453
2021-01-25,1.328160047531128
2021-01-26,1.3274500370025635
2021-01-27,1.3248399496078491
2021-01-28,1.3301500082015991
2021-01-29,1.3286000490188599
2021-02-01,1.3299299478530884
2021-02-02,1.33201003074646
2021-02-03,1.3315000534057617
2021-02-04,1.3320000171661377
2021-02-05,1.336400032043457
2021-02-08,1.333490014076233
2021-02-09,1.3325999975204468
2021-02-10,1.325659990310669
2021-02-11,1.3264800310134888
2021-02-12,1.3242000341415405
2021-02-15,1.3250199556350708
2021-02-16,1.3219000101089478
2021-02-17,1.3287700414657593
2021-02-18,1.3273999691009521
2021-02-19,1.3266700506210327
2021-02-22,1.3233599662780762
2021-02-23,1.3207999467849731
2021-02-24,1.3195500373840332
2021-02-25,1.3186700344085693
2021-02-26,1.3281199932098389
2021-03-01,1.3291200399398804
2021-03-02,1.327280044555664
2021-03-03,1.3288999795913696
2021-03-04,1.3330999612808228
2021-03-05,1.3375799655914307
2021-03-08,1.3407299518585205
2021-03-09,1.3503700494766235
2021-03-10,1.3434699773788452
2021-03-11,1.343790054321289
2021-03-12,1.3394700288772583
2021-03-15,1.3441400527954102
2021-03-16,1.3446999788284302
2021-03-17,1.3450000286102295
2021-03-18,1.3396300077438354
2021-03-19,1.3437999486923218
2021-03-22,1.3443299531936646
2021-03-23,1.3400800228118896
2021-03-24,1.3463499546051025
2021-03-25,1.3462899923324585
2021-03-26,1.347480058670044
2021-03-29,1.3462599515914917
2021-03-30,1.3480199575424194
2021-03-31,1.347059965133667
2021-04-01,1.3450299501419067
2021-04-02,1.3446999788284302
2021-04-05,1.3450000286102295
2021-04-06,1.3408600091934204
2021-04-07,1.3389099836349487
2021-04-08,1.340000033378601
2021-04-09,1.3396600484848022
2021-04-12,1.341130018234253
2021-04-13,1.339900016784668
2021-04-14,1.3399200439453125
2021-04-15,1.3357000350952148
2021-04-16,1.3341000080108643
2021-04-19,1.334920048713684
2021-04-20,1.329300045967102
2021-04-21,1.3287999629974365
2021-04-22,1.3285900354385376
2021-04-23,1.3292900323867798
2021-04-26,1.327139973640442
2021-04-27,1.3258700370788574
2021-04-28,1.3266799449920654
2021-04-29,1.3244800567626953
2021-04-30,1.3253999948501587
2021-05-03,1.329800009727478
2021-05-04,1.3295400142669678
2021-05-05,1.3362300395965576
2021-05-06,1.3351999521255493
2021-05-07,1.3333499431610107
2021-05-10,1.3242599964141846
2021-05-11,1.325700044631958
2021-05-12,1.3257999420166016
2021-05-13,1.3330199718475342
2021-05-14,1.333400011062622
2021-05-17,1.3324700593948364
2021-05-18,1.3349699974060059
2021-05-19,1.3303899765014648
2021-05-20,1.3347500562667847
2021-05-21,1.3310099840164185
2021-05-24,1.3314399719238281
2021-05-25,1.3281999826431274
2021-05-26,1.3252999782562256
2021-05-27,1.3246999979019165
2021-05-28,1.3243800401687622
2021-05-31,1.3229999542236328
2021-06-01,1.320639967918396
2021-06-02,1.322510004043579
2021-06-03,1.3226499557495117
2021-06-04,1.3272000551223755
2021-06-07,1.323799967765808
2021-06-08,1.3224999904632568
2021-06-09,1.3236099481582642
2021-06-10,1.3245799541473389
2021-06-11,1.3233000040054321
2021-06-14,1.3255900144577026
2021-06-15,1.3267300128936768
2021-06-16,1.3274500370025635
2021-06-17,1.3359099626541138
2021-06-18,1.3413000106811523
2021-06-21,1.344499945640564
2021-06-22,1.3434200286865234
2021-06-23,1.343500018119812
2021-06-24,1.3451999425888062
2021-06-25,1.3424999713897705
2021-06-28,1.3424299955368042
2021-06-29,1.3427300453186035
2021-06-30,1.3446999788284302
2021-07-01,1.3446999788284302
2021-07-02,1.3494499921798706
2021-07-05,1.3472800254821777
2021-07-06,1.3444000482559204
2021-07-07,1.346809983253479
2021-07-08,1.3487000465393066
2021-07-09,1.3523000478744507
2021-07-12,1.350600004196167
2021-07-13,1.3517400026321411
2021-07-14,1.3559800386428833
2021-07-15,1.3530999422073364
2021-07-16,1.3545299768447876
2021-07-19,1.3562999963760376
2021-07-20,1.3636000156402588
2021-07-21,1.3662099838256836
2021-07-22,1.3638299703598022
2021-07-23,1.3593499660491943
2021-07-26,1.3600000143051147
2021-07-27,1.357200026512146
2021-07-28,1.3594900369644165
2021-07-29,1.3560999631881714
2021-07-30,1.352970004081726
2021-08-02,1.3545700311660767
2021-08-03,1.3529200553894043
2021-08-04,1.3503999710083008
2021-08-05,1.3510299921035767
2021-08-06,1.3509800434112549
2021-08-09,1.356119990348816
2021-08-10,1.3571399450302124
2021-08-11,1.3594000339508057
2021-08-12,1.3565000295639038
2021-08-13,1.3578100204467773
2021-08-16,1.3545000553131104
2021-08-17,1.3552000522613525
2021-08-18,1.3619600534439087
2021-08-19,1.3613699674606323
2021-08-20,1.364400029182434
2021-08-23,1.361799955368042
2021-08-24,1.3563400506973267
2021-08-25,1.3542499542236328
2021-08-26,1.3525999784469604
2021-08-27,1.3538299798965454
2021-08-30,1.3450000286102295
2021-08-31,1.3453099727630615
2021-09-01,1.3437999486923218
2021-09-02,1.343999981880188
2021-09-03,1.3423000574111938
2021-09-06,1.3412699699401855
2021-09-07,1.3418099880218506
2021-09-08,1.3454999923706055
2021-09-09,1.345900058746338
2021-09-10,1.342579960823059
2021-09-13,1.3414000272750854
2021-09-14,1.34197998046875
2021-09-15,1.3436199426651
2021-09-16,1.340399980545044
2021-09-17,1.3453700542449951
2021-09-20,1.349120020866394
2021-09-21,1.3516000509262085
2021-09-22,1.352579951286316
2021-09-23,1.3540699481964111
2021-09-24,1.3486000299453735
2021-09-27,1.3530100584030151
2021-09-28,1.353700041770935
2021-09-29,1.3569899797439575
2021-09-30,1.3615399599075317
2021-10-01,1.358240008354187
2021-10-04,1.3554999828338623
2021-10-05,1.3570499420166016
2021-10-06,1.3569999933242798
2021-10-07,1.358489990234375
2021-10-08,1.3573999404907227
2021-10-11,1.355239987373352
2021-10-12,1.3553600311279297
2021-10-13,1.3572700023651123
2021-10-14,1.3511099815368652
2021-10-15,1.348680019378662
2021-10-18,1.3476999998092651
2021-10-19,1.348960041999817
2021-10-20,1.3449000120162964
2021-10-21,1.3427000045776367
2021-10-22,1.346809983253479
2021-10-25,1.3485599756240845
2021-10-26,1.3471499681472778
2021-10-27,1.3472000360488892
2021-10-28,1.3488999605178833
2021-10-29,1.3440899848937988
2021-11-01,1.349410057067871
2021-11-02,1.348230004310608
2021-11-03,1.3486700057983398
2021-11-04,1.3466999530792236
2021-11-05,1.3497999906539917
2021-11-08,1.3497999906539917
2021-11-09,1.3468999862670898
2021-11-10,1.3473600149154663
2021-11-11,1.3525400161743164
2021-11-12,1.3542100191116333
2021-11-15,1.352020025253296
2021-11-16,1.3538899421691895
2021-11-17,1.3563899993896484
2021-11-18,1.355530023574829
2021-11-19,1.356469988822937
2021-11-22,1.3621900081634521
2021-11-23,1.364300012588501
2021-11-24,1.3657499551773071
2021-11-25,1.367900013923645
2021-11-26,1.368530035018921
2021-11-29,1.3699899911880493
2021-11-30,1.3683600425720215
2021-12-01,1.3654500246047974
2021-12-02,1.3651299476623535
2021-12-03,1.3692699670791626
2021-12-06,1.3709299564361572
2021-12-07,1.3689700365066528
2021-12-08,1.3651100397109985
2021-12-09,1.3615299463272095
2021-12-10,1.364799976348877
2021-12-13,1.364050030708313
2021-12-14,1.3680399656295776
2021-12-15,1.3700100183486938
2021-12-16,1.365779995918274
2021-12-17,1.3632400035858154
2021-12-20,1.3668099641799927
2021-12-21,1.3671400547027588
2021-12-22,1.3639600276947021
2021-12-23,1.3620500564575195
2021-12-24,1.358299970626831
2021-12-27,1.3576799631118774
2021-12-28,1.3560600280761719
2021-12-29,1.3540699481964111
2021-12-30,1.3508000373840332
2021-12-31,1.3519099950790405
2022-01-03,1.3481999635696411
2022-01-04,1.353119969367981
2022-01-05,1.3557100296020508
2022-01-06,1.3577100038528442
2022-01-07,1.3609399795532227
2022-01-10,1.3562500476837158
2022-01-11,1.3557900190353394
2022-01-12,1.350640058517456
2022-01-13,1.345900058746338
2022-01-14,1.3460500240325928
2022-01-17,1.3485599756240845
2022-01-18,1.3484200239181519
2022-01-19,1.3505200147628784
2022-01-20,1.3473999500274658
2022-01-21,1.3468899726867676
2022-01-24,1.344499945640564
2022-01-25,1.3453400135040283
2022-01-26,1.3437999486923218
2022-01-27,1.3481999635696411
2022-01-28,1.3526400327682495
2022-01-31,1.3558900356292725
2022-02-01,1.3515599966049194
2022-02-02,1.3485599756240845
2022-02-03,1.347499966621399
2022-02-04,1.3440300226211548
2022-02-07,1.3451600074768066
2022-02-08,1.3435800075531006
2022-02-09,1.344599962234497
2022-02-10,1.341599941253662
2022-02-11,1.345460057258606
2022-02-14,1.3469799757003784
2022-02-15,1.346500039100647
2022-02-16,1.3447200059890747
2022-02-17,1.3430099487304688
2022-02-18,1.3428000211715698
2022-02-21,1.3461600542068481
2022-02-22,1.34660005569458
2022-02-23,1.345460057258606
2022-02-24,1.3461899757385254
2022-02-25,1.3550100326538086
2022-02-28,1.3590400218963623
2022-03-01,1.355299949645996
2022-03-02,1.3573299646377563
2022-03-03,1.3549799919128418
2022-03-04,1.3562999963760376
2022-03-07,1.3619400262832642
2022-03-08,1.3618299961090088
2022-03-09,1.3651700019836426
2022-03-10,1.357100009918213
2022-03-11,1.358049988746643
2022-03-14,1.3626999855041504
2022-03-15,1.3661500215530396
2022-03-16,1.3652299642562866
2022-03-17,1.3582600355148315
2022-03-18,1.3532700538635254
2022-03-21,1.3561700582504272
2022-03-22,1.3580000400543213
2022-03-23,1.3568799495697021
2022-03-24,1.3576899766921997
2022-03-25,1.3573800325393677
2022-03-28,1.3583999872207642
2022-03-29,1.360450029373169
2022-03-30,1.355970025062561
2022-03-31,1.3525300025939941
2022-04-01,1.3543000221252441
2022-04-04,1.356600046157837
2022-04-05,1.356600046157837
2022-04-06,1.359339952468872
2022-04-07,1.360319972038269
2022-04-08,1.3618199825286865
2022-04-11,1.3633400201797485
2022-04-12,1.3651000261306763
2022-04-13,1.3640600442886353
2022-04-14,1.3612600564956665
2022-04-15,1.3562400341033936
2022-04-18,1.3580100536346436
2022-04-19,1.361199975013733
2022-04-20,1.3676199913024902
2022-04-21,1.3631000518798828
2022-04-22,1.3650100231170654
2022-04-25,1.369860053062439
2022-04-26,1.3736900091171265
2022-04-27,1.377810001373291
2022-04-28,1.380769968032837
2022-04-29,1.3865000009536743
2022-05-02,1.3837000131607056
2022-05-03,1.385640025138855
2022-05-04,1.3838399648666382
2022-05-05,1.3742400407791138
2022-05-06,1.3839999437332153
2022-05-09,1.387529969215393
2022-05-10,1.3897500038146973
2022-05-11,1.3911900520324707
2022-05-12,1.3902299404144287
2022-05-13,1.395799994468689
2022-05-16,1.3926500082015991
2022-05-17,1.3907699584960938
2022-05-18,1.384469985961914
2022-05-19,1.391319990158081
2022-05-20,1.3809200525283813
2022-05-23,1.3799999952316284
2022-05-24,1.374269962310791
2022-05-25,1.3709700107574463
2022-05-26,1.3743000030517578
2022-05-27,1.3724499940872192
2022-05-30,1.367900013923645
2022-05-31,1.3666000366210938
2022-06-01,1.3698500394821167
2022-06-02,1.3746000528335571
2022-06-03,1.3700000047683716
2022-06-06,1.375040054321289
2022-06-07,1.3769500255584717
2022-06-08,1.3739999532699585
2022-06-09,1.3761600255966187
2022-06-10,1.3825199604034424
2022-06-13,1.3911900520324707
2022-06-14,1.393839955329895
2022-06-15,1.3920999765396118
2022-06-16,1.385699987411499
2022-06-17,1.3828999996185303
2022-06-20,1.388409972190857
2022-06-21,1.3875999450683594
2022-06-22,1.385509967803955
2022-06-23,1.387120008468628
2022-06-24,1.3891600370407104
2022-06-27,1.3855199813842773
2022-06-28,1.3853600025177002
2022-06-29,1.387470006942749
2022-06-30,1.3926399946212769
2022-07-01,1.3901400566101074
2022-07-04,1.3952000141143799
2022-07-05,1.3956199884414673
2022-07-06,1.4048000574111938
2022-07-07,1.4043999910354614
2022-07-08,1.400230050086975
2022-07-11,1.3988399505615234
2022-07-12,1.4049700498580933
2022-07-13,1.407580018043518
2022-07-14,1.4070099592208862
2022-07-15,1.4026000499725342
2022-07-18,1.3977899551391602
2022-07-19,1.3969000577926636
2022-07-20,1.391379952430725
2022-07-21,1.3929799795150757
2022-07-22,1.3894000053405762
2022-07-25,1.3890000581741333
2022-07-26,1.3860299587249756
2022-07-27,1.3890000581741333
2022-07-28,1.381700038909912
2022-07-29,1.37909996509552
2022-08-01,1.381500005722046
2022-08-02,1.3761999607086182
2022-08-03,1.3837000131607056
2022-08-04,1.3807899951934814
2022-08-05,1.375349998474121
2022-08-08,1.3821200132369995
2022-08-09,1.378250002861023
2022-08-10,1.3782999515533447
2022-08-11,1.3688000440597534
2022-08-12,1.3696000576019287
2022-08-15,1.3705999851226807
2022-08-16,1.378119945526123
2022-08-17,1.378600001335144
2022-08-18,1.3813999891281128
2022-08-19,1.3854999542236328
2022-08-22,1.3920999765396118
2022-08-23,1.3969999551773071
2022-08-24,1.3926500082015991
2022-08-25,1.3935999870300293
2022-08-26,1.38919997215271
2022-08-29,1.3972599506378174
2022-08-30,1.3952399492263794
2022-08-31,1.3976000547409058
2022-09-01,1.3986300230026245
2022-09-02,1.4015400409698486
2022-09-05,1.4033000469207764
2022-09-06,1.4021300077438354
2022-09-07,1.40693998336792
2022-09-08,1.4050899744033813
2022-09-09,1.4038499593734741
2022-09-12,1.3980000019073486
2022-09-13,1.395300030708313
2022-09-14,1.4055999517440796
2022-09-15,1.405400037765503
2022-09-16,1.4091999530792236
2022-09-19,1.4055999517440796
2022-09-20,1.407420039176941
2022-09-21,1.4101699590682983
2022-09-22,1.4184000492095947
2022-09-23,1.4179400205612183
2022-09-26,1.4300800561904907
2022-09-27,1.4362599849700928
2022-09-28,1.4386800527572632
2022-09-29,1.4364399909973145
2022-09-30,1.431249976158142
2022-10-03,1.4355000257492065
2022-10-04,1.4306000471115112
2022-10-05,1.4228299856185913
2022-10-06,1.4223999977111816
2022-10-07,1.4290000200271606
2022-10-10,1.4342999458312988
2022-10-11,1.4371099472045898
2022-10-12,1.43858003616333
2022-10-13,1.4347100257873535
2022-10-14,1.4310400485992432
2022-10-17,1.4253900051116943
2022-10-18,1.4208999872207642
2022-10-19,1.4198700189590454
2022-10-20,1.4257899522781372
2022-10-21,1.4248499870300293
2022-10-24,1.416700005531311
2022-10-25,1.4210799932479858
2022-10-26,1.416759967803955
2022-10-27,1.4034099578857422
2022-10-28,1.4096499681472778
2022-10-31,1.411829948425293
2022-11-01,1.415079951286316
2022-11-02,1.4146000146865845
2022-11-03,1.4178999662399292
2022-11-04,1.421820044517517
2022-11-07,1.4082200527191162
2022-11-08,1.401360034942627
2022-11-09,1.3979500532150269
2022-11-10,1.4013999700546265
2022-11-11,1.3834600448608398
2022-11-14,1.3744499683380127
2022-11-15,1.372849941253662
2022-11-16,1.3702000379562378
2022-11-17,1.3699699640274048
2022-11-18,1.3750699758529663
2022-11-21,1.3750100135803223
2022-11-22,1.3812999725341797
2022-11-23,1.377940058708191
2022-11-24,1.3763200044631958
2022-11-25,1.3754600286483765
2022-11-28,1.3787200450897217
2022-11-29,1.3790500164031982
2022-11-30,1.3753399848937988
2022-12-01,1.3593000173568726
2022-12-02,1.3531999588012695
2022-12-05,1.3503299951553345
2022-12-06,1.3560999631881714
2022-12-07,1.3587100505828857
2022-12-08,1.3551700115203857
2022-12-09,1.3526999950408936
2022-12-12,1.35371994972229
2022-12-13,1.3544299602508545
2022-12-14,1.3467899560928345
2022-12-15,1.3476300239562988
2022-12-16,1.3604199886322021
2022-12-19,1.3588099479675293
2022-12-20,1.3562899827957153
2022-12-21,1.3510799407958984
2022-12-22,1.3507000207901
2022-12-23,1.3514000177383423
2022-12-26,1.351699948310852
2022-12-27,1.3467999696731567
2022-12-28,1.347599983215332
2022-12-29,1.3492399454116821
2022-12-30,1.3435200452804565
2023-01-02,1.3373199701309204
2023-01-03,1.3411999940872192
2023-01-04,1.3453400135040283
2023-01-05,1.341439962387085
2023-01-06,1.34552001953125
2023-01-09,1.3337899446487427
2023-01-10,1.330399990081787
2023-01-11,1.3316500186920166
2023-01-12,1.3301299810409546
2023-01-13,1.32246994972229
2023-01-16,1.3199000358581543
2023-01-17,1.3199900388717651
2023-01-18,1.3199000358581543
2023-01-19,1.3201199769973755
2023-01-20,1.3210999965667725
2023-01-23,1.318660020828247
2023-01-24,1.3183000087738037
2023-01-25,1.3197699785232544
2023-01-26,1.3117799758911133
2023-01-27,1.3111000061035156
2023-01-30,1.3120800256729126
2023-01-31,1.3142000436782837
2023-02-01,1.3138999938964844
2023-02-02,1.3051700592041016
2023-02-03,1.3105299472808838
2023-02-06,1.3248000144958496
2023-02-07,1.3272000551223755
2023-02-08,1.323199987411499
2023-02-09,1.3258600234985352
2023-02-10,1.325369954109192
2023-02-13,1.329609990119934
2023-02-14,1.3280400037765503
2023-02-15,1.3284599781036377
2023-02-16,1.3354699611663818
2023-02-17,1.3370100259780884
2023-02-20,1.337030053138733
2023-02-21,1.3359400033950806
2023-02-22,1.3402299880981445
2023-02-23,1.3401999473571777
2023-02-24,1.342829942703247
2023-02-27,1.3495899438858032
2023-02-28,1.346500039100647
2023-03-01,1.348330020904541
2023-03-02,1.341920018196106
2023-03-03,1.3473299741744995
2023-03-06,1.345170021057129
2023-03-07,1.345139980316162
2023-03-08,1.3544600009918213
2023-03-09,1.3531999588012695
2023-03-10,1.353219985961914
2023-03-13,1.3473800420761108
2023-03-14,1.3467999696731567
2023-03-15,1.345080018043518
2023-03-16,1.3510099649429321
2023-03-17,1.3459700345993042
2023-03-20,1.3404200077056885
2023-03-21,1.3372000455856323
2023-03-22,1.3367799520492554
2023-03-23,1.329609990119934
2023-03-24,1.3274999856948853
2023-03-27,1.331629991531372
2023-03-28,1.3306299448013306
2023-03-29,1.3273999691009521
2023-03-30,1.3292299509048462
2023-03-31,1.327929973602295
2023-04-03,1.3339099884033203
2023-04-04,1.3260999917984009
2023-04-05,1.3250700235366821
2023-04-06,1.3281999826431274
2023-04-07,1.3304400444030762
2023-04-10,1.330590009689331
2023-04-11,1.3321000337600708
2023-04-12,1.3323500156402588
2023-04-13,1.3273799419403076
2023-04-14,1.3210999965667725
2023-04-17,1.3317400217056274
2023-04-18,1.3339699506759644
2023-04-19,1.3321199417114258
2023-04-20,1.3348100185394287
2023-04-21,1.3316999673843384
2023-04-24,1.3336399793624878
2023-04-25,1.3322999477386475
2023-04-26,1.3378299474716187
2023-04-27,1.3344500064849854
2023-04-28,1.3349499702453613
2023-05-01,1.3345999717712402
2023-05-02,1.3367400169372559
2023-05-03,1.3340100049972534
2023-05-04,1.3299299478530884
2023-05-05,1.3270000219345093
2023-05-08,1.3259999752044678
2023-05-09,1.325260043144226
2023-05-10,1.327049970626831
2023-05-11,1.3241000175476074
2023-05-12,1.3309999704360962
2023-05-15,1.338610053062439
2023-05-16,1.336210012435913
2023-05-17,1.3398000001907349
2023-05-18,1.3422000408172607
2023-05-19,1.3479700088500977
2023-05-22,1.3444700241088867
2023-05-23,1.3458000421524048
2023-05-24,1.3466999530792236
2023-05-25,1.3489799499511719
2023-05-26,1.3548099994659424
2023-05-29,1.3529599905014038
2023-05-30,1.354009985923767
2023-05-31,1.350790023803711
2023-06-01,1.3513000011444092
2023-06-02,1.3467999696731567
2023-06-05,1.3507000207901
2023-06-06,1.349269986152649
2023-06-07,1.347640037536621
2023-06-08,1.348449945449829
2023-06-09,1.3423999547958374
2023-06-12,1.3433500528335571
2023-06-13,1.3433300256729126
2023-06-14,1.3421499729156494
2023-06-15,1.3406699895858765
2023-06-16,1.3364900350570679
2023-06-19,1.3372000455856323
2023-06-20,1.3407399654388428
2023-06-21,1.3431299924850464
2023-06-22,1.3397400379180908
2023-06-23,1.3447200059890747
2023-06-26,1.3516900539398193
2023-06-27,1.3534300327301025
2023-06-28,1.3496500253677368
2023-06-29,1.3526300191879272
2023-06-30,1.35617995262146
2023-07-03,1.3524999618530273
2023-07-04,1.3507100343704224
2023-07-05,1.3491599559783936
2023-07-06,1.353219985961914
2023-07-07,1.3529900312423706
2023-07-10,1.3458000421524048
2023-07-11,1.3443599939346313
2023-07-12,1.3403199911117554
2023-07-13,1.3294600248336792
2023-07-14,1.3224999904632568
2023-07-17,1.3214199542999268
2023-07-18,1.3219000101089478
2023-07-19,1.3227800130844116
2023-07-20,1.324779987335205
2023-07-21,1.326300024986267
2023-07-24,1.3311100006103516
2023-07-25,1.3318500518798828
2023-07-26,1.3278299570083618
2023-07-27,1.3257999420166016
2023-07-28,1.3308500051498413
2023-07-31,1.331279993057251
2023-08-01,1.329740047454834
2023-08-02,1.3346400260925293
2023-08-03,1.3414299488067627
2023-08-04,1.340499997138977
2023-08-07,1.339419960975647
2023-08-08,1.340399980545044
2023-08-09,1.3477699756622314
2023-08-10,1.3461300134658813
2023-08-11,1.3494700193405151
2023-08-14,1.3531700372695923
2023-08-15,1.35562002658844
2023-08-16,1.3581500053405762
2023-08-17,1.360360026359558
2023-08-18,1.357890009880066
2023-08-21,1.3567399978637695
2023-08-22,1.3572800159454346
2023-08-23,1.3575799465179443
2023-08-24,1.3517999649047852
2023-08-25,1.3567999601364136
2023-08-28,1.3554400205612183
2023-08-29,1.355139970779419
2023-08-30,1.3494999408721924
2023-08-31,1.3496700525283813
2023-09-01,1.3502999544143677
2023-09-04,1.3539199829101562
2023-09-05,1.3550000190734863
2023-09-06,1.3608200550079346
2023-09-07,1.3640600442886353
2023-09-08,1.365470051765442
2023-09-11,1.3634999990463257
2023-09-12,1.3605400323867798
2023-09-13,1.3606699705123901
2023-09-14,1.361050009727478
2023-09-15,1.3643100261688232
2023-09-18,1.3627500534057617
2023-09-19,1.363420009613037
2023-09-20,1.3643399477005005
2023-09-21,1.3662400245666504
2023-09-22,1.3665599822998047
2023-09-25,1.365820050239563
2023-09-26,1.3662099838256836
2023-09-27,1.368899941444397
2023-09-28,1.3729300498962402
2023-09-29,1.3660399913787842
2023-10-02,1.3669400215148926
2023-10-03,1.373329997062683
2023-10-04,1.3734300136566162
2023-10-05,1.3717800378799438
2023-10-06,1.3673700094223022
2023-10-09,1.3660000562667847
2023-10-10,1.3640899658203125
2023-10-11,1.3627500534057617
2023-10-12,1.3625799417495728
2023-10-13,1.3694499731063843
2023-10-16,1.3690299987792969
2023-10-17,1.3684200048446655
2023-10-18,1.3681000471115112
2023-10-19,1.3729000091552734
2023-10-20,1.3726199865341187
2023-10-23,1.3725500106811523
2023-10-24,1.366729974746704
2023-10-25,1.3679499626159668
2023-10-26,1.3723200559616089
2023-10-27,1.368690013885498
2023-10-30,1.3700599670410156
2023-10-31,1.3647799491882324
2023-11-01,1.36899995803833
2023-11-02,1.366320013999939
2023-11-03,1.3649200201034546
2023-11-06,1.353559970855713
2023-11-07,1.350600004196167
2023-11-08,1.354449987411499
2023-11-09,1.3559000492095947
2023-11-10,1.360610008239746
2023-11-13,1.3599799871444702
2023-11-14,1.358780026435852
2023-11-15,1.3492599725723267
2023-11-16,1.350000023841858
2023-11-17,1.347059965133667
2023-11-20,1.3435300588607788
2023-11-21,1.3375699520111084
2023-11-22,1.337730050086975
2023-11-23,1.3420699834823608
2023-11-24,1.3406000137329102
2023-11-27,1.3399300575256348
2023-11-28,1.3363100290298462
2023-11-29,1.3301899433135986
2023-11-30,1.3324300050735474
2023-12-01,1.336940050125122
2023-12-04,1.3325200080871582
2023-12-05,1.3376400470733643
2023-12-06,1.340399980545044
2023-12-07,1.341629981994629
2023-12-08,1.3395700454711914
2023-12-11,1.3413100242614746
2023-12-12,1.3438299894332886
2023-12-13,1.3411500453948975
2023-12-14,1.3327800035476685
2023-12-15,1.3283300399780273
2023-12-18,1.3332099914550781
2023-12-19,1.332110047340393
2023-12-20,1.3282999992370605
2023-12-21,1.3317099809646606
2023-12-22,1.3265000581741333
2023-12-25,1.3219599723815918
2023-12-26,1.3245999813079834
2023-12-27,1.3229000568389893
2023-12-28,1.3195699453353882
2023-12-29,1.3198000192642212
2024-01-01,1.3190399408340454
2024-01-02,1.3193000555038452
2024-01-03,1.3263399600982666
2024-01-04,1.3283900022506714
2024-01-05,1.329390048980713
2024-01-08,1.3296200037002563
2024-01-09,1.328660011291504
2024-01-10,1.3309400081634521
2024-01-11,1.3308000564575195
2024-01-12,1.3294999599456787
2024-01-15,1.3319100141525269
2024-01-16,1.3339500427246094
2024-01-17,1.3424299955368042
2024-01-18,1.3443800210952759
2024-01-19,1.3437199592590332
2024-01-22,1.340399980545044
2024-01-23,1.3422499895095825
2024-01-24,1.3408499956130981
2024-01-25,1.339669942855835
2024-01-26,1.3402899503707886
2024-01-29,1.3419899940490723
2024-01-30,1.3396300077438354
2024-01-31,1.3393000364303589
2024-02-01,1.3404099941253662
2024-02-02,1.3365800380706787
2024-02-05,1.3434900045394897
2024-02-06,1.3470100164413452
2024-02-07,1.3436599969863892
2024-02-08,1.3432600498199463
2024-02-09,1.346809983253479
2024-02-12,1.3451800346374512
2024-02-13,1.3447599411010742
2024-02-14,1.3510600328445435
2024-02-15,1.3477599620819092
2024-02-16,1.3455599546432495
2024-02-19,1.3453199863433838
2024-02-20,1.3463200330734253
2024-02-21,1.3436700105667114
2024-02-22,1.3439099788665771
2024-02-23,1.3423000574111938
2024-02-26,1.3433300256729126
2024-02-27,1.3442800045013428
2024-02-28,1.3439199924468994
2024-02-29,1.345960021018982
2024-03-01,1.3459199666976929
2024-03-04,1.343809962272644
2024-03-05,1.3433799743652344
2024-03-06,1.342960000038147
2024-03-07,1.3384100198745728
2024-03-08,1.3329499959945679
2024-03-11,1.3312900066375732
2024-03-12,1.3301700353622437
2024-03-13,1.332319974899292
2024-03-14,1.3318699598312378
2024-03-15,1.336300015449524
2024-03-18,1.3381099700927734
2024-03-19,1.3391900062561035
2024-03-20,1.3424099683761597
2024-03-21,1.3389899730682373
2024-03-22,1.3430999517440796
2024-03-25,1.3494800329208374
2024-03-26,1.3458499908447266
2024-03-27,1.3452800512313843
2024-03-28,1.3487099409103394
2024-03-29,1.349810004234314
2024-04-01,1.3476899862289429
2024-04-02,1.3525500297546387
2024-04-03,1.351349949836731
2024-04-04,1.347890019416809
2024-04-05,1.3484599590301514
2024-04-08,1.3487999439239502
2024-04-09,1.3473299741744995
2024-04-10,1.344730019569397
2024-04-11,1.353950023651123
2024-04-12,1.352810025215149
2024-04-15,1.3597999811172485
2024-04-16,1.3629800081253052
2024-04-17,1.364609956741333
2024-04-18,1.3602700233459473
2024-04-19,1.3619999885559082
2024-04-22,1.361299991607666
2024-04-23,1.3619600534439087
2024-04-24,1.3603999614715576
2024-04-25,1.361199975013733
2024-04-26,1.3590999841690063
2024-04-29,1.361430048942566
2024-04-30,1.3600599765777588
2024-05-01,1.3652100563049316
2024-05-02,1.359969973564148
2024-05-03,1.3537299633026123
2024-05-06,1.3508700132369995
2024-05-07,1.3516600131988525
2024-05-08,1.3544000387191772
2024-05-09,1.3554799556732178
2024-05-10,1.3517999649047852
2024-05-13,1.354200005531311
2024-05-14,1.3524999618530273
2024-05-15,1.352020025253296
2024-05-16,1.343559980392456
2024-05-17,1.3458000421524048
2024-05-20,1.34483003616333
2024-05-21,1.3473399877548218
2024-05-22,1.3472199440002441
2024-05-23,1.3499000072479248
2024-05-24,1.3517800569534302
2024-05-27,1.3495999574661255
2024-05-28,1.3485699892044067
2024-05-29,1.3483999967575073
2024-05-30,1.3520100116729736
2024-05-31,1.3496999740600586
2024-06-03,1.3506100177764893
2024-06-04,1.3450000286102295
2024-06-05,1.3466500043869019
2024-06-06,1.3478399515151978
2024-06-07,1.3450000286102295
2024-06-10,1.3519999980926514
2024-06-11,1.3526999950408936
2024-06-12,1.3529599905014038
2024-06-13,1.3479900360107422
2024-06-14,1.3510700464248657
2024-06-17,1.3534899950027466
2024-06-18,1.3509000539779663
2024-06-19,1.3511500358581543
2024-06-20,1.3506100177764893
2024-06-21,1.3542300462722778
2024-06-24,1.3552000522613525
2024-06-25,1.3528300523757935
2024-06-26,1.3546899557113647
2024-06-27,1.3588500022888184
2024-06-28,1.3580000400543213
2024-07-01,1.354699969291687
2024-07-02,1.3577300310134888
2024-07-03,1.3559800386428833
2024-07-04,1.3532400131225586
2024-07-05,1.3516000509262085
2024-07-08,1.3487199544906616
2024-07-09,1.3494999408721924
2024-07-10,1.3506300449371338
2024-07-11,1.3486900329589844
2024-07-12,1.342170000076294
2024-07-15,1.343000054359436
2024-07-16,1.3435100317001343
2024-07-17,1.343999981880188
2024-07-18,1.3393000364303589
2024-07-19,1.3436199426651
2024-07-22,1.344099998474121
2024-07-23,1.3458800315856934
2024-07-24,1.3458000421524048
2024-07-25,1.3437000513076782
2024-07-26,1.342900037765503
2024-07-29,1.3429399728775024
2024-07-30,1.343019962310791
2024-07-31,1.3418899774551392
2024-08-01,1.3357000350952148
2024-08-02,1.3367600440979004
2024-08-05,1.3256700038909912
2024-08-06,1.3252700567245483
2024-08-07,1.3254899978637695
2024-08-08,1.3266500234603882
2024-08-09,1.32614004611969
2024-08-12,1.3243000507354736
2024-08-13,1.3238099813461304
2024-08-14,1.3171000480651855
2024-08-15,1.31673002243042
2024-08-16,1.3222399950027466
2024-08-19,1.3157600164413452
2024-08-20,1.3078800439834595
2024-08-21,1.3045300245285034
2024-08-22,1.3053100109100342
2024-08-23,1.3101099729537964
2024-08-26,1.3011399507522583
2024-08-27,1.3037500381469727
2024-08-28,1.3013700246810913
2024-08-29,1.3035199642181396
2024-08-30,1.3026200532913208
2024-09-02,1.3060599565505981
2024-09-03,1.306399941444397
2024-09-04,1.3069000244140625
2024-09-05,1.3029999732971191
2024-09-06,1.2997699975967407
2024-09-09,1.3032699823379517
2024-09-10,1.3059099912643433
2024-09-11,1.3041399717330933
2024-09-12,1.3045599460601807
2024-09-13,1.3006800413131714
2024-09-16,1.2974300384521484
2024-09-17,1.2956600189208984
2024-09-18,1.2958699464797974
2024-09-19,1.2960799932479858
2024-09-20,1.29243004322052
2024-09-23,1.2901999950408936
2024-09-24,1.290910005569458
2024-09-25,1.2823599576950073
2024-09-26,1.2897800207138062
2024-09-27,1.2838799953460693
2024-09-30,1.2806999683380127
2024-10-01,1.2850699424743652
2024-10-02,1.2883000373840332
2024-10-03,1.2920399904251099
2024-10-04,1.2961000204086304
2024-10-07,1.3046799898147583
2024-10-08,1.303920030593872
2024-10-09,1.3042800426483154
2024-10-10,1.307289958000183
2024-10-11,1.30594003200531
2024-10-14,1.3074400424957275
2024-10-15,1.3079400062561035
2024-10-16,1.3096100091934204
2024-10-17,1.313349962234497
2024-10-18,1.314170002937317
2024-10-21,1.309980034828186
2024-10-22,1.3166500329971313
2024-10-23,1.3161300420761108
2024-10-24,1.323009967803955
2024-10-25,1.3187299966812134
2024-10-28,1.3233100175857544
2024-10-29,1.3224799633026123
2024-10-30,1.3235299587249756
2024-10-31,1.3219399452209473
2024-11-01,1.3196799755096436
2024-11-04,1.321969985961914
2024-11-05,1.319700002670288
2024-11-06,1.3133599758148193
2024-11-07,1.333150029182434
2024-11-08,1.3206700086593628
2024-11-11,1.3276699781417847
2024-11-12,1.3329499959945679
2024-11-13,1.3388899564743042
2024-11-14,1.3429499864578247
2024-11-15,1.3457000255584717
2024-11-18,1.3423899412155151
2024-11-19,1.338420033454895
2024-11-20,1.3367700576782227
2024-11-21,1.342650055885315
2024-11-22,1.3466099500656128
2024-11-25,1.3430999517440796
2024-11-26,1.3490999937057495
2024-11-27,1.3458800315856934
2024-11-28,1.3409500122070312
2024-11-29,1.3413200378417969
2024-12-02,1.3411799669265747
2024-12-03,1.3448799848556519
2024-12-04,1.3448699712753296
2024-12-05,1.343649983406067
2024-12-06,1.3385499715805054
2024-12-09,1.3411799669265747
2024-12-10,1.3403799533843994
2024-12-11,1.3411999940872192
2024-12-12,1.3429399728775024
2024-12-13,1.3461999893188477
2024-12-16,1.3481600284576416
2024-12-17,1.3491699695587158
2024-12-18,1.3494000434875488
2024-12-19,1.3625999689102173
2024-12-20,1.3615000247955322
2024-12-23,1.355370044708252
2024-12-24,1.3571200370788574
2024-12-25,1.3597999811172485
2024-12-26,1.3589799404144287
2024-12-27,1.358780026435852
2024-12-30,1.3579000234603882
2024-12-31,1.3592699766159058
2025-01-02,1.3654600381851196
2025-01-03,1.3695299625396729
2025-01-06,1.370650053024292
2025-01-07,1.363700032234192
2025-01-08,1.3646399974822998
2025-01-09,1.3680399656295776
2025-01-10,1.367900013923645
2025-01-13,1.371250033378601
2025-01-14,1.3681199550628662
2025-01-15,1.367050051689148
2025-01-16,1.36627995967865
2025-01-17,1.3668800592422485
2025-01-20,1.36735999584198
2025-01-21,1.3549400568008423
2025-01-22,1.3547699451446533
2025-01-23,1.3551199436187744
2025-01-24,1.3560400009155273
2025-01-27,1.3483400344848633
2025-01-28,1.3490500450134277
2025-01-29,1.351199984550476
2025-01-30,1.3486000299453735
2025-01-31,1.351789951324463
2025-02-03,1.3682399988174438
2025-02-04,1.3596999645233154
2025-02-05,1.3525300025939941
2025-02-06,1.3485499620437622
2025-02-07,1.350160002708435
2025-02-10,1.3570200204849243
2025-02-11,1.3558900356292725
2025-02-12,1.3526999950408936
2025-02-13,1.3527499437332153
2025-02-14,1.3437299728393555
2025-02-17,1.3395400047302246
2025-02-18,1.34089994430542
2025-02-19,1.3419100046157837
2025-02-20,1.3428499698638916
2025-02-21,1.3330999612808228
2025-02-24,1.3356200456619263
2025-02-25,1.3392399549484253
2025-02-26,1.335610032081604
2025-02-27,1.3375799655914307
2025-02-28,1.3479000329971313
2025-03-03,1.3494000434875488
2025-03-04,1.3462899923324585
2025-03-05,1.337980031967163
2025-03-06,1.3307000398635864
2025-03-07,1.3328100442886353
2025-03-10,1.3295999765396118
2025-03-11,1.3336999416351318
2025-03-12,1.3309799432754517
2025-03-13,1.3323500156402588
2025-03-14,1.3353999853134155
2025-03-17,1.3335200548171997
2025-03-18,1.3301600217819214
2025-03-19,1.330899953842163
2025-03-20,1.3294299840927124
2025-03-21,1.3345799446105957
2025-03-24,1.3349000215530396
2025-03-25,1.338879942893982
2025-03-26,1.3360899686813354
2025-03-27,1.341230034828186
2025-03-28,1.3393499851226807
2025-03-31,1.3427400588989258
2025-04-01,1.3432400226593018
2025-04-02,1.3439199924468994
2025-04-03,1.3458900451660156
2025-04-04,1.335260033607483
2025-04-07,1.3466399908065796
2025-04-08,1.3521100282669067
2025-04-09,1.3522299528121948
2025-04-10,1.3422600030899048
2025-04-11,1.3286900520324707
2025-04-14,1.3202600479125977
2025-04-15,1.3159199953079224
2025-04-16,1.31836998462677
2025-04-17,1.3102999925613403
2025-04-22,1.3050400018692017
2025-04-23,1.313889980316162
2025-04-24,1.3160300254821777
2025-04-25,1.3122899532318115
2025-04-28,1.3151999711990356
2025-04-29,1.3091700077056885
2025-04-30,1.3082799911499023
2025-05-01,1.3056399822235107
2025-05-02,1.3107600212097168
2025-05-05,1.2963999509811401
2025-05-06,1.2902400493621826
2025-05-07,1.2886899709701538
2025-05-08,1.2943899631500244
2025-05-09,1.300510048866272
2025-05-12,1.2976900339126587
2025-05-13,1.3051999807357788
2025-05-14,1.3008999824523926
2025-05-15,1.3006999492645264
2025-05-16,1.2966200113296509
2025-05-19,1.2982200384140015
2025-05-20,1.2950400114059448
2025-05-21,1.2946200370788574
2025-05-22,1.2894999980926514
2025-05-23,1.2920399904251099
2025-05-26,1.2847100496292114
2025-05-27,1.2834999561309814
2025-05-28,1.2882399559020996
2025-05-29,1.29367995262146
2025-05-30,1.2862499952316284
2025-06-02,1.2897000312805176
2025-06-03,1.2848399877548218
2025-06-04,1.2890199422836304
2025-06-05,1.2855000495910645
2025-06-06,1.2862199544906616
2025-06-09,1.2883000373840332
2025-06-10,1.2856199741363525
2025-06-11,1.286020040512085
2025-06-12,1.28371000289917
2025-06-13,1.2781599760055542
2025-06-16,1.2813999652862549
2025-06-17,1.281190037727356
2025-06-18,1.2862800359725952
2025-06-19,1.2852599620819092
2025-06-20,1.2848999500274658
2025-06-23,1.2900500297546387
2025-06-24,1.2828400135040283
2025-06-25,1.2801100015640259
2025-06-26,1.276729941368103
2025-06-27,1.2752900123596191
2025-06-30,1.2758500576019287
2025-07-01,1.2707300186157227
2025-07-02,1.2725499868392944
2025-07-03,1.272779941558838
2025-07-04,1.273859977722168
2025-07-07,1.2741700410842896
2025-07-08,1.2788900136947632
2025-07-09,1.279960036277771
2025-07-10,1.2796499729156494
2025-07-11,1.2793699502944946
2025-07-14,1.2803900241851807
2025-07-15,1.2823200225830078
2025-07-16,1.284600019454956
2025-07-17,1.2832800149917603
2025-07-18,1.2853100299835205
2025-07-21,1.2847399711608887
2025-07-22,1.2805299758911133
2025-07-23,1.2785899639129639
2025-07-24,1.276379942893982
2025-07-25,1.2770999670028687
2025-07-28,1.280500054359436
2025-07-29,1.286370038986206
2025-07-30,1.287600040435791
2025-07-31,1.2957199811935425
2025-08-01,1.297700047492981
2025-08-04,1.288390040397644
2025-08-05,1.2867900133132935
2025-08-06,1.287269949913025
2025-08-07,1.2851500511169434
2025-08-08,1.2825100421905518
2025-08-11,1.2850500345230103
2025-08-12,1.28656005859375
2025-08-13,1.2828799486160278
2025-08-14,1.2796499729156494
2025-08-15,1.2843199968338013
2025-08-18,1.2827399969100952
2025-08-19,1.2844200134277344
2025-08-20,1.2852799892425537
2025-08-21,1.2851999998092651
2025-08-22,1.288540005683899
2025-08-25,1.2823200225830078
2025-08-26,1.2859899997711182
2025-08-27,1.2854000329971313
2025-08-28,1.285099983215332
2025-08-29,1.2823200225830078
2025-09-01,1.2835899591445923
2025-09-02,1.2836300134658813
2025-09-03,1.2890199422836304
2025-09-04,1.2879300117492676
2025-09-05,1.2889200448989868
2025-09-08,1.2855900526046753
2025-09-09,1.2826000452041626
2025-09-10,1.283120036125183
2025-09-11,1.282039999961853
2025-09-12,1.2816100120544434
2025-09-15,1.282670021057129
2025-09-16,1.2803399562835693
2025-09-17,1.2755000591278076
2025-09-18,1.2770999670028687
2025-09-19,1.2817599773406982
2025-09-22,1.2854299545288086
2025-09-23,1.2818399667739868
2025-09-24,1.283329963684082
2025-09-25,1.2883100509643555
2025-09-26,1.2943600416183472
2025-09-29,1.2913000583648682
2025-09-30,1.2896900177001953
2025-10-01,1.2902100086212158
2025-10-02,1.287660002708435
2025-10-03,1.2885600328445435
2025-10-06,1.2917300462722778
2025-10-07,1.2911200523376465
2025-10-08,1.2935500144958496
2025-10-09,1.2955199480056763
2025-10-10,1.2991700172424316
2025-10-13,1.2970999479293823
2025-10-14,1.2992700338363647
2025-10-15,1.2983800172805786
2025-10-16,1.2954599857330322
2025-10-17,1.2928099632263184
2025-10-20,1.2954399585723877
2025-10-21,1.2936400175094604
2025-10-22,1.2983900308609009
2025-10-23,1.297819972038269
2025-10-24,1.2985999584197998
2025-10-27,1.298050045967102
2025-10-28,1.2961100339889526
2025-10-29,1.2932599782943726
2025-10-30,1.2972300052642822
2025-10-31,1.2992000579833984
2025-11-03,1.3018100261688232
2025-11-04,1.3049399852752686
2025-11-05,1.307610034942627
2025-11-06,1.3061000108718872
2025-11-07,1.304129958152771
2025-11-10,1.3026200532913208
2025-11-11,1.3025399446487427
2025-11-12,1.3009799718856812
2025-11-13,1.301759958267212
2025-11-14,1.3011800050735474
2025-11-17,1.2989599704742432
2025-11-18,1.3029099702835083
2025-11-19,1.3009999990463257
2025-11-20,1.3059799671173096
2025-11-21,1.3073400259017944
2025-11-24,1.3071500062942505
2025-11-25,1.304800033569336
2025-11-26,1.3018900156021118
2025-11-27,1.296339988708496
2025-11-28,1.296720027923584
2025-12-01,1.295639991760254
2025-12-02,1.2964799404144287
2025-12-03,1.295989990234375
2025-12-04,1.2937400341033936
2025-12-05,1.2964400053024292
2025-12-08,1.2959699630737305
2025-12-09,1.2975399494171143
2025-12-10,1.2969399690628052
2025-12-11,1.292140007019043
2025-12-12,1.2917499542236328
2025-12-15,1.2917300462722778
2025-12-16,1.289430022239685
2025-12-17,1.2890299558639526
2025-12-18,1.291159987449646
2025-12-19,1.2897000312805176
2025-12-22,1.2929099798202515
2025-12-23,1.2878799438476562
2025-12-24,1.2844300270080566
2025-12-26,1.2841099500656128
2025-12-29,1.2843300104141235
2025-12-30,1.2848999500274658
2025-12-31,1.2839000225067139
2026-01-02,1.2847000360488892
2026-01-05,1.287850022315979
2026-01-06,1.2828600406646729
2026-01-07,1.2805500030517578
2026-01-08,1.2825499773025513
2026-01-09,1.285099983215332
2026-01-12,1.2872400283813477
2026-01-13,1.2855900526046753
2026-01-14,1.2888699769973755
2026-01-15,1.2875299453735352
2026-01-16,1.2878899574279785
2026-01-19,1.2867499589920044
2026-01-20,1.2852200269699097
2026-01-21,1.2837899923324585
2026-01-22,1.285290002822876
2026-01-23,1.2800999879837036
2026-01-26,1.2711199522018433
2026-01-27,1.2700999975204468
2026-01-28,1.260699987411499
2026-01-29,1.2613199949264526
2026-01-30,1.2638700008392334
2026-02-02,1.272189974784851
2026-02-03,1.2716100215911865
2026-02-04,1.2699899673461914
2026-02-05,1.272779941558838
2026-02-06,1.2755800485610962
2026-02-09,1.2711299657821655
2026-02-10,1.2658900022506714
2026-02-11,1.2653700113296509
2026-02-12,1.2619400024414062
2026-02-13,1.2623499631881714
2026-02-16,1.2625399827957153
2026-02-17,1.2624200582504272
2026-02-18,1.2626800537109375
2026-02-19,1.267199993133545
2026-02-20,1.2684299945831299
2026-02-23,1.264140009880066
2026-02-24,1.2661900520324707
2026-02-25,1.2662999629974365
2026-02-26,1.2627500295639038
2026-02-27,1.263200044631958
2026-03-02,1.2695499658584595
2026-03-03,1.272379994392395
2026-03-04,1.2770099639892578
2026-03-05,1.2747299671173096
2026-03-06,1.2797000408172607
2026-03-09,1.2842700481414795
2026-03-10,1.2750799655914307
2026-03-11,1.2730000019073486
2026-03-12,1.27606999874115
2026-03-13,1.278480052947998
2026-03-16,1.2823699712753296
2026-03-17,1.2782299518585205
2026-03-18,1.2762000560760498
2026-03-19,1.2833199501037598
2026-03-20,1.277500033378601
2026-03-23,1.2819700241088867
2026-03-24,1.275189995765686
2026-03-25,1.2774100303649902
2026-03-26,1.2810399532318115
2026-03-27,1.2858200073242188
2026-03-30,1.2898199558258057
2026-03-31,1.2920000553131104
2026-04-01,1.2843400239944458
2026-04-02,1.2826000452041626
2026-04-03,1.2868000268936157
