Date,Actual,Forecast,Set,Pair
2023-01-04,0.3082048048633314,0,val,USDSGD_RET
2023-01-05,-0.2903143458826761,0,val,USDSGD_RET
2023-01-06,0.30369341616356405,0,val,USDSGD_RET
2023-01-09,-0.8756097639988971,0,val,USDSGD_RET
2023-01-10,-0.25448308712946743,0,val,USDSGD_RET
2023-01-11,0.0939147422464957,0,val,USDSGD_RET
2023-01-12,-0.11421212996173702,0,val,USDSGD_RET
2023-01-13,-0.5775505399397127,0,val,USDSGD_RET
2023-01-16,-0.19451588448725388,0,val,USDSGD_RET
2023-01-17,0.00681869404391893,0,val,USDSGD_RET
2023-01-18,-0.00681869404391086,0,val,USDSGD_RET
2023-01-19,0.01666208124629534,0,val,USDSGD_RET
2023-01-20,0.0742096170846,0,val,USDSGD_RET
2023-01-23,-0.1848635040550483,0,val,USDSGD_RET
2023-01-24,-0.02730508256770601,0,val,USDSGD_RET
2023-01-25,0.1114428281785439,0,val,USDSGD_RET
2023-01-26,-0.6072487563008446,0,val,USDSGD_RET
2023-01-27,-0.05184909774741086,0,val,USDSGD_RET
2023-01-30,0.07471996608095505,0,val,USDSGD_RET
2023-01-31,0.16144648779821583,0,val,USDSGD_RET
2023-02-01,-0.02283396969773452,0,val,USDSGD_RET
2023-02-02,-0.6666463169353898,0,val,USDSGD_RET
2023-02-03,0.40982494669811353,0,val,USDSGD_RET
2023-02-06,1.082992027284944,0,val,USDSGD_RET
2023-02-07,0.18099858361560597,0,val,USDSGD_RET
2023-02-08,-0.3018465653319588,0,val,USDSGD_RET
2023-02-09,0.20082874454509167,0,val,USDSGD_RET
2023-02-10,-0.0369692104467696,0,val,USDSGD_RET
2023-02-13,0.31940276043355414,0,val,USDSGD_RET
2023-02-14,-0.11814847926693936,0,val,USDSGD_RET
2023-02-15,0.03161862100137695,0,val,USDSGD_RET
2023-02-16,0.5262900603863795,0,val,USDSGD_RET
2023-02-17,0.11525362132492192,0,val,USDSGD_RET
2023-02-20,0.00149789532336164,0,val,USDSGD_RET
2023-02-21,-0.08156094389569507,0,val,USDSGD_RET
2023-02-22,0.32060656769772156,0,val,USDSGD_RET
2023-02-23,-0.00224148675335079,0,val,USDSGD_RET
2023-02-24,0.19604673046419263,0,val,USDSGD_RET
2023-02-27,0.5021516458876077,0,val,USDSGD_RET
2023-02-28,-0.22921387323808767,0,val,USDSGD_RET
2023-03-01,0.13581428471833049,0,val,USDSGD_RET
2023-03-02,-0.4765367341708424,0,val,USDSGD_RET
2023-03-03,0.4023399305868875,0,val,USDSGD_RET
2023-03-06,-0.16044223469166624,0,val,USDSGD_RET
2023-03-07,-0.00223325497453818,0,val,USDSGD_RET
2023-03-08,0.6904769423974101,0,val,USDSGD_RET
2023-03-09,-0.09307241678952231,0,val,USDSGD_RET
2023-03-10,0.00147997436122758,0,val,USDSGD_RET
2023-03-13,-0.4324929962372075,0,val,USDSGD_RET
2023-03-14,-0.04306114731664945,0,val,USDSGD_RET
2023-03-15,-0.12778815337540927,0,val,USDSGD_RET
2023-03-16,0.43989306730583455,0,val,USDSGD_RET
2023-03-17,-0.37374665078986263,0,val,USDSGD_RET
2023-03-20,-0.4131964980941099,0,val,USDSGD_RET
2023-03-21,-0.2405093783374901,0,val,USDSGD_RET
2023-03-22,-0.03142084385109463,0,val,USDSGD_RET
2023-03-23,-0.5378042496728382,0,val,USDSGD_RET
2023-03-24,-0.15881953609529706,0,val,USDSGD_RET
2023-03-27,0.3106286035455554,0,val,USDSGD_RET
2023-03-28,-0.07512765853029194,0,val,USDSGD_RET
2023-03-29,-0.24303543563137597,0,val,USDSGD_RET
2023-03-30,0.1377671823653282,0,val,USDSGD_RET
2023-03-31,-0.09784713327027596,0,val,USDSGD_RET
2023-04-03,0.4493151314099306,0,val,USDSGD_RET
2023-04-04,-0.5872172740200042,0,val,USDSGD_RET
2023-04-05,-0.07769915226700978,0,val,USDSGD_RET
2023-04-06,0.2359323062515682,0,val,USDSGD_RET
2023-04-07,0.16851189083432777,0,val,USDSGD_RET
2023-04-10,0.0112712207953431,0,val,USDSGD_RET
2023-04-11,0.11342095459688813,0,val,USDSGD_RET
2023-04-12,0.01876423849474914,0,val,USDSGD_RET
2023-04-13,-0.37372812759795304,0,val,USDSGD_RET
2023-04-14,-0.4742310524336561,0,val,USDSGD_RET
2023-04-17,0.8021653865230984,0,val,USDSGD_RET
2023-04-18,0.16730473409242086,0,val,USDSGD_RET
2023-04-19,-0.13878071153930047,0,val,USDSGD_RET
2023-04-20,0.20173591211037753,0,val,USDSGD_RET
2023-04-21,-0.2332676481059653,0,val,USDSGD_RET
2023-04-24,0.14557334970474098,0,val,USDSGD_RET
2023-04-25,-0.10052977736470804,0,val,USDSGD_RET
2023-04-26,0.41421263059170776,0,val,USDSGD_RET
2023-04-27,-0.25296322595194864,0,val,USDSGD_RET
2023-04-28,0.03745888743389519,0,val,USDSGD_RET
2023-05-01,-0.02622153424572764,0,val,USDSGD_RET
2023-05-02,0.16022263230259082,0,val,USDSGD_RET
2023-05-03,-0.2044379195670625,0,val,USDSGD_RET
2023-05-04,-0.30631774038919996,0,val,USDSGD_RET
2023-05-05,-0.2205498179889232,0,val,USDSGD_RET
2023-05-08,-0.07538988152926976,0,val,USDSGD_RET
2023-05-09,-0.05581739054878357,0,val,USDSGD_RET
2023-05-10,0.13497123224968352,0,val,USDSGD_RET
2023-05-11,-0.2225414865130259,0,val,USDSGD_RET
2023-05-12,0.5197520585122853,0,val,USDSGD_RET
2023-05-15,0.5701284586836678,0,val,USDSGD_RET
2023-05-16,-0.179454409032731,0,val,USDSGD_RET
2023-05-17,0.26830915367055796,0,val,USDSGD_RET
2023-05-18,0.1789739918324967,0,val,USDSGD_RET
2023-05-19,0.4289674462371272,0,val,USDSGD_RET
2023-05-22,-0.25998623329140286,0,val,USDSGD_RET
2023-05-23,0.09887618113552545,0,val,USDSGD_RET
2023-05-24,0.06684575390319877,0,val,USDSGD_RET
2023-05-25,0.1691593585030345,0,val,USDSGD_RET
2023-05-26,0.43125084857261614,0,val,USDSGD_RET
2023-05-29,-0.1366444904294081,0,val,USDSGD_RET
2023-05-30,0.07757717922007448,0,val,USDSGD_RET
2023-05-31,-0.23809254877163336,0,val,USDSGD_RET
2023-06-01,0.0377468805291293,0,val,USDSGD_RET
2023-06-02,-0.3335707121719777,0,val,USDSGD_RET
2023-06-05,0.2891606189595772,0,val,USDSGD_RET
2023-06-06,-0.10592967829236656,0,val,USDSGD_RET
2023-06-07,-0.12087528320693734,0,val,USDSGD_RET
2023-06-08,0.06008018594935849,0,val,USDSGD_RET
2023-06-09,-0.4496721164508564,0,val,USDSGD_RET
2023-06-12,0.07075104344436411,0,val,USDSGD_RET
2023-06-13,-0.00149084818882132,0,val,USDSGD_RET
2023-06-14,-0.08788394133156603,0,val,USDSGD_RET
2023-06-15,-0.11033043592850617,0,val,USDSGD_RET
2023-06-16,-0.31226806667812373,0,val,USDSGD_RET
2023-06-19,0.05311090843283925,0,val,USDSGD_RET
2023-06-20,0.2643764909214518,0,val,USDSGD_RET
2023-06-21,0.17810309109241967,0,val,USDSGD_RET
2023-06-22,-0.2527111885885896,0,val,USDSGD_RET
2023-06-23,0.3710223808351709,0,val,USDSGD_RET
2023-06-26,0.516988389767907,0,val,USDSGD_RET
2023-06-27,0.12864338546866463,0,val,USDSGD_RET
2023-06-28,-0.27968167757620777,0,val,USDSGD_RET
2023-06-29,0.22055412311446873,0,val,USDSGD_RET
2023-06-30,0.26210295316048565,0,val,USDSGD_RET
2023-07-03,-0.2717185602412386,0,val,USDSGD_RET
2023-07-04,-0.1324297961829143,0,val,USDSGD_RET
2023-07-05,-0.11482616332529572,0,val,USDSGD_RET
2023-07-06,0.3004783283985723,0,val,USDSGD_RET
2023-07-07,-0.01699459529267608,0,val,USDSGD_RET
2023-07-10,-0.5328318176162093,0,val,USDSGD_RET
2023-07-11,-0.10706042287477432,0,val,USDSGD_RET
2023-07-12,-0.3009674072852814,0,val,USDSGD_RET
2023-07-13,-0.8135521362758394,0,val,USDSGD_RET
2023-07-14,-0.524898588999973,0,val,USDSGD_RET
2023-07-17,-0.0816996161736919,0,val,USDSGD_RET
2023-07-18,0.03632218730706911,0,val,USDSGD_RET
2023-07-19,0.0665489208693681,0,val,USDSGD_RET
2023-07-20,0.1510805897425632,0,val,USDSGD_RET
2023-07-21,0.11467310006239244,0,val,USDSGD_RET
2023-07-24,0.3620051727476528,0,val,USDSGD_RET
2023-07-25,0.05558110328323534,0,val,USDSGD_RET
2023-07-26,-0.3022993683114223,0,val,USDSGD_RET
2023-07-27,-0.152999134393749,0,val,USDSGD_RET
2023-07-28,0.38018326211148934,0,val,USDSGD_RET
2023-07-31,0.03230405062402462,0,val,USDSGD_RET
2023-08-01,-0.11574101291095128,0,val,USDSGD_RET
2023-08-02,0.3678142026769419,0,val,USDSGD_RET
2023-08-03,0.5074558848315974,0,val,USDSGD_RET
2023-08-04,-0.06934944042531227,0,val,USDSGD_RET
2023-08-07,-0.08060212533826862,0,val,USDSGD_RET
2023-08-08,0.07314070605280712,0,val,USDSGD_RET
2023-08-09,0.5483294362397269,0,val,USDSGD_RET
2023-08-10,-0.12175377004035362,0,val,USDSGD_RET
2023-08-11,0.2478118076311157,0,val,USDSGD_RET
2023-08-14,0.27380784441764133,0,val,USDSGD_RET
2023-08-15,0.18089183208433307,0,val,USDSGD_RET
2023-08-16,0.1864549652575546,0,val,USDSGD_RET
2023-08-17,0.16259064561643458,0,val,USDSGD_RET
2023-08-18,-0.18173583197947704,0,val,USDSGD_RET
2023-08-21,-0.084726985394847,0,val,USDSGD_RET
2023-08-22,0.03979470203195386,0,val,USDSGD_RET
2023-08-23,0.02209547290666471,0,val,USDSGD_RET
2023-08-24,-0.4266651832157866,0,val,USDSGD_RET
2023-08-25,0.3691944952632968,0,val,USDSGD_RET
2023-08-28,-0.1002816637790902,0,val,USDSGD_RET
2023-08-29,-0.02213915722713079,0,val,USDSGD_RET
2023-08-30,-0.4170638803529778,0,val,USDSGD_RET
2023-08-31,0.0126047382587804,0,val,USDSGD_RET
2023-09-01,0.04665991813206173,0,val,USDSGD_RET
2023-09-04,0.26773197018479106,0,val,USDSGD_RET
2023-09-05,0.07973924809638573,0,val,USDSGD_RET
2023-09-06,0.42860312430306574,0,val,USDSGD_RET
2023-09-07,0.2378079540786172,0,val,USDSGD_RET
2023-09-08,0.103315043440279,0,val,USDSGD_RET
2023-09-11,-0.1443807022182327,0,val,USDSGD_RET
2023-09-12,-0.2173219035222987,0,val,USDSGD_RET
2023-09-13,0.00955002558202669,0,val,USDSGD_RET
2023-09-14,0.02792640097563386,0,val,USDSGD_RET
2023-09-15,0.2392357672575204,0,val,USDSGD_RET
2023-09-18,-0.114406935505318,0,val,USDSGD_RET
2023-09-19,0.04914999470140331,0,val,USDSGD_RET
2023-09-20,0.06745007894657282,0,val,USDSGD_RET
2023-09-21,0.13917022699395443,0,val,USDSGD_RET
2023-09-22,0.02341611049565383,0,val,USDSGD_RET
2023-09-25,-0.05416026098254672,0,val,USDSGD_RET
2023-09-26,0.02854533690380376,0,val,USDSGD_RET
2023-09-27,0.1966983821127898,0,val,USDSGD_RET
2023-09-28,0.29397237370023305,0,val,USDSGD_RET
2023-09-29,-0.5031141595031132,0,val,USDSGD_RET
2023-10-02,0.06586437986367287,0,val,USDSGD_RET
2023-10-03,0.46637645828105984,0,val,USDSGD_RET
2023-10-04,0.00728251420487202,0,val,USDSGD_RET
2023-10-05,-0.1202076303364648,0,val,USDSGD_RET
2023-10-06,-0.32200005051910935,0,val,USDSGD_RET
2023-10-09,-0.10023913610698076,0,val,USDSGD_RET
2023-10-10,-0.13992877470583717,0,val,USDSGD_RET
2023-10-11,-0.09827584404995376,0,val,USDSGD_RET
2023-10-12,-0.01248374741495728,0,val,USDSGD_RET
2023-10-13,0.5029261063375737,0,val,USDSGD_RET
2023-10-16,-0.03067207609270903,0,val,USDSGD_RET
2023-10-17,-0.04456658159383334,0,val,USDSGD_RET
2023-10-18,-0.02338427846590205,0,val,USDSGD_RET
2023-10-19,0.35023472103347336,0,val,USDSGD_RET
2023-10-20,-0.02039851267265546,0,val,USDSGD_RET
2023-10-23,-0.00509810707916975,0,val,USDSGD_RET
2023-10-24,-0.4249324437799892,0,val,USDSGD_RET
2023-10-25,0.08922345416212918,0,val,USDSGD_RET
2023-10-26,0.31895375425164263,0,val,USDSGD_RET
2023-10-27,-0.2648690888279438,0,val,USDSGD_RET
2023-10-30,0.10004222943442338,0,val,USDSGD_RET
2023-10-31,-0.3861304189488776,0,val,USDSGD_RET
2023-11-01,0.3087309399598968,0,val,USDSGD_RET
2023-11-02,-0.19595110797261003,0,val,USDSGD_RET
2023-11-03,-0.10251709857915851,0,val,USDSGD_RET
2023-11-06,-0.8357696515281501,0,val,USDSGD_RET
2023-11-07,-0.21891958086873128,0,val,USDSGD_RET
2023-11-08,0.28465173115975173,0,val,USDSGD_RET
2023-11-09,0.1070018201970902,0,val,USDSGD_RET
2023-11-10,0.3467657877333529,0,val,USDSGD_RET
2023-11-13,-0.0463150351656732,0,val,USDSGD_RET
2023-11-14,-0.08827265227841431,0,val,USDSGD_RET
2023-11-15,-0.7030984095823131,0,val,USDSGD_RET
2023-11-16,0.05483364248400511,0,val,USDSGD_RET
2023-11-17,-0.21801961282132457,0,val,USDSGD_RET
2023-11-20,-0.26238916123493394,0,val,USDSGD_RET
2023-11-21,-0.4446023380960315,0,val,USDSGD_RET
2023-11-22,0.01196860732870226,0,val,USDSGD_RET
2023-11-23,0.3239000772633771,0,val,USDSGD_RET
2023-11-24,-0.10959006497972526,0,val,USDSGD_RET
2023-11-27,-0.04998684613979422,0,val,USDSGD_RET
2023-11-28,-0.27053108738647696,0,val,USDSGD_RET
2023-11-29,-0.4590359292168998,0,val,USDSGD_RET
2023-11-30,0.1682600094542327,0,val,USDSGD_RET
2023-12-01,0.3379111363181845,0,val,USDSGD_RET
2023-12-04,-0.3311565620709732,0,val,USDSGD_RET
2023-12-05,0.3835010003593339,0,val,USDSGD_RET
2023-12-06,0.20611599679769185,0,val,USDSGD_RET
2023-12-07,0.09172168491751428,0,val,USDSGD_RET
2023-12-08,-0.1536578328838456,0,val,USDSGD_RET
2023-12-11,0.1298065552611504,0,val,USDSGD_RET
2023-12-12,0.18769717026196447,0,val,USDSGD_RET
2023-12-13,-0.1996249427254828,0,val,USDSGD_RET
2023-12-14,-0.6260499737734907,0,val,USDSGD_RET
2023-12-15,-0.33444447202167327,0,val,USDSGD_RET
2023-12-18,0.3667017507019196,0,val,USDSGD_RET
2023-12-19,-0.08253749351812274,0,val,USDSGD_RET
2023-12-20,-0.2864258246978839,0,val,USDSGD_RET
2023-12-21,0.2563887820681673,0,val,USDSGD_RET
2023-12-22,-0.3919877951614344,0,val,USDSGD_RET
2023-12-25,-0.34284755573753556,0,val,USDSGD_RET
2023-12-26,0.19950500636598972,0,val,USDSGD_RET
2023-12-27,-0.12841735056565237,0,val,USDSGD_RET
2023-12-28,-0.25204549257262837,0,val,USDSGD_RET
2023-12-29,0.01743400375858713,0,val,USDSGD_RET
2024-01-01,-0.05760701389161256,0,val,USDSGD_RET
2024-01-02,0.01971805536842404,0,val,USDSGD_RET
2024-01-03,0.5321904090227035,0,val,USDSGD_RET
2024-01-04,0.15444452648509693,0,val,USDSGD_RET
2024-01-05,0.07525429177434517,0,val,USDSGD_RET
2024-01-08,0.01729626556958822,0,val,USDSGD_RET
2024-01-09,-0.07222658599331577,0,val,USDSGD_RET
2024-01-10,0.17145415955806056,0,val,USDSGD_RET
2024-01-11,-0.01051580565070861,0,val,USDSGD_RET
2024-01-12,-0.09774060123485896,0,val,USDSGD_RET
2024-01-15,0.1811111319997017,0,val,USDSGD_RET
2024-01-16,0.15304846666881022,0,val,USDSGD_RET
2024-01-17,0.6336903629485209,0,val,USDSGD_RET
2024-01-18,0.14515547350162628,0,val,USDSGD_RET
2024-01-19,-0.04910991810817879,0,val,USDSGD_RET
2024-01-22,-0.2473794376957729,0,val,USDSGD_RET
2024-01-23,0.13792401382680505,0,val,USDSGD_RET
2024-01-24,-0.1043564556892872,0,val,USDSGD_RET
2024-01-25,-0.08804656265085367,0,val,USDSGD_RET
2024-01-26,0.04626991079844054,0,val,USDSGD_RET
2024-01-29,0.12676110929150572,0,val,USDSGD_RET
2024-01-30,-0.17601203100615134,0,val,USDSGD_RET
2024-01-31,-0.02463456004481399,0,val,USDSGD_RET
2024-02-01,0.08284163180557888,0,val,USDSGD_RET
2024-02-02,-0.2861391803325094,0,val,USDSGD_RET
2024-02-05,0.5156568052617169,0,val,USDSGD_RET
2024-02-06,0.26166243321202065,0,val,USDSGD_RET
2024-02-07,-0.2490101847681432,0,val,USDSGD_RET
2024-02-08,-0.02976993452945991,0,val,USDSGD_RET
2024-02-09,0.2639288531954654,0,val,USDSGD_RET
2024-02-12,-0.12109620053408827,0,val,USDSGD_RET
2024-02-13,-0.03123441739081407,0,val,USDSGD_RET
2024-02-14,0.467397917792268,0,val,USDSGD_RET
2024-02-15,-0.244556688744916,0,val,USDSGD_RET
2024-02-16,-0.1633677391458935,0,val,USDSGD_RET
2024-02-19,-0.01783567500331332,0,val,USDSGD_RET
2024-02-20,0.07430761683159957,0,val,USDSGD_RET
2024-02-21,-0.19702848865678352,0,val,USDSGD_RET
2024-02-22,0.01785757457986895,0,val,USDSGD_RET
2024-02-23,-0.1198656565495082,0,val,USDSGD_RET
2024-02-26,0.07670217270072442,0,val,USDSGD_RET
2024-02-27,0.07069320752099431,0,val,USDSGD_RET
2024-02-28,-0.02678461848109595,0,val,USDSGD_RET
2024-02-29,0.1516817815664911,0,val,USDSGD_RET
2024-03-01,-0.00297593662977666,0,val,USDSGD_RET
2024-03-04,-0.15689343641135248,0,val,USDSGD_RET
2024-03-05,-0.03200279259884282,0,val,USDSGD_RET
2024-03-06,-0.03126739984593137,0,val,USDSGD_RET
2024-03-07,-0.33937759405813295,0,val,USDSGD_RET
2024-03-08,-0.4087829009050117,0,val,USDSGD_RET
2024-03-11,-0.12461261524200049,0,val,USDSGD_RET
2024-03-12,-0.08416217593083943,0,val,USDSGD_RET
2024-03-13,0.1614984466455786,0,val,USDSGD_RET
2024-03-14,-0.03378250675506753,0,val,USDSGD_RET
2024-03-15,0.3320672768324972,0,val,USDSGD_RET
2024-03-18,0.1353535867247503,0,val,USDSGD_RET
2024-03-19,0.08068100186440859,0,val,USDSGD_RET
2024-03-20,0.24015242378149187,0,val,USDSGD_RET
2024-03-21,-0.2550904182241718,0,val,USDSGD_RET
2024-03-22,0.3064760696367944,0,val,USDSGD_RET
2024-03-25,0.4739018453356345,0,val,USDSGD_RET
2024-03-26,-0.26935805551676517,0,val,USDSGD_RET
2024-03-27,-0.04235689936584826,0,val,USDSGD_RET
2024-03-28,0.2546328339884436,0,val,USDSGD_RET
2024-03-29,0.08153086931158444,0,val,USDSGD_RET
2024-04-01,-0.15718394434524532,0,val,USDSGD_RET
2024-04-02,0.35997161325999505,0,val,USDSGD_RET
2024-04-03,-0.08876659682431667,0,val,USDSGD_RET
2024-04-04,-0.2563634470655114,0,val,USDSGD_RET
2024-04-05,0.04227489950385459,0,val,USDSGD_RET
2024-04-08,0.02520965037348036,0,val,USDSGD_RET
2024-04-09,-0.10904295710953296,0,val,USDSGD_RET
2024-04-10,-0.1931573159222594,0,val,USDSGD_RET
2024-04-11,0.683299969425494,0,val,USDSGD_RET
2024-04-12,-0.08423343649220971,0,val,USDSGD_RET
2024-04-15,0.5153686934105571,0,val,USDSGD_RET
2024-04-16,0.23358688300547148,0,val,USDSGD_RET
2024-04-17,0.11951567728587434,0,val,USDSGD_RET
2024-04-18,-0.3185415208617394,0,val,USDSGD_RET
2024-04-19,0.12709727068039553,0,val,USDSGD_RET
2024-04-22,-0.05140799535542311,0,val,USDSGD_RET
2024-04-23,0.04847585895205353,0,val,USDSGD_RET
2024-04-24,-0.11461321313742388,0,val,USDSGD_RET
2024-04-25,0.05878994590589852,0,val,USDSGD_RET
2024-04-26,-0.1543940957535082,0,val,USDSGD_RET
2024-04-29,0.17129495465509537,0,val,USDSGD_RET
2024-04-30,-0.10068546771825716,0,val,USDSGD_RET
2024-05-01,0.3779504999963529,0,val,USDSGD_RET
2024-05-02,-0.3845682957775334,0,val,USDSGD_RET
2024-05-03,-0.4598902903544128,0,val,USDSGD_RET
2024-05-06,-0.21148792105294312,0,val,USDSGD_RET
2024-05-07,0.05846373410301071,0,val,USDSGD_RET
2024-05-08,0.2025103954952417,0,val,USDSGD_RET
2024-05-09,0.07970220182758518,0,val,USDSGD_RET
2024-05-10,-0.27185907204845966,0,val,USDSGD_RET
2024-05-13,0.17738664316910774,0,val,USDSGD_RET
2024-05-14,-0.1256174620254586,0,val,USDSGD_RET
2024-05-15,-0.03549144447496467,0,val,USDSGD_RET
2024-05-16,-0.6276996134953873,0,val,USDSGD_RET
2024-05-17,0.16658701395184008,0,val,USDSGD_RET
2024-05-20,-0.0721025189538882,0,val,USDSGD_RET
2024-05-21,0.1864631354200849,0,val,USDSGD_RET
2024-05-22,-0.0089100823657751,0,val,USDSGD_RET
2024-05-23,0.19873525673428627,0,val,USDSGD_RET
2024-05-24,0.13917636169354983,0,val,USDSGD_RET
2024-05-27,-0.16140638851012443,0,val,USDSGD_RET
2024-05-28,-0.07634569594237707,0,val,USDSGD_RET
2024-05-29,-0.01260618012136873,0,val,USDSGD_RET
2024-05-30,0.2673680703843118,0,val,USDSGD_RET
2024-05-31,-0.17100563628584628,0,val,USDSGD_RET
2024-06-03,0.06740290956487383,0,val,USDSGD_RET
2024-06-04,-0.416232108435733,0,val,USDSGD_RET
2024-06-05,0.12259959230315552,0,val,USDSGD_RET
2024-06-06,0.0883244862759872,0,val,USDSGD_RET
2024-06-07,-0.2109240785791383,0,val,USDSGD_RET
2024-06-10,0.5190941884663187,0,val,USDSGD_RET
2024-06-11,0.051761523691955,0,val,USDSGD_RET
2024-06-12,0.01921863520912985,0,val,USDSGD_RET
2024-06-13,-0.36801570196515643,0,val,USDSGD_RET
2024-06-14,0.22822846894758111,0,val,USDSGD_RET
2024-06-17,0.17895326312761314,0,val,USDSGD_RET
2024-06-18,-0.1915361149584361,0,val,USDSGD_RET
2024-06-19,0.01850312707683628,0,val,USDSGD_RET
2024-06-20,-0.03997528116013497,0,val,USDSGD_RET
2024-06-21,0.2676705883862317,0,val,USDSGD_RET
2024-06-24,0.0716022185655877,0,val,USDSGD_RET
2024-06-25,-0.17503501800708215,0,val,USDSGD_RET
2024-06-26,0.13738798772087657,0,val,USDSGD_RET
2024-06-27,0.3066142309286748,0,val,USDSGD_RET
2024-06-28,-0.06256968540624838,0,val,USDSGD_RET
2024-07-01,-0.24330536950128856,0,val,USDSGD_RET
2024-07-02,0.22342054776596168,0,val,USDSGD_RET
2024-07-03,-0.12897417692156415,0,val,USDSGD_RET
2024-07-04,-0.20227418978168463,0,val,USDSGD_RET
2024-07-05,-0.12126132107416124,0,val,USDSGD_RET
2024-07-08,-0.21331527536644512,0,val,USDSGD_RET
2024-07-09,0.05781488785234947,0,val,USDSGD_RET
2024-07-10,0.0837073871901524,0,val,USDSGD_RET
2024-07-11,-0.14374081295981783,0,val,USDSGD_RET
2024-07-12,-0.4846068218003974,0,val,USDSGD_RET
2024-07-15,0.06182508316079328,0,val,USDSGD_RET
2024-07-16,0.03796578687498443,0,val,USDSGD_RET
2024-07-17,0.03646127329799908,0,val,USDSGD_RET
2024-07-18,-0.350311200697121,0,val,USDSGD_RET
2024-07-19,0.3220304743823587,0,val,USDSGD_RET
2024-07-22,0.0357221603916277,0,val,USDSGD_RET
2024-07-23,0.1323454710813002,0,val,USDSGD_RET
2024-07-24,-0.00594345770082601,0,val,USDSGD_RET
2024-07-25,-0.1561622010422869,0,val,USDSGD_RET
2024-07-26,-0.05955583557638665,0,val,USDSGD_RET
2024-07-29,0.00297375211063068,0,val,USDSGD_RET
2024-07-30,0.00595611515006926,0,val,USDSGD_RET
2024-07-31,-0.0841730223895332,0,val,USDSGD_RET
2024-08-01,-0.4623525900357541,0,val,USDSGD_RET
2024-08-02,0.0793283362042987,0,val,USDSGD_RET
2024-08-05,-0.8330813690208846,0,val,USDSGD_RET
2024-08-06,-0.03017398811986472,0,val,USDSGD_RET
2024-08-07,0.0165945717602832,0,val,USDSGD_RET
2024-08-08,0.08747846352508608,0,val,USDSGD_RET
2024-08-09,-0.03844837575567313,0,val,USDSGD_RET
2024-08-12,-0.13884453996841917,0,val,USDSGD_RET
2024-08-13,-0.03701276676579589,0,val,USDSGD_RET
2024-08-14,-0.508154207822936,0,val,USDSGD_RET
2024-08-15,-0.0280979127199674,0,val,USDSGD_RET
2024-08-16,0.41758569007854646,0,val,USDSGD_RET
2024-08-19,-0.4912806343064004,0,val,USDSGD_RET
2024-08-20,-0.6006918609912235,0,test,USDSGD_RET
2024-08-21,-0.2564697886915272,0,test,USDSGD_RET
2024-08-22,0.05977273657865336,0,test,USDSGD_RET
2024-08-23,0.3670513693709339,0,test,USDSGD_RET
2024-08-26,-0.6870317086926894,0,test,USDSGD_RET
2024-08-27,0.2003991169947688,0,test,USDSGD_RET
2024-08-28,-0.18271819114977855,0,test,USDSGD_RET
2024-08-29,0.1650695449242858,0,test,USDSGD_RET
2024-08-30,-0.06906082992776426,0,test,USDSGD_RET
2024-09-02,0.2637276507716378,0,test,USDSGD_RET
2024-09-03,0.02602795135567178,0,test,USDSGD_RET
2024-09-04,0.03827214497401877,0,test,USDSGD_RET
2024-09-05,-0.29886616524259124,0,test,USDSGD_RET
2024-09-06,-0.2481953760476632,0,test,USDSGD_RET
2024-09-09,0.2689153357137588,0,test,USDSGD_RET
2024-09-10,0.2023631833773918,0,test,USDSGD_RET
2024-09-11,-0.13563110497381356,0,test,USDSGD_RET
2024-09-12,0.03219797937289416,0,test,USDSGD_RET
2024-09-13,-0.29785414274787275,0,test,USDSGD_RET
2024-09-16,-0.25018220602065067,0,test,USDSGD_RET
2024-09-17,-0.13651819003502746,0,test,USDSGD_RET
2024-09-18,0.01620105205501769,0,test,USDSGD_RET
2024-09-19,0.01620762541967269,0,test,USDSGD_RET
2024-09-20,-0.28201184427085735,0,test,USDSGD_RET
2024-09-23,-0.17269594954196166,0,test,USDSGD_RET
2024-09-24,0.05501590759828226,0,test,USDSGD_RET
2024-09-25,-0.664530302743244,0,test,USDSGD_RET
2024-09-26,0.5769579932943855,0,test,USDSGD_RET
2024-09-27,-0.458493792234288,0,test,USDSGD_RET
2024-09-30,-0.2479960604001719,0,test,USDSGD_RET
2024-10-01,0.3406368079586629,0,test,USDSGD_RET
2024-10-02,0.25104020263853966,0,test,USDSGD_RET
2024-10-03,0.2898808389359653,0,test,USDSGD_RET
2024-10-04,0.31374139705644316,0,test,USDSGD_RET
2024-10-07,0.6598020977546817,0,test,USDSGD_RET
2024-10-08,-0.05826567786861981,0,test,USDSGD_RET
2024-10-09,0.02760616874626342,0,test,USDSGD_RET
2024-10-10,0.230506299569944,0,test,USDSGD_RET
2024-10-11,-0.10331475760734524,0,test,USDSGD_RET
2024-10-14,0.1147946806342474,0,test,USDSGD_RET
2024-10-15,0.03823259007459276,0,test,USDSGD_RET
2024-10-16,0.1276004778552534,0,test,USDSGD_RET
2024-10-17,0.28517061764789065,0,test,USDSGD_RET
2024-10-18,0.0624193719031429,0,test,USDSGD_RET
2024-10-21,-0.3193393372727482,0,test,USDSGD_RET
2024-10-22,0.5078760490635635,0,test,USDSGD_RET
2024-10-23,-0.03950128099987568,0,test,USDSGD_RET
2024-10-24,0.5213775159401582,0,test,USDSGD_RET
2024-10-25,-0.32402696139830656,0,test,USDSGD_RET
2024-10-28,0.34670371891376583,0,test,USDSGD_RET
2024-10-29,-0.06274529092410544,0,test,USDSGD_RET
2024-10-30,0.07936443992411123,0,test,USDSGD_RET
2024-10-31,-0.12020652309184024,0,test,USDSGD_RET
2024-11-01,-0.17110487734757013,0,test,USDSGD_RET
2024-11-04,0.17337732548308674,0,test,USDSGD_RET
2024-11-05,-0.17185975993281266,0,test,USDSGD_RET
2024-11-06,-0.4815719474664981,0,test,USDSGD_RET
2024-11-07,1.495586429823745,0,test,USDSGD_RET
2024-11-08,-0.9405394747975996,0,test,USDSGD_RET
2024-11-11,0.5286319595355635,0,test,USDSGD_RET
2024-11-12,0.3969018375791024,0,test,USDSGD_RET
2024-11-13,0.4446351856031708,0,test,USDSGD_RET
2024-11-14,0.30277967154093977,0,test,USDSGD_RET
2024-11-15,0.2045666075818707,0,test,USDSGD_RET
2024-11-18,-0.24627791903693644,0,test,USDSGD_RET
2024-11-19,-0.2961724777265284,0,test,USDSGD_RET
2024-11-20,-0.12335392474430056,0,test,USDSGD_RET
2024-11-21,0.4389015083086876,0,test,USDSGD_RET
2024-11-22,0.294497150405781,0,test,USDSGD_RET
2024-11-25,-0.26099471259922447,0,test,USDSGD_RET
2024-11-26,0.4457359792986568,0,test,USDSGD_RET
2024-11-27,-0.2389601126579839,0,test,USDSGD_RET
2024-11-28,-0.36697705706049905,0,test,USDSGD_RET
2024-11-29,0.02759048344936433,0,test,USDSGD_RET
2024-12-02,-0.01044331147067872,0,test,USDSGD_RET
2024-12-03,0.27549796622048955,0,test,USDSGD_RET
2024-12-04,-7.4457332360983e-4,0,test,USDSGD_RET
2024-12-05,-0.09075535785967208,0,test,USDSGD_RET
2024-12-06,-0.380286187265044,0,test,USDSGD_RET
2024-12-09,0.19628815222782944,0,test,USDSGD_RET
2024-12-10,-0.05966777470465374,0,test,USDSGD_RET
2024-12-11,0.06116101286896896,0,test,USDSGD_RET
2024-12-12,0.1296489047086381,0,test,USDSGD_RET
2024-12-13,0.2424580411729548,0,test,USDSGD_RET
2024-12-16,0.1454920256841607,0,test,USDSGD_RET
2024-12-17,0.07488450794023128,0,test,USDSGD_RET
2024-12-18,0.01705154420883499,0,test,USDSGD_RET
2024-12-19,0.973453510240614,0,test,USDSGD_RET
2024-12-20,-0.08075651973165504,0,test,USDSGD_RET
2024-12-23,-0.4512538570137753,0,test,USDSGD_RET
2024-12-24,0.12903218523503585,0,test,USDSGD_RET
2024-12-25,0.19727815979918265,0,test,USDSGD_RET
2024-12-26,-0.06032417123526618,0,test,USDSGD_RET
2024-12-27,-0.01471167294945873,0,test,USDSGD_RET
2024-12-30,-0.0647851782381517,0,test,USDSGD_RET
2024-12-31,0.10083677293363266,0,test,USDSGD_RET
2025-01-01,0,0,test,USDSGD_RET
2025-01-02,0.4543622439518533,0,test,USDSGD_RET
2025-01-03,0.2976191764987075,0,test,USDSGD_RET
2025-01-06,0.08175306298434679,0,test,USDSGD_RET
2025-01-07,-0.5083501044304972,0,test,USDSGD_RET
2025-01-08,0.06890382247515787,0,test,USDSGD_RET
2025-01-09,0.24883776714167477,0,test,USDSGD_RET
2025-01-10,-0.0102306123014856,0,test,USDSGD_RET
2025-01-13,0.2446029656926827,0,test,USDSGD_RET
2025-01-14,-0.2285255143445103,0,test,USDSGD_RET
2025-01-15,-0.07823304771884472,0,test,USDSGD_RET
2025-01-16,-0.05634826586409105,0,test,USDSGD_RET
2025-01-17,0.04391250926306158,0,test,USDSGD_RET
2025-01-20,0.03510566702204015,0,test,USDSGD_RET
2025-01-21,-0.9124655602863628,0,test,USDSGD_RET
2025-01-22,-0.0125557093778084,0,test,USDSGD_RET
2025-01-23,0.02583119539422673,0,test,USDSGD_RET
2025-01-24,0.06787185934397282,0,test,USDSGD_RET
2025-01-27,-0.5694456501666164,0,test,USDSGD_RET
2025-01-28,0.05264426160371802,0,test,USDSGD_RET
2025-01-29,0.15924006798014437,0,test,USDSGD_RET
2025-01-30,-0.192603555439529,0,test,USDSGD_RET
2025-01-31,0.2362564581399769,0,test,USDSGD_RET
2025-02-03,1.209563744047965,0,test,USDSGD_RET
2025-02-04,-0.6261180457059049,0,test,USDSGD_RET
2025-02-05,-0.5287146531539794,0,test,USDSGD_RET
2025-02-06,-0.2947001557030227,0,test,USDSGD_RET
2025-02-07,0.11931929527222893,0,test,USDSGD_RET
2025-02-10,0.5068028281057001,0,test,USDSGD_RET
2025-02-11,-0.08330426719840645,0,test,USDSGD_RET
2025-02-12,-0.23555001142441753,0,test,USDSGD_RET
2025-02-13,0.003692449940503,0,test,USDSGD_RET
2025-02-14,-0.6690207097067637,0,test,USDSGD_RET
2025-02-17,-0.3123033872604325,0,test,USDSGD_RET
2025-02-18,0.10147137915716654,0,test,USDSGD_RET
2025-02-19,0.07529868886123517,0,test,USDSGD_RET
2025-02-20,0.07002229588114067,0,test,USDSGD_RET
2025-02-21,-0.7287170522631448,0,test,USDSGD_RET
2025-02-24,0.18886096133056524,0,test,USDSGD_RET
2025-02-25,0.270661753928083,0,test,USDSGD_RET
2025-02-26,-0.27141148944550564,0,test,USDSGD_RET
2025-02-27,0.14738450077515483,0,test,USDSGD_RET
2025-02-28,0.7685864883575795,0,test,USDSGD_RET
2025-03-03,0.1112231196023161,0,test,USDSGD_RET
2025-03-04,-0.2307425923341226,0,test,USDSGD_RET
2025-03-05,-0.6191617711850701,0,test,USDSGD_RET
2025-03-06,-0.545588827890396,0,test,USDSGD_RET
2025-03-07,0.1584379108598807,0,test,USDSGD_RET
2025-03-10,-0.24114011586624745,0,test,USDSGD_RET
2025-03-11,0.3078863410243995,0,test,USDSGD_RET
2025-03-12,-0.20415204991676136,0,test,USDSGD_RET
2025-03-13,0.10288417182965588,0,test,USDSGD_RET
2025-03-14,0.2286549340016662,0,test,USDSGD_RET
2025-03-17,-0.14087576839002475,0,test,USDSGD_RET
2025-03-18,-0.2522851634438111,0,test,USDSGD_RET
2025-03-19,0.05561183032997141,0,test,USDSGD_RET
2025-03-20,-0.11051034520870338,0,test,USDSGD_RET
2025-03-21,0.3866327131694339,0,test,USDSGD_RET
2025-03-24,0.02398047170496622,0,test,USDSGD_RET
2025-03-25,0.29770020968173416,0,test,USDSGD_RET
2025-03-26,-0.2085986247733325,0,test,USDSGD_RET
2025-03-27,0.3839714681312726,0,test,USDSGD_RET
2025-03-28,-0.1402718814421546,0,test,USDSGD_RET
2025-03-31,0.2527935696376237,0,test,USDSGD_RET
2025-04-01,0.03722765999515863,0,test,USDSGD_RET
2025-04-02,0.0506088061959949,0,test,USDSGD_RET
2025-04-03,0.14648269162748626,0,test,USDSGD_RET
2025-04-04,-0.7929483202729046,0,test,USDSGD_RET
2025-04-07,0.848653968858998,0,test,USDSGD_RET
2025-04-08,0.4053761861913288,0,test,USDSGD_RET
2025-04-09,0.00886904355263889,0,test,USDSGD_RET
2025-04-10,-0.7400283827448563,0,test,USDSGD_RET
2025-04-11,-1.0161229177597668,0,test,USDSGD_RET
2025-04-14,-0.6364810404611009,0,test,USDSGD_RET
2025-04-15,-0.32926859733987374,0,test,USDSGD_RET
2025-04-16,0.18600761828796555,0,test,USDSGD_RET
2025-04-17,-0.6140000447683421,0,test,USDSGD_RET
2025-04-18,0,0,test,USDSGD_RET
2025-04-21,0,0,test,USDSGD_RET
2025-04-22,-0.4022419873131758,0,test,USDSGD_RET
2025-04-23,0.6758494647832884,0,test,USDSGD_RET
2025-04-24,0.16274606327536265,0,test,USDSGD_RET
2025-04-25,-0.284598131512342,0,test,USDSGD_RET
2025-04-28,0.2215056377566871,0,test,USDSGD_RET
2025-04-29,-0.4595368910062736,0,test,USDSGD_RET
2025-04-30,-0.06800638716896683,0,test,USDSGD_RET
2025-05-01,-0.2019962241339714,0,test,USDSGD_RET
2025-05-02,0.39138094444083354,0,test,USDSGD_RET
2025-05-05,-1.1015983368820574,0,test,USDSGD_RET
2025-05-06,-0.4762868634888226,0,test,USDSGD_RET
2025-05-07,-0.1202109841269014,0,test,USDSGD_RET
2025-05-08,0.4413337238539926,0,test,USDSGD_RET
2025-05-09,0.47170195658417147,0,test,USDSGD_RET
2025-05-12,-0.2170745878781742,0,test,USDSGD_RET
2025-05-13,0.5770484054262311,0,test,USDSGD_RET
2025-05-14,-0.3299951840879957,0,test,USDSGD_RET
2025-05-15,-0.01537770552817746,0,test,USDSGD_RET
2025-05-16,-0.3141654746062643,0,test,USDSGD_RET
2025-05-19,0.12332376997924747,0,test,USDSGD_RET
2025-05-20,-0.24525335222320513,0,test,USDSGD_RET
2025-05-21,-0.03243470748331446,0,test,USDSGD_RET
2025-05-22,-0.39626995778135377,0,test,USDSGD_RET
2025-05-23,0.19678123626884164,0,test,USDSGD_RET
2025-05-26,-0.5689306648583976,0,test,USDSGD_RET
2025-05-27,-0.09423634243833424,0,test,USDSGD_RET
2025-05-28,0.36862243466355193,0,test,USDSGD_RET
2025-05-29,0.4213922167994186,0,test,USDSGD_RET
2025-05-30,-0.5759829205541831,0,test,USDSGD_RET
2025-06-02,0.26786529833784845,0,test,USDSGD_RET
2025-06-03,-0.3775469996778288,0,test,USDSGD_RET
2025-06-04,0.3248007519559463,0,test,USDSGD_RET
2025-06-05,-0.2734408664029291,0,test,USDSGD_RET
2025-06-06,0.05598625956626595,0,test,USDSGD_RET
2025-06-09,0.16158999367267254,0,test,USDSGD_RET
2025-06-10,-0.20824766925466895,0,test,USDSGD_RET
2025-06-11,0.0311137155030392,0,test,USDSGD_RET
2025-06-12,-0.17978839770212857,0,test,USDSGD_RET
2025-06-13,-0.43328003543832366,0,test,USDSGD_RET
2025-06-16,0.2531678167768095,0,test,USDSGD_RET
2025-06-17,-0.01638401454166454,0,test,USDSGD_RET
2025-06-18,0.39649964887870986,0,test,USDSGD_RET
2025-06-19,-0.0793356467301161,0,test,USDSGD_RET
2025-06-20,-0.02801475932308263,0,test,USDSGD_RET
2025-06-23,0.4000144961944151,0,test,USDSGD_RET
2025-06-24,-0.5604619709861474,0,test,USDSGD_RET
2025-06-25,-0.2130367706320919,0,test,USDSGD_RET
2025-06-26,-0.26439372353089596,0,test,USDSGD_RET
2025-06-27,-0.11284623062482442,0,test,USDSGD_RET
2025-06-30,0.04390548820900815,0,test,USDSGD_RET
2025-07-01,-0.4021115167751698,0,test,USDSGD_RET
2025-07-02,0.1431197925769544,0,test,USDSGD_RET
2025-07-03,0.01806875545708564,0,test,USDSGD_RET
2025-07-04,0.08482048992522453,0,test,USDSGD_RET
2025-07-07,0.02433749691829237,0,test,USDSGD_RET
2025-07-08,0.36975064327874174,0,test,USDSGD_RET
2025-07-09,0.08363308708833916,0,test,USDSGD_RET
2025-07-10,-0.02422739108884717,0,test,USDSGD_RET
2025-07-11,-0.02188514592892703,0,test,USDSGD_RET
2025-07-14,0.07970074966823903,0,test,USDSGD_RET
2025-07-15,0.1506217033910138,0,test,USDSGD_RET
2025-07-16,0.17764460397695836,0,test,USDSGD_RET
2025-07-17,-0.10280889774873764,0,test,USDSGD_RET
2025-07-18,0.15806457074668412,0,test,USDSGD_RET
2025-07-21,-0.04436169193023723,0,test,USDSGD_RET
2025-07-22,-0.32823048929573034,0,test,USDSGD_RET
2025-07-23,-0.15161558624937624,0,test,USDSGD_RET
2025-07-24,-0.17299785522155797,0,test,USDSGD_RET
2025-07-25,0.05639551932087129,0,test,USDSGD_RET
2025-07-28,0.2658812426636551,0,test,USDSGD_RET
2025-07-29,0.45736594730850955,0,test,USDSGD_RET
2025-07-30,0.09557232642622908,0,test,USDSGD_RET
2025-07-31,0.6286458844529484,0,test,USDSGD_RET
2025-08-01,0.15269926678138085,0,test,USDSGD_RET
2025-08-04,-0.720009512366945,0,test,USDSGD_RET
2025-08-05,-0.12426527519421668,0,test,USDSGD_RET
2025-08-06,0.03729024281868916,0,test,USDSGD_RET
2025-08-07,-0.16481750842564163,0,test,USDSGD_RET
2025-08-08,-0.20563546269745728,0,test,USDSGD_RET
2025-08-11,0.1978526760932399,0,test,USDSGD_RET
2025-08-12,0.11743803995243612,0,test,USDSGD_RET
2025-08-13,-0.2864524942263698,0,test,USDSGD_RET
2025-08-14,-0.25209285431568146,0,test,USDSGD_RET
2025-08-15,0.3642811060617268,0,test,USDSGD_RET
2025-08-18,-0.12309802864543344,0,test,USDSGD_RET
2025-08-19,0.13088523899635585,0,test,USDSGD_RET
2025-08-20,0.06693200342691998,0,test,USDSGD_RET
2025-08-21,-0.00622369624778453,0,test,USDSGD_RET
2025-08-22,0.25954507778276276,0,test,USDSGD_RET
2025-08-25,-0.4838843942442115,0,test,USDSGD_RET
2025-08-26,0.2857894610903116,0,test,USDSGD_RET
2025-08-27,-0.04588699316874662,0,test,USDSGD_RET
2025-08-28,-0.02334563557825139,0,test,USDSGD_RET
2025-08-29,-0.21655683234330916,0,test,USDSGD_RET
2025-09-01,0.09898528586891084,0,test,USDSGD_RET
2025-09-02,0.00312044325919258,0,test,USDSGD_RET
2025-09-03,0.4190182727268996,0,test,USDSGD_RET
2025-09-04,-0.08459074633168982,0,test,USDSGD_RET
2025-09-05,0.07684057486221443,0,test,USDSGD_RET
2025-09-08,-0.2586895389980083,0,test,USDSGD_RET
2025-09-09,-0.2328494883630959,0,test,USDSGD_RET
2025-09-10,0.04053372243713658,0,test,USDSGD_RET
2025-09-11,-0.08420809711340464,0,test,USDSGD_RET
2025-09-12,-0.03354497762380403,0,test,USDSGD_RET
2025-09-15,0.08267498474236949,0,test,USDSGD_RET
2025-09-16,-0.1818225786151287,0,test,USDSGD_RET
2025-09-17,-0.3787328558758854,0,test,USDSGD_RET
2025-09-18,0.12535517262322024,0,test,USDSGD_RET
2025-09-19,0.3642259123865538,0,test,USDSGD_RET
2025-09-22,0.2859141540427176,0,test,USDSGD_RET
2025-09-23,-0.27967375498995795,0,test,USDSGD_RET
2025-09-24,0.11617141304955687,0,test,USDSGD_RET
2025-09-25,0.38730875840699946,0,test,USDSGD_RET
2025-09-26,0.468507513814337,0,test,USDSGD_RET
2025-09-29,-0.23668885806313592,0,test,USDSGD_RET
2025-09-30,-0.124761492765535,0,test,USDSGD_RET
2025-10-01,0.0403109362965147,0,test,USDSGD_RET
2025-10-02,-0.19783827216268657,0,test,USDSGD_RET
2025-10-03,0.06987215069402396,0,test,USDSGD_RET
2025-10-06,0.24570997255390545,0,test,USDSGD_RET
2025-10-07,-0.047234173311162773,0,test,USDSGD_RET
2025-10-08,0.18802886335931512,0,test,USDSGD_RET
2025-10-09,0.1521730906078448,0,test,USDSGD_RET
2025-10-10,0.2813493475824524,0,test,USDSGD_RET
2025-10-13,-0.15946490769331453,0,test,USDSGD_RET
2025-10-14,0.16716311061633224,0,test,USDSGD_RET
2025-10-15,-0.06852474914625456,0,test,USDSGD_RET
2025-10-16,-0.2251513414628337,0,test,USDSGD_RET
2025-10-17,-0.2047717962165523,0,test,USDSGD_RET
2025-10-20,0.2032258344985877,0,test,USDSGD_RET
2025-10-21,-0.13904100062816274,0,test,USDSGD_RET
2025-10-22,0.3665095373134039,0,test,USDSGD_RET
2025-10-23,-0.043914693430546,0,test,USDSGD_RET
2025-10-24,0.06008168369410394,0,test,USDSGD_RET
2025-10-27,-0.04235553193459178,0,test,USDSGD_RET
2025-10-28,-0.14956766583508002,0,test,USDSGD_RET
2025-10-29,-0.22013515503735495,0,test,USDSGD_RET
2025-10-30,0.3065080431280004,0,test,USDSGD_RET
2025-10-31,0.1517509079147481,0,test,USDSGD_RET
2025-11-03,0.20068888446992897,0,test,USDSGD_RET
2025-11-04,0.24014275222957637,0,test,USDSGD_RET
2025-11-05,0.2044018737494403,0,test,USDSGD_RET
2025-11-06,-0.1155464234573643,0,test,USDSGD_RET
2025-11-07,-0.15094862265520115,0,test,USDSGD_RET
2025-11-10,-0.11584578679829612,0,test,USDSGD_RET
2025-11-11,-0.006149997901582,0,test,USDSGD_RET
2025-11-12,-0.1198356839783783,0,test,USDSGD_RET
2025-11-13,0.05993579272705025,0,test,USDSGD_RET
2025-11-14,-0.04456139683814153,0,test,USDSGD_RET
2025-11-17,-0.17076274044079792,0,test,USDSGD_RET
2025-11-18,0.3036280009215453,0,test,USDSGD_RET
2025-11-19,-0.1467002778295864,0,test,USDSGD_RET
2025-11-20,0.3820492825405585,0,test,USDSGD_RET
2025-11-21,0.10408667219545098,0,test,USDSGD_RET
2025-11-24,-0.01453588313885648,0,test,USDSGD_RET
2025-11-25,-0.17994014610693104,0,test,USDSGD_RET
2025-11-26,-0.22327312578191452,0,test,USDSGD_RET
2025-11-27,-0.4272166302229662,0,test,USDSGD_RET
2025-11-28,0.02931202636046783,0,test,USDSGD_RET
2025-12-01,-0.08332455504777393,0,test,USDSGD_RET
2025-12-02,0.06480785654610086,0,test,USDSGD_RET
2025-12-03,-0.03779794551092316,0,test,USDSGD_RET
2025-12-04,-0.17375994222837635,0,test,USDSGD_RET
2025-12-05,0.2084775680349668,0,test,USDSGD_RET
2025-12-08,-0.03626295528743563,0,test,USDSGD_RET
2025-12-09,0.1210704094553125,0,test,USDSGD_RET
2025-12-10,-0.04625053065402345,0,test,USDSGD_RET
2025-12-11,-0.3707855753655935,0,test,USDSGD_RET
2025-12-12,-0.03019113075429776,0,test,USDSGD_RET
2025-12-15,-0.00154117325093226,0,test,USDSGD_RET
2025-12-16,-0.17821635081150847,0,test,USDSGD_RET
2025-12-17,-0.03103142048665716,0,test,USDSGD_RET
2025-12-18,0.1651066096966052,0,test,USDSGD_RET
2025-12-19,-0.1131371956837659,0,test,USDSGD_RET
2025-12-22,0.24858187483758745,0,test,USDSGD_RET
2025-12-23,-0.3898064151372541,0,test,USDSGD_RET
2025-12-24,-0.26823508420068853,0,test,USDSGD_RET
2025-12-25,0,0,test,USDSGD_RET
2025-12-26,-0.02492287034328089,0,test,USDSGD_RET
2025-12-29,0.0171357207048026,0,test,USDSGD_RET
2025-12-30,0.04436657142152296,0,test,USDSGD_RET
2025-12-31,-0.07785172702793328,0,test,USDSGD_RET
2026-01-01,0,0,test,USDSGD_RET
2026-01-02,0.06229179707282351,0,test,USDSGD_RET
2026-01-05,0.244892248538454,0,test,USDSGD_RET
2026-01-06,-0.3882186474716289,0,test,USDSGD_RET
2026-01-07,-0.18023166008061375,0,test,USDSGD_RET
2026-01-08,0.15605904350393351,0,test,USDSGD_RET
2026-01-09,0.19862573094870437,0,test,USDSGD_RET
2026-01-12,0.16638901934421738,0,test,USDSGD_RET
2026-01-13,-0.12826156030003244,0,test,USDSGD_RET
2026-01-14,0.254804978875422,0,test,USDSGD_RET
2026-01-15,-0.104023582134233,0,test,USDSGD_RET
2026-01-16,0.02795754248822811,0,test,USDSGD_RET
2026-01-19,-0.08855595714210843,0,test,USDSGD_RET
2026-01-20,-0.11896967778768604,0,test,USDSGD_RET
2026-01-21,-0.11132963860854804,0,test,USDSGD_RET
2026-01-22,0.11677414978901576,0,test,USDSGD_RET
2026-01-23,-0.4046185522290453,0,test,USDSGD_RET
2026-01-26,-0.7039826498136965,0,test,USDSGD_RET
2026-01-27,-0.08027284189054072,0,test,USDSGD_RET
2026-01-28,-0.7428523306126187,0,test,USDSGD_RET
2026-01-29,0.04916753489551674,0,test,USDSGD_RET
2026-01-30,0.20196553794746275,0,test,USDSGD_RET
2026-02-02,0.6561362013905503,0,test,USDSGD_RET
2026-02-03,-0.04559739008878533,0,test,USDSGD_RET
2026-02-04,-0.12748303993190777,0,test,USDSGD_RET
2026-02-05,0.2194437902133718,0,test,USDSGD_RET
2026-02-06,0.2197576590437764,0,test,USDSGD_RET
2026-02-09,-0.3494773478803636,0,test,USDSGD_RET
2026-02-10,-0.4130807836405632,0,test,USDSGD_RET
2026-02-11,-0.04108554044589122,0,test,USDSGD_RET
2026-02-12,-0.27143571429735674,0,test,USDSGD_RET
2026-02-13,0.03248127243316465,0,test,USDSGD_RET
2026-02-16,0.01505171409190647,0,test,USDSGD_RET
2026-02-17,-0.00949912421808588,0,test,USDSGD_RET
2026-02-18,0.02059288344231229,0,test,USDSGD_RET
2026-02-19,0.3573247860109034,0,test,USDSGD_RET
2026-02-20,0.09701743172471018,0,test,USDSGD_RET
2026-02-23,-0.3387854076068555,0,test,USDSGD_RET
2026-02-24,0.16203756433320993,0,test,USDSGD_RET
2026-02-25,0.00868007094853084,0,test,USDSGD_RET
2026-02-26,-0.28073274750742605,0,test,USDSGD_RET
2026-02-27,0.03563135134083881,0,test,USDSGD_RET
2026-03-02,0.5014260787498052,0,test,USDSGD_RET
2026-03-03,0.22266779553215327,0,test,USDSGD_RET
2026-03-04,0.363222163946987,0,test,USDSGD_RET
2026-03-05,-0.17870139906525018,0,test,USDSGD_RET
2026-03-06,0.3891341673985841,0,test,USDSGD_RET
2026-03-09,0.35647936638899397,0,test,USDSGD_RET
2026-03-10,-0.7181606266646094,0,test,USDSGD_RET
2026-03-11,-0.16325736810376945,0,test,USDSGD_RET
2026-03-12,0.2408720291986086,0,test,USDSGD_RET
2026-03-13,0.1886872343953472,0,test,USDSGD_RET
2026-03-16,0.30379922934462716,0,test,USDSGD_RET
2026-03-17,-0.32336352015626874,0,test,USDSGD_RET
2026-03-18,-0.15893144094338366,0,test,USDSGD_RET
2026-03-19,0.5563474694660455,0,test,USDSGD_RET
2026-03-20,-0.4545361862843736,0,test,USDSGD_RET
2026-03-23,0.3492906870972826,0,test,USDSGD_RET
2026-03-24,-0.5302792299380412,0,test,USDSGD_RET
2026-03-25,0.1739430491519179,0,test,USDSGD_RET
2026-03-26,0.28375972372017466,0,test,USDSGD_RET
2026-03-27,0.3724441295113718,0,test,USDSGD_RET
2026-03-30,0.3105986686408356,0,test,USDSGD_RET
2026-03-31,0.1688808666792688,0,test,USDSGD_RET
2026-04-01,-0.5946461767212979,0,test,USDSGD_RET
2026-04-02,-0.13556834284139938,0,test,USDSGD_RET
2026-04-03,0.3043815525289028,0,test,USDSGD_RET
2023-01-04,0.06202479479417094,0,val,CNYSGD_RET
2023-01-05,0.09079237936281348,0,val,CNYSGD_RET
2023-01-06,0.3952078695981303,0,val,CNYSGD_RET
2023-01-09,-0.23270165160548575,0,val,CNYSGD_RET
2023-01-10,0.7213932645216142,0,val,CNYSGD_RET
2023-01-11,-5.6296506632152e-4,0,val,CNYSGD_RET
2023-01-12,0.00980553394904288,0,val,CNYSGD_RET
2023-01-13,-0.11556121326654556,0,val,CNYSGD_RET
2023-01-16,0.3412193739845088,0,val,CNYSGD_RET
2023-01-17,-0.45022425305863795,0,val,CNYSGD_RET
2023-01-18,-0.597714475683495,0,val,CNYSGD_RET
2023-01-19,0.390937104552235,0,val,CNYSGD_RET
2023-01-20,-0.35026138522665357,0,val,CNYSGD_RET
2023-01-23,-0.2851658755555147,0,val,CNYSGD_RET
2023-01-24,-0.03320333075806424,0,val,CNYSGD_RET
2023-01-25,0.10406874979000412,0,val,CNYSGD_RET
2023-01-26,-0.5983983909820033,0,val,CNYSGD_RET
2023-01-27,-0.04595076247877105,0,val,CNYSGD_RET
2023-01-30,0.07618933137880086,0,val,CNYSGD_RET
2023-01-31,0.6728998777837149,0,val,CNYSGD_RET
2023-02-01,-0.10875465276517592,0,val,CNYSGD_RET
2023-02-02,-0.47693472559829336,0,val,CNYSGD_RET
2023-02-03,0.5478823910423868,0,val,CNYSGD_RET
2023-02-06,0.4506670716816835,0,val,CNYSGD_RET
2023-02-07,-0.11086327057371669,0,val,CNYSGD_RET
2023-02-08,-0.26062541630545216,0,val,CNYSGD_RET
2023-02-09,0.24501713923721927,0,val,CNYSGD_RET
2023-02-10,0.08832800547663514,0,val,CNYSGD_RET
2023-02-13,-0.10156071505445352,0,val,CNYSGD_RET
2023-02-14,-0.31770354365105835,0,val,CNYSGD_RET
2023-02-15,-0.02700162612832115,0,val,CNYSGD_RET
2023-02-16,0.14611117394308284,0,val,CNYSGD_RET
2023-02-17,0.00147983996385825,0,val,CNYSGD_RET
2023-02-20,0.03211603151043048,0,val,CNYSGD_RET
2023-02-21,-0.03050987502674581,0,val,CNYSGD_RET
2023-02-22,0.05251794829229334,0,val,CNYSGD_RET
2023-02-23,-0.27542578370120063,0,val,CNYSGD_RET
2023-02-24,-0.03151564904595531,0,val,CNYSGD_RET
2023-02-27,-0.19038984510356027,0,val,CNYSGD_RET
2023-02-28,-0.06949162611338579,0,val,CNYSGD_RET
2023-03-01,0.3030073214765586,0,val,CNYSGD_RET
2023-03-02,0.4553346746540563,0,val,CNYSGD_RET
2023-03-03,-0.2623033162420539,0,val,CNYSGD_RET
2023-03-06,-0.05914460208690887,0,val,CNYSGD_RET
2023-03-07,-0.32891535614119305,0,val,CNYSGD_RET
2023-03-08,0.22973859097548027,0,val,CNYSGD_RET
2023-03-09,0.06650286912969704,0,val,CNYSGD_RET
2023-03-10,-0.189694975990602,0,val,CNYSGD_RET
2023-03-13,0.4096923205572883,0,val,CNYSGD_RET
2023-03-14,0.8384090616765418,0,val,CNYSGD_RET
2023-03-15,-0.50547285604501,0,val,CNYSGD_RET
2023-03-16,-0.07402916887318955,0,val,CNYSGD_RET
2023-03-17,-0.2520380226016055,0,val,CNYSGD_RET
2023-03-20,-0.24777925587874697,0,val,CNYSGD_RET
2023-03-21,-0.11845057735527505,0,val,CNYSGD_RET
2023-03-22,-0.10845246829151343,0,val,CNYSGD_RET
2023-03-23,-0.4825817497268888,0,val,CNYSGD_RET
2023-03-24,0.7289341628907025,0,val,CNYSGD_RET
2023-03-27,-0.3996232138929964,0,val,CNYSGD_RET
2023-03-28,-0.32818985141696344,0,val,CNYSGD_RET
2023-03-29,-0.0816739027564208,0,val,CNYSGD_RET
2023-03-30,-0.04102643666647592,0,val,CNYSGD_RET
2023-03-31,0.1231494388737149,0,val,CNYSGD_RET
2023-04-03,0.4842525541770041,0,val,CNYSGD_RET
2023-04-04,-0.7225327147866151,0,val,CNYSGD_RET
2023-04-05,-0.09950954530382013,0,val,CNYSGD_RET
2023-04-06,0.24029261786410297,0,val,CNYSGD_RET
2023-04-07,0.2208643370105757,0,val,CNYSGD_RET
2023-04-10,0.09275979046892845,0,val,CNYSGD_RET
2023-04-11,-0.05821466318793816,0,val,CNYSGD_RET
2023-04-12,-0.04515534319366486,0,val,CNYSGD_RET
2023-04-13,-0.20220921476507525,0,val,CNYSGD_RET
2023-04-14,-0.3883611494560716,0,val,CNYSGD_RET
2023-04-17,0.7643188537598653,0,val,CNYSGD_RET
2023-04-18,0.0451163230560757,0,val,CNYSGD_RET
2023-04-19,-0.0820679537505152,0,val,CNYSGD_RET
2023-04-20,0.05347972456353175,0,val,CNYSGD_RET
2023-04-21,-0.04427547620584166,0,val,CNYSGD_RET
2023-04-24,-0.15084009543549873,0,val,CNYSGD_RET
2023-04-25,-0.1353430341312338,0,val,CNYSGD_RET
2023-04-26,-0.11665686019052972,0,val,CNYSGD_RET
2023-04-27,-0.16924986621604193,0,val,CNYSGD_RET
2023-04-28,0.08800711989025616,0,val,CNYSGD_RET
2023-05-01,0.13570472832383293,0,val,CNYSGD_RET
2023-05-02,0.16167155548361337,0,val,CNYSGD_RET
2023-05-03,-0.1986558170632622,0,val,CNYSGD_RET
2023-05-04,-0.3063177403892111,0,val,CNYSGD_RET
2023-05-05,-0.14961941398706222,0,val,CNYSGD_RET
2023-05-08,-0.13040052660284707,0,val,CNYSGD_RET
2023-05-09,-0.08475675877264764,0,val,CNYSGD_RET
2023-05-10,0.02073081714297463,0,val,CNYSGD_RET
2023-05-11,-0.4073539749421866,0,val,CNYSGD_RET
2023-05-12,0.2964064273234246,0,val,CNYSGD_RET
2023-05-15,0.43204627405065016,0,val,CNYSGD_RET
2023-05-16,-0.09749089500443944,0,val,CNYSGD_RET
2023-05-17,-0.09067652683388358,0,val,CNYSGD_RET
2023-05-18,-0.11443034497451772,0,val,CNYSGD_RET
2023-05-19,-0.11264684211128471,0,val,CNYSGD_RET
2023-05-22,0.14166862806463948,0,val,CNYSGD_RET
2023-05-23,-0.24306046866317055,0,val,CNYSGD_RET
2023-05-24,-0.2951803104086554,0,val,CNYSGD_RET
2023-05-25,0.12098313759257737,0,val,CNYSGD_RET
2023-05-26,0.18226140003398753,0,val,CNYSGD_RET
2023-05-29,0.18319520658603983,0,val,CNYSGD_RET
2023-05-30,-0.17017264443237876,0,val,CNYSGD_RET
2023-05-31,-0.3327840531928271,0,val,CNYSGD_RET
2023-06-01,-0.410460239504118,0,val,CNYSGD_RET
2023-06-02,-0.08293547453634896,0,val,CNYSGD_RET
2023-06-05,0.41895151067618214,0,val,CNYSGD_RET
2023-06-06,-0.4047596856516346,0,val,CNYSGD_RET
2023-06-07,-0.31491834270935526,0,val,CNYSGD_RET
2023-06-08,-0.08029087488173878,0,val,CNYSGD_RET
2023-06-09,-0.20248013956746896,0,val,CNYSGD_RET
2023-06-12,-0.15961028497581628,0,val,CNYSGD_RET
2023-06-13,-0.23971241793068715,0,val,CNYSGD_RET
2023-06-14,-0.3939427919844406,0,val,CNYSGD_RET
2023-06-15,-0.05589503974417675,0,val,CNYSGD_RET
2023-06-16,0.2856656320864373,0,val,CNYSGD_RET
2023-06-19,-0.0269092357675325,0,val,CNYSGD_RET
2023-06-20,-0.22281547358081527,0,val,CNYSGD_RET
2023-06-21,-0.10639278428347738,0,val,CNYSGD_RET
2023-06-22,-0.2192842366768425,0,val,CNYSGD_RET
2023-06-23,0.36962743064783926,0,val,CNYSGD_RET
2023-06-26,0.516988389767907,0,val,CNYSGD_RET
2023-06-27,-0.676072869033587,0,val,CNYSGD_RET
2023-06-28,-0.03340540852606358,0,val,CNYSGD_RET
2023-06-29,-0.1210309684320205,0,val,CNYSGD_RET
2023-06-30,0.1462030107226885,0,val,CNYSGD_RET
2023-07-03,-0.1420129943106619,0,val,CNYSGD_RET
2023-07-04,-0.0965209836342934,0,val,CNYSGD_RET
2023-07-05,0.24910432299466212,0,val,CNYSGD_RET
2023-07-06,-0.15457203240928183,0,val,CNYSGD_RET
2023-07-07,-0.05562684061841887,0,val,CNYSGD_RET
2023-07-10,-0.00864443252768383,0,val,CNYSGD_RET
2023-07-11,-0.37433821549923824,0,val,CNYSGD_RET
2023-07-12,-0.004564537327051,0,val,CNYSGD_RET
2023-07-13,-0.20274619417124043,0,val,CNYSGD_RET
2023-07-14,-0.3111440341296142,0,val,CNYSGD_RET
2023-07-17,0.05406100287879392,0,val,CNYSGD_RET
2023-07-18,-0.3871338667530555,0,val,CNYSGD_RET
2023-07-19,-0.05470481828537381,0,val,CNYSGD_RET
2023-07-20,-0.4959149999161393,0,val,CNYSGD_RET
2023-07-21,0.8006771447269547,0,val,CNYSGD_RET
2023-07-24,0.3424990431702768,0,val,CNYSGD_RET
2023-07-25,-0.04746051226040549,0,val,CNYSGD_RET
2023-07-26,0.3945975426152259,0,val,CNYSGD_RET
2023-07-27,-0.3574075810428493,0,val,CNYSGD_RET
2023-07-28,0.05762851942719392,0,val,CNYSGD_RET
2023-07-31,1.0171900619919385,0,val,CNYSGD_RET
2023-08-01,-0.01572895476819577,0,val,CNYSGD_RET
2023-08-02,-0.7644698433059385,0,val,CNYSGD_RET
2023-08-03,0.313951588597047,0,val,CNYSGD_RET
2023-08-04,0.3152382820262249,0,val,CNYSGD_RET
2023-08-07,0.3615421404907792,0,val,CNYSGD_RET
2023-08-08,-0.7800080086249589,0,val,CNYSGD_RET
2023-08-09,0.2235053483871244,0,val,CNYSGD_RET
2023-08-10,-0.02330731837626917,0,val,CNYSGD_RET
2023-08-11,0.16322398076752703,0,val,CNYSGD_RET
2023-08-14,0.5847733074697422,0,val,CNYSGD_RET
2023-08-15,-0.7187939283590945,0,val,CNYSGD_RET
2023-08-16,-0.14644713615853722,0,val,CNYSGD_RET
2023-08-17,-0.05005228368524331,0,val,CNYSGD_RET
2023-08-18,0.04601588603246107,0,val,CNYSGD_RET
2023-08-21,-0.08885314907181964,0,val,CNYSGD_RET
2023-08-22,1.182178355323939,0,val,CNYSGD_RET
2023-08-23,-1.280853591382262,0,val,CNYSGD_RET
2023-08-24,1.259068258478225,0,val,CNYSGD_RET
2023-08-25,-1.09827038261038,0,val,CNYSGD_RET
2023-08-28,-0.27191754460860007,0,val,CNYSGD_RET
2023-08-29,-0.02351294121572044,0,val,CNYSGD_RET
2023-08-30,-0.28389574753342306,0,val,CNYSGD_RET
2023-08-31,-0.04507543595132271,0,val,CNYSGD_RET
2023-09-01,0.4139107062082014,0,val,CNYSGD_RET
2023-09-04,1.890325500888777,0,val,CNYSGD_RET
2023-09-05,-1.7493455088847654,0,val,CNYSGD_RET
2023-09-06,-0.00363375925932333,0,val,CNYSGD_RET
2023-09-07,0.06680370070917117,0,val,CNYSGD_RET
2023-09-08,-0.05921151784214363,0,val,CNYSGD_RET
2023-09-11,1.1660576639275435,0,val,CNYSGD_RET
2023-09-12,-0.9831470581976536,0,val,CNYSGD_RET
2023-09-13,-0.03023519233377087,0,val,CNYSGD_RET
2023-09-14,0.3315104798181844,0,val,CNYSGD_RET
2023-09-15,0.14160424496744947,0,val,CNYSGD_RET
2023-09-18,-0.0869171409347693,0,val,CNYSGD_RET
2023-09-19,-0.18017196539723185,0,val,CNYSGD_RET
2023-09-20,-0.00110944606875638,0,val,CNYSGD_RET
2023-09-21,0.2708452706456822,0,val,CNYSGD_RET
2023-09-22,-0.2575528388538261,0,val,CNYSGD_RET
2023-09-25,0.06909125376414146,0,val,CNYSGD_RET
2023-09-26,-0.1412271960685055,0,val,CNYSGD_RET
2023-09-27,0.18575310262870945,0,val,CNYSGD_RET
2023-09-28,0.3295391258945601,0,val,CNYSGD_RET
2023-09-29,-0.39084459057346593,0,val,CNYSGD_RET
2023-10-02,1.9506657316650384,0,val,CNYSGD_RET
2023-10-03,0.23909290438010652,0,val,CNYSGD_RET
2023-10-04,-0.19307659883274056,0,val,CNYSGD_RET
2023-10-05,-0.20357281097391533,0,val,CNYSGD_RET
2023-10-06,-0.2858812422325654,0,val,CNYSGD_RET
2023-10-09,-1.5183684994742774,0,val,CNYSGD_RET
2023-10-10,-0.0014878354962877,0,val,CNYSGD_RET
2023-10-11,-0.16135328018117312,0,val,CNYSGD_RET
2023-10-12,-0.06318753887259648,0,val,CNYSGD_RET
2023-10-13,0.4645706333311321,0,val,CNYSGD_RET
2023-10-16,1.813245455903244,0,val,CNYSGD_RET
2023-10-17,-1.9952558589743572,0,val,CNYSGD_RET
2023-10-18,-0.05621269607716166,0,val,CNYSGD_RET
2023-10-19,0.3256188483402291,0,val,CNYSGD_RET
2023-10-20,0.0110521922587681,0,val,CNYSGD_RET
2023-10-23,-0.0625274717797833,0,val,CNYSGD_RET
2023-10-24,-0.4071555554154716,0,val,CNYSGD_RET
2023-10-25,0.15897301044112458,0,val,CNYSGD_RET
2023-10-26,0.22732740503627857,0,val,CNYSGD_RET
2023-10-27,-0.2539312906023474,0,val,CNYSGD_RET
2023-10-30,2.2585376640258663,0,val,CNYSGD_RET
2023-10-31,-2.5063406569187405,0,val,CNYSGD_RET
2023-11-01,0.2622455416009393,0,val,CNYSGD_RET
2023-11-02,-0.2014197081873296,0,val,CNYSGD_RET
2023-11-03,-0.0779093019162851,0,val,CNYSGD_RET
2023-11-06,-0.6222589317760063,0,val,CNYSGD_RET
2023-11-07,0.19159611404529112,0,val,CNYSGD_RET
2023-11-08,0.15403752927236872,0,val,CNYSGD_RET
2023-11-09,0.09051262416984528,0,val,CNYSGD_RET
2023-11-10,0.30556451092607395,0,val,CNYSGD_RET
2023-11-13,1.3433562887662092,0,val,CNYSGD_RET
2023-11-14,-1.5699061123054854,0,val,CNYSGD_RET
2023-11-15,-0.1955697820204353,0,val,CNYSGD_RET
2023-11-16,0.1417424075705339,0,val,CNYSGD_RET
2023-11-17,-0.15175455848354125,0,val,CNYSGD_RET
2023-11-20,0.17080945525938218,0,val,CNYSGD_RET
2023-11-21,0.14244116579644767,0,val,CNYSGD_RET
2023-11-22,1.1428565074045025,0,val,CNYSGD_RET
2023-11-23,-0.6212564396577066,0,val,CNYSGD_RET
2023-11-24,0.8510901460114837,0,val,CNYSGD_RET
2023-11-27,0.00506868348657515,0,val,CNYSGD_RET
2023-11-28,-0.9516376265441756,0,val,CNYSGD_RET
2023-11-29,0.4779826057402927,0,val,CNYSGD_RET
2023-11-30,-0.04527783448221166,0,val,CNYSGD_RET
2023-12-01,0.3873658585979245,0,val,CNYSGD_RET
2023-12-04,-0.13875811116065578,0,val,CNYSGD_RET
2023-12-05,-0.6505297732736885,0,val,CNYSGD_RET
2023-12-06,0.0604684090345073,0,val,CNYSGD_RET
2023-12-07,0.10571627616763372,0,val,CNYSGD_RET
2023-12-08,-0.21242596175351275,0,val,CNYSGD_RET
2023-12-11,0.4408328797210304,0,val,CNYSGD_RET
2023-12-12,-0.4780060857243956,0,val,CNYSGD_RET
2023-12-13,-0.22471254094083892,0,val,CNYSGD_RET
2023-12-14,-0.5661084140007547,0,val,CNYSGD_RET
2023-12-15,1.1362231624329984,0,val,CNYSGD_RET
2023-12-18,0.3171882601988677,0,val,CNYSGD_RET
2023-12-19,-0.9485886458536914,0,val,CNYSGD_RET
2023-12-20,0.6206509775407826,0,val,CNYSGD_RET
2023-12-21,-0.6801283138769157,0,val,CNYSGD_RET
2023-12-22,-0.4536479465239459,0,val,CNYSGD_RET
2023-12-25,0.43343077576215705,0,val,CNYSGD_RET
2023-12-26,-0.5347352221728205,0,val,CNYSGD_RET
2023-12-27,-0.2250678991887662,0,val,CNYSGD_RET
2023-12-28,-0.22124368002339403,0,val,CNYSGD_RET
2023-12-29,0.4834950409396273,0,val,CNYSGD_RET
2024-01-01,0.4841660346501905,0,val,CNYSGD_RET
2024-01-02,0.01971805536842404,0,val,CNYSGD_RET
2024-01-03,0.23554361132895524,0,val,CNYSGD_RET
2024-01-04,0.02335587756963611,0,val,CNYSGD_RET
2024-01-05,-0.0809899563190657,0,val,CNYSGD_RET
2024-01-08,0.26373079666532473,0,val,CNYSGD_RET
2024-01-09,-0.03697106429442536,0,val,CNYSGD_RET
2024-01-10,0.00797689318610216,0,val,CNYSGD_RET
2024-01-11,-0.9746484285234076,0,val,CNYSGD_RET
2024-01-12,0.8452771389744205,0,val,CNYSGD_RET
2024-01-15,0.21631403432318044,0,val,CNYSGD_RET
2024-01-16,0.2037562456292034,0,val,CNYSGD_RET
2024-01-17,0.3593062780982857,0,val,CNYSGD_RET
2024-01-18,0.1732610888789493,0,val,CNYSGD_RET
2024-01-19,-0.05613371161368887,0,val,CNYSGD_RET
2024-01-22,-0.1362880779947483,0,val,CNYSGD_RET
2024-01-23,-1.0593084263452073,0,val,CNYSGD_RET
2024-01-24,1.508817811028808,0,val,CNYSGD_RET
2024-01-25,-0.15019205642722733,0,val,CNYSGD_RET
2024-01-26,0.05897605187799982,0,val,CNYSGD_RET
2024-01-29,0.04912197052870792,0,val,CNYSGD_RET
2024-01-30,-0.14637437535386225,0,val,CNYSGD_RET
2024-01-31,-0.16005221884414855,0,val,CNYSGD_RET
2024-02-01,-0.01014881016961814,0,val,CNYSGD_RET
2024-02-02,-0.11417907315451452,0,val,CNYSGD_RET
2024-02-05,0.1762485880900713,0,val,CNYSGD_RET
2024-02-06,0.31932106780492886,0,val,CNYSGD_RET
2024-02-07,-0.13077243676549058,0,val,CNYSGD_RET
2024-02-08,-0.04385223069899733,0,val,CNYSGD_RET
2024-02-09,0.18087895119394576,0,val,CNYSGD_RET
2024-02-12,-1.1290849652157309,0,val,CNYSGD_RET
2024-02-13,-0.21493914190994684,0,val,CNYSGD_RET
2024-02-14,0.5160733792321416,0,val,CNYSGD_RET
2024-02-15,-0.06633773519238029,0,val,CNYSGD_RET
2024-02-16,0.00399982280264652,0,val,CNYSGD_RET
2024-02-19,0.6165092847080578,0,val,CNYSGD_RET
2024-02-20,-1.023789886530848,0,val,CNYSGD_RET
2024-02-21,-0.09277120556474848,0,val,CNYSGD_RET
2024-02-22,0.04011780230449141,0,val,CNYSGD_RET
2024-02-23,-0.19218002886437788,0,val,CNYSGD_RET
2024-02-26,0.06141045329604585,0,val,CNYSGD_RET
2024-02-27,0.04428453936007615,0,val,CNYSGD_RET
2024-02-28,-0.04206996299611117,0,val,CNYSGD_RET
2024-02-29,0.17113505712612165,0,val,CNYSGD_RET
2024-03-01,0.1193894723129428,0,val,CNYSGD_RET
2024-03-04,-0.2764757104094957,0,val,CNYSGD_RET
2024-03-05,-0.07507969228738834,0,val,CNYSGD_RET
2024-03-06,0.00902636489802847,0,val,CNYSGD_RET
2024-03-07,-0.33798603626814605,0,val,CNYSGD_RET
2024-03-08,-0.3587402177611536,0,val,CNYSGD_RET
2024-03-11,-0.02585234402254276,0,val,CNYSGD_RET
2024-03-12,-0.06467586709175477,0,val,CNYSGD_RET
2024-03-13,0.20048245951167523,0,val,CNYSGD_RET
2024-03-14,-0.11173534087677851,0,val,CNYSGD_RET
2024-03-15,0.2541751618250538,0,val,CNYSGD_RET
2024-03-18,0.09643026934365433,0,val,CNYSGD_RET
2024-03-19,0.05011375253535889,0,val,CNYSGD_RET
2024-03-20,0.22903576316188717,0,val,CNYSGD_RET
2024-03-21,-0.2495322423895479,0,val,CNYSGD_RET
2024-03-22,0.29813560953337204,0,val,CNYSGD_RET
2024-03-25,0.05938613612661646,0,val,CNYSGD_RET
2024-03-26,0.00356215552950387,0,val,CNYSGD_RET
2024-03-27,-0.1712931103396953,0,val,CNYSGD_RET
2024-03-28,0.14247118851425128,0,val,CNYSGD_RET
2024-03-29,0.071843872151045,0,val,CNYSGD_RET
2024-04-01,-0.07135404413164238,0,val,CNYSGD_RET
2024-04-02,0.22986930129532857,0,val,CNYSGD_RET
2024-04-03,-0.12610352597981178,0,val,CNYSGD_RET
2024-04-04,-0.2840109584810857,0,val,CNYSGD_RET
2024-04-05,0.04918276492874772,0,val,CNYSGD_RET
2024-04-08,0.0597759190437347,0,val,CNYSGD_RET
2024-04-09,-0.08553265063358735,0,val,CNYSGD_RET
2024-04-10,-0.20698718944050917,0,val,CNYSGD_RET
2024-04-11,0.6722348100007282,0,val,CNYSGD_RET
2024-04-12,-0.1450567575018435,0,val,CNYSGD_RET
2024-04-15,0.5195138141542762,0,val,CNYSGD_RET
2024-04-16,0.21424006346405272,0,val,CNYSGD_RET
2024-04-17,0.1305724271530099,0,val,CNYSGD_RET
2024-04-18,-0.33512618725226834,0,val,CNYSGD_RET
2024-04-19,0.13676967785358127,0,val,CNYSGD_RET
2024-04-22,-0.0887088157010335,0,val,CNYSGD_RET
2024-04-23,0.00566492297210251,0,val,CNYSGD_RET
2024-04-24,-0.14222875663097573,0,val,CNYSGD_RET
2024-04-25,0.06293014570964639,0,val,CNYSGD_RET
2024-04-26,-0.07705473182397889,0,val,CNYSGD_RET
2024-04-29,0.08843975038919627,0,val,CNYSGD_RET
2024-04-30,-0.00539902434515641,0,val,CNYSGD_RET
2024-05-01,0.336512459104556,0,val,CNYSGD_RET
2024-05-02,-0.37352378212846127,0,val,CNYSGD_RET
2024-05-03,-0.43916783405395926,0,val,CNYSGD_RET
2024-05-06,-0.18108809391468556,0,val,CNYSGD_RET
2024-05-07,0.4489278435892633,0,val,CNYSGD_RET
2024-05-08,0.05833277545371363,0,val,CNYSGD_RET
2024-05-09,0.00491884472725272,0,val,CNYSGD_RET
2024-05-10,-0.20123071247439,0,val,CNYSGD_RET
2024-05-13,0.07907786304550399,0,val,CNYSGD_RET
2024-05-14,-0.21552924590217024,0,val,CNYSGD_RET
2024-05-15,-0.03549144447496467,0,val,CNYSGD_RET
2024-05-16,-0.4256261841444649,0,val,CNYSGD_RET
2024-05-17,0.1762858223538124,0,val,CNYSGD_RET
2024-05-20,-0.1510530738165094,0,val,CNYSGD_RET
2024-05-21,0.06193599284791642,0,val,CNYSGD_RET
2024-05-22,-0.09046076650021408,0,val,CNYSGD_RET
2024-05-23,0.16143248695479315,0,val,CNYSGD_RET
2024-05-24,0.12260767152781887,0,val,CNYSGD_RET
2024-05-27,-0.16140638851012443,0,val,CNYSGD_RET
2024-05-28,-0.07634569594236595,0,val,CNYSGD_RET
2024-05-29,-0.06092682155888966,0,val,CNYSGD_RET
2024-05-30,0.2066514705434767,0,val,CNYSGD_RET
2024-05-31,0.04856559974744425,0,val,CNYSGD_RET
2024-06-03,-0.03622999298408568,0,val,CNYSGD_RET
2024-06-04,-0.4300404009595824,0,val,CNYSGD_RET
2024-06-05,0.12259959230315552,0,val,CNYSGD_RET
2024-06-06,0.02345038129359394,0,val,CNYSGD_RET
2024-06-07,-0.17504315783409832,0,val,CNYSGD_RET
2024-06-10,0.4818314647763714,0,val,CNYSGD_RET
2024-06-11,0.051761523691955,0,val,CNYSGD_RET
2024-06-12,0.02060043815405616,0,val,CNYSGD_RET
2024-06-13,-0.24927385892106607,0,val,CNYSGD_RET
2024-06-14,0.04189278442017966,0,val,CNYSGD_RET
2024-06-17,0.14172249667307088,0,val,CNYSGD_RET
2024-06-18,-0.20118505650070545,0,val,CNYSGD_RET
2024-06-19,0.05021404577202279,0,val,CNYSGD_RET
2024-06-20,-0.089601315509305,0,val,CNYSGD_RET
2024-06-21,0.22909104058668625,0,val,CNYSGD_RET
2024-06-24,0.0702227760298417,0,val,CNYSGD_RET
2024-06-25,-0.15436766204841854,0,val,CNYSGD_RET
2024-06-26,0.0864171096423818,0,val,CNYSGD_RET
2024-06-27,0.2776984959320286,0,val,CNYSGD_RET
2024-06-28,-0.11349330970249231,0,val,CNYSGD_RET
2024-07-01,-0.22403895648879923,0,val,CNYSGD_RET
2024-07-02,0.20828140195822673,0,val,CNYSGD_RET
2024-07-03,-0.16337161249662796,0,val,CNYSGD_RET
2024-07-04,-0.19126672319213445,0,val,CNYSGD_RET
2024-07-05,-0.08273220628091643,0,val,CNYSGD_RET
2024-07-08,-0.24083571179354216,0,val,CNYSGD_RET
2024-07-09,0.06744683527094254,0,val,CNYSGD_RET
2024-07-10,0.02042777272734849,0,val,CNYSGD_RET
2024-07-11,-0.18223867310640285,0,val,CNYSGD_RET
2024-07-12,-0.21342978251732056,0,val,CNYSGD_RET
2024-07-15,0.13628219538716704,0,val,CNYSGD_RET
2024-07-16,-0.09299411692220629,0,val,CNYSGD_RET
2024-07-17,0.01304552968650904,0,val,CNYSGD_RET
2024-07-18,-0.33377953221908374,0,val,CNYSGD_RET
2024-07-19,0.32891454951582816,0,val,CNYSGD_RET
2024-07-22,-0.1033191232461726,0,val,CNYSGD_RET
2024-07-23,0.08146036659898014,0,val,CNYSGD_RET
2024-07-24,-0.02794477091918518,0,val,CNYSGD_RET
2024-07-25,0.02408823065264614,0,val,CNYSGD_RET
2024-07-26,0.3696650599081095,0,val,CNYSGD_RET
2024-07-29,-0.27326543302531264,0,val,CNYSGD_RET
2024-07-30,-0.10707761243112898,0,val,CNYSGD_RET
2024-07-31,0.02058721490326078,0,val,CNYSGD_RET
2024-08-01,7.4509358702386e-4,0,val,CNYSGD_RET
2024-08-02,-0.274758247885308,0,val,CNYSGD_RET
2024-08-05,0.3558267401837562,0,val,CNYSGD_RET
2024-08-06,0.4881246550234291,0,val,CNYSGD_RET
2024-08-07,-0.48913144102324935,0,val,CNYSGD_RET
2024-08-08,-0.24733159964277995,0,val,CNYSGD_RET
2024-08-09,0.05351735319723397,0,val,CNYSGD_RET
2024-08-12,-0.03563621803879591,0,val,CNYSGD_RET
2024-08-13,-0.14440197594610915,0,val,CNYSGD_RET
2024-08-14,-0.2136092237736689,0,val,CNYSGD_RET
2024-08-15,0.19023647602310725,0,val,CNYSGD_RET
2024-08-16,-0.08693173340693275,0,val,CNYSGD_RET
2024-08-19,-0.3601565494238089,0,val,CNYSGD_RET
2024-08-20,-0.2721241146174775,0,test,CNYSGD_RET
2024-08-21,-0.1373582081783064,0,test,CNYSGD_RET
2024-08-22,0.06257416070519208,0,test,CNYSGD_RET
2024-08-23,0.19053453603940035,0,test,CNYSGD_RET
2024-08-26,-0.4010842874316996,0,test,CNYSGD_RET
2024-08-27,0.2832507525964892,0,test,CNYSGD_RET
2024-08-28,-0.25293190656148445,0,test,CNYSGD_RET
2024-08-29,0.14822157060902502,0,test,CNYSGD_RET
2024-08-30,0.33600886261330304,0,test,CNYSGD_RET
2024-09-02,0.31165469932846546,0,test,CNYSGD_RET
2024-09-03,-0.3188300181817737,0,test,CNYSGD_RET
2024-09-04,-0.01510869940343605,0,test,CNYSGD_RET
2024-09-05,-0.1794181447620172,0,test,CNYSGD_RET
2024-09-06,0.04187808224305801,0,test,CNYSGD_RET
2024-09-09,0.31687077694881177,0,test,CNYSGD_RET
2024-09-10,-0.159565396599728,0,test,CNYSGD_RET
2024-09-11,-0.23679788132403265,0,test,CNYSGD_RET
2024-09-12,0.04764776453811488,0,test,CNYSGD_RET
2024-09-13,-0.2543046472146568,0,test,CNYSGD_RET
2024-09-16,0.08621796165682225,0,test,CNYSGD_RET
2024-09-17,-0.13370124326965563,0,test,CNYSGD_RET
2024-09-18,0.01620105205501769,0,test,CNYSGD_RET
2024-09-19,0.17848738773445577,0,test,CNYSGD_RET
2024-09-20,-0.08410480768102721,0,test,CNYSGD_RET
2024-09-23,0.0553824035972638,0,test,CNYSGD_RET
2024-09-24,0.04934209252046841,0,test,CNYSGD_RET
2024-09-25,-0.3648454685670388,0,test,CNYSGD_RET
2024-09-26,0.5470914566140321,0,test,CNYSGD_RET
2024-09-27,-0.12661294667384512,0,test,CNYSGD_RET
2024-09-30,-0.2665467003841146,0,test,CNYSGD_RET
2024-10-01,0.23798685798466435,0,test,CNYSGD_RET
2024-10-02,0.06738457409536507,0,test,CNYSGD_RET
2024-10-03,0.18609457696646897,0,test,CNYSGD_RET
2024-10-04,0.20864814379455404,0,test,CNYSGD_RET
2024-10-07,1.0523372415292145,0,test,CNYSGD_RET
2024-10-08,-0.08106700435780244,0,test,CNYSGD_RET
2024-10-09,-0.5222268826211494,0,test,CNYSGD_RET
2024-10-10,-0.08496151486026449,0,test,CNYSGD_RET
2024-10-11,-0.10331475760734524,0,test,CNYSGD_RET
2024-10-14,0.325468376119979,0,test,CNYSGD_RET
2024-10-15,-0.27267341174556237,0,test,CNYSGD_RET
2024-10-16,-0.30323538872139894,0,test,CNYSGD_RET
2024-10-17,0.27674335290927965,0,test,CNYSGD_RET
2024-10-18,-0.00218169466394948,0,test,CNYSGD_RET
2024-10-21,-0.00718470466475359,0,test,CNYSGD_RET
2024-10-22,0.26594281361549904,0,test,CNYSGD_RET
2024-10-23,-0.09146557287654888,0,test,CNYSGD_RET
2024-10-24,0.47083886658787455,0,test,CNYSGD_RET
2024-10-25,-0.2313577168259554,0,test,CNYSGD_RET
2024-10-28,0.3270392261728902,0,test,CNYSGD_RET
2024-10-29,-0.16662294726989768,0,test,CNYSGD_RET
2024-10-30,0.04289664385439906,0,test,CNYSGD_RET
2024-10-31,0.09460443676229983,0,test,CNYSGD_RET
2024-11-01,-0.2230992339152196,0,test,CNYSGD_RET
2024-11-04,0.1284400721329112,0,test,CNYSGD_RET
2024-11-05,0.16429910982120863,0,test,CNYSGD_RET
2024-11-06,-0.5435473488164451,0,test,CNYSGD_RET
2024-11-07,0.4492941499812126,0,test,CNYSGD_RET
2024-11-08,-0.4418710984035228,0,test,CNYSGD_RET
2024-11-11,0.01185352990648747,0,test,CNYSGD_RET
2024-11-12,-0.06038782954081027,0,test,CNYSGD_RET
2024-11-13,0.1607586228588835,0,test,CNYSGD_RET
2024-11-14,0.4148513125265563,0,test,CNYSGD_RET
2024-11-15,0.1256870650976251,0,test,CNYSGD_RET
2024-11-18,-0.2711746743005551,0,test,CNYSGD_RET
2024-11-19,-0.35700659522701933,0,test,CNYSGD_RET
2024-11-20,-0.1606614450275242,0,test,CNYSGD_RET
2024-11-21,0.35742290395149656,0,test,CNYSGD_RET
2024-11-22,0.4367871738949186,0,test,CNYSGD_RET
2024-11-25,-0.37567386979287626,0,test,CNYSGD_RET
2024-11-26,0.4802635796109491,0,test,CNYSGD_RET
2024-11-27,-0.4114724467944327,0,test,CNYSGD_RET
2024-11-28,-0.28697028810009007,0,test,CNYSGD_RET
2024-11-29,0.07314459010452101,0,test,CNYSGD_RET
2024-12-02,0.01993762581145111,0,test,CNYSGD_RET
2024-12-03,-0.14072146005698413,0,test,CNYSGD_RET
2024-12-04,-0.17801179211584542,0,test,CNYSGD_RET
2024-12-05,0.19521994472654855,0,test,CNYSGD_RET
2024-12-06,-0.32795368430687005,0,test,CNYSGD_RET
2024-12-09,0.05725260940913677,0,test,CNYSGD_RET
2024-12-10,0.07523612313187188,0,test,CNYSGD_RET
2024-12-11,0.21004077280436856,0,test,CNYSGD_RET
2024-12-12,-0.041265601582215,0,test,CNYSGD_RET
2024-12-13,0.15297660607785626,0,test,CNYSGD_RET
2024-12-16,0.04234512481384776,0,test,CNYSGD_RET
2024-12-17,-0.02540607059416509,0,test,CNYSGD_RET
2024-12-18,-0.01314890668369966,0,test,CNYSGD_RET
2024-12-19,0.9624702189704856,0,test,CNYSGD_RET
2024-12-20,-0.21792636516007824,0,test,CNYSGD_RET
2024-12-23,-0.4512538570137865,0,test,CNYSGD_RET
2024-12-24,0.10710585832421636,0,test,CNYSGD_RET
2024-12-25,0.2301727217189041,0,test,CNYSGD_RET
2024-12-26,-0.0959632700890376,0,test,CNYSGD_RET
2024-12-27,-0.01607737873758676,0,test,CNYSGD_RET
2024-12-30,-0.07163956336312285,0,test,CNYSGD_RET
2024-12-31,0.09672698085030096,0,test,CNYSGD_RET
2025-01-01,0,0,test,CNYSGD_RET
2025-01-02,0.4543622439518533,0,test,CNYSGD_RET
2025-01-03,0.2907655428337017,0,test,CNYSGD_RET
2025-01-06,-0.2055589516154787,0,test,CNYSGD_RET
2025-01-07,-0.5452285424584885,0,test,CNYSGD_RET
2025-01-08,0.01292826068022299,0,test,CNYSGD_RET
2025-01-09,0.17924730056899602,0,test,CNYSGD_RET
2025-01-10,-0.018412247734326,0,test,CNYSGD_RET
2025-01-13,0.2500594828615574,0,test,CNYSGD_RET
2025-01-14,-0.20261112288554564,0,test,CNYSGD_RET
2025-01-15,-0.09324001603466392,0,test,CNYSGD_RET
2025-01-16,-0.04543314767953035,0,test,CNYSGD_RET
2025-01-17,0.03163796336763022,0,test,CNYSGD_RET
2025-01-20,0.1306357952010513,0,test,CNYSGD_RET
2025-01-21,-0.7662671372421439,0,test,CNYSGD_RET
2025-01-22,0.564770475671976,0,test,CNYSGD_RET
2025-01-23,0.02583119539422673,0,test,CNYSGD_RET
2025-01-24,-0.13820713224294542,0,test,CNYSGD_RET
2025-01-27,0.02383834848784175,0,test,CNYSGD_RET
2025-01-28,-0.05222583786416624,0,test,CNYSGD_RET
2025-01-29,0.16613898027301133,0,test,CNYSGD_RET
2025-01-30,0.9336795208659572,0,test,CNYSGD_RET
2025-01-31,0.07040233171098186,0,test,CNYSGD_RET
2025-02-03,1.141350740799009,0,test,CNYSGD_RET
2025-02-04,-0.7540677735007896,0,test,CNYSGD_RET
2025-02-05,-0.3464757741991847,0,test,CNYSGD_RET
2025-02-06,-1.5208116304938928,0,test,CNYSGD_RET
2025-02-07,-0.11834114888096398,0,test,CNYSGD_RET
2025-02-10,0.5205243373060848,0,test,CNYSGD_RET
2025-02-11,-0.3259173857231951,0,test,CNYSGD_RET
2025-02-12,-0.27250467118005867,0,test,CNYSGD_RET
2025-02-13,-0.01820499792639314,0,test,CNYSGD_RET
2025-02-14,-0.394996619420402,0,test,CNYSGD_RET
2025-02-17,0.18007105893841502,0,test,CNYSGD_RET
2025-02-18,0.10147137915716654,0,test,CNYSGD_RET
2025-02-19,-0.2770432395839524,0,test,CNYSGD_RET
2025-02-20,0.00547430214938361,0,test,CNYSGD_RET
2025-02-21,-0.34629047654212797,0,test,CNYSGD_RET
2025-02-24,0.26469206135485196,0,test,CNYSGD_RET
2025-02-25,0.3037695983457502,0,test,CNYSGD_RET
2025-02-26,-0.27141148944550564,0,test,CNYSGD_RET
2025-02-27,0.00399408300794531,0,test,CNYSGD_RET
2025-02-28,0.39315706509196807,0,test,CNYSGD_RET
2025-03-03,0.14553892484828507,0,test,CNYSGD_RET
2025-03-04,-0.2513321793198389,0,test,CNYSGD_RET
2025-03-05,-0.3552352929190092,0,test,CNYSGD_RET
2025-03-06,-0.3458031323573451,0,test,CNYSGD_RET
2025-03-07,0.1584379108598807,0,test,CNYSGD_RET
2025-03-10,-0.01193582521879784,0,test,CNYSGD_RET
2025-03-11,-0.03848233288514609,0,test,CNYSGD_RET
2025-03-12,-0.20415204991675015,0,test,CNYSGD_RET
2025-03-13,0.4064099610638122,0,test,CNYSGD_RET
2025-03-14,0.2286549340016662,0,test,CNYSGD_RET
2025-03-17,-0.14087576839002475,0,test,CNYSGD_RET
2025-03-18,-0.1914653396324183,0,test,CNYSGD_RET
2025-03-19,0.13029653594871357,0,test,CNYSGD_RET
2025-03-20,-0.1478596702744811,0,test,CNYSGD_RET
2025-03-21,0.14211592050249008,0,test,CNYSGD_RET
2025-03-24,0.0129478436997547,0,test,CNYSGD_RET
2025-03-25,0.2356388710048383,0,test,CNYSGD_RET
2025-03-26,-0.2623557328721128,0,test,CNYSGD_RET
2025-03-27,0.3839714681312726,0,test,CNYSGD_RET
2025-03-28,-0.2284264364860554,0,test,CNYSGD_RET
2025-03-31,0.25967394821871104,0,test,CNYSGD_RET
2025-04-01,0.12125504408464292,0,test,CNYSGD_RET
2025-04-02,-0.1283758677042531,0,test,CNYSGD_RET
2025-04-03,0.17675161093345376,0,test,CNYSGD_RET
2025-04-04,-0.7929483202729046,0,test,CNYSGD_RET
2025-04-07,0.6589455620855741,0,test,CNYSGD_RET
2025-04-08,0.03798362379155057,0,test,CNYSGD_RET
2025-04-09,-0.41032921006962464,0,test,CNYSGD_RET
2025-04-10,-0.8925248896147271,0,test,CNYSGD_RET
2025-04-11,-0.5251266388276992,0,test,CNYSGD_RET
2025-04-14,-0.32975048015067,0,test,CNYSGD_RET
2025-04-15,-0.6072831016045384,0,test,CNYSGD_RET
2025-04-16,0.1860076182879434,0,test,CNYSGD_RET
2025-04-17,-0.6140000447683421,0,test,CNYSGD_RET
2025-04-18,0,0,test,CNYSGD_RET
2025-04-21,0,0,test,CNYSGD_RET
2025-04-22,-0.22565661753802405,0,test,CNYSGD_RET
2025-04-23,0.5006335952338287,0,test,CNYSGD_RET
2025-04-24,0.5162274834288051,0,test,CNYSGD_RET
2025-04-25,-0.284598131512342,0,test,CNYSGD_RET
2025-04-28,0.21601489654220285,0,test,CNYSGD_RET
2025-04-29,-0.563790658504525,0,test,CNYSGD_RET
2025-04-30,0.2753311061896601,0,test,CNYSGD_RET
2025-05-01,-0.22400217593082825,0,test,CNYSGD_RET
2025-05-02,0.39138094444083354,0,test,CNYSGD_RET
2025-05-05,-1.1015983368820683,0,test,CNYSGD_RET
2025-05-06,-0.46803601892034774,0,test,CNYSGD_RET
2025-05-07,0.6211821424912818,0,test,CNYSGD_RET
2025-05-08,0.3180755225664858,0,test,CNYSGD_RET
2025-05-09,0.4717019565841494,0,test,CNYSGD_RET
2025-05-12,-0.37058310939442174,0,test,CNYSGD_RET
2025-05-13,1.0549532276024045,0,test,CNYSGD_RET
2025-05-14,-0.3841343653338596,0,test,CNYSGD_RET
2025-05-15,-0.01537770552816636,0,test,CNYSGD_RET
2025-05-16,-0.32526902234675914,0,test,CNYSGD_RET
2025-05-19,0.08863808835772212,0,test,CNYSGD_RET
2025-05-20,-0.24525335222320513,0,test,CNYSGD_RET
2025-05-21,-0.17659234371241933,0,test,CNYSGD_RET
2025-05-22,-0.1535743287411204,0,test,CNYSGD_RET
2025-05-23,0.17179011791598917,0,test,CNYSGD_RET
2025-05-26,-0.5689306648583976,0,test,CNYSGD_RET
2025-05-27,-0.09423634243832311,0,test,CNYSGD_RET
2025-05-28,0.36862243466355193,0,test,CNYSGD_RET
2025-05-29,0.42139221679944067,0,test,CNYSGD_RET
2025-05-30,-0.5759829205541831,0,test,CNYSGD_RET
2025-06-02,0.2678652983378263,0,test,CNYSGD_RET
2025-06-03,-0.3775469996778288,0,test,CNYSGD_RET
2025-06-04,0.3248007519559463,0,test,CNYSGD_RET
2025-06-05,-0.2734408664029291,0,test,CNYSGD_RET
2025-06-06,0.45518663901514805,0,test,CNYSGD_RET
2025-06-09,-0.02777585350479234,0,test,CNYSGD_RET
2025-06-10,-0.09132817367582197,0,test,CNYSGD_RET
2025-06-11,0.0311137155030392,0,test,CNYSGD_RET
2025-06-12,-0.3551164178643622,0,test,CNYSGD_RET
2025-06-13,-0.4332800354383349,0,test,CNYSGD_RET
2025-06-16,0.417352858166256,0,test,CNYSGD_RET
2025-06-17,0.01147576084833877,0,test,CNYSGD_RET
2025-06-18,0.31991223155778337,0,test,CNYSGD_RET
2025-06-19,-0.13916381091197144,0,test,CNYSGD_RET
2025-06-20,-0.01689050480498529,0,test,CNYSGD_RET
2025-06-23,0.4000144961944151,0,test,CNYSGD_RET
2025-06-24,-0.43517064400147654,0,test,CNYSGD_RET
2025-06-25,-0.10572239730117694,0,test,CNYSGD_RET
2025-06-26,-0.33548874805273515,0,test,CNYSGD_RET
2025-06-27,0.01125065479206173,0,test,CNYSGD_RET
2025-06-30,-0.02025318002892081,0,test,CNYSGD_RET
2025-07-01,-0.2835250486230419,0,test,CNYSGD_RET
2025-07-02,0.13055331770551684,0,test,CNYSGD_RET
2025-07-03,0.01249155701287383,0,test,CNYSGD_RET
2025-07-04,0.08482048992522453,0,test,CNYSGD_RET
2025-07-07,0.02433749691829237,0,test,CNYSGD_RET
2025-07-08,0.23724726716380432,0,test,CNYSGD_RET
2025-07-09,0.0919945700879528,0,test,CNYSGD_RET
2025-07-10,-0.11061339610885768,0,test,CNYSGD_RET
2025-07-11,0.05056322714663308,0,test,CNYSGD_RET
2025-07-14,0.17312731599709424,0,test,CNYSGD_RET
2025-07-15,0.1659695328359106,0,test,CNYSGD_RET
2025-07-16,0.09535137568825318,0,test,CNYSGD_RET
2025-07-17,-0.1808497261513318,0,test,CNYSGD_RET
2025-07-18,0.09261678698805167,0,test,CNYSGD_RET
2025-07-21,0.0322329515842206,0,test,CNYSGD_RET
2025-07-22,-0.2975735393264518,0,test,CNYSGD_RET
2025-07-23,-0.13489448513786598,0,test,CNYSGD_RET
2025-07-24,0.03350811876603005,0,test,CNYSGD_RET
2025-07-25,0.1402359752473736,0,test,CNYSGD_RET
2025-07-28,0.2658812426636551,0,test,CNYSGD_RET
2025-07-29,0.11824638008630084,0,test,CNYSGD_RET
2025-07-30,0.11507872685960456,0,test,CNYSGD_RET
2025-07-31,0.6286458844529484,0,test,CNYSGD_RET
2025-08-01,-0.17839316873663658,0,test,CNYSGD_RET
2025-08-04,-0.8782097148638437,0,test,CNYSGD_RET
2025-08-05,0.34273749135560033,0,test,CNYSGD_RET
2025-08-06,-0.03791386016924716,0,test,CNYSGD_RET
2025-08-07,-0.15645986362366607,0,test,CNYSGD_RET
2025-08-08,-0.18057825724545215,0,test,CNYSGD_RET
2025-08-11,0.1978526760932399,0,test,CNYSGD_RET
2025-08-12,0.02418586619364044,0,test,CNYSGD_RET
2025-08-13,-0.15837937023038298,0,test,CNYSGD_RET
2025-08-14,-0.1935679434790795,0,test,CNYSGD_RET
2025-08-15,0.2918276884278843,0,test,CNYSGD_RET
2025-08-18,-0.1537379001631594,0,test,CNYSGD_RET
2025-08-19,0.090517896298452,0,test,CNYSGD_RET
2025-08-20,0.1045173866471512,0,test,CNYSGD_RET
2025-08-21,0.08013944278272059,0,test,CNYSGD_RET
2025-08-22,0.2010315819369085,0,test,CNYSGD_RET
2025-08-25,-0.3110286402574645,0,test,CNYSGD_RET
2025-08-26,0.5162605780442328,0,test,CNYSGD_RET
2025-08-27,-0.05986906020710588,0,test,CNYSGD_RET
2025-08-28,-0.03732574790792038,0,test,CNYSGD_RET
2025-08-29,-0.21655683234330916,0,test,CNYSGD_RET
2025-09-01,0.4154325726398538,0,test,CNYSGD_RET
2025-09-02,0.00312044325919258,0,test,CNYSGD_RET
2025-09-03,0.2984839949410649,0,test,CNYSGD_RET
2025-09-04,-0.11820215040373032,0,test,CNYSGD_RET
2025-09-05,0.07684057486221443,0,test,CNYSGD_RET
2025-09-08,-0.13399075514834252,0,test,CNYSGD_RET
2025-09-09,-0.1879736079339164,0,test,CNYSGD_RET
2025-09-10,0.15842630207400415,0,test,CNYSGD_RET
2025-09-11,-0.08139560966896922,0,test,CNYSGD_RET
2025-09-12,-0.00124257596447366,0,test,CNYSGD_RET
2025-09-15,0.00123240136008033,0,test,CNYSGD_RET
2025-09-16,-0.10178670316651936,0,test,CNYSGD_RET
2025-09-17,-0.3183069701562936,0,test,CNYSGD_RET
2025-09-18,0.27868765124584244,0,test,CNYSGD_RET
2025-09-19,0.22917312454552477,0,test,CNYSGD_RET
2025-09-22,0.2859141540427176,0,test,CNYSGD_RET
2025-09-23,-0.29513830953451903,0,test,CNYSGD_RET
2025-09-24,0.14991229539572914,0,test,CNYSGD_RET
2025-09-25,0.1078771949745068,0,test,CNYSGD_RET
2025-09-26,0.4362577538537131,0,test,CNYSGD_RET
2025-09-29,-0.22267111714186663,0,test,CNYSGD_RET
2025-09-30,0.06328079753761143,0,test,CNYSGD_RET
2025-10-01,0.04593047748558464,0,test,CNYSGD_RET
2025-10-02,-0.19783827216267544,0,test,CNYSGD_RET
2025-10-03,0.06987215069402396,0,test,CNYSGD_RET
2025-10-06,0.24570997255390545,0,test,CNYSGD_RET
2025-10-07,-0.047234173311162773,0,test,CNYSGD_RET
2025-10-08,0.18802886335931512,0,test,CNYSGD_RET
2025-10-09,0.1591929372846861,0,test,CNYSGD_RET
2025-10-10,0.15500054036567634,0,test,CNYSGD_RET
2025-10-13,0.22711301406444775,0,test,CNYSGD_RET
2025-10-14,0.16716311061633224,0,test,CNYSGD_RET
2025-10-15,-0.6079149381608119,0,test,CNYSGD_RET
2025-10-16,-0.05410018783285621,0,test,CNYSGD_RET
2025-10-17,-0.15985623400639096,0,test,CNYSGD_RET
2025-10-20,0.15550664675210127,0,test,CNYSGD_RET
2025-10-21,-0.04217335247557624,0,test,CNYSGD_RET
2025-10-22,0.3342121260253912,0,test,CNYSGD_RET
2025-10-23,-0.0986618593195608,0,test,CNYSGD_RET
2025-10-24,0.06008168369410394,0,test,CNYSGD_RET
2025-10-27,0.02222105007022794,0,test,CNYSGD_RET
2025-10-28,0.003616130794594,0,test,CNYSGD_RET
2025-10-29,-0.05967701866885291,0,test,CNYSGD_RET
2025-10-30,0.30369359628333475,0,test,CNYSGD_RET
2025-10-31,-2.6596892637394e-4,0,test,CNYSGD_RET
2025-11-03,0.10087507015727708,0,test,CNYSGD_RET
2025-11-04,-0.528302790501675,0,test,CNYSGD_RET
2025-11-05,0.7959613475752941,0,test,CNYSGD_RET
2025-11-06,-0.06644278134208075,0,test,CNYSGD_RET
2025-11-07,-0.0470490871429296,0,test,CNYSGD_RET
2025-11-10,-0.11584578679829612,0,test,CNYSGD_RET
2025-11-11,-0.01598286594545183,0,test,CNYSGD_RET
2025-11-12,-0.1198356839783783,0,test,CNYSGD_RET
2025-11-13,0.05993579272705025,0,test,CNYSGD_RET
2025-11-14,0.05802797670013906,0,test,CNYSGD_RET
2025-11-17,0.0093799688606237,0,test,CNYSGD_RET
2025-11-18,0.18677742413756768,0,test,CNYSGD_RET
2025-11-19,-0.1467002778295864,0,test,CNYSGD_RET
2025-11-20,0.3820492825405806,0,test,CNYSGD_RET
2025-11-21,0.10408667219545098,0,test,CNYSGD_RET
2025-11-24,-0.00186862227485037,0,test,CNYSGD_RET
2025-11-25,-0.11800984025124892,0,test,CNYSGD_RET
2025-11-26,0.02625924837873381,0,test,CNYSGD_RET
2025-11-27,-0.30433935809635904,0,test,CNYSGD_RET
2025-11-28,0.02931202636046783,0,test,CNYSGD_RET
2025-12-01,-0.07343123441942487,0,test,CNYSGD_RET
2025-12-02,0.11287312916664864,0,test,CNYSGD_RET
2025-12-03,-0.01375664290951299,0,test,CNYSGD_RET
2025-12-04,-0.0831940755213787,0,test,CNYSGD_RET
2025-12-05,0.0981117682566614,0,test,CNYSGD_RET
2025-12-08,-0.01080421478163739,0,test,CNYSGD_RET
2025-12-09,0.10126935602313863,0,test,CNYSGD_RET
2025-12-10,0.06270381538413551,0,test,CNYSGD_RET
2025-12-11,-0.3806954227647461,0,test,CNYSGD_RET
2025-12-12,0.05620203318324929,0,test,CNYSGD_RET
2025-12-15,0.05373205369841921,0,test,CNYSGD_RET
2025-12-16,-0.0789330355751012,0,test,CNYSGD_RET
2025-12-17,0.04420682480274235,0,test,CNYSGD_RET
2025-12-18,0.1466421067369032,0,test,CNYSGD_RET
2025-12-19,-0.07763384526198722,0,test,CNYSGD_RET
2025-12-22,0.24289967896737397,0,test,CNYSGD_RET
2025-12-23,-0.3898064151372541,0,test,CNYSGD_RET
2025-12-24,-0.08484681654442403,0,test,CNYSGD_RET
2025-12-25,0,0,test,CNYSGD_RET
2025-12-26,-0.02492287034328089,0,test,CNYSGD_RET
2025-12-29,0.0171357207048026,0,test,CNYSGD_RET
2025-12-30,0.3635992928984083,0,test,CNYSGD_RET
2025-12-31,0.05784648407368327,0,test,CNYSGD_RET
2026-01-01,0,0,test,CNYSGD_RET
2026-01-02,0.06229179707282351,0,test,CNYSGD_RET
2026-01-05,0.2877793697967236,0,test,CNYSGD_RET
2026-01-06,-0.3152594319546382,0,test,CNYSGD_RET
2026-01-07,-0.11438216321566326,0,test,CNYSGD_RET
2026-01-08,-0.03135504659851032,0,test,CNYSGD_RET
2026-01-09,0.3846059194102329,0,test,CNYSGD_RET
2026-01-12,0.25664198582846576,0,test,CNYSGD_RET
2026-01-13,-0.0694836710705779,0,test,CNYSGD_RET
2026-01-14,0.1917284580350557,0,test,CNYSGD_RET
2026-01-15,-0.03951102108856286,0,test,CNYSGD_RET
2026-01-16,0.12839473318672584,0,test,CNYSGD_RET
2026-01-19,-0.11869770778060491,0,test,CNYSGD_RET
2026-01-20,-0.11896967778768604,0,test,CNYSGD_RET
2026-01-21,0.00642121683113202,0,test,CNYSGD_RET
2026-01-22,0.06219177907345585,0,test,CNYSGD_RET
2026-01-23,-0.5323449486902243,0,test,CNYSGD_RET
2026-01-26,-0.7039826498136965,0,test,CNYSGD_RET
2026-01-27,0.183968811116837,0,test,CNYSGD_RET
2026-01-28,-0.7471720356885099,0,test,CNYSGD_RET
2026-01-29,0.04916753489551674,0,test,CNYSGD_RET
2026-01-30,0.29547741772389946,0,test,CNYSGD_RET
2026-02-02,0.6129638953284838,0,test,CNYSGD_RET
2026-02-03,0.02204429520699467,0,test,CNYSGD_RET
2026-02-04,-0.00359603051075488,0,test,CNYSGD_RET
2026-02-05,0.2194437902133718,0,test,CNYSGD_RET
2026-02-06,0.2183143120623179,0,test,CNYSGD_RET
2026-02-09,-0.3638890559026772,0,test,CNYSGD_RET
2026-02-10,-0.17067146758786642,0,test,CNYSGD_RET
2026-02-11,0.12373883712271108,0,test,CNYSGD_RET
2026-02-12,-0.2989218677342591,0,test,CNYSGD_RET
2026-02-13,0.21202280220861297,0,test,CNYSGD_RET
2026-02-16,-0.09937042847590666,0,test,CNYSGD_RET
2026-02-17,-0.00949912421808588,0,test,CNYSGD_RET
2026-02-18,0.02059288344231229,0,test,CNYSGD_RET
2026-02-19,0.35732478601088125,0,test,CNYSGD_RET
2026-02-20,0.09556787935681806,0,test,CNYSGD_RET
2026-02-23,-0.3373358552389515,0,test,CNYSGD_RET
2026-02-24,0.16203756433318778,0,test,CNYSGD_RET
2026-02-25,0.3697823263977856,0,test,CNYSGD_RET
2026-02-26,-0.07858754082129081,0,test,CNYSGD_RET
2026-02-27,0.4484704287392152,0,test,CNYSGD_RET
2026-03-02,0.2532261344693616,0,test,CNYSGD_RET
2026-03-03,-0.12813317580914854,0,test,CNYSGD_RET
2026-03-04,0.10635682988557012,0,test,CNYSGD_RET
2026-03-05,-0.13955683752174813,0,test,CNYSGD_RET
2026-03-06,0.3891341673985841,0,test,CNYSGD_RET
2026-03-09,0.3637251755592705,0,test,CNYSGD_RET
2026-03-10,-0.9281866235034932,0,test,CNYSGD_RET
2026-03-11,0.3371918427788914,0,test,CNYSGD_RET
2026-03-12,0.400967483566851,0,test,CNYSGD_RET
2026-03-13,0.1391787147942194,0,test,CNYSGD_RET
2026-03-16,-0.0914097453388009,0,test,CNYSGD_RET
2026-03-17,-1.1810325984594183,0,test,CNYSGD_RET
2026-03-18,0.8409473952200844,0,test,CNYSGD_RET
2026-03-19,0.7554914817802292,0,test,CNYSGD_RET
2026-03-20,-0.8495258864756281,0,test,CNYSGD_RET
2026-03-23,0.5538476896966236,0,test,CNYSGD_RET
2026-03-24,-0.44746307712274674,0,test,CNYSGD_RET
2026-03-25,0.00258106060865205,0,test,CNYSGD_RET
2026-03-26,0.15035537466285753,0,test,CNYSGD_RET
2026-03-27,0.23198606627389057,0,test,CNYSGD_RET
2026-03-30,0.2975723480032785,0,test,CNYSGD_RET
2026-03-31,0.1688808666792688,0,test,CNYSGD_RET
2026-04-01,-0.34257423590644454,0,test,CNYSGD_RET
2026-04-02,0.2087876397353464,0,test,CNYSGD_RET
2026-04-03,0.15021633653037378,0,test,CNYSGD_RET
2023-01-04,-0.9249064171036554,0,val,EURSGD_RET
2023-01-05,0.27234823327353375,0,val,EURSGD_RET
2023-01-06,-0.49283797822680264,0,val,EURSGD_RET
2023-01-09,0.3908370004557245,0,val,EURSGD_RET
2023-01-10,0.4641919160297714,0,val,EURSGD_RET
2023-01-11,0.14758968966033376,0,val,EURSGD_RET
2023-01-12,0.13740032556643442,0,val,EURSGD_RET
2023-01-13,0.29397512608804416,0,val,EURSGD_RET
2023-01-16,-0.5230379014759051,0,val,EURSGD_RET
2023-01-17,0.05770687107292619,0,val,EURSGD_RET
2023-01-18,-0.3473880517973494,0,val,EURSGD_RET
2023-01-19,0.05876681266555139,0,val,EURSGD_RET
2023-01-20,0.40732987829692713,0,val,EURSGD_RET
2023-01-23,0.10265909215753256,0,val,EURSGD_RET
2023-01-24,0.05747086342661391,0,val,EURSGD_RET
2023-01-25,0.23875680619303677,0,val,EURSGD_RET
2023-01-26,-0.29645431936117045,0,val,EURSGD_RET
2023-01-27,-0.304928548461354,0,val,EURSGD_RET
2023-01-30,-0.13640312046380038,0,val,EURSGD_RET
2023-01-31,-0.02970858970989381,0,val,EURSGD_RET
2023-02-01,0.07161482389371315,0,val,EURSGD_RET
2023-02-02,0.7222963130718056,0,val,EURSGD_RET
2023-02-03,-0.5731847226894299,0,val,EURSGD_RET
2023-02-06,0.02966956127841602,0,val,EURSGD_RET
2023-02-07,-0.37748276308960593,0,val,EURSGD_RET
2023-02-08,-0.3115008513563988,0,val,EURSGD_RET
2023-02-09,0.07107761756227876,0,val,EURSGD_RET
2023-02-10,0.2098036748489118,0,val,EURSGD_RET
2023-02-13,-0.28356859004950785,0,val,EURSGD_RET
2023-02-14,0.3742337039892632,0,val,EURSGD_RET
2023-02-15,0.08099913864762696,0,val,EURSGD_RET
2023-02-16,0.11595649939183487,0,val,EURSGD_RET
2023-02-17,-0.12822744482694562,0,val,EURSGD_RET
2023-02-20,0.17656364550992276,0,val,EURSGD_RET
2023-02-21,-0.09864419095702816,0,val,EURSGD_RET
2023-02-22,0.03364978685618109,0,val,EURSGD_RET
2023-02-23,-0.4369578279455933,0,val,EURSGD_RET
2023-02-24,0.12289250514848442,0,val,EURSGD_RET
2023-02-27,0.09284688257288048,0,val,EURSGD_RET
2023-02-28,0.3041606150250783,0,val,EURSGD_RET
2023-03-01,-0.18413262551494575,0,val,EURSGD_RET
2023-03-02,0.3860564856915176,0,val,EURSGD_RET
2023-03-03,-0.24848361680150097,0,val,EURSGD_RET
2023-03-06,0.08896252023355125,0,val,EURSGD_RET
2023-03-07,0.5807238939709634,0,val,EURSGD_RET
2023-03-08,-0.6050723757719932,0,val,EURSGD_RET
2023-03-09,-0.10467681004277202,0,val,EURSGD_RET
2023-03-10,0.33434221292256266,0,val,EURSGD_RET
2023-03-13,0.497979026334521,0,val,EURSGD_RET
2023-03-14,0.3433664849468712,0,val,EURSGD_RET
2023-03-15,-0.1031157324267774,0,val,EURSGD_RET
2023-03-16,-0.9143838215130532,0,val,EURSGD_RET
2023-03-17,-0.08333620453806265,0,val,EURSGD_RET
2023-03-20,0.1947153927963128,0,val,EURSGD_RET
2023-03-21,0.1360938710402521,0,val,EURSGD_RET
2023-03-22,0.4811937855798876,0,val,EURSGD_RET
2023-03-23,0.35069364550953647,0,val,EURSGD_RET
2023-03-24,-0.4844046497287362,0,val,EURSGD_RET
2023-03-27,-0.2156459597507889,0,val,EURSGD_RET
2023-03-28,0.1925255106444116,0,val,EURSGD_RET
2023-03-29,0.05676965143016774,0,val,EURSGD_RET
2023-03-30,0.17571288330396734,0,val,EURSGD_RET
2023-03-31,0.46325507108304304,0,val,EURSGD_RET
2023-04-03,-0.4841139707630297,0,val,EURSGD_RET
2023-04-04,0.41603179787152766,0,val,EURSGD_RET
2023-04-05,0.35974729856554255,0,val,EURSGD_RET
2023-04-06,-0.28332720336470996,0,val,EURSGD_RET
2023-04-07,0.3223668569443469,0,val,EURSGD_RET
2023-04-10,-0.048765558721191087,0,val,EURSGD_RET
2023-04-11,-0.2928331527890883,0,val,EURSGD_RET
2023-04-12,0.4610360034405258,0,val,EURSGD_RET
2023-04-13,0.3780357807138686,0,val,EURSGD_RET
2023-04-14,0.02199020792770961,0,val,EURSGD_RET
2023-04-17,0.18501328674023457,0,val,EURSGD_RET
2023-04-18,-0.3914446246355476,0,val,EURSGD_RET
2023-04-19,0.3178465296042641,0,val,EURSGD_RET
2023-04-20,-0.0098637629094782,0,val,EURSGD_RET
2023-04-21,-0.06226569772682334,0,val,EURSGD_RET
2023-04-24,0.3399387483626682,0,val,EURSGD_RET
2023-04-25,0.5092016083020562,0,val,EURSGD_RET
2023-04-26,-0.3218431444530305,0,val,EURSGD_RET
2023-04-27,0.37255849469619007,0,val,EURSGD_RET
2023-04-28,-0.10053222966891492,0,val,EURSGD_RET
2023-05-01,-0.21800163707419057,0,val,EURSGD_RET
2023-05-02,-0.21893447794893256,0,val,EURSGD_RET
2023-05-03,0.17471919068446098,0,val,EURSGD_RET
2023-05-04,0.2191800294599069,0,val,EURSGD_RET
2023-05-05,-0.6369762866012069,0,val,EURSGD_RET
2023-05-08,-0.1139624211503768,0,val,EURSGD_RET
2023-05-09,-0.2605569899067117,0,val,EURSGD_RET
2023-05-10,-0.15162008638037364,0,val,EURSGD_RET
2023-05-11,-0.04585167219289821,0,val,EURSGD_RET
2023-05-12,-0.13713648578342413,0,val,EURSGD_RET
2023-05-15,0.02384718814966456,0,val,EURSGD_RET
2023-05-16,0.01390192099954331,0,val,EURSGD_RET
2023-05-17,0.19440163450201847,0,val,EURSGD_RET
2023-05-18,-0.07279133438221584,0,val,EURSGD_RET
2023-05-19,-0.15353077763390505,0,val,EURSGD_RET
2023-05-22,0.17846641439036273,0,val,EURSGD_RET
2023-05-23,-0.00929157416427515,0,val,EURSGD_RET
2023-05-24,-0.3162129839727213,0,val,EURSGD_RET
2023-05-25,0.0539871570369661,0,val,EURSGD_RET
2023-05-26,0.12513856271771406,0,val,EURSGD_RET
2023-05-29,-0.14951726452997863,0,val,EURSGD_RET
2023-05-30,-0.06601428347729846,0,val,EURSGD_RET
2023-05-31,-0.00116101510840961,0,val,EURSGD_RET
2023-06-01,-0.3158270868266736,0,val,EURSGD_RET
2023-06-02,0.2779240135889316,0,val,EURSGD_RET
2023-06-05,-0.29023857953896126,0,val,EURSGD_RET
2023-06-06,0.01717476705956583,0,val,EURSGD_RET
2023-06-07,-0.2493282677905286,0,val,EURSGD_RET
2023-06-08,0.14783805828237348,0,val,EURSGD_RET
2023-06-09,0.2509034541033594,0,val,EURSGD_RET
2023-06-12,-0.22425984742201385,0,val,EURSGD_RET
2023-06-13,0.11038245486958848,0,val,EURSGD_RET
2023-06-14,0.1567369816277443,0,val,EURSGD_RET
2023-06-15,0.386128068365407,0,val,EURSGD_RET
2023-06-16,0.6322658368601533,0,val,EURSGD_RET
2023-06-19,0.01809110336781239,0,val,EURSGD_RET
2023-06-20,0.10146858484882978,0,val,EURSGD_RET
2023-06-21,0.1420641835259823,0,val,EURSGD_RET
2023-06-22,0.40687266188528853,0,val,EURSGD_RET
2023-06-23,0.06369553393753999,0,val,EURSGD_RET
2023-06-26,0.03922513940866909,0,val,EURSGD_RET
2023-06-27,0.16355845559914164,0,val,EURSGD_RET
2023-06-28,0.14782756096593425,0,val,EURSGD_RET
2023-06-29,-0.1578542313517029,0,val,EURSGD_RET
2023-06-30,-0.1768361936538042,0,val,EURSGD_RET
2023-07-03,0.09084437030875069,0,val,EURSGD_RET
2023-07-04,-0.08115264380505317,0,val,EURSGD_RET
2023-07-05,-0.3731289666524867,0,val,EURSGD_RET
2023-07-06,0.03957406737543218,0,val,EURSGD_RET
2023-07-07,0.29616874427938583,0,val,EURSGD_RET
2023-07-10,0.19073691001211543,0,val,EURSGD_RET
2023-07-11,0.2225822000360156,0,val,EURSGD_RET
2023-07-12,-0.2272114216894952,0,val,EURSGD_RET
2023-07-13,0.36415746011301975,0,val,EURSGD_RET
2023-07-14,0.18079855665136965,0,val,EURSGD_RET
2023-07-17,-0.04352286713394733,0,val,EURSGD_RET
2023-07-18,0.12393022977776176,0,val,EURSGD_RET
2023-07-19,-0.01095189152583442,0,val,EURSGD_RET
2023-07-20,-0.05981152432322984,0,val,EURSGD_RET
2023-07-21,-0.49526021421728544,0,val,EURSGD_RET
2023-07-24,0.256249228845142,0,val,EURSGD_RET
2023-07-25,-0.5046721423668112,0,val,EURSGD_RET
2023-07-26,-0.4172843232359061,0,val,EURSGD_RET
2023-07-27,0.09926620387578387,0,val,EURSGD_RET
2023-07-28,-0.5230455537441783,0,val,EURSGD_RET
2023-07-31,0.44595827697272206,0,val,EURSGD_RET
2023-08-01,-0.35798301695662055,0,val,EURSGD_RET
2023-08-02,0.46133772753818536,0,val,EURSGD_RET
2023-08-03,-0.07316883551824092,0,val,EURSGD_RET
2023-08-04,-0.00146857407019574,0,val,EURSGD_RET
2023-08-07,0.38482750326348675,0,val,EURSGD_RET
2023-08-08,0.07753944645360816,0,val,EURSGD_RET
2023-08-09,0.14532425200342744,0,val,EURSGD_RET
2023-08-10,0.0493497215799051,0,val,EURSGD_RET
2023-08-11,0.28404256505209713,0,val,EURSGD_RET
2023-08-14,-0.0660410850958433,0,val,EURSGD_RET
2023-08-15,-0.13490488036604062,0,val,EURSGD_RET
2023-08-16,0.1341022563284119,0,val,EURSGD_RET
2023-08-17,-0.10638095203760144,0,val,EURSGD_RET
2023-08-18,-0.1839063098628799,0,val,EURSGD_RET
2023-08-21,-0.07602343415409624,0,val,EURSGD_RET
2023-08-22,0.2488249013653065,0,val,EURSGD_RET
2023-08-23,-0.4530421522925148,0,val,EURSGD_RET
2023-08-24,-0.2507869948473983,0,val,EURSGD_RET
2023-08-25,-0.24608695667914965,0,val,EURSGD_RET
2023-08-28,-0.11648790613233329,0,val,EURSGD_RET
2023-08-29,0.23842078191195268,0,val,EURSGD_RET
2023-08-30,-0.01462121022517861,0,val,EURSGD_RET
2023-08-31,0.5936227851374467,0,val,EURSGD_RET
2023-09-01,-0.7656141978824096,0,val,EURSGD_RET
2023-09-04,-0.3635509890381112,0,val,EURSGD_RET
2023-09-05,0.2522888748728466,0,val,EURSGD_RET
2023-09-06,-0.20624733296151623,0,val,EURSGD_RET
2023-09-07,0.21956841013002387,0,val,EURSGD_RET
2023-09-08,-0.14302767162698385,0,val,EURSGD_RET
2023-09-11,0.0451435767961911,0,val,EURSGD_RET
2023-09-12,0.08323791841882307,0,val,EURSGD_RET
2023-09-13,0.03643686811610175,0,val,EURSGD_RET
2023-09-14,-0.14934954281392965,0,val,EURSGD_RET
2023-09-15,-0.6690338662722798,0,val,EURSGD_RET
2023-09-18,0.17747533471446925,0,val,EURSGD_RET
2023-09-19,0.27771389473565217,0,val,EURSGD_RET
2023-09-20,-0.03194528623186614,0,val,EURSGD_RET
2023-09-21,-0.13285072258412853,0,val,EURSGD_RET
2023-09-22,0.10333797142013114,0,val,EURSGD_RET
2023-09-25,-0.1766921984411964,0,val,EURSGD_RET
2023-09-26,-0.5067043329706105,0,val,EURSGD_RET
2023-09-27,-0.01279687129577671,0,val,EURSGD_RET
2023-09-28,-0.31507488948500645,0,val,EURSGD_RET
2023-09-29,0.03937832195421532,0,val,EURSGD_RET
2023-10-02,0.09227045856097404,0,val,EURSGD_RET
2023-10-03,-0.33652077979702694,0,val,EURSGD_RET
2023-10-04,-0.07339250220652244,0,val,EURSGD_RET
2023-10-05,0.21127034673591225,0,val,EURSGD_RET
2023-10-06,0.0538088198528511,0,val,EURSGD_RET
2023-10-09,0.09717739539738364,0,val,EURSGD_RET
2023-10-10,-0.03208633056214056,0,val,EURSGD_RET
2023-10-11,0.14640428856515797,0,val,EURSGD_RET
2023-10-12,0.1711391870268844,0,val,EURSGD_RET
2023-10-13,-0.3244614884623748,0,val,EURSGD_RET
2023-10-16,-0.17491230338109323,0,val,EURSGD_RET
2023-10-17,0.2662983556169255,0,val,EURSGD_RET
2023-10-18,0.15408084102874778,0,val,EURSGD_RET
2023-10-19,0.0230121621321903,0,val,EURSGD_RET
2023-10-20,0.4337880301034174,0,val,EURSGD_RET
2023-10-23,0.02772089148612044,0,val,EURSGD_RET
2023-10-24,0.3266006131156558,0,val,EURSGD_RET
2023-10-25,-0.6114642441129888,0,val,EURSGD_RET
2023-10-26,0.05336814015606524,0,val,EURSGD_RET
2023-10-27,-0.2912814284744874,0,val,EURSGD_RET
2023-10-30,0.08102689314167384,0,val,EURSGD_RET
2023-10-31,0.1104773212996517,0,val,EURSGD_RET
2023-11-01,-0.03037867556058364,0,val,EURSGD_RET
2023-11-02,-0.12080800052875608,0,val,EURSGD_RET
2023-11-03,0.1996698080455005,0,val,EURSGD_RET
2023-11-06,0.22323737466529875,0,val,EURSGD_RET
2023-11-07,-0.31761559800419553,0,val,EURSGD_RET
2023-11-08,0.04691946549780081,0,val,EURSGD_RET
2023-11-09,0.24079853722839376,0,val,EURSGD_RET
2023-11-10,-0.05407863789907199,0,val,EURSGD_RET
2023-11-13,0.16512538254242495,0,val,EURSGD_RET
2023-11-14,0.02082802477747474,0,val,EURSGD_RET
2023-11-15,0.9326025945349052,0,val,EURSGD_RET
2023-11-16,-0.16357614765823977,0,val,EURSGD_RET
2023-11-17,-0.2256197181281692,0,val,EURSGD_RET
2023-11-20,0.2272178371919796,0,val,EURSGD_RET
2023-11-21,-0.08839747200398243,0,val,EURSGD_RET
2023-11-22,-0.24164916202984088,0,val,EURSGD_RET
2023-11-23,0.07309638395181028,0,val,EURSGD_RET
2023-11-24,0.03209042600660286,0,val,EURSGD_RET
2023-11-27,0.2624154276235793,0,val,EURSGD_RET
2023-11-28,-0.10628587332835206,0,val,EURSGD_RET
2023-11-29,-0.02633079476087078,0,val,EURSGD_RET
2023-11-30,-0.12517992713041862,0,val,EURSGD_RET
2023-12-01,-0.4087915656355563,0,val,EURSGD_RET
2023-12-04,-0.3670941562732813,0,val,EURSGD_RET
2023-12-05,-0.0803459416657105,0,val,EURSGD_RET
2023-12-06,-0.2016385173340721,0,val,EURSGD_RET
2023-12-07,-0.15837056019065646,0,val,EURSGD_RET
2023-12-08,0.08240706151833208,0,val,EURSGD_RET
2023-12-11,-0.11487275660302287,0,val,EURSGD_RET
2023-12-12,0.19522652200385257,0,val,EURSGD_RET
2023-12-13,0.09798321951535267,0,val,EURSGD_RET
2023-12-14,0.1806049379921008,0,val,EURSGD_RET
2023-12-15,0.6479515121211638,0,val,EURSGD_RET
2023-12-18,-0.531826175236877,0,val,EURSGD_RET
2023-12-19,0.17928599703279763,0,val,EURSGD_RET
2023-12-20,0.2359985940146932,0,val,EURSGD_RET
2023-12-21,-0.06593196951911907,0,val,EURSGD_RET
2023-12-22,0.15901165562235664,0,val,EURSGD_RET
2023-12-25,-0.1577743260722956,0,val,EURSGD_RET
2023-12-26,0.1421789892802046,0,val,EURSGD_RET
2023-12-27,0.07787178338038471,0,val,EURSGD_RET
2023-12-28,0.3405139936003101,0,val,EURSGD_RET
2023-12-29,-0.3473730959032811,0,val,EURSGD_RET
2024-01-01,-0.1693373278764804,0,val,EURSGD_RET
2024-01-02,-0.1349467789149718,0,val,EURSGD_RET
2024-01-03,-0.3503126818727928,0,val,EURSGD_RET
2024-01-04,0.02651113773884809,0,val,EURSGD_RET
2024-01-05,0.2546310336529496,0,val,EURSGD_RET
2024-01-08,-0.02976743581628305,0,val,EURSGD_RET
2024-01-09,0.01424858294119743,0,val,EURSGD_RET
2024-01-10,-0.00471138090089736,0,val,EURSGD_RET
2024-01-11,0.3794419185888672,0,val,EURSGD_RET
2024-01-12,-0.03846385719431443,0,val,EURSGD_RET
2024-01-15,-0.14670256115905472,0,val,EURSGD_RET
2024-01-16,0.15304846666881022,0,val,EURSGD_RET
2024-01-17,0.02043881448744623,0,val,EURSGD_RET
2024-01-18,0.20934848414527937,0,val,EURSGD_RET
2024-01-19,-0.1100484689499569,0,val,EURSGD_RET
2024-01-22,-0.12654632510648048,0,val,EURSGD_RET
2024-01-23,0.02688651478276097,0,val,EURSGD_RET
2024-01-24,-0.3097830341581381,0,val,EURSGD_RET
2024-01-25,0.1315238899363445,0,val,EURSGD_RET
2024-01-26,-0.2731390059897935,0,val,EURSGD_RET
2024-01-29,0.09422534879656531,0,val,EURSGD_RET
2024-01-30,-0.2594772786929698,0,val,EURSGD_RET
2024-01-31,0.05774231538791175,0,val,EURSGD_RET
2024-02-01,-0.28191277346420146,0,val,EURSGD_RET
2024-02-02,0.3663791421984908,0,val,EURSGD_RET
2024-02-05,-0.35810390582961765,0,val,EURSGD_RET
2024-02-06,-0.09344211518727193,0,val,EURSGD_RET
2024-02-07,-0.10604128054445076,0,val,EURSGD_RET
2024-02-08,0.14249247834038273,0,val,EURSGD_RET
2024-02-09,0.277933302783731,0,val,EURSGD_RET
2024-02-12,0.07308241568311603,0,val,EURSGD_RET
2024-02-13,-0.27173697219016907,0,val,EURSGD_RET
2024-02-14,-0.12225736658346782,0,val,EURSGD_RET
2024-02-15,-0.02800025701374723,0,val,EURSGD_RET
2024-02-16,0.2248023016536029,0,val,EURSGD_RET
2024-02-19,0.08458157888534874,0,val,EURSGD_RET
2024-02-20,-0.01410277190003386,0,val,EURSGD_RET
2024-02-21,0.15271649486092773,0,val,EURSGD_RET
2024-02-22,0.08491901170421005,0,val,EURSGD_RET
2024-02-23,-0.07115997436965207,0,val,EURSGD_RET
2024-02-26,0.02474639793424586,0,val,EURSGD_RET
2024-02-27,0.3556715594502577,0,val,EURSGD_RET
2024-02-28,-0.08319212148214312,0,val,EURSGD_RET
2024-02-29,0.0963862793630348,0,val,EURSGD_RET
2024-03-01,-0.3157301692300259,0,val,EURSGD_RET
2024-03-04,0.19163208880524893,0,val,EURSGD_RET
2024-03-05,0.08299880675911336,0,val,EURSGD_RET
2024-03-06,-0.02366828437053946,0,val,EURSGD_RET
2024-03-07,0.06092179199853855,0,val,EURSGD_RET
2024-03-08,0.05443319959407596,0,val,EURSGD_RET
2024-03-11,-0.1902909582833782,0,val,EURSGD_RET
2024-03-12,-0.1902577313849564,0,val,EURSGD_RET
2024-03-13,0.1287118436165592,0,val,EURSGD_RET
2024-03-14,0.2178730026603725,0,val,EURSGD_RET
2024-03-15,-0.326365178898651,0,val,EURSGD_RET
2024-03-18,0.12772979457455935,0,val,EURSGD_RET
2024-03-19,0.00127577198234131,0,val,EURSGD_RET
2024-03-20,0.1423269889041925,0,val,EURSGD_RET
2024-03-21,0.4229126097970039,0,val,EURSGD_RET
2024-03-22,-0.38021840607115975,0,val,EURSGD_RET
2024-03-25,-0.03208362820645225,0,val,EURSGD_RET
2024-03-26,0.0142009339955045,0,val,EURSGD_RET
2024-03-27,-0.09653047153550524,0,val,EURSGD_RET
2024-03-28,0.07930283104600273,0,val,EURSGD_RET
2024-03-29,-0.0934996826842141,0,val,EURSGD_RET
2024-04-01,-0.17336405273205574,0,val,EURSGD_RET
2024-04-02,-0.15567057071434667,0,val,EURSGD_RET
2024-04-03,0.20263598650762177,0,val,EURSGD_RET
2024-04-04,0.3896792806234932,0,val,EURSGD_RET
2024-04-05,0.03035144105320713,0,val,EURSGD_RET
2024-04-08,-0.03546361342826204,0,val,EURSGD_RET
2024-04-09,0.19685287666018175,0,val,EURSGD_RET
2024-04-10,-0.23334930289241868,0,val,EURSGD_RET
2024-04-11,-0.40537174012697547,0,val,EURSGD_RET
2024-04-12,-0.2227075966666784,0,val,EURSGD_RET
2024-04-15,-0.20714613138139265,0,val,EURSGD_RET
2024-04-16,0.00912429966030996,0,val,EURSGD_RET
2024-04-17,0.07915312746084405,0,val,EURSGD_RET
2024-04-18,0.13175987719180335,0,val,EURSGD_RET
2024-04-19,-0.1094915327508844,0,val,EURSGD_RET
2024-04-22,0.08066974768487864,0,val,EURSGD_RET
2024-04-23,0.00905323211373031,0,val,EURSGD_RET
2024-04-24,0.3563331532930793,0,val,EURSGD_RET
2024-04-25,0.01705265132359256,0,val,EURSGD_RET
2024-04-26,0.1231260833501133,0,val,EURSGD_RET
2024-04-29,-0.04093693793490766,0,val,EURSGD_RET
2024-04-30,-0.0182060869208745,0,val,EURSGD_RET
2024-05-01,-0.0817660828810514,0,val,EURSGD_RET
2024-05-02,0.12981139329532743,0,val,EURSGD_RET
2024-05-03,-0.3526084032120632,0,val,EURSGD_RET
2024-05-06,0.02168125601632489,0,val,EURSGD_RET
2024-05-07,0.1456431833519127,0,val,EURSGD_RET
2024-05-08,0.04435500752311864,0,val,EURSGD_RET
2024-05-09,0.04638611033537788,0,val,EURSGD_RET
2024-05-10,0.08340952747152168,0,val,EURSGD_RET
2024-05-13,0.0405110708754254,0,val,EURSGD_RET
2024-05-14,0.08895322120796183,0,val,EURSGD_RET
2024-05-15,0.15897868257395428,0,val,EURSGD_RET
2024-05-16,0.06574223117583981,0,val,EURSGD_RET
2024-05-17,-0.03575151346334501,0,val,EURSGD_RET
2024-05-20,-0.00144297875283534,0,val,EURSGD_RET
2024-05-21,0.05170190813289396,0,val,EURSGD_RET
2024-05-22,-0.06102709419406623,0,val,EURSGD_RET
2024-05-23,-0.0776959187359598,0,val,EURSGD_RET
2024-05-24,0.02342626647501207,0,val,EURSGD_RET
2024-05-27,0.16132384357569762,0,val,EURSGD_RET
2024-05-28,0.05500156011895271,0,val,EURSGD_RET
2024-05-29,-0.10489365031713392,0,val,EURSGD_RET
2024-05-30,-0.1949317963852996,0,val,EURSGD_RET
2024-05-31,0.1394853158424232,0,val,EURSGD_RET
2024-06-03,0.23006454965700296,0,val,EURSGD_RET
2024-06-04,0.08316697842823446,0,val,EURSGD_RET
2024-06-05,-0.1116364869380502,0,val,EURSGD_RET
2024-06-06,0.02088556065630097,0,val,EURSGD_RET
2024-06-07,-0.02807662537520421,0,val,EURSGD_RET
2024-06-10,-0.5472001136369079,0,val,EURSGD_RET
2024-06-11,-0.08396452181213768,0,val,EURSGD_RET
2024-06-12,-0.20336141517352116,0,val,EURSGD_RET
2024-06-13,0.30769210486771853,0,val,EURSGD_RET
2024-06-14,-0.4614320309525213,0,val,EURSGD_RET
2024-06-17,-0.16303499802788263,0,val,EURSGD_RET
2024-06-18,0.16763466016766518,0,val,EURSGD_RET
2024-06-19,0.03354095389838728,0,val,EURSGD_RET
2024-06-20,0.04600208882841967,0,val,EURSGD_RET
2024-06-21,-0.15290252879999142,0,val,EURSGD_RET
2024-06-24,-0.10275829956184278,0,val,EURSGD_RET
2024-06-25,0.2448043837069206,0,val,EURSGD_RET
2024-06-26,-0.0781104897790243,0,val,EURSGD_RET
2024-06-27,0.03068480097601535,0,val,EURSGD_RET
2024-06-28,0.20265110296295713,0,val,EURSGD_RET
2024-07-01,0.00651262819856299,0,val,EURSGD_RET
2024-07-02,0.24059767895082876,0,val,EURSGD_RET
2024-07-03,-0.02368855889949943,0,val,EURSGD_RET
2024-07-04,0.21454929719233123,0,val,EURSGD_RET
2024-07-05,0.03968558983271249,0,val,EURSGD_RET
2024-07-08,-0.07158675460568968,0,val,EURSGD_RET
2024-07-09,0.10329248013367642,0,val,EURSGD_RET
2024-07-10,-0.06565027059110586,0,val,EURSGD_RET
2024-07-11,0.02727500604898057,0,val,EURSGD_RET
2024-07-12,-0.12102611582283249,0,val,EURSGD_RET
2024-07-15,0.1793233835958644,0,val,EURSGD_RET
2024-07-16,0.18503024525325423,0,val,EURSGD_RET
2024-07-17,0.04517614230796215,0,val,EURSGD_RET
2024-07-18,-0.00519258762914715,0,val,EURSGD_RET
2024-07-19,-0.03180300769556669,0,val,EURSGD_RET
2024-07-22,0.01391525834418915,0,val,EURSGD_RET
2024-07-23,0.0462744406493123,0,val,EURSGD_RET
2024-07-24,-0.365745840162937,0,val,EURSGD_RET
2024-07-25,-0.2591901126025277,0,val,EURSGD_RET
2024-07-26,0.04889917494043088,0,val,EURSGD_RET
2024-07-29,0.02576654860918179,0,val,EURSGD_RET
2024-07-30,-0.31047657323689476,0,val,EURSGD_RET
2024-07-31,-0.11554629767459931,0,val,EURSGD_RET
2024-08-01,-0.3898574348363253,0,val,EURSGD_RET
2024-08-02,-0.2567291912087043,0,val,EURSGD_RET
2024-08-05,0.3028078946156389,0,val,EURSGD_RET
2024-08-06,0.33709789823267133,0,val,EURSGD_RET
2024-08-07,-0.20982320193667744,0,val,EURSGD_RET
2024-08-08,0.10495538328976732,0,val,EURSGD_RET
2024-08-09,-0.15202654411139974,0,val,EURSGD_RET
2024-08-12,-0.15631947713042002,0,val,EURSGD_RET
2024-08-13,0.16837584390875154,0,val,EURSGD_RET
2024-08-14,0.04566190152063126,0,val,EURSGD_RET
2024-08-15,0.11937147733729868,0,val,EURSGD_RET
2024-08-16,0.04931846478714861,0,val,EURSGD_RET
2024-08-19,-0.01612742118652546,0,val,EURSGD_RET
2024-08-20,-0.04458987302740196,0,test,EURSGD_RET
2024-08-21,0.11673579607247708,0,test,EURSGD_RET
2024-08-22,0.3059989431290706,0,test,EURSGD_RET
2024-08-23,0.0240540819848307,0,test,EURSGD_RET
2024-08-26,-0.05245737089456626,0,test,EURSGD_RET
2024-08-27,-0.00748597580451844,0,test,EURSGD_RET
2024-08-28,-0.06429124298163388,0,test,EURSGD_RET
2024-08-29,-0.3099857032908847,0,test,EURSGD_RET
2024-08-30,-0.4698720498719228,0,test,EURSGD_RET
2024-09-02,-0.05818996751547692,0,test,EURSGD_RET
2024-09-03,0.230565807164972,0,test,EURSGD_RET
2024-09-04,-0.1298128952448023,0,test,EURSGD_RET
2024-09-05,-0.01340136254595247,0,test,EURSGD_RET
2024-09-06,0.02809943054952857,0,test,EURSGD_RET
2024-09-09,0.05359198622219414,0,test,EURSGD_RET
2024-09-10,-0.2467749630807814,0,test,EURSGD_RET
2024-09-11,-0.28563097097180234,0,test,EURSGD_RET
2024-09-12,-0.05923304470685539,0,test,EURSGD_RET
2024-09-13,0.308480811438664,0,test,EURSGD_RET
2024-09-16,-0.1548634650908032,0,test,EURSGD_RET
2024-09-17,0.23340804545348529,0,test,EURSGD_RET
2024-09-18,-0.04165548078982316,0,test,EURSGD_RET
2024-09-19,-0.05828372371299095,0,test,EURSGD_RET
2024-09-20,0.1412429924291547,0,test,EURSGD_RET
2024-09-23,-0.18274629687750005,0,test,EURSGD_RET
2024-09-24,-0.3859815902175199,0,test,EURSGD_RET
2024-09-25,0.04804787128030219,0,test,EURSGD_RET
2024-09-26,0.03787652695178249,0,test,EURSGD_RET
2024-09-27,-0.04468447981845252,0,test,EURSGD_RET
2024-09-30,-0.313908727545466,0,test,EURSGD_RET
2024-10-01,0.04284873766691208,0,test,EURSGD_RET
2024-10-02,-0.403878724521737,0,test,EURSGD_RET
2024-10-03,0.15057585758288872,0,test,EURSGD_RET
2024-10-04,0.19669172179476865,0,test,EURSGD_RET
2024-10-07,0.10515818674646273,0,test,EURSGD_RET
2024-10-08,-0.04729530611625566,0,test,EURSGD_RET
2024-10-09,0.02760616874626342,0,test,EURSGD_RET
2024-10-10,-0.06539802008943524,0,test,EURSGD_RET
2024-10-11,-0.18973631357836607,0,test,EURSGD_RET
2024-10-14,0.03720232996002336,0,test,EURSGD_RET
2024-10-15,-0.11024843877763645,0,test,EURSGD_RET
2024-10-16,-0.10231468416254684,0,test,EURSGD_RET
2024-10-17,0.08619420194329927,0,test,EURSGD_RET
2024-10-18,-0.24127514179723888,0,test,EURSGD_RET
2024-10-21,0.04084643662355679,0,test,EURSGD_RET
2024-10-22,0.03945821318923205,0,test,EURSGD_RET
2024-10-23,-0.22971691177465972,0,test,EURSGD_RET
2024-10-24,0.36601378241638577,0,test,EURSGD_RET
2024-10-25,0.07998385072780663,0,test,EURSGD_RET
2024-10-28,0.09157554674662732,0,test,EURSGD_RET
2024-10-29,0.12420953852106846,0,test,EURSGD_RET
2024-10-30,0.11506539325428408,0,test,EURSGD_RET
2024-10-31,0.235346288697224,0,test,EURSGD_RET
2024-11-01,0.07678346054693262,0,test,EURSGD_RET
2024-11-04,0.06676055148354222,0,test,EURSGD_RET
2024-11-05,-0.17621186687124124,0,test,EURSGD_RET
2024-11-06,0.07236129550459894,0,test,EURSGD_RET
2024-11-07,-0.36337586362946434,0,test,EURSGD_RET
2024-11-08,-0.3635908804054892,0,test,EURSGD_RET
2024-11-11,-0.21775997750413473,0,test,EURSGD_RET
2024-11-12,-0.07558051928832223,0,test,EURSGD_RET
2024-11-13,-0.0033292110683609,0,test,EURSGD_RET
2024-11-14,-0.19390678332854905,0,test,EURSGD_RET
2024-11-15,-0.1181782960143702,0,test,EURSGD_RET
2024-11-18,-0.21151769377888507,0,test,EURSGD_RET
2024-11-19,0.2827505065541723,0,test,EURSGD_RET
2024-11-20,-0.00356274713448228,0,test,EURSGD_RET
2024-11-21,-0.1417679205262936,0,test,EURSGD_RET
2024-11-22,-0.4368308963101296,0,test,EURSGD_RET
2024-11-25,-0.1604454388288384,0,test,EURSGD_RET
2024-11-26,0.10571511100539684,0,test,EURSGD_RET
2024-11-27,0.20906557064272807,0,test,EURSGD_RET
2024-11-28,0.30989236221937316,0,test,EURSGD_RET
2024-11-29,0.03287225704308446,0,test,EURSGD_RET
2024-12-02,-0.18036730901488496,0,test,EURSGD_RET
2024-12-03,-0.14121379059672787,0,test,EURSGD_RET
2024-12-04,0.09065354329365204,0,test,EURSGD_RET
2024-12-05,-0.05921941964144713,0,test,EURSGD_RET
2024-12-06,0.29701440998101364,0,test,EURSGD_RET
2024-12-09,0.00592348812821766,0,test,EURSGD_RET
2024-12-10,-0.15681576764761118,0,test,EURSGD_RET
2024-12-11,-0.14972608358280723,0,test,EURSGD_RET
2024-12-12,-0.1186191745177455,0,test,EURSGD_RET
2024-12-13,-0.07015478405446568,0,test,EURSGD_RET
2024-12-16,0.4885751971253195,0,test,EURSGD_RET
2024-12-17,0.1442759556892684,0,test,EURSGD_RET
2024-12-18,-0.19517471018222227,0,test,EURSGD_RET
2024-12-19,-0.4158386571652255,0,test,EURSGD_RET
2024-12-20,0.06114232063461907,0,test,EURSGD_RET
2024-12-23,0.20387715870368936,0,test,EURSGD_RET
2024-12-24,-0.1324985372199597,0,test,EURSGD_RET
2024-12-25,0.16606710890898446,0,test,EURSGD_RET
2024-12-26,-0.08943576580953386,0,test,EURSGD_RET
2024-12-27,0.21224869909914057,0,test,EURSGD_RET
2024-12-30,-0.00535363155564412,0,test,EURSGD_RET
2024-12-31,-0.12210505755506568,0,test,EURSGD_RET
2025-01-01,0,0,test,EURSGD_RET
2025-01-02,-0.06872839826276968,0,test,EURSGD_RET
2025-01-03,-0.5137805367937239,0,test,EURSGD_RET
2025-01-06,0.4428193209425964,0,test,EURSGD_RET
2025-01-07,0.2748208952888388,0,test,EURSGD_RET
2025-01-08,-0.32499727672824474,0,test,EURSGD_RET
2025-01-09,-0.04970147134042485,0,test,EURSGD_RET
2025-01-10,-0.17615653037100537,0,test,EURSGD_RET
2025-01-13,-0.27306582386569545,0,test,EURSGD_RET
2025-01-14,-0.02547711572094969,0,test,EURSGD_RET
2025-01-15,0.3260180616556943,0,test,EURSGD_RET
2025-01-16,-0.1686365921151156,0,test,EURSGD_RET
2025-01-17,0.1087919587544113,0,test,EURSGD_RET
2025-01-20,-0.20361034134763387,0,test,EURSGD_RET
2025-01-21,0.4721835452215407,0,test,EURSGD_RET
2025-01-22,-0.15417624559586074,0,test,EURSGD_RET
2025-01-23,0.06642264451078606,0,test,EURSGD_RET
2025-01-24,0.12410456071312878,0,test,EURSGD_RET
2025-01-27,-0.07555349668866838,0,test,EURSGD_RET
2025-01-28,-0.16274899458672154,0,test,EURSGD_RET
2025-01-29,0.0058118931208627,0,test,EURSGD_RET
2025-01-30,-0.2290963762936777,0,test,EURSGD_RET
2025-01-31,-0.03236145550862391,0,test,EURSGD_RET
2025-02-03,-0.23862568245479132,0,test,EURSGD_RET
2025-02-04,0.14750278775833842,0,test,EURSGD_RET
2025-02-05,-0.08987778327940654,0,test,EURSGD_RET
2025-02-06,-0.02464682220915769,0,test,EURSGD_RET
2025-02-07,-0.02618706111829246,0,test,EURSGD_RET
2025-02-10,-0.20931961102137317,0,test,EURSGD_RET
2025-02-11,-0.1812133297105373,0,test,EURSGD_RET
2025-02-12,0.3782393128080708,0,test,EURSGD_RET
2025-02-13,0.2641998973286961,0,test,EURSGD_RET
2025-02-14,-6.7159943356059e-4,0,test,EURSGD_RET
2025-02-17,-0.0493711567542812,0,test,EURSGD_RET
2025-02-18,0.06476726285423205,0,test,EURSGD_RET
2025-02-19,-0.2784850224409094,0,test,EURSGD_RET
2025-02-20,-0.19188091975928465,0,test,EURSGD_RET
2025-02-21,0.03177564431497638,0,test,EURSGD_RET
2025-02-24,-0.05655517301563591,0,test,EURSGD_RET
2025-02-25,0.14189897409597013,0,test,EURSGD_RET
2025-02-26,0.3266747937907325,0,test,EURSGD_RET
2025-02-27,-0.1888182712583592,0,test,EURSGD_RET
2025-02-28,-0.12837061413816692,0,test,EURSGD_RET
2025-03-03,0.2912318472606335,0,test,EURSGD_RET
2025-03-04,0.45054612304973984,0,test,EURSGD_RET
2025-03-05,0.7256425746312769,0,test,EURSGD_RET
2025-03-06,1.0224216067410874,0,test,EURSGD_RET
2025-03-07,0.09369350951071066,0,test,EURSGD_RET
2025-03-10,0.4299594376834674,0,test,EURSGD_RET
2025-03-11,0.11259177236532011,0,test,EURSGD_RET
2025-03-12,0.48324917090964753,0,test,EURSGD_RET
2025-03-13,-0.15326882615321832,0,test,EURSGD_RET
2025-03-14,-0.05290472919707753,0,test,EURSGD_RET
2025-03-17,0.09497723906160116,0,test,EURSGD_RET
2025-03-18,0.0954272689472335,0,test,EURSGD_RET
2025-03-19,0.24140654370149697,0,test,EURSGD_RET
2025-03-20,-0.3628907626100792,0,test,EURSGD_RET
2025-03-21,-0.12057412393786655,0,test,EURSGD_RET
2025-03-24,-0.16908482477287787,0,test,EURSGD_RET
2025-03-25,1.6336317748554e-4,0,test,EURSGD_RET
2025-03-26,-0.3575726054038004,0,test,EURSGD_RET
2025-03-27,-0.03801564400659077,0,test,EURSGD_RET
2025-03-28,0.40691861140718455,0,test,EURSGD_RET
2025-03-31,0.4647196285537134,0,test,EURSGD_RET
2025-04-01,-0.00930422295000683,0,test,EURSGD_RET
2025-04-02,-0.1612172373092709,0,test,EURSGD_RET
2025-04-03,1.185036817982533,0,test,EURSGD_RET
2025-04-04,0.4374527997525508,0,test,EURSGD_RET
2025-04-07,0.31116804668414694,0,test,EURSGD_RET
2025-04-08,-0.2264378506334087,0,test,EURSGD_RET
2025-04-09,0.6033436611532852,0,test,EURSGD_RET
2025-04-10,-0.9988347660339524,0,test,EURSGD_RET
2025-04-11,1.7375564508951211,0,test,EURSGD_RET
2025-04-14,0.11839055559637283,0,test,EURSGD_RET
2025-04-15,-0.3598975956936516,0,test,EURSGD_RET
2025-04-16,-0.22929142162893212,0,test,EURSGD_RET
2025-04-17,0.3037767830198243,0,test,EURSGD_RET
2025-04-18,0,0,test,EURSGD_RET
2025-04-21,0,0,test,EURSGD_RET
2025-04-22,0.6103413733303424,0,test,EURSGD_RET
2025-04-23,-0.737102475806422,0,test,EURSGD_RET
2025-04-24,-0.04816455086792994,0,test,EURSGD_RET
2025-04-25,0.10810240433644858,0,test,EURSGD_RET
2025-04-28,-0.03176449352011197,0,test,EURSGD_RET
2025-04-29,0.12063868589038068,0,test,EURSGD_RET
2025-04-30,-0.24240926741567315,0,test,EURSGD_RET
2025-05-01,-0.768723292850363,0,test,EURSGD_RET
2025-05-02,0.14028739046002553,0,test,EURSGD_RET
2025-05-05,-0.8652216335638908,0,test,EURSGD_RET
2025-05-06,-0.5634322510728006,0,test,EURSGD_RET
2025-05-07,0.13920053189149412,0,test,EURSGD_RET
2025-05-08,0.1185851525144581,0,test,EURSGD_RET
2025-05-09,-0.25601950653224287,0,test,EURSGD_RET
2025-05-12,-0.1688044799089261,0,test,EURSGD_RET
2025-05-13,-0.6240176270548965,0,test,EURSGD_RET
2025-05-14,0.4776805865892864,0,test,EURSGD_RET
2025-05-15,-0.04780286466570802,0,test,EURSGD_RET
2025-05-16,-0.2179546280944515,0,test,EURSGD_RET
2025-05-19,0.07744096272532382,0,test,EURSGD_RET
2025-05-20,0.16392222841227888,0,test,EURSGD_RET
2025-05-21,0.4517739110361779,0,test,EURSGD_RET
2025-05-22,-0.0140053026857358,0,test,EURSGD_RET
2025-05-23,-0.23964305607365505,0,test,EURSGD_RET
2025-05-26,0.23416342651670297,0,test,EURSGD_RET
2025-05-27,0.04347504052291362,0,test,EURSGD_RET
2025-05-28,-0.08361191210721448,0,test,EURSGD_RET
2025-05-29,-0.4949781708661249,0,test,EURSGD_RET
2025-05-30,0.7038282252721303,0,test,EURSGD_RET
2025-06-02,0.04736803365285087,0,test,EURSGD_RET
2025-06-03,0.5005094364351872,0,test,EURSGD_RET
2025-06-04,-0.2792675694837308,0,test,EURSGD_RET
2025-06-05,0.05611041393438801,0,test,EURSGD_RET
2025-06-06,0.3339275274481054,0,test,EURSGD_RET
2025-06-09,-0.2407723677796585,0,test,EURSGD_RET
2025-06-10,-0.03127035943595277,0,test,EURSGD_RET
2025-06-11,0.11343485714918872,0,test,EURSGD_RET
2025-06-12,0.446651180698821,0,test,EURSGD_RET
2025-06-13,0.35359155929115765,0,test,EURSGD_RET
2025-06-16,-0.12313280956615878,0,test,EURSGD_RET
2025-06-17,-0.06259638353336733,0,test,EURSGD_RET
2025-06-18,-0.2000768771360923,0,test,EURSGD_RET
2025-06-19,-0.12411155455115092,0,test,EURSGD_RET
2025-06-20,0.2789081134883306,0,test,EURSGD_RET
2025-06-23,0.29645712153607456,0,test,EURSGD_RET
2025-06-24,0.2896068322622364,0,test,EURSGD_RET
2025-06-25,-0.09930888354049631,0,test,EURSGD_RET
2025-06-26,0.34945244408237014,0,test,EURSGD_RET
2025-06-27,-0.04038014971196293,0,test,EURSGD_RET
2025-06-30,0.34484472832390667,0,test,EURSGD_RET
2025-07-01,0.10580075768996978,0,test,EURSGD_RET
2025-07-02,0.2988370771225961,0,test,EURSGD_RET
2025-07-03,-0.02678537519021081,0,test,EURSGD_RET
2025-07-04,-0.15914367045482208,0,test,EURSGD_RET
2025-07-07,0.1032357997475464,0,test,EURSGD_RET
2025-07-08,-0.00652163163863498,0,test,EURSGD_RET
2025-07-09,-0.01842681313270132,0,test,EURSGD_RET
2025-07-10,0.03207442675964117,0,test,EURSGD_RET
2025-07-11,-0.26443534522571055,0,test,EURSGD_RET
2025-07-14,-0.0968534959218903,0,test,EURSGD_RET
2025-07-15,0.01520905429998977,0,test,EURSGD_RET
2025-07-16,-0.3285596529736443,0,test,EURSGD_RET
2025-07-17,0.14123972042828964,0,test,EURSGD_RET
2025-07-18,-0.01631529763651952,0,test,EURSGD_RET
2025-07-21,0.08696930979172705,0,test,EURSGD_RET
2025-07-22,0.21875212579360592,0,test,EURSGD_RET
2025-07-23,0.22918400267402964,0,test,EURSGD_RET
2025-07-24,0.12562610276611105,0,test,EURSGD_RET
2025-07-25,-0.09772792552966891,0,test,EURSGD_RET
2025-07-28,0.27175223446496943,0,test,EURSGD_RET
2025-07-29,-0.9134492367738348,0,test,EURSGD_RET
2025-07-30,-0.30025261860761987,0,test,EURSGD_RET
2025-07-31,-0.4295738318404474,0,test,EURSGD_RET
2025-08-01,0.1035614364766418,0,test,EURSGD_RET
2025-08-04,0.6962422827883074,0,test,EURSGD_RET
2025-08-05,-0.1462850391531296,0,test,EURSGD_RET
2025-08-06,-0.00555929641183307,0,test,EURSGD_RET
2025-08-07,0.5580117148542363,0,test,EURSGD_RET
2025-08-08,-0.09010266443074716,0,test,EURSGD_RET
2025-08-11,-0.04821596608381927,0,test,EURSGD_RET
2025-08-12,-0.1361733458718211,0,test,EURSGD_RET
2025-08-13,0.21672922906032732,0,test,EURSGD_RET
2025-08-14,0.05431512972017561,0,test,EURSGD_RET
2025-08-15,-0.16257448081266895,0,test,EURSGD_RET
2025-08-18,0.3499034890313489,0,test,EURSGD_RET
2025-08-19,-0.19637427772724125,0,test,EURSGD_RET
2025-08-20,-0.15452013419735933,0,test,EURSGD_RET
2025-08-21,0.0729752785714943,0,test,EURSGD_RET
2025-08-22,-0.07313724840715433,0,test,EURSGD_RET
2025-08-25,0.3440603434665808,0,test,EURSGD_RET
2025-08-26,-0.4956959090268928,0,test,EURSGD_RET
2025-08-27,0.13436833664448922,0,test,EURSGD_RET
2025-08-28,0.05001042043278749,0,test,EURSGD_RET
2025-08-29,0.07155467733563264,0,test,EURSGD_RET
2025-09-01,0.18663766500311527,0,test,EURSGD_RET
2025-09-02,0.2091114461414408,0,test,EURSGD_RET
2025-09-03,-0.2651838047871263,0,test,EURSGD_RET
2025-09-04,0.12507545352387286,0,test,EURSGD_RET
2025-09-05,0.04652363376373324,0,test,EURSGD_RET
2025-09-08,0.22273771042927543,0,test,EURSGD_RET
2025-09-09,0.2438300861221593,0,test,EURSGD_RET
2025-09-10,-0.5251356788700732,0,test,EURSGD_RET
2025-09-11,-0.07835106900140547,0,test,EURSGD_RET
2025-09-12,0.23364913569946197,0,test,EURSGD_RET
2025-09-15,0.01229135652724577,0,test,EURSGD_RET
2025-09-16,0.1352946550268948,0,test,EURSGD_RET
2025-09-17,0.5323829026043168,0,test,EURSGD_RET
2025-09-18,-0.2549942481553378,0,test,EURSGD_RET
2025-09-19,0.06547314408668074,0,test,EURSGD_RET
2025-09-22,-0.17406158289560747,0,test,EURSGD_RET
2025-09-23,0.26523152201664857,0,test,EURSGD_RET
2025-09-24,0.22952742299003007,0,test,EURSGD_RET
2025-09-25,-0.2051990303005099,0,test,EURSGD_RET
2025-09-26,-0.23136786008734225,0,test,EURSGD_RET
2025-09-29,0.15243669731480633,0,test,EURSGD_RET
2025-09-30,0.07329962425963839,0,test,EURSGD_RET
2025-10-01,0.07786086106893839,0,test,EURSGD_RET
2025-10-02,-0.21309630823517992,0,test,EURSGD_RET
2025-10-03,-0.00636146730616447,0,test,EURSGD_RET
2025-10-06,0.13789181375852688,0,test,EURSGD_RET
2025-10-07,-0.06597357169899398,0,test,EURSGD_RET
2025-10-08,-0.28861754693213715,0,test,EURSGD_RET
2025-10-09,-0.04226555215510441,0,test,EURSGD_RET
2025-10-10,-0.28352714182309213,0,test,EURSGD_RET
2025-10-13,0.1509990810702885,0,test,EURSGD_RET
2025-10-14,-0.13982765553381157,0,test,EURSGD_RET
2025-10-15,0.23730498845793072,0,test,EURSGD_RET
2025-10-16,0.15379854875183932,0,test,EURSGD_RET
2025-10-17,0.25164281428664786,0,test,EURSGD_RET
2025-10-20,-0.15764242632995973,0,test,EURSGD_RET
2025-10-21,-0.25089428764073857,0,test,EURSGD_RET
2025-10-22,-0.01237895443384886,0,test,EURSGD_RET
2025-10-23,0.02571394263246831,0,test,EURSGD_RET
2025-10-24,0.14253988071294194,0,test,EURSGD_RET
2025-10-27,0.07505028400694874,0,test,EURSGD_RET
2025-10-28,0.02272779389942498,0,test,EURSGD_RET
2025-10-29,-0.1676842503557834,0,test,EURSGD_RET
2025-10-30,-0.16219758048787855,0,test,EURSGD_RET
2025-10-31,-0.11477482846568172,0,test,EURSGD_RET
2025-11-03,-0.18393110266231333,0,test,EURSGD_RET
2025-11-04,0.16292914965519595,0,test,EURSGD_RET
2025-11-05,-0.08775707938477995,0,test,EURSGD_RET
2025-11-06,-0.01786476760916688,0,test,EURSGD_RET
2025-11-07,0.3042059709814741,0,test,EURSGD_RET
2025-11-10,-0.1620364325375924,0,test,EURSGD_RET
2025-11-11,0.10935883946669137,0,test,EURSGD_RET
2025-11-12,0.1417019923998267,0,test,EURSGD_RET
2025-11-13,0.1004922092066358,0,test,EURSGD_RET
2025-11-14,0.29799402664629665,0,test,EURSGD_RET
2025-11-17,-0.3137381637670719,0,test,EURSGD_RET
2025-11-18,0.09013333609851,0,test,EURSGD_RET
2025-11-19,-0.22779968645840315,0,test,EURSGD_RET
2025-11-20,0.03176058429719263,0,test,EURSGD_RET
2025-11-21,0.05101002592858696,0,test,EURSGD_RET
2025-11-24,-0.2484104550379691,0,test,EURSGD_RET
2025-11-25,-0.07171434940643125,0,test,EURSGD_RET
2025-11-26,0.1645502123015471,0,test,EURSGD_RET
2025-11-27,-0.10519092303331996,0,test,EURSGD_RET
2025-11-28,0.00959280276128435,0,test,EURSGD_RET
2025-12-01,-0.06941074378992054,0,test,EURSGD_RET
2025-12-02,0.11819467178469575,0,test,EURSGD_RET
2025-12-03,0.13646350516523092,0,test,EURSGD_RET
2025-12-04,0.16052126315712625,0,test,EURSGD_RET
2025-12-05,0.00219263930984347,0,test,EURSGD_RET
2025-12-08,-0.05838139388138823,0,test,EURSGD_RET
2025-12-09,0.13153631748632555,0,test,EURSGD_RET
2025-12-10,-0.15909840610731257,0,test,EURSGD_RET
2025-12-11,0.2544307533465019,0,test,EURSGD_RET
2025-12-12,0.2956418961362713,0,test,EURSGD_RET
2025-12-15,-0.01680470919595049,0,test,EURSGD_RET
2025-12-16,-0.03373774963164117,0,test,EURSGD_RET
2025-12-17,-0.07451745079041906,0,test,EURSGD_RET
2025-12-18,0.10402991646176989,0,test,EURSGD_RET
2025-12-19,-0.25511355758844917,0,test,EURSGD_RET
2025-12-22,0.09860471058265052,0,test,EURSGD_RET
2025-12-23,0.10313934041782565,0,test,EURSGD_RET
2025-12-24,-0.01729374590868351,0,test,EURSGD_RET
2025-12-25,0,0,test,EURSGD_RET
2025-12-26,-0.11100515814778128,0,test,EURSGD_RET
2025-12-29,-0.09004996523550933,0,test,EURSGD_RET
2025-12-30,0.04555129186929027,0,test,EURSGD_RET
2025-12-31,-0.29541732641820057,0,test,EURSGD_RET
2026-01-01,0,0,test,EURSGD_RET
2026-01-02,0.0893117642622961,0,test,EURSGD_RET
2026-01-05,-0.14563269093603692,0,test,EURSGD_RET
2026-01-06,-0.3003932586822263,0,test,EURSGD_RET
2026-01-07,-0.40840989450658594,0,test,EURSGD_RET
2026-01-08,0.05791624858546561,0,test,EURSGD_RET
2026-01-09,0.03645572386711102,0,test,EURSGD_RET
2026-01-12,-0.1269649155509033,0,test,EURSGD_RET
2026-01-13,0.24323695544286292,0,test,EURSGD_RET
2026-01-14,0.04501051852681499,0,test,EURSGD_RET
2026-01-15,-0.07141728698767401,0,test,EURSGD_RET
2026-01-16,-0.2929676956368608,0,test,EURSGD_RET
2026-01-19,0.04852944684663545,0,test,EURSGD_RET
2026-01-20,0.00316003458082644,0,test,EURSGD_RET
2026-01-21,0.6480890914172056,0,test,EURSGD_RET
2026-01-22,-0.35240548602511895,0,test,EURSGD_RET
2026-01-23,0.29234468814157916,0,test,EURSGD_RET
2026-01-26,0.1755935112352865,0,test,EURSGD_RET
2026-01-27,0.07162837299454178,0,test,EURSGD_RET
2026-01-28,0.4386911472953392,0,test,EURSGD_RET
2026-01-29,-0.283172338013349,0,test,EURSGD_RET
2026-01-30,0.10140423734554528,0,test,EURSGD_RET
2026-02-02,-0.322647776522393,0,test,EURSGD_RET
2026-02-03,-0.4724304478169504,0,test,EURSGD_RET
2026-02-04,0.02010217494938572,0,test,EURSGD_RET
2026-02-05,0.09663959354252824,0,test,EURSGD_RET
2026-02-06,0.01814914178528591,0,test,EURSGD_RET
2026-02-09,0.05649935801309899,0,test,EURSGD_RET
2026-02-10,0.2466111932934548,0,test,EURSGD_RET
2026-02-11,-0.16243080622220413,0,test,EURSGD_RET
2026-02-12,-0.3855102117588247,0,test,EURSGD_RET
2026-02-13,-0.03164053911142953,0,test,EURSGD_RET
2026-02-16,0.00675484612468104,0,test,EURSGD_RET
2026-02-17,-0.15774331947387307,0,test,EURSGD_RET
2026-02-18,0.03719042891470831,0,test,EURSGD_RET
2026-02-19,-0.17576443273346806,0,test,EURSGD_RET
2026-02-20,-0.07025429453018697,0,test,EURSGD_RET
2026-02-23,0.21708453644753348,0,test,EURSGD_RET
2026-02-24,-0.18411928974770328,0,test,EURSGD_RET
2026-02-25,-0.14923672705854948,0,test,EURSGD_RET
2026-02-26,0.05779805678081491,0,test,EURSGD_RET
2026-02-27,-0.0671125080318296,0,test,EURSGD_RET
2026-03-02,0.13150089705850118,0,test,EURSGD_RET
2026-03-03,-0.30745690124111,0,test,EURSGD_RET
2026-03-04,-0.3663610986446412,0,test,EURSGD_RET
2026-03-05,0.02238862383978399,0,test,EURSGD_RET
2026-03-06,0.15205594433295053,0,test,EURSGD_RET
2026-03-09,-0.3767762310474415,0,test,EURSGD_RET
2026-03-10,0.09405695537899272,0,test,EURSGD_RET
2026-03-11,-0.21436201843040892,0,test,EURSGD_RET
2026-03-12,-0.3472446686076291,0,test,EURSGD_RET
2026-03-13,0.00185864355880198,0,test,EURSGD_RET
2026-03-16,-0.4503195127111035,0,test,EURSGD_RET
2026-03-17,0.2385285994535121,0,test,EURSGD_RET
2026-03-18,0.1878046788020276,0,test,EURSGD_RET
2026-03-19,-0.09580413983249134,0,test,EURSGD_RET
2026-03-20,0.5270302860347792,0,test,EURSGD_RET
2026-03-23,0.1988990144884934,0,test,EURSGD_RET
2026-03-24,-0.1248474856076724,0,test,EURSGD_RET
2026-03-25,0.23896407598532804,0,test,EURSGD_RET
2026-03-26,-0.17512356220577946,0,test,EURSGD_RET
2026-03-27,0.14378643351251372,0,test,EURSGD_RET
2026-03-30,-0.06359943052887478,0,test,EURSGD_RET
2026-03-31,-0.1099874828212591,0,test,EURSGD_RET
2026-04-01,0.3969625682397432,0,test,EURSGD_RET
2026-04-02,0.00573448968690795,0,test,EURSGD_RET
2026-04-03,-0.242350099134087,0,test,EURSGD_RET
2023-01-04,0.28549466408143304,0,val,MYRSGD_RET
2023-01-05,-0.2562417842105376,0,val,MYRSGD_RET
2023-01-06,0.6906227979643349,0,val,MYRSGD_RET
2023-01-09,-1.2398212648934344,0,val,MYRSGD_RET
2023-01-10,0.383765657903039,0,val,MYRSGD_RET
2023-01-11,0.16254700821269194,0,val,MYRSGD_RET
2023-01-12,-0.09132787448602224,0,val,MYRSGD_RET
2023-01-13,-0.3025083277224726,0,val,MYRSGD_RET
2023-01-16,0.369382119263944,0,val,MYRSGD_RET
2023-01-17,0.4463302414032323,0,val,MYRSGD_RET
2023-01-18,-0.2499436637127989,0,val,MYRSGD_RET
2023-01-19,0.3177627561524171,0,val,MYRSGD_RET
2023-01-20,0.19025088678463783,0,val,MYRSGD_RET
2023-01-23,0.3507121089773703,0,val,MYRSGD_RET
2023-01-24,-0.00395592860122084,0,val,MYRSGD_RET
2023-01-25,0.1114428281785439,0,val,MYRSGD_RET
2023-01-26,-0.6305979102673361,0,val,MYRSGD_RET
2023-01-27,0.8864632461798969,0,val,MYRSGD_RET
2023-01-30,0.11008161915373076,0,val,MYRSGD_RET
2023-01-31,0.16144648779823803,0,val,MYRSGD_RET
2023-02-01,-0.5354877498261859,0,val,MYRSGD_RET
2023-02-02,-0.6713437791211398,0,val,MYRSGD_RET
2023-02-03,0.8918145359395299,0,val,MYRSGD_RET
2023-02-06,0.7888267400074355,0,val,MYRSGD_RET
2023-02-07,0.01664142591198789,0,val,MYRSGD_RET
2023-02-08,-1.201024908737815,0,val,MYRSGD_RET
2023-02-09,0.28223793991706236,0,val,MYRSGD_RET
2023-02-10,-0.3737989480858918,0,val,MYRSGD_RET
2023-02-13,-0.09717100710317296,0,val,MYRSGD_RET
2023-02-14,-0.8086048381632157,0,val,MYRSGD_RET
2023-02-15,0.33022941053640353,0,val,MYRSGD_RET
2023-02-16,-0.45803159817497463,0,val,MYRSGD_RET
2023-02-17,-0.1463710165987877,0,val,MYRSGD_RET
2023-02-20,-0.6326312116175766,0,val,MYRSGD_RET
2023-02-21,-0.04768841324643545,0,val,MYRSGD_RET
2023-02-22,0.27545291856096765,0,val,MYRSGD_RET
2023-02-23,-0.20520246303606685,0,val,MYRSGD_RET
2023-02-24,0.36515046474045937,0,val,MYRSGD_RET
2023-02-27,0.4683058631298473,0,val,MYRSGD_RET
2023-02-28,-1.1274898714909862,0,val,MYRSGD_RET
2023-03-01,-0.1321046895205601,0,val,MYRSGD_RET
2023-03-02,-0.14152037503369327,0,val,MYRSGD_RET
2023-03-03,0.3352425456886336,0,val,MYRSGD_RET
2023-03-06,-0.17161365037641138,0,val,MYRSGD_RET
2023-03-07,-0.00223325497453818,0,val,MYRSGD_RET
2023-03-08,0.6457717923603266,0,val,MYRSGD_RET
2023-03-09,-1.1266960554775007,0,val,MYRSGD_RET
2023-03-10,0.06783950779875235,0,val,MYRSGD_RET
2023-03-13,-0.38822883026919536,0,val,MYRSGD_RET
2023-03-14,0.4607586689576376,0,val,MYRSGD_RET
2023-03-15,0.1462673599072871,0,val,MYRSGD_RET
2023-03-16,0.455512247051902,0,val,MYRSGD_RET
2023-03-17,-0.790170778969222,0,val,MYRSGD_RET
2023-03-20,-0.03469891298628388,0,val,MYRSGD_RET
2023-03-21,-0.25166651189744965,0,val,MYRSGD_RET
2023-03-22,0.270142213379902,0,val,MYRSGD_RET
2023-03-23,-0.14553870035314576,0,val,MYRSGD_RET
2023-03-24,0.6756395758486593,0,val,MYRSGD_RET
2023-03-27,0.08441536480939413,0,val,MYRSGD_RET
2023-03-28,0.09448158002094838,0,val,MYRSGD_RET
2023-03-29,-0.00507869659275866,0,val,MYRSGD_RET
2023-03-30,-0.1431798424373782,0,val,MYRSGD_RET
2023-03-31,-0.10011267480437576,0,val,MYRSGD_RET
2023-04-03,0.6644791704230584,0,val,MYRSGD_RET
2023-04-04,-0.7344790939326215,0,val,MYRSGD_RET
2023-04-05,0.21705249522217712,0,val,MYRSGD_RET
2023-04-06,0.3950044854057972,0,val,MYRSGD_RET
2023-04-07,0.17987768023260428,0,val,MYRSGD_RET
2023-04-10,-0.3066565753337696,0,val,MYRSGD_RET
2023-04-11,0.1020912407779018,0,val,MYRSGD_RET
2023-04-12,-0.09452714398797674,0,val,MYRSGD_RET
2023-04-13,-0.2377652210738629,0,val,MYRSGD_RET
2023-04-14,-0.2017494021582607,0,val,MYRSGD_RET
2023-04-17,0.768061839542951,0,val,MYRSGD_RET
2023-04-18,-0.2862617868574498,0,val,MYRSGD_RET
2023-04-19,-0.4212253675612951,0,val,MYRSGD_RET
2023-04-20,0.3033305736847247,0,val,MYRSGD_RET
2023-04-21,-0.4138019161648662,0,val,MYRSGD_RET
2023-04-24,0.15685122974616894,0,val,MYRSGD_RET
2023-04-25,-0.10729235763461686,0,val,MYRSGD_RET
2023-04-26,0.24075670749768985,0,val,MYRSGD_RET
2023-04-27,-0.5226888163665405,0,val,MYRSGD_RET
2023-04-28,-0.07471419134588748,0,val,MYRSGD_RET
2023-05-01,0.01862832055155213,0,val,MYRSGD_RET
2023-05-02,0.16022263230259082,0,val,MYRSGD_RET
2023-05-03,-0.29411752308409744,0,val,MYRSGD_RET
2023-05-04,-0.04825573198552552,0,val,MYRSGD_RET
2023-05-05,-0.2317884219733058,0,val,MYRSGD_RET
2023-05-08,0.29600203452443763,0,val,MYRSGD_RET
2023-05-09,-0.06708578974374782,0,val,MYRSGD_RET
2023-05-10,-0.13524023512352085,0,val,MYRSGD_RET
2023-05-11,-0.22254148651304817,0,val,MYRSGD_RET
2023-05-12,0.17180696417676625,0,val,MYRSGD_RET
2023-05-15,0.2568954301927168,0,val,MYRSGD_RET
2023-05-16,-0.5918687792787347,0,val,MYRSGD_RET
2023-05-17,0.33506741955427355,0,val,MYRSGD_RET
2023-05-18,-0.4424189900874526,0,val,MYRSGD_RET
2023-05-19,0.11971296698020473,0,val,MYRSGD_RET
2023-05-22,-0.3040844723476724,0,val,MYRSGD_RET
2023-05-23,-0.11034103212453912,0,val,MYRSGD_RET
2023-05-24,-0.4050368512448604,0,val,MYRSGD_RET
2023-05-25,-0.3114075881030009,0,val,MYRSGD_RET
2023-05-26,-0.3069183418683127,0,val,MYRSGD_RET
2023-05-29,0.39473170407153224,0,val,MYRSGD_RET
2023-05-30,-0.00937396275640745,0,val,MYRSGD_RET
2023-05-31,-0.14027367772813368,0,val,MYRSGD_RET
2023-06-01,-0.2879480451256955,0,val,MYRSGD_RET
2023-06-02,-0.2902087200253521,0,val,MYRSGD_RET
2023-06-05,1.0729715614219903,0,val,MYRSGD_RET
2023-06-06,-0.10592967829236656,0,val,MYRSGD_RET
2023-06-07,-0.7744769644444262,0,val,MYRSGD_RET
2023-06-08,0.06008018594935849,0,val,MYRSGD_RET
2023-06-09,-0.7099213148353208,0,val,MYRSGD_RET
2023-06-12,0.1899538897813917,0,val,MYRSGD_RET
2023-06-13,-0.131516702723374,0,val,MYRSGD_RET
2023-06-14,-0.01205693524822791,0,val,MYRSGD_RET
2023-06-15,-0.218640086900989,0,val,MYRSGD_RET
2023-06-16,-0.409642428616972,0,val,MYRSGD_RET
2023-06-19,0.3021475142166748,0,val,MYRSGD_RET
2023-06-20,-0.01710061297344498,0,val,MYRSGD_RET
2023-06-21,-0.10258394254898108,0,val,MYRSGD_RET
2023-06-22,-0.3819945920676992,0,val,MYRSGD_RET
2023-06-23,0.2849330478852531,0,val,MYRSGD_RET
2023-06-26,-0.04083378493475809,0,val,MYRSGD_RET
2023-06-27,0.19284419301583217,0,val,MYRSGD_RET
2023-06-28,-0.08682135105881585,0,val,MYRSGD_RET
2023-06-29,0.07051724497809497,0,val,MYRSGD_RET
2023-06-30,0.26210295316048565,0,val,MYRSGD_RET
2023-07-03,-0.1860063871610294,0,val,MYRSGD_RET
2023-07-04,-0.12171699631906012,0,val,MYRSGD_RET
2023-07-05,0.20727725267195177,0,val,MYRSGD_RET
2023-07-06,0.2897207139020216,0,val,MYRSGD_RET
2023-07-07,-0.23181212379083985,0,val,MYRSGD_RET
2023-07-10,-0.6829330516384675,0,val,MYRSGD_RET
2023-07-11,-0.1284938317157315,0,val,MYRSGD_RET
2023-07-12,-0.0328214667567497,0,val,MYRSGD_RET
2023-07-13,-0.6523187611132794,0,val,MYRSGD_RET
2023-07-14,0.7961790445762219,0,val,MYRSGD_RET
2023-07-17,1.3123173273693869,0,val,MYRSGD_RET
2023-07-18,-0.26167954323277287,0,val,MYRSGD_RET
2023-07-19,4.5257571524827e-4,0,val,MYRSGD_RET
2023-07-20,0.15108058974254102,0,val,MYRSGD_RET
2023-07-21,0.11467310006239244,0,val,MYRSGD_RET
2023-07-24,-0.15428017140970218,0,val,MYRSGD_RET
2023-07-25,-0.10863529224864056,0,val,MYRSGD_RET
2023-07-26,-0.3022993683114223,0,val,MYRSGD_RET
2023-07-27,0.3074754821186133,0,val,MYRSGD_RET
2023-07-28,1.085966159491757,0,val,MYRSGD_RET
2023-07-31,-0.7174220465303535,0,val,MYRSGD_RET
2023-08-01,0.412898280934949,0,val,MYRSGD_RET
2023-08-02,0.5557136667403119,0,val,MYRSGD_RET
2023-08-03,-0.2639899667453783,0,val,MYRSGD_RET
2023-08-04,0.21649092935024616,0,val,MYRSGD_RET
2023-08-07,-0.322512947766042,0,val,MYRSGD_RET
2023-08-08,-0.01468863407786096,0,val,MYRSGD_RET
2023-08-09,0.03390886392258606,0,val,MYRSGD_RET
2023-08-10,0.12965111260856635,0,val,MYRSGD_RET
2023-08-11,0.22592676662670136,0,val,MYRSGD_RET
2023-08-14,-0.05391512323712583,0,val,MYRSGD_RET
2023-08-15,-0.5255234784050091,0,val,MYRSGD_RET
2023-08-16,-0.15948687177825552,0,val,MYRSGD_RET
2023-08-17,0.2921812063513103,0,val,MYRSGD_RET
2023-08-18,-0.677591983215241,0,val,MYRSGD_RET
2023-08-21,0.02286020948798747,0,val,MYRSGD_RET
2023-08-22,0.00750433561190101,0,val,MYRSGD_RET
2023-08-23,0.03286119103227511,0,val,MYRSGD_RET
2023-08-24,-0.4266651832157866,0,val,MYRSGD_RET
2023-08-25,0.4337823444494481,0,val,MYRSGD_RET
2023-08-28,0.01825327081123974,0,val,MYRSGD_RET
2023-08-29,-0.3343228763788343,0,val,MYRSGD_RET
2023-08-30,-0.223415095791602,0,val,MYRSGD_RET
2023-08-31,0.1311396728490968,0,val,MYRSGD_RET
2023-09-01,0.04665991813208392,0,val,MYRSGD_RET
2023-09-04,0.10613383470274648,0,val,MYRSGD_RET
2023-09-05,-0.08159816907101304,0,val,MYRSGD_RET
2023-09-06,0.6437775763348795,0,val,MYRSGD_RET
2023-09-07,-0.39561534771864226,0,val,MYRSGD_RET
2023-09-08,-0.00365072680054422,0,val,MYRSGD_RET
2023-09-11,-0.08021089030035013,0,val,MYRSGD_RET
2023-09-12,-0.1745259451993894,0,val,MYRSGD_RET
2023-09-13,-0.05464724548402164,0,val,MYRSGD_RET
2023-09-14,0.02792640097563386,0,val,MYRSGD_RET
2023-09-15,0.15371705253388696,0,val,MYRSGD_RET
2023-09-18,-0.16782411017767504,0,val,MYRSGD_RET
2023-09-19,-0.05759882894175621,0,val,MYRSGD_RET
2023-09-20,-0.09244963962368932,0,val,MYRSGD_RET
2023-09-21,0.3631096368896158,0,val,MYRSGD_RET
2023-09-22,-0.09395529062233988,0,val,MYRSGD_RET
2023-09-25,0.03118616812026973,0,val,MYRSGD_RET
2023-09-26,0.07124079090396307,0,val,MYRSGD_RET
2023-09-27,0.1006541461437012,0,val,MYRSGD_RET
2023-09-28,-0.09991436581254172,0,val,MYRSGD_RET
2023-09-29,-0.5031141595031244,0,val,MYRSGD_RET
2023-10-02,0.3467473657225054,0,val,MYRSGD_RET
2023-10-03,0.00503380111227778,0,val,MYRSGD_RET
2023-10-04,-0.1516783967915902,0,val,MYRSGD_RET
2023-10-05,-0.26833948102328303,0,val,MYRSGD_RET
2023-10-06,-0.2373758245723997,0,val,MYRSGD_RET
2023-10-09,0.196495697083184,0,val,MYRSGD_RET
2023-10-10,-0.5318545272316886,0,val,MYRSGD_RET
2023-10-11,0.01807980249494214,0,val,MYRSGD_RET
2023-10-12,0.15700563541910237,0,val,MYRSGD_RET
2023-10-13,0.6302344597594246,0,val,MYRSGD_RET
2023-10-16,-0.36979478825810674,0,val,MYRSGD_RET
2023-10-17,-0.2031409959515416,0,val,MYRSGD_RET
2023-10-18,-0.0339509997404893,0,val,MYRSGD_RET
2023-10-19,0.18138924524459932,0,val,MYRSGD_RET
2023-10-20,-0.4517676166893021,0,val,MYRSGD_RET
2023-10-23,-0.05757897536413196,0,val,MYRSGD_RET
2023-10-24,-0.4249324437799892,0,val,MYRSGD_RET
2023-10-25,-0.3818590958699707,0,val,MYRSGD_RET
2023-10-26,0.5385148102580642,0,val,MYRSGD_RET
2023-10-27,-0.4071202771409486,0,val,MYRSGD_RET
2023-10-30,0.2632277321449741,0,val,MYRSGD_RET
2023-10-31,-0.05056396346014031,0,val,MYRSGD_RET
2023-11-01,0.3087309399598968,0,val,MYRSGD_RET
2023-11-02,-0.38484452665905783,0,val,MYRSGD_RET
2023-11-03,0.3177394699832918,0,val,MYRSGD_RET
2023-11-06,-0.35027549354198295,0,val,MYRSGD_RET
2023-11-07,1.768536323705707,0,val,MYRSGD_RET
2023-11-08,0.28465173115975173,0,val,MYRSGD_RET
2023-11-09,-0.9301281605736612,0,val,MYRSGD_RET
2023-11-10,0.16109472297096533,0,val,MYRSGD_RET
2023-11-13,-0.0463150351656732,0,val,MYRSGD_RET
2023-11-14,-0.42883905557289553,0,val,MYRSGD_RET
2023-11-15,-0.9471768139211256,0,val,MYRSGD_RET
2023-11-16,1.0668291142046078,0,val,MYRSGD_RET
2023-11-17,-0.21801961282131344,0,val,MYRSGD_RET
2023-11-20,-0.2623891612349451,0,val,MYRSGD_RET
2023-11-21,-0.2838699878914134,0,val,MYRSGD_RET
2023-11-22,0.2804210480690127,0,val,MYRSGD_RET
2023-11-23,-0.22298500627440013,0,val,MYRSGD_RET
2023-11-24,-0.13097431541297225,0,val,MYRSGD_RET
2023-11-27,-0.18888839501365096,0,val,MYRSGD_RET
2023-11-28,-0.24917652255836217,0,val,MYRSGD_RET
2023-11-29,-0.21310458626379397,0,val,MYRSGD_RET
2023-11-30,0.16826000945425484,0,val,MYRSGD_RET
2023-12-01,0.6273723296725825,0,val,MYRSGD_RET
2023-12-04,-0.6206177554253683,0,val,MYRSGD_RET
2023-12-05,0.3942011844780502,0,val,MYRSGD_RET
2023-12-06,0.37756689143420846,0,val,MYRSGD_RET
2023-12-07,-0.00475497221589937,0,val,MYRSGD_RET
2023-12-08,-0.27144635149207286,0,val,MYRSGD_RET
2023-12-11,0.33335318657087765,0,val,MYRSGD_RET
2023-12-12,-0.1869337031360764,0,val,MYRSGD_RET
2023-12-13,-0.242357946603887,0,val,MYRSGD_RET
2023-12-14,-0.9565597478839892,0,val,MYRSGD_RET
2023-12-15,0.2526968291606334,0,val,MYRSGD_RET
2023-12-18,0.36670175070194166,0,val,MYRSGD_RET
2023-12-19,-0.5418687507611984,0,val,MYRSGD_RET
2023-12-20,-0.08372609452662576,0,val,MYRSGD_RET
2023-12-21,0.8132551185020751,0,val,MYRSGD_RET
2023-12-22,-0.3275284655152912,0,val,MYRSGD_RET
2023-12-25,-0.34284755573753556,0,val,MYRSGD_RET
2023-12-26,0.7058344737398744,0,val,MYRSGD_RET
2023-12-27,-0.26872807656807024,0,val,MYRSGD_RET
2023-12-28,-0.05771743077164083,0,val,MYRSGD_RET
2023-12-29,0.49403447844398857,0,val,MYRSGD_RET
2024-01-01,0.21420199181223357,0,val,MYRSGD_RET
2024-01-02,0.01971805536842404,0,val,MYRSGD_RET
2024-01-03,0.34728531895140596,0,val,MYRSGD_RET
2024-01-04,0.15444452648509693,0,val,MYRSGD_RET
2024-01-05,-0.6178406592784573,0,val,MYRSGD_RET
2024-01-08,-0.3919677137181423,0,val,MYRSGD_RET
2024-01-09,-0.00772206759465126,0,val,MYRSGD_RET
2024-01-10,0.3436904534431993,0,val,MYRSGD_RET
2024-01-11,-0.01051580565070861,0,val,MYRSGD_RET
2024-01-12,-0.15159503338333258,0,val,MYRSGD_RET
2024-01-15,0.15957953069800168,0,val,MYRSGD_RET
2024-01-16,-0.3302266858984413,0,val,MYRSGD_RET
2024-01-17,1.1277256027485567,0,val,MYRSGD_RET
2024-01-18,-1.372131837703538,0,val,MYRSGD_RET
2024-01-19,-0.04910991810816768,0,val,MYRSGD_RET
2024-01-22,-0.1837269610617467,0,val,MYRSGD_RET
2024-01-23,-0.11642296704573186,0,val,MYRSGD_RET
2024-01-24,-0.10435645568929834,0,val,MYRSGD_RET
2024-01-25,-0.14095502835640145,0,val,MYRSGD_RET
2024-01-26,-0.00661057665190272,0,val,MYRSGD_RET
2024-01-29,0.2113853352382004,0,val,MYRSGD_RET
2024-01-30,-0.3240499061160718,0,val,MYRSGD_RET
2024-01-31,0.11281758565784893,0,val,MYRSGD_RET
2024-02-01,0.05110125290441913,0,val,MYRSGD_RET
2024-02-02,-0.2565077404418597,0,val,MYRSGD_RET
2024-02-05,0.7402107051271994,0,val,MYRSGD_RET
2024-02-06,-0.43157534062187136,0,val,MYRSGD_RET
2024-02-07,-0.5686499883127017,0,val,MYRSGD_RET
2024-02-08,0.05424996096301975,0,val,MYRSGD_RET
2024-02-09,0.08547713089476215,0,val,MYRSGD_RET
2024-02-12,-0.016161991933239,0,val,MYRSGD_RET
2024-02-13,-0.03123441739081407,0,val,MYRSGD_RET
2024-02-14,0.43590409001181896,0,val,MYRSGD_RET
2024-02-15,-0.6425891309194356,0,val,MYRSGD_RET
2024-02-16,-0.05877376436114097,0,val,MYRSGD_RET
2024-02-19,-0.0073762465975234,0,val,MYRSGD_RET
2024-02-20,-0.07210465114192911,0,val,MYRSGD_RET
2024-02-21,-0.44335067915451176,0,val,MYRSGD_RET
2024-02-22,0.09711494841352523,0,val,MYRSGD_RET
2024-02-23,0.2459549447098602,0,val,MYRSGD_RET
2024-02-26,0.11860271600818507,0,val,MYRSGD_RET
2024-02-27,0.02879266421354278,0,val,MYRSGD_RET
2024-02-28,0.28784313923725074,0,val,MYRSGD_RET
2024-02-29,0.0152251992230203,0,val,MYRSGD_RET
2024-03-01,0.5123513421546826,0,val,MYRSGD_RET
2024-03-04,-0.1779778330456497,0,val,MYRSGD_RET
2024-03-05,0.4329142630146515,0,val,MYRSGD_RET
2024-03-06,-0.27456114475322735,0,val,MYRSGD_RET
2024-03-07,-0.2865362254254307,0,val,MYRSGD_RET
2024-03-08,-0.4087829009050117,0,val,MYRSGD_RET
2024-03-11,0.8953677095314018,0,val,MYRSGD_RET
2024-03-12,-0.06280304995429907,0,val,MYRSGD_RET
2024-03-13,0.2876275757883508,0,val,MYRSGD_RET
2024-03-14,-0.26666167376621863,0,val,MYRSGD_RET
2024-03-15,0.33206727683247506,0,val,MYRSGD_RET
2024-03-18,-0.2055131860976148,0,val,MYRSGD_RET
2024-03-19,-0.21662095073463525,0,val,MYRSGD_RET
2024-03-20,-0.05626826367866167,0,val,MYRSGD_RET
2024-03-21,-0.4346352530402146,0,val,MYRSGD_RET
2024-03-22,0.8609341425395868,0,val,MYRSGD_RET
2024-03-25,-0.00666622266007397,0,val,MYRSGD_RET
2024-03-26,0.00557097654920563,0,val,MYRSGD_RET
2024-03-27,0.0212011878126953,0,val,MYRSGD_RET
2024-03-28,0.0112260048988987,0,val,MYRSGD_RET
2024-03-29,0.08153086931160662,0,val,MYRSGD_RET
2024-04-01,0.02266479756574843,0,val,MYRSGD_RET
2024-04-02,0.25413788021147,0,val,MYRSGD_RET
2024-04-03,-0.6162415678645653,0,val,MYRSGD_RET
2024-04-04,-0.2668890335568475,0,val,MYRSGD_RET
2024-04-05,0.3689534889840889,0,val,MYRSGD_RET
2024-04-08,-0.1435289914223383,0,val,MYRSGD_RET
2024-04-09,-0.21436396739666785,0,val,MYRSGD_RET
2024-04-10,-0.09837741897637184,0,val,MYRSGD_RET
2024-04-11,0.683299969425494,0,val,MYRSGD_RET
2024-04-12,-0.08423343649220971,0,val,MYRSGD_RET
2024-04-15,0.05284635216848508,0,val,MYRSGD_RET
2024-04-16,0.0449803471964404,0,val,MYRSGD_RET
2024-04-17,0.161403058358917,0,val,MYRSGD_RET
2024-04-18,-0.6531005521634328,0,val,MYRSGD_RET
2024-04-19,0.2942418594438406,0,val,MYRSGD_RET
2024-04-22,-0.02004598591941605,0,val,MYRSGD_RET
2024-04-23,0.16358740086346196,0,val,MYRSGD_RET
2024-04-24,-0.1564918253741976,0,val,MYRSGD_RET
2024-04-25,0.09019476475726794,0,val,MYRSGD_RET
2024-04-26,-0.1334553979831211,0,val,MYRSGD_RET
2024-04-29,0.38094343651282514,0,val,MYRSGD_RET
2024-04-30,-0.05870698122594971,0,val,MYRSGD_RET
2024-05-01,0.3359720135040316,0,val,MYRSGD_RET
2024-05-02,-0.48944747730375,0,val,MYRSGD_RET
2024-05-03,-0.08181535575379555,0,val,MYRSGD_RET
2024-05-06,0.09410616758789074,0,val,MYRSGD_RET
2024-05-07,0.06902264845107678,0,val,MYRSGD_RET
2024-05-08,0.2341837602123329,0,val,MYRSGD_RET
2024-05-09,-0.01527775228515283,0,val,MYRSGD_RET
2024-05-10,-0.07124552346391712,0,val,MYRSGD_RET
2024-05-13,0.05063971335274039,0,val,MYRSGD_RET
2024-05-14,0.02227966562611448,0,val,MYRSGD_RET
2024-05-15,0.3245962499479842,0,val,MYRSGD_RET
2024-05-16,-0.4577962753177152,0,val,MYRSGD_RET
2024-05-17,0.6246460832152885,0,val,MYRSGD_RET
2024-05-20,-0.11479797295406335,0,val,MYRSGD_RET
2024-05-21,0.2611972397530325,0,val,MYRSGD_RET
2024-05-22,-0.19031330488592088,0,val,MYRSGD_RET
2024-05-23,0.19873525673428627,0,val,MYRSGD_RET
2024-05-24,-0.11636218600516551,0,val,MYRSGD_RET
2024-05-27,-0.31016785033272154,0,val,MYRSGD_RET
2024-05-28,0.2320533578745244,0,val,MYRSGD_RET
2024-05-29,0.05558309158644755,0,val,MYRSGD_RET
2024-05-30,0.01827746394507697,0,val,MYRSGD_RET
2024-05-31,-0.1391032552722263,0,val,MYRSGD_RET
2024-06-03,0.00360832191100397,0,val,MYRSGD_RET
2024-06-04,-0.4162321084357219,0,val,MYRSGD_RET
2024-06-05,0.22893976163561808,0,val,MYRSGD_RET
2024-06-06,0.17348014715974894,0,val,MYRSGD_RET
2024-06-07,-0.13635715502129758,0,val,MYRSGD_RET
2024-06-10,0.5937167557794768,0,val,MYRSGD_RET
2024-06-11,-0.586067992812749,0,val,MYRSGD_RET
2024-06-12,0.05101620161896524,0,val,MYRSGD_RET
2024-06-13,-0.3256099547746876,0,val,MYRSGD_RET
2024-06-14,0.44054763152821946,0,val,MYRSGD_RET
2024-06-17,-0.07577164664346735,0,val,MYRSGD_RET
2024-06-18,-0.20213979650799468,0,val,MYRSGD_RET
2024-06-19,0.13516503245087022,0,val,MYRSGD_RET
2024-06-20,0.12994610843251483,0,val,MYRSGD_RET
2024-06-21,0.1826687378800472,0,val,MYRSGD_RET
2024-06-24,0.01852411788805284,0,val,MYRSGD_RET
2024-06-25,-0.14319356367805952,0,val,MYRSGD_RET
2024-06-26,0.28614944954348787,0,val,MYRSGD_RET
2024-06-27,0.13662063175145395,0,val,MYRSGD_RET
2024-06-28,-0.2110786646140938,0,val,MYRSGD_RET
2024-07-01,-0.20089962231083053,0,val,MYRSGD_RET
2024-07-02,0.3189144628089366,0,val,MYRSGD_RET
2024-07-03,-0.2562690331056162,0,val,MYRSGD_RET
2024-07-04,-0.15986394435172305,0,val,MYRSGD_RET
2024-07-05,0.03795267799908736,0,val,MYRSGD_RET
2024-07-08,-0.234566563008048,0,val,MYRSGD_RET
2024-07-09,0.05781488785237167,0,val,MYRSGD_RET
2024-07-10,0.14745453405023393,0,val,MYRSGD_RET
2024-07-11,0.00514721993187372,0,val,MYRSGD_RET
2024-07-12,-0.3035127780647279,0,val,MYRSGD_RET
2024-07-15,0.5427759153579068,0,val,MYRSGD_RET
2024-07-16,-0.00488622504935985,0,val,MYRSGD_RET
2024-07-17,-0.05987081145220433,0,val,MYRSGD_RET
2024-07-18,-0.08248124099272411,0,val,MYRSGD_RET
2024-07-19,0.23624477250837111,0,val,MYRSGD_RET
2024-07-22,-0.39208557508885433,0,val,MYRSGD_RET
2024-07-23,0.13661012491342114,0,val,MYRSGD_RET
2024-07-24,0.16069338302125769,0,val,MYRSGD_RET
2024-07-25,-0.00638214969635273,0,val,MYRSGD_RET
2024-07-26,0.1440780502282787,0,val,MYRSGD_RET
2024-07-29,0.12105308802581843,0,val,MYRSGD_RET
2024-07-30,0.4041771199360703,0,val,MYRSGD_RET
2024-07-31,0.2723335205999406,0,val,MYRSGD_RET
2024-08-01,0.14554937438094875,0,val,MYRSGD_RET
2024-08-02,0.6361855958248763,0,val,MYRSGD_RET
2024-08-05,0.7450631928324416,0,val,MYRSGD_RET
2024-08-06,1.595872534117531,0,val,MYRSGD_RET
2024-08-07,-1.0852781929504969,0,val,MYRSGD_RET
2024-08-08,-0.4144474901907446,0,val,MYRSGD_RET
2024-08-09,0.4522917518936136,0,val,MYRSGD_RET
2024-08-12,1.0307604399014871,0,val,MYRSGD_RET
2024-08-13,-0.792067195243526,0,val,MYRSGD_RET
2024-08-14,-0.508154207822936,0,val,MYRSGD_RET
2024-08-15,0.7948587348582536,0,val,MYRSGD_RET
2024-08-16,0.03794941535068189,0,val,MYRSGD_RET
2024-08-19,-0.2360929677716065,0,val,MYRSGD_RET
2024-08-20,0.4220460382331131,0,test,MYRSGD_RET
2024-08-21,-0.1993419447130715,0,test,MYRSGD_RET
2024-08-22,0.19701068104760744,0,test,MYRSGD_RET
2024-08-23,-0.03269615687123271,0,test,MYRSGD_RET
2024-08-26,-0.3788007038924197,0,test,MYRSGD_RET
2024-08-27,0.7507368396614693,0,test,MYRSGD_RET
2024-08-28,0.024436317032929072,0,test,MYRSGD_RET
2024-08-29,0.10748112718278542,0,test,MYRSGD_RET
2024-08-30,0.7053796974105716,0,test,MYRSGD_RET
2024-09-02,-0.07221569107804057,0,test,MYRSGD_RET
2024-09-03,-0.642480878892666,0,test,MYRSGD_RET
2024-09-04,-0.13389826379470982,0,test,MYRSGD_RET
2024-09-05,0.16090430602734543,0,test,MYRSGD_RET
2024-09-06,-0.0175094884213087,0,test,MYRSGD_RET
2024-09-09,0.15350587194188745,0,test,MYRSGD_RET
2024-09-10,-0.3726837117470151,0,test,MYRSGD_RET
2024-09-11,0.4048167085837233,0,test,MYRSGD_RET
2024-09-12,0.06679706093977013,0,test,MYRSGD_RET
2024-09-13,-0.12468996108887584,0,test,MYRSGD_RET
2024-09-16,0.4105767332662872,0,test,MYRSGD_RET
2024-09-17,-0.124893290907854,0,test,MYRSGD_RET
2024-09-18,0.8806966121635457,0,test,MYRSGD_RET
2024-09-19,0.48663026027355094,0,test,MYRSGD_RET
2024-09-20,0.4277919811553832,0,test,MYRSGD_RET
2024-09-23,0.04124046018309799,0,test,MYRSGD_RET
2024-09-24,0.10261450591588636,0,test,MYRSGD_RET
2024-09-25,0.544990829708096,0,test,MYRSGD_RET
2024-09-26,1.096379597627278,0,test,MYRSGD_RET
2024-09-27,-0.7366552330327558,0,test,MYRSGD_RET
2024-09-30,0.260538971676512,0,test,MYRSGD_RET
2024-10-01,0.27995948727995923,0,test,MYRSGD_RET
2024-10-02,-0.7268190549702437,0,test,MYRSGD_RET
2024-10-03,0.07387633094498272,0,test,MYRSGD_RET
2024-10-04,-0.7949355085125551,0,test,MYRSGD_RET
2024-10-07,0.2811531161352232,0,test,MYRSGD_RET
2024-10-08,-1.033770647431159,0,test,MYRSGD_RET
2024-10-09,-0.14767158397540878,0,test,MYRSGD_RET
2024-10-10,0.05552411719532677,0,test,MYRSGD_RET
2024-10-11,-0.045021377714137,0,test,MYRSGD_RET
2024-10-14,0.17312206153015192,0,test,MYRSGD_RET
2024-10-15,-0.1948730858939344,0,test,MYRSGD_RET
2024-10-16,-0.17462016822416712,0,test,MYRSGD_RET
2024-10-17,0.645616760398667,0,test,MYRSGD_RET
2024-10-18,-0.3212350222875277,0,test,MYRSGD_RET
2024-10-21,-0.01718892924111237,0,test,MYRSGD_RET
2024-10-22,0.3566922679013299,0,test,MYRSGD_RET
2024-10-23,-0.5610913187143113,0,test,MYRSGD_RET
2024-10-24,-0.03200569099432496,0,test,MYRSGD_RET
2024-10-25,-0.11687245321560057,0,test,MYRSGD_RET
2024-10-28,0.4043253200245688,0,test,MYRSGD_RET
2024-10-29,-0.5457247994261302,0,test,MYRSGD_RET
2024-10-30,-0.218459638535777,0,test,MYRSGD_RET
2024-10-31,-0.22994482039281405,0,test,MYRSGD_RET
2024-11-01,-0.02704455907871647,0,test,MYRSGD_RET
2024-11-04,0.03617076176959546,0,test,MYRSGD_RET
2024-11-05,-0.03465319621932138,0,test,MYRSGD_RET
2024-11-06,0.26490961852751393,0,test,MYRSGD_RET
2024-11-07,0.08767510357161419,0,test,MYRSGD_RET
2024-11-08,-0.7926637935725166,0,test,MYRSGD_RET
2024-11-11,0.8136092788913385,0,test,MYRSGD_RET
2024-11-12,-0.3083601206530394,0,test,MYRSGD_RET
2024-11-13,-0.08671969128020741,0,test,MYRSGD_RET
2024-11-14,-0.05737364052839119,0,test,MYRSGD_RET
2024-11-15,-0.4560932620283415,0,test,MYRSGD_RET
2024-11-18,0.021940480133624,0,test,MYRSGD_RET
2024-11-19,-0.4594209847332915,0,test,MYRSGD_RET
2024-11-20,0.06227684373599243,0,test,MYRSGD_RET
2024-11-21,0.3941419938968975,0,test,MYRSGD_RET
2024-11-22,0.44004422494929984,0,test,MYRSGD_RET
2024-11-25,-0.3281941454871117,0,test,MYRSGD_RET
2024-11-26,0.5353452619275318,0,test,MYRSGD_RET
2024-11-27,-0.09315749446873577,0,test,MYRSGD_RET
2024-11-28,0.02661184251685604,0,test,MYRSGD_RET
2024-11-29,-0.08502471711177835,0,test,MYRSGD_RET
2024-12-02,-0.01044331147067872,0,test,MYRSGD_RET
2024-12-03,-0.06157800068427532,0,test,MYRSGD_RET
2024-12-04,-0.22483942717442568,0,test,MYRSGD_RET
2024-12-05,0.3017408119724107,0,test,MYRSGD_RET
2024-12-06,0.18308698799144485,0,test,MYRSGD_RET
2024-12-09,0.3772511926419042,0,test,MYRSGD_RET
2024-12-10,-0.1728053494685734,0,test,MYRSGD_RET
2024-12-11,0.00464018972638161,0,test,MYRSGD_RET
2024-12-12,-0.00586872074598065,0,test,MYRSGD_RET
2024-12-13,0.14094289454932438,0,test,MYRSGD_RET
2024-12-16,-0.13596689045195998,0,test,MYRSGD_RET
2024-12-17,0.01869837839057373,0,test,MYRSGD_RET
2024-12-18,-0.29707067388051334,0,test,MYRSGD_RET
2024-12-19,0.6379982934076784,0,test,MYRSGD_RET
2024-12-20,-0.6151530563839085,0,test,MYRSGD_RET
2024-12-23,-0.506758267058739,0,test,MYRSGD_RET
2024-12-24,0.5293362666939253,0,test,MYRSGD_RET
2024-12-25,0.26415866515870146,0,test,MYRSGD_RET
2024-12-26,-0.06032417123527729,0,test,MYRSGD_RET
2024-12-27,0.3874813932638311,0,test,MYRSGD_RET
2024-12-30,-0.12074304021678776,0,test,MYRSGD_RET
2024-12-31,0.246383847477144,0,test,MYRSGD_RET
2025-01-01,0,0,test,MYRSGD_RET
2025-01-02,0.2864429227643468,0,test,MYRSGD_RET
2025-01-03,0.01836099359211254,0,test,MYRSGD_RET
2025-01-06,-0.25231999724307813,0,test,MYRSGD_RET
2025-01-07,-0.7859031188918031,0,test,MYRSGD_RET
2025-01-08,0.62477172093329,0,test,MYRSGD_RET
2025-01-09,-0.08504938250001733,0,test,MYRSGD_RET
2025-01-10,-0.02134559854078475,0,test,MYRSGD_RET
2025-01-13,0.38914118697216865,0,test,MYRSGD_RET
2025-01-14,-0.5284804896407544,0,test,MYRSGD_RET
2025-01-15,0.03275729250749685,0,test,MYRSGD_RET
2025-01-16,0.07700083520158285,0,test,MYRSGD_RET
2025-01-17,-0.03389519177289907,0,test,MYRSGD_RET
2025-01-20,-0.04264154069590972,0,test,MYRSGD_RET
2025-01-21,-0.6233834931750146,0,test,MYRSGD_RET
2025-01-22,0.3890988804737728,0,test,MYRSGD_RET
2025-01-23,0.9129238682827504,0,test,MYRSGD_RET
2025-01-24,-0.1236905164157613,0,test,MYRSGD_RET
2025-01-27,0.9391223001292504,0,test,MYRSGD_RET
2025-01-28,0.02979138688343974,0,test,MYRSGD_RET
2025-01-29,-0.1601747437193458,0,test,MYRSGD_RET
2025-01-30,-0.13563842002695953,0,test,MYRSGD_RET
2025-01-31,0.23625645813999904,0,test,MYRSGD_RET
2025-02-03,-0.2610523435159317,0,test,MYRSGD_RET
2025-02-04,-1.0049629814551089,0,test,MYRSGD_RET
2025-02-05,0.0974809708704268,0,test,MYRSGD_RET
2025-02-06,0.1905484404825944,0,test,MYRSGD_RET
2025-02-07,0.06277290617965856,0,test,MYRSGD_RET
2025-02-10,0.1569335455940332,0,test,MYRSGD_RET
2025-02-11,-0.7458187619963155,0,test,MYRSGD_RET
2025-02-12,-0.23555001142441753,0,test,MYRSGD_RET
2025-02-13,-0.04106205410835162,0,test,MYRSGD_RET
2025-02-14,-0.06084131784073315,0,test,MYRSGD_RET
2025-02-17,-0.07792533311660087,0,test,MYRSGD_RET
2025-02-18,0.11275816593018484,0,test,MYRSGD_RET
2025-02-19,-0.18386832771880784,0,test,MYRSGD_RET
2025-02-20,0.1600855781849138,0,test,MYRSGD_RET
2025-02-21,-0.46930544318552897,0,test,MYRSGD_RET
2025-02-24,0.4489364669087149,0,test,MYRSGD_RET
2025-02-25,0.4293013256391847,0,test,MYRSGD_RET
2025-02-26,-0.5658293595314089,0,test,MYRSGD_RET
2025-02-27,0.04567431793400009,0,test,MYRSGD_RET
2025-02-28,0.18293274240130855,0,test,MYRSGD_RET
2025-03-03,-0.05708371937937455,0,test,MYRSGD_RET
2025-03-04,-0.2307425923341226,0,test,MYRSGD_RET
2025-03-05,-0.4508549322033783,0,test,MYRSGD_RET
2025-03-06,0.130464067477867,0,test,MYRSGD_RET
2025-03-07,0.1019234786388992,0,test,MYRSGD_RET
2025-03-10,0.05307783768236464,0,test,MYRSGD_RET
2025-03-11,0.10410897316090562,0,test,MYRSGD_RET
2025-03-12,0.03363222472478579,0,test,MYRSGD_RET
2025-03-13,-0.28181243005024414,0,test,MYRSGD_RET
2025-03-14,0.048120665942774,0,test,MYRSGD_RET
2025-03-17,-0.3323195439389341,0,test,MYRSGD_RET
2025-03-18,-0.18476050930868845,0,test,MYRSGD_RET
2025-03-19,0.04434918648381488,0,test,MYRSGD_RET
2025-03-20,0.20520568811014467,0,test,MYRSGD_RET
2025-03-21,0.4883199136179911,0,test,MYRSGD_RET
2025-03-24,0.08052047019059988,0,test,MYRSGD_RET
2025-03-25,0.08302237795260817,0,test,MYRSGD_RET
2025-03-26,-0.2988555575870664,0,test,MYRSGD_RET
2025-03-27,0.5419665226474806,0,test,MYRSGD_RET
2025-03-28,-0.18543572714129175,0,test,MYRSGD_RET
2025-03-31,0.18507526485480935,0,test,MYRSGD_RET
2025-04-01,-0.03043406644795154,0,test,MYRSGD_RET
2025-04-02,0.18598883742192335,0,test,MYRSGD_RET
2025-04-03,-0.6070539013071732,0,test,MYRSGD_RET
2025-04-04,-0.27620395643757983,0,test,MYRSGD_RET
2025-04-07,1.119322554749893,0,test,MYRSGD_RET
2025-04-08,-0.9406995476725808,0,test,MYRSGD_RET
2025-04-09,-0.01341098074474485,0,test,MYRSGD_RET
2025-04-10,-0.8513647167918942,0,test,MYRSGD_RET
2025-04-11,-0.09949754714549724,0,test,MYRSGD_RET
2025-04-14,0.0961182439997447,0,test,MYRSGD_RET
2025-04-15,-0.15943732691178392,0,test,MYRSGD_RET
2025-04-16,0.24268219709534933,0,test,MYRSGD_RET
2025-04-17,-0.5686415709165081,0,test,MYRSGD_RET
2025-04-18,0,0,test,MYRSGD_RET
2025-04-21,0,0,test,MYRSGD_RET
2025-04-22,-0.3341656771057732,0,test,MYRSGD_RET
2025-04-23,1.0511269937613044,0,test,MYRSGD_RET
2025-04-24,0.16274606327536265,0,test,MYRSGD_RET
2025-04-25,0.1264111299366911,0,test,MYRSGD_RET
2025-04-28,0.11859756814515292,0,test,MYRSGD_RET
2025-04-29,-0.12755464166687272,0,test,MYRSGD_RET
2025-04-30,0.7494537161198894,0,test,MYRSGD_RET
2025-05-01,0.09903473227733792,0,test,MYRSGD_RET
2025-05-02,0.2639038618601598,0,test,MYRSGD_RET
2025-05-05,0.2978400301703033,0,test,MYRSGD_RET
2025-05-06,0.9430140741887116,0,test,MYRSGD_RET
2025-05-07,-0.8914942910864165,0,test,MYRSGD_RET
2025-05-08,0.2877928573862479,0,test,MYRSGD_RET
2025-05-09,-0.514807380170267,0,test,MYRSGD_RET
2025-05-12,-0.5903351190339838,0,test,MYRSGD_RET
2025-05-13,0.5770484054262311,0,test,MYRSGD_RET
2025-05-14,-0.9220288922263166,0,test,MYRSGD_RET
2025-05-15,0.7397874688240708,0,test,MYRSGD_RET
2025-05-16,-0.13909231114839934,0,test,MYRSGD_RET
2025-05-19,-0.19159423775159096,0,test,MYRSGD_RET
2025-05-20,-0.12872771401303648,0,test,MYRSGD_RET
2025-05-21,-0.20717228598084256,0,test,MYRSGD_RET
2025-05-22,0.2693500708158205,0,test,MYRSGD_RET
2025-05-23,0.07968252351465166,0,test,MYRSGD_RET
2025-05-26,0.466254420942329,0,test,MYRSGD_RET
2025-05-27,0.1899576761209129,0,test,MYRSGD_RET
2025-05-28,-0.1871637023165377,0,test,MYRSGD_RET
2025-05-29,0.5984284379400872,0,test,MYRSGD_RET
2025-05-30,-0.6940493872393253,0,test,MYRSGD_RET
2025-06-02,-0.1207590016781663,0,test,MYRSGD_RET
2025-06-03,-0.3775469996778288,0,test,MYRSGD_RET
2025-06-04,0.5955090573537104,0,test,MYRSGD_RET
2025-06-05,-0.32057959430206273,0,test,MYRSGD_RET
2025-06-06,0.46913500014266185,0,test,MYRSGD_RET
2025-06-09,0.20892392369175047,0,test,MYRSGD_RET
2025-06-10,-0.27923452601632714,0,test,MYRSGD_RET
2025-06-11,-0.0870670717786247,0,test,MYRSGD_RET
2025-06-12,-0.1868849430505128,0,test,MYRSGD_RET
2025-06-13,-0.08305674010586864,0,test,MYRSGD_RET
2025-06-16,-0.3259248067316121,0,test,MYRSGD_RET
2025-06-17,0.05435180049240375,0,test,MYRSGD_RET
2025-06-18,0.5499136749817845,0,test,MYRSGD_RET
2025-06-19,-0.421259952960903,0,test,MYRSGD_RET
2025-06-20,-0.2514003404119206,0,test,MYRSGD_RET
2025-06-23,0.5175260092807441,0,test,MYRSGD_RET
2025-06-24,-1.1466323422683249,0,test,MYRSGD_RET
2025-06-25,0.8209319748833815,0,test,MYRSGD_RET
2025-06-26,-0.32343043818770756,0,test,MYRSGD_RET
2025-06-27,0.12351003653489376,0,test,MYRSGD_RET
2025-06-30,0.04390548820900815,0,test,MYRSGD_RET
2025-07-01,-0.01090725199985828,0,test,MYRSGD_RET
2025-07-02,0.488165391461632,0,test,MYRSGD_RET
2025-07-03,-0.7300167115732961,0,test,MYRSGD_RET
2025-07-04,0.2387362078895298,0,test,MYRSGD_RET
2025-07-07,0.05988061219273005,0,test,MYRSGD_RET
2025-07-08,0.01480786090748832,0,test,MYRSGD_RET
2025-07-09,-0.03440550945161727,0,test,MYRSGD_RET
2025-07-10,-0.2481131007796798,0,test,MYRSGD_RET
2025-07-11,-0.29223221654881726,0,test,MYRSGD_RET
2025-07-14,0.30298133301328983,0,test,MYRSGD_RET
2025-07-15,0.1506217033910138,0,test,MYRSGD_RET
2025-07-16,0.41322137137953985,0,test,MYRSGD_RET
2025-07-17,-0.16175513791147356,0,test,MYRSGD_RET
2025-07-18,0.08737042479870756,0,test,MYRSGD_RET
2025-07-21,0.08527869418046269,0,test,MYRSGD_RET
2025-07-22,-0.16300043080543558,0,test,MYRSGD_RET
2025-07-23,-0.05708213242384989,0,test,MYRSGD_RET
2025-07-24,-0.07836366500376854,0,test,MYRSGD_RET
2025-07-25,0.3526875112539789,0,test,MYRSGD_RET
2025-07-28,0.11170301522226034,0,test,MYRSGD_RET
2025-07-29,0.23244659870405213,0,test,MYRSGD_RET
2025-07-30,0.00101642914601509,0,test,MYRSGD_RET
2025-07-31,0.39266342314957775,0,test,MYRSGD_RET
2025-08-01,-0.3176127530711025,0,test,MYRSGD_RET
2025-08-04,-1.01284219581118,0,test,MYRSGD_RET
2025-08-05,0.8512396943683227,0,test,MYRSGD_RET
2025-08-06,0.23827391924919583,0,test,MYRSGD_RET
2025-08-07,-0.02270374393393741,0,test,MYRSGD_RET
2025-08-08,-0.4069046801996371,0,test,MYRSGD_RET
2025-08-11,-0.05021205155249882,0,test,MYRSGD_RET
2025-08-12,0.2709245156527113,0,test,MYRSGD_RET
2025-08-13,-0.19187424228089783,0,test,MYRSGD_RET
2025-08-14,0.28155889426258845,0,test,MYRSGD_RET
2025-08-15,0.18607680242702385,0,test,MYRSGD_RET
2025-08-18,-0.07560112849615849,0,test,MYRSGD_RET
2025-08-19,-0.09448766241971678,0,test,MYRSGD_RET
2025-08-20,0.05507957306315932,0,test,MYRSGD_RET
2025-08-21,-0.07727492247044951,0,test,MYRSGD_RET
2025-08-22,0.2950587334952726,0,test,MYRSGD_RET
2025-08-25,-0.5549103840365934,0,test,MYRSGD_RET
2025-08-26,0.7602857566581118,0,test,MYRSGD_RET
2025-08-27,-0.2715543339028857,0,test,MYRSGD_RET
2025-08-28,-0.43771724771679377,0,test,MYRSGD_RET
2025-08-29,0.3640453936966618,0,test,MYRSGD_RET
2025-09-01,-0.25688381546557704,0,test,MYRSGD_RET
2025-09-02,0.00312044325919258,0,test,MYRSGD_RET
2025-09-03,0.329066664326101,0,test,MYRSGD_RET
2025-09-04,-0.05382960533151598,0,test,MYRSGD_RET
2025-09-05,0.16444768647550473,0,test,MYRSGD_RET
2025-09-08,-0.16863134542238023,0,test,MYRSGD_RET
2025-09-09,-0.17355373535348886,0,test,MYRSGD_RET
2025-09-10,0.31375022914062994,0,test,MYRSGD_RET
2025-09-11,-0.29809367008233945,0,test,MYRSGD_RET
2025-09-12,-0.1995784443574277,0,test,MYRSGD_RET
2025-09-15,0.4863848301992494,0,test,MYRSGD_RET
2025-09-16,-0.21751233630587208,0,test,MYRSGD_RET
2025-09-17,-0.3430430981851315,0,test,MYRSGD_RET
2025-09-18,0.518751321698797,0,test,MYRSGD_RET
2025-09-19,0.1852134714820697,0,test,MYRSGD_RET
2025-09-22,-0.04737835604966256,0,test,MYRSGD_RET
2025-09-23,-0.1012574876545636,0,test,MYRSGD_RET
2025-09-24,0.21144798353996472,0,test,MYRSGD_RET
2025-09-25,0.17305264741391832,0,test,MYRSGD_RET
2025-09-26,0.2903032101796235,0,test,MYRSGD_RET
2025-09-29,-0.35531554480731165,0,test,MYRSGD_RET
2025-09-30,-0.00613480602135297,0,test,MYRSGD_RET
2025-10-01,0.19473857717484444,0,test,MYRSGD_RET
2025-10-02,-0.1740616094062983,0,test,MYRSGD_RET
2025-10-03,0.11744244282132305,0,test,MYRSGD_RET
2025-10-06,0.01993537679188197,0,test,MYRSGD_RET
2025-10-07,-0.047234173311162773,0,test,MYRSGD_RET
2025-10-08,0.1999038038358497,0,test,MYRSGD_RET
2025-10-09,0.11656381565679012,0,test,MYRSGD_RET
2025-10-10,0.2813493475824524,0,test,MYRSGD_RET
2025-10-13,-0.25435725996293734,0,test,MYRSGD_RET
2025-10-14,0.00132632397678459,0,test,MYRSGD_RET
2025-10-15,-0.1513401244573217,0,test,MYRSGD_RET
2025-10-16,-0.2606146079516899,0,test,MYRSGD_RET
2025-10-17,-0.09832167296602184,0,test,MYRSGD_RET
2025-10-20,0.2387381685784622,0,test,MYRSGD_RET
2025-10-21,-0.13904100062817384,0,test,MYRSGD_RET
2025-10-22,0.2954974759355374,0,test,MYRSGD_RET
2025-10-23,-0.06757041914300226,0,test,MYRSGD_RET
2025-10-24,0.0837374094065507,0,test,MYRSGD_RET
2025-10-27,0.07601840395259855,0,test,MYRSGD_RET
2025-10-28,0.21114699543953605,0,test,MYRSGD_RET
2025-10-29,0.01311952620711589,0,test,MYRSGD_RET
2025-10-30,0.5211986005976088,0,test,MYRSGD_RET
2025-10-31,-0.08677582673575067,0,test,MYRSGD_RET
2025-11-03,0.4869847590919797,0,test,MYRSGD_RET
2025-11-04,-0.03423574400622727,0,test,MYRSGD_RET
2025-11-05,0.13295295750626335,0,test,MYRSGD_RET
2025-11-06,0.14669427148144934,0,test,MYRSGD_RET
2025-11-07,0.0641381230969656,0,test,MYRSGD_RET
2025-11-10,0.03977206682584724,0,test,MYRSGD_RET
2025-11-11,0.3779645334174276,0,test,MYRSGD_RET
2025-11-12,0.42281409521622465,0,test,MYRSGD_RET
2025-11-13,0.10832311462435372,0,test,MYRSGD_RET
2025-11-14,0.1128275159091734,0,test,MYRSGD_RET
2025-11-17,-0.25554406054891016,0,test,MYRSGD_RET
2025-11-18,-0.08302772395818507,0,test,MYRSGD_RET
2025-11-19,-0.5150580120753592,0,test,MYRSGD_RET
2025-11-20,0.7021828750124623,0,test,MYRSGD_RET
2025-11-21,-0.04045785485518731,0,test,MYRSGD_RET
2025-11-24,-0.2789946671608645,0,test,MYRSGD_RET
2025-11-25,0.49459572334871993,0,test,MYRSGD_RET
2025-11-26,-0.01759646718883254,0,test,MYRSGD_RET
2025-11-27,-0.6087200143914231,0,test,MYRSGD_RET
2025-11-28,0.22293197792829317,0,test,MYRSGD_RET
2025-12-01,-0.1317704727696027,0,test,MYRSGD_RET
2025-12-02,0.1011372068685542,0,test,MYRSGD_RET
2025-12-03,-0.0741272958333833,0,test,MYRSGD_RET
2025-12-04,0.0686699675809767,0,test,MYRSGD_RET
2025-12-05,0.3420580075611073,0,test,MYRSGD_RET
2025-12-08,0.10967023187825511,0,test,MYRSGD_RET
2025-12-09,0.035917804238006,0,test,MYRSGD_RET
2025-12-10,-0.07056487806491168,0,test,MYRSGD_RET
2025-12-11,-0.4315513851972323,0,test,MYRSGD_RET
2025-12-12,0.1522171855646647,0,test,MYRSGD_RET
2025-12-15,0.3202957100930111,0,test,MYRSGD_RET
2025-12-16,-0.13424702287285367,0,test,MYRSGD_RET
2025-12-17,0.18909400711790816,0,test,MYRSGD_RET
2025-12-18,0.11615054940847584,0,test,MYRSGD_RET
2025-12-19,-0.01518941495059183,0,test,MYRSGD_RET
2025-12-22,0.43247685587084855,0,test,MYRSGD_RET
2025-12-23,-0.4094420558774878,0,test,MYRSGD_RET
2025-12-24,0.07096845864348665,0,test,MYRSGD_RET
2025-12-25,0,0,test,MYRSGD_RET
2025-12-26,0.4439835463511814,0,test,MYRSGD_RET
2025-12-29,-0.06940652939722017,0,test,MYRSGD_RET
2025-12-30,-0.2394586799222528,0,test,MYRSGD_RET
2025-12-31,0.2306905559792128,0,test,MYRSGD_RET
2026-01-01,0,0,test,MYRSGD_RET
2026-01-02,-0.12294308060427944,0,test,MYRSGD_RET
2026-01-05,0.2695696318890248,0,test,MYRSGD_RET
2026-01-06,-0.8315176445560785,0,test,MYRSGD_RET
2026-01-07,0.46071773391211057,0,test,MYRSGD_RET
2026-01-08,-0.9873776581288932,0,test,MYRSGD_RET
2026-01-09,1.0580619437636023,0,test,MYRSGD_RET
2026-01-12,-0.7174923101383144,0,test,MYRSGD_RET
2026-01-13,0.6200688485944111,0,test,MYRSGD_RET
2026-01-14,0.3656880568928119,0,test,MYRSGD_RET
2026-01-15,0.13047269782362675,0,test,MYRSGD_RET
2026-01-16,-0.10786613985405703,0,test,MYRSGD_RET
2026-01-19,-0.16256071218698828,0,test,MYRSGD_RET
2026-01-20,-0.05729696922860441,0,test,MYRSGD_RET
2026-01-21,-0.09899759212275,0,test,MYRSGD_RET
2026-01-22,0.31440012347070795,0,test,MYRSGD_RET
2026-01-23,-0.24375125038008472,0,test,MYRSGD_RET
2026-01-26,0.1541812738483188,0,test,MYRSGD_RET
2026-01-27,0.9239968144573082,0,test,MYRSGD_RET
2026-01-28,-0.3889546536666837,0,test,MYRSGD_RET
2026-01-29,0.8755606506438399,0,test,MYRSGD_RET
2026-01-30,-0.01482625048625964,0,test,MYRSGD_RET
2026-02-02,0.28738656721103495,0,test,MYRSGD_RET
2026-02-03,-0.6277301744327968,0,test,MYRSGD_RET
2026-02-04,0.6960890003835243,0,test,MYRSGD_RET
2026-02-05,0.23216632345980423,0,test,MYRSGD_RET
2026-02-06,-0.19419446782152824,0,test,MYRSGD_RET
2026-02-09,-0.3291972050739501,0,test,MYRSGD_RET
2026-02-10,0.09517904537998116,0,test,MYRSGD_RET
2026-02-11,0.08638104160831893,0,test,MYRSGD_RET
2026-02-12,-0.07992153690701859,0,test,MYRSGD_RET
2026-02-13,0.3524766626752245,0,test,MYRSGD_RET
2026-02-16,-0.11306812353787986,0,test,MYRSGD_RET
2026-02-17,0.18274529855616783,0,test,MYRSGD_RET
2026-02-18,0.02059288344231229,0,test,MYRSGD_RET
2026-02-19,0.2291228183773066,0,test,MYRSGD_RET
2026-02-20,-3.1260723184053e-4,0,test,MYRSGD_RET
2026-02-23,-0.19019674780871015,0,test,MYRSGD_RET
2026-02-24,0.470166807236631,0,test,MYRSGD_RET
2026-02-25,-0.06330090378362077,0,test,MYRSGD_RET
2026-02-26,-0.20875177277527032,0,test,MYRSGD_RET
2026-02-27,0.2029309404122188,0,test,MYRSGD_RET
2026-03-02,0.326413515323611,0,test,MYRSGD_RET
2026-03-03,-0.6784267546960695,0,test,MYRSGD_RET
2026-03-04,-0.132489483509664,0,test,MYRSGD_RET
2026-03-05,-0.0518271252513708,0,test,MYRSGD_RET
2026-03-06,0.1608798700707495,0,test,MYRSGD_RET
2026-03-09,0.4578593899029631,0,test,MYRSGD_RET
2026-03-10,-1.14832221738103,0,test,MYRSGD_RET
2026-03-11,0.8263481320669601,0,test,MYRSGD_RET
2026-03-12,0.4450813398376397,0,test,MYRSGD_RET
2026-03-13,-0.07925433824132763,0,test,MYRSGD_RET
2026-03-16,-0.0015466496165549,0,test,MYRSGD_RET
2026-03-17,-0.11990120840251996,0,test,MYRSGD_RET
2026-03-18,-0.01881095961375041,0,test,MYRSGD_RET
2026-03-19,0.28901378176544773,0,test,MYRSGD_RET
2026-03-20,-0.5434868159489059,0,test,MYRSGD_RET
2026-03-23,0.3492906870972826,0,test,MYRSGD_RET
2026-03-24,-0.17399491257289823,0,test,MYRSGD_RET
2026-03-25,-0.6259114411299482,0,test,MYRSGD_RET
2026-03-26,0.08163997034901066,0,test,MYRSGD_RET
2026-03-27,-0.3693712642899771,0,test,MYRSGD_RET
2026-03-30,-0.3386737697337552,0,test,MYRSGD_RET
2026-03-31,-0.1417819714295485,0,test,MYRSGD_RET
2026-04-01,-1.003239460723942,0,test,MYRSGD_RET
2026-04-02,0.40960244204981966,0,test,MYRSGD_RET
2026-04-03,0.21745239857432924,0,test,MYRSGD_RET
2023-01-04,-0.03830086393838949,0,val,JPYSGD_RET
2023-01-05,-1.0478312977061648,0,val,JPYSGD_RET
2023-01-06,-0.495401490290858,0,val,JPYSGD_RET
2023-01-09,0.21427751046905352,0,val,JPYSGD_RET
2023-01-10,-0.15357249835372308,0,val,JPYSGD_RET
2023-01-11,-0.18808068093156655,0,val,JPYSGD_RET
2023-01-12,0.03654765052468981,0,val,JPYSGD_RET
2023-01-13,1.5138835693983643,0,val,JPYSGD_RET
2023-01-16,0.6966292149690292,0,val,JPYSGD_RET
2023-01-17,-0.22333675854628277,0,val,JPYSGD_RET
2023-01-18,0.02435275877142011,0,val,JPYSGD_RET
2023-01-19,-0.1842534898920247,0,val,JPYSGD_RET
2023-01-20,0.20577867405380615,0,val,JPYSGD_RET
2023-01-23,-0.9484816182800908,0,val,JPYSGD_RET
2023-01-24,-0.9836435233297104,0,val,JPYSGD_RET
2023-01-25,0.3859462984023796,0,val,JPYSGD_RET
2023-01-26,0.16508000634099412,0,val,JPYSGD_RET
2023-01-27,-0.4865394477668548,0,val,JPYSGD_RET
2023-01-30,0.03312549511292425,0,val,JPYSGD_RET
2023-01-31,-0.3187086842463866,0,val,JPYSGD_RET
2023-02-01,0.2603733307942406,0,val,JPYSGD_RET
2023-02-02,0.4835964274081689,0,val,JPYSGD_RET
2023-02-03,0.31345850632405936,0,val,JPYSGD_RET
2023-02-06,-1.419871398436126,0,val,JPYSGD_RET
2023-02-07,-0.28304167311195993,0,val,JPYSGD_RET
2023-02-08,0.8974120010667039,0,val,JPYSGD_RET
2023-02-09,-0.0620889661645618,0,val,JPYSGD_RET
2023-02-10,-0.13738821951600055,0,val,JPYSGD_RET
2023-02-13,0.29507639727018775,0,val,JPYSGD_RET
2023-02-14,-0.7138656511130343,0,val,JPYSGD_RET
2023-02-15,-0.4613508480581678,0,val,JPYSGD_RET
2023-02-16,-0.1571319144622524,0,val,JPYSGD_RET
2023-02-17,-0.01237320414265319,0,val,JPYSGD_RET
2023-02-20,-0.17213716612917496,0,val,JPYSGD_RET
2023-02-21,-0.10314475493984886,0,val,JPYSGD_RET
2023-02-22,-0.15467905109414706,0,val,JPYSGD_RET
2023-02-23,0.03035561187343364,0,val,JPYSGD_RET
2023-02-24,0.4216002019876025,0,val,JPYSGD_RET
2023-02-27,-0.8018138931027905,0,val,JPYSGD_RET
2023-02-28,-0.17200852091875396,0,val,JPYSGD_RET
2023-03-01,0.11307146218009298,0,val,JPYSGD_RET
2023-03-02,-0.3635215143572952,0,val,JPYSGD_RET
2023-03-03,0.02784080801076564,0,val,JPYSGD_RET
2023-03-06,0.4595962297399458,0,val,JPYSGD_RET
2023-03-07,-0.10448650021462162,0,val,JPYSGD_RET
2023-03-08,-0.32786724173317816,0,val,JPYSGD_RET
2023-03-09,0.02710117926585671,0,val,JPYSGD_RET
2023-03-10,0.6088867162263827,0,val,JPYSGD_RET
2023-03-13,0.6103601545076931,0,val,JPYSGD_RET
2023-03-14,1.3490084169276295,0,val,JPYSGD_RET
2023-03-15,-1.0870119540155465,0,val,JPYSGD_RET
2023-03-16,1.5381903176670102,0,val,JPYSGD_RET
2023-03-17,-0.7034505256598887,0,val,JPYSGD_RET
2023-03-20,0.4029130585314917,0,val,JPYSGD_RET
2023-03-21,0.43607985324212695,0,val,JPYSGD_RET
2023-03-22,-0.7563871579076983,0,val,JPYSGD_RET
2023-03-23,0.34940197963502717,0,val,JPYSGD_RET
2023-03-24,0.08083144160442372,0,val,JPYSGD_RET
2023-03-27,0.32515795180508217,0,val,JPYSGD_RET
2023-03-28,-0.3704652903497327,0,val,JPYSGD_RET
2023-03-29,-0.1004418717662071,0,val,JPYSGD_RET
2023-03-30,-1.0229977799181933,0,val,JPYSGD_RET
2023-03-31,-0.5681670880755372,0,val,JPYSGD_RET
2023-04-03,0.3397693039592047,0,val,JPYSGD_RET
2023-04-04,0.201809929759079,0,val,JPYSGD_RET
2023-04-05,0.539470922963712,0,val,JPYSGD_RET
2023-04-06,0.6558681107729574,0,val,JPYSGD_RET
2023-04-07,-0.3912703628596387,0,val,JPYSGD_RET
2023-04-10,-0.31325441142472865,0,val,JPYSGD_RET
2023-04-11,-0.9198485564639528,0,val,JPYSGD_RET
2023-04-12,-0.0748466432920588,0,val,JPYSGD_RET
2023-04-13,0.00799525007810505,0,val,JPYSGD_RET
2023-04-14,-0.02387619660637674,0,val,JPYSGD_RET
2023-04-17,-0.31171290970133364,0,val,JPYSGD_RET
2023-04-18,-0.17100913750701935,0,val,JPYSGD_RET
2023-04-19,0.1450486665530324,0,val,JPYSGD_RET
2023-04-20,-0.289422888998295,0,val,JPYSGD_RET
2023-04-21,0.2937097990059233,0,val,JPYSGD_RET
2023-04-24,0.17169967759527405,0,val,JPYSGD_RET
2023-04-25,-0.1923062388593095,0,val,JPYSGD_RET
2023-04-26,0.6927849283556016,0,val,JPYSGD_RET
2023-04-27,-0.06881324877969361,0,val,JPYSGD_RET
2023-04-28,-0.21472772445375168,0,val,JPYSGD_RET
2023-05-01,-1.9390217960669471,0,val,JPYSGD_RET
2023-05-02,-0.6685265509089249,0,val,JPYSGD_RET
2023-05-03,0.5656700721708198,0,val,JPYSGD_RET
2023-05-04,1.112101672212956,0,val,JPYSGD_RET
2023-05-05,0.05110962899275281,0,val,JPYSGD_RET
2023-05-08,-0.8326968068868524,0,val,JPYSGD_RET
2023-05-09,0.03742725760434586,0,val,JPYSGD_RET
2023-05-10,-0.02407270472978284,0,val,JPYSGD_RET
2023-05-11,0.6691498190692141,0,val,JPYSGD_RET
2023-05-12,0.2137068259645022,0,val,JPYSGD_RET
2023-05-15,-0.4094628987309925,0,val,JPYSGD_RET
2023-05-16,-0.34349932052413185,0,val,JPYSGD_RET
2023-05-17,-0.01428174529491951,0,val,JPYSGD_RET
2023-05-18,-0.6851304169773298,0,val,JPYSGD_RET
2023-05-19,-0.2994013824953598,0,val,JPYSGD_RET
2023-05-22,0.41171624465760726,0,val,JPYSGD_RET
2023-05-23,-0.6103332967988855,0,val,JPYSGD_RET
2023-05-24,0.12021602027189164,0,val,JPYSGD_RET
2023-05-25,-0.3238566566931115,0,val,JPYSGD_RET
2023-05-26,-0.09434543640831942,0,val,JPYSGD_RET
2023-05-29,-0.7447206889218899,0,val,JPYSGD_RET
2023-05-30,0.3832934479144541,0,val,JPYSGD_RET
2023-05-31,0.2250848590940283,0,val,JPYSGD_RET
2023-06-01,0.5145948470638572,0,val,JPYSGD_RET
2023-06-02,-0.06078759908403766,0,val,JPYSGD_RET
2023-06-05,-0.7568955035254701,0,val,JPYSGD_RET
2023-06-06,0.4835102326559179,0,val,JPYSGD_RET
2023-06-07,-0.2241323992402117,0,val,JPYSGD_RET
2023-06-08,-0.20618673549597633,0,val,JPYSGD_RET
2023-06-09,0.29361442968013424,0,val,JPYSGD_RET
2023-06-12,-0.2944064526843849,0,val,JPYSGD_RET
2023-06-13,-0.06533204000755265,0,val,JPYSGD_RET
2023-06-14,-0.6006893199232242,0,val,JPYSGD_RET
2023-06-15,0.03244602077005378,0,val,JPYSGD_RET
2023-06-16,-0.5199438218389446,0,val,JPYSGD_RET
2023-06-19,-1.080400416742512,0,val,JPYSGD_RET
2023-06-20,0.2418243316985983,0,val,JPYSGD_RET
2023-06-21,0.5763576009829319,0,val,JPYSGD_RET
2023-06-22,-0.5021587574601605,0,val,JPYSGD_RET
2023-06-23,-0.571668398478251,0,val,JPYSGD_RET
2023-06-26,0.16035626017927687,0,val,JPYSGD_RET
2023-06-27,0.18508475849234393,0,val,JPYSGD_RET
2023-06-28,-0.5734064781904408,0,val,JPYSGD_RET
2023-06-29,-0.13120119530727023,0,val,JPYSGD_RET
2023-06-30,-0.00832122137326602,0,val,JPYSGD_RET
2023-07-03,-0.00751864558133678,0,val,JPYSGD_RET
2023-07-04,-0.2611607675345784,0,val,JPYSGD_RET
2023-07-05,0.00835719494887853,0,val,JPYSGD_RET
2023-07-06,0.24302315972718097,0,val,JPYSGD_RET
2023-07-07,0.3560431276952176,0,val,JPYSGD_RET
2023-07-10,0.684686976798827,0,val,JPYSGD_RET
2023-07-11,0.5363162393338423,0,val,JPYSGD_RET
2023-07-12,0.5369465495030016,0,val,JPYSGD_RET
2023-07-13,0.4815666067420849,0,val,JPYSGD_RET
2023-07-14,-0.3512269264802579,0,val,JPYSGD_RET
2023-07-17,-0.5203594171888428,0,val,JPYSGD_RET
2023-07-18,0.00243955904628724,0,val,JPYSGD_RET
2023-07-19,-0.14801998814826334,0,val,JPYSGD_RET
2023-07-20,-0.2588002204701988,0,val,JPYSGD_RET
2023-07-21,-0.0756864378462173,0,val,JPYSGD_RET
2023-07-24,-0.977438033115968,0,val,JPYSGD_RET
2023-07-25,0.2165549184506936,0,val,JPYSGD_RET
2023-07-26,0.12895719564131802,0,val,JPYSGD_RET
2023-07-27,0.23521949354886185,0,val,JPYSGD_RET
2023-07-28,1.4567259684288567,0,val,JPYSGD_RET
2023-07-31,-1.3224006569685172,0,val,JPYSGD_RET
2023-08-01,-1.2214446249363555,0,val,JPYSGD_RET
2023-08-02,-0.08575758822407248,0,val,JPYSGD_RET
2023-08-03,0.246209044866198,0,val,JPYSGD_RET
2023-08-04,0.45242674315942527,0,val,JPYSGD_RET
2023-08-07,0.42700253174152447,0,val,JPYSGD_RET
2023-08-08,-0.3825527507639273,0,val,JPYSGD_RET
2023-08-09,0.02069173820723622,0,val,JPYSGD_RET
2023-08-10,-0.43464412778945977,0,val,JPYSGD_RET
2023-08-11,-0.5332545800237726,0,val,JPYSGD_RET
2023-08-14,0.29935583714547487,0,val,JPYSGD_RET
2023-08-15,-0.2463174844661364,0,val,JPYSGD_RET
2023-08-16,0.0689437420600738,0,val,JPYSGD_RET
2023-08-17,-0.3340798113063872,0,val,JPYSGD_RET
2023-08-18,0.2421609861312131,0,val,JPYSGD_RET
2023-08-21,0.1963626438535417,0,val,JPYSGD_RET
2023-08-22,-0.600259837838822,0,val,JPYSGD_RET
2023-08-23,0.3474412840461617,0,val,JPYSGD_RET
2023-08-24,0.32393146318294536,0,val,JPYSGD_RET
2023-08-25,-0.5897432829909564,0,val,JPYSGD_RET
2023-08-28,-0.4174437046261535,0,val,JPYSGD_RET
2023-08-29,0.02359632738426462,0,val,JPYSGD_RET
2023-08-30,-0.09154151972648672,0,val,JPYSGD_RET
2023-08-31,-0.0633948336832856,0,val,JPYSGD_RET
2023-09-01,0.4760514713292096,0,val,JPYSGD_RET
2023-09-04,-0.1329131688042337,0,val,JPYSGD_RET
2023-09-05,-0.2524499989386493,0,val,JPYSGD_RET
2023-09-06,-0.20265721045489685,0,val,JPYSGD_RET
2023-09-07,0.07654591106665923,0,val,JPYSGD_RET
2023-09-08,0.3595556866595423,0,val,JPYSGD_RET
2023-09-11,0.00368623084343044,0,val,JPYSGD_RET
2023-09-12,0.07881591877566763,0,val,JPYSGD_RET
2023-09-13,-0.31717060478066433,0,val,JPYSGD_RET
2023-09-14,-0.09973794870027967,0,val,JPYSGD_RET
2023-09-15,0.146977499896246,0,val,JPYSGD_RET
2023-09-18,-0.37579296472587065,0,val,JPYSGD_RET
2023-09-19,0.2271700269270146,0,val,JPYSGD_RET
2023-09-20,-0.02532802732393194,0,val,JPYSGD_RET
2023-09-21,-0.2519596894006515,0,val,JPYSGD_RET
2023-09-22,0.480904761033642,0,val,JPYSGD_RET
2023-09-25,-0.5878104558247449,0,val,JPYSGD_RET
2023-09-26,-0.22511685445729224,0,val,JPYSGD_RET
2023-09-27,0.03957979044122377,0,val,JPYSGD_RET
2023-09-28,-0.00950369404878028,0,val,JPYSGD_RET
2023-09-29,-0.3953654049345954,0,val,JPYSGD_RET
2023-10-02,-0.06996922583716318,0,val,JPYSGD_RET
2023-10-03,0.2586182025760181,0,val,JPYSGD_RET
2023-10-04,0.4480202344619738,0,val,JPYSGD_RET
2023-10-05,0.03138847942903713,0,val,JPYSGD_RET
2023-10-06,0.01623627448514962,0,val,JPYSGD_RET
2023-10-09,-0.5686219541488859,0,val,JPYSGD_RET
2023-10-10,0.42010241390790776,0,val,JPYSGD_RET
2023-10-11,-0.3010070545537027,0,val,JPYSGD_RET
2023-10-12,-0.2866114588178539,0,val,JPYSGD_RET
2023-10-13,-0.00171501002856789,0,val,JPYSGD_RET
2023-10-16,0.11898189747761714,0,val,JPYSGD_RET
2023-10-17,-0.05259526818712852,0,val,JPYSGD_RET
2023-10-18,-0.1443180584685884,0,val,JPYSGD_RET
2023-10-19,0.3615857954085611,0,val,JPYSGD_RET
2023-10-20,-0.06045777483426028,0,val,JPYSGD_RET
2023-10-23,-0.0571552407540277,0,val,JPYSGD_RET
2023-10-24,-0.3508406265277128,0,val,JPYSGD_RET
2023-10-25,0.03248100392549128,0,val,JPYSGD_RET
2023-10-26,0.1562588292740719,0,val,JPYSGD_RET
2023-10-27,-0.443253307463368,0,val,JPYSGD_RET
2023-10-30,0.5219007136579429,0,val,JPYSGD_RET
2023-10-31,0.03014709557819088,0,val,JPYSGD_RET
2023-11-01,-1.1446751970085254,0,val,JPYSGD_RET
2023-11-02,0.2804215909633724,0,val,JPYSGD_RET
2023-11-03,-0.05070030141889972,0,val,JPYSGD_RET
2023-11-06,-0.13698176366532444,0,val,JPYSGD_RET
2023-11-07,-0.5795911490193033,0,val,JPYSGD_RET
2023-11-08,0.01366753610091591,0,val,JPYSGD_RET
2023-11-09,-0.2036950558224586,0,val,JPYSGD_RET
2023-11-10,0.02579942901546392,0,val,JPYSGD_RET
2023-11-13,-0.1255673426090758,0,val,JPYSGD_RET
2023-11-14,-0.20506131595140475,0,val,JPYSGD_RET
2023-11-15,0.0654431903424756,0,val,JPYSGD_RET
2023-11-16,-0.4290889027698911,0,val,JPYSGD_RET
2023-11-17,0.1198149095589649,0,val,JPYSGD_RET
2023-11-20,0.24518425099212743,0,val,JPYSGD_RET
2023-11-21,0.6147308267138027,0,val,JPYSGD_RET
2023-11-22,0.15361908887666498,0,val,JPYSGD_RET
2023-11-23,-0.5551117503873702,0,val,JPYSGD_RET
2023-11-24,-0.22660159123073295,0,val,JPYSGD_RET
2023-11-27,-0.00721005445671143,0,val,JPYSGD_RET
2023-11-28,0.480423418388793,0,val,JPYSGD_RET
2023-11-29,0.4810195950344897,0,val,JPYSGD_RET
2023-11-30,0.18458228869078036,0,val,JPYSGD_RET
2023-12-01,-0.31284901066393767,0,val,JPYSGD_RET
2023-12-04,0.7599080659153851,0,val,JPYSGD_RET
2023-12-05,-0.2524745019451695,0,val,JPYSGD_RET
2023-12-06,0.30254555158466234,0,val,JPYSGD_RET
2023-12-07,0.09239554750356452,0,val,JPYSGD_RET
2023-12-08,1.840497222839636,0,val,JPYSGD_RET
2023-12-11,-0.35764472447682943,0,val,JPYSGD_RET
2023-12-12,-0.5695212381849085,0,val,JPYSGD_RET
2023-12-13,0.3529534162085212,0,val,JPYSGD_RET
2023-12-14,1.1146485369477404,0,val,JPYSGD_RET
2023-12-15,0.01215090583285915,0,val,JPYSGD_RET
2023-12-18,0.3428102984201631,0,val,JPYSGD_RET
2023-12-19,-0.3695175889282852,0,val,JPYSGD_RET
2023-12-20,-1.1007796801738543,0,val,JPYSGD_RET
2023-12-21,0.5110843186758216,0,val,JPYSGD_RET
2023-12-22,0.6255442841220646,0,val,JPYSGD_RET
2023-12-25,-0.5341109310538608,0,val,JPYSGD_RET
2023-12-26,0.2782193711361175,0,val,JPYSGD_RET
2023-12-27,-0.2907005720019721,0,val,JPYSGD_RET
2023-12-28,0.49621168538285226,0,val,JPYSGD_RET
2023-12-29,-0.0044807230092513,0,val,JPYSGD_RET
2024-01-01,0.2809395663699593,0,val,JPYSGD_RET
2024-01-02,-0.10366005333554672,0,val,JPYSGD_RET
2024-01-03,-0.19429403829641367,0,val,JPYSGD_RET
2024-01-04,-0.4375139449088651,0,val,JPYSGD_RET
2024-01-05,-1.1521603176231647,0,val,JPYSGD_RET
2024-01-08,0.05114717231119764,0,val,JPYSGD_RET
2024-01-09,0.2641740910840855,0,val,JPYSGD_RET
2024-01-10,0.03426891949664433,0,val,JPYSGD_RET
2024-01-11,-0.9107085478176236,0,val,JPYSGD_RET
2024-01-12,0.3754622104640283,0,val,JPYSGD_RET
2024-01-15,0.11012656789820628,0,val,JPYSGD_RET
2024-01-16,-0.2903410017071416,0,val,JPYSGD_RET
2024-01-17,-0.35730587668153563,0,val,JPYSGD_RET
2024-01-18,-0.4453000706101478,0,val,JPYSGD_RET
2024-01-19,-0.05586765698368862,0,val,JPYSGD_RET
2024-01-22,-0.242651128747805,0,val,JPYSGD_RET
2024-01-23,0.1237500577468668,0,val,JPYSGD_RET
2024-01-24,-0.17791338314854585,0,val,JPYSGD_RET
2024-01-25,0.3581407492600681,0,val,JPYSGD_RET
2024-01-26,-0.04312902607836429,0,val,JPYSGD_RET
2024-01-29,-0.1551210147450701,0,val,JPYSGD_RET
2024-01-30,0.278642933679823,0,val,JPYSGD_RET
2024-01-31,0.04252052922320772,0,val,JPYSGD_RET
2024-02-01,0.33626937716080557,0,val,JPYSGD_RET
2024-02-02,0.08530696428960274,0,val,JPYSGD_RET
2024-02-05,-0.874424282543906,0,val,JPYSGD_RET
2024-02-06,0.16810932766186903,0,val,JPYSGD_RET
2024-02-07,0.30554280609152773,0,val,JPYSGD_RET
2024-02-08,-0.2109134485716404,0,val,JPYSGD_RET
2024-02-09,-0.5250605231647507,0,val,JPYSGD_RET
2024-02-12,-0.0594425650944464,0,val,JPYSGD_RET
2024-02-13,-0.1906541744003681,0,val,JPYSGD_RET
2024-02-14,-0.4115632926543219,0,val,JPYSGD_RET
2024-02-15,-0.12506660417686996,0,val,JPYSGD_RET
2024-02-16,0.23465414557072556,0,val,JPYSGD_RET
2024-02-19,-0.11449327557355236,0,val,JPYSGD_RET
2024-02-20,-0.04488287134782773,0,val,JPYSGD_RET
2024-02-21,0.02349058017475845,0,val,JPYSGD_RET
2024-02-22,-0.2592046675356817,0,val,JPYSGD_RET
2024-02-23,-0.2049652717983707,0,val,JPYSGD_RET
2024-02-26,0.06673517177977911,0,val,JPYSGD_RET
2024-02-27,0.02552462790595695,0,val,JPYSGD_RET
2024-02-28,0.02038133747373756,0,val,JPYSGD_RET
2024-02-29,0.04475153261689492,0,val,JPYSGD_RET
2024-03-01,0.3700936632326693,0,val,JPYSGD_RET
2024-03-04,-0.16355200199513342,0,val,JPYSGD_RET
2024-03-05,-0.2722174939837635,0,val,JPYSGD_RET
2024-03-06,0.24626131904854756,0,val,JPYSGD_RET
2024-03-07,0.1818076087885856,0,val,JPYSGD_RET
2024-03-08,0.5342241226374074,0,val,JPYSGD_RET
2024-03-11,0.6179829239599431,0,val,JPYSGD_RET
2024-03-12,-0.05553758423757272,0,val,JPYSGD_RET
2024-03-13,-0.4411911030281368,0,val,JPYSGD_RET
2024-03-14,-0.03513659246840701,0,val,JPYSGD_RET
2024-03-15,-0.12414457007343228,0,val,JPYSGD_RET
2024-03-18,-0.3080411510453683,0,val,JPYSGD_RET
2024-03-19,-0.04611941495688369,0,val,JPYSGD_RET
2024-03-20,-1.0197834676347588,0,val,JPYSGD_RET
2024-03-21,-0.07284138622460459,0,val,JPYSGD_RET
2024-03-22,-0.27092059799102314,0,val,JPYSGD_RET
2024-03-25,0.6904498324163374,0,val,JPYSGD_RET
2024-03-26,-0.31429586096999584,0,val,JPYSGD_RET
2024-03-27,-0.14601892634230687,0,val,JPYSGD_RET
2024-03-28,0.4151233394094342,0,val,JPYSGD_RET
2024-03-29,-0.01955022912189415,0,val,JPYSGD_RET
2024-04-01,-0.12944142397853184,0,val,JPYSGD_RET
2024-04-02,0.23917202890800648,0,val,JPYSGD_RET
2024-04-03,-0.06171445050142596,0,val,JPYSGD_RET
2024-04-04,-0.28341559338840383,0,val,JPYSGD_RET
2024-04-05,0.23310491254849425,0,val,JPYSGD_RET
2024-04-08,-0.23750906628027027,0,val,JPYSGD_RET
2024-04-09,-0.209855645343118,0,val,JPYSGD_RET
2024-04-10,-0.14967564568581537,0,val,JPYSGD_RET
2024-04-11,-0.0957338543488145,0,val,JPYSGD_RET
2024-04-12,-0.2331750636081961,0,val,JPYSGD_RET
2024-04-15,0.4559815206682448,0,val,JPYSGD_RET
2024-04-16,-0.36675437699454033,0,val,JPYSGD_RET
2024-04-17,-0.19903301343766225,0,val,JPYSGD_RET
2024-04-18,-0.08814870904077919,0,val,JPYSGD_RET
2024-04-19,-0.04639598517718282,0,val,JPYSGD_RET
2024-04-22,-0.07080898445225856,0,val,JPYSGD_RET
2024-04-23,-0.06333702815976591,0,val,JPYSGD_RET
2024-04-24,-0.07003322059348203,0,val,JPYSGD_RET
2024-04-25,-0.27346480871382345,0,val,JPYSGD_RET
2024-04-26,-0.3718565649801632,0,val,JPYSGD_RET
2024-04-29,-1.502946267176,0,val,JPYSGD_RET
2024-04-30,1.1138114600442273,0,val,JPYSGD_RET
2024-05-01,-0.5187710325011937,0,val,JPYSGD_RET
2024-05-02,0.9031572216463244,0,val,JPYSGD_RET
2024-05-03,1.2625848493958447,0,val,JPYSGD_RET
2024-05-06,-0.5513300063251266,0,val,JPYSGD_RET
2024-05-07,-0.377533527485222,0,val,JPYSGD_RET
2024-05-08,-0.12825132548268023,0,val,JPYSGD_RET
2024-05-09,-0.3529719896377044,0,val,JPYSGD_RET
2024-05-10,-0.2525553359497436,0,val,JPYSGD_RET
2024-05-13,-0.0983050131274445,0,val,JPYSGD_RET
2024-05-14,-0.3916052630072072,0,val,JPYSGD_RET
2024-05-15,-0.20496581746388032,0,val,JPYSGD_RET
2024-05-16,0.7984159564988867,0,val,JPYSGD_RET
2024-05-17,-0.5419327719991122,0,val,JPYSGD_RET
2024-05-20,-0.3131571077515765,0,val,JPYSGD_RET
2024-05-21,-0.2082505861714865,0,val,JPYSGD_RET
2024-05-22,0.06721278975023502,0,val,JPYSGD_RET
2024-05-23,-0.0907555547900754,0,val,JPYSGD_RET
2024-05-24,-0.03234562777286818,0,val,JPYSGD_RET
2024-05-27,-0.09576077086118664,0,val,JPYSGD_RET
2024-05-28,-0.06041155391601201,0,val,JPYSGD_RET
2024-05-29,-0.27811598384905206,0,val,JPYSGD_RET
2024-05-30,0.04758946624744779,0,val,JPYSGD_RET
2024-05-31,0.2454475898245629,0,val,JPYSGD_RET
2024-06-03,-0.07711536057919427,0,val,JPYSGD_RET
2024-06-04,0.28861838427088227,0,val,JPYSGD_RET
2024-06-05,0.7344338387942729,0,val,JPYSGD_RET
2024-06-06,-0.4292784610979714,0,val,JPYSGD_RET
2024-06-07,-0.06203106805069306,0,val,JPYSGD_RET
2024-06-10,-0.20787047759385371,0,val,JPYSGD_RET
2024-06-11,-0.08013945012355983,0,val,JPYSGD_RET
2024-06-12,-0.02216508543401796,0,val,JPYSGD_RET
2024-06-13,-0.17369399766564747,0,val,JPYSGD_RET
2024-06-14,0.0192614194282913,0,val,JPYSGD_RET
2024-06-17,-0.08671819273963262,0,val,JPYSGD_RET
2024-06-18,-0.2892323333996584,0,val,JPYSGD_RET
2024-06-19,-0.08987518792983404,0,val,JPYSGD_RET
2024-06-20,-0.09506228082824096,0,val,JPYSGD_RET
2024-06-21,-0.3464310583128415,0,val,JPYSGD_RET
2024-06-24,-0.5118473891749793,0,val,JPYSGD_RET
2024-06-25,-0.06551259278337292,0,val,JPYSGD_RET
2024-06-26,0.1373879877208544,0,val,JPYSGD_RET
2024-06-27,-0.2772007929966374,0,val,JPYSGD_RET
2024-06-28,-0.10364819194770852,0,val,JPYSGD_RET
2024-07-01,-0.3801246254766829,0,val,JPYSGD_RET
2024-07-02,-0.15186530965602305,0,val,JPYSGD_RET
2024-07-03,-0.12402358271698836,0,val,JPYSGD_RET
2024-07-04,-0.2746947079372196,0,val,JPYSGD_RET
2024-07-05,0.04159790087548726,0,val,JPYSGD_RET
2024-07-08,0.23389674949292888,0,val,JPYSGD_RET
2024-07-09,-0.07842000091545408,0,val,JPYSGD_RET
2024-07-10,-0.21053037625970197,0,val,JPYSGD_RET
2024-07-11,-0.31467210861318046,0,val,JPYSGD_RET
2024-07-12,1.645495863760427,0,val,JPYSGD_RET
2024-07-15,-0.00894557072197167,0,val,JPYSGD_RET
2024-07-16,0.14666852522461185,0,val,JPYSGD_RET
2024-07-17,-0.0956117751403279,0,val,JPYSGD_RET
2024-07-18,1.3463511435971676,0,val,JPYSGD_RET
2024-07-19,-0.6139231574796052,0,val,JPYSGD_RET
2024-07-22,-0.13721328804506905,0,val,JPYSGD_RET
2024-07-23,0.4702195645802066,0,val,JPYSGD_RET
2024-07-24,0.7124148082469629,0,val,JPYSGD_RET
2024-07-25,1.0561531640622477,0,val,JPYSGD_RET
2024-07-26,0.06658709708548059,0,val,JPYSGD_RET
2024-07-29,-0.2841931982876627,0,val,JPYSGD_RET
2024-07-30,0.20468529523134543,0,val,JPYSGD_RET
2024-07-31,0.6747102520993494,0,val,JPYSGD_RET
2024-08-01,1.4727999949826334,0,val,JPYSGD_RET
2024-08-02,0.4426057627811325,0,val,JPYSGD_RET
2024-08-05,1.6210366370270228,0,val,JPYSGD_RET
2024-08-06,-0.17156868474242082,0,val,JPYSGD_RET
2024-08-07,0.7449410504213038,0,val,JPYSGD_RET
2024-08-08,-0.8697023946595078,0,val,JPYSGD_RET
2024-08-09,-1.0902281489514567,0,val,JPYSGD_RET
2024-08-12,0.2866569296154173,0,val,JPYSGD_RET
2024-08-13,0.00380894696685481,0,val,JPYSGD_RET
2024-08-14,-0.5006689381501316,0,val,JPYSGD_RET
2024-08-15,-0.21979745235819617,0,val,JPYSGD_RET
2024-08-16,-0.9107037441110072,0,val,JPYSGD_RET
2024-08-19,0.3607435094723564,0,val,JPYSGD_RET
2024-08-20,0.25250673110657684,0,test,JPYSGD_RET
2024-08-21,0.6694217758143707,0,test,JPYSGD_RET
2024-08-22,0.21745366652577736,0,test,JPYSGD_RET
2024-08-23,-0.3771506533521586,0,test,JPYSGD_RET
2024-08-26,0.8305582061685773,0,test,JPYSGD_RET
2024-08-27,-0.1572982088630979,0,test,JPYSGD_RET
2024-08-28,0.19233751374612987,0,test,JPYSGD_RET
2024-08-29,-0.1525311673531216,0,test,JPYSGD_RET
2024-08-30,-0.3849715010997515,0,test,JPYSGD_RET
2024-09-02,-0.7600683040388426,0,test,JPYSGD_RET
2024-09-03,-0.2066571972216952,0,test,JPYSGD_RET
2024-09-04,0.9757117312277656,0,test,JPYSGD_RET
2024-09-05,1.1068745746988613,0,test,JPYSGD_RET
2024-09-06,-0.29632662947614463,0,test,JPYSGD_RET
2024-09-09,0.9034607131723292,0,test,JPYSGD_RET
2024-09-10,-0.28143127573296167,0,test,JPYSGD_RET
2024-09-11,0.5251786530926515,0,test,JPYSGD_RET
2024-09-12,-0.217783065532732,0,test,JPYSGD_RET
2024-09-13,0.4702212299488055,0,test,JPYSGD_RET
2024-09-16,0.2521407036729361,0,test,JPYSGD_RET
2024-09-17,-0.13651819003502746,0,test,JPYSGD_RET
2024-09-18,-0.8501300219541409,0,test,JPYSGD_RET
2024-09-19,-0.47198883762053423,0,test,JPYSGD_RET
2024-09-20,-0.38566141565252976,0,test,JPYSGD_RET
2024-09-23,-0.9716879333394564,0,test,JPYSGD_RET
2024-09-24,0.30949718234004897,0,test,JPYSGD_RET
2024-09-25,-0.1934891656054688,0,test,JPYSGD_RET
2024-09-26,-0.618971548044969,0,test,JPYSGD_RET
2024-09-27,-0.7297575724394171,0,test,JPYSGD_RET
2024-09-30,1.345178166005963,0,test,JPYSGD_RET
2024-10-01,-0.30650301825249615,0,test,JPYSGD_RET
2024-10-02,0.23295978550174457,0,test,JPYSGD_RET
2024-10-03,-1.6707964462496938,0,test,JPYSGD_RET
2024-10-04,0.13788841089263482,0,test,JPYSGD_RET
2024-10-07,-0.6796016517672704,0,test,JPYSGD_RET
2024-10-08,0.39566667807105527,0,test,JPYSGD_RET
2024-10-09,0.01883109670161214,0,test,JPYSGD_RET
2024-10-10,-0.4428518521022643,0,test,JPYSGD_RET
2024-10-11,0.2028714681998705,0,test,JPYSGD_RET
2024-10-14,-0.30797411598892555,0,test,JPYSGD_RET
2024-10-15,-0.18651268360331524,0,test,JPYSGD_RET
2024-10-16,0.5098354795335028,0,test,JPYSGD_RET
2024-10-17,-0.03424373277622618,0,test,JPYSGD_RET
2024-10-18,-0.2872933788811253,0,test,JPYSGD_RET
2024-10-21,0.01432795904060207,0,test,JPYSGD_RET
2024-10-22,-0.1616620147310236,0,test,JPYSGD_RET
2024-10-23,-0.3927855804169356,0,test,JPYSGD_RET
2024-10-24,-0.5519853059440174,0,test,JPYSGD_RET
2024-10-25,0.32347879803761687,0,test,JPYSGD_RET
2024-10-28,-0.4205181759839141,0,test,JPYSGD_RET
2024-10-29,-0.21105111355181225,0,test,JPYSGD_RET
2024-10-30,0.01736392249522321,0,test,JPYSGD_RET
2024-10-31,-0.0745214650052284,0,test,JPYSGD_RET
2024-11-01,0.6310378461433284,0,test,JPYSGD_RET
2024-11-04,-0.02842368602906424,0,test,JPYSGD_RET
2024-11-05,-0.16463525348194685,0,test,JPYSGD_RET
2024-11-06,0.07224768475093071,0,test,JPYSGD_RET
2024-11-07,-0.391607790239385,0,test,JPYSGD_RET
2024-11-08,-0.19906313562501024,0,test,JPYSGD_RET
2024-11-11,0.7089653274319927,0,test,JPYSGD_RET
2024-11-12,0.02090998223119337,0,test,JPYSGD_RET
2024-11-13,-0.31802323879924377,0,test,JPYSGD_RET
2024-11-14,-0.196442270641509,0,test,JPYSGD_RET
2024-11-15,-0.4616823769234348,0,test,JPYSGD_RET
2024-11-18,0.9133720360698188,0,test,JPYSGD_RET
2024-11-19,-0.2657812996173713,0,test,JPYSGD_RET
2024-11-20,-0.18865395623215755,0,test,JPYSGD_RET
2024-11-21,0.06666130228399192,0,test,JPYSGD_RET
2024-11-22,0.9904292725949476,0,test,JPYSGD_RET
2024-11-25,-0.21429261555463933,0,test,JPYSGD_RET
2024-11-26,0.29533605587687434,0,test,JPYSGD_RET
2024-11-27,0.6517817267298389,0,test,JPYSGD_RET
2024-11-28,0.732446948881919,0,test,JPYSGD_RET
2024-11-29,0.13469608782952985,0,test,JPYSGD_RET
2024-12-02,0.8372002122638577,0,test,JPYSGD_RET
2024-12-03,0.5360135353565102,0,test,JPYSGD_RET
2024-12-04,-0.09367805525185716,0,test,JPYSGD_RET
2024-12-05,-0.7036521814739608,0,test,JPYSGD_RET
2024-12-06,-0.14090327532416735,0,test,JPYSGD_RET
2024-12-09,0.3141963207207592,0,test,JPYSGD_RET
2024-12-10,-0.9739622993529484,0,test,JPYSGD_RET
2024-12-11,-0.20202008980743516,0,test,JPYSGD_RET
2024-12-12,-0.15845219733084576,0,test,JPYSGD_RET
2024-12-13,0.01806516855251172,0,test,JPYSGD_RET
2024-12-16,-0.42044680693118974,0,test,JPYSGD_RET
2024-12-17,-0.3367683207016305,0,test,JPYSGD_RET
2024-12-18,0.3511841068728155,0,test,JPYSGD_RET
2024-12-19,0.2590850241740717,0,test,JPYSGD_RET
2024-12-20,-1.983363583385732,0,test,JPYSGD_RET
2024-12-23,0.25598891100928123,0,test,JPYSGD_RET
2024-12-24,-0.27389635390801165,0,test,JPYSGD_RET
2024-12-25,0.23418800866594952,0,test,JPYSGD_RET
2024-12-26,-0.07687265483369995,0,test,JPYSGD_RET
2024-12-27,-0.4053394222465916,0,test,JPYSGD_RET
2024-12-30,-0.14399410645602706,0,test,JPYSGD_RET
2024-12-31,0.6585360422804781,0,test,JPYSGD_RET
2025-01-01,0,0,test,JPYSGD_RET
2025-01-02,-0.00573824433841188,0,test,JPYSGD_RET
2025-01-03,0.5242242646264111,0,test,JPYSGD_RET
2025-01-06,0.00615773408135202,0,test,JPYSGD_RET
2025-01-07,-0.6745769585670698,0,test,JPYSGD_RET
2025-01-08,-0.24314010042088405,0,test,JPYSGD_RET
2025-01-09,0.2766425695081562,0,test,JPYSGD_RET
2025-01-10,0.08083769014821662,0,test,JPYSGD_RET
2025-01-13,0.3465294742284543,0,test,JPYSGD_RET
2025-01-14,0.10327072959082516,0,test,JPYSGD_RET
2025-01-15,-0.5132205353807314,0,test,JPYSGD_RET
2025-01-16,1.0858655958276984,0,test,JPYSGD_RET
2025-01-17,0.6209168815371571,0,test,JPYSGD_RET
2025-01-20,-0.5745290543631287,0,test,JPYSGD_RET
2025-01-21,-0.2339266722579636,0,test,JPYSGD_RET
2025-01-22,-0.35015753456175386,0,test,JPYSGD_RET
2025-01-23,-0.4008001323206599,0,test,JPYSGD_RET
2025-01-24,0.25021881944707564,0,test,JPYSGD_RET
2025-01-27,-0.30590154226863586,0,test,JPYSGD_RET
2025-01-28,0.5902271757470011,0,test,JPYSGD_RET
2025-01-29,-0.2594891409285404,0,test,JPYSGD_RET
2025-01-30,0.05778039115058361,0,test,JPYSGD_RET
2025-01-31,0.9301567825746062,0,test,JPYSGD_RET
2025-02-03,0.3913555716574933,0,test,JPYSGD_RET
2025-02-04,-0.5707396035783378,0,test,JPYSGD_RET
2025-02-05,0.21075882751541145,0,test,JPYSGD_RET
2025-02-06,0.7009381034729932,0,test,JPYSGD_RET
2025-02-07,1.0495526743521066,0,test,JPYSGD_RET
2025-02-10,0.07583459078087298,0,test,JPYSGD_RET
2025-02-11,-0.02599930841972001,0,test,JPYSGD_RET
2025-02-12,-0.8792318140310748,0,test,JPYSGD_RET
2025-02-13,-0.9839612350122444,0,test,JPYSGD_RET
2025-02-14,0.15508887178305447,0,test,JPYSGD_RET
2025-02-17,0.32111868708703606,0,test,JPYSGD_RET
2025-02-18,0.48305847931321344,0,test,JPYSGD_RET
2025-02-19,-0.2457560651795631,0,test,JPYSGD_RET
2025-02-20,0.5390953561960955,0,test,JPYSGD_RET
2025-02-21,0.476771702729382,0,test,JPYSGD_RET
2025-02-24,0.2029250204362804,0,test,JPYSGD_RET
2025-02-25,-0.04813779689421755,0,test,JPYSGD_RET
2025-02-26,0.25444121179396195,0,test,JPYSGD_RET
2025-02-27,0.30850746482638924,0,test,JPYSGD_RET
2025-02-28,-0.01709331542300795,0,test,JPYSGD_RET
2025-03-03,-0.3934625328903746,0,test,JPYSGD_RET
2025-03-04,0.7463533009032173,0,test,JPYSGD_RET
2025-03-05,-0.9494841766579056,0,test,JPYSGD_RET
2025-03-06,0.05770061695245096,0,test,JPYSGD_RET
2025-03-07,0.690410435274626,0,test,JPYSGD_RET
2025-03-10,0.0970224933233318,0,test,JPYSGD_RET
2025-03-11,0.6737120161774689,0,test,JPYSGD_RET
2025-03-12,-0.8635722020645843,0,test,JPYSGD_RET
2025-03-13,-0.05707718813711399,0,test,JPYSGD_RET
2025-03-14,0.45145760903943893,0,test,JPYSGD_RET
2025-03-17,-0.5785824957438425,0,test,JPYSGD_RET
2025-03-18,-0.7764815784811944,0,test,JPYSGD_RET
2025-03-19,0.00675608920700541,0,test,JPYSGD_RET
2025-03-20,0.5352486918266188,0,test,JPYSGD_RET
2025-03-21,0.3152812837198745,0,test,JPYSGD_RET
2025-03-24,-0.7008680143014382,0,test,JPYSGD_RET
2025-03-25,-0.4325386526559432,0,test,JPYSGD_RET
2025-03-26,0.33941695884854545,0,test,JPYSGD_RET
2025-03-27,0.03578855599897006,0,test,JPYSGD_RET
2025-03-28,-0.3885083761194113,0,test,JPYSGD_RET
2025-03-31,1.071528978789236,0,test,JPYSGD_RET
2025-04-01,-0.16040869548557907,0,test,JPYSGD_RET
2025-04-02,0.137356465521237,0,test,JPYSGD_RET
2025-04-03,1.43054444598911,0,test,JPYSGD_RET
2025-04-04,0.322992869266677,0,test,JPYSGD_RET
2025-04-07,1.3958631805918866,0,test,JPYSGD_RET
2025-04-08,-1.201633867075449,0,test,JPYSGD_RET
2025-04-09,1.3329858893573698,0,test,JPYSGD_RET
2025-04-10,-1.799907107832081,0,test,JPYSGD_RET
2025-04-11,1.492721208932437,0,test,JPYSGD_RET
2025-04-14,-0.6009993103131244,0,test,JPYSGD_RET
2025-04-15,0.00184217715201765,0,test,JPYSGD_RET
2025-04-16,0.21393569658242992,0,test,JPYSGD_RET
2025-04-17,0.2649719112568641,0,test,JPYSGD_RET
2025-04-18,0,0,test,JPYSGD_RET
2025-04-21,0,0,test,JPYSGD_RET
2025-04-22,0.341730193698558,0,test,JPYSGD_RET
2025-04-23,-0.6021837523047141,0,test,JPYSGD_RET
2025-04-24,-0.21149925533403613,0,test,JPYSGD_RET
2025-04-25,-0.04411777193263934,0,test,JPYSGD_RET
2025-04-28,-0.449538740777421,0,test,JPYSGD_RET
2025-04-29,0.7033427781200294,0,test,JPYSGD_RET
2025-04-30,-0.15307632879831531,0,test,JPYSGD_RET
2025-05-01,-0.6997097007213876,0,test,JPYSGD_RET
2025-05-02,-1.299722742296811,0,test,JPYSGD_RET
2025-05-05,-0.5334584481171106,0,test,JPYSGD_RET
2025-05-06,0.19666745348861808,0,test,JPYSGD_RET
2025-05-07,0.31161879300660655,0,test,JPYSGD_RET
2025-05-08,-0.12545181986904813,0,test,JPYSGD_RET
2025-05-09,-1.0235095813992952,0,test,JPYSGD_RET
2025-05-12,-0.07794903382124628,0,test,JPYSGD_RET
2025-05-13,-1.1216080801731223,0,test,JPYSGD_RET
2025-05-14,0.19867220061032392,0,test,JPYSGD_RET
2025-05-15,0.5815456586247673,0,test,JPYSGD_RET
2025-05-16,0.3954636297361217,0,test,JPYSGD_RET
2025-05-19,0.33988660389509556,0,test,JPYSGD_RET
2025-05-20,-0.02270549639375487,0,test,JPYSGD_RET
2025-05-21,0.4148501338822421,0,test,JPYSGD_RET
2025-05-22,0.0015312224040243,0,test,JPYSGD_RET
2025-05-23,0.1251594193036222,0,test,JPYSGD_RET
2025-05-26,0.12232488625032809,0,test,JPYSGD_RET
2025-05-27,0.05426755697381685,0,test,JPYSGD_RET
2025-05-28,-0.6926381323952784,0,test,JPYSGD_RET
2025-05-29,-0.6273518314417802,0,test,JPYSGD_RET
2025-05-30,0.7491889404304994,0,test,JPYSGD_RET
2025-06-02,0.2428331471733779,0,test,JPYSGD_RET
2025-06-03,0.5747226645892791,0,test,JPYSGD_RET
2025-06-04,-0.6427673793858129,0,test,JPYSGD_RET
2025-06-05,0.4977635989441499,0,test,JPYSGD_RET
2025-06-06,-0.5099156198900434,0,test,JPYSGD_RET
2025-06-09,-0.6356767285382698,0,test,JPYSGD_RET
2025-06-10,-0.10383216968361789,0,test,JPYSGD_RET
2025-06-11,-0.17484822029704628,0,test,JPYSGD_RET
2025-06-12,0.25959253967919377,0,test,JPYSGD_RET
2025-06-13,0.2688893122385357,0,test,JPYSGD_RET
2025-06-16,-0.37130340684108654,0,test,JPYSGD_RET
2025-06-17,-0.4581827195080678,0,test,JPYSGD_RET
2025-06-18,-0.04954865918352066,0,test,JPYSGD_RET
2025-06-19,0.21068197535765928,0,test,JPYSGD_RET
2025-06-20,-0.20928631562670985,0,test,JPYSGD_RET
2025-06-23,-0.2903463268377725,0,test,JPYSGD_RET
2025-06-24,-0.35782405811275464,0,test,JPYSGD_RET
2025-06-25,0.45457872472909133,0,test,JPYSGD_RET
2025-06-26,-0.22782876750127995,0,test,JPYSGD_RET
2025-06-27,0.03218705375991197,0,test,JPYSGD_RET
2025-06-30,0.16630883809616148,0,test,JPYSGD_RET
2025-07-01,0.09525541890119373,0,test,JPYSGD_RET
2025-07-02,0.42028395887850595,0,test,JPYSGD_RET
2025-07-03,-0.0683697860047307,0,test,JPYSGD_RET
2025-07-04,-0.7173862687055554,0,test,JPYSGD_RET
2025-07-07,0.1515978586924821,0,test,JPYSGD_RET
2025-07-08,-0.5903429572464387,0,test,JPYSGD_RET
2025-07-09,-0.5701900196111351,0,test,JPYSGD_RET
2025-07-10,0.4775439308201691,0,test,JPYSGD_RET
2025-07-11,-0.1408966414059082,0,test,JPYSGD_RET
2025-07-14,-0.6063115595997794,0,test,JPYSGD_RET
2025-07-15,-0.1862347069957543,0,test,JPYSGD_RET
2025-07-16,-0.4758625665380551,0,test,JPYSGD_RET
2025-07-17,0.40803287181920694,0,test,JPYSGD_RET
2025-07-18,-0.13810886539341363,0,test,JPYSGD_RET
2025-07-21,-0.03695004662847203,0,test,JPYSGD_RET
2025-07-22,0.3626884209806251,0,test,JPYSGD_RET
2025-07-23,0.2725901114437291,0,test,JPYSGD_RET
2025-07-24,0.12448040127989408,0,test,JPYSGD_RET
2025-07-25,-0.3908504320830044,0,test,JPYSGD_RET
2025-07-28,-0.282253984617491,0,test,JPYSGD_RET
2025-07-29,0.00780843570552603,0,test,JPYSGD_RET
2025-07-30,0.12049650694156123,0,test,JPYSGD_RET
2025-07-31,0.1018856033361986,0,test,JPYSGD_RET
2025-08-01,-0.8779868908121711,0,test,JPYSGD_RET
2025-08-04,1.5805470010047038,0,test,JPYSGD_RET
2025-08-05,0.2497138975835228,0,test,JPYSGD_RET
2025-08-06,-0.4838527624804107,0,test,JPYSGD_RET
2025-08-07,0.08420767248382507,0,test,JPYSGD_RET
2025-08-08,0.03650834864585897,0,test,JPYSGD_RET
2025-08-11,-0.3637739421632344,0,test,JPYSGD_RET
2025-08-12,-0.19426990465362692,0,test,JPYSGD_RET
2025-08-13,-0.03837836479239871,0,test,JPYSGD_RET
2025-08-14,0.18062949451523944,0,test,JPYSGD_RET
2025-08-15,-0.02308563403826234,0,test,JPYSGD_RET
2025-08-18,0.16642884152530563,0,test,JPYSGD_RET
2025-08-19,-0.3108749348906004,0,test,JPYSGD_RET
2025-08-20,0.19207961578415764,0,test,JPYSGD_RET
2025-08-21,0.27373652659641456,0,test,JPYSGD_RET
2025-08-22,-0.462807738415419,0,test,JPYSGD_RET
2025-08-25,0.30840750113449805,0,test,JPYSGD_RET
2025-08-26,-0.1256916337521642,0,test,JPYSGD_RET
2025-08-27,0.1979465868967872,0,test,JPYSGD_RET
2025-08-28,0.07571967088340875,0,test,JPYSGD_RET
2025-08-29,0.14113839295738262,0,test,JPYSGD_RET
2025-09-01,-0.1099432849765131,0,test,JPYSGD_RET
2025-09-02,0.01195887150607962,0,test,JPYSGD_RET
2025-09-03,-0.5714133892911193,0,test,JPYSGD_RET
2025-09-04,0.29851581885599043,0,test,JPYSGD_RET
2025-09-05,-0.18973465556863892,0,test,JPYSGD_RET
2025-09-08,-0.2377903986664928,0,test,JPYSGD_RET
2025-09-09,0.4299660864708604,0,test,JPYSGD_RET
2025-09-10,0.02153503991533458,0,test,JPYSGD_RET
2025-09-11,-0.04349369338562153,0,test,JPYSGD_RET
2025-09-12,0.03978689401607356,0,test,JPYSGD_RET
2025-09-15,-0.2170989477001253,0,test,JPYSGD_RET
2025-09-16,-0.00491488132205274,0,test,JPYSGD_RET
2025-09-17,0.2965206595348821,0,test,JPYSGD_RET
2025-09-18,-0.20059504065885128,0,test,JPYSGD_RET
2025-09-19,-0.35210252960331706,0,test,JPYSGD_RET
2025-09-22,0.18593171660257948,0,test,JPYSGD_RET
2025-09-23,-0.02952481241527785,0,test,JPYSGD_RET
2025-09-24,0.1920163854359949,0,test,JPYSGD_RET
2025-09-25,-0.3806698280375831,0,test,JPYSGD_RET
2025-09-26,-0.2749257478869308,0,test,JPYSGD_RET
2025-09-29,0.06805275550274799,0,test,JPYSGD_RET
2025-09-30,0.4188623685722939,0,test,JPYSGD_RET
2025-10-01,0.44356390475922375,0,test,JPYSGD_RET
2025-10-02,0.421657748934924,0,test,JPYSGD_RET
2025-10-03,0.02432909670820799,0,test,JPYSGD_RET
2025-10-06,-1.4095657527897902,0,test,JPYSGD_RET
2025-10-07,-0.5306638703664038,0,test,JPYSGD_RET
2025-10-08,-0.9496181108184052,0,test,JPYSGD_RET
2025-10-09,-0.26064918328494713,0,test,JPYSGD_RET
2025-10-10,0.09485602692828364,0,test,JPYSGD_RET
2025-10-13,0.4365591592654557,0,test,JPYSGD_RET
2025-10-14,-0.081124957180225,0,test,JPYSGD_RET
2025-10-15,0.39372709556463525,0,test,JPYSGD_RET
2025-10-16,0.2750091168735202,0,test,JPYSGD_RET
2025-10-17,0.3624970387509857,0,test,JPYSGD_RET
2025-10-20,-0.31501252406397506,0,test,JPYSGD_RET
2025-10-21,-0.05551253592995064,0,test,JPYSGD_RET
2025-10-22,-0.3729224899066687,0,test,JPYSGD_RET
2025-10-23,-0.08405949043521595,0,test,JPYSGD_RET
2025-10-24,-0.3654631962744495,0,test,JPYSGD_RET
2025-10-27,-0.3426862650078929,0,test,JPYSGD_RET
2025-10-28,0.0918059055342412,0,test,JPYSGD_RET
2025-10-29,0.4112243114203851,0,test,JPYSGD_RET
2025-10-30,-0.344496088767131,0,test,JPYSGD_RET
2025-10-31,-0.6166216113966878,0,test,JPYSGD_RET
2025-11-03,0.00918073488625693,0,test,JPYSGD_RET
2025-11-04,0.23431431134624223,0,test,JPYSGD_RET
2025-11-05,0.6248507706591049,0,test,JPYSGD_RET
2025-11-06,-0.4510089509352689,0,test,JPYSGD_RET
2025-11-07,0.58190355967893,0,test,JPYSGD_RET
2025-11-10,-0.6824069147943418,0,test,JPYSGD_RET
2025-11-11,-0.21980870292155225,0,test,JPYSGD_RET
2025-11-12,-0.0737653978094443,0,test,JPYSGD_RET
2025-11-13,-0.3532936123986743,0,test,JPYSGD_RET
2025-11-14,0.00716180930494383,0,test,JPYSGD_RET
2025-11-17,-0.13972386713659982,0,test,JPYSGD_RET
2025-11-18,-0.14043954487436033,0,test,JPYSGD_RET
2025-11-19,-0.3236569363515827,0,test,JPYSGD_RET
2025-11-20,-0.5419991461381841,0,test,JPYSGD_RET
2025-11-21,-0.13576437349998874,0,test,JPYSGD_RET
2025-11-24,0.4191438682304792,0,test,JPYSGD_RET
2025-11-25,-0.3399977149716818,0,test,JPYSGD_RET
2025-11-26,0.22951809256235584,0,test,JPYSGD_RET
2025-11-27,-0.4329789207018162,0,test,JPYSGD_RET
2025-11-28,5.153170130609e-4,0,test,JPYSGD_RET
2025-12-01,0.1447275204036567,0,test,JPYSGD_RET
2025-12-02,0.30301330025623374,0,test,JPYSGD_RET
2025-12-03,-0.19838172703082776,0,test,JPYSGD_RET
2025-12-04,0.2765339567577512,0,test,JPYSGD_RET
2025-12-05,0.1859126843082348,0,test,JPYSGD_RET
2025-12-08,-0.16380534237627545,0,test,JPYSGD_RET
2025-12-09,-0.2028525807004633,0,test,JPYSGD_RET
2025-12-10,-0.6820445137347,0,test,JPYSGD_RET
2025-12-11,0.29966499666969293,0,test,JPYSGD_RET
2025-12-12,0.11304765002327088,0,test,JPYSGD_RET
2025-12-15,-0.2076699926814377,0,test,JPYSGD_RET
2025-12-16,0.3833757814023409,0,test,JPYSGD_RET
2025-12-17,0.12197368841821012,0,test,JPYSGD_RET
2025-12-18,-0.2970647858736024,0,test,JPYSGD_RET
2025-12-19,-0.17164505853729117,0,test,JPYSGD_RET
2025-12-22,-1.0857819436691574,0,test,JPYSGD_RET
2025-12-23,0.11821462163708484,0,test,JPYSGD_RET
2025-12-24,0.17961573590483854,0,test,JPYSGD_RET
2025-12-25,0,0,test,JPYSGD_RET
2025-12-26,0.03015743923317812,0,test,JPYSGD_RET
2025-12-29,-0.2215446203186068,0,test,JPYSGD_RET
2025-12-30,0.33238693926578844,0,test,JPYSGD_RET
2025-12-31,-0.33390859911629955,0,test,JPYSGD_RET
2026-01-01,0,0,test,JPYSGD_RET
2026-01-02,-0.14081510264395192,0,test,JPYSGD_RET
2026-01-05,0.08041713530000032,0,test,JPYSGD_RET
2026-01-06,-0.15673004600389823,0,test,JPYSGD_RET
2026-01-07,-0.2146935575734684,0,test,JPYSGD_RET
2026-01-08,0.12350745276750924,0,test,JPYSGD_RET
2026-01-09,0.1036022255530494,0,test,JPYSGD_RET
2026-01-12,-0.6392536536430946,0,test,JPYSGD_RET
2026-01-13,-0.02513494614216135,0,test,JPYSGD_RET
2026-01-14,-0.49749371401909775,0,test,JPYSGD_RET
2026-01-15,0.38530646127881185,0,test,JPYSGD_RET
2026-01-16,-0.09444088086235336,0,test,JPYSGD_RET
2026-01-19,0.5826805711258854,0,test,JPYSGD_RET
2026-01-20,-0.52566892552444755,0,test,JPYSGD_RET
2026-01-21,-0.10184652748692694,0,test,JPYSGD_RET
2026-01-22,-0.06893302849642079,0,test,JPYSGD_RET
2026-01-23,-0.4330220441430742,0,test,JPYSGD_RET
2026-01-26,1.4225606672059046,0,test,JPYSGD_RET
2026-01-27,0.4560751130279024,0,test,JPYSGD_RET
2026-01-28,0.48471400483980337,0,test,JPYSGD_RET
2026-01-29,-0.3717083769376391,0,test,JPYSGD_RET
2026-01-30,0.1588584037967041,0,test,JPYSGD_RET
2026-02-02,-0.6669904007644174,0,test,JPYSGD_RET
2026-02-03,-0.2007567335999921,0,test,JPYSGD_RET
2026-02-04,-0.35624585169763173,0,test,JPYSGD_RET
2026-02-05,-0.4955923613291997,0,test,JPYSGD_RET
2026-02-06,0.3045587087826642,0,test,JPYSGD_RET
2026-02-09,-0.6424493395980894,0,test,JPYSGD_RET
2026-02-10,0.2966124627346684,0,test,JPYSGD_RET
2026-02-11,1.021342221413226,0,test,JPYSGD_RET
2026-02-12,0.5168663547533907,0,test,JPYSGD_RET
2026-02-13,0.3252045708952692,0,test,JPYSGD_RET
2026-02-16,0.04253351181810453,0,test,JPYSGD_RET
2026-02-17,-0.5512883595646285,0,test,JPYSGD_RET
2026-02-18,0.32049822018573065,0,test,JPYSGD_RET
2026-02-19,-0.6457898374581039,0,test,JPYSGD_RET
2026-02-20,-0.20442283605353032,0,test,JPYSGD_RET
2026-02-23,0.1917501026979769,0,test,JPYSGD_RET
2026-02-24,-0.02955789788385653,0,test,JPYSGD_RET
2026-02-25,-0.7932245392161268,0,test,JPYSGD_RET
2026-02-26,-0.48580335484740034,0,test,JPYSGD_RET
2026-02-27,0.2541820511157011,0,test,JPYSGD_RET
2026-03-02,0.00605103880297399,0,test,JPYSGD_RET
2026-03-03,-0.17492945316607147,0,test,JPYSGD_RET
2026-03-04,0.0356396007857612,0,test,JPYSGD_RET
2026-03-05,0.3232715280514363,0,test,JPYSGD_RET
2026-03-06,0.0387585503587617,0,test,JPYSGD_RET
2026-03-09,-0.2087851776769225,0,test,JPYSGD_RET
2026-03-10,-0.3520264832629191,0,test,JPYSGD_RET
2026-03-11,-0.33162651948698735,0,test,JPYSGD_RET
2026-03-12,-0.3650767834370392,0,test,JPYSGD_RET
2026-03-13,0.10637210068214412,0,test,JPYSGD_RET
2026-03-16,0.07667927458049102,0,test,JPYSGD_RET
2026-03-17,-0.03278491547823698,0,test,JPYSGD_RET
2026-03-18,-0.02308724881661227,0,test,JPYSGD_RET
2026-03-19,-0.01223647266518097,0,test,JPYSGD_RET
2026-03-20,0.723249127258258,0,test,JPYSGD_RET
2026-03-23,-0.47679918087611656,0,test,JPYSGD_RET
2026-03-24,-0.05501315568666287,0,test,JPYSGD_RET
2026-03-25,0.02324903021543601,0,test,JPYSGD_RET
2026-03-26,-0.13497472552031603,0,test,JPYSGD_RET
2026-03-27,0.17187740480234745,0,test,JPYSGD_RET
2026-03-30,-0.02071507559760106,0,test,JPYSGD_RET
2026-03-31,0.41444225918447,0,test,JPYSGD_RET
2026-04-01,0.1980271994713534,0,test,JPYSGD_RET
2026-04-02,-0.20428572847511495,0,test,JPYSGD_RET
2026-04-03,-0.26054151099505773,0,test,JPYSGD_RET
