Date,Actual,Forecast,Set,Pair
2023-01-04,0.1400934932407738,-0.03843145307589452,val,USDIDR_RET
2023-01-05,-0.07580548074052372,-0.011745231231610812,val,USDIDR_RET
2023-01-06,0.3848625661294456,0.034269263294324045,val,USDIDR_RET
2023-01-09,-0.11338176444029371,-0.06391280274369035,val,USDIDR_RET
2023-01-10,-0.1430286324534819,0.04227788727582486,val,USDIDR_RET
2023-01-11,-0.3285211286258423,0.048596516867932774,val,USDIDR_RET
2023-01-12,-0.7426641800542236,0.0881304863552748,val,USDIDR_RET
2023-01-13,-1.5824563529148967,0.17639669170813585,val,USDIDR_RET
2023-01-16,-0.37772404935630544,0.35538138824665594,val,USDIDR_RET
2023-01-17,-0.21724035526341895,0.09861709258994839,val,USDIDR_RET
2023-01-18,0.5290317853656795,0.06441324285799632,val,USDIDR_RET
2023-01-19,-0.4362489567863119,-0.09463955251475992,val,USDIDR_RET
2023-01-20,0.2976487959986031,0.11109049152700012,val,USDIDR_RET
2023-01-23,-0.5636329130641213,-0.04532495364803216,val,USDIDR_RET
2023-01-24,-0.3253207981741371,0.13823980238636968,val,USDIDR_RET
2023-01-25,-0.34376337565966053,0.08744840072357594,val,USDIDR_RET
2023-01-26,-0.11239508898910151,0.09137906266745928,val,USDIDR_RET
2023-01-27,0.02543274489072412,0.0420675973827766,val,USDIDR_RET
2023-01-30,0.18654425583264397,0.01269238549254277,val,USDIDR_RET
2023-01-31,0.16418679263739414,-0.021645270688001487,val,USDIDR_RET
2023-02-01,-0.02867903493307492,-0.01688023012833337,val,USDIDR_RET
2023-02-02,-0.909351293707064,0.024225215642566945,val,USDIDR_RET
2023-02-03,0.17487225333421616,0.21192267470510429,val,USDIDR_RET
2023-02-06,1.3204539415985903,-0.019157619703994818,val,USDIDR_RET
2023-02-07,0.8005656988331463,-0.2633151594624682,val,USDIDR_RET
2023-02-08,-0.3492935307342385,-0.152511507830012,val,USDIDR_RET
2023-02-09,-0.19825541783176437,0.09255770324047462,val,USDIDR_RET
2023-02-10,0.1520309642731903,0.06036698787394179,val,USDIDR_RET
2023-02-13,0.27834538580039114,-0.014289461458115816,val,USDIDR_RET
2023-02-14,0.18951484622994347,-0.04121082264259976,val,USDIDR_RET
2023-02-15,-0.21059566848837724,-0.022278391879152554,val,USDIDR_RET
2023-02-16,0.20402126264792475,0.06299706242138528,val,USDIDR_RET
2023-02-17,-0.4480766590086654,-0.025370140795541358,val,USDIDR_RET
2023-02-20,0.11220752967664067,0.1136113267543691,val,USDIDR_RET
2023-02-21,0.0230859292287367,-0.005801902765939743,val,USDIDR_RET
2023-02-22,0.4638852884395508,0.01319256172979183,val,USDIDR_RET
2023-02-23,-0.26951536445792795,-0.08075489585839776,val,USDIDR_RET
2023-02-24,0.1184132761216772,0.07555460254149486,val,USDIDR_RET
2023-02-27,0.31312001877016665,-0.007124531959393943,val,USDIDR_RET
2023-02-28,-0.3196948568671503,-0.048622331502145066,val,USDIDR_RET
2023-03-01,0.20361923682685976,0.08624934525471577,val,USDIDR_RET
2023-03-02,0.01968310212044064,-0.02528445713247642,val,USDIDR_RET
2023-03-03,0.5169322814924677,0.013917805423450863,val,USDIDR_RET
2023-03-06,-0.43758563258785527,-0.09206078826927229,val,USDIDR_RET
2023-03-07,0.6331910936648111,0.11137537690750403,val,USDIDR_RET
2023-03-08,0.5521466494305457,-0.11683899993765842,val,USDIDR_RET
2023-03-09,0.08417781440503147,-0.09956601773303674,val,USDIDR_RET
2023-03-10,0.2521091221867173,1.7206346532498695e-4,val,USDIDR_RET
2023-03-13,-0.10594021217124092,-0.03561909431629026,val,USDIDR_RET
2023-03-14,-0.41189381441930223,0.040691871095041854,val,USDIDR_RET
2023-03-15,-0.24040815971188137,0.10589968610324571,val,USDIDR_RET
2023-03-16,0.6936593889142967,0.06935099124703707,val,USDIDR_RET
2023-03-17,-0.368920518097151,-0.12972659263641345,val,USDIDR_RET
2023-03-20,-0.3475101335820484,0.0967407981663892,val,USDIDR_RET
2023-03-21,-0.18561641358382117,0.09217760824982345,val,USDIDR_RET
2023-03-22,-0.30032013170767924,0.05767324004802285,val,USDIDR_RET
2023-03-23,-0.2815519947986706,0.0821200149093608,val,USDIDR_RET
2023-03-24,-1.346643889730572,0.07811996656667444,val,USDIDR_RET
2023-03-27,0.6689874262807298,0.3051227367290147,val,USDIDR_RET
2023-03-28,-0.26772007859718405,-0.12446826338819444,val,USDIDR_RET
2023-03-29,-0.30826880238649246,0.0751719737133521,val,USDIDR_RET
2023-03-30,-0.1960622045355314,0.08381411311044995,val,USDIDR_RET
2023-03-31,-0.07653528483674749,0.05989954887063062,val,USDIDR_RET
2023-04-03,-0.21327654045477215,0.034424806259496274,val,USDIDR_RET
2023-04-04,-0.4882462964729085,0.06356843599555102,val,USDIDR_RET
2023-04-05,0.2878855802764026,0.12217267157746825,val,USDIDR_RET
2023-04-06,-0.01337166546085438,-0.04324412191400255,val,USDIDR_RET
2023-04-07,-0.16059960625298372,0.02096275980131329,val,USDIDR_RET
2023-04-10,-0.1742744592835283,0.05234141413540455,val,USDIDR_RET
2023-04-11,0.3281875622409326,0.05525593215424175,val,USDIDR_RET
2023-04-12,-0.2812376301266094,-0.05183367328746964,val,USDIDR_RET
2023-04-13,-0.6019556454390488,0.07805296610245288,val,USDIDR_RET
2023-04-14,-0.700664602552455,0.1464075167880033,val,USDIDR_RET
2023-04-17,-0.18359234069209449,0.16744533222083174,val,USDIDR_RET
2023-04-18,1.1301849395803814,0.057241849896976935,val,USDIDR_RET
2023-04-19,0.20168074063046,-0.2227631744744321,val,USDIDR_RET
2023-04-20,0.7760274427619477,-0.02487130592118113,val,USDIDR_RET
2023-04-21,-0.4006415615438633,-0.1472816754281129,val,USDIDR_RET
2023-04-24,-0.7252247740764209,0.10350149625179153,val,USDIDR_RET
2023-04-25,0.7185337968567088,0.17267983545771812,val,USDIDR_RET
2023-04-26,-0.06693440678280617,-0.1350280690028604,val,USDIDR_RET
2023-04-27,-0.6280140869776544,0.0323785735122507,val,USDIDR_RET
2023-04-28,-1.0668845163708691,0.15196134593976401,val,USDIDR_RET
2023-05-01,-0.1431151639645648,0.24549769119658826,val,USDIDR_RET
2023-05-02,0.05795224215781252,0.04861495930732755,val,USDIDR_RET
2023-05-03,0.5505723532666436,0.005761513143366079,val,USDIDR_RET
2023-05-04,-0.48924773973399105,-0.09923048838391463,val,USDIDR_RET
2023-05-05,0.13274112328437265,0.12238610893015854,val,USDIDR_RET
2023-05-08,-0.2179243575611028,-0.010178222454900389,val,USDIDR_RET
2023-05-09,0.5574832576749261,0.06455902409725885,val,USDIDR_RET
2023-05-10,0.11518787058080077,-0.10070340771836095,val,USDIDR_RET
2023-05-11,-0.5159900103346821,-0.006437102080188335,val,USDIDR_RET
2023-05-12,0.5396886985539376,0.12808568239952187,val,USDIDR_RET
2023-05-15,-0.18635545061466977,-0.09691085776703473,val,USDIDR_RET
2023-05-16,0.35208919844903414,0.05783075082625096,val,USDIDR_RET
2023-05-17,0.6064708615566653,-0.05692782305658271,val,USDIDR_RET
2023-05-18,-0.05712077839566613,-0.11114412352671962,val,USDIDR_RET
2023-05-19,0.26516756327912816,0.03028699733950459,val,USDIDR_RET
2023-05-22,0.01340752163971698,-0.03840223661235338,val,USDIDR_RET
2023-05-23,-0.21473635952525297,0.015255318327529497,val,USDIDR_RET
2023-05-24,0.0604412227526626,0.06387956687027818,val,USDIDR_RET
2023-05-25,0.3411454703020676,0.005231037329401311,val,USDIDR_RET
2023-05-26,0.1611157563270784,-0.05459538900362823,val,USDIDR_RET
2023-05-29,-0.14706868082994984,-0.016225700924770724,val,USDIDR_RET
2023-05-30,0.08024609230938132,0.049457571371691544,val,USDIDR_RET
2023-05-31,0.1269247640250693,0.0010100304158463143,val,USDIDR_RET
2023-06-01,0.03337449552054459,-0.008938583255312209,val,USDIDR_RET
2023-06-02,-0.5152063853494162,0.010999762159771071,val,USDIDR_RET
2023-06-05,0.5085323772713815,0.12791866860167944,val,USDIDR_RET
2023-06-06,-0.895003041281685,-0.09027051877575894,val,USDIDR_RET
2023-06-07,0.15140557709525354,0.20886463524104676,val,USDIDR_RET
2023-06-08,0.11424348542705798,-0.014156172844719008,val,USDIDR_RET
2023-06-09,-0.35660256460691003,-0.006235825507697367,val,USDIDR_RET
2023-06-12,-0.02022312858690188,0.09411547580845843,val,USDIDR_RET
2023-06-13,0.2592201286567275,0.022423010430088708,val,USDIDR_RET
2023-06-14,-0.01681209129562753,-0.037134661353290244,val,USDIDR_RET
2023-06-15,0.26865487311759706,0.021696016902177366,val,USDIDR_RET
2023-06-16,-0.08052070488061927,-0.03914548608924236,val,USDIDR_RET
2023-06-19,0.207879370753201,0.035274217840341376,val,USDIDR_RET
2023-06-20,0.5344748158880943,-0.026192418414637767,val,USDIDR_RET
2023-06-21,0.05329070203388764,-0.09579962425368281,val,USDIDR_RET
2023-06-22,-0.48733365249516686,0.006755026028394185,val,USDIDR_RET
2023-06-23,-0.05355110911829305,0.121978159993909,val,USDIDR_RET
2023-06-26,0.34757069947859487,0.02952619461592467,val,USDIDR_RET
2023-06-27,0.34636682866169133,-0.05596479649695334,val,USDIDR_RET
2023-06-28,-0.3763973599272789,-0.05570821580973276,val,USDIDR_RET
2023-06-29,-0.0100121814958399,0.09833433560253053,val,USDIDR_RET
2023-06-30,0.5525059819606466,0.020246753820981418,val,USDIDR_RET
2023-07-03,-0.5191359412732344,-0.099642602185637,val,USDIDR_RET
2023-07-04,0.4660150900904797,0.12875617387653798,val,USDIDR_RET
2023-07-05,-0.30599371976532447,-0.08120881995354647,val,USDIDR_RET
2023-07-06,0.4453758151410926,0.08332922531831596,val,USDIDR_RET
2023-07-07,0.7420815941181194,-0.07680997642657303,val,USDIDR_RET
2023-07-10,-0.4043888381806167,-0.1400468051654364,val,USDIDR_RET
2023-07-11,0.580017444687817,0.10430015238761915,val,USDIDR_RET
2023-07-12,-0.3898242550031907,-0.10550611338124605,val,USDIDR_RET
2023-07-13,-1.5210619148014566,0.10119600640428415,val,USDIDR_RET
2023-07-14,0.1740178472735836,0.34229640695008684,val,USDIDR_RET
2023-07-17,-0.02006353459330325,-0.018975520353197033,val,USDIDR_RET
2023-07-18,0.21046661184124432,0.0223889962020014,val,USDIDR_RET
2023-07-19,0.02335785919156683,-0.02674383646303181,val,USDIDR_RET
2023-07-20,0.04002935539473127,0.013134605364574604,val,USDIDR_RET
2023-07-21,0.39609285064021527,0.009581413533074248,val,USDIDR_RET
2023-07-24,-0.22281723247763283,-0.06630631048305675,val,USDIDR_RET
2023-07-25,0.02330265161428823,0.06560184130898981,val,USDIDR_RET
2023-07-26,0.06987539173291048,0.013146371741763113,val,USDIDR_RET
2023-07-27,-0.1664503197311653,0.003220335245490688,val,USDIDR_RET
2023-07-28,0.5846804244949481,0.0535883752411017,val,USDIDR_RET
2023-07-31,-0.04638372677004038,-0.10649993310559713,val,USDIDR_RET
2023-08-01,0.10598835120432525,0.027998612202042868,val,USDIDR_RET
2023-08-02,0.17860100662887335,-0.004476410807858645,val,USDIDR_RET
2023-08-03,0.5864732964105956,-0.019952327964537216,val,USDIDR_RET
2023-08-04,-0.3884011334095197,-0.10688204745022303,val,USDIDR_RET
2023-08-07,0.01319087193575372,0.10089269685364503,val,USDIDR_RET
2023-08-08,0.4540228230207399,0.015301492824949416,val,USDIDR_RET
2023-08-09,-0.16294652957800182,-0.07865291106126107,val,USDIDR_RET
2023-08-10,-0.00131645949075143,0.05284161331884851,val,USDIDR_RET
2023-08-11,0.34136447512766027,0.018393436756876907,val,USDIDR_RET
2023-08-14,0.3793829772818476,-0.054642065447534166,val,USDIDR_RET
2023-08-15,0.19566925105409136,-0.06274493933803094,val,USDIDR_RET
2023-08-16,-0.23158351429987725,-0.0235900786457403,val,USDIDR_RET
2023-08-17,0.32927475265310663,0.06747019676934236,val,USDIDR_RET
2023-08-18,0.00325473156630617,-0.052065385909105186,val,USDIDR_RET
2023-08-21,-0.5515589772985302,0.017419179945956625,val,USDIDR_RET
2023-08-22,0.2673500548387653,0.1356664874652881,val,USDIDR_RET
2023-08-23,-0.01240629851387709,-0.03886739049461556,val,USDIDR_RET
2023-08-24,-0.14962151108200492,0.020757011384458596,val,USDIDR_RET
2023-08-25,-0.3609176263873282,0.05000165544718607,val,USDIDR_RET
2023-08-28,0.32102756302481894,0.09503514385047201,val,USDIDR_RET
2023-08-29,-0.21281131674939863,-0.05030766443870087,val,USDIDR_RET
2023-08-30,-0.38749555907731553,0.06346928298315135,val,USDIDR_RET
2023-08-31,0.12823676233298534,0.10069969202187753,val,USDIDR_RET
2023-09-01,0.09853188303324165,-0.009218209127748584,val,USDIDR_RET
2023-09-04,0.01313025211971351,-0.0028872156045926245,val,USDIDR_RET
2023-09-05,-0.0393959295968626,0.015314412711236541,val,USDIDR_RET
2023-09-06,0.4651933041078918,0.026509304731774923,val,USDIDR_RET
2023-09-07,0.24809048436691575,-0.08103367291185391,val,USDIDR_RET
2023-09-08,0.03911597937612575,-0.0347626030391386,val,USDIDR_RET
2023-09-11,-0.15655580497027832,0.009776081136320407,val,USDIDR_RET
2023-09-12,0.1376491121165884,0.05147955977567455,val,USDIDR_RET
2023-09-13,0.0723417379494102,-0.011224260891715302,val,USDIDR_RET
2023-09-14,0.01823786887001599,0.002694683490943591,val,USDIDR_RET
2023-09-15,0.27318866997017555,0.014225827625984002,val,USDIDR_RET
2023-09-18,-0.3187927620990172,-0.04011177308268006,val,USDIDR_RET
2023-09-19,0.20180327780822396,0.08605708202157167,val,USDIDR_RET
2023-09-20,0.04876225248189588,-0.024897422239343592,val,USDIDR_RET
2023-09-21,-0.1528679291366279,0.0077201733529903074,val,USDIDR_RET
2023-09-22,0.2568146657983481,0.05069356371821049,val,USDIDR_RET
2023-09-25,-0.21125509587365457,-0.03662198565368814,val,USDIDR_RET
2023-09-26,0.2404706582375783,0.0631376060156903,val,USDIDR_RET
2023-09-27,0.5696176965523537,-0.03313859139493622,val,USDIDR_RET
2023-09-28,0.48934486933827376,-0.10328961765259181,val,USDIDR_RET
2023-09-29,-0.6120561580274709,-0.08618108999120715,val,USDIDR_RET
2023-10-02,-0.1681651001049456,0.14856023651908154,val,USDIDR_RET
2023-10-03,0.43922044515075215,0.05395384595486863,val,USDIDR_RET
2023-10-04,0.6808427610384835,-0.07549808395435517,val,USDIDR_RET
2023-10-05,-0.19863524936910115,-0.12699498793094766,val,USDIDR_RET
2023-10-06,0.2562297218919555,0.060447941274846206,val,USDIDR_RET
2023-10-09,-0.17929184542889975,-0.03649731670467768,val,USDIDR_RET
2023-10-10,0.5649613007610067,0.05632528641314942,val,USDIDR_RET
2023-10-11,0.17255461343137465,-0.10229720117788414,val,USDIDR_RET
2023-10-12,-0.16236095443853107,-0.018663661689022375,val,USDIDR_RET
2023-10-13,0.2926955512880284,0.05271680983528941,val,USDIDR_RET
2023-10-16,-0.40108282320788086,-0.04426926983713966,val,USDIDR_RET
2023-10-17,-0.0063793818400625,0.10359554224028797,val,USDIDR_RET
2023-10-18,0.3388205397932576,0.019472496135583304,val,USDIDR_RET
2023-10-19,0.4997587978341329,-0.05409987714362244,val,USDIDR_RET
2023-10-20,0.3095097692373739,-0.08840060797653902,val,USDIDR_RET
2023-10-23,0.07565250644514343,-0.04785287991883952,val,USDIDR_RET
2023-10-24,0.03780480166000982,0.0019890602264404852,val,USDIDR_RET
2023-10-25,-0.03780480166000646,0.010055532116230904,val,USDIDR_RET
2023-10-26,0.05985100429092117,0.026170188031077346,val,USDIDR_RET
2023-10-27,0.2673167721244139,0.005356830443078912,val,USDIDR_RET
2023-10-30,-0.10369696280136696,-0.03886029695799939,val,USDIDR_RET
2023-10-31,-0.3811448395317543,0.04021376791582381,val,USDIDR_RET
2023-11-01,-0.5969927808573252,0.09934616474763358,val,USDIDR_RET
2023-11-02,0.9561274641853388,0.14534978269636997,val,USDIDR_RET
2023-11-03,-0.3906993437965077,-0.18566634811592878,val,USDIDR_RET
2023-11-06,-1.6289321307572542,0.10138251386074516,val,USDIDR_RET
2023-11-07,-0.07768086347412165,0.36528675919714954,val,USDIDR_RET
2023-11-08,0.4715876841987344,0.03466896314901928,val,USDIDR_RET
2023-11-09,-0.1765833017157648,-0.08239650554723417,val,USDIDR_RET
2023-11-10,0.6236926073888707,0.05574801516649634,val,USDIDR_RET
2023-11-13,-0.19556325923377563,-0.11481458992454374,val,USDIDR_RET
2023-11-14,-0.10207337409376233,0.0597932087827969,val,USDIDR_RET
2023-11-15,-2.494636278822989,0.039867732859145334,val,USDIDR_RET
2023-11-16,1.3442377993851875,0.5497940685542594,val,USDIDR_RET
2023-11-17,-0.08267860463121628,-0.26838420714595457,val,USDIDR_RET
2023-11-20,-0.48972455827906497,0.03573413047647073,val,USDIDR_RET
2023-11-21,-0.11241026637286931,0.1224877331478543,val,USDIDR_RET
2023-11-22,0.7719408452079587,0.04207083213479706,val,USDIDR_RET
2023-11-23,0.7167199353393117,-0.1464106999097484,val,USDIDR_RET
2023-11-24,-0.7573686889901778,-0.1346414811496439,val,USDIDR_RET
2023-11-27,0.418612751053409,0.1795306600335186,val,USDIDR_RET
2023-11-28,-0.6027124106274666,-0.0711059712465084,val,USDIDR_RET
2023-11-29,-1.35069017343724,0.14656880596403654,val,USDIDR_RET
2023-11-30,0.9652458690039386,0.3059851201671453,val,USDIDR_RET
2023-12-01,0.9193657374325788,-0.1876097514627509,val,USDIDR_RET
2023-12-04,-0.7222447035734653,-0.17783133045356914,val,USDIDR_RET
2023-12-05,0.53299346664147,0.17204469377401085,val,USDIDR_RET
2023-12-06,-0.4061121434462394,-0.09548390465787918,val,USDIDR_RET
2023-12-07,0.1486892991399653,0.10466744000946018,val,USDIDR_RET
2023-12-08,0.1291155763619808,-0.013577253200963053,val,USDIDR_RET
2023-12-11,0.38763607649323095,-0.009405510542761463,val,USDIDR_RET
2023-12-12,0.5562820629787064,-0.06450392031640785,val,USDIDR_RET
2023-12-13,-0.49974476123827255,-0.10044739739207485,val,USDIDR_RET
2023-12-14,-1.9064252649878448,0.12462333650766996,val,USDIDR_RET
2023-12-15,1.255586868739173,0.4244288017487002,val,USDIDR_RET
2023-12-18,-1.2045373500778511,-0.24949005638781602,val,USDIDR_RET
2023-12-19,1.11657774745952,0.27483560534359125,val,USDIDR_RET
2023-12-20,0.00387978652122531,-0.21986307700841565,val,USDIDR_RET
2023-12-21,0.4068064887678001,0.01728596213916878,val,USDIDR_RET
2023-12-22,-0.503909587512742,-0.06858970550751531,val,USDIDR_RET
2023-12-25,-0.19967982784809235,0.12551098489373708,val,USDIDR_RET
2023-12-26,0.3291296841126606,0.06067057202578073,val,USDIDR_RET
2023-12-27,-0.388853373969248,-0.05203446748722877,val,USDIDR_RET
2023-12-28,-0.17547854891210815,0.10098908277144855,val,USDIDR_RET
2023-12-29,0.337684586098913,0.055512559476740386,val,USDIDR_RET
2024-01-01,-0.2720090949521681,-0.05385777161580893,val,USDIDR_RET
2024-01-02,-6.4752683158165e-4,0.07608609070033302,val,USDIDR_RET
2024-01-03,0.7447979768144393,0.018250867305915765,val,USDIDR_RET
2024-01-04,0.3671147007841835,-0.14062574713262235,val,USDIDR_RET
2024-01-05,-0.28326807069865517,-0.06013020462514934,val,USDIDR_RET
2024-01-08,-0.2162093231363607,0.07848571339561848,val,USDIDR_RET
2024-01-09,0.11623027815467044,0.06419349923767373,val,USDIDR_RET
2024-01-10,0.2513697746419373,-0.006659270146655263,val,USDIDR_RET
2024-01-11,0.1318773410384277,-0.035461517358305314,val,USDIDR_RET
2024-01-12,0.0096427366161172,-0.00999412476006337,val,USDIDR_RET
2024-01-15,-0.34320908876534645,0.016057706021482872,val,USDIDR_RET
2024-01-16,0.2756903979919822,0.09126092763979388,val,USDIDR_RET
2024-01-17,0.5068824814437365,-0.04064496575257563,val,USDIDR_RET
2024-01-18,-0.00640020480873385,-0.08991887688914159,val,USDIDR_RET
2024-01-19,-0.06979131355829879,0.019476934129707465,val,USDIDR_RET
2024-01-22,-0.07752656736824555,0.03298746534141428,val,USDIDR_RET
2024-01-23,0.34872781809666176,0.034636078058422115,val,USDIDR_RET
2024-01-24,0.3793377303451954,-0.0562114128996858,val,USDIDR_RET
2024-01-25,-0.00318172417659982,-0.06273529586969709,val,USDIDR_RET
2024-01-26,0.5932287997747042,0.01879098015457654,val,USDIDR_RET
2024-01-29,-0.2558964084352622,-0.1083218461988481,val,USDIDR_RET
2024-01-30,0.3823346602018515,0.07265199783801819,val,USDIDR_RET
2024-01-31,-0.27204015132229187,-0.06337403078325744,val,USDIDR_RET
2024-02-01,-0.10141345865051749,0.07609270973675875,val,USDIDR_RET
2024-02-02,-0.27305938541255453,0.039727085245167326,val,USDIDR_RET
2024-02-05,0.00763162607066404,0.07630993884443898,val,USDIDR_RET
2024-02-06,-0.09987815348679609,0.01648633351089753,val,USDIDR_RET
2024-02-07,0.13674889631230705,0.039399866038197784,val,USDIDR_RET
2024-02-08,-0.5481211938366071,-0.011032398121668733,val,USDIDR_RET
2024-02-09,0.08496296755409576,0.13493379353269108,val,USDIDR_RET
2024-02-12,-0.3986134087154906,4.723970312987824e-6,val,USDIDR_RET
2024-02-13,-0.1186753406864486,0.1030692365448649,val,USDIDR_RET
2024-02-14,0.5249523914695733,0.043406105862090184,val,USDIDR_RET
2024-02-15,-0.6945520862232175,-0.09377011231020492,val,USDIDR_RET
2024-02-16,0.7615730088334143,0.16614257313872627,val,USDIDR_RET
2024-02-19,-0.2773136552019936,-0.1442010055267469,val,USDIDR_RET
2024-02-20,0.0345485707918997,0.07721665030456362,val,USDIDR_RET
2024-02-21,0.17255156861581797,0.010749531789748632,val,USDIDR_RET
2024-02-22,-0.12139413048771865,-0.0186630127482415,val,USDIDR_RET
2024-02-23,-0.34582167029568295,0.04398556085495432,val,USDIDR_RET
2024-02-26,-0.012192112369989,0.09181774649033941,val,USDIDR_RET
2024-02-27,0.33563562365539823,0.020711361944983617,val,USDIDR_RET
2024-02-28,0.09267693167690154,-0.05342107676079251,val,USDIDR_RET
2024-02-29,0.3774901179872823,-0.0016393512809795563,val,USDIDR_RET
2024-03-01,-0.05220361117988615,-0.062341514708251625,val,USDIDR_RET
2024-03-04,-0.07707764277173937,0.02923900271608774,val,USDIDR_RET
2024-03-05,0.4711042091273978,0.03454039887103385,val,USDIDR_RET
2024-03-06,-0.0920123805695776,-0.08229346262575475,val,USDIDR_RET
2024-03-07,-0.5315183028435815,0.03772343581638048,val,USDIDR_RET
2024-03-08,-0.3004252954713118,0.13139522351253227,val,USDIDR_RET
2024-03-11,-0.54369540680019,0.08214242843609862,val,USDIDR_RET
2024-03-12,-0.117856830911225,0.13399052664445749,val,USDIDR_RET
2024-03-13,0.18027303362703945,0.043231657077656804,val,USDIDR_RET
2024-03-14,0.1799486346766333,-0.020308686662012982,val,USDIDR_RET
2024-03-15,0.3589287278590953,-0.02023954759454814,val,USDIDR_RET
2024-03-18,0.05948201603353655,-0.05838553025544366,val,USDIDR_RET
2024-03-19,0.6608857438771518,0.005435472818429106,val,USDIDR_RET
2024-03-20,-0.15892695885087452,-0.12274155383633434,val,USDIDR_RET
2024-03-21,-0.19742085698799608,0.051984923211390976,val,USDIDR_RET
2024-03-22,0.232406465537846,0.060189118129269165,val,USDIDR_RET
2024-03-25,0.501805020841928,-0.0314198720143149,val,USDIDR_RET
2024-03-26,-0.1177690017586619,-0.08883671897630313,val,USDIDR_RET
2024-03-27,0.27837548028637066,0.04321293807225671,val,USDIDR_RET
2024-03-28,0.3090997572196567,-0.04121723667289749,val,USDIDR_RET
2024-03-29,0,-0.04776549415967214,val,USDIDR_RET
2024-04-01,-0.182821169912464,0.018112860073654483,val,USDIDR_RET
2024-04-02,0.6152150026509989,0.057077490460878164,val,USDIDR_RET
2024-04-03,0.05768003074469156,-0.11300776013924968,val,USDIDR_RET
2024-04-04,-0.11915588879643955,0.0058195294940136585,val,USDIDR_RET
2024-04-05,-0.1978612790416891,0.043508524961027376,val,USDIDR_RET
2024-04-08,-0.14786619233159587,0.060282985171826356,val,USDIDR_RET
2024-04-09,0.23271182551480055,0.04962754479930978,val,USDIDR_RET
2024-04-10,-0.16158414766355653,-0.03148495331011221,val,USDIDR_RET
2024-04-11,0.6641525212564126,0.05255124920090737,val,USDIDR_RET
2024-04-12,0.05498984449742887,-0.12343780128514556,val,USDIDR_RET
2024-04-15,0.6476141944289098,0.006392888218539776,val,USDIDR_RET
2024-04-16,-0.22369983851665215,-0.11991299180949622,val,USDIDR_RET
2024-04-17,1.4648035958918595,0.06578995091415417,val,USDIDR_RET
2024-04-18,-0.4066581453839627,-0.29408036531228204,val,USDIDR_RET
2024-04-19,-0.16016759414952883,0.10478380926639189,val,USDIDR_RET
2024-04-22,-0.05982180652168113,0.05224933950344597,val,USDIDR_RET
2024-04-23,0.21998940067119427,0.03086266679094756,val,USDIDR_RET
2024-04-24,-0.6533658189008232,-0.02877342607342673,val,USDIDR_RET
2024-04-25,0.49319822475129194,0.15736455424728787,val,USDIDR_RET
2024-04-26,-0.11103572789674038,-0.0870023546701869,val,USDIDR_RET
2024-04-29,0.00617188705642608,0.04177787709189351,val,USDIDR_RET
2024-04-30,0.2650314349898274,0.016797447323257587,val,USDIDR_RET
2024-05-01,0.16605680497151531,-0.038373223623975786,val,USDIDR_RET
2024-05-02,-0.5088794558167319,-0.017278785391126348,val,USDIDR_RET
2024-05-03,-0.5785578896217525,0.12657021168695182,val,USDIDR_RET
2024-05-06,-0.12432400432694604,0.14142075892102332,val,USDIDR_RET
2024-05-07,-0.2678211560062965,0.044610004136229425,val,USDIDR_RET
2024-05-08,0.2429377966244032,0.07519351631636931,val,USDIDR_RET
2024-05-09,0.00622142035226716,-0.033664411984547324,val,USDIDR_RET
2024-05-10,-0.27410931690650464,0.016786890304257913,val,USDIDR_RET
2024-05-13,0.04989397633754353,0.07653371048211782,val,USDIDR_RET
2024-05-14,0.5161863509024458,0.007478969329644279,val,USDIDR_RET
2024-05-15,-0.11792820160724184,-0.09190180826849534,val,USDIDR_RET
2024-05-16,-1.174426292244593,0.0432468682963144,val,USDIDR_RET
2024-05-17,0.10551051568271406,0.2684180430908008,val,USDIDR_RET
2024-05-20,0.17059407739189486,-0.004374569842206907,val,USDIDR_RET
2024-05-21,0.45640768214473976,-0.018245813131463434,val,USDIDR_RET
2024-05-22,-0.16231742857101544,-0.079161195492089,val,USDIDR_RET
2024-05-23,0.22280811381197335,0.05270753317799179,val,USDIDR_RET
2024-05-24,0.33794101908253305,-0.02937417770274108,val,USDIDR_RET
2024-05-27,-0.3547758365934561,-0.05391242511370872,val,USDIDR_RET
2024-05-28,0.20554991820959595,0.09372614572214347,val,USDIDR_RET
2024-05-29,0.2858209973648116,-0.025695942774482918,val,USDIDR_RET
2024-05-30,0.7116123569266416,-0.04280409787251742,val,USDIDR_RET
2024-05-31,-0.0252593765646549,-0.1335529042352814,val,USDIDR_RET
2024-06-03,0.09239013930579276,0.023496384706631783,val,USDIDR_RET
2024-06-04,-0.2465636458394971,-0.0015782272943893859,val,USDIDR_RET
2024-06-05,0.4495219860579692,0.07066290847156348,val,USDIDR_RET
2024-06-06,0.2393299905840484,-0.07769364880092501,val,USDIDR_RET
2024-06-07,-0.4502908961971802,-0.03289548118217621,val,USDIDR_RET
2024-06-10,0.17409001476342656,0.11408324657460345,val,USDIDR_RET
2024-06-11,0.2578112041207696,-0.018990901392324237,val,USDIDR_RET
2024-06-12,-0.04046680229584824,-0.03683437761802383,val,USDIDR_RET
2024-06-13,-0.4634983722695624,0.026737539563264745,val,USDIDR_RET
2024-06-14,0.34444615184397126,0.11689815265881065,val,USDIDR_RET
2024-06-17,1.183563715992772,-0.05529886243817515,val,USDIDR_RET
2024-06-18,-0.00546371762742387,-0.23413977979003603,val,USDIDR_RET
2024-06-19,-0.6086816528350548,0.01927734085011305,val,USDIDR_RET
2024-06-20,0.01160193165713081,0.1478410290682966,val,USDIDR_RET
2024-06-21,0.675332914936444,0.015640143270592873,val,USDIDR_RET
2024-06-24,-0.29695202340892485,-0.12582067580418876,val,USDIDR_RET
2024-06-25,-0.2978364554416523,0.081402170826928,val,USDIDR_RET
2024-06-26,0.04208184032994525,0.08159066960567636,val,USDIDR_RET
2024-06-27,0.20100509280241,0.009143967930279728,val,USDIDR_RET
2024-06-28,-0.363319602452479,-0.024727305267949872,val,USDIDR_RET
2024-07-01,-0.1919492373550351,0.09554707641070218,val,USDIDR_RET
2024-07-02,0.2871721644817343,0.059022953200339526,val,USDIDR_RET
2024-07-03,0.00610109514848233,-0.04309207178345713,val,USDIDR_RET
2024-07-04,-0.3116314275366171,0.016812535184957386,val,USDIDR_RET
2024-07-05,-0.07040421491664865,0.08453078857078163,val,USDIDR_RET
2024-07-08,-0.5126878161626748,0.033118092855193806,val,USDIDR_RET
2024-07-09,0.1980198488480612,0.1273818865784979,val,USDIDR_RET
2024-07-10,-0.00122992001832175,-0.024091060967836326,val,USDIDR_RET
2024-07-11,-0.4865290582563077,0.018374992620682273,val,USDIDR_RET
2024-07-12,-0.5820089489307785,0.12180667702427343,val,USDIDR_RET
2024-07-15,0.02483546517174238,0.1421562823316052,val,USDIDR_RET
2024-07-16,0.5386509634084996,0.012819683570216442,val,USDIDR_RET
2024-07-17,-0.13593674856512675,-0.09668968553407514,val,USDIDR_RET
2024-07-18,-0.2166445711326508,0.04708502542199587,val,USDIDR_RET
2024-07-19,0.2908147951892954,0.06428626353466593,val,USDIDR_RET
2024-07-22,0.12966566603257693,-0.04386842475847215,val,USDIDR_RET
2024-07-23,0.08758470702532878,-0.009522751017181745,val,USDIDR_RET
2024-07-24,0.01109545393661107,-5.540467098938094e-4,val,USDIDR_RET
2024-07-25,0.1478378980609037,0.015748088740960797,val,USDIDR_RET
2024-07-26,0.5634704860933651,-0.01339579430113869,val,USDIDR_RET
2024-07-29,-0.3359810707612564,-0.10197946421925774,val,USDIDR_RET
2024-07-30,0.11477900519823532,0.08972042196369293,val,USDIDR_RET
2024-07-31,0.16426384486248868,-0.006349960703085116,val,USDIDR_RET
2024-08-01,-0.4511493526821673,-0.016896652249867545,val,USDIDR_RET
2024-08-02,0.15982299935087133,0.11426620919133462,val,USDIDR_RET
2024-08-05,-1.6660342619050317,-0.015950175952566845,val,USDIDR_RET
2024-08-06,1.2166506376000323,0.37319432716339573,val,USDIDR_RET
2024-08-07,-0.3442505208945768,-0.2411915871474401,val,USDIDR_RET
2024-08-08,-0.8037252271638867,0.0914828878099879,val,USDIDR_RET
2024-08-09,-0.27498298684914796,0.18941061746314586,val,USDIDR_RET
2024-08-12,-0.3824815773593904,0.0767199155392883,val,USDIDR_RET
2024-08-13,0.19518324309041857,0.09963106334774317,val,USDIDR_RET
2024-08-14,-1.2625505622118236,-0.02348649588954842,val,USDIDR_RET
2024-08-15,-0.8256737536520352,0.28719994678970584,val,USDIDR_RET
2024-08-16,0.8637641553314572,0.19408850144433018,val,USDIDR_RET
2024-08-19,-0.4580452056950378,-0.16598097911541498,val,USDIDR_RET
2024-08-20,-1.0254528107981356,0.11573592062562735,test,USDIDR_RET
2024-08-21,-0.5231725157682242,0.23666736211201445,test,USDIDR_RET
2024-08-22,0.2716162828777683,0.12961648799280298,test,USDIDR_RET
2024-08-23,1.5667120621540127,-0.03977665061348995,test,USDIDR_RET
2024-08-26,-2.2588447748347695,-0.3158000913327145,test,USDIDR_RET
2024-08-27,0.5538274106028928,0.4995398840648613,test,USDIDR_RET
2024-08-28,0.02909824631611116,-0.09992423794287926,test,USDIDR_RET
2024-08-29,-0.17536175611540186,0.011911158087136529,test,USDIDR_RET
2024-08-30,0.03108198697415396,0.055487667457081336,test,USDIDR_RET
2024-09-02,0.5179263353170831,0.011488363935005486,test,USDIDR_RET
2024-09-03,-0.03156949552333533,-0.09227265071320967,test,USDIDR_RET
2024-09-04,0.08244473625782073,0.024841258787910884,test,USDIDR_RET
2024-09-05,-0.5713876842058656,5.414339789836312e-4,test,USDIDR_RET
2024-09-06,-0.177570670662648,0.1398925748274401,test,USDIDR_RET
2024-09-09,-0.07786646295710224,0.05595845286410843,test,USDIDR_RET
2024-09-10,0.3356891280381195,0.0347085199205784,test,USDIDR_RET
2024-09-11,0.2081071236609351,-0.05343248013654943,test,USDIDR_RET
2024-09-12,-0.3362869365917498,-0.026240959335110618,test,USDIDR_RET
2024-09-13,-0.11861540472106068,0.08978561107192894,test,USDIDR_RET
2024-09-16,-0.16682105245561887,0.04339333172472218,test,USDIDR_RET
2024-09-17,-0.05198518539323222,0.0536673894142836,test,USDIDR_RET
2024-09-18,-0.2603320702305615,0.02919244968260653,test,USDIDR_RET
2024-09-19,-0.292377509796548,0.07359736933115173,test,USDIDR_RET
2024-09-20,-0.6728418028103564,0.08042720588062044,test,USDIDR_RET
2024-09-23,-0.2872971436448869,0.16151546584481144,test,USDIDR_RET
2024-09-24,0.13254778622213964,0.07934442870866593,test,USDIDR_RET
2024-09-25,-0.34989077766216087,-0.010137016575003283,test,USDIDR_RET
2024-09-26,0.530301359900913,0.09268499432939797,test,USDIDR_RET
2024-09-27,-0.8688094555386581,-0.09491013661909581,test,USDIDR_RET
2024-09-30,0.3180074231580842,0.20328200283867356,test,USDIDR_RET
2024-10-01,0.3473231706357974,-0.049663982781476046,test,USDIDR_RET
2024-10-02,0.5914999389739878,-0.05591204073636828,test,USDIDR_RET
2024-10-03,0.4145908872319708,-0.10795337452719689,test,USDIDR_RET
2024-10-04,0.8641748331778991,-0.0702487924124318,test,USDIDR_RET
2024-10-07,1.240894181598073,-0.16606850678249258,test,USDIDR_RET
2024-10-08,0.598842332373537,-0.24635860763862472,test,USDIDR_RET
2024-10-09,-0.3920250967324259,-0.10951825700283147,test,USDIDR_RET
2024-10-10,-0.11357248325767884,0.10166507125362019,test,USDIDR_RET
2024-10-11,0.04021497237903663,0.04231853512984997,test,USDIDR_RET
2024-10-14,-0.6973469039048545,0.009541853031462141,test,USDIDR_RET
2024-10-15,0.07066003184632726,0.16673823193478807,test,USDIDR_RET
2024-10-16,0.03595070240710112,0.0030531050936384013,test,USDIDR_RET
2024-10-17,0.03402025704694148,0.010450695827990356,test,USDIDR_RET
2024-10-18,-0.585004609358728,0.01086213116656393,test,USDIDR_RET
2024-10-21,-0.16795869581520034,0.14279474669214165,test,USDIDR_RET
2024-10-22,0.5737694237498034,0.053909855060028,test,USDIDR_RET
2024-10-23,0.1926659127868296,-0.1041744742356378,test,USDIDR_RET
2024-10-24,0.49281676751558423,-0.02294997790922444,test,USDIDR_RET
2024-10-25,-0.26530725658068616,-0.08692105478459378,test,USDIDR_RET
2024-10-28,0.4254267742392145,0.074657729558214,test,USDIDR_RET
2024-10-29,0.3747432665162275,-0.0725582423101495,test,USDIDR_RET
2024-10-30,0.13326989121465976,-0.06175607893869879,test,USDIDR_RET
2024-10-31,-0.460852278454625,-0.010290918632121657,test,USDIDR_RET
2024-11-01,0.11143481421218208,0.11633419134339887,test,USDIDR_RET
2024-11-04,0.8176245834093111,-0.005637214111548477,test,USDIDR_RET
2024-11-05,-0.32878127745371666,-0.15614726364891868,test,USDIDR_RET
2024-11-06,-0.7947903863395682,0.0881859318101346,test,USDIDR_RET
2024-11-07,0.9732263783957948,0.18750633706468356,test,USDIDR_RET
2024-11-08,-1.658621240353065,-0.1893106354408172,test,USDIDR_RET
2024-11-11,0.5717023938853723,0.3716143917272358,test,USDIDR_RET
2024-11-12,0.7500293273588129,-0.1037339286757036,test,USDIDR_RET
2024-11-13,0.15148932398135456,-0.14174070357057272,test,USDIDR_RET
2024-11-14,0.3685654654228878,-0.014174021797685284,test,USDIDR_RET
2024-11-15,0.5418405627704005,-0.06043940573108818,test,USDIDR_RET
2024-11-18,-0.26394691464659054,-0.09736948405127804,test,USDIDR_RET
2024-11-19,-0.5375860611719596,0.07436780022077645,test,USDIDR_RET
2024-11-20,0.06956918158447456,0.1326884433330676,test,USDIDR_RET
2024-11-21,0.6044776651616975,0.0032855977381239816,test,USDIDR_RET
2024-11-22,-0.6057371881433168,-0.11071931407573399,test,USDIDR_RET
2024-11-25,0.7752660015455214,0.14721347604226173,test,USDIDR_RET
2024-11-26,-0.24370830027372545,-0.1471193896513954,test,USDIDR_RET
2024-11-27,0.18095335626253797,0.0700543493826387,test,USDIDR_RET
2024-11-28,-0.4183251103330261,-0.020453683655790856,test,USDIDR_RET
2024-11-29,0.0913630484294764,0.10727038659875779,test,USDIDR_RET
2024-12-02,-0.30908025993203897,-0.0013593236718553066,test,USDIDR_RET
2024-12-03,0.510414164609419,0.08398705885492956,test,USDIDR_RET
2024-12-04,0.1883831012373544,-0.09067158364220246,test,USDIDR_RET
2024-12-05,-0.2097580481499295,-0.02203718335089547,test,USDIDR_RET
2024-12-06,-0.42083451671183786,0.062818540607374,test,USDIDR_RET
2024-12-09,-0.08842403797747006,0.10780521575496851,test,USDIDR_RET
2024-12-10,0.2410883883818364,0.0369586532538843,test,USDIDR_RET
2024-12-11,0.27697361279493665,-0.033270248066653116,test,USDIDR_RET
2024-12-12,0.34514169368976827,-0.040918457003771946,test,USDIDR_RET
2024-12-13,0.02756238944094857,-0.055447103098451564,test,USDIDR_RET
2024-12-16,0.3650743193421752,0.012238494880228053,test,USDIDR_RET
2024-12-17,-0.44276516399661847,-0.05969533863684574,test,USDIDR_RET
2024-12-18,-0.18066956290835817,0.11247928914599428,test,USDIDR_RET
2024-12-19,1.3663409443517411,0.056618918996240414,test,USDIDR_RET
2024-12-20,-1.0209697047084252,-0.2730950449249129,test,USDIDR_RET
2024-12-23,1.1076446738815615,0.23571187882823547,test,USDIDR_RET
2024-12-24,0.3601324941715081,-0.2179591732627297,test,USDIDR_RET
2024-12-25,-1.5335005509063122,-0.05864208866964818,test,USDIDR_RET
2024-12-26,-5.8095819101889035,0.34494745036359814,test,USDIDR_RET
2024-12-27,7.166577569223397,1.2563076049338813,test,USDIDR_RET
2024-12-30,-0.06797046636079557,-1.509298031454176,test,USDIDR_RET
2024-12-31,-0.5727857050603126,0.032599388631937495,test,USDIDR_RET
2025-01-01,0,0.14019053466378312,test,USDIDR_RET
2025-01-02,0.8967750654069752,0.018112860073654483,test,USDIDR_RET
2025-01-03,-0.1813071142523237,-0.17301658615399976,test,USDIDR_RET
2025-01-06,-0.13773858854792712,0.05675480015531181,test,USDIDR_RET
2025-01-07,0.0018530540791391,0.047469051128539344,test,USDIDR_RET
2025-01-08,-0.1323533393261078,0.017717919119520104,test,USDIDR_RET
2025-01-09,0.18487645969721123,0.04632129430381415,test,USDIDR_RET
2025-01-10,0.30470956892498363,-0.021289813713245818,test,USDIDR_RET
2025-01-13,0.1907399440000838,-0.04682981442239577,test,USDIDR_RET
2025-01-14,0.1670609858707128,-0.02253949666162706,test,USDIDR_RET
2025-01-15,0.1520751632275911,-0.017492806215945896,test,USDIDR_RET
2025-01-16,0.249686826075392,-0.014298881570253563,test,USDIDR_RET
2025-01-17,0.04888541414987378,-0.035102830949682376,test,USDIDR_RET
2025-01-20,-0.01038734444118139,0.007693923937384169,test,USDIDR_RET
2025-01-21,-0.7488029372738205,0.020326712206037222,test,USDIDR_RET
2025-01-22,0.5267714291308307,0.1777050435046648,test,USDIDR_RET
2025-01-23,-0.6019008773060666,-0.09415780335367256,test,USDIDR_RET
2025-01-24,-0.01170177184510515,0.14639584406946818,test,USDIDR_RET
2025-01-27,-0.4074607802350225,0.02060685579110043,test,USDIDR_RET
2025-01-28,-0.05755345063803699,0.10495487463219402,test,USDIDR_RET
2025-01-29,-1.7130682599186888,0.030379212666705832,test,USDIDR_RET
2025-01-30,2.221814242731201,0.3832186714398986,test,USDIDR_RET
2025-01-31,0.22452912162430716,-0.455421855837757,test,USDIDR_RET
2025-02-03,0.4096168022127336,-0.029740975668935143,test,USDIDR_RET
2025-02-04,-0.1304284142664093,-0.06918866691174715,test,USDIDR_RET
2025-02-05,-0.1281481937607184,0.045911035505502296,test,USDIDR_RET
2025-02-06,-0.0061354964492703,0.04542505267732022,test,USDIDR_RET
2025-02-07,0.17716665101663182,0.019420516903016244,test,USDIDR_RET
2025-02-10,-0.0753625282754564,-0.0196466241103195,test,USDIDR_RET
2025-02-11,0.0943452880513333,0.034174856945821175,test,USDIDR_RET
2025-02-12,0.08080087329385156,-0.001994927659333484,test,USDIDR_RET
2025-02-13,0.19377660465910324,8.917900828690484e-4,test,USDIDR_RET
2025-02-14,-0.9572387015763122,-0.023186699391194814,test,USDIDR_RET
2025-02-17,-0.28402093679110846,0.22212890601147264,test,USDIDR_RET
2025-02-18,0.2901863549625398,0.0786461715583004,test,USDIDR_RET
2025-02-19,0.5962460421666506,-0.04373448544954135,test,USDIDR_RET
2025-02-20,0.1800204400846624,-0.1089649103179933,test,USDIDR_RET
2025-02-21,-0.6216412713147557,-0.020254851463268577,test,USDIDR_RET
2025-02-24,0.2023202108217295,0.15060310932553791,test,USDIDR_RET
2025-02-25,0.00798472045279995,-0.025007596043700276,test,USDIDR_RET
2025-02-26,0.2129284769010965,0.016411078593218588,test,USDIDR_RET
2025-02-27,0.3267940633544475,-0.027268533149779253,test,USDIDR_RET
2025-02-28,1.1318019084013096,-0.051536677217031535,test,USDIDR_RET
2025-03-03,-0.19167684556326475,-0.22310779863631283,test,USDIDR_RET
2025-03-04,-0.429445075020314,0.058964898405635346,test,USDIDR_RET
2025-03-05,-0.43983488898678474,0.10964038190163553,test,USDIDR_RET
2025-03-06,-0.6744692640855517,0.11185476036332782,test,USDIDR_RET
2025-03-07,0.3264659936779097,0.16186232626085553,test,USDIDR_RET
2025-03-10,-0.1809000772749516,-0.05146675580862094,test,USDIDR_RET
2025-03-11,0.1925424520142653,0.05666804846575185,test,USDIDR_RET
2025-03-12,0.6709880770543672,-0.02292366474553233,test,USDIDR_RET
2025-03-13,-0.7837715178304514,-0.12489466158904841,test,USDIDR_RET
2025-03-14,-0.28435423856905645,0.18515788836506783,test,USDIDR_RET
2025-03-17,0.37875814184509,0.07871720808318079,test,USDIDR_RET
2025-03-18,0.29977692144847895,-0.06261176831709415,test,USDIDR_RET
2025-03-19,0.8788391494282294,-0.04577852049486811,test,USDIDR_RET
2025-03-20,-1.1216516927685969,-0.1691939088508037,test,USDIDR_RET
2025-03-21,0.5995365522758161,0.25717020585509914,test,USDIDR_RET
2025-03-24,0.5493602100605619,-0.10966621591761533,test,USDIDR_RET
2025-03-25,0.34326139261752625,-0.09897214460444986,test,USDIDR_RET
2025-03-26,0.2723108589794078,-0.05504635499946668,test,USDIDR_RET
2025-03-27,0.04812030168042096,-0.03992468544495471,test,USDIDR_RET
2025-03-28,-0.41036402121822974,0.007856992167344404,test,USDIDR_RET
2025-03-31,0.0851017178331124,0.10557364165950203,test,USDIDR_RET
2025-04-01,0.4634793260802827,-2.4847842079397248e-5,test,USDIDR_RET
2025-04-02,0.4756887520048592,-0.08066837320192652,test,USDIDR_RET
2025-04-03,0.04541092677054783,-0.08327056510683062,test,USDIDR_RET
2025-04-04,0.0047838108382958,0.008434440566751166,test,USDIDR_RET
2025-04-07,-0.01075806181835963,0.01709328766174048,test,USDIDR_RET
2025-04-08,0.7007248566714114,0.02040572310825816,test,USDIDR_RET
2025-04-09,1.1572825201644352,-0.13123245401888156,test,USDIDR_RET
2025-04-10,-1.45554435948975,-0.22853847507201178,test,USDIDR_RET
2025-04-11,0.16826026266728242,0.32833266671246847,test,USDIDR_RET
2025-04-14,-0.2724470939471664,-0.01774840778075747,test,USDIDR_RET
2025-04-15,-0.04766444322843437,0.07617944131699442,test,USDIDR_RET
2025-04-16,0.1994434108062664,0.028271570981685566,test,USDIDR_RET
2025-04-17,-0.11247522375380568,-0.024394464373258883,test,USDIDR_RET
2025-04-18,0,0.04208467648520965,test,USDIDR_RET
2025-04-21,0,0.018112860073654483,test,USDIDR_RET
2025-04-22,0.12080384247811012,0.018112860073654483,test,USDIDR_RET
2025-04-23,0.25658089537446854,-0.007634032771248175,test,USDIDR_RET
2025-04-24,-0.07179903949384395,-0.03657216222149867,test,USDIDR_RET
2025-04-25,-0.4014934983318995,0.03341537146976263,test,USDIDR_RET
2025-04-28,0.26486928271703464,0.10368306932713615,test,USDIDR_RET
2025-04-29,-0.1665774672767299,-0.038338664150481316,test,USDIDR_RET
2025-04-30,-0.4960159178101433,0.05361547416580467,test,USDIDR_RET
2025-05-01,-0.9982703284658874,0.12382860903700313,test,USDIDR_RET
2025-05-02,0.3625715238343203,0.23087396642599833,test,USDIDR_RET
2025-05-05,-0.8830880590915127,-0.059161918453914705,test,USDIDR_RET
2025-05-06,-0.23417433872380872,0.20632519805588537,test,USDIDR_RET
2025-05-07,0.06392013245167603,0.06802237853322132,test,USDIDR_RET
2025-05-08,0.36811185875736496,0.0044895781721412936,test,USDIDR_RET
2025-05-09,0.2767178641620079,-0.060342728655497085,test,USDIDR_RET
2025-05-12,0.02841012094827223,-0.04086394936136446,test,USDIDR_RET
2025-05-13,0.8774830935892072,0.012057818075313798,test,USDIDR_RET
2025-05-14,-0.537130889734091,-0.1689048930077411,test,USDIDR_RET
2025-05-15,-0.2485173448352787,0.13259143275793633,test,USDIDR_RET
2025-05-16,-0.28060760777349214,0.071079299851702707,test,USDIDR_RET
2025-05-19,-0.1503132558300824,0.07791868959532486,test,USDIDR_RET
2025-05-20,-0.358499548472938,0.05014908683297169,test,USDIDR_RET
2025-05-21,-0.15229511639634513,0.09451977950712581,test,USDIDR_RET
2025-05-22,-0.33831712474154024,0.050571480281610126,test,USDIDR_RET
2025-05-23,0.05687768656140659,0.09021830456640215,test,USDIDR_RET
2025-05-26,-0.8959826389111293,0.00599053290986537,test,USDIDR_RET
2025-05-27,0.2002804594970587,0.20907341663970958,test,USDIDR_RET
2025-05-28,0.21831048719661347,-0.024572864352147807,test,USDIDR_RET
2025-05-29,0.04299094185668203,-0.028415599662948706,test,USDIDR_RET
2025-05-30,0.04297246758782735,0.008950211348420415,test,USDIDR_RET
2025-06-02,0.1778323326233211,0.00895414876473791,test,USDIDR_RET
2025-06-03,-0.20545537041232945,-0.01978850066527559,test,USDIDR_RET
2025-06-04,0.26915515269137247,0.06190151197332033,test,USDIDR_RET
2025-06-05,-0.25073894637782035,-0.03925211055013915,test,USDIDR_RET
2025-06-06,-0.2772129591337314,0.07155278923487572,test,USDIDR_RET
2025-06-09,0.3845732860054604,0.07719518897662682,test,USDIDR_RET
2025-06-10,-0.1853466888784271,-0.06385114854294954,test,USDIDR_RET
2025-06-11,-0.19061328118171544,0.05761575368877345,test,USDIDR_RET
2025-06-12,-2.93409383012815,0.05873822119401961,test,USDIDR_RET
2025-06-13,2.4200915002307624,0.643455546957875,test,USDIDR_RET
2025-06-16,0.7279549317049017,-0.4976806383209998,test,USDIDR_RET
2025-06-17,-3.002379982289249,-0.13703599312545403,test,USDIDR_RET
2025-06-18,2.955695892527097,0.6580093575521125,test,USDIDR_RET
2025-06-19,-4.245543230837287,-0.6118338689867522,test,USDIDR_RET
2025-06-20,4.94966369694782,0.9229644309380213,test,USDIDR_RET
2025-06-23,0.24984017139557113,-1.0368077302768748,test,USDIDR_RET
2025-06-24,-0.3719403086650416,-0.035135513399560864,test,USDIDR_RET
2025-06-25,-0.48989687690897216,0.09738440537763841,test,USDIDR_RET
2025-06-26,0,0.12252445937450727,test,USDIDR_RET
2025-06-27,-0.41337744771137824,0.018112860073654483,test,USDIDR_RET
2025-06-30,0.03821171969047823,0.10621589249708731,test,USDIDR_RET
2025-07-01,0.0061616192754931,0.009968805777794876,test,USDIDR_RET
2025-07-02,0.03942778152741652,0.01679963569284926,test,USDIDR_RET
2025-07-03,-0.0086253786964679,0.009709626821512099,test,USDIDR_RET
2025-07-04,-0.1929782279349813,0.019951184885921163,test,USDIDR_RET
2025-07-07,-0.15873286796986172,0.05924226170623485,test,USDIDR_RET
2025-07-08,0.8671674644769983,0.051943556670285176,test,USDIDR_RET
2025-07-09,-0.35543663969455075,-0.16670632554555195,test,USDIDR_RET
2025-07-10,-0.16001972887761068,0.09386698252241783,test,USDIDR_RET
2025-07-11,-0.15966167308639928,0.052217825014887795,test,USDIDR_RET
2025-07-14,0.07955568242077225,0.05214151267332891,test,USDIDR_RET
2025-07-15,0.21060408364883004,0.0011571773033660533,test,USDIDR_RET
2025-07-16,-0.02522793245961372,-0.026773135795126694,test,USDIDR_RET
2025-07-17,0.11745787326743032,0.02348968303235974,test,USDIDR_RET
2025-07-18,0.3588861785330446,-0.006920907187139981,test,USDIDR_RET
2025-07-21,-0.05329255094909605,-0.058376461728185114,test,USDIDR_RET
2025-07-22,0.0520665851489155,0.02947108817775243,test,USDIDR_RET
2025-07-23,-0.5169663871526231,0.007015921755057225,test,USDIDR_RET
2025-07-24,0.1279539355437705,0.12829377734743158,test,USDIDR_RET
2025-07-25,0.2511299975180663,-0.009157930324639303,test,USDIDR_RET
2025-07-28,0.28169032711133735,-0.03541041371964346,test,USDIDR_RET
2025-07-29,0.27968423117632485,-0.04192372915069387,test,USDIDR_RET
2025-07-30,-0.18860854880157513,-0.04149617042395286,test,USDIDR_RET
2025-07-31,0.3592071392803567,0.05831095308138874,test,USDIDR_RET
2025-08-01,0.34153517824143614,-0.058444868012281256,test,USDIDR_RET
2025-08-04,0,-0.05467844735963663,test,USDIDR_RET
2025-08-05,-0.7367973657712434,0.018112860073654483,test,USDIDR_RET
2025-08-06,0.0946868532387864,0.17514629904192403,test,USDIDR_RET
2025-08-07,-0.2616750255511518,-0.0020677253626225807,test,USDIDR_RET
2025-08-08,-0.21265835556661547,0.07388359306398536,test,USDIDR_RET
2025-08-11,-0.31337393920774337,0.06343668240438034,test,USDIDR_RET
2025-08-12,0.3011032477388849,0.0849021696490417,test,USDIDR_RET
2025-08-13,-0.3060255467852915,-0.046061200086642246,test,USDIDR_RET
2025-08-14,-0.8604023414346622,0.08333600860315073,test,USDIDR_RET
2025-08-15,0.3717706741849013,0.20149019670461227,test,USDIDR_RET
2025-08-18,0.16684694122372035,-0.06112253107584746,test,USDIDR_RET
2025-08-19,0.0580245963163272,-0.017447186933669024,test,USDIDR_RET
2025-08-20,0.4297944673151451,0.005746092319591388,test,USDIDR_RET
2025-08-21,-0.071303099675602,-0.07348912764706074,test,USDIDR_RET
2025-08-22,0.4668283553967008,0.0333096719398813,test,USDIDR_RET
2025-08-25,-0.6921219806040692,-0.08138215098560819,test,USDIDR_RET
2025-08-26,0.2461994226916803,0.16562464533366208,test,USDIDR_RET
2025-08-27,0.19775230522985177,-0.03435956153551911,test,USDIDR_RET
2025-08-28,0.0907596041773875,-0.0240340394631551,test,USDIDR_RET
2025-08-29,0.18555658783549933,-0.0012307117487766125,test,USDIDR_RET
2025-09-01,0.39507640362696417,-0.021434769253881703,test,USDIDR_RET
2025-09-02,-0.0231654671300067,-0.0660896753844055,test,USDIDR_RET
2025-09-03,0.23563014049980033,0.02305011031059519,test,USDIDR_RET
2025-09-04,0.11608271391735504,-0.03210693305566607,test,USDIDR_RET
2025-09-05,-0.06623337709956552,-0.00662781981752697,test,USDIDR_RET
2025-09-08,-0.3659693958290495,0.03222916323054742,test,USDIDR_RET
2025-09-09,0.3294932347685051,0.09611182621276294,test,USDIDR_RET
2025-09-10,0.02310786276090197,-0.05211195094791769,test,USDIDR_RET
2025-09-11,-0.06628613845192842,0.013187887041546945,test,USDIDR_RET
2025-09-12,-0.15463248563766702,0.03224040824442921,test,USDIDR_RET
2025-09-15,-0.07679270900248292,0.05106964320557665,test,USDIDR_RET
2025-09-16,-0.22218672042481377,0.034479671007793325,test,USDIDR_RET
2025-09-17,0.2045009261981315,0.06546746043228638,test,USDIDR_RET
2025-09-18,0.12493640832008245,-0.025472371368472153,test,USDIDR_RET
2025-09-19,0.9124676638782304,-0.008514805499375978,test,USDIDR_RET
2025-09-22,0.4089639316917525,-0.17636114575582457,test,USDIDR_RET
2025-09-23,-0.3311360983578854,-0.06904952078029572,test,USDIDR_RET
2025-09-24,0.30709041143709787,0.08868781420265497,test,USDIDR_RET
2025-09-25,0.3726565989007728,-0.0473372427937334,test,USDIDR_RET
2025-09-26,0.3826131222430909,-0.061311347989782355,test,USDIDR_RET
2025-09-29,-0.2156353620850625,-0.06343337932871834,test,USDIDR_RET
2025-09-30,-0.5696996008594781,0.0640711710618328,test,USDIDR_RET
2025-10-01,0.33022154831455236,0.13953279404446892,test,USDIDR_RET
2025-10-02,-0.23344610690557233,-0.052267176232502224,test,USDIDR_RET
2025-10-03,-0.2562723078549703,0.06786717066726476,test,USDIDR_RET
2025-10-06,-0.2623684009316981,0.07273211318767224,test,USDIDR_RET
2025-10-07,0.23224610418005096,0.07403137198606273,test,USDIDR_RET
2025-10-08,-0.05725737345090818,-0.031385694238087625,test,USDIDR_RET
2025-10-09,-0.18706821374196467,0.030316109809590944,test,USDIDR_RET
2025-10-10,0.1309797720378419,0.057982661853961726,test,USDIDR_RET
2025-10-13,0.12238345693919278,-0.009802826102628889,test,USDIDR_RET
2025-10-14,-0.30169575770911294,-0.007970695607723129,test,USDIDR_RET
2025-10-15,0.22877117820651852,0.08241320173626156,test,USDIDR_RET
2025-10-16,-0.06574243093039986,-0.03064508413124668,test,USDIDR_RET
2025-10-17,-0.07906358110121851,0.03212452799584937,test,USDIDR_RET
2025-10-20,0.02475019151582515,0.034963661412330496,test,USDIDR_RET
2025-10-21,-0.1449800906357688,0.012837857923253197,test,USDIDR_RET
2025-10-22,0.34338503701014955,0.049012430664050255,test,USDIDR_RET
2025-10-23,-0.01386200692072096,-0.05507270729805622,test,USDIDR_RET
2025-10-24,-0.01686528694257503,0.021067266154469116,test,USDIDR_RET
2025-10-27,0.02410248274301203,0.021707354477155747,test,USDIDR_RET
2025-10-28,-2.684253069065849,0.012975903932603807,test,USDIDR_RET
2025-10-29,2.466991581077467,0.5902070478091364,test,USDIDR_RET
2025-10-30,0.00133259627789698,-0.5076764408650801,test,USDIDR_RET
2025-10-31,-2.51908649428428,0.01782884416100877,test,USDIDR_RET
2025-11-03,2.928824353617075,0.5550051368829072,test,USDIDR_RET
2025-11-04,0.06552507378539559,-0.6061067445948328,test,USDIDR_RET
2025-11-05,0.3964249332951008,0.004147517425612307,test,USDIDR_RET
2025-11-06,-0.22770863146903325,-0.06637708717654263,test,USDIDR_RET
2025-11-07,0.1504633226778473,0.0666443439571657,test,USDIDR_RET
2025-11-10,-0.24649598115955423,-0.013955350395532504,test,USDIDR_RET
2025-11-11,0.2219357297609884,0.07064848711518824,test,USDIDR_RET
2025-11-12,0.02935692844883012,-0.029188246707339324,test,USDIDR_RET
2025-11-13,0.204043339091162,0.01185602522864974,test,USDIDR_RET
2025-11-14,-0.0597943093634691,-0.025374845942387408,test,USDIDR_RET
2025-11-17,-0.23653767933827977,0.030856806328469696,test,USDIDR_RET
2025-11-18,0.355495490434648,0.06852607672947546,test,USDIDR_RET
2025-11-19,-0.06693941077970152,-0.0576538052186811,test,USDIDR_RET
2025-11-20,-0.2454033141000888,0.03237964001286209,test,USDIDR_RET
2025-11-21,0.2651337957851439,0.07041560725708018,test,USDIDR_RET
2025-11-24,-0.5513948642156175,-0.03839503975477486,test,USDIDR_RET
2025-11-25,0.03605335936180441,0.13563151008482133,test,USDIDR_RET
2025-11-26,-0.06911369477450932,0.010428816576814975,test,USDIDR_RET
2025-11-27,-0.11309354308290508,0.03284304461887739,test,USDIDR_RET
2025-11-28,-0.06501675948047395,0.04221645872974494,test,USDIDR_RET
2025-12-01,0.18712784168305596,0.031969865820552806,test,USDIDR_RET
2025-12-02,-0.15641923535782604,-0.021769650194879187,test,USDIDR_RET
2025-12-03,0.00542095382227229,0.05145045272820363,test,USDIDR_RET
2025-12-04,-0.09577424129909325,0.01695749353633179,test,USDIDR_RET
2025-12-05,0.3633284991735711,0.038525200256264394,test,USDIDR_RET
2025-12-08,0.1715767639707415,-0.05932325241934264,test,USDIDR_RET
2025-12-09,0.01798076063460674,-0.01845525287714266,test,USDIDR_RET
2025-12-10,-0.14393669271653292,0.014280625040129363,test,USDIDR_RET
2025-12-11,-0.13813401193472713,0.048790051525522196,test,USDIDR_RET
2025-12-12,0.06008171293450435,0.04755332761643461,test,USDIDR_RET
2025-12-15,-0.15568837651193437,0.005307659567361069,test,USDIDR_RET
2025-12-16,0.13647084894139946,0.0512946849644975,test,USDIDR_RET
2025-12-17,-0.00721632579619054,-0.010973137954792322,test,USDIDR_RET
2025-12-18,0.07447324659228612,0.01965087379239933,test,USDIDR_RET
2025-12-19,0.1691503628095345,0.002240395585026575,test,USDIDR_RET
2025-12-22,-0.04015872937895225,-0.01793811460227641,test,USDIDR_RET
2025-12-23,0.46598333284014576,0.02667188005925373,test,USDIDR_RET
2025-12-24,-0.1277963494388101,-0.08120205153869621,test,USDIDR_RET
2025-12-25,0,0.04535006418466609,test,USDIDR_RET
2025-12-26,0.10809577938748378,0.018112860073654483,test,USDIDR_RET
2025-12-29,-0.07165420158315079,-0.004925566451396579,test,USDIDR_RET
2025-12-30,0.17248253937842264,0.03338450220194798,test,USDIDR_RET
2025-12-31,-0.3644079423111088,-0.018648300564076462,test,USDIDR_RET
2026-01-01,0,0.0957790340135744,test,USDIDR_RET
2026-01-02,-0.24567828517993748,0.018112860073654483,test,USDIDR_RET
2026-01-05,0.08995233133296134,0.07047421177480978,test,USDIDR_RET
2026-01-06,0.26458533961725494,-0.0010586578886040247,test,USDIDR_RET
2026-01-07,0.08844419681556288,-0.03827814742837951,test,USDIDR_RET
2026-01-08,0.06568144735307536,-7.37229554714787e-4,test,USDIDR_RET
2026-01-09,0.3140721380516486,0.004114189566098599,test,USDIDR_RET
2026-01-12,0.12487960243533255,-0.048825256447353846,test,USDIDR_RET
2026-01-13,0.19415238051599715,-0.008502698475314385,test,USDIDR_RET
2026-01-14,-0.11038279070605708,-0.023266788405937055,test,USDIDR_RET
2026-01-15,0.02552301169620317,0.041638716751145076,test,USDIDR_RET
2026-01-16,0.20045541791186008,0.012673146950784118,test,USDIDR_RET
2026-01-19,-0.01363203776311211,-0.024610153195497485,test,USDIDR_RET
2026-01-20,0.3690631671430694,0.021018252885212713,test,USDIDR_RET
2026-01-21,0.12448479365456824,-0.06054548077469088,test,USDIDR_RET
2026-01-22,-0.37274121622778,-0.008418552978250355,test,USDIDR_RET
2026-01-23,-0.45674368337107457,0.09755510260691103,test,USDIDR_RET
2026-01-26,-0.29770787096845036,0.11545852749704037,test,USDIDR_RET
2026-01-27,-0.2148997961710617,0.08156326442894409,test,USDIDR_RET
2026-01-28,-0.3550024090475515,0.06391440008187349,test,USDIDR_RET
2026-01-29,0.2880550685560941,0.09377443505282645,test,USDIDR_RET
2026-01-30,0.3313326916747825,-0.04328024490881932,test,USDIDR_RET
2026-02-02,-0.11867829730027478,-0.05250399393998827,test,USDIDR_RET
2026-02-03,0,0.04340673600445821,test,USDIDR_RET
2026-02-04,0.00357789904990583,0.018112860073654483,test,USDIDR_RET
2026-02-05,0.2443459006476875,0.017350303340705392,test,USDIDR_RET
2026-02-06,0.4744701711862009,-0.033964520844152066,test,USDIDR_RET
2026-02-09,-0.21587624225092597,-0.08301084928060154,test,USDIDR_RET
2026-02-10,-0.2824062876619129,0.06412250979155965,test,USDIDR_RET
2026-02-11,-0.1072258397843952,0.07830204179174065,test,USDIDR_RET
2026-02-12,0.0947244071911616,0.04096587658787483,test,USDIDR_RET
2026-02-13,0.08987087552427689,-0.0020757292271344416,test,USDIDR_RET
2026-02-16,0.10167718274513994,-0.0010412972323966402,test,USDIDR_RET
2026-02-17,-0.11595859171581296,-0.0035575725484292622,test,USDIDR_RET
2026-02-18,0.19853656526301736,0.042827085830950615,test,USDIDR_RET
2026-02-19,0.44615751847221774,-0.02420118860859816,test,USDIDR_RET
2026-02-20,-0.16626917520302176,-0.0769765806627473,test,USDIDR_RET
2026-02-23,-0.2596980382695996,0.05354976795295689,test,USDIDR_RET
2026-02-24,-0.2324059333157868,0.07346223825730291,test,USDIDR_RET
2026-02-25,0.07435806677965535,0.067645478729269,test,USDIDR_RET
2026-02-26,-0.3992068655186433,0.0022649438297915325,test,USDIDR_RET
2026-02-27,-0.00478095472958256,0.10319571984544054,test,USDIDR_RET
2026-03-02,0.2742668067923067,0.01913182376383013,test,USDIDR_RET
2026-03-03,0.40406496237915857,-0.04034155611492579,test,USDIDR_RET
2026-03-04,0.20792937686923696,-0.06800540467145028,test,USDIDR_RET
2026-03-05,-0.19606979431263477,-0.026203076205687754,test,USDIDR_RET
2026-03-06,0.28479779764097163,0.05990116647793341,test,USDIDR_RET
2026-03-09,0.06265137417729356,-0.042586023570341025,test,USDIDR_RET
2026-03-10,-0.2230083984488035,0.004759988307005409,test,USDIDR_RET
2026-03-11,-0.20155321305381108,0.06564258446478981,test,USDIDR_RET
2026-03-12,0.18970838034821425,0.06106984614785682,test,USDIDR_RET
2026-03-13,0.14204547842911228,-0.02231963975755388,test,USDIDR_RET
2026-03-16,0.2604814210153772,-0.012161257348396744,test,USDIDR_RET
2026-03-17,0.00589880032167206,-0.03740348027939462,test,USDIDR_RET
2026-03-18,0.10730432026420716,0.016855650230986705,test,USDIDR_RET
2026-03-19,0.413950771917503,-0.004756882965672057,test,USDIDR_RET
2026-03-20,-0.7409204717800206,-0.07011236479496616,test,USDIDR_RET
2026-03-23,0.25623708713118937,0.1760250555981602,test,USDIDR_RET
2026-03-24,-0.5570027219276752,-0.0364988864562803,test,USDIDR_RET
2026-03-25,-0.40281690559415734,0.13682671140160044,test,USDIDR_RET
2026-03-26,-0.2843851650562427,0.10396512678716846,test,USDIDR_RET
2026-03-27,1.0417464730876944,0.0787237994376884,test,USDIDR_RET
2026-03-30,0.19478800834725407,-0.2039143061483495,test,USDIDR_RET
2026-03-31,0.10255613613610493,-0.02340225960722418,test,USDIDR_RET
2026-04-01,-0.23000852974658975,-0.0037449036656239804,test,USDIDR_RET
2026-04-02,-0.07265564177206767,0.06713452070396209,test,USDIDR_RET
2026-04-03,0.5062787879784677,0.03359793889986836,test,USDIDR_RET
2023-01-04,-0.10608651682838184,-0.03894829968761446,val,CNYIDR_RET
2023-01-05,0.3053012445049516,0.04067454946919948,val,CNYIDR_RET
2023-01-06,0.4763770195639764,-0.04821654936647694,val,CNYIDR_RET
2023-01-09,0.5295263479531362,-0.0851819505244368,val,CNYIDR_RET
2023-01-10,0.8328477191976201,-0.0966662547428662,val,CNYIDR_RET
2023-01-11,-0.4229988359386672,-0.1622067800683619,val,CNYIDR_RET
2023-01-12,-0.6186465161434707,0.10915175498686694,val,CNYIDR_RET
2023-01-13,-1.1204670262417271,0.1514265597153537,val,CNYIDR_RET
2023-01-16,0.15801120911544006,0.25985802208151254,val,CNYIDR_RET
2023-01-17,-0.6742833023659679,-0.016390680140603877,val,CNYIDR_RET
2023-01-18,-0.06186399627390198,0.16344834433766323,val,CNYIDR_RET
2023-01-19,-0.06197393348038529,0.031119115849515655,val,CNYIDR_RET
2023-01-20,-0.12682220631263583,0.031142870661898872,val,CNYIDR_RET
2023-01-23,-0.6639352845645904,0.04515503818718354,val,CNYIDR_RET
2023-01-24,-0.3312190463644864,0.16121238410842767,val,CNYIDR_RET
2023-01-25,-0.35113745404819424,0.08932032801462501,val,CNYIDR_RET
2023-01-26,-0.1035447236702748,0.09362422159746579,val,CNYIDR_RET
2023-01-27,0.03133108015936368,0.04012532849552529,val,CNYIDR_RET
2023-01-30,0.1880136211304803,0.010981879089291711,val,CNYIDR_RET
2023-01-31,0.6756401826228883,-0.022873486928763755,val,CNYIDR_RET
2023-02-01,-0.11459971800051112,-0.12823797500210043,val,CNYIDR_RET
2023-02-02,-0.719639702369977,0.04251404951739507,val,CNYIDR_RET
2023-02-03,0.3129296976785068,0.17324878230528676,val,CNYIDR_RET
2023-02-06,0.6881289859953319,-0.049864876440709915,val,CNYIDR_RET
2023-02-07,0.508703844643834,-0.1309365080146557,val,CNYIDR_RET
2023-02-08,-0.3080723817077418,-0.09216700762458932,val,CNYIDR_RET
2023-02-09,-0.154067023139639,0.08431888497448607,val,CNYIDR_RET
2023-02-10,0.2773281801965968,0.05104199432190121,val,CNYIDR_RET
2023-02-13,-0.14261808968763767,-0.04217223629281715,val,CNYIDR_RET
2023-02-14,-0.01004021815416491,0.048568152436701525,val,CNYIDR_RET
2023-02-15,-0.26921591561809155,0.01992123147894226,val,CNYIDR_RET
2023-02-16,-0.17615762379537803,0.07592292794264438,val,CNYIDR_RET
2023-02-17,-0.5618504403697081,0.05581524707950494,val,CNYIDR_RET
2023-02-20,0.1428256658636732,0.13915428022721082,val,CNYIDR_RET
2023-02-21,0.07413699809769796,-0.013109445857670262,val,CNYIDR_RET
2023-02-22,0.1957966690340988,0.001732539561358569,val,CNYIDR_RET
2023-02-23,-0.5426996614057701,-0.0245552182427947,val,CNYIDR_RET
2023-02-24,-0.10914910338847927,0.13501625293114777,val,CNYIDR_RET
2023-02-27,-0.3794214722209823,0.041336301495375705,val,CNYIDR_RET
2023-02-28,-0.15997260974244884,0.0997357243964764,val,CNYIDR_RET
2023-03-01,0.3708122735850346,0.05231805095686674,val,CNYIDR_RET
2023-03-02,0.9515545109453284,-0.06237192273468482,val,CNYIDR_RET
2023-03-03,-0.14771096533646552,-0.18785649099683477,val,CNYIDR_RET
2023-03-06,-0.336287999983104,0.0496686015876206,val,CNYIDR_RET
2023-03-07,0.306508992498176,0.09041560818447164,val,CNYIDR_RET
2023-03-08,0.09140829800860072,-0.048477514947675424,val,CNYIDR_RET
2023-03-09,0.2437531003242299,-0.0019993770674316923,val,CNYIDR_RET
2023-03-10,0.06093417183488751,-0.034917461056730256,val,CNYIDR_RET
2023-03-13,0.7362451046232322,0.004585355917474736,val,CNYIDR_RET
2023-03-14,0.46957639457389383,-0.1413332554596441,val,CNYIDR_RET
2023-03-15,-0.618092862381481,-0.08371249740755621,val,CNYIDR_RET
2023-03-16,0.17973715273528026,0.15130692832156054,val,CNYIDR_RET
2023-03-17,-0.24721188990889917,-0.02108513919633823,val,CNYIDR_RET
2023-03-20,-0.18209289136669943,0.07116838196937773,val,CNYIDR_RET
2023-03-21,-0.06355761260160094,0.057097717064972076,val,CNYIDR_RET
2023-03-22,-0.3773517561481069,0.03148506600779764,val,CNYIDR_RET
2023-03-23,-0.226329494852706,0.09928850803933571,val,CNYIDR_RET
2023-03-24,-0.45889019074454257,0.06665619367080157,val,CNYIDR_RET
2023-03-27,-0.04126439115783183,0.11690702207856417,val,CNYIDR_RET
2023-03-28,-0.5207822714838453,0.026668031722915198,val,CNYIDR_RET
2023-03-29,-0.14690726951154784,0.13028042688844915,val,CNYIDR_RET
2023-03-30,-0.37485582356735053,0.04949494205828742,val,CNYIDR_RET
2023-03-31,0.14446128730725222,0.09874919644434776,val,CNYIDR_RET
2023-04-03,-0.17833911768774088,-0.013462864702527746,val,CNYIDR_RET
2023-04-04,-0.6235617372394917,0.056286615961668465,val,CNYIDR_RET
2023-04-05,0.26607518723960183,0.15248862194790416,val,CNYIDR_RET
2023-04-06,-0.0090113538483236,-0.03974073248265177,val,CNYIDR_RET
2023-04-07,-0.10824716007672716,0.01969891840282492,val,CNYIDR_RET
2023-04-10,-0.09278588960996911,0.0411414130237078,val,CNYIDR_RET
2023-04-11,0.1565519444561062,0.0378006006555146,val,CNYIDR_RET
2023-04-12,-0.34515721181504233,-0.01607536779723265,val,CNYIDR_RET
2023-04-13,-0.4304367326061701,0.09233203365855999,val,CNYIDR_RET
2023-04-14,-0.6147946995748639,0.1107589073378695,val,CNYIDR_RET
2023-04-17,-0.2214388734553257,0.15059427387829524,val,CNYIDR_RET
2023-04-18,1.0079965285440002,0.06559944684733407,val,CNYIDR_RET
2023-04-19,0.2583934984192453,-0.20005226694453795,val,CNYIDR_RET
2023-04-20,0.6277712552150956,-0.038080902452846996,val,CNYIDR_RET
2023-04-21,-0.2116493896437437,-0.11789463969340577,val,CNYIDR_RET
2023-04-24,-1.0216382192166529,0.06348417251290753,val,CNYIDR_RET
2023-04-25,0.6837205400901716,0.23850347029658553,val,CNYIDR_RET
2023-04-26,-0.5978038975650379,-0.12998394783299824,val,CNYIDR_RET
2023-04-27,-0.5443007272417378,0.1469229661664232,val,CNYIDR_RET
2023-04-28,-1.016336283914527,0.13536220513207411,val,CNYIDR_RET
2023-05-01,0.01881109860501557,0.2373578483329322,val,CNYIDR_RET
2023-05-02,0.05940116533881065,0.013687148964509625,val,CNYIDR_RET
2023-05-03,0.556354455770463,0.004916602115749669,val,CNYIDR_RET
2023-05-04,-0.48924773973399105,-0.10246316998369633,val,CNYIDR_RET
2023-05-05,0.20367152728623608,0.12346656551000679,val,CNYIDR_RET
2023-05-08,-0.272935002634686,-0.02625678758685811,val,CNYIDR_RET
2023-05-09,0.5285438894510724,0.07672653408420559,val,CNYIDR_RET
2023-05-10,9.4745547406794e-4,-0.09645396885588246,val,CNYIDR_RET
2023-05-11,-0.7008024987638325,0.017547056857665642,val,CNYIDR_RET
2023-05-12,0.3163430673650722,0.16917851117686397,val,CNYIDR_RET
2023-05-15,-0.32443763524768254,-0.0506024243473073,val,CNYIDR_RET
2023-05-16,0.43405271247732286,0.08785502655821943,val,CNYIDR_RET
2023-05-17,0.24748518105220457,-0.07603667563293896,val,CNYIDR_RET
2023-05-18,-0.3505251152026719,-0.035723874829901095,val,CNYIDR_RET
2023-05-19,-0.27644672506926504,0.09349190975459075,val,CNYIDR_RET
2023-05-22,0.4150623829957328,0.07748533367757193,val,CNYIDR_RET
2023-05-23,-0.5566730093239352,-0.07193331764922321,val,CNYIDR_RET
2023-05-24,-0.3015848415591956,0.13803556066853198,val,CNYIDR_RET
2023-05-25,0.2929692493916125,0.08291708203636325,val,CNYIDR_RET
2023-05-26,-0.08787369221154057,-0.04555189888463461,val,CNYIDR_RET
2023-05-29,0.1727710161854767,0.0367391917720105,val,CNYIDR_RET
2023-05-30,-0.1675037313430569,-0.019579922972733397,val,CNYIDR_RET
2023-05-31,0.03223325960387287,0.05394534699594536,val,CNYIDR_RET
2023-06-01,-0.4148326245127235,0.010786939594958037,val,CNYIDR_RET
2023-06-02,-0.26457114771377543,0.10738723115994536,val,CNYIDR_RET
2023-06-05,0.638323268987973,0.07491930420451183,val,CNYIDR_RET
2023-06-06,-1.1938330486409492,-0.1201746785943206,val,CNYIDR_RET
2023-06-07,-0.04263748240713292,0.2757106724548072,val,CNYIDR_RET
2023-06-08,-0.02612757540406032,0.026964724044428207,val,CNYIDR_RET
2023-06-09,-0.10941058772350484,0.02339732629194908,val,CNYIDR_RET
2023-06-12,-0.2505844570070839,0.041392802033440826,val,CNYIDR_RET
2023-06-13,0.02099855891485662,0.07189711340825926,val,CNYIDR_RET
2023-06-14,-0.3228709419485135,0.013214490881607524,val,CNYIDR_RET
2023-06-15,0.3230902693019226,0.08751650144398107,val,CNYIDR_RET
2023-06-16,0.517412993883947,-0.05206033401454911,val,CNYIDR_RET
2023-06-19,0.12785922655284382,-0.09404884738415926,val,CNYIDR_RET
2023-06-20,0.04728285138582422,-0.009875554718844853,val,CNYIDR_RET
2023-06-21,-0.23120517334199783,0.007535081187235334,val,CNYIDR_RET
2023-06-22,-0.45390670058342975,0.06770971168766705,val,CNYIDR_RET
2023-06-23,-0.0549460593056345,0.11583020852674059,val,CNYIDR_RET
2023-06-26,0.34757069947859487,0.029624314407702766,val,CNYIDR_RET
2023-06-27,-0.4583494258405528,-0.057349972022548185,val,CNYIDR_RET
2023-06-28,-0.13012109087714455,0.11679017566006202,val,CNYIDR_RET
2023-06-29,-0.351597273042343,0.045867848585141945,val,CNYIDR_RET
2023-06-30,0.4366060395228665,0.09372357753241857,val,CNYIDR_RET
2023-07-03,-0.3894303753426404,-0.07658838880503141,val,CNYIDR_RET
2023-07-04,0.5019239026390925,0.10189841001877212,val,CNYIDR_RET
2023-07-05,0.05793676655462659,-0.09070202360831639,val,CNYIDR_RET
2023-07-06,-0.00967454566677455,0.005233023821241961,val,CNYIDR_RET
2023-07-07,0.7034493487923785,0.01984221836218654,val,CNYIDR_RET
2023-07-10,0.11979854690790398,-0.13424687359086263,val,CNYIDR_RET
2023-07-11,0.3127396520633455,-0.008133833796766916,val,CNYIDR_RET
2023-07-12,-0.09342138504496046,-0.049823812108835186,val,CNYIDR_RET
2023-07-13,-0.9102559726968568,0.037937916085945364,val,CNYIDR_RET
2023-07-14,0.3877724021439286,0.2144364191722607,val,CNYIDR_RET
2023-07-17,0.11569708445917792,-0.06603660264423825,val,CNYIDR_RET
2023-07-18,-0.2129894422188542,-0.007247605429839116,val,CNYIDR_RET
2023-07-19,-0.09789587996317534,0.06377372596367885,val,CNYIDR_RET
2023-07-20,-0.6069662342639619,0.0389047478864969,val,CNYIDR_RET
2023-07-21,1.0820968953047647,0.14890272894407636,val,CNYIDR_RET
2023-07-24,-0.2423233620550078,-0.21606359164739872,val,CNYIDR_RET
2023-07-25,-0.07973896392934837,0.07011208751080457,val,CNYIDR_RET
2023-07-26,0.7667723026595583,0.03498147070274463,val,CNYIDR_RET
2023-07-27,-0.37085876638025417,-0.1479294560102594,val,CNYIDR_RET
2023-07-28,0.26212568181062706,0.09788552756825268,val,CNYIDR_RET
2023-07-31,0.9385022845978628,-0.038887338409135386,val,CNYIDR_RET
2023-08-01,0.2060004093470729,-0.18503621569618456,val,CNYIDR_RET
2023-08-02,-0.953683039353987,-0.026760003542470222,val,CNYIDR_RET
2023-08-03,0.3929690001760451,0.22381997414689356,val,CNYIDR_RET
2023-08-04,-0.00381341095797324,-0.06715946373224194,val,CNYIDR_RET
2023-08-07,0.4553351377648246,0.018575766722982036,val,CNYIDR_RET
2023-08-08,-0.399125891657054,-0.08063530093856963,val,CNYIDR_RET
2023-08-09,-0.48777061743059746,0.10399338021471123,val,CNYIDR_RET
2023-08-10,0.09712999217332352,0.12314739455499885,val,CNYIDR_RET
2023-08-11,0.25677664826407953,-0.0032356989255624725,val,CNYIDR_RET
2023-08-14,0.6903484403339362,-0.03773153963641439,val,CNYIDR_RET
2023-08-15,-0.7040165093893501,-0.13141607924529883,val,CNYIDR_RET
2023-08-16,-0.5644856157159576,0.16987298233771192,val,CNYIDR_RET
2023-08-17,0.11663182335141924,0.1397236788680299,val,CNYIDR_RET
2023-08-18,0.23100644957826064,-0.0074495802454886476,val,CNYIDR_RET
2023-08-21,-0.5556851409755176,-0.03216321336688291,val,CNYIDR_RET
2023-08-22,1.4097337081307642,0.137822105842576,val,CNYIDR_RET
2023-08-23,-1.3153553628028116,-0.2868581048743582,val,CNYIDR_RET
2023-08-24,1.536111930612,0.3019687507308635,val,CNYIDR_RET
2023-08-25,-1.8283825042610136,-0.3141654293043482,val,CNYIDR_RET
2023-08-28,0.1493916821953207,0.41282169927007534,val,CNYIDR_RET
2023-08-29,-0.21418510073798083,-0.014528205630205699,val,CNYIDR_RET
2023-08-30,-0.2543274262577702,0.0640320792974118,val,CNYIDR_RET
2023-08-31,0.070556588122866,0.07270587993189938,val,CNYIDR_RET
2023-09-01,0.4657826711093925,0.0025061808965152286,val,CNYIDR_RET
2023-09-04,1.6357237828237232,-0.08289276410692219,val,CNYIDR_RET
2023-09-05,-1.868480686578014,-0.3356891785074328,val,CNYIDR_RET
2023-09-06,0.03295642054549143,0.42148596160962354,val,CNYIDR_RET
2023-09-07,0.07708623099748006,0.01063068173612633,val,CNYIDR_RET
2023-09-08,-0.12341058190629972,0.001095280561882548,val,CNYIDR_RET
2023-09-11,1.1538825611754966,0.044417867394083294,val,CNYIDR_RET
2023-09-12,-0.6281760425587537,-0.23157476460796153,val,CNYIDR_RET
2023-09-13,0.03255652003360354,0.15348566344681291,val,CNYIDR_RET
2023-09-14,0.3218219477125281,0.010717090713903043,val,CNYIDR_RET
2023-09-15,0.1755571476801262,-0.05178627992165903,val,CNYIDR_RET
2023-09-18,-0.29130296752846796,-0.020181939642498658,val,CNYIDR_RET
2023-09-19,-0.02751868229041477,0.08069541390088161,val,CNYIDR_RET
2023-09-20,-0.01979727253343164,0.02369791136362244,val,CNYIDR_RET
2023-09-21,-0.02119288548491575,0.022029498585288458,val,CNYIDR_RET
2023-09-22,-0.02415428355111413,0.02233105731033328,val,CNYIDR_RET
2023-09-25,-0.08800358112696999,0.022970944912582406,val,CNYIDR_RET
2023-09-26,0.07069812526527391,0.036767257673586365,val,CNYIDR_RET
2023-09-27,0.5586724170682547,0.0024755980904688744,val,CNYIDR_RET
2023-09-28,0.524911621532627,-0.1029640262224708,val,CNYIDR_RET
2023-09-29,-0.4997865890978315,-0.09566912225400563,val,CNYIDR_RET
2023-10-02,1.7166362516964204,0.12574375989561318,val,CNYIDR_RET
2023-10-03,0.2119368912497965,-0.3531724362599009,val,CNYIDR_RET
2023-10-04,0.4804836480008424,-0.028042735916036458,val,CNYIDR_RET
2023-10-05,-0.28200043000656366,-0.08606929513838384,val,CNYIDR_RET
2023-10-06,0.29234853017850426,0.07868535706398859,val,CNYIDR_RET
2023-10-09,-1.597421208796201,-0.045417776243886196,val,CNYIDR_RET
2023-10-10,0.7034022399705749,0.36291646320802473,val,CNYIDR_RET
2023-10-11,0.10947717730015956,-0.13423669449627457,val,CNYIDR_RET
2023-10-12,-0.2130647458961448,-0.005903631607601267,val,CNYIDR_RET
2023-10-13,0.25434007828157035,0.06378999729513274,val,CNYIDR_RET
2023-10-16,1.4428347087880804,-0.03720505488530443,val,CNYIDR_RET
2023-10-17,-1.9570686592205997,-0.2940104428813345,val,CNYIDR_RET
2023-10-18,0.3059921221820106,0.4406277129497751,val,CNYIDR_RET
2023-10-19,0.4751429251408938,-0.04836583158059962,val,CNYIDR_RET
2023-10-20,0.3409604741688032,-0.08491529210713424,val,CNYIDR_RET
2023-10-23,0.01822314174454107,-0.05592165974258545,val,CNYIDR_RET
2023-10-24,0.05558169002453141,0.01381419244102473,val,CNYIDR_RET
2023-10-25,0.03194475461896706,0.005741899777891161,val,CNYIDR_RET
2023-10-26,-0.03177534492445692,0.010849278652018776,val,CNYIDR_RET
2023-10-27,0.2782545703500308,0.02461767479481062,val,CNYIDR_RET
2023-10-30,2.054798471790084,-0.042372407144819185,val,CNYIDR_RET
2023-10-31,-2.5013550775016333,-0.4262412393555801,val,CNYIDR_RET
2023-11-01,-0.6434781792162804,0.5582350468323531,val,CNYIDR_RET
2023-11-02,0.9506588639706272,0.15679209078828915,val,CNYIDR_RET
2023-11-03,-0.3660915471336311,-0.18766296301366872,val,CNYIDR_RET
2023-11-06,-1.4154214110051018,0.0968554450109849,val,CNYIDR_RET
2023-11-07,0.3328348314398735,0.3235906408717275,val,CNYIDR_RET
2023-11-08,0.3409734823113657,-0.054165901845025066,val,CNYIDR_RET
2023-11-09,-0.19307249774300136,-0.055924470492429934,val,CNYIDR_RET
2023-11-10,0.5824913305816001,0.05947014854521211,val,CNYIDR_RET
2023-11-13,1.1941080646981084,-0.10811072623224005,val,CNYIDR_RET
2023-11-14,-1.583706834120803,-0.24026653802813888,val,CNYIDR_RET
2023-11-15,-1.987107651261112,0.3599531134214653,val,CNYIDR_RET
2023-11-16,1.431146564471704,0.4471184238103583,val,CNYIDR_RET
2023-11-17,-0.01641355029344506,-0.29148491322467845,val,CNYIDR_RET
2023-11-20,-0.05652594178475379,0.02129835678590126,val,CNYIDR_RET
2023-11-21,0.4746332375196247,0.02996568938965405,val,CNYIDR_RET
2023-11-22,1.9028287452837709,-0.08480516074938381,val,CNYIDR_RET
2023-11-23,-0.2284365815817596,-0.39340420031698387,val,CNYIDR_RET
2023-11-24,0.2033115220010393,0.06711148493683387,val,CNYIDR_RET
2023-11-27,0.4736682806797614,-0.02617899901754318,val,CNYIDR_RET
2023-11-28,-1.2838189497851786,-0.08459665655483402,val,CNYIDR_RET
2023-11-29,-0.4136716384800374,0.2951544828552528,val,CNYIDR_RET
2023-11-30,0.7517080250674968,0.1071363697248753,val,CNYIDR_RET
2023-12-01,0.9688204597123332,-0.1446744243486855,val,CNYIDR_RET
2023-12-04,-0.5298462526631411,-0.19158725137085564,val,CNYIDR_RET
2023-12-05,-0.5010373069915314,0.13223893738045348,val,CNYIDR_RET
2023-12-06,-0.5517597312094402,0.12601401024906098,val,CNYIDR_RET
2023-12-07,0.16268389039010164,0.13697391826802105,val,CNYIDR_RET
2023-12-08,0.0703474474923109,-0.0174003352933662,val,CNYIDR_RET
2023-12-11,0.698662400953131,0.002551371206506406,val,CNYIDR_RET
2023-12-12,-0.10942119300767517,-0.13321252815452622,val,CNYIDR_RET
2023-12-13,-0.5248323594536433,0.0413950935828061,val,CNYIDR_RET
2023-12-14,-1.8464837052150993,0.13115555445386254,val,CNYIDR_RET
2023-12-15,2.7262545031938266,0.4167329377518403,val,CNYIDR_RET
2023-12-18,-1.2540508405809154,-0.5713268983403628,val,CNYIDR_RET
2023-12-19,0.25052659512394004,0.28872230332504234,val,CNYIDR_RET
2023-12-20,0.910956588759931,-0.03638105198552337,val,CNYIDR_RET
2023-12-21,-0.5297106071773244,-0.17908424677204565,val,CNYIDR_RET
2023-12-22,-0.5655697388752698,0.1322096276210983,val,CNYIDR_RET
2023-12-25,0.5765985036515913,0.13995793206650167,val,CNYIDR_RET
2023-12-26,-0.4051105444261331,-0.10683742665872037,val,CNYIDR_RET
2023-12-27,-0.48550392259235414,0.10528652116540269,val,CNYIDR_RET
2023-12-28,-0.1446767363628519,0.12265761577732309,val,CNYIDR_RET
2023-12-29,0.8037456232799176,0.04901297696060351,val,CNYIDR_RET
2024-01-01,0.2697639535896165,-0.15591851014958388,val,CNYIDR_RET
2024-01-02,-6.4752683157054e-4,-0.04053778705019197,val,CNYIDR_RET
2024-01-03,0.4481511791206883,0.017891694552555126,val,CNYIDR_RET
2024-01-04,0.23602605186873268,-0.07908301854738323,val,CNYIDR_RET
2024-01-05,-0.4395123187920835,-0.033247829889921865,val,CNYIDR_RET
2024-01-08,0.03022520795938661,0.11271992539545352,val,CNYIDR_RET
2024-01-09,0.15148579985354413,0.011220831737540616,val,CNYIDR_RET
2024-01-10,0.08789250826999863,-0.01498069458886445,val,CNYIDR_RET
2024-01-11,-0.8322552818342713,-0.001239698626520784,val,CNYIDR_RET
2024-01-12,0.952660476825402,0.19758232730952516,val,CNYIDR_RET
2024-01-15,-0.3080061864419051,-0.18809546388712173,val,CNYIDR_RET
2024-01-16,0.3263981769523778,0.0843045817538485,val,CNYIDR_RET
2024-01-17,0.23249839659349453,-0.05277509408651357,val,CNYIDR_RET
2024-01-18,0.02170541056857313,-0.032485587589098266,val,CNYIDR_RET
2024-01-19,-0.07681510706380369,0.013061757071517913,val,CNYIDR_RET
2024-01-22,0.03356479233279289,0.034349694859987095,val,CNYIDR_RET
2024-01-23,-0.8485046220753505,0.010499227080065152,val,CNYIDR_RET
2024-01-24,1.9925119970632947,0.20109342278962122,val,CNYIDR_RET
2024-01-25,-0.06532721795296523,-0.4127826153967145,val,CNYIDR_RET
2024-01-26,0.6059349408542543,0.03186743558456492,val,CNYIDR_RET
2024-01-29,-0.33353554719805056,-0.11317633214880266,val,CNYIDR_RET
2024-01-30,0.4119723158541315,0.08982086868185801,val,CNYIDR_RET
2024-01-31,-0.4074578101216363,-0.07126562772377988,val,CNYIDR_RET
2024-02-01,-0.19440390062572177,0.10579370938669619,val,CNYIDR_RET
2024-02-02,-0.10109927823455996,0.05975783300343329,val,CNYIDR_RET
2024-02-05,-0.3317765911009776,0.039596925970329,val,CNYIDR_RET
2024-02-06,-0.04221951889388424,0.08944080015535211,val,CNYIDR_RET
2024-02-07,0.25498664431497764,0.02687441208219219,val,CNYIDR_RET
2024-02-08,-0.562203490006139,-0.037344762408428406,val,CNYIDR_RET
2024-02-09,0.00191306555258537,0.1392305658464625,val,CNYIDR_RET
2024-02-12,-1.4066021733971346,0.01733841151379828,val,CNYIDR_RET
2024-02-13,-0.3023800652055898,0.3216850136374017,val,CNYIDR_RET
2024-02-14,0.5736278529094665,0.08308891092966572,val,CNYIDR_RET
2024-02-15,-0.5163331326706863,-0.1061955397735378,val,CNYIDR_RET
2024-02-16,0.9289405707819524,0.12931907393839456,val,CNYIDR_RET
2024-02-19,0.35703130450937726,-0.18297015703392927,val,CNYIDR_RET
2024-02-20,-1.0635489325705672,-0.05939418348404368,val,CNYIDR_RET
2024-02-21,0.2768088517078538,0.24755937743135772,val,CNYIDR_RET
2024-02-22,-0.09913390276306806,-0.04206002177318385,val,CNYIDR_RET
2024-02-23,-0.4181360426105709,0.039172255132481584,val,CNYIDR_RET
2024-02-26,-0.02748383177468598,0.1081010211465011,val,CNYIDR_RET
2024-02-27,0.30922695549449486,0.02369038099706977,val,CNYIDR_RET
2024-02-28,0.07739158716188513,-0.04906480202824984,val,CNYIDR_RET
2024-02-29,0.39694339354690034,0.0010293003662096394,val,CNYIDR_RET
2024-03-01,0.07016179776283263,-0.06801823549734141,val,CNYIDR_RET
2024-03-04,-0.19665991676986477,0.002591485692164372,val,CNYIDR_RET
2024-03-05,0.4280273094388206,0.06024530436960601,val,CNYIDR_RET
2024-03-06,-0.05171861582561744,-0.0747347295194125,val,CNYIDR_RET
2024-03-07,-0.5301267450535787,0.028926940726874427,val,CNYIDR_RET
2024-03-08,-0.25038261232747083,0.13229954510665376,val,CNYIDR_RET
2024-03-11,-0.44493513558072734,0.07185349957952797,val,CNYIDR_RET
2024-03-12,-0.09837052207216604,0.11389166696978907,val,CNYIDR_RET
2024-03-13,0.2192570464931572,0.039007306743583756,val,CNYIDR_RET
2024-03-14,0.10199580055492556,-0.02962444714906177,val,CNYIDR_RET
2024-03-15,0.28103661285167086,-0.004287084247193339,val,CNYIDR_RET
2024-03-18,0.02055869865243289,-0.04297354028056641,val,CNYIDR_RET
2024-03-19,0.6303184945480959,0.013309534209912356,val,CNYIDR_RET
2024-03-20,-0.17004361947048835,-0.11844503745578447,val,CNYIDR_RET
2024-03-21,-0.19186268115336924,0.05449415633785509,val,CNYIDR_RET
2024-03-22,0.22406600543440908,0.059208735989589464,val,CNYIDR_RET
2024-03-25,0.08728931163288267,-0.030663548660390314,val,CNYIDR_RET
2024-03-26,0.1551512092876023,-0.0011093621971786961,val,CNYIDR_RET
2024-03-27,0.14943926931249688,-0.015772702283065352,val,CNYIDR_RET
2024-03-28,0.19693811174546855,-0.014538488073034098,val,CNYIDR_RET
2024-03-29,-0.00968699716052821,-0.024801856831513962,val,CNYIDR_RET
2024-04-01,-0.09699126969886672,0.01984490883347893,val,CNYIDR_RET
2024-04-02,0.48511269068632423,0.03870928314988975,val,CNYIDR_RET
2024-04-03,0.02034310158921943,-0.08706952103119137,val,CNYIDR_RET
2024-04-04,-0.146803400212012,0.01335611960125379,val,CNYIDR_RET
2024-04-05,-0.19095341361683243,0.04947249837610031,val,CNYIDR_RET
2024-04-08,-0.11329992366132208,0.05901226492735755,val,CNYIDR_RET
2024-04-09,0.2562221319907435,0.04223319491273587,val,CNYIDR_RET
2024-04-10,-0.17541402118183988,-0.03761172187445826,val,CNYIDR_RET
2024-04-11,0.6530873618316617,0.055654572262149524,val,CNYIDR_RET
2024-04-12,-0.00583347651220736,-0.12336484748007906,val,CNYIDR_RET
2024-04-15,0.6517593151725976,0.019012254785373554,val,CNYIDR_RET
2024-04-16,-0.2430466580580516,-0.12307788822186816,val,CNYIDR_RET
2024-04-17,1.4758603457589927,0.07026837455319405,val,CNYIDR_RET
2024-04-18,-0.4232428117745002,-0.3011464965903165,val,CNYIDR_RET
2024-04-19,-0.15049518697635456,0.10920447235518692,val,CNYIDR_RET
2024-04-22,-0.09712262686728496,0.050270205583251557,val,CNYIDR_RET
2024-04-23,0.1771784646912374,0.038737666305972945,val,CNYIDR_RET
2024-04-24,-0.6809813623943424,-0.020532267640131708,val,CNYIDR_RET
2024-04-25,0.4973384245550224,0.16489563560870105,val,CNYIDR_RET
2024-04-26,-0.03369636396718751,-0.08971121098846883,val,CNYIDR_RET
2024-04-29,-0.07668331720950337,0.02503276126466362,val,CNYIDR_RET
2024-04-30,0.36031787836292584,0.034321218210788346,val,CNYIDR_RET
2024-05-01,0.1246187640797452,-0.06010433383051891,val,CNYIDR_RET
2024-05-02,-0.4978349421676683,-0.009175367943633245,val,CNYIDR_RET
2024-05-03,-0.5578354333213091,0.12532205546862876,val,CNYIDR_RET
2024-05-06,-0.09392417718869982,0.1382867328135288,val,CNYIDR_RET
2024-05-07,0.12264295347996336,0.03804655749520383,val,CNYIDR_RET
2024-05-08,0.09876017658285983,-0.008748442323054377,val,CNYIDR_RET
2024-05-09,-0.06856193674806015,-0.0035879429568355763,val,CNYIDR_RET
2024-05-10,-0.203480957332437,0.03256638128773429,val,CNYIDR_RET
2024-05-13,-0.04841480378607044,0.061719168805545024,val,CNYIDR_RET
2024-05-14,0.4262745670257385,0.028213065618898348,val,CNYIDR_RET
2024-05-15,-0.11792820160723072,-0.07435600362205037,val,CNYIDR_RET
2024-05-16,-0.9723528628936864,0.04323325556353241,val,CNYIDR_RET
2024-05-17,0.11520932408468396,0.22785407842878383,val,CNYIDR_RET
2024-05-20,0.09164352252927511,-0.007142212027962638,val,CNYIDR_RET
2024-05-21,0.3318805395725652,-0.0020502034849412334,val,CNYIDR_RET
2024-05-22,-0.2438681127054385,-0.05395970209707911,val,CNYIDR_RET
2024-05-23,0.18550534403248087,0.07044587134117149,val,CNYIDR_RET
2024-05-24,0.3213723289168266,-0.02233150797755992,val,CNYIDR_RET
2024-05-27,-0.35477583659346723,-0.051689128006693105,val,CNYIDR_RET
2024-05-28,0.20554991820959595,0.0944103894245923,val,CNYIDR_RET
2024-05-29,0.2375003559272877,-0.026662663135219717,val,CNYIDR_RET
2024-05-30,0.6508957570857756,-0.03356639188933114,val,CNYIDR_RET
2024-05-31,0.19431185946864668,-0.12289129388323922,val,CNYIDR_RET
2024-06-03,-0.01124276324319469,-0.02423438625351289,val,CNYIDR_RET
2024-06-04,-0.26037193836333633,0.0201810728364412,val,CNYIDR_RET
2024-06-05,0.4495219860579692,0.0740119550597736,val,CNYIDR_RET
2024-06-06,0.1744558856016817,-0.07937921728346506,val,CNYIDR_RET
2024-06-07,-0.4144099754521481,-0.01994398313173199,val,CNYIDR_RET
2024-06-10,0.13682729107347716,0.10729590676250911,val,CNYIDR_RET
2024-06-11,0.25781120412074743,-0.011813339904978317,val,CNYIDR_RET
2024-06-12,-0.03908499935091841,-0.03795508252113229,val,CNYIDR_RET
2024-06-13,-0.3447565292254809,0.02619711705136027,val,CNYIDR_RET
2024-06-14,0.15811046731654638,0.09224545569242167,val,CNYIDR_RET
2024-06-17,1.1463329495382435,-0.016412127474224585,val,CNYIDR_RET
2024-06-18,-0.01511265916968747,-0.2299434733122677,val,CNYIDR_RET
2024-06-19,-0.5769707341398753,0.021017265192214564,val,CNYIDR_RET
2024-06-20,-0.03802410269201844,0.14242141565095853,val,CNYIDR_RET
2024-06-21,0.6367533671368749,0.025967882546534288,val,CNYIDR_RET
2024-06-24,-0.2983314659446654,-0.1198354601884157,val,CNYIDR_RET
2024-06-25,-0.2771690994830073,0.08221410503878927,val,CNYIDR_RET
2024-06-26,-0.00888903774854427,0.07764142158645918,val,CNYIDR_RET
2024-06-27,0.17208935780578485,0.019672488806379368,val,CNYIDR_RET
2024-06-28,-0.4142432267487337,-0.019432632829232365,val,CNYIDR_RET
2024-07-01,-0.1726828243425856,0.10725987633849288,val,CNYIDR_RET
2024-07-02,0.27203301867406926,0.05506442566325466,val,CNYIDR_RET
2024-07-03,-0.02829634042659591,-0.04102807798163084,val,CNYIDR_RET
2024-07-04,-0.30062396094709176,0.02386594476845588,val,CNYIDR_RET
2024-07-05,-0.03187510012342319,0.08270945861756493,val,CNYIDR_RET
2024-07-08,-0.5402082525897417,0.024639229517833844,val,CNYIDR_RET
2024-07-09,0.20765179626664831,0.134477918813993,val,CNYIDR_RET
2024-07-10,-0.06450953448112133,-0.0271168289312668,val,CNYIDR_RET
2024-07-11,-0.5250269184028903,0.03169075365781921,val,CNYIDR_RET
2024-07-12,-0.3108319096476892,0.13119759400975703,val,CNYIDR_RET
2024-07-15,0.09929257739809876,0.08491515324959141,val,CNYIDR_RET
2024-07-16,0.40769105961130125,-0.003702982094932958,val,CNYIDR_RET
2024-07-17,-0.15935249217663994,-0.0703405501993809,val,CNYIDR_RET
2024-07-18,-0.20011290265460435,0.05218405831777266,val,CNYIDR_RET
2024-07-19,0.29769887032275555,0.060991412393247194,val,CNYIDR_RET
2024-07-22,-0.00937561760520975,-0.04657385734125692,val,CNYIDR_RET
2024-07-23,0.03669960254302462,0.019777627126464817,val,CNYIDR_RET
2024-07-24,-0.01090585928175109,0.009821869242958737,val,CNYIDR_RET
2024-07-25,0.32808832975584135,0.02010827591307685,val,CNYIDR_RET
2024-07-26,0.9926913815778432,-0.05314029585968527,val,CNYIDR_RET
2024-07-29,-0.6122202558972145,-0.19674518914705127,val,CNYIDR_RET
2024-07-30,0.00174527761705226,0.15003799790485572,val,CNYIDR_RET
2024-07-31,0.2690240821552667,0.017374666491128104,val,CNYIDR_RET
2024-08-01,0.01194833094060847,-0.040377918451808464,val,CNYIDR_RET
2024-08-02,-0.1942635847387267,0.015170029633506488,val,CNYIDR_RET
2024-08-05,-0.47712615270039105,0.05972751408159986,val,CNYIDR_RET
2024-08-06,1.734949280743342,0.1208473792037425,val,CNYIDR_RET
2024-08-07,-0.8499765336781222,-0.35712944574825933,val,CNYIDR_RET
2024-08-08,-1.1385352903317685,0.20141146783630734,val,CNYIDR_RET
2024-08-09,-0.18301725789626164,0.26376214369128403,val,CNYIDR_RET
2024-08-12,-0.2792732554297418,0.05729745066004402,val,CNYIDR_RET
2024-08-13,0.08779403391010601,0.07809607958022312,val,CNYIDR_RET
2024-08-14,-0.9680055781625424,-0.0012184206623207239,val,CNYIDR_RET
2024-08-15,-0.6073393649089683,0.22691473372039853,val,CNYIDR_RET
2024-08-16,0.3592467318459937,0.14898335359109158,val,CNYIDR_RET
2024-08-19,-0.3269211208124316,-0.05987288457545234,val,CNYIDR_RET
2024-08-20,-0.6968850644243801,0.08839164864944933,test,CNYIDR_RET
2024-08-21,-0.40406093525499925,0.16833204690208362,test,CNYIDR_RET
2024-08-22,0.2744177070043048,0.1050597256178937,test,CNYIDR_RET
2024-08-23,1.3901952288224764,-0.04154335234314373,test,CNYIDR_RET
2024-08-26,-1.9728973535737704,-0.2826363047662005,test,CNYIDR_RET
2024-08-27,0.6366790462046088,0.4440479168703466,test,CNYIDR_RET
2024-08-28,-0.04111546909560817,-0.11981940120475948,test,CNYIDR_RET
2024-08-29,-0.19220973043067124,0.026635853211553966,test,CNYIDR_RET
2024-08-30,0.4361516795152082,0.05928372507412011,test,CNYIDR_RET
2024-09-02,0.5658533838739294,-0.07649021242706425,test,CNYIDR_RET
2024-09-03,-0.3764274650608044,-0.1045156621486104,test,CNYIDR_RET
2024-09-04,0.02906389188040892,0.09908879074553957,test,CNYIDR_RET
2024-09-05,-0.4519396637253095,0.011471764487754887,test,CNYIDR_RET
2024-09-06,0.11250278762804536,0.11540517870280542,test,CNYIDR_RET
2024-09-09,-0.02991102172202858,-0.006557393950512629,test,CNYIDR_RET
2024-09-10,-0.02623945193902091,0.02421483894594728,test,CNYIDR_RET
2024-09-11,0.10694034731073462,0.023421500147034955,test,CNYIDR_RET
2024-09-12,-0.3208371514265547,-0.005355483056491202,test,CNYIDR_RET
2024-09-13,-0.07506590918782137,0.0870770477428973,test,CNYIDR_RET
2024-09-16,0.16957911522185215,0.033971734852686064,test,CNYIDR_RET
2024-09-17,-0.04916823862785896,-0.01889022918332253,test,CNYIDR_RET
2024-09-18,-0.26033207023057264,0.028375864946643542,test,CNYIDR_RET
2024-09-19,-0.13009774748176453,0.07400334050566434,test,CNYIDR_RET
2024-09-20,-0.4749347662205162,0.04586280463327726,test,CNYIDR_RET
2024-09-23,-0.05921879050566966,0.1203738727689901,test,CNYIDR_RET
2024-09-24,0.12687397114431878,0.030547549873360814,test,CNYIDR_RET
2024-09-25,-0.05020594348594227,-0.00966266448697765,test,CNYIDR_RET
2024-09-26,0.5004348232205875,0.028600088255580053,test,CNYIDR_RET
2024-09-27,-0.5369286099782249,-0.090380269005468,test,CNYIDR_RET
2024-09-30,0.2994567831741456,0.13376926614386697,test,CNYIDR_RET
2024-10-01,0.2446732206617672,-0.0469537004472136,test,CNYIDR_RET
2024-10-02,0.40784431043083685,-0.0351162771508203,test,CNYIDR_RET
2024-10-03,0.3108046252624801,-0.07037366405211641,test,CNYIDR_RET
2024-10-04,0.759081579916007,-0.0494056988960164,test,CNYIDR_RET
2024-10-07,1.6334293253726109,-0.1462676739647773,test,CNYIDR_RET
2024-10-08,0.5760410058843711,-0.3351934008902279,test,CNYIDR_RET
2024-10-09,-0.9418581480998468,-0.10671696466693428,test,CNYIDR_RET
2024-10-10,-0.42904029768788543,0.22126489673334548,test,CNYIDR_RET
2024-10-11,0.04021497237903663,0.11045717100537258,test,CNYIDR_RET
2024-10-14,-0.4866732084191231,0.009062281532998394,test,CNYIDR_RET
2024-10-15,-0.24024596997384357,0.12291027060025123,test,CNYIDR_RET
2024-10-16,-0.3948851641695392,0.06966321255106167,test,CNYIDR_RET
2024-10-17,0.02559299230833407,0.10307705998922352,test,CNYIDR_RET
2024-10-18,-0.6496056759258388,0.012221743232650073,test,CNYIDR_RET
2024-10-21,0.14419593679277096,0.15811609691297138,test,CNYIDR_RET
2024-10-22,0.3318361883017539,-0.013405528775147692,test,CNYIDR_RET
2024-10-23,0.14070162091016572,-0.05395011884359485,test,CNYIDR_RET
2024-10-24,0.44227811816329576,-0.012650490323160159,test,CNYIDR_RET
2024-10-25,-0.17263801200834228,-0.07781398992985826,test,CNYIDR_RET
2024-10-28,0.4057622814983307,0.05505474278494206,test,CNYIDR_RET
2024-10-29,0.27086561017045624,-0.069923787179216,test,CNYIDR_RET
2024-10-30,0.09680209514493822,-0.04077582880353195,test,CNYIDR_RET
2024-10-31,-0.24604131860048645,-0.0031648481859496667,test,CNYIDR_RET
2024-11-01,0.05944045764454839,0.07091544938447758,test,CNYIDR_RET
2024-11-04,0.7726873300591663,0.004908111984148537,test,CNYIDR_RET
2024-11-05,0.0073775923003188,-0.14920755257659904,test,CNYIDR_RET
2024-11-06,-0.8567657876895177,0.016157657410543893,test,CNYIDR_RET
2024-11-07,-0.0730659014467277,0.2028784639554711,test,CNYIDR_RET
2024-11-08,-1.1599528639589831,0.03353958080607693,test,CNYIDR_RET
2024-11-11,0.0549239642562944,0.2683899713348354,test,CNYIDR_RET
2024-11-12,0.29273966023889,0.00588401865396476,test,CNYIDR_RET
2024-11-13,-0.1323872387629438,-0.0455022901359443,test,CNYIDR_RET
2024-11-14,0.48063710640853646,0.04635750917941913,test,CNYIDR_RET
2024-11-15,0.4629610202861528,-0.08610245384597709,test,CNYIDR_RET
2024-11-18,-0.2888436699101964,-0.08228307255607137,test,CNYIDR_RET
2024-11-19,-0.598420178672441,0.08016401824889724,test,CNYIDR_RET
2024-11-20,0.03226166130123631,0.14705612983821348,test,CNYIDR_RET
2024-11-21,0.5229990608045095,0.010780802664488224,test,CNYIDR_RET
2024-11-22,-0.46344716465418184,-0.09525586342452243,test,CNYIDR_RET
2024-11-25,0.6605868443518881,0.11789167562508794,test,CNYIDR_RET
2024-11-26,-0.2091806999614316,-0.12498530706730951,test,CNYIDR_RET
2024-11-27,0.00844102212605915,0.06295074745953748,test,CNYIDR_RET
2024-11-28,-0.3383183413726024,0.015927875548686077,test,CNYIDR_RET
2024-11-29,0.1369171550846361,0.090854316610165,test,CNYIDR_RET
2024-12-02,-0.2786993226499084,-0.011832757377855507,test,CNYIDR_RET
2024-12-03,0.09419473833195732,0.07797206637357873,test,CNYIDR_RET
2024-12-04,0.01111588244509931,-0.002601460467726413,test,CNYIDR_RET
2024-12-05,0.07621725443628546,0.015349901930266327,test,CNYIDR_RET
2024-12-06,-0.3685020137536768,0.0012830457037931453,test,CNYIDR_RET
2024-12-09,-0.22745958079618545,0.09737628944706661,test,CNYIDR_RET
2024-12-10,0.3759922862183622,0.06690037833241878,test,CNYIDR_RET
2024-12-11,0.4258533727303422,-0.06349120011295882,test,CNYIDR_RET
2024-12-12,0.17422718739891735,-0.07426499356472696,test,CNYIDR_RET
2024-12-13,-0.06191904565413687,-0.019894566896111413,test,CNYIDR_RET
2024-12-16,0.26192741847185025,0.03113101070969196,test,CNYIDR_RET
2024-12-17,-0.5430557425310201,-0.03884449842287624,test,CNYIDR_RET
2024-12-18,-0.21087001380089024,0.13509319358294433,test,CNYIDR_RET
2024-12-19,1.3553576530816018,0.06331576795256601,test,CNYIDR_RET
2024-12-20,-1.1581395501368477,-0.27510873423677906,test,CNYIDR_RET
2024-12-23,1.1076446738815395,0.2679981573983655,test,CNYIDR_RET
2024-12-24,0.3382061672606804,-0.22158385822786214,test,CNYIDR_RET
2024-12-25,-1.500605988986598,-0.05532651960812883,test,CNYIDR_RET
2024-12-26,-5.845221009042674,0.3419969996707514,test,CNYIDR_RET
2024-12-27,7.165211863435286,1.2807648470638735,test,CNYIDR_RET
2024-12-30,-0.07482485148576527,-1.5304798788707172,test,CNYIDR_RET
2024-12-31,-0.5768954971436228,0.03391964802358566,test,CNYIDR_RET
2025-01-01,0,0.14240515872768908,test,CNYIDR_RET
2025-01-02,0.8967750654069752,0.017751779423827583,test,CNYIDR_RET
2025-01-03,-0.1881607479173009,-0.1760199572804907,test,CNYIDR_RET
2025-01-06,-0.42505060314775345,0.05840883637151649,test,CNYIDR_RET
2025-01-07,-0.03502538394882901,0.10959509302195959,test,CNYIDR_RET
2025-01-08,-0.18832890112106257,0.02531993083470574,test,CNYIDR_RET
2025-01-09,0.11528599312451555,0.058445170274612365,test,CNYIDR_RET
2025-01-10,0.2965279334921563,-0.007158778381748221,test,CNYIDR_RET
2025-01-13,0.1961964611689467,-0.04632084577571646,test,CNYIDR_RET
2025-01-14,0.19297537732967365,-0.02464160380287386,test,CNYIDR_RET
2025-01-15,0.13706819491178412,-0.023945604288967994,test,CNYIDR_RET
2025-01-16,0.2606019442599591,-0.0118653934877865,test,CNYIDR_RET
2025-01-17,0.03661086825445467,-0.03855809500924165,test,CNYIDR_RET
2025-01-20,0.08514278373779974,0.009841042609686568,test,CNYIDR_RET
2025-01-21,-0.6026045142295964,-6.455486343810678e-4,test,CNYIDR_RET
2025-01-22,1.1040976141806051,0.14796026511041316,test,CNYIDR_RET
2025-01-23,-0.6019008773060666,-0.22081742309272373,test,CNYIDR_RET
2025-01-24,-0.2177807634320122,0.14780822592696444,test,CNYIDR_RET
2025-01-27,0.1858232184194382,0.06480901638197402,test,CNYIDR_RET
2025-01-28,-0.16242355010593787,-0.022400193063029584,test,CNYIDR_RET
2025-01-29,-1.706169347625825,0.052847640805104165,test,CNYIDR_RET
2025-01-30,3.348097319036699,0.38641434638658473,test,CNYIDR_RET
2025-01-31,0.0586749951953027,-0.7056923228833539,test,CNYIDR_RET
2025-02-03,0.3414037989637556,0.005073510191451464,test,CNYIDR_RET
2025-02-04,-0.2583781420613015,-0.05601745167386872,test,CNYIDR_RET
2025-02-05,0.05409068519412013,0.0735811431572319,test,CNYIDR_RET
2025-02-06,-1.2322469712401547,0.006064070416402622,test,CNYIDR_RET
2025-02-07,-0.06049379313658529,0.2840110063766645,test,CNYIDR_RET
2025-02-10,-0.06164101907504817,0.030823047580227782,test,CNYIDR_RET
2025-02-11,-0.14826783047345424,0.03107093578660572,test,CNYIDR_RET
2025-02-12,0.04384621353821712,0.049788926883078524,test,CNYIDR_RET
2025-02-13,0.17187915679221036,0.008277656789348456,test,CNYIDR_RET
2025-02-14,-0.6832146112899539,-0.019387213395721626,test,CNYIDR_RET
2025-02-17,0.2083535094077387,0.16537818751462327,test,CNYIDR_RET
2025-02-18,0.29018635496256195,-0.02726845243114145,test,CNYIDR_RET
2025-02-19,0.2439041137214282,-0.044950581667660944,test,CNYIDR_RET
2025-02-20,0.11547244635290928,-0.03495009145577849,test,CNYIDR_RET
2025-02-21,-0.2392146955937368,-0.007199066484388075,test,CNYIDR_RET
2025-02-24,0.27815131084600864,0.06944037871528673,test,CNYIDR_RET
2025-02-25,0.04109256487048893,-0.04235009522492149,test,CNYIDR_RET
2025-02-26,0.2129284769010965,0.008872654693730503,test,CNYIDR_RET
2025-02-27,0.1834036455872367,-0.02825699396262509,test,CNYIDR_RET
2025-02-28,0.756372485135707,-0.02187738099134749,test,CNYIDR_RET
2025-03-03,-0.15736104031730752,-0.14568230309450547,test,CNYIDR_RET
2025-03-04,-0.4500346620060424,0.05175375299347068,test,CNYIDR_RET
2025-03-05,-0.17590841072072674,0.11499355319513191,test,CNYIDR_RET
2025-03-06,-0.4746835685524795,0.05576139806859083,test,CNYIDR_RET
2025-03-07,0.3264659936779097,0.12031959493470457,test,CNYIDR_RET
2025-03-10,0.04830421337250686,-0.05278974766597938,test,CNYIDR_RET
2025-03-11,-0.1538262218952821,0.007314389183635243,test,CNYIDR_RET
2025-03-12,0.6709880770543453,0.05098996290720256,test,CNYIDR_RET
2025-03-13,-0.4802457285962646,-0.12723276576946044,test,CNYIDR_RET
2025-03-14,-0.28435423856905645,0.12152144526829127,test,CNYIDR_RET
2025-03-17,0.37875814184509,0.07919395904303307,test,CNYIDR_RET
2025-03-18,0.36059674525989177,-0.06408883565049601,test,CNYIDR_RET
2025-03-19,0.9535238550469592,-0.06016459032628792,test,CNYIDR_RET
2025-03-20,-1.1590010178343606,-0.18828201936115013,test,CNYIDR_RET
2025-03-21,0.35501975960885623,0.2681843000536433,test,CNYIDR_RET
2025-03-24,0.5383275820553515,-0.05895953653201701,test,CNYIDR_RET
2025-03-25,0.2812000539406406,-0.09856799184831702,test,CNYIDR_RET
2025-03-26,0.21855375088060597,-0.04300885600786547,test,CNYIDR_RET
2025-03-27,0.04812030168042096,-0.029472481714787873,test,CNYIDR_RET
2025-03-28,-0.4985185762621259,0.007354128120800654,test,CNYIDR_RET
2025-03-31,0.09198209641422309,0.12546977251704292,test,CNYIDR_RET
2025-04-01,0.5475067101697708,-0.0021233612390089383,test,CNYIDR_RET
2025-04-02,0.2967040781045911,-0.10055138285100428,test,CNYIDR_RET
2025-04-03,0.07567984607651054,-0.04635890643192696,test,CNYIDR_RET
2025-04-04,0.0047838108382958,0.0013991668530199536,test,CNYIDR_RET
2025-04-07,-0.20046646859178235,0.016718111818695362,test,CNYIDR_RET
2025-04-08,0.3333322942716442,0.061067809572795645,test,CNYIDR_RET
2025-04-09,0.7380842665421676,-0.05427339171687415,test,CNYIDR_RET
2025-04-10,-1.6080408663596162,-0.14173065455431094,test,CNYIDR_RET
2025-04-11,0.6592565415993268,0.3652111183212713,test,CNYIDR_RET
2025-04-14,0.03428346636326643,-0.12469786032101829,test,CNYIDR_RET
2025-04-15,-0.32567894749311577,0.01034393873588494,test,CNYIDR_RET
2025-04-16,0.1994434108062664,0.08812324457505376,test,CNYIDR_RET
2025-04-17,-0.11247522375380568,-0.025343192299794617,test,CNYIDR_RET
2025-04-18,0,0.042054996901323916,test,CNYIDR_RET
2025-04-21,0,0.017751779423827583,test,CNYIDR_RET
2025-04-22,0.29738921225329795,0.017751779423827583,test,CNYIDR_RET
2025-04-23,0.08136502582496277,-0.04650694760634355,test,CNYIDR_RET
2025-04-24,0.28168238065959755,1.70734890726415e-4,test,CNYIDR_RET
2025-04-25,-0.4014934983318773,-0.0431130753261722,test,CNYIDR_RET
2025-04-28,0.259378541502562,0.10450496363725549,test,CNYIDR_RET
2025-04-29,-0.2708312347749803,-0.038293746806292786,test,CNYIDR_RET
2025-04-30,-0.15267842445152757,0.07627195994680704,test,CNYIDR_RET
2025-05-01,-1.0202762802627516,0.05074195121214038,test,CNYIDR_RET
2025-05-02,0.3625715238342982,0.23820918772053848,test,CNYIDR_RET
2025-05-05,-0.8830880590915127,-0.060591292950758796,test,CNYIDR_RET
2025-05-06,-0.22592349415533583,0.20856607999244495,test,CNYIDR_RET
2025-05-07,0.8053132590698844,0.06656846658820603,test,CNYIDR_RET
2025-05-08,0.2448536574698381,-0.15625723891364007,test,CNYIDR_RET
2025-05-09,0.2767178641620079,-0.03515526524829758,test,CNYIDR_RET
2025-05-12,-0.12509840056798693,-0.04204036153121557,test,CNYIDR_RET
2025-05-13,1.3553879157653836,0.04478256481480012,test,CNYIDR_RET
2025-05-14,-0.5912700709799286,-0.27511527328209817,test,CNYIDR_RET
2025-05-15,-0.24851734483528984,0.1455111618315793,test,CNYIDR_RET
2025-05-16,-0.29171115551397114,0.07145045969213547,test,CNYIDR_RET
2025-05-19,-0.1849989374516284,0.08078361360435675,test,CNYIDR_RET
2025-05-20,-0.358499548472938,0.05772564442216718,test,CNYIDR_RET
2025-05-21,-0.2964527526254427,0.09521499488888908,test,CNYIDR_RET
2025-05-22,-0.0956214957013021,0.08180815982835893,test,CNYIDR_RET
2025-05-23,0.03188656820856486,0.03841330760748318,test,CNYIDR_RET
2025-05-26,-0.8959826389111293,0.010861851349712046,test,CNYIDR_RET
2025-05-27,0.2002804594970587,0.21135229163246824,test,CNYIDR_RET
2025-05-28,0.2183104871965913,-0.025524058589210554,test,CNYIDR_RET
2025-05-29,0.04299094185668203,-0.029419918225517327,test,CNYIDR_RET
2025-05-30,0.04297246758782735,0.008462460633119319,test,CNYIDR_RET
2025-06-02,0.1778323326233211,0.008466452482690526,test,CNYIDR_RET
2025-06-03,-0.20545537041232945,-0.020673552929679335,test,CNYIDR_RET
2025-06-04,0.26915515269137247,0.06214579245535498,test,CNYIDR_RET
2025-06-05,-0.2507389463778092,-0.04040623967347452,test,CNYIDR_RET
2025-06-06,0.1219874203151363,0.07193049488241321,test,CNYIDR_RET
2025-06-09,0.19520743882800573,-0.008606797216365144,test,CNYIDR_RET
2025-06-10,-0.06842719329956645,-0.024427899626613635,test,CNYIDR_RET
2025-06-11,-0.19061328118171544,0.032537266437164376,test,CNYIDR_RET
2025-06-12,-3.109421850290394,0.058938770407712116,test,CNYIDR_RET
2025-06-13,2.4200915002307837,0.6896237965206556,test,CNYIDR_RET
2025-06-16,0.8921399730943216,-0.5051723640683433,test,CNYIDR_RET
2025-06-17,-2.9745202068992525,-0.17501842420731129,test,CNYIDR_RET
2025-06-18,2.8791084752061726,0.6604747638004995,test,CNYIDR_RET
2025-06-19,-4.305371395019146,-0.6043550017762493,test,CNYIDR_RET
2025-06-20,4.960787951465924,0.948040013956028,test,CNYIDR_RET
2025-06-23,0.24984017139557113,-1.0541563655034285,test,CNYIDR_RET
2025-06-24,-0.2466489816803664,-0.03623273216365061,test,CNYIDR_RET
2025-06-25,-0.382582503578067,0.07104675090574145,test,CNYIDR_RET
2025-06-26,-0.07109502452183418,0.10041874799901282,test,CNYIDR_RET
2025-06-27,-0.2892805622944861,0.033113721235155685,test,CNYIDR_RET
2025-06-30,-0.02594694854746296,0.08025842028941148,test,CNYIDR_RET
2025-07-01,0.12474808742763444,0.02335829712951086,test,CNYIDR_RET
2025-07-02,0.0268613066560034,-0.009203311639531548,test,CNYIDR_RET
2025-07-03,-0.01420257714069312,0.01194769070452435,test,CNYIDR_RET
2025-07-04,-0.1929782279349813,0.020820618137558117,test,CNYIDR_RET
2025-07-07,-0.1587328679698506,0.0594497790845486,test,CNYIDR_RET
2025-07-08,0.7346640883620582,0.05205017228181434,test,CNYIDR_RET
2025-07-09,-0.3470751566949286,-0.14099163549438956,test,CNYIDR_RET
2025-07-10,-0.24640573389763665,0.09274645587502746,test,CNYIDR_RET
2025-07-11,-0.08721330001082685,0.07099419085235992,test,CNYIDR_RET
2025-07-14,0.1729822487496054,0.03659649674337452,test,CNYIDR_RET
2025-07-15,0.22595191309369408,-0.019625565299754556,test,CNYIDR_RET
2025-07-16,-0.10752116074832692,-0.031071048396389096,test,CNYIDR_RET
2025-07-17,0.03941704486484096,0.04098454185708316,test,CNYIDR_RET
2025-07-18,0.2934383947744155,0.009234694667745498,test,CNYIDR_RET
2025-07-21,0.02330209256536102,-0.045653270030086,test,CNYIDR_RET
2025-07-22,0.08272353511819468,0.012716752113845835,test,CNYIDR_RET
2025-07-23,-0.5002452860411263,-1.228066173205762e-4,test,CNYIDR_RET
2025-07-24,0.3344599095313557,0.12584287338209585,test,CNYIDR_RET
2025-07-25,0.33497045344458043,-0.05451704252256358,test,CNYIDR_RET
2025-07-28,0.28169032711133735,-0.05462735890461472,test,CNYIDR_RET
2025-07-29,-0.05943533604586779,-0.04311479236516408,test,CNYIDR_RET
2025-07-30,-0.1691021483681895,0.030594340207992524,test,CNYIDR_RET
2025-07-31,0.3592071392803567,0.054290726851926444,test,CNYIDR_RET
2025-08-01,0.01044274272341702,-0.059864329564837074,test,CNYIDR_RET
2025-08-04,-0.15820020249691483,0.015495351394626539,test,CNYIDR_RET
2025-08-05,-0.26979459922142707,0.05193507595749097,test,CNYIDR_RET
2025-08-06,0.01948275025084529,0.07604796768911609,test,CNYIDR_RET
2025-08-07,-0.2533173807491798,0.01354202103790556,test,CNYIDR_RET
2025-08-08,-0.18760115011461287,0.07248763314973541,test,CNYIDR_RET
2025-08-11,-0.3133739392077322,0.058287920612073996,test,CNYIDR_RET
2025-08-12,0.20785107398007852,0.08546442530409451,test,CNYIDR_RET
2025-08-13,-0.17795242278928508,-0.02715988809973321,test,CNYIDR_RET
2025-08-14,-0.8018774305980679,0.05620306040248878,test,CNYIDR_RET
2025-08-15,0.2993172565510439,0.19101839704601678,test,CNYIDR_RET
2025-08-18,0.13620706970599963,-0.046923552066512775,test,CNYIDR_RET
2025-08-19,0.01765725361842178,-0.01167932483681548,test,CNYIDR_RET
2025-08-20,0.4673798505353729,0.01393646738956907,test,CNYIDR_RET
2025-08-21,0.01506003935489149,-0.08323787654719747,test,CNYIDR_RET
2025-08-22,0.4083148595508534,0.014497663544380868,test,CNYIDR_RET
2025-08-25,-0.5192662266172923,-0.07047533851175242,test,CNYIDR_RET
2025-08-26,0.4766705396456022,0.12995284569440657,test,CNYIDR_RET
2025-08-27,0.1837702381914988,-0.08524537322447409,test,CNYIDR_RET
2025-08-28,0.07677949184768675,-0.021956592923448415,test,CNYIDR_RET
2025-08-29,0.18555658783549933,0.0011615595877647912,test,CNYIDR_RET
2025-09-01,0.7115236903979298,-0.022342580543122072,test,CNYIDR_RET
2025-09-02,-0.0231654671300067,-0.13599154653729603,test,CNYIDR_RET
2025-09-03,0.1150958627139895,0.02275728523069464,test,CNYIDR_RET
2025-09-04,0.08247130984530243,-0.00711769572761441,test,CNYIDR_RET
2025-09-05,-0.0662333770995544,-6.830674209615598e-5,test,CNYIDR_RET
2025-09-08,-0.24127061197936048,0.03206323499774932,test,CNYIDR_RET
2025-09-09,0.3743691151976801,0.06988461328862468,test,CNYIDR_RET
2025-09-10,0.14100044239774404,-0.06314047150800708,test,CNYIDR_RET
2025-09-11,-0.06347365100748521,-0.012715058530781254,test,CNYIDR_RET
2025-09-12,-0.12233008397831058,0.03146692390668905,test,CNYIDR_RET
2025-09-15,-0.15823529238477413,0.044184397521772716,test,CNYIDR_RET
2025-09-16,-0.14215084497620187,0.05194265804666087,test,CNYIDR_RET
2025-09-17,0.2649268119177112,0.04846719198107185,test,CNYIDR_RET
2025-09-18,0.2782688869427104,-0.03949259592188539,test,CNYIDR_RET
2025-09-19,0.7774148760372115,-0.04237550061957582,test,CNYIDR_RET
2025-09-22,0.4089639316917525,-0.1502290626852678,test,CNYIDR_RET
2025-09-23,-0.3466006529024519,-0.07061558754502736,test,CNYIDR_RET
2025-09-24,0.3408312937832825,0.09264392690484555,test,CNYIDR_RET
2025-09-25,0.09322503546828328,-0.05589374693745061,test,CNYIDR_RET
2025-09-26,0.35036336228243586,-0.0023919307704483167,test,CNYIDR_RET
2025-09-29,-0.2016176211637672,-0.05795339995269948,test,CNYIDR_RET
2025-09-30,-0.3816573105563088,0.061316546231172636,test,CNYIDR_RET
2025-10-01,0.3358410895036118,0.1002188358186586,test,CNYIDR_RET
2025-10-02,-0.23344610690557233,-0.05481548262449017,test,CNYIDR_RET
2025-10-03,-0.2562723078549703,0.06819392406734083,test,CNYIDR_RET
2025-10-06,-0.26236840093172037,0.07312612253153356,test,CNYIDR_RET
2025-10-07,0.23224610418007313,0.07444334307898148,test,CNYIDR_RET
2025-10-08,-0.0572573734509193,-0.032431073206404315,test,CNYIDR_RET
2025-10-09,-0.18004836706511035,0.030123734355109354,test,CNYIDR_RET
2025-10-10,0.00463096482105492,0.056655944049714,test,CNYIDR_RET
2025-10-13,0.5089613786969724,0.016751138203294564,test,CNYIDR_RET
2025-10-14,-0.3016957577091352,-0.09222265460080681,test,CNYIDR_RET
2025-10-15,-0.3106190108080368,0.08294104837511576,test,CNYIDR_RET
2025-10-16,0.10530872269957056,0.08486915088010864,test,CNYIDR_RET
2025-10-17,-0.03414801889104806,-0.0050029278319419015,test,CNYIDR_RET
2025-10-20,-0.022968996230649,0.025130353138438342,test,CNYIDR_RET
2025-10-21,-0.04811244248316149,0.02271483254791055,test,CNYIDR_RET
2025-10-22,0.31108762572213805,0.028147732541478027,test,CNYIDR_RET
2025-10-23,-0.06860917280973602,-0.0494668485562505,test,CNYIDR_RET
2025-10-24,-0.01686528694256393,0.03257658787582877,test,CNYIDR_RET
2025-10-27,0.0886790647478477,0.021395966318558182,test,CNYIDR_RET
2025-10-28,-2.5310692724361967,-0.001409654751092202,test,CNYIDR_RET
2025-10-29,2.627449717445991,0.5646555767727435,test,CNYIDR_RET
2025-10-30,-0.00148185056679846,-0.5499775369814276,test,CNYIDR_RET
2025-10-31,-2.6711033711254024,0.01807197204396305,test,CNYIDR_RET
2025-11-03,2.8290105393044165,0.5949136108635074,test,CNYIDR_RET
2025-11-04,-0.702920468945859,-0.5935300308114518,test,CNYIDR_RET
2025-11-05,0.9879844071209638,0.16963615409791574,test,CNYIDR_RET
2025-11-06,-0.1786049893537277,-0.1957281240542362,test,CNYIDR_RET
2025-11-07,0.2543628581901193,0.05634406449747868,test,CNYIDR_RET
2025-11-10,-0.24649598115955423,-0.03720997708108323,test,CNYIDR_RET
2025-11-11,0.21210286171712417,0.0710136911365997,test,CNYIDR_RET
2025-11-12,0.02935692844880792,-0.02807859818176651,test,CNYIDR_RET
2025-11-13,0.204043339091162,0.011408446263412,test,CNYIDR_RET
2025-11-14,0.04279506417480411,-0.026337127263937523,test,CNYIDR_RET
2025-11-17,-0.05639497003685295,0.00850478513573233,test,CNYIDR_RET
2025-11-18,0.23864491365066157,0.029937389513766635,test,CNYIDR_RET
2025-11-19,-0.06693941077971263,-0.03381370355796662,test,CNYIDR_RET
2025-11-20,-0.2454033141000888,0.032215792063231406,test,CNYIDR_RET
2025-11-21,0.2651337957851439,0.07077759180476097,test,CNYIDR_RET
2025-11-24,-0.5387276033516003,-0.039537320206724874,test,CNYIDR_RET
2025-11-25,0.0979836652175056,0.13415798577237306,test,CNYIDR_RET
2025-11-26,0.18041867938612627,-0.0034201573418697444,test,CNYIDR_RET
2025-11-27,0.00978372904368478,-0.02123240087637254,test,CNYIDR_RET
2025-11-28,-0.06501675948046284,0.015637748557705184,test,CNYIDR_RET
2025-12-01,0.1970211623114164,0.03180035290161358,test,CNYIDR_RET
2025-12-02,-0.10835396273727532,-0.024819802081129803,test,CNYIDR_RET
2025-12-03,0.02946225642366175,0.041164490535357465,test,CNYIDR_RET
2025-12-04,-0.00520837459206192,0.011385687396224146,test,CNYIDR_RET
2025-12-05,0.25296269939524707,0.01887718514599992,test,CNYIDR_RET
2025-12-08,0.1970355044765267,-0.03690743610753254,test,CNYIDR_RET
2025-12-09,-0.00182029279756424,-0.02482290108147976,test,CNYIDR_RET
2025-12-10,-0.03498234667836133,0.018145101350697072,test,CNYIDR_RET
2025-12-11,-0.14804385933390382,0.02531063150540542,test,CNYIDR_RET
2025-12-12,0.14647487687206445,0.049740532053252795,test,CNYIDR_RET
2025-12-15,-0.10041514956260554,-0.013897953457818111,test,CNYIDR_RET
2025-12-16,0.23575416417781964,0.039449102055495164,test,CNYIDR_RET
2025-12-17,0.06802191949321766,-0.03318908143438487,test,CNYIDR_RET
2025-12-18,0.05600874363258152,0.0030538624292460927,test,CNYIDR_RET
2025-12-19,0.20465371323131584,0.005649623662631243,test,CNYIDR_RET
2025-12-22,-0.04584092524915406,-0.026469014580768013,test,CNYIDR_RET
2025-12-23,0.46598333284014576,0.0276569117589135,test,CNYIDR_RET
2025-12-24,0.05559191821747982,-0.08293612232857446,test,CNYIDR_RET
2025-12-25,0,0.0057396897089592586,test,CNYIDR_RET
2025-12-26,0.10809577938748378,0.017751779423827583,test,CNYIDR_RET
2025-12-29,-0.07165420158316191,-0.005605144413939802,test,CNYIDR_RET
2025-12-30,0.491715260855304,0.03323454608240935,test,CNYIDR_RET
2025-12-31,-0.2287097312094892,-0.088496179217516735,test,CNYIDR_RET
2026-01-01,0,0.06717050606686638,test,CNYIDR_RET
2026-01-02,-0.24567828517993748,0.017751779423827583,test,CNYIDR_RET
2026-01-05,0.13283945259122984,0.07083700650722212,test,CNYIDR_RET
2026-01-06,0.33754455513422416,-0.010951662971475828,test,CNYIDR_RET
2026-01-07,0.15429369368051324,-0.05518356098259,test,CNYIDR_RET
2026-01-08,-0.12173264274938374,-0.015587413580416935,test,CNYIDR_RET
2026-01-09,0.5000523265131505,0.0440553046990866,test,CNYIDR_RET
2026-01-12,0.2151325689196211,-0.09029762057539582,test,CNYIDR_RET
2026-01-13,0.2529302697454515,-0.028733245761722346,test,CNYIDR_RET
2026-01-14,-0.17345931154642633,-0.03690042883245989,test,CNYIDR_RET
2026-01-15,0.09003557274189125,0.05523220605749278,test,CNYIDR_RET
2026-01-16,0.30089260861032513,-0.0017027638260415819,test,CNYIDR_RET
2026-01-19,-0.04377378840160625,-0.04726394813262007,test,CNYIDR_RET
2026-01-20,0.3690631671430915,0.027210252710946937,test,CNYIDR_RET
2026-01-21,0.2422356490942618,-0.06199398248410236,test,CNYIDR_RET
2026-01-22,-0.4273235869433533,-0.034589575981043424,test,CNYIDR_RET
2026-01-23,-0.5844700798322455,0.11008623069356097,test,CNYIDR_RET
2026-01-26,-0.29770787096846146,0.14404184567294753,test,CNYIDR_RET
2026-01-27,0.04934185683632028,0.0820793610141165,test,CNYIDR_RET
2026-01-28,-0.35932211412345466,0.007090179140538468,test,CNYIDR_RET
2026-01-29,0.2880550685560941,0.0953927317381865,test,CNYIDR_RET
2026-01-30,0.4248445714511917,-0.04449006142760703,test,CNYIDR_RET
2026-02-02,-0.16185060336234247,-0.07404701563091608,test,CNYIDR_RET
2026-02-03,0.06764168529579047,0.0527238406574103,test,CNYIDR_RET
2026-02-04,0.1274649084710631,0.0031360219847823556,test,CNYIDR_RET
2026-02-05,0.2443459006476875,-0.009790351971279733,test,CNYIDR_RET
2026-02-06,0.4730268242047438,-0.035045551090258475,test,CNYIDR_RET
2026-02-09,-0.23028795027323132,-0.08445805308560399,test,CNYIDR_RET
2026-02-10,-0.03999697160921151,0.06751152162436562,test,CNYIDR_RET
2026-02-11,0.05759853778421741,0.02639417253955609,test,CNYIDR_RET
2026-02-12,0.06723825375424446,0.0053061070042760596,test,CNYIDR_RET
2026-02-13,0.26941240529971733,0.0032231939339836795,test,CNYIDR_RET
2026-02-16,-0.01274495982267339,-0.04046182583617418,test,CNYIDR_RET
2026-02-17,-0.1159585917158241,0.020505661745416688,test,CNYIDR_RET
2026-02-18,0.19853656526303953,0.042807669768375786,test,CNYIDR_RET
2026-02-19,0.4461575184721957,-0.025147244572641992,test,CNYIDR_RET
2026-02-20,-0.16771872757091535,-0.07865223595634167,test,CNYIDR_RET
2026-02-23,-0.25824848590168414,0.053991802561074276,test,CNYIDR_RET
2026-02-24,-0.2324059333157868,0.0735531275486444,test,CNYIDR_RET
2026-02-25,0.4354603222289029,0.06796916732427145,test,CNYIDR_RET
2026-02-26,-0.19706165883252147,-0.07634082658080438,test,CNYIDR_RET
2026-02-27,0.4080581226687969,0.060332111262650964,test,CNYIDR_RET
2026-03-02,0.02606686251185979,-0.07041986378522268,test,CNYIDR_RET
2026-03-03,0.0532639910378718,0.012119351165952794,test,CNYIDR_RET
2026-03-04,-0.04893595719218779,0.006242699337476438,test,CNYIDR_RET
2026-03-05,-0.156925232769142,0.02832567445971943,test,CNYIDR_RET
2026-03-06,0.28479779764097163,0.05165958536020965,test,CNYIDR_RET
2026-03-09,0.06989718334756345,-0.04378624274833398,test,CNYIDR_RET
2026-03-10,-0.4330343952876687,0.002648662566033447,test,CNYIDR_RET
2026-03-11,0.29889599782884707,0.11132020038512605,test,CNYIDR_RET
2026-03-12,0.3498038347164667,-0.04683252808809196,test,CNYIDR_RET
2026-03-13,0.09253695882801236,-0.057832499369739374,test,CNYIDR_RET
2026-03-16,-0.134727553668076,-0.0022432537936743664,test,CNYIDR_RET
2026-03-17,-0.8517702779814526,0.04686319550043283,test,CNYIDR_RET
2026-03-18,1.1071831564276924,0.20179905326577294,test,CNYIDR_RET
2026-03-19,0.6130947842316486,-0.22148413529621402,test,CNYIDR_RET
2026-03-20,-1.135910171971278,-0.11472340380510368,test,CNYIDR_RET
2026-03-23,0.46079408973052305,0.2631949181256002,test,CNYIDR_RET
2026-03-24,-0.4741865691123968,-0.0818148504641787,test,CNYIDR_RET
2026-03-25,-0.5741788941374253,0.1202122051907645,test,CNYIDR_RET
2026-03-26,-0.417789514113558,0.1418181655085944,test,CNYIDR_RET
2026-03-27,0.9012884098501972,0.10802614459018957,test,CNYIDR_RET
2026-03-30,0.1817616877096965,-0.17699518353827143,test,CNYIDR_RET
2026-03-31,0.10255613613612712,-0.02152259299400067,test,CNYIDR_RET
2026-04-01,0.02206341106824484,-0.00440815942300387,test,CNYIDR_RET
2026-04-02,0.2717003408046629,0.012984401688614934,test,CNYIDR_RET
2026-04-03,0.3404931997567083,-0.04095619421611968,test,CNYIDR_RET
2023-01-04,0.04377849761186381,-0.07114326000575673,val,INRIDR_RET
2023-01-05,0.06828651072201677,-0.012042352763519542,val,INRIDR_RET
2023-01-06,0.4106243729397581,-0.017319575471188245,val,INRIDR_RET
2023-01-09,0.3375120815157225,-0.0910339615403635,val,INRIDR_RET
2023-01-10,-0.0295620581444998,-0.07529095361971021,val,INRIDR_RET
2023-01-11,0.33404998334320024,0.0037498064984725016,val,INRIDR_RET
2023-01-12,-0.7358043733784635,-0.07454547241688501,val,INRIDR_RET
2023-01-13,-0.9481003622793156,0.15582243541041,val,INRIDR_RET
2023-01-16,-0.5777311255775688,0.20153537053653156,val,INRIDR_RET
2023-01-17,-0.6770728540000006,0.12178508897108385,val,INRIDR_RET
2023-01-18,0.6848195266632703,0.143175987641394,val,INRIDR_RET
2023-01-19,-0.32640652247474383,-0.15007542218667688,val,INRIDR_RET
2023-01-20,0.5388618210526237,0.0676682620978109,val,INRIDR_RET
2023-01-23,-0.23838492680075116,-0.11864687206530312,val,INRIDR_RET
2023-01-24,-0.95561765464222,0.04871488707845471,val,INRIDR_RET
2023-01-25,-0.4834400220505368,0.203154042184021,val,INRIDR_RET
2023-01-26,0.00924145655857291,0.10148172327483106,val,INRIDR_RET
2023-01-27,0.09613260241869258,-0.0046056153795898756,val,INRIDR_RET
2023-01-30,0.10933877742253922,-0.023315574688303288,val,INRIDR_RET
2023-01-31,0.07601419843917706,-0.02615921306480126,val,INRIDR_RET
2023-02-01,-0.25947363625539865,-0.018983550796951246,val,INRIDR_RET
2023-02-02,-0.838265003385359,0.05325584337341398,val,INRIDR_RET
2023-02-03,-0.23500815008911605,0.1778849159911157,val,INRIDR_RET
2023-02-06,1.101183861381864,0.047987777840293525,val,INRIDR_RET
2023-02-07,0.1592783299903137,-0.23972966351438693,val,INRIDR_RET
2023-02-08,-0.33346281626619995,-0.03691251810168719,val,INRIDR_RET
2023-02-09,-0.09862207869804934,0.06918766857359851,val,INRIDR_RET
2023-02-10,0.30493968142083844,0.018620253442467316,val,INRIDR_RET
2023-02-13,0.30282657516114014,-0.06827725533860465,val,INRIDR_RET
2023-02-14,0.08728461601407686,-0.06782224773406012,val,INRIDR_RET
2023-02-15,-0.537193901200333,-0.021410369457601067,val,INRIDR_RET
2023-02-16,0.36089800176288694,0.11305635359674265,val,INRIDR_RET
2023-02-17,-0.39681218810196106,-0.08032656008904653,val,INRIDR_RET
2023-02-20,0.03640850182500951,0.08282846197719483,val,INRIDR_RET
2023-02-21,0.09621870434390913,-0.010455397960329155,val,INRIDR_RET
2023-02-22,0.2661350743438604,-0.023334114707556766,val,INRIDR_RET
2023-02-23,-0.23825122138019464,-0.05992159824358069,val,INRIDR_RET
2023-02-24,0.3812062962703347,0.04868609676900253,val,INRIDR_RET
2023-02-27,-0.04946304553228999,-0.0846994724278411,val,INRIDR_RET
2023-02-28,0.00161826709812675,0.008035014853627464,val,INRIDR_RET
2023-03-01,0.2237073531949828,-0.002964141289270356,val,INRIDR_RET
2023-03-02,0.28080771088544704,-0.050785788968664924,val,INRIDR_RET
2023-03-03,0.5948580903461653,-0.06308100453207141,val,INRIDR_RET
2023-03-06,0.34647782922286985,-0.13070434822758698,val,INRIDR_RET
2023-03-07,0.45968515498110246,-0.0772215159700211,val,INRIDR_RET
2023-03-08,0.2834941032031942,-0.10159804406638885,val,INRIDR_RET
2023-03-09,0.21841386980759897,-0.06365945577074196,val,INRIDR_RET
2023-03-10,0.18636851938730317,-0.0496459621451271,val,INRIDR_RET
2023-03-13,-0.03226873457450102,-0.04274575158325466,val,INRIDR_RET
2023-03-14,-0.9708552740467588,0.004332625442403815,val,INRIDR_RET
2023-03-15,-0.10382016713875906,0.20643510420936864,val,INRIDR_RET
2023-03-16,0.1957846153551896,0.019739539213716534,val,INRIDR_RET
2023-03-17,-0.2565504203416174,-0.04477328581199769,val,INRIDR_RET
2023-03-20,-0.2387575351852048,0.05262639775779881,val,INRIDR_RET
2023-03-21,-0.1808925905994691,0.048795119507687904,val,INRIDR_RET
2023-03-22,-0.4793734251181528,0.036335268185863245,val,INRIDR_RET
2023-03-23,-0.09850500181851889,0.10060607751856114,val,INRIDR_RET
2023-03-24,-1.0304788856916478,0.018595043697212807,val,INRIDR_RET
2023-03-27,0.5796803023062597,0.21927364301181768,val,INRIDR_RET
2023-03-28,-0.11712924550609156,-0.12743616947574882,val,INRIDR_RET
2023-03-29,-0.24670608969639113,0.022605335403009946,val,INRIDR_RET
2023-03-30,-0.3068793500185672,0.05050665328935533,val,INRIDR_RET
2023-03-31,0.11195766201058276,0.06346354597336883,val,INRIDR_RET
2023-04-03,-0.31589946162153293,-0.026723128105758272,val,INRIDR_RET
2023-04-04,-0.43481638565103736,0.06540581430670658,val,INRIDR_RET
2023-04-05,0.3196654929916624,0.09101176975458572,val,INRIDR_RET
2023-04-06,0.18752774777968376,-0.07144811161573833,val,INRIDR_RET
2023-04-07,-0.01565247985951633,-0.04299536408216061,val,INRIDR_RET
2023-04-10,-0.23963754196485496,7.547068121090609e-4,val,INRIDR_RET
2023-04-11,0.20723924914644123,0.04898460821652772,val,INRIDR_RET
2023-04-12,-0.3863212085788784,-0.04723977109089531,val,INRIDR_RET
2023-04-13,-0.4684476056385727,0.08056947692132493,val,INRIDR_RET
2023-04-14,-0.35857508938000726,0.09825345993188117,val,INRIDR_RET
2023-04-17,-0.3842958358346006,0.07459500442419269,val,INRIDR_RET
2023-04-18,0.9362283922860228,0.08013336066051029,val,INRIDR_RET
2023-04-19,0.07469120089778682,-0.20421039300664875,val,INRIDR_RET
2023-04-20,0.4936272082073916,-0.018698674473593885,val,INRIDR_RET
2023-04-21,-0.15842077591388068,-0.10890666485199095,val,INRIDR_RET
2023-04-24,-0.6203526923622156,0.031496492793982034,val,INRIDR_RET
2023-04-25,0.9656243586766792,0.1309626383326507,val,INRIDR_RET
2023-04-26,-0.23697127323118153,-0.21054012119201407,val,INRIDR_RET
2023-04-27,-0.3535842773144909,0.048410490117159664,val,INRIDR_RET
2023-04-28,-1.0646824554470335,0.07352035073262357,val,INRIDR_RET
2023-05-01,-0.11828263757628982,0.22663857521522326,val,INRIDR_RET
2023-05-02,0.02138217098916393,0.022853691187558377,val,INRIDR_RET
2023-05-03,0.5456743417603904,-0.007219831945921562,val,INRIDR_RET
2023-05-04,-0.4908337110897114,-0.12011378775585317,val,INRIDR_RET
2023-05-05,0.21090345487903792,0.10307377986120562,val,INRIDR_RET
2023-05-08,-0.23468190635091252,-0.048028771390948945,val,INRIDR_RET
2023-05-09,0.48739339542529625,0.04791752894432043,val,INRIDR_RET
2023-05-10,-0.2727527319579209,-0.10756436026690809,val,INRIDR_RET
2023-05-11,-0.29028714930348387,0.05611518350285211,val,INRIDR_RET
2023-05-12,0.3197100216166722,0.059890806804743166,val,INRIDR_RET
2023-05-15,-0.3080817047542738,-0.07145769980511896,val,INRIDR_RET
2023-05-16,0.2713451913779754,0.06372244471336155,val,INRIDR_RET
2023-05-17,0.5708651312171553,-0.061043474088777326,val,INRIDR_RET
2023-05-18,-0.24444462088089663,-0.12553803024943455,val,INRIDR_RET
2023-05-19,-0.0675645337708229,0.050019699306909964,val,INRIDR_RET
2023-05-22,-0.2035857040932015,0.0119327435004026,val,INRIDR_RET
2023-05-23,-0.11843083784539364,0.041221695057701985,val,INRIDR_RET
2023-05-24,-0.01873679956235825,0.022885602620846834,val,INRIDR_RET
2023-05-25,0.5547906917518566,0.0014188423297616286,val,INRIDR_RET
2023-05-26,0.12678122635829286,-0.12207677875678791,val,INRIDR_RET
2023-05-29,0.05533657550732759,-0.029915033138317466,val,INRIDR_RET
2023-05-30,0.07431459007153217,-0.014531112290976984,val,INRIDR_RET
2023-05-31,8.2042271475167e-4,-0.01861758021289914,val,INRIDR_RET
2023-06-01,0.05405475047724216,-0.002792344315023241,val,INRIDR_RET
2023-06-02,-0.04219679253650899,-0.014255101497053321,val,INRIDR_RET
2023-06-05,0.3468982225225477,0.006470398614169205,val,INRIDR_RET
2023-06-06,-1.0179737932861457,-0.07731203775394704,val,INRIDR_RET
2023-06-07,0.1441380955860003,0.21658096624086912,val,INRIDR_RET
2023-06-08,-0.00796707139906443,-0.03365242563973359,val,INRIDR_RET
2023-06-09,-0.199362693028026,-9.001646726953959e-4,val,INRIDR_RET
2023-06-12,0.03251968628864554,0.04031236920628697,val,INRIDR_RET
2023-06-13,0.3898229824618121,-0.009618033235486038,val,INRIDR_RET
2023-06-14,0.04004193442372791,-0.08655487261186018,val,INRIDR_RET
2023-06-15,0.5673119655706713,-0.01123777199165351,val,INRIDR_RET
2023-06-16,0.08086404656449417,-0.1247729398135246,val,INRIDR_RET
2023-06-19,0.2053087243127835,-0.02002785122802394,val,INRIDR_RET
2023-06-20,0.4532075410149029,-0.04682407809105452,val,INRIDR_RET
2023-06-21,0.04060708679569982,-0.10020324264530674,val,INRIDR_RET
2023-06-22,-0.4259664978194967,-0.0113594642282807,val,INRIDR_RET
2023-06-23,-0.02645306123177065,0.08910615509643215,val,INRIDR_RET
2023-06-26,0.26763861049701093,0.003080357325576097,val,INRIDR_RET
2023-06-27,0.3199044518843826,-0.060245349299757486,val,INRIDR_RET
2023-06-28,-0.36651665868717265,-0.07149956577847255,val,INRIDR_RET
2023-06-29,-0.04427412738204343,0.07630503410689006,val,INRIDR_RET
2023-06-30,0.4929034777465231,0.006917703688187805,val,INRIDR_RET
2023-07-03,-0.5445933274056061,-0.10875082656329897,val,INRIDR_RET
2023-07-04,0.644250631922425,0.11464964554655026,val,INRIDR_RET
2023-07-05,-0.3755230926759968,-0.14133986734634107,val,INRIDR_RET
2023-07-06,-0.02541652037576094,0.07824435728854987,val,INRIDR_RET
2023-07-07,0.288823294714127,0.0028571626945721375,val,INRIDR_RET
2023-07-10,-0.21924471692277103,-0.06480697149666424,val,INRIDR_RET
2023-07-11,0.6890202883807571,0.044593494220386706,val,INRIDR_RET
2023-07-12,-0.2377592563217357,-0.15097995716572188,val,INRIDR_RET
2023-07-13,-1.0367572174767248,0.04858016369453378,val,INRIDR_RET
2023-07-14,0.13865984057957229,0.22062553371440427,val,INRIDR_RET
2023-07-17,-0.07612141561274896,-0.03247281260507494,val,INRIDR_RET
2023-07-18,0.22898483086542512,0.013775266227973003,val,INRIDR_RET
2023-07-19,0.00654071905581162,-0.05192216933848508,val,INRIDR_RET
2023-07-20,0.05672563258206919,-0.004024075243595743,val,INRIDR_RET
2023-07-21,0.3708728787616379,-0.014830212977112879,val,INRIDR_RET
2023-07-24,-0.11055671530740946,-0.08247441463634982,val,INRIDR_RET
2023-07-25,0.2383171935723812,0.021190096009451983,val,INRIDR_RET
2023-07-26,-0.09609781700457772,-0.053931673583973945,val,INRIDR_RET
2023-07-27,-0.1974378576180678,0.018076713210584208,val,INRIDR_RET
2023-07-28,0.09864621578522945,0.03989790128967939,val,INRIDR_RET
2023-07-31,0.10195200515027145,-0.02385682205407578,val,INRIDR_RET
2023-08-01,0.1296994521459388,-0.024568645841078006,val,INRIDR_RET
2023-08-02,0.08865663503621597,-0.030543404247939963,val,INRIDR_RET
2023-08-03,0.07023249403696713,-0.021705801400877873,val,INRIDR_RET
2023-08-04,-0.4500290252390805,-0.01773859709045391,val,INRIDR_RET
2023-08-07,0.12076247075844825,0.09428745296549208,val,INRIDR_RET
2023-08-08,0.38995094965764093,-0.028619036046237816,val,INRIDR_RET
2023-08-09,-0.2797418187047804,-0.08658242732992849,val,INRIDR_RET
2023-08-10,-0.02702535100455071,0.05762011852637361,val,INRIDR_RET
2023-08-11,0.42153321692956464,0.00320358643316256,val,INRIDR_RET
2023-08-14,0.2618137087763239,-0.09338292385561431,val,INRIDR_RET
2023-08-15,-0.20894973571793157,-0.058991094069348216,val,INRIDR_RET
2023-08-16,-0.1844761468653171,0.04237671278057695,val,INRIDR_RET
2023-08-17,0.27784100135248935,0.03710690252502177,val,INRIDR_RET
2023-08-18,0.1700292256588335,-0.0624421935911757,val,INRIDR_RET
2023-08-21,-0.6345590090448652,-0.03922746997047765,val,INRIDR_RET
2023-08-22,0.33205369201166274,0.1340216336356585,val,INRIDR_RET
2023-08-23,0.03597212767201835,-0.07411561815254451,val,INRIDR_RET
2023-08-24,0.4887201942669761,-0.010361435076481563,val,INRIDR_RET
2023-08-25,-0.4780008246635407,-0.10785005511064559,val,INRIDR_RET
2023-08-28,0.29332638535378835,0.10031052037751186,val,INRIDR_RET
2023-08-29,-0.24570861127824417,-0.0657766058799781,val,INRIDR_RET
2023-08-30,-0.14921859579819602,0.05029186983322629,val,INRIDR_RET
2023-08-31,-0.12080675417462051,0.029515020299729505,val,INRIDR_RET
2023-09-01,0.1202968322785503,0.023397200176624323,val,INRIDR_RET
2023-09-04,-0.00452011012068576,-0.028518771779663558,val,INRIDR_RET
2023-09-05,-0.08484995176442327,-0.001642386502305031,val,INRIDR_RET
2023-09-06,0.04123899187910903,0.015654750663422423,val,INRIDR_RET
2023-09-07,0.04212769316744137,-0.011495530087241614,val,INRIDR_RET
2023-09-08,0.0582147939879858,-0.011686890953503719,val,INRIDR_RET
2023-09-11,0.09627876005689676,-0.015150868770439162,val,INRIDR_RET
2023-09-12,0.243695547221497,-0.023347046289194134,val,INRIDR_RET
2023-09-13,0.19333609314623787,-0.05508977521707731,val,INRIDR_RET
2023-09-14,-0.0949192059253124,-0.04424605429211743,val,INRIDR_RET
2023-09-15,0.16292531899629825,0.01782292710711456,val,INRIDR_RET
2023-09-18,-0.38802559629109046,-0.037697811185647016,val,INRIDR_RET
2023-09-19,-0.00151191856605101,0.08093647662452938,val,INRIDR_RET
2023-09-20,0.12073391465088908,-0.00229012961839465,val,INRIDR_RET
2023-09-21,-0.02296604477381816,-0.02861288716184737,val,INRIDR_RET
2023-09-22,0.4926306687895275,0.0023295105575735922,val,INRIDR_RET
2023-09-25,-0.31194321956261517,-0.10869208358743056,val,INRIDR_RET
2023-09-26,0.17601726296990317,0.06455393087019472,val,INRIDR_RET
2023-09-27,0.2444735576641728,-0.040516852603427744,val,INRIDR_RET
2023-09-28,0.5806201096326848,-0.05525730141989263,val,INRIDR_RET
2023-09-29,-0.5763609288847265,-0.1276385348221991,val,INRIDR_RET
2023-10-02,0.02217992549199289,0.12149004942344935,val,INRIDR_RET
2023-10-03,0.04906184568032821,-0.007391609566512514,val,INRIDR_RET
2023-10-04,0.8364357463491182,-0.013179997185125775,val,INRIDR_RET
2023-10-05,-0.4626163890056095,-0.1827223998825383,val,INRIDR_RET
2023-10-06,0.5260960319548942,0.09699784493402316,val,INRIDR_RET
2023-10-09,-0.05870713538730503,-0.11589806040908857,val,INRIDR_RET
2023-10-10,0.389837447635448,0.010025511621984659,val,INRIDR_RET
2023-10-11,0.19658079713888496,-0.08655798734590404,val,INRIDR_RET
2023-10-12,-0.12356050116064218,-0.044944724784609,val,INRIDR_RET
2023-10-13,0.23936140768082,0.023990154654838943,val,INRIDR_RET
2023-10-16,-0.4249864242860421,-0.054156520468948005,val,INRIDR_RET
2023-10-17,0.0930931415690629,0.0888951193718026,val,INRIDR_RET
2023-10-18,0.2609700382410423,-0.022661098466887734,val,INRIDR_RET
2023-10-19,0.49459107593706936,-0.05880942951389984,val,INRIDR_RET
2023-10-20,0.4853623038817008,-0.10911421103892102,val,INRIDR_RET
2023-10-23,0.03055026698074612,-0.10712701259751357,val,INRIDR_RET
2023-10-24,0.19472716199146103,-0.009193965227775432,val,INRIDR_RET
2023-10-25,0.01231420790772279,-0.04454558816558762,val,INRIDR_RET
2023-10-26,-0.1606574462765458,-0.005267259925064504,val,INRIDR_RET
2023-10-27,0.13334107497217515,0.03197810701437496,val,INRIDR_RET
2023-10-30,-0.2607464750039036,-0.03132754185162918,val,INRIDR_RET
2023-10-31,-0.2409040952984676,0.05352991918350191,val,INRIDR_RET
2023-11-01,-0.5738170115058341,0.04925733061073295,val,INRIDR_RET
2023-11-02,-1.31949493321265,0.12094227680320531,val,INRIDR_RET
2023-11-03,1.920833202379472,0.28150643365067374,val,INRIDR_RET
2023-11-06,-1.522206846603036,-0.41622182120979573,val,INRIDR_RET
2023-11-07,-0.15497385203001782,0.32515566411462954,val,INRIDR_RET
2023-11-08,0.4596982304372784,0.030754279016399596,val,INRIDR_RET
2023-11-09,-0.15856064720864432,-0.1016008595575482,val,INRIDR_RET
2023-11-10,0.5015578454208799,0.03152661077904921,val,INRIDR_RET
2023-11-13,-0.170955897405706,-0.11061434056610116,val,INRIDR_RET
2023-11-14,0.01960544178585465,0.03419563562056401,val,INRIDR_RET
2023-11-15,-2.2346716856211843,-0.006837255208470839,val,INRIDR_RET
2023-11-16,1.097974438095957,0.47856816679215203,val,INRIDR_RET
2023-11-17,-0.00342408108046218,-0.23903858989014878,val,INRIDR_RET
2023-11-20,-0.6954744483820335,-0.0018783905110076405,val,INRIDR_RET
2023-11-21,-0.14926280033295802,0.14713833706946508,val,INRIDR_RET
2023-11-22,0.74373365630766,0.029524538703917535,val,INRIDR_RET
2023-11-23,0.4739326985983931,-0.16276119077038606,val,INRIDR_RET
2023-11-24,-0.512540108446284,-0.10466591661761245,val,INRIDR_RET
2023-11-27,0.4540179285171201,0.107747740680344,val,INRIDR_RET
2023-11-28,-0.66271163428674,-0.10037774048442123,val,INRIDR_RET
2023-11-29,-1.4149612644234038,0.14008363762346285,val,INRIDR_RET
2023-11-30,1.0705531241542448,0.30206285691594864,val,INRIDR_RET
2023-12-01,0.8924884882121614,-0.23313405654601702,val,INRIDR_RET
2023-12-04,-0.5612302919535209,-0.19479203608100276,val,INRIDR_RET
2023-12-05,0.29474717838200165,0.1182320235510146,val,INRIDR_RET
2023-12-06,-0.28472489502967746,-0.06608254015533879,val,INRIDR_RET
2023-12-07,0.1802682718365586,0.058693106508614375,val,INRIDR_RET
2023-12-08,0.05074516049131685,-0.041432207121184284,val,INRIDR_RET
2023-12-11,0.29745656541029697,-0.013542459335965096,val,INRIDR_RET
2023-12-12,0.6601369492358197,-0.06666594276269498,val,INRIDR_RET
2023-12-13,-0.5627238325255093,-0.14476061116962335,val,INRIDR_RET
2023-12-14,-1.773593894401981,0.11855362229449072,val,INRIDR_RET
2023-12-15,1.2420210092874957,0.37928593698072355,val,INRIDR_RET
2023-12-18,-0.8980555995614184,-0.2700556222802159,val,INRIDR_RET
2023-12-19,1.0329244876646682,0.19075941097474355,val,INRIDR_RET
2023-12-20,0.02746532780328458,-0.2250316169868044,val,INRIDR_RET
2023-12-21,0.19569867259133503,-0.00852969632087116,val,INRIDR_RET
2023-12-22,-0.3409309335662845,-0.044754780064390376,val,INRIDR_RET
2023-12-25,-0.23985081106521877,0.07079575153089107,val,INRIDR_RET
2023-12-26,0.32035073864186264,0.049030530688260764,val,INRIDR_RET
2023-12-27,-0.40147462420889146,-0.07159566310795087,val,INRIDR_RET
2023-12-28,-0.2768860239309697,0.08383240764941069,val,INRIDR_RET
2023-12-29,1.503608736382383,0.05700519046341482,val,INRIDR_RET
2024-01-01,-1.4155924646687588,-0.3263823708937418,val,INRIDR_RET
2024-01-02,0.05462107110816612,0.30219877100465514,val,INRIDR_RET
2024-01-03,0.6794305079877048,-0.014377045290697492,val,INRIDR_RET
2024-01-04,0.2937589678241726,-0.14891502409161614,val,INRIDR_RET
2024-01-05,-0.19020851274089784,-0.06586975231438676,val,INRIDR_RET
2024-01-08,-0.1567260483942232,0.038341232343245504,val,INRIDR_RET
2024-01-09,0.28514541537392696,0.031131573185450307,val,INRIDR_RET
2024-01-10,0.15460082060264668,-0.06401502690764618,val,INRIDR_RET
2024-01-11,0.2588742193679733,-0.03590532675390291,val,INRIDR_RET
2024-01-12,-0.05117132296957805,-0.0583581443404176,val,INRIDR_RET
2024-01-15,-0.09734624943631,0.008402852117404675,val,INRIDR_RET
2024-01-16,0.29101994248732116,0.018345533695872687,val,INRIDR_RET
2024-01-17,0.23017098226226035,-0.06527996779617445,val,INRIDR_RET
2024-01-18,-0.11297623428269776,-0.0521775790715376,val,INRIDR_RET
2024-01-19,-0.04935308409096593,0.02171108236687878,val,INRIDR_RET
2024-01-22,-0.03435221393322149,0.008011337250203834,val,INRIDR_RET
2024-01-23,0.3843457776725008,0.00478125359244523,val,INRIDR_RET
2024-01-24,0.22746221226315963,-0.08537548571669276,val,INRIDR_RET
2024-01-25,0.14568230019053582,-0.05159430932686849,val,INRIDR_RET
2024-01-26,0.5348806509621258,-0.03398493368792643,val,INRIDR_RET
2024-01-29,-0.22606114137759792,-0.1177896209650104,val,INRIDR_RET
2024-01-30,0.3440854564486273,0.04606125049081316,val,INRIDR_RET
2024-01-31,-0.21983846035496,-0.07670637490686363,val,INRIDR_RET
2024-02-01,-0.0338816153812656,0.04472134286763501,val,INRIDR_RET
2024-02-02,-0.12123558875545584,0.004679921291315163,val,INRIDR_RET
2024-02-05,-0.07879324701147786,0.023489539591396394,val,INRIDR_RET
2024-02-06,-0.2255840715114797,0.014350582116089333,val,INRIDR_RET
2024-02-07,0.17658214812760184,0.045958524744776214,val,INRIDR_RET
2024-02-08,-0.4782782989174228,-0.04063848730176228,val,INRIDR_RET
2024-02-09,0.11786170056021404,0.1003702679150539,val,INRIDR_RET
2024-02-12,-0.4338005863857963,-0.027994423586180477,val,INRIDR_RET
2024-02-13,-0.0893903250294492,0.090793041336053,val,INRIDR_RET
2024-02-14,0.4233005052509069,0.01663241298095891,val,INRIDR_RET
2024-02-15,-0.6566250373302116,-0.09376346772175584,val,INRIDR_RET
2024-02-16,0.8019224552467695,0.13877303249496664,val,INRIDR_RET
2024-02-19,-0.2850245891125016,-0.17529077649050406,val,INRIDR_RET
2024-02-20,0.02851993532300477,0.05875763856236044,val,INRIDR_RET
2024-02-21,0.4039680587724936,-0.008756781181880965,val,INRIDR_RET
2024-02-22,-0.2532640334376615,-0.08960068124485422,val,INRIDR_RET
2024-02-23,-0.26609089546080794,0.05191875183326826,val,INRIDR_RET
2024-02-26,-0.02365318195992985,0.05468071410383027,val,INRIDR_RET
2024-02-27,0.37159740843245503,0.002477469347440975,val,INRIDR_RET
2024-02-28,-0.02336520825362408,-0.08263042501605833,val,INRIDR_RET
2024-02-29,0.4212535431990308,0.0024154610004037047,val,INRIDR_RET
2024-03-01,-0.05039083848462927,-0.09332270271264045,val,INRIDR_RET
2024-03-04,5.0669357713047e-4,0.00823479318792546,val,INRIDR_RET
2024-03-05,0.3934002471717102,-0.002724790143182765,val,INRIDR_RET
2024-03-06,-0.06101536139158412,-0.08732515221280406,val,INRIDR_RET
2024-03-07,-0.4522149818252697,0.010522533662468504,val,INRIDR_RET
2024-03-08,-0.21973142707952764,0.09475814716998623,val,INRIDR_RET
2024-03-11,-0.5434556980500188,0.04469829577568801,val,INRIDR_RET
2024-03-12,-0.14951185228503278,0.1144046838908978,val,INRIDR_RET
2024-03-13,0.11167852860483152,0.02957816616898257,val,INRIDR_RET
2024-03-14,0.1847749695183628,-0.026663023308985127,val,INRIDR_RET
2024-03-15,0.19668348886269085,-0.04240261819596711,val,INRIDR_RET
2024-03-18,0.15197068384145196,-0.04496683702578998,val,INRIDR_RET
2024-03-19,0.6914120672682769,-0.03533898882279167,val,INRIDR_RET
2024-03-20,-0.3744645909624536,-0.15149497034937784,val,INRIDR_RET
2024-03-21,-0.21211953458362445,0.07801643390472801,val,INRIDR_RET
2024-03-22,0.02553145226469391,0.04305925422029273,val,INRIDR_RET
2024-03-25,0.06181350725814786,-0.00811328182573496,val,INRIDR_RET
2024-03-26,0.0932361876592735,-0.015925766813064266,val,INRIDR_RET
2024-03-27,0.36460499685609826,-0.022691900069290578,val,INRIDR_RET
2024-03-28,0.28570503031732214,-0.08112477406890632,val,INRIDR_RET
2024-03-29,-0.03358145208109576,-0.0641355267896057,val,INRIDR_RET
2024-04-01,-0.14900177085256447,0.004615288202678172,val,INRIDR_RET
2024-04-02,0.5613710535539803,0.029468332160567306,val,INRIDR_RET
2024-04-03,0.12891394556415603,-0.12349370450147248,val,INRIDR_RET
2024-04-04,-0.14674045984275286,-0.030374263928332007,val,INRIDR_RET
2024-04-05,-0.3231224638587427,0.028981412157854585,val,INRIDR_RET
2024-04-08,0.06919303610912693,0.06696111751518881,val,INRIDR_RET
2024-04-09,0.26537002305150004,-0.01751477433681779,val,INRIDR_RET
2024-04-10,-0.10716371928599178,-0.059756862488200224,val,INRIDR_RET
2024-04-11,0.43803184423693514,0.02045949432539147,val,INRIDR_RET
2024-04-12,0.13102668036578338,-0.09693551419741354,val,INRIDR_RET
2024-04-15,0.3340034286687553,-0.030829191548140195,val,INRIDR_RET
2024-04-16,-0.09791671342822884,-0.07453544796553416,val,INRIDR_RET
2024-04-17,1.271583135686538,0.01846836966460384,val,INRIDR_RET
2024-04-18,-0.32092379508885954,-0.2764211291052212,val,INRIDR_RET
2024-04-19,-0.0993755677819053,0.0664876860416981,val,INRIDR_RET
2024-04-22,0.13151378336692313,0.01878249954889109,val,INRIDR_RET
2024-04-23,0.21890975749875147,-0.030934077693215878,val,INRIDR_RET
2024-04-24,-0.5298907311109373,-0.04975273986604807,val,INRIDR_RET
2024-04-25,0.4244244717447708,0.11148378813170463,val,INRIDR_RET
2024-04-26,-0.06447438303419184,-0.09400548740231576,val,INRIDR_RET
2024-04-29,-0.11439430897246676,0.01126735240712328,val,INRIDR_RET
2024-04-30,0.20653069378593664,0.022016431312155742,val,INRIDR_RET
2024-05-01,0.10939941136395072,-0.047087200402227525,val,INRIDR_RET
2024-05-02,-0.39864266413044736,-0.026172269154294683,val,INRIDR_RET
2024-05-03,-0.5784389752640956,0.08322261182606076,val,INRIDR_RET
2024-05-06,-0.09277926419192392,0.1219375077095008,val,INRIDR_RET
2024-05-07,-0.3790616811920825,0.01736214111610955,val,INRIDR_RET
2024-05-08,0.24641104806430317,0.07900630888316718,val,INRIDR_RET
2024-05-09,0.01293062128348138,-0.05567449429022051,val,INRIDR_RET
2024-05-10,-0.2682315407353784,-0.005399990010087853,val,INRIDR_RET
2024-05-13,-0.02844493578455909,0.05514165158583884,val,INRIDR_RET
2024-05-14,0.5392987655876026,0.0035092605407636207,val,INRIDR_RET
2024-05-15,-0.1403190050825351,-0.11874095776746178,val,INRIDR_RET
2024-05-16,-1.0317281567120669,0.02759870329750842,val,INRIDR_RET
2024-05-17,0.02760505659586224,0.21954264406740534,val,INRIDR_RET
2024-05-20,0.37410810528577176,-0.008559783621452884,val,INRIDR_RET
2024-05-21,0.4388790971814139,-0.08317104437948222,val,INRIDR_RET
2024-05-22,-0.1644785251334702,-0.0971179501402069,val,INRIDR_RET
2024-05-23,0.2824843570881111,0.032800886242577695,val,INRIDR_RET
2024-05-24,0.31476243855228336,-0.06344203075535836,val,INRIDR_RET
2024-05-27,-0.07318193300201938,-0.07039235445957344,val,INRIDR_RET
2024-05-28,0.09303557177949702,0.013142317962749773,val,INRIDR_RET
2024-05-29,0.21272470013079509,-0.022648702170239482,val,INRIDR_RET
2024-05-30,0.5205798321977222,-0.04842093360971425,val,INRIDR_RET
2024-05-31,0.02837498912524005,-0.1147102768671202,val,INRIDR_RET
2024-06-03,-0.06338940736466096,-0.00872557043612217,val,INRIDR_RET
2024-06-04,0.1826311765667316,0.011033728481153353,val,INRIDR_RET
2024-06-05,-0.19346740183027752,-0.04194100293592787,val,INRIDR_RET
2024-06-06,0.5370411527458697,0.03904295726182422,val,INRIDR_RET
2024-06-07,-0.5609271187381306,-0.1182548340780395,val,INRIDR_RET
2024-06-10,0.10881556280605288,0.11816674234811073,val,INRIDR_RET
2024-06-11,0.25518065249209604,-0.026046551134897115,val,INRIDR_RET
2024-06-12,-0.120647151195278,-0.057562821810514204,val,INRIDR_RET
2024-06-13,-0.38870678458931335,0.023362833438569618,val,INRIDR_RET
2024-06-14,0.3590512811018021,0.08108315446166872,val,INRIDR_RET
2024-06-17,1.1480091115139086,-0.07992891234160998,val,INRIDR_RET
2024-06-18,0.0444606159866805,-0.24981237695910605,val,INRIDR_RET
2024-06-19,-0.4456924469468778,-0.012189230870721528,val,INRIDR_RET
2024-06-20,-0.04283963856528166,0.09335367308972914,val,INRIDR_RET
2024-06-21,0.4572784803082695,0.006608820347719217,val,INRIDR_RET
2024-06-24,-0.25017086939987654,-0.10107982342661843,val,INRIDR_RET
2024-06-25,-0.1755818804950588,0.05125271189664113,val,INRIDR_RET
2024-06-26,0.0969814788810996,0.035191731995031464,val,INRIDR_RET
2024-06-27,0.0024338047020595,-0.02349836021739883,val,INRIDR_RET
2024-06-28,-0.2082572015776793,-0.0031397480813464018,val,INRIDR_RET
2024-07-01,-0.09196396018222788,0.04222759188389923,val,INRIDR_RET
2024-07-02,0.1986886573416259,0.01718658462304407,val,INRIDR_RET
2024-07-03,-0.03919432707243436,-0.04539860277449336,val,INRIDR_RET
2024-07-04,-0.32612528576673483,0.0058238884766566015,val,INRIDR_RET
2024-07-05,-0.07303591337751457,0.06760770440449385,val,INRIDR_RET
2024-07-08,-0.48717204235025136,0.013110876079854634,val,INRIDR_RET
2024-07-09,0.21538745857390143,0.10228532584279995,val,INRIDR_RET
2024-07-10,-0.04362900313696866,-0.04899429585078373,val,INRIDR_RET
2024-07-11,-0.4900104864591184,0.006778791394479026,val,INRIDR_RET
2024-07-12,-0.6090704072937383,0.1028965178492036,val,INRIDR_RET
2024-07-15,0.02267963421987192,0.12853326428710254,val,INRIDR_RET
2024-07-16,0.4581055292537772,-0.007499210057589899,val,INRIDR_RET
2024-07-17,-0.06652598941204024,-0.10125790891465739,val,INRIDR_RET
2024-07-18,-0.26750668504129743,0.011709117462320444,val,INRIDR_RET
2024-07-19,0.1685958625016713,0.05498557100470832,val,INRIDR_RET
2024-07-22,0.06276217919627754,-0.03891882901426002,val,INRIDR_RET
2024-07-23,0.15807161879835488,-0.01613004094461155,val,INRIDR_RET
2024-07-24,-0.031322965427749,-0.03665268130156875,val,INRIDR_RET
2024-07-25,0.10460840656436918,0.004128976358529912,val,INRIDR_RET
2024-07-26,0.5699118076379569,-0.025140639245853538,val,INRIDR_RET
2024-07-29,-0.3242726558372019,-0.12533275449667194,val,INRIDR_RET
2024-07-30,0.08766495162510349,0.06720878423544156,val,INRIDR_RET
2024-07-31,0.17800217095105378,-0.0214922657628635,val,INRIDR_RET
2024-08-01,-0.4258268955687429,-0.040944255731689555,val,INRIDR_RET
2024-08-02,0.1286515016014455,0.08907609504364826,val,INRIDR_RET
2024-08-05,-1.6557663266397653,-0.03031775280956927,val,INRIDR_RET
2024-08-06,0.8979347201848249,0.35391454871724404,val,INRIDR_RET
2024-08-07,-0.2636214169265337,-0.19596475371046512,val,INRIDR_RET
2024-08-08,-0.8126599610295167,0.054148970133456195,val,INRIDR_RET
2024-08-09,-0.33048224901046763,0.17237147390408283,val,INRIDR_RET
2024-08-12,-0.3357981063396822,0.0685458736988778,val,INRIDR_RET
2024-08-13,0.2664407131162718,0.06969051822319611,val,INRIDR_RET
2024-08-14,-1.2530190488203885,-0.05998741034604955,val,INRIDR_RET
2024-08-15,-0.9323057942541656,0.2671924194933257,val,INRIDR_RET
2024-08-16,0.8913884849810723,0.19813438275896222,val,INRIDR_RET
2024-08-19,-0.3883325502798749,-0.19455517632401137,val,INRIDR_RET
2024-08-20,-1.0121011294941993,0.08100257192783047,test,INRIDR_RET
2024-08-21,-0.40483948489131216,0.21531642657467626,test,INRIDR_RET
2024-08-22,0.14135942423610537,0.08455695105166862,test,INRIDR_RET
2024-08-23,1.5047510623241578,-0.0330541042874923,test,INRIDR_RET
2024-08-26,-2.1076707187244215,-0.32662834384848105,test,INRIDR_RET
2024-08-27,0.4704624003513778,0.45122150334003286,test,INRIDR_RET
2024-08-28,-0.01607652845096933,-0.1039186697221085,test,INRIDR_RET
2024-08-29,-0.19906852818220624,8.460156769245302e-4,test,INRIDR_RET
2024-08-30,0.08636712618532395,0.040249027743346634,test,INRIDR_RET
2024-09-02,0.555245852160972,-0.02121280965801274,test,INRIDR_RET
2024-09-03,-0.10725819878110636,-0.12217478681789917,test,INRIDR_RET
2024-09-04,0.05504069374921613,0.020479838256773696,test,INRIDR_RET
2024-09-05,-0.609731647100765,-0.014467401131460597,test,INRIDR_RET
2024-09-06,-0.17887883087524373,0.12867564668706175,test,INRIDR_RET
2024-09-09,-0.07667640124419828,0.03590165251507399,test,INRIDR_RET
2024-09-10,0.33770590617877194,0.013894769296767303,test,INRIDR_RET
2024-09-11,0.20679893861051704,-0.07533268919038065,test,INRIDR_RET
2024-09-12,-0.3489045929610234,-0.04714496059980568,test,INRIDR_RET
2024-09-13,-0.04977578032969107,0.07251269105724133,test,INRIDR_RET
2024-09-16,-0.1072387117056266,0.008102354917748755,test,INRIDR_RET
2024-09-17,-0.05103019686740228,0.020475642174587614,test,INRIDR_RET
2024-09-18,-0.1250499649730791,0.008372463939150507,test,INRIDR_RET
2024-09-19,-0.19815263268052735,0.024310875564278422,test,INRIDR_RET
2024-09-20,-0.580790951739705,0.04005181124449838,test,INRIDR_RET
2024-09-23,-0.1345738945929633,0.12244395038231978,test,INRIDR_RET
2024-09-24,0.04574314896842519,0.026361629227188377,test,INRIDR_RET
2024-09-25,-0.35945906529657323,-0.012465394105341036,test,INRIDR_RET
2024-09-26,0.4627103259620743,0.07478534779307237,test,INRIDR_RET
2024-09-27,-0.8604429111095858,-0.10224944330155375,test,INRIDR_RET
2024-09-30,0.19932637092408456,0.18266040544939352,test,INRIDR_RET
2024-10-01,0.2149387308421276,-0.04553591935675622,test,INRIDR_RET
2024-10-02,0.5380712382659927,-0.048897672915051066,test,INRIDR_RET
2024-10-03,0.3579723405723752,-0.11847663870468145,test,INRIDR_RET
2024-10-04,0.7572272758947923,-0.07969658794074873,test,INRIDR_RET
2024-10-07,1.2189917700114197,-0.165666723559756,test,INRIDR_RET
2024-10-08,0.6746767220288206,-0.2650968186472238,test,INRIDR_RET
2024-10-09,-0.3330454376418763,-0.14789140838287362,test,INRIDR_RET
2024-10-10,-0.14646141033973195,0.06909779592892198,test,INRIDR_RET
2024-10-11,0.03568881925668474,0.028921325427555936,test,INRIDR_RET
2024-10-14,-0.9618072185371256,-0.010300431289844415,test,INRIDR_RET
2024-10-15,0.21309143632853964,0.20448681881466635,test,INRIDR_RET
2024-10-16,0.02679205405201524,-0.048499901602009794,test,INRIDR_RET
2024-10-17,0.0541268146074089,-0.008384722694787863,test,INRIDR_RET
2024-10-18,-0.6022610927127064,-0.01427061880816357,test,INRIDR_RET
2024-10-21,-0.18568411281619365,0.1270670389603422,test,INRIDR_RET
2024-10-22,0.5680612921336284,0.03736700950788509,test,INRIDR_RET
2024-10-23,0.18017994360624745,-0.12493428961922788,test,INRIDR_RET
2024-10-24,0.5123267795257644,-0.04141318771962647,test,INRIDR_RET
2024-10-25,-0.28220405520387387,-0.11293317658680418,test,INRIDR_RET
2024-10-28,0.40141137269391625,0.05815030309524362,test,INRIDR_RET
2024-10-29,0.3737907533351493,-0.08905015918622763,test,INRIDR_RET
2024-10-30,0.149318681749567,-0.08310271012029032,test,INRIDR_RET
2024-10-31,-0.4606163810373262,-0.03476794270831565,test,INRIDR_RET
2024-11-01,0.10858593647022738,0.09656719037960029,test,INRIDR_RET
2024-11-04,0.7675737877922431,-0.025997106518222124,test,INRIDR_RET
2024-11-05,-0.35124066171942697,-0.16789460091909086,test,INRIDR_RET
2024-11-06,-0.7517713020333936,0.07301570837827483,test,INRIDR_RET
2024-11-07,0.8129871952680526,0.15926053698522172,test,INRIDR_RET
2024-11-08,-1.724116564531404,-0.177673307339999,test,INRIDR_RET
2024-11-11,0.4810031646805924,0.3686321607021538,test,INRIDR_RET
2024-11-12,0.7339098118296982,-0.10618837476201935,test,INRIDR_RET
2024-11-13,0.1529086049311649,-0.16064585751498525,test,INRIDR_RET
2024-11-14,0.33575539368394275,-0.03554094801264473,test,INRIDR_RET
2024-11-15,0.4816805827541367,-0.07491269231902922,test,INRIDR_RET
2024-11-18,-0.2683271784430297,-0.10633424077017863,test,INRIDR_RET
2024-11-19,-0.4440234632998124,0.055162244910979416,test,INRIDR_RET
2024-11-20,0.07063587515350989,0.0929942968171021,test,INRIDR_RET
2024-11-21,0.6216548063707394,-0.01782545570190056,test,INRIDR_RET
2024-11-22,-0.7303220569515909,-0.13647438913870633,test,INRIDR_RET
2024-11-25,0.8371866407781146,0.15464194784462965,test,INRIDR_RET
2024-11-26,-0.17440747966106462,-0.1828840872912218,test,INRIDR_RET
2024-11-27,0.22647198565804524,0.034938852468600505,test,INRIDR_RET
2024-11-28,-0.5145563707822992,-0.05138108737767333,test,INRIDR_RET
2024-11-29,0.03061407425243456,0.10818189522956892,test,INRIDR_RET
2024-12-02,-0.4101233010981072,-0.009207704619114711,test,INRIDR_RET
2024-12-03,0.2976488556240932,0.08569469627582532,test,INRIDR_RET
2024-12-04,0.2521309393651838,-0.06670734792590209,test,INRIDR_RET
2024-12-05,-0.23798035090150935,-0.056906138002941524,test,INRIDR_RET
2024-12-06,-0.39344107049231425,0.048627771198727604,test,INRIDR_RET
2024-12-09,-0.06740319532470036,0.08210257129320135,test,INRIDR_RET
2024-12-10,0.02718496785411122,0.011898003070500304,test,INRIDR_RET
2024-12-11,0.24550687130743556,-0.008469327416894788,test,INRIDR_RET
2024-12-12,0.3650544954620455,-0.0554798011467314,test,INRIDR_RET
2024-12-13,0.04865720315332956,-0.08122156299421449,test,INRIDR_RET
2024-12-16,0.40893268307766567,-0.01309286695868236,test,INRIDR_RET
2024-12-17,-0.5786311831900691,-0.09066969601975837,test,INRIDR_RET
2024-12-18,-0.1784323973987633,0.12197889515396569,test,INRIDR_RET
2024-12-19,1.0722463452254616,0.035805523593118664,test,INRIDR_RET
2024-12-20,-1.1546280036265846,-0.23349865177640014,test,INRIDR_RET
2024-12-23,1.500543007183759,0.24600622803854402,test,INRIDR_RET
2024-12-24,0.17912019214133576,-0.32572223840279585,test,INRIDR_RET
2024-12-25,-1.6305210647734616,-0.0411849952313174,test,INRIDR_RET
2024-12-26,-6.081448873196212,0.3484785768747649,test,INRIDR_RET
2024-12-27,7.3452762689646205,1.3068809245164024,test,INRIDR_RET
2024-12-30,-0.21458807454802273,-1.5842477235453982,test,INRIDR_RET
2024-12-31,-1.040848175925276,0.043590796091776116,test,INRIDR_RET
2025-01-01,0,0.22150642514871965,test,INRIDR_RET
2025-01-02,0.8978244988818985,-0.0026156856295265736,test,INRIDR_RET
2025-01-03,-0.20264046663744428,-0.19594102015197315,test,INRIDR_RET
2025-01-06,-0.08528185947620327,0.04101816046094618,test,INRIDR_RET
2025-01-07,0.09319768345372624,0.015747751804476913,test,INRIDR_RET
2025-01-08,-0.2790711176254143,-0.02268360909658131,test,INRIDR_RET
2025-01-09,0.06724139931205404,0.05747569886451934,test,INRIDR_RET
2025-01-10,0.2901636454743087,-0.017094535373489986,test,INRIDR_RET
2025-01-13,-0.12069890260453212,-0.06509558442648765,test,INRIDR_RET
2025-01-14,-0.3682293749247235,0.023373976884219095,test,INRIDR_RET
2025-01-15,0.2851069868226255,0.07667382716163394,test,INRIDR_RET
2025-01-16,0.3704046618580853,-0.06400675222529477,test,INRIDR_RET
2025-01-17,-0.1535015790316178,-0.08237359516704251,test,INRIDR_RET
2025-01-20,0.0324614781603801,0.03043725974339188,test,INRIDR_RET
2025-01-21,-0.33451559402059805,-0.009605499487651294,test,INRIDR_RET
2025-01-22,0.247847613210368,0.06941435943779331,test,INRIDR_RET
2025-01-23,-0.6259638031642338,-0.05598382471924326,test,INRIDR_RET
2025-01-24,0.02589082020969241,0.13217085873005976,test,INRIDR_RET
2025-01-27,-0.132676693640359,-0.008190663238550049,test,INRIDR_RET
2025-01-28,-0.3649538934594784,0.025953111739332683,test,INRIDR_RET
2025-01-29,-1.8473662202292649,0.0759685294661721,test,INRIDR_RET
2025-01-30,2.1571588041854812,0.3951710677460566,test,INRIDR_RET
2025-01-31,0.21714133182354753,-0.46710896684044206,test,INRIDR_RET
2025-02-03,0.5170091684361047,-0.049371951097571996,test,INRIDR_RET
2025-02-04,-0.5793081380701466,-0.11394141862473368,test,INRIDR_RET
2025-02-05,-0.34265412561452463,0.1221246614243343,test,INRIDR_RET
2025-02-06,-0.23999720435252,0.07116680030444014,test,INRIDR_RET
2025-02-07,-0.11348105706689691,0.04906205303062789,test,INRIDR_RET
2025-02-10,0.01053392433771452,0.02181978404939178,test,INRIDR_RET
2025-02-11,0.12063352172454644,-0.004883917838559536,test,INRIDR_RET
2025-02-12,0.859793888132352,-0.028591269912492907,test,INRIDR_RET
2025-02-13,0.12146468880354316,-0.18775202491470222,test,INRIDR_RET
2025-02-14,-0.8191232868289307,-0.028770242143470334,test,INRIDR_RET
2025-02-17,0.08493676224726146,0.17376319870537235,test,INRIDR_RET
2025-02-18,-0.19477967428211448,-0.020904814512904598,test,INRIDR_RET
2025-02-19,0.5589470130854062,0.039325524190051184,test,INRIDR_RET
2025-02-20,0.1965911897812765,-0.12297174454708647,test,INRIDR_RET
2025-02-21,-0.1351521978656277,-0.04494696259508245,test,INRIDR_RET
2025-02-24,0.1119039485072296,0.026486153200172523,test,INRIDR_RET
2025-02-25,-0.1775578751408209,-0.026711562169412076,test,INRIDR_RET
2025-02-26,-0.23720187254526096,0.03561721584669986,test,INRIDR_RET
2025-02-27,0.2338191933661522,0.048460144241758145,test,INRIDR_RET
2025-02-28,0.9429047203671446,-0.05296313530546386,test,INRIDR_RET
2025-03-03,-0.3484279780203788,-0.2056479828265655,test,INRIDR_RET
2025-03-04,-0.27566433604009355,0.07241006326867769,test,INRIDR_RET
2025-03-05,-0.3108210670170672,0.05674212878434525,test,INRIDR_RET
2025-03-06,-0.2980259422459957,0.06431230178063051,test,INRIDR_RET
2025-03-07,0.05120484718607075,0.06155717337891686,test,INRIDR_RET
2025-03-10,-0.117754857336516,-0.013641442025955717,test,INRIDR_RET
2025-03-11,-0.13000002453612436,0.022740046158339775,test,INRIDR_RET
2025-03-12,0.848580969665525,0.025376754165412074,test,INRIDR_RET
2025-03-13,-0.9447601335138346,-0.18533758733110783,test,INRIDR_RET
2025-03-14,0.19595924612906923,0.20081613103674925,test,INRIDR_RET
2025-03-17,0.3593095838776807,-0.044810888431240356,test,INRIDR_RET
2025-03-18,0.325782321467547,-0.07998453175344046,test,INRIDR_RET
2025-03-19,1.271126216678699,-0.07276522638904813,test,INRIDR_RET
2025-03-20,-0.8452052512364718,-0.27632274237134374,test,INRIDR_RET
2025-03-21,0.600694173392694,0.1793793347100925,test,INRIDR_RET
2025-03-24,0.9545278152725076,-0.131961011092853,test,INRIDR_RET
2025-03-25,0.8737022883131049,-0.2081507422339595,test,INRIDR_RET
2025-03-26,0.20416805356724713,-0.1907468709241001,test,INRIDR_RET
2025-03-27,-0.5401621466046705,-0.04657846154379455,test,INRIDR_RET
2025-03-28,0.05589998284240462,0.11369549525132315,test,INRIDR_RET
2025-03-31,0.26742266523503394,-0.01465242877505802,test,INRIDR_RET
2025-04-01,0.5461679208058248,-0.06019885057972676,test,INRIDR_RET
2025-04-02,0.30968475786564115,-0.12022006836435818,test,INRIDR_RET
2025-04-03,-0.00258537985193992,-0.06929899565886599,test,INRIDR_RET
2025-04-04,0.4357124171083552,-0.002058985043425029,test,INRIDR_RET
2025-04-07,-0.29926099562946845,-0.09643608025894163,test,INRIDR_RET
2025-04-08,0.1205013890679434,0.06182311300164971,test,INRIDR_RET
2025-04-09,0.6837841816978533,-0.02856281826067127,test,INRIDR_RET
2025-04-10,-1.1937282547145482,-0.14985248506251214,test,INRIDR_RET
2025-04-11,0.10900152071133716,0.25442554509984705,test,INRIDR_RET
2025-04-14,-0.1942832829070867,-0.026086592784786315,test,INRIDR_RET
2025-04-15,0.12442440698806996,0.03921863801268488,test,INRIDR_RET
2025-04-16,0.5698195673879131,-0.02940754766234221,test,INRIDR_RET
2025-04-17,0.01148500018024067,-0.1253128927339128,test,INRIDR_RET
2025-04-18,0,-0.005088709594232904,test,INRIDR_RET
2025-04-21,0,-0.0026156856295265736,test,INRIDR_RET
2025-04-22,0.6613870651574686,-0.0026156856295265736,test,INRIDR_RET
2025-04-23,0.170307015156659,-0.14502979415476755,test,INRIDR_RET
2025-04-24,-0.38515749627313506,-0.03928728538836925,test,INRIDR_RET
2025-04-25,-0.1173477668735391,0.08031889891741002,test,INRIDR_RET
2025-04-28,0.1153146659638134,0.022652388826607438,test,INRIDR_RET
2025-04-29,0.0968153106763004,-0.027445979746652135,test,INRIDR_RET
2025-04-30,-0.5083425532392626,-0.023462579812854507,test,INRIDR_RET
2025-05-01,-0.2444716633263073,0.10684389614771604,test,INRIDR_RET
2025-05-02,0.16697196768814968,0.050025522259849915,test,INRIDR_RET
2025-05-05,-0.6816939402292186,-0.0385691615587113,test,INRIDR_RET
2025-05-06,0.1279018665206059,0.1441710295925027,test,INRIDR_RET
2025-05-07,-0.613417263625766,-0.030156336571815056,test,INRIDR_RET
2025-05-08,0.3398092597043391,0.12946925729637862,test,INRIDR_RET
2025-05-09,-1.2037115607231623,-0.07578559677360615,test,INRIDR_RET
2025-05-12,0.814343164309249,0.2565752146356626,test,INRIDR_RET
2025-05-13,1.3970518766136082,-0.17796528329834926,test,INRIDR_RET
2025-05-14,-0.6484132834940228,-0.3034378638256966,test,INRIDR_RET
2025-05-15,-0.74960868769109,0.13700482494507887,test,INRIDR_RET
2025-05-16,-0.2306443516418902,0.15879486898252237,test,INRIDR_RET
2025-05-19,-0.21512588146635148,0.0470481367460161,test,INRIDR_RET
2025-05-20,-0.20844987213029317,0.04370660012978563,test,INRIDR_RET
2025-05-21,-0.34421278001117667,0.04226907894410208,test,INRIDR_RET
2025-05-22,-0.41334658166840377,0.07150241977462936,test,INRIDR_RET
2025-05-23,-0.3797777634822374,0.08638875373949258,test,INRIDR_RET
2025-05-26,0.01023093481102973,0.07916050031864505,test,INRIDR_RET
2025-05-27,0.2485313997120239,-0.004818676188686892,test,INRIDR_RET
2025-05-28,-0.01895790778777463,-0.0561310620182245,test,INRIDR_RET
2025-05-29,0.01323232423851179,0.0014664527722228439,test,INRIDR_RET
2025-05-30,0.07179261518830016,-0.00546495462709296,test,INRIDR_RET
2025-06-02,-0.0129409873518446,-0.018074532391676598,test,INRIDR_RET
2025-06-03,-0.01749740764788001,1.7085083941778892e-4,test,INRIDR_RET
2025-06-04,-0.13430053614363482,0.0011519685066822705,test,INRIDR_RET
2025-06-05,-0.4784565539686326,0.026302767931103477,test,INRIDR_RET
2025-06-06,-0.24613252197556276,0.10040865093695671,test,INRIDR_RET
2025-06-09,0.49199462576685665,0.05038314900579155,test,INRIDR_RET
2025-06-10,-0.15118056674202407,-0.10855512672082507,test,INRIDR_RET
2025-06-11,-0.0702049894598202,0.029937484477874827,test,INRIDR_RET
2025-06-12,-2.7202135801630463,0.012501303369288789,test,INRIDR_RET
2025-06-13,2.164658191194337,0.5831181643739349,test,INRIDR_RET
2025-06-16,0.07562450910074221,-0.46872378299215756,test,INRIDR_RET
2025-06-17,-2.8341249014180727,-0.018899640387058703,test,INRIDR_RET
2025-06-18,2.655928999801038,0.6076462812998451,test,INRIDR_RET
2025-06-19,-4.535641284750434,-0.5745073671261168,test,INRIDR_RET
2025-06-20,4.984075777989285,0.9740277115379415,test,INRIDR_RET
2025-06-23,0.2538847650234924,-1.075818876525912,test,INRIDR_RET
2025-06-24,0.02999418807441099,-0.0572837830020575,test,INRIDR_RET
2025-06-25,-0.10857251051334955,-0.009074226748014638,test,INRIDR_RET
2025-06-26,-0.11785536576845004,0.020762844295948525,test,INRIDR_RET
2025-06-27,-0.01761590980120335,0.02276168827909965,test,INRIDR_RET
2025-06-30,0.2849341736164313,0.0011774851510391524,test,INRIDR_RET
2025-07-01,-0.29610953844147336,-0.06396954097639368,test,INRIDR_RET
2025-07-02,0.12252634010772244,0.061144521009716915,test,INRIDR_RET
2025-07-03,-0.06850745981180784,-0.02899884371736618,test,INRIDR_RET
2025-07-04,0.2455851152123628,0.012135780388491925,test,INRIDR_RET
2025-07-07,-0.3662087534099082,-0.055496649126613035,test,INRIDR_RET
2025-07-08,0.4054098590964538,0.07623873396604683,test,INRIDR_RET
2025-07-09,-0.14028331647866593,-0.08991113894598768,test,INRIDR_RET
2025-07-10,-0.161310463517058,0.027591018598226727,test,INRIDR_RET
2025-07-11,-0.1903406465310807,0.032118718878529,test,INRIDR_RET
2025-07-14,-0.02127950054851601,0.03836968423915683,test,INRIDR_RET
2025-07-15,0.03934539286729091,0.0019663530285136416,test,INRIDR_RET
2025-07-16,-0.05395992114779769,-0.011087788192398015,test,INRIDR_RET
2025-07-17,0.2430147804698165,0.0090033109780443335,test,INRIDR_RET
2025-07-18,0.17125271135332548,-0.05494318815004551,test,INRIDR_RET
2025-07-21,-0.17187498476620122,-0.03949091876416245,test,INRIDR_RET
2025-07-22,-0.00212683444390471,0.03439353941094216,test,INRIDR_RET
2025-07-23,-0.687942103129332,-0.002157721984233101,test,INRIDR_RET
2025-07-24,0.0632322816572086,0.1455164241371152,test,INRIDR_RET
2025-07-25,0.2145609570672699,-0.016231266424237584,test,INRIDR_RET
2025-07-28,0.19402148663766455,-0.04881632824079778,test,INRIDR_RET
2025-07-29,-0.03367455041627713,-0.0443936376184519,test,INRIDR_RET
2025-07-30,-0.5171838930567695,0.004635334733837475,test,INRIDR_RET
2025-07-31,-0.3861972719844245,0.10874767019261541,test,INRIDR_RET
2025-08-01,0.5986034635949411,0.0805427900982184,test,INRIDR_RET
2025-08-04,0.2793980045660801,-0.13151082603826458,test,INRIDR_RET
2025-08-05,-1.4767890861758963,-0.06277745751802867,test,INRIDR_RET
2025-08-06,0.28852320823583655,0.315376020388298,test,INRIDR_RET
2025-08-07,-0.30657693771491823,-0.06474235494980747,test,INRIDR_RET
2025-08-08,0.16326448488244702,0.06339842861486564,test,INRIDR_RET
2025-08-11,-0.37637304585270986,-0.03777084256146709,test,INRIDR_RET
2025-08-12,0.09990642725964244,0.07842737466268156,test,INRIDR_RET
2025-08-13,-0.22739833152922947,-0.024128178878447714,test,INRIDR_RET
2025-08-14,-0.6940463697139733,0.046349182858114596,test,INRIDR_RET
2025-08-15,0.09564449069999552,0.1468308340033637,test,INRIDR_RET
2025-08-18,0.3711805164377769,-0.023210471339687882,test,INRIDR_RET
2025-08-19,0.3071035980741808,-0.08254065715560091,test,INRIDR_RET
2025-08-20,0.6775328373165715,-0.06874320376327683,test,INRIDR_RET
2025-08-21,-0.00134471688736187,-0.14850640546095153,test,INRIDR_RET
2025-08-22,0.15107185133647472,-0.0023261325571711563,test,INRIDR_RET
2025-08-25,-0.7341522769395674,-0.03514544643792606,test,INRIDR_RET
2025-08-26,-0.07219327980481549,0.1554666953998504,test,INRIDR_RET
2025-08-27,0.2067660088086887,0.012929434809846114,test,INRIDR_RET
2025-08-28,0.02411224289819185,-0.04713786994348904,test,INRIDR_RET
2025-08-29,0.2624814333593219,-0.00780768855457998,test,INRIDR_RET
2025-09-01,-0.26785680543779733,-0.05913487281289744,test,INRIDR_RET
2025-09-02,0.17311289533528182,0.05506096117601771,test,INRIDR_RET
2025-09-03,0.23915874143633328,-0.03989146552027443,test,INRIDR_RET
2025-09-04,0.03123139772811155,-0.05411288107220555,test,INRIDR_RET
2025-09-05,-0.20228190739379923,-0.009340630672694715,test,INRIDR_RET
2025-09-08,-0.35848617090166013,0.04094095318289783,test,INRIDR_RET
2025-09-09,0.5631388585830809,0.074575857926638775,test,INRIDR_RET
2025-09-10,-0.24681536452096525,-0.12387435962844545,test,INRIDR_RET
2025-09-11,0.12081341680985998,0.05053018304605275,test,INRIDR_RET
2025-09-12,-0.397601828228431,-0.02863000607706682,test,INRIDR_RET
2025-09-15,-0.08777797169159769,0.08299849235817937,test,INRIDR_RET
2025-09-16,-0.04780995149633371,0.016285230710039914,test,INRIDR_RET
2025-09-17,0.4759650062506059,0.007679060034064951,test,INRIDR_RET
2025-09-18,0.09524260021562864,-0.10510352614732105,test,INRIDR_RET
2025-09-19,0.5760970871421804,-0.02312393370073019,test,INRIDR_RET
2025-09-22,0.5311425479103535,-0.1266646085848128,test,INRIDR_RET
2025-09-23,-0.5637847446636162,-0.11698470861982131,test,INRIDR_RET
2025-09-24,-0.26159076741460147,0.11878206470640292,test,INRIDR_RET
2025-09-25,0.4057627647818272,0.05371171764515695,test,INRIDR_RET
2025-09-26,0.38880939445256807,-0.08998712886357697,test,INRIDR_RET
2025-09-29,-0.10709968604503568,-0.08633662033516348,test,INRIDR_RET
2025-09-30,-0.6009257809359327,0.020445706276898908,test,INRIDR_RET
2025-10-01,0.17679585102890824,0.12677951105677304,test,INRIDR_RET
2025-10-02,-0.05578010603120446,-0.04068450318229899,test,INRIDR_RET
2025-10-03,-0.29821171892337867,0.009395244871489582,test,INRIDR_RET
2025-10-06,-0.27916159629618936,0.061597176005651,test,INRIDR_RET
2025-10-07,0.24802457686437485,0.0574951813127222,test,INRIDR_RET
2025-10-08,-0.08148726832418399,-0.05602192966921042,test,INRIDR_RET
2025-10-09,-0.22604899782666849,0.014930676078927414,test,INRIDR_RET
2025-10-10,0.03167539693740322,0.046058635663473686,test,INRIDR_RET
2025-10-13,0.24410314963382165,-0.009436235432612615,test,INRIDR_RET
2025-10-14,-0.19776159779714897,-0.055177542785029565,test,INRIDR_RET
2025-10-15,0.09644914138600769,0.03996761110323111,test,INRIDR_RET
2025-10-16,1.0362433934135196,-0.023383733890710655,test,INRIDR_RET
2025-10-17,-0.28520462397052443,-0.22574626507776674,test,INRIDR_RET
2025-10-20,0.01157162196632494,0.05879640482369136,test,INRIDR_RET
2025-10-21,-0.00591070340731317,-0.005107361553265574,test,INRIDR_RET
2025-10-22,0.205104581058534,-0.001342955029164448,test,INRIDR_RET
2025-10-23,0.28350511850624355,-0.04678012065508855,test,INRIDR_RET
2025-10-24,-0.06095877314876206,-0.06366182765650531,test,INRIDR_RET
2025-10-27,-0.03284600778428478,0.01051034871876599,test,INRIDR_RET
2025-10-28,-3.130825198805364,0.004456927615636193,test,INRIDR_RET
2025-10-29,2.4631346740569913,0.6715336939475731,test,INRIDR_RET
2025-10-30,-0.13469682073587247,-0.5329936552983444,test,INRIDR_RET
2025-10-31,-2.84556675691289,0.026388098473381888,test,INRIDR_RET
2025-11-03,2.769983510655047,0.6101100150739265,test,INRIDR_RET
2025-11-04,0.1241192233884818,-0.5990663165556599,test,INRIDR_RET
2025-11-05,0.38672564309841245,-0.029341833570607555,test,INRIDR_RET
2025-11-06,-0.03017535265834801,-0.08588793361731895,test,INRIDR_RET
2025-11-07,0.0194509873429113,0.003881865010128334,test,INRIDR_RET
2025-11-10,-0.22957915305718352,-0.006803997086323708,test,INRIDR_RET
2025-11-11,0.16656656719694987,0.04681877134890596,test,INRIDR_RET
2025-11-12,0.30095578388364536,-0.03848186812255048,test,INRIDR_RET
2025-11-13,0.06002198745817442,-0.06741941694698118,test,INRIDR_RET
2025-11-14,-0.31017398522956213,-0.015540005269394235,test,INRIDR_RET
2025-11-17,-0.08543533742174308,0.06417296797631955,test,INRIDR_RET
2025-11-18,0.4074888902858617,0.015780799660934666,test,INRIDR_RET
2025-11-19,0.02234368757038122,-0.09035880928765849,test,INRIDR_RET
2025-11-20,-0.1667754358343455,-0.007426871868472353,test,INRIDR_RET
2025-11-21,0.03372774594960179,0.03329547179929608,test,INRIDR_RET
2025-11-24,-1.6076745611829786,-0.009878160396605265,test,INRIDR_RET
2025-11-25,0.5799647141017402,0.34355912106263364,test,INRIDR_RET
2025-11-26,-0.07225448336175444,-0.12749741084928215,test,INRIDR_RET
2025-11-27,-0.12700767596221207,0.012942613552611455,test,INRIDR_RET
2025-11-28,-0.2910852704736259,0.024732422461632785,test,INRIDR_RET
2025-12-01,0.203691691562642,0.060062663378493725,test,INRIDR_RET
2025-12-02,-0.4500034635192041,-0.046475888219042596,test,INRIDR_RET
2025-12-03,-0.3337950294769219,0.09428194885187943,test,INRIDR_RET
2025-12-04,-0.3770857301260473,0.06925920285471424,test,INRIDR_RET
2025-12-05,0.7345355929220827,0.07858083441536533,test,INRIDR_RET
2025-12-08,0.05854548237102235,-0.16078060471688685,test,INRIDR_RET
2025-12-09,-0.1952651079134742,-0.0152220747158693,test,INRIDR_RET
2025-12-10,0.092775764598878,0.03943005087570962,test,INRIDR_RET
2025-12-11,-2.435708552337e-4,-0.022592758820323036,test,INRIDR_RET
2025-12-12,-0.4508989158379248,-0.002563238389418273,test,INRIDR_RET
2025-12-15,-0.5140420461514515,0.09447476339334178,test,INRIDR_RET
2025-12-16,-0.08397970862818814,0.10807114754844016,test,INRIDR_RET
2025-12-17,-0.19650933987181513,0.015467364324958686,test,INRIDR_RET
2025-12-18,0.6646760732919411,0.03969796688810328,test,INRIDR_RET
2025-12-19,0.34394244903775634,-0.14573800449947946,test,INRIDR_RET
2025-12-22,0.722581630832762,-0.07667558163314449,test,INRIDR_RET
2025-12-23,0.4281459012564888,-0.1582066008635006,test,INRIDR_RET
2025-12-24,-0.02059996812408936,-0.09480680949382757,test,INRIDR_RET
2025-12-25,0,0.0018200317447496835,test,INRIDR_RET
2025-12-26,-0.5577878126590384,-0.0026156856295265736,test,INRIDR_RET
2025-12-29,0.2357941588840128,0.11749076681094878,test,INRIDR_RET
2025-12-30,0.0938068841607204,-0.05338839755870621,test,INRIDR_RET
2025-12-31,-0.2190298241100322,-0.022814786103465868,test,INRIDR_RET
2026-01-01,0,0.04454722212048194,test,INRIDR_RET
2026-01-02,-0.45988396515159446,-0.0026156856295265736,test,INRIDR_RET
2026-01-05,0.03982702550003563,0.09640948188947224,test,INRIDR_RET
2026-01-06,0.01381077641850544,-0.011191496422634832,test,INRIDR_RET
2026-01-07,0.16261547953854882,-0.00558951066375912,test,INRIDR_RET
2026-01-08,0.4008436069643394,-0.03763109456464563,test,INRIDR_RET
2026-01-09,0.2684578406842861,-0.08892790422466497,test,INRIDR_RET
2026-01-12,-0.24216238692218844,-0.06042175120258269,test,INRIDR_RET
2026-01-13,0.308697769294313,0.04952827404052972,test,INRIDR_RET
2026-01-14,-0.2659262055599092,-0.06908647094389166,test,INRIDR_RET
2026-01-15,0.12505476579210814,0.0546452520171715,test,INRIDR_RET
2026-01-16,0.00282489077445662,-0.029543280566502895,test,INRIDR_RET
2026-01-19,-0.3896337134932585,-0.003223959244961785,test,INRIDR_RET
2026-01-20,0.14605411571073135,0.08128274674351989,test,INRIDR_RET
2026-01-21,-0.1105381616874859,-0.03406499539253792,test,INRIDR_RET
2026-01-22,-0.8309852758216966,0.02118610092490841,test,INRIDR_RET
2026-01-23,-0.4801116606981149,0.17631739832120363,test,INRIDR_RET
2026-01-26,-0.23510875017980765,0.10076503914260937,test,INRIDR_RET
2026-01-27,-0.44642921150119314,0.04800943969760547,test,INRIDR_RET
2026-01-28,-0.1598619386657448,0.09351231796309212,test,INRIDR_RET
2026-01-29,-0.2637643438048069,0.03180681320899899,test,INRIDR_RET
2026-01-30,0.6130211598666901,0.054179746066379424,test,INRIDR_RET
2026-02-02,-0.01522528739384919,-0.1346153369513106,test,INRIDR_RET
2026-02-03,1.5845745352149463,6.627209881162671e-4,test,INRIDR_RET
2026-02-04,-0.1926926862041821,-0.3438164464437802,test,INRIDR_RET
2026-02-05,0.5743387873975176,0.038876140520065466,test,INRIDR_RET
2026-02-06,0.2640991538305976,-0.1262860001967024,test,INRIDR_RET
2026-02-09,-0.517918229113638,-0.059483210769438695,test,INRIDR_RET
2026-02-10,-0.5412689142967927,0.10890579214631885,test,INRIDR_RET
2026-02-11,0.15174627396358165,0.1139338115754874,test,INRIDR_RET
2026-02-12,-0.06830378369347535,-0.03529066744732971,test,INRIDR_RET
2026-02-13,0.27917101662056576,0.012091923539230297,test,INRIDR_RET
2026-02-16,0.09384288768490848,-0.06272858101649216,test,INRIDR_RET
2026-02-17,-0.34953435024206464,-0.022822538613412203,test,INRIDR_RET
2026-02-18,0.3714047106733493,0.07264829443760895,test,INRIDR_RET
2026-02-19,0.2617177475654291,-0.082588932097579,test,INRIDR_RET
2026-02-20,-0.4386011632175289,-0.058970431085412583,test,INRIDR_RET
2026-02-23,0.08634717753692435,0.09182673235590283,test,INRIDR_RET
2026-02-24,-0.5553862747869052,-0.02120851418698257,test,INRIDR_RET
2026-02-25,0.18659865432367967,0.11697365226007979,test,INRIDR_RET
2026-02-26,-0.4354935691305505,-0.04279530571506516,test,INRIDR_RET
2026-02-27,-0.06677767104879424,0.09115758524845227,test,INRIDR_RET
2026-03-02,0.1949673894465253,0.0117633111679714,test,INRIDR_RET
2026-03-03,-0.1257160124816617,-0.04459731548330908,test,INRIDR_RET
2026-03-04,-0.27711075486282527,0.02445429318939884,test,INRIDR_RET
2026-03-05,-0.32033177441097166,0.05705358097028183,test,INRIDR_RET
2026-03-06,0.6503007784652045,0.0663602083489648,test,INRIDR_RET
2026-03-09,-0.09987543846465312,-0.142642623737762,test,INRIDR_RET
2026-03-10,0.5582927632157705,0.018890134913130463,test,INRIDR_RET
2026-03-11,-1.2315187880803344,-0.12283086726531693,test,INRIDR_RET
2026-03-12,0.12061952419573398,0.26256284533371305,test,INRIDR_RET
2026-03-13,-0.03247891964515332,-0.028588255874734382,test,INRIDR_RET
2026-03-16,0.07265207207177082,0.004377883841061997,test,INRIDR_RET
2026-03-17,0.30982618949447077,-0.018259596164954678,test,INRIDR_RET
2026-03-18,-0.0103048901759907,-0.06932944962508054,test,INRIDR_RET
2026-03-19,-0.50752806896339,-3.967705264396699e-4,test,INRIDR_RET
2026-03-20,-0.5645666611586362,0.10666851616499956,test,INRIDR_RET
2026-03-23,-0.6133950648403174,0.11895043198548319,test,INRIDR_RET
2026-03-24,0.13938481061730823,0.1294644773113947,test,INRIDR_RET
2026-03-25,-1.5289679071006952,-0.03262891780741525,test,INRIDR_RET
2026-03-26,-0.7013366473733718,0.3266114990623996,test,INRIDR_RET
2026-03-27,1.4483020977200258,0.1484006233876141,test,INRIDR_RET
2026-03-30,-0.3047576060875028,-0.3144733904259246,test,INRIDR_RET
2026-03-31,0.5529120452219302,0.06300667844997776,test,INRIDR_RET
2026-04-01,0.6980262191261712,-0.12167225652633,test,INRIDR_RET
2026-04-02,0.8317847500172593,-0.15291917198578017,test,INRIDR_RET
2026-04-03,0.476710203778327,-0.18172091749612643,test,INRIDR_RET
2023-01-04,-0.2064121755609503,-0.04678938232268102,val,JPYIDR_RET
2023-01-05,-0.8333224325640339,0.04105495859311894,val,JPYIDR_RET
2023-01-06,-0.4142323403249876,0.148888800550748,val,JPYIDR_RET
2023-01-09,0.9765055100276514,0.076801776502757,val,JPYIDR_RET
2023-01-10,-0.04211804367774693,-0.16241684192651779,val,JPYIDR_RET
2023-01-11,-0.6105165518039075,0.012794984770466877,val,JPYIDR_RET
2023-01-12,-0.5919043995677814,0.11056431332992456,val,JPYIDR_RET
2023-01-13,0.5089777564231633,0.10736286645566823,val,JPYIDR_RET
2023-01-16,0.5134210500999778,-0.08199813234278908,val,JPYIDR_RET
2023-01-17,-0.44739580785362504,-0.08276241626184225,val,JPYIDR_RET
2023-01-18,0.5602032381810326,0.08250617211010541,val,JPYIDR_RET
2023-01-19,-0.6371645279246335,-0.09080934645577544,val,JPYIDR_RET
2023-01-20,0.4292178529678007,0.1151479895633139,val,JPYIDR_RET
2023-01-23,-1.3272510272891789,-0.06827875747583897,val,JPYIDR_RET
2023-01-24,-1.281659238936134,0.23384867706730514,val,JPYIDR_RET
2023-01-25,-0.06925990543582532,0.22600650564817693,val,JPYIDR_RET
2023-01-26,0.6599336736527575,0.01746361349134302,val,JPYIDR_RET
2023-01-27,-0.4092576051286992,-0.10796382095493905,val,JPYIDR_RET
2023-01-30,0.14494978486460522,0.0759460801683214,val,JPYIDR_RET
2023-01-31,-0.3159683794072482,-0.019382256601887363,val,JPYIDR_RET
2023-02-01,0.25452826555891067,0.05989954797265013,val,JPYIDR_RET
2023-02-02,0.24089145063648865,-0.03823067778681737,val,JPYIDR_RET
2023-02-03,0.07850581296017212,-0.03588503081626117,val,JPYIDR_RET
2023-02-06,-1.182409484122472,-0.007953334064184265,val,JPYIDR_RET
2023-02-07,0.33652544210556856,0.20893471226889387,val,JPYIDR_RET
2023-02-08,0.8499650356644289,-0.05233488246034312,val,JPYIDR_RET
2023-02-09,-0.46117312854140846,-0.14065081503303847,val,JPYIDR_RET
2023-02-10,0.05161195520396117,0.084875987255176,val,JPYIDR_RET
2023-02-13,0.2540190226369979,-0.0033273641194941682,val,JPYIDR_RET
2023-02-14,-0.4062023256161682,-0.038143083717098215,val,JPYIDR_RET
2023-02-15,-0.7035651375479246,0.07542054637076379,val,JPYIDR_RET
2023-02-16,-0.47940071220068986,0.12656945342360765,val,JPYIDR_RET
2023-02-17,-0.5757034844762264,0.08801128509665757,val,JPYIDR_RET
2023-02-20,-0.06142753177591658,0.10457617266969765,val,JPYIDR_RET
2023-02-21,0.00150211818458355,0.01611637928363801,val,JPYIDR_RET
2023-02-22,-0.01140033035232589,0.005291949706222256,val,JPYIDR_RET
2023-02-23,-0.23691826583114955,0.007511279476079078,val,JPYIDR_RET
2023-02-24,0.3439667476450836,0.04630226294042307,val,JPYIDR_RET
2023-02-27,-0.9908455202202262,-0.053614849659065385,val,JPYIDR_RET
2023-02-28,-0.26248950454780234,0.17598409776313997,val,JPYIDR_RET
2023-03-01,0.180876414288582,0.0507007312756106,val,JPYIDR_RET
2023-03-02,0.13269832193399195,-0.025561939317393426,val,JPYIDR_RET
2023-03-03,0.14243315891633931,-0.0172749018367491,val,JPYIDR_RET
2023-03-06,0.18245283184376723,-0.018949375752132118,val,JPYIDR_RET
2023-03-07,0.5309378484247255,-0.025833096408230814,val,JPYIDR_RET
2023-03-08,-0.4661975347000407,-0.08577545304191395,val,JPYIDR_RET
2023-03-09,0.20435141046040525,0.0857402274132984,val,JPYIDR_RET
2023-03-10,0.8595158640518882,-0.02959983628728761,val,JPYIDR_RET
2023-03-13,0.9369129385736714,-0.14229363792099234,val,JPYIDR_RET
2023-03-14,0.980175749824968,-0.1556065863194802,val,JPYIDR_RET
2023-03-15,-1.1996319603519991,-0.1630481540702087,val,JPYIDR_RET
2023-03-16,1.791956639275459,0.2118971231707859,val,JPYIDR_RET
2023-03-17,-0.6986243929671966,-0.30268130117438374,val,JPYIDR_RET
2023-03-20,0.4685994230435415,0.12571960376120436,val,JPYIDR_RET
2023-03-21,0.4909728179957958,-0.07505271906946759,val,JPYIDR_RET
2023-03-22,-1.0252864457642703,-0.07890113135557433,val,JPYIDR_RET
2023-03-23,0.6056542345092082,0.18190822690364095,val,JPYIDR_RET
2023-03-24,-1.1069929120308466,-0.09862730046134399,val,JPYIDR_RET
2023-03-27,0.6835167745402531,0.19596242696159755,val,JPYIDR_RET
2023-03-28,-0.5630577104166237,-0.11202031284602725,val,JPYIDR_RET
2023-03-29,-0.16567523852133198,0.10240099307079634,val,JPYIDR_RET
2023-03-30,-1.3568271668190688,0.03404786247131074,val,JPYIDR_RET
2023-03-31,-0.5468552396420167,0.23893602205832393,val,JPYIDR_RET
2023-04-03,-0.3228223679055058,0.09961403169424403,val,JPYIDR_RET
2023-04-04,0.30078090730619067,0.061078491695845394,val,JPYIDR_RET
2023-04-05,0.9050556555071207,-0.046186521553263346,val,JPYIDR_RET
2023-04-06,0.406564139060525,-0.15012686543595194,val,JPYIDR_RET
2023-04-07,-0.7203818599469434,-0.06438212796955466,val,JPYIDR_RET
2023-04-10,-0.4988000915036178,0.129462071250743,val,JPYIDR_RET
2023-04-11,-0.7050819488199167,0.09134814165381187,val,JPYIDR_RET
2023-04-12,-0.37484851191339735,0.12683035773192997,val,JPYIDR_RET
2023-04-13,-0.2202322677629976,0.0700274264563501,val,JPYIDR_RET
2023-04-14,-0.25030974672517764,0.04343213079872236,val,JPYIDR_RET
2023-04-17,-1.2974706369165454,0.04860571039270831,val,JPYIDR_RET
2023-04-18,0.7918710679809429,0.2287261992118132,val,JPYIDR_RET
2023-04-19,0.4855101187227817,-0.13065816351730192,val,JPYIDR_RET
2023-04-20,0.28486864165325215,-0.07796150109193142,val,JPYIDR_RET
2023-04-21,0.12633588556803477,-0.04344947790078034,val,JPYIDR_RET
2023-04-24,-0.6990984461858875,-0.01618050921852667,val,JPYIDR_RET
2023-04-25,0.6267573353620924,0.1258011449057187,val,JPYIDR_RET
2023-04-26,0.21163789098108568,-0.10225721146816714,val,JPYIDR_RET
2023-04-27,-0.4438641098054107,-0.030853172279348955,val,JPYIDR_RET
2023-04-28,-1.3190711282585057,0.08189869031359791,val,JPYIDR_RET
2023-05-01,-2.0559154257858,0.23244166557012583,val,JPYIDR_RET
2023-05-02,-0.7707969410537027,0.3591850879967709,val,JPYIDR_RET
2023-05-03,1.3206803450045363,0.13813388962923953,val,JPYIDR_RET
2023-05-04,0.929171672868146,-0.22161781103828637,val,JPYIDR_RET
2023-05-05,0.4044005702660498,-0.15427502344693728,val,JPYIDR_RET
2023-05-08,-0.9752312829186812,-0.0640099759225245,val,JPYIDR_RET
2023-05-09,0.6507279058280698,0.1732983174961002,val,JPYIDR_RET
2023-05-10,-0.04385606639865623,-0.10638035138873428,val,JPYIDR_RET
2023-05-11,0.37570129524753737,0.013093939310310018,val,JPYIDR_RET
2023-05-12,0.2336434660061391,-0.05907345900949913,val,JPYIDR_RET
2023-05-15,-1.1659468080293165,-0.03463831644142108,val,JPYIDR_RET
2023-05-16,0.18804428695762457,0.2061029933869675,val,JPYIDR_RET
2023-05-17,0.3238799625911949,-0.026794873760452222,val,JPYIDR_RET
2023-05-18,-0.9212251872054944,-0.05015975352570088,val,JPYIDR_RET
2023-05-19,-0.4632012654533494,0.1640088143737167,val,JPYIDR_RET
2023-05-22,0.685109999588736,0.0852248438782534,val,JPYIDR_RET
2023-05-23,-0.92394583745968,-0.11229436096720864,val,JPYIDR_RET
2023-05-24,0.11381148912134288,0.16447678912170427,val,JPYIDR_RET
2023-05-25,-0.15187054489407897,-0.014026207590884583,val,JPYIDR_RET
2023-05-26,-0.3644805286538612,0.03167333895020751,val,JPYIDR_RET
2023-05-29,-0.7551448793224337,0.06824404605103848,val,JPYIDR_RET
2023-05-30,0.385962361003737,0.1354416032418557,val,JPYIDR_RET
2023-05-31,0.5901021718907532,-0.06083844870413324,val,JPYIDR_RET
2023-06-01,0.5102224620552837,-0.09595221476322408,val,JPYIDR_RET
2023-06-02,-0.2424232722614995,-0.08221223219028474,val,JPYIDR_RET
2023-06-05,-0.5375237452136502,0.047249170391297925,val,JPYIDR_RET
2023-06-06,-0.3055631303333943,0.0980089360937552,val,JPYIDR_RET
2023-06-07,0.04814846106199572,0.05810975753354712,val,JPYIDR_RET
2023-06-08,-0.1520234360182961,-0.002731613969047932,val,JPYIDR_RET
2023-06-09,0.38668398152409694,0.0316996375107134,val,JPYIDR_RET
2023-06-12,-0.3853806247156518,-0.0609625735087231,val,JPYIDR_RET
2023-06-13,0.19537893683799565,0.07183903852476237,val,JPYIDR_RET
2023-06-14,-0.5296174698873075,-0.028056495287902505,val,JPYIDR_RET
2023-06-15,0.4114313298161442,0.09664899017726951,val,JPYIDR_RET
2023-06-16,-0.2881964600414422,-0.06521932575481355,val,JPYIDR_RET
2023-06-19,-0.9256319544221387,0.055122544038995226,val,JPYIDR_RET
2023-06-20,0.5119226566652398,0.16476681543411625,val,JPYIDR_RET
2023-06-21,0.4515452119244099,-0.08250467997658141,val,JPYIDR_RET
2023-06-22,-0.7367812213667286,-0.07211925118313273,val,JPYIDR_RET
2023-06-23,-0.9962418884317076,0.1322828994758241,val,JPYIDR_RET
2023-06-26,-0.00906143011005213,0.17691231852577968,val,JPYIDR_RET
2023-06-27,0.4028082016853757,0.007108968943969268,val,JPYIDR_RET
2023-06-28,-0.670122160541521,-0.06373607512101653,val,JPYIDR_RET
2023-06-29,-0.3617674999175833,0.12081697983298428,val,JPYIDR_RET
2023-06-30,0.2820818074268949,0.06777738226829412,val,JPYIDR_RET
2023-07-03,-0.25493602661332604,-0.042970118952397975,val,JPYIDR_RET
2023-07-04,0.3372841187388304,0.04940146948061217,val,JPYIDR_RET
2023-07-05,-0.18281036149115595,-0.05246538122831542,val,JPYIDR_RET
2023-07-06,0.3879206464696844,0.03699524787713518,val,JPYIDR_RET
2023-07-07,1.11511931710601,-0.06117529029044319,val,JPYIDR_RET
2023-07-10,0.8131299562344031,-0.18625958368845308,val,JPYIDR_RET
2023-07-11,1.2233941068964154,-0.1343148712685475,val,JPYIDR_RET
2023-07-12,0.4480897017850756,-0.2048837590625635,val,JPYIDR_RET
2023-07-13,-0.22594317178353265,-0.07152487434835378,val,JPYIDR_RET
2023-07-14,0.34768950979330093,0.04441445436849375,val,JPYIDR_RET
2023-07-17,-0.45872333560846,-0.05425519608927978,val,JPYIDR_RET
2023-07-18,0.1765839835804788,0.08445460224670073,val,JPYIDR_RET
2023-07-19,-0.19121104982604703,-0.024823605099024752,val,JPYIDR_RET
2023-07-20,-0.36985145481802767,0.03844023699339315,val,JPYIDR_RET
2023-07-21,0.20573331273161297,0.06916789056735172,val,JPYIDR_RET
2023-07-24,-1.5622604383412484,-0.029837535111720093,val,JPYIDR_RET
2023-07-25,0.18427646678174053,0.2742722742358863,val,JPYIDR_RET
2023-07-26,0.501131955685646,-0.026146776970150307,val,JPYIDR_RET
2023-07-27,0.2217683082114313,-0.08064858856469719,val,JPYIDR_RET
2023-07-28,1.6612231308123366,-0.03259568932764883,val,JPYIDR_RET
2023-07-31,-1.40108843436259,-0.28019403711593444,val,JPYIDR_RET
2023-08-01,-0.9997152608210896,0.2465493326969931,val,JPYIDR_RET
2023-08-02,-0.27497078427213123,0.1775097678179433,val,JPYIDR_RET
2023-08-03,0.32522645644521553,0.05284761646402063,val,JPYIDR_RET
2023-08-04,0.13337505017521692,-0.050391361804285266,val,JPYIDR_RET
2023-08-07,0.5207955290155484,-0.017391304791394262,val,JPYIDR_RET
2023-08-08,-0.00167063379600749,-0.0840308887186545,val,JPYIDR_RET
2023-08-09,-0.690584227610511,0.005837689757248612,val,JPYIDR_RET
2023-08-10,-0.31420681723983146,0.12433662763232317,val,JPYIDR_RET
2023-08-11,-0.4397019125272331,0.05959654444983678,val,JPYIDR_RET
2023-08-14,0.4049309700096729,0.08118275734156924,val,JPYIDR_RET
2023-08-15,-0.23154006549639508,-0.0641012091436902,val,JPYIDR_RET
2023-08-16,-0.3490947374973516,0.045377167205529825,val,JPYIDR_RET
2023-08-17,-0.16739570426971914,0.06559756044415842,val,JPYIDR_RET
2023-08-18,0.42715154967696783,0.034343797064073645,val,JPYIDR_RET
2023-08-21,-0.27046934805015577,-0.06792333591428189,val,JPYIDR_RET
2023-08-22,-0.3727044850319815,0.052073331537716636,val,JPYIDR_RET
2023-08-23,0.31293951262563585,0.06965863578288314,val,JPYIDR_RET
2023-08-24,0.600975135316741,-0.04827790402754274,val,JPYIDR_RET
2023-08-25,-1.3198554046415834,-0.09782245600842879,val,JPYIDR_RET
2023-08-28,0.00386552217773578,0.2325765677105824,val,JPYIDR_RET
2023-08-29,-0.16707583213798213,0.004885424322672257,val,JPYIDR_RET
2023-08-30,-0.06197319845083424,0.03428877636451567,val,JPYIDR_RET
2023-08-31,0.0522371903909108,0.01621023854551371,val,JPYIDR_RET
2023-09-01,0.5279234362304054,-0.0034349098353007356,val,JPYIDR_RET
2023-09-04,-0.3875148868693101,-0.08525694876713724,val,JPYIDR_RET
2023-09-05,-0.3715851766318925,0.07220614958284896,val,JPYIDR_RET
2023-09-06,-0.16606703065007886,0.06946610531497528,val,JPYIDR_RET
2023-09-07,0.08682844135493205,0.03411525401582542,val,JPYIDR_RET
2023-09-08,0.29535662259541257,-0.009384896213578485,val,JPYIDR_RET
2023-09-11,-0.00848887190862727,-0.0452534989177247,val,JPYIDR_RET
2023-09-12,0.4337869344145729,0.007010484113143331,val,JPYIDR_RET
2023-09-13,-0.25437889241328476,-0.06906467795029111,val,JPYIDR_RET
2023-09-14,-0.10942648080591418,0.04930563770787385,val,JPYIDR_RET
2023-09-15,0.1809304026089164,0.024372602604303174,val,JPYIDR_RET
2023-09-18,-0.5801787913195746,-0.025571225763001013,val,JPYIDR_RET
2023-09-19,0.3798233100338502,0.10534596312290304,val,JPYIDR_RET
2023-09-20,-0.04401585378862456,-0.05978248025464376,val,JPYIDR_RET
2023-09-21,-0.5439978455312469,0.01312142408658252,val,JPYIDR_RET
2023-09-22,0.7143033163363417,0.09912253585172204,val,JPYIDR_RET
2023-09-25,-0.7449052907158628,-0.11731585721681433,val,JPYIDR_RET
2023-09-26,-0.0131915331234942,0.13368030779776682,val,JPYIDR_RET
2023-09-27,0.41249910488077807,0.007819381432272277,val,JPYIDR_RET
2023-09-28,0.18586880158926777,-0.06540299205518078,val,JPYIDR_RET
2023-09-29,-0.50430740345896,-0.026420671962392683,val,JPYIDR_RET
2023-10-02,-0.30399870580577854,0.09229544567439485,val,JPYIDR_RET
2023-10-03,0.231462189445718,0.05784066334441707,val,JPYIDR_RET
2023-10-04,1.1215804812955854,-0.034263118509572324,val,JPYIDR_RET
2023-10-05,-0.04703913960358597,-0.18737095832349518,val,JPYIDR_RET
2023-10-06,0.594466046896209,0.013641454698813654,val,JPYIDR_RET
2023-10-09,-0.6476746634707964,-0.09670283800220364,val,JPYIDR_RET
2023-10-10,1.124992489374756,0.11695582135865908,val,JPYIDR_RET
2023-10-11,-0.03017659707236647,-0.18795785243769633,val,JPYIDR_RET
2023-10-12,-0.4364886658414367,0.010740955423195041,val,JPYIDR_RET
2023-10-13,-0.21194556507814497,0.08063005186033584,val,JPYIDR_RET
2023-10-16,-0.2514288496375467,0.04200674817387904,val,JPYIDR_RET
2023-10-17,-0.01440806843337801,0.0487982055149984,val,JPYIDR_RET
2023-10-18,0.21788675979057492,0.00802863574718651,val,JPYIDR_RET
2023-10-19,0.5111098722092137,-0.031928030321770655,val,JPYIDR_RET
2023-10-20,0.26945050707576507,-0.08236487420757752,val,JPYIDR_RET
2023-10-23,0.02359537277031057,-0.04079742895320343,val,JPYIDR_RET
2023-10-24,0.11189661891229125,0.0014917239215686282,val,JPYIDR_RET
2023-10-25,-0.09454725189668442,-0.013696833794259605,val,JPYIDR_RET
2023-10-26,-0.10284392068664482,0.021813249968537677,val,JPYIDR_RET
2023-10-27,0.08893255348897997,0.02324034684736093,val,JPYIDR_RET
2023-10-30,0.3181615214221654,-0.009746821214468904,val,JPYIDR_RET
2023-10-31,0.03513267499531184,-0.049176133502935655,val,JPYIDR_RET
2023-11-01,-2.050398917825755,-4.927891899181884e-4,val,JPYIDR_RET
2023-11-02,1.432500163121318,0.35823620218596086,val,JPYIDR_RET
2023-11-03,-0.3388825466362617,-0.24085176112897141,val,JPYIDR_RET
2023-11-06,-0.9301442428944284,0.06384097764294498,val,JPYIDR_RET
2023-11-07,-0.438352431624703,0.16554296703883584,val,JPYIDR_RET
2023-11-08,0.2006034891398925,0.08095063526549423,val,JPYIDR_RET
2023-11-09,-0.48728017773530086,-0.028955162267631538,val,JPYIDR_RET
2023-11-10,0.30272624867096665,0.08936661950326251,val,JPYIDR_RET
2023-11-13,-0.27481556667717116,-0.04652113664519964,val,JPYIDR_RET
2023-11-14,-0.2188620377667503,0.05282091773096116,val,JPYIDR_RET
2023-11-15,-1.7260946788981866,0.04319643970384815,val,JPYIDR_RET
2023-11-16,0.8603152541312683,0.3024531428787456,val,JPYIDR_RET
2023-11-17,0.25515591774909563,-0.14243113974445024,val,JPYIDR_RET
2023-11-20,0.01784885394799436,-0.03833863924752838,val,JPYIDR_RET
2023-11-21,0.9469228984369524,0.0024801735370757784,val,JPYIDR_RET
2023-11-22,0.9135913267559308,-0.15732838368655366,val,JPYIDR_RET
2023-11-23,-0.16229189231141442,-0.15159507274978112,val,JPYIDR_RET
2023-11-24,-0.8743802152411874,0.03346589843991605,val,JPYIDR_RET
2023-11-27,0.461389542736459,0.15595108482330708,val,JPYIDR_RET
2023-11-28,0.14824209514781211,-0.07381255895901731,val,JPYIDR_RET
2023-11-29,-0.4106346491858566,-0.019948561687486023,val,JPYIDR_RET
2023-11-30,0.981568148240492,0.07618294333903751,val,JPYIDR_RET
2023-12-01,0.26860559045045584,-0.1632876583198272,val,JPYIDR_RET
2023-12-04,0.36881992441289024,-0.0406520961805726,val,JPYIDR_RET
2023-12-05,-0.10298203566302876,-0.0578898052939219,val,JPYIDR_RET
2023-12-06,-0.30968258865925125,0.023264103786043933,val,JPYIDR_RET
2023-12-07,0.1493631617259941,0.058818339045971335,val,JPYIDR_RET
2023-12-08,2.123270632085484,-0.02014139457682741,val,JPYIDR_RET
2023-12-11,-0.09981520324476688,-0.3596700971622146,val,JPYIDR_RET
2023-12-12,-0.20093634546817293,0.02271938194957306,val,JPYIDR_RET
2023-12-13,0.05283359769572953,0.040113069717932645,val,JPYIDR_RET
2023-12-14,-0.16572675426661368,-0.0035374969126882446,val,JPYIDR_RET
2023-12-15,1.6021822465937112,0.03405672361319346,val,JPYIDR_RET
2023-12-18,-1.2284288023596497,-0.2700385079843723,val,JPYIDR_RET
2023-12-19,0.829597652049361,0.2168504224273277,val,JPYIDR_RET
2023-12-20,-0.810474068954719,-0.1371474535848833,val,JPYIDR_RET
2023-12-21,0.6615020253754248,0.14495868965702052,val,JPYIDR_RET
2023-12-22,0.5136224917707682,-0.10823359065467975,val,JPYIDR_RET
2023-12-25,-0.3909432031644136,-0.08279706592508995,val,JPYIDR_RET
2023-12-26,0.4078440488827953,0.07279584884748412,val,JPYIDR_RET
2023-12-27,-0.5511365954055732,-0.06460228323412871,val,JPYIDR_RET
2023-12-28,0.5727786290433701,0.10035046092891434,val,JPYIDR_RET
2023-12-29,0.31576985933105606,-0.09297241955221394,val,JPYIDR_RET
2024-01-01,0.06653748530941181,-0.04876474748864132,val,JPYIDR_RET
2024-01-02,-0.12402563553556084,-0.0058946809508043365,val,JPYIDR_RET
2024-01-03,0.01831352949532495,0.026883780123327157,val,JPYIDR_RET
2024-01-04,-0.22484377060976343,0.0024002454309829556,val,JPYIDR_RET
2024-01-05,-1.5106826800961726,0.04422534811110533,val,JPYIDR_RET
2024-01-08,-0.18235841639474348,0.2654004656013995,val,JPYIDR_RET
2024-01-09,0.4526309552320657,0.03691750951577379,val,JPYIDR_RET
2024-01-10,0.11418453458053358,-0.07230600817256852,val,JPYIDR_RET
2024-01-11,-0.7683154011284935,-0.014090374550413502,val,JPYIDR_RET
2024-01-12,0.4828455483150105,0.13770704387082786,val,JPYIDR_RET
2024-01-15,-0.4141936528668555,-0.07750317254964507,val,JPYIDR_RET
2024-01-16,-0.1676990703839543,0.07679512193426118,val,JPYIDR_RET
2024-01-17,-0.4841137581863259,0.034395978589662514,val,JPYIDR_RET
2024-01-18,-0.5968557489205267,0.0888219686837848,val,JPYIDR_RET
2024-01-19,-0.07654905243381045,0.10821454022813662,val,JPYIDR_RET
2024-01-22,-0.07279825842027222,0.018717408139948984,val,JPYIDR_RET
2024-01-23,0.33455386201674847,0.018072239992908263,val,JPYIDR_RET
2024-01-24,0.30578080288593135,-0.051995754086975966,val,JPYIDR_RET
2024-01-25,0.44300558773432896,-0.04704654568546981,val,JPYIDR_RET
2024-01-26,0.5038298628978889,-0.07065036393012643,val,JPYIDR_RET
2024-01-29,-0.5377785324718266,-0.08111265131800434,val,JPYIDR_RET
2024-01-30,0.836989624887801,0.09805276164713242,val,JPYIDR_RET
2024-01-31,-0.20488506205424928,-0.13841893514370476,val,JPYIDR_RET
2024-02-01,0.15201428670467487,0.040792282213695547,val,JPYIDR_RET
2024-02-02,0.09838675920955832,-0.02059741039211751,val,JPYIDR_RET
2024-02-05,-1.3824494617349434,-0.011373024190284537,val,JPYIDR_RET
2024-02-06,-0.19343125903693745,0.2433432724896031,val,JPYIDR_RET
2024-02-07,0.6913018871720052,0.03882213166888392,val,JPYIDR_RET
2024-02-08,-0.7292647078787773,-0.11335941775901413,val,JPYIDR_RET
2024-02-09,-0.7040264088061082,0.13098999587681961,val,JPYIDR_RET
2024-02-12,-0.3369597732758381,0.1266487959633076,val,JPYIDR_RET
2024-02-13,-0.27809509769601404,0.06351024443774997,val,JPYIDR_RET
2024-02-14,-0.35400881897700975,0.053385024675504746,val,JPYIDR_RET
2024-02-15,-0.5750620016551655,0.06644282382870974,val,JPYIDR_RET
2024-02-16,1.1595948935500229,0.1044658322240404,val,JPYIDR_RET
2024-02-19,-0.373971255772227,-0.19390975726220358,val,JPYIDR_RET
2024-02-20,-0.08464191738754892,0.0698765310147353,val,JPYIDR_RET
2024-02-21,0.393070637447357,0.020109449043184,val,JPYIDR_RET
2024-02-22,-0.3984563726032661,-0.06206113209469817,val,JPYIDR_RET
2024-02-23,-0.43092128554452863,0.07408817724189116,val,JPYIDR_RET
2024-02-26,-0.02215911329095142,0.07967241557930774,val,JPYIDR_RET
2024-02-27,0.2904670440403577,0.009361880716209171,val,JPYIDR_RET
2024-02-28,0.1398428876317349,-0.04441245024248727,val,JPYIDR_RET
2024-02-29,0.2705598690376772,-0.018503827284530573,val,JPYIDR_RET
2024-03-01,0.3208659886825316,-0.04098824855000906,val,JPYIDR_RET
2024-03-04,-0.0837362083554968,-0.04964132463974692,val,JPYIDR_RET
2024-03-05,0.23088950774246744,0.01995365946480193,val,JPYIDR_RET
2024-03-06,0.18551633832489337,-0.03416461243539265,val,JPYIDR_RET
2024-03-07,-0.01033309999687377,-0.026360045313646958,val,JPYIDR_RET
2024-03-08,0.6425817280711091,0.007327706870276838,val,JPYIDR_RET
2024-03-11,0.1989001324017597,-0.10497914023452193,val,JPYIDR_RET
2024-03-12,-0.08923223921796174,-0.028662170568667555,val,JPYIDR_RET
2024-03-13,-0.4224165160466942,0.02089902304243818,val,JPYIDR_RET
2024-03-14,0.17859454896330182,0.07820952362679813,val,JPYIDR_RET
2024-03-15,-0.0972831190468298,-0.025169439271164884,val,JPYIDR_RET
2024-03-18,-0.3839127217365994,0.022283842150736408,val,JPYIDR_RET
2024-03-19,0.5340853270558537,0.07158654685456867,val,JPYIDR_RET
2024-03-20,-1.4188628502671214,-0.0863168458640646,val,JPYIDR_RET
2024-03-21,-0.01517182498842875,0.24960668186958604,val,JPYIDR_RET
2024-03-22,-0.34499020208999476,0.00816000830447271,val,JPYIDR_RET
2024-03-25,0.7183530079226288,0.0648915457993474,val,JPYIDR_RET
2024-03-26,-0.1627068072118883,-0.11801243826268909,val,JPYIDR_RET
2024-03-27,0.17471345330991392,0.033537267295830855,val,JPYIDR_RET
2024-03-28,0.46959026264063697,-0.024501858145102987,val,JPYIDR_RET
2024-03-29,-0.10108109843347064,-0.0752231518217236,val,JPYIDR_RET
2024-04-01,-0.15507864954575612,0.022937126579189053,val,JPYIDR_RET
2024-04-02,0.4944154182990107,0.032225159958283296,val,JPYIDR_RET
2024-04-03,0.08473217706756984,-0.07949328758985706,val,JPYIDR_RET
2024-04-04,-0.14620803511931585,-0.009024321108386475,val,JPYIDR_RET
2024-04-05,-0.00703126599705885,0.03069933959812428,val,JPYIDR_RET
2024-04-08,-0.41058490898534744,0.006759763625244532,val,JPYIDR_RET
2024-04-09,0.13189913728120453,0.0761743876058034,val,JPYIDR_RET
2024-04-10,-0.11810247742710445,-0.017137435348394583,val,JPYIDR_RET
2024-04-11,-0.11488130251788133,0.025864947063535326,val,JPYIDR_RET
2024-04-12,-0.0939517826185603,0.0253108778611274,val,JPYIDR_RET
2024-04-15,0.588227021686572,0.021710824239638583,val,JPYIDR_RET
2024-04-16,-0.8240410985166495,-0.0956296731418266,val,JPYIDR_RET
2024-04-17,1.1462549051683222,0.14729233295807198,val,JPYIDR_RET
2024-04-18,-0.17626533356301044,-0.19161516695553732,val,JPYIDR_RET
2024-04-19,-0.3336608500070933,0.03586944797303752,val,JPYIDR_RET
2024-04-22,-0.0792227956185063,0.06294280186296622,val,JPYIDR_RET
2024-04-23,0.1081765135593831,0.019177314477088977,val,JPYIDR_RET
2024-04-24,-0.6087858263568793,-0.013056944355205088,val,JPYIDR_RET
2024-04-25,0.16094347013157975,0.11026661398262233,val,JPYIDR_RET
2024-04-26,-0.3284981971233959,-0.022133305113429758,val,JPYIDR_RET
2024-04-29,-1.6680693347746764,0.06205478210427852,val,JPYIDR_RET
2024-04-30,1.4795283627523306,0.2924722951930443,val,JPYIDR_RET
2024-05-01,-0.7306647275260183,-0.24894100738058844,val,JPYIDR_RET
2024-05-02,0.7788460616071221,0.1312308110424541,val,JPYIDR_RET
2024-05-03,1.1439172501284849,-0.12841775276772188,val,JPYIDR_RET
2024-05-06,-0.4641660895991202,-0.19121307060872955,val,JPYIDR_RET
2024-05-07,-0.7038184175945378,0.08539080175386596,val,JPYIDR_RET
2024-05-08,-0.08782392435350997,0.12661301972390726,val,JPYIDR_RET
2024-05-09,-0.4264527711130457,0.020656781029608703,val,JPYIDR_RET
2024-05-10,-0.25480558080776533,0.07890379347812627,val,JPYIDR_RET
2024-05-13,-0.22579767995902933,0.04937903170387501,val,JPYIDR_RET
2024-05-14,0.25019854992067647,0.04438942854983093,val,JPYIDR_RET
2024-05-15,-0.2874025745961497,-0.037485930246576496,val,JPYIDR_RET
2024-05-16,0.2516892777496912,0.05498598905894213,val,JPYIDR_RET
2024-05-17,-0.603009270268222,-0.037742347983118686,val,JPYIDR_RET
2024-05-20,-0.07046051140579056,0.10927299770443057,val,JPYIDR_RET
2024-05-21,0.06169396055314899,0.01767012782568734,val,JPYIDR_RET
2024-05-22,-0.0861945564550069,-0.005061553916671061,val,JPYIDR_RET
2024-05-23,-0.06668269771238974,0.020376516033948966,val,JPYIDR_RET
2024-05-24,0.1664190296161211,0.017020312066240374,val,JPYIDR_RET
2024-05-27,-0.28913021894452573,-0.02307514744172129,val,JPYIDR_RET
2024-05-28,0.22148406023596656,0.05528315843133741,val,JPYIDR_RET
2024-05-29,0.02031119363711903,-0.03254679628287785,val,JPYIDR_RET
2024-05-30,0.4918337527897806,0.002056630380911146,val,JPYIDR_RET
2024-05-31,0.3911938495457538,-0.07904921938806911,val,JPYIDR_RET
2024-06-03,-0.05212813083830027,-0.06173830877555686,val,JPYIDR_RET
2024-06-04,0.4582868468671179,0.01451680403374285,val,JPYIDR_RET
2024-06-05,1.0613562325491033,-0.07327886914890551,val,JPYIDR_RET
2024-06-06,-0.27827295678993097,-0.17701188053078146,val,JPYIDR_RET
2024-06-07,-0.30139788566872006,0.053415617936996194,val,JPYIDR_RET
2024-06-10,-0.5528746512967566,0.05739330038538607,val,JPYIDR_RET
2024-06-11,0.12591023030524806,0.10064942117432386,val,JPYIDR_RET
2024-06-12,-0.08185052293900646,-0.016107292929874454,val,JPYIDR_RET
2024-06-13,-0.2691766679700709,0.01962930569819475,val,JPYIDR_RET
2024-06-14,0.13547910232468352,0.05185097968128982,val,JPYIDR_RET
2024-06-17,0.9178922601255128,-0.017753219474431703,val,JPYIDR_RET
2024-06-18,-0.10315993606865057,-0.15233486949750527,val,JPYIDR_RET
2024-06-19,-0.7170599678417084,0.023294704153496406,val,JPYIDR_RET
2024-06-20,-0.04348506801100059,0.1288906778427158,val,JPYIDR_RET
2024-06-21,0.06123126823740254,0.013030124464318758,val,JPYIDR_RET
2024-06-24,-0.880401631149501,-0.0049819669431068895,val,JPYIDR_RET
2024-06-25,-0.18831403021793464,0.15698681905187473,val,JPYIDR_RET
2024-06-26,0.04208184032994525,0.037941925231734085,val,JPYIDR_RET
2024-06-27,-0.38280993112289136,-0.0016881041302328542,val,JPYIDR_RET
2024-06-28,-0.40439810899395734,0.07139685758497619,val,JPYIDR_RET
2024-07-01,-0.32876849333044417,0.0751102059226319,val,JPYIDR_RET
2024-07-02,-0.08811369294023681,0.06210127532742648,val,JPYIDR_RET
2024-07-03,0.01105168935305718,0.020706623665992994,val,JPYIDR_RET
2024-07-04,-0.3840519456921614,0.0036493430705180144,val,JPYIDR_RET
2024-07-05,0.09245500703300068,0.07161049454700644,val,JPYIDR_RET
2024-07-08,-0.06547579130328372,-0.010352712878428632,val,JPYIDR_RET
2024-07-09,0.06178496008025454,0.016812714003322498,val,JPYIDR_RET
2024-07-10,-0.29546768346816893,-0.00507720660142857,val,JPYIDR_RET
2024-07-11,-0.6574603539096524,0.05637325568245203,val,JPYIDR_RET
2024-07-12,1.5480937366300571,0.11863904249668025,val,JPYIDR_RET
2024-07-15,-0.04593518871102011,-0.2607348289170897,val,JPYIDR_RET
2024-07-16,0.6473537017580985,0.013451565851489617,val,JPYIDR_RET
2024-07-17,-0.26800979700344335,-0.10579995988237505,val,JPYIDR_RET
2024-07-18,1.4800177731616375,0.05165026805152358,val,JPYIDR_RET
2024-07-19,-0.6451388366726831,-0.2490251900911759,val,JPYIDR_RET
2024-07-22,-0.04326978240412833,0.11651963780108439,val,JPYIDR_RET
2024-07-23,0.4254588005242432,0.012993093527517381,val,JPYIDR_RET
2024-07-24,0.7294537198843966,-0.06763216880930992,val,JPYIDR_RET
2024-07-25,1.3601532631654536,-0.11992185417338863,val,JPYIDR_RET
2024-07-26,0.6896134187552476,-0.22840748527159507,val,JPYIDR_RET
2024-07-29,-0.623148021159556,-0.11306898697666662,val,JPYIDR_RET
2024-07-30,0.3135081852795178,0.1127370323993191,val,JPYIDR_RET
2024-07-31,0.9231471193513686,-0.04837572051148014,val,JPYIDR_RET
2024-08-01,1.484003232336225,-0.15323874952329936,val,JPYIDR_RET
2024-08-02,0.5231004259277027,-0.24971072262148664,val,JPYIDR_RET
2024-08-05,0.788083744142877,-0.0844273503917208,val,JPYIDR_RET
2024-08-06,1.07525594097748,-0.13000671193290975,val,JPYIDR_RET
2024-08-07,0.3840959577664575,-0.1794027473975766,val,JPYIDR_RET
2024-08-08,-1.7609060853485152,-0.06051741163468072,val,JPYIDR_RET
2024-08-09,-1.32676276004492,0.3084409978540855,val,JPYIDR_RET
2024-08-12,0.04301989222445323,0.23376469099072986,val,JPYIDR_RET
2024-08-13,0.23600495682305112,-0.001849456953241349,val,JPYIDR_RET
2024-08-14,-1.2550652925390289,-0.03504451274255136,val,JPYIDR_RET
2024-08-15,-1.0173732932902606,0.221432122982109,val,JPYIDR_RET
2024-08-16,-0.46452527885809625,0.18054709805986005,val,JPYIDR_RET
2024-08-19,0.39397893808372786,0.08545258533030711,val,JPYIDR_RET
2024-08-20,-0.1722542187003384,-0.06221736745084093,test,JPYIDR_RET
2024-08-21,0.4027190487376682,0.03517950244838941,test,JPYIDR_RET
2024-08-22,0.42929721282488464,-0.06372074006346123,test,JPYIDR_RET
2024-08-23,0.8225100394309431,-0.06829240803936219,test,JPYIDR_RET
2024-08-26,-0.7412548599734943,-0.13592832454621517,test,JPYIDR_RET
2024-08-27,0.19613008474500343,0.13305240297829296,test,JPYIDR_RET
2024-08-28,0.40415395121202546,-0.02818569905157722,test,JPYIDR_RET
2024-08-29,-0.4929624683928161,-0.06396755536902689,test,JPYIDR_RET
2024-08-30,-0.284828684197837,0.0903440213337079,test,JPYIDR_RET
2024-09-02,-0.505869619493402,0.054543258241688104,test,JPYIDR_RET
2024-09-03,-0.2642546441007265,0.09256415998410643,test,JPYIDR_RET
2024-09-04,1.0198843225115692,0.051004350138848076,test,JPYIDR_RET
2024-09-05,0.8343530557356035,-0.1698783628658337,test,JPYIDR_RET
2024-09-06,-0.22570192409111803,-0.13796542305311052,test,JPYIDR_RET
2024-09-09,0.5566789145014522,0.04437295773441275,test,JPYIDR_RET
2024-09-10,-0.14810533107223042,-0.0902031331127554,test,JPYIDR_RET
2024-09-11,0.8689168817274112,0.031025690474741748,test,JPYIDR_RET
2024-09-12,-0.5862679814973866,-0.14391069210528565,test,JPYIDR_RET
2024-09-13,0.6494599679756232,0.10639335509639389,test,JPYIDR_RET
2024-09-16,0.3355018572379747,-0.106162255403758,test,JPYIDR_RET
2024-09-17,-0.05198518539322112,-0.05215881724588963,test,JPYIDR_RET
2024-09-18,-1.1266631442397474,0.01449221621377813,test,JPYIDR_RET
2024-09-19,-0.780573972836745,0.19934587249880154,test,JPYIDR_RET
2024-09-20,-0.776491374192015,0.13981562140556636,test,JPYIDR_RET
2024-09-23,-1.086289127442409,0.13911338006860563,test,JPYIDR_RET
2024-09-24,0.38702906096392614,0.19240120171397268,test,JPYIDR_RET
2024-09-25,0.12115035947560288,-0.061021930077485034,test,JPYIDR_RET
2024-09-26,-0.6656281814384317,-0.01528855507537455,test,JPYIDR_RET
2024-09-27,-1.1400732357437853,0.12004397759390778,test,JPYIDR_RET
2024-09-30,1.9111816495642415,0.2016525211326851,test,JPYIDR_RET
2024-10-01,-0.2998166555753693,-0.323189006660552,test,JPYIDR_RET
2024-10-02,0.5734195218372119,0.05712131549746902,test,JPYIDR_RET
2024-10-03,-1.5460863979536916,-0.09308265850822225,test,JPYIDR_RET
2024-10-04,0.6883218470140957,0.2714902031252528,test,JPYIDR_RET
2024-10-07,-0.0985095679238962,-0.11284682576386702,test,JPYIDR_RET
2024-10-08,1.052774688313229,0.022494801682665135,test,JPYIDR_RET
2024-10-09,-0.4008001687770727,-0.1755357826769875,test,JPYIDR_RET
2024-10-10,-0.7869306349298926,0.07449132991544188,test,JPYIDR_RET
2024-10-11,0.34640119818622594,0.1409090208002538,test,JPYIDR_RET
2024-10-14,-1.1201157005280038,-0.05403359564698741,test,JPYIDR_RET
2024-10-15,-0.15408524183159517,0.1982196570595873,test,JPYIDR_RET
2024-10-16,0.418185704085364,0.03205428546827189,test,JPYIDR_RET
2024-10-17,-0.285394093377173,-0.06638113499199459,test,JPYIDR_RET
2024-10-18,-0.9347173601430104,0.05464051338052946,test,JPYIDR_RET
2024-10-21,0.16570860049815314,0.16632958170517537,test,JPYIDR_RET
2024-10-22,-0.09576864004477652,-0.022952947652559636,test,JPYIDR_RET
2024-10-23,-0.16061838663022285,0.022023339012478202,test,JPYIDR_RET
2024-10-24,-0.5805460543685883,0.03317804137405229,test,JPYIDR_RET
2024-10-25,0.38219850285520546,0.10540913545920128,test,JPYIDR_RET
2024-10-28,-0.3417951206584916,-0.06019103341589098,test,JPYIDR_RET
2024-10-29,0.2264374438885206,0.0643419648947798,test,JPYIDR_RET
2024-10-30,0.07126937378577974,-0.03339881997203945,test,JPYIDR_RET
2024-10-31,-0.41516722036799913,-0.006708605604966241,test,JPYIDR_RET
2024-11-01,0.9135775377031008,0.07696258374060531,test,JPYIDR_RET
2024-11-04,0.6158235718971509,-0.1515927009166088,test,JPYIDR_RET
2024-11-05,-0.3215567710028561,-0.10037651210440668,test,JPYIDR_RET
2024-11-06,-0.2409707541221404,0.06086079837394188,test,JPYIDR_RET
2024-11-07,-0.9139678416673294,0.04699932504305142,test,JPYIDR_RET
2024-11-08,-0.917144901180472,0.16276048984392594,test,JPYIDR_RET
2024-11-11,0.7520357617817915,0.16330697082681486,test,JPYIDR_RET
2024-11-12,0.3740374720109132,-0.12380615549059018,test,JPYIDR_RET
2024-11-13,-0.6111691004210738,-0.058787267405614296,test,JPYIDR_RET
2024-11-14,-0.13065647675954375,0.11067655718567124,test,JPYIDR_RET
2024-11-15,-0.12440842173491494,0.028024340636743018,test,JPYIDR_RET
2024-11-18,0.8957030404601548,0.0269496225721683,test,JPYIDR_RET
2024-11-19,-0.5071948830628035,-0.1485181369112564,test,JPYIDR_RET
2024-11-20,0.00426915009660849,0.09279211647500547,test,JPYIDR_RET
2024-11-21,0.23223745913702695,0.0048159969226142735,test,JPYIDR_RET
2024-11-22,0.09019493404585932,-0.03439647142322028,test,JPYIDR_RET
2024-11-25,0.8219680985900992,-0.009963961297822559,test,JPYIDR_RET
2024-11-26,-0.39410822369550913,-0.13583510615916675,test,JPYIDR_RET
2024-11-27,1.0716951956503695,0.07334025902410869,test,JPYIDR_RET
2024-11-28,0.6810988956093822,-0.1787902692245594,test,JPYIDR_RET
2024-11-29,0.19846865280964457,-0.1116044173145829,test,JPYIDR_RET
2024-12-02,0.5385632638025077,-0.02858795244633772,test,JPYIDR_RET
2024-12-03,0.7709297337454357,-0.0870870886827789,test,JPYIDR_RET
2024-12-04,0.09544961930908176,-0.12705607773052804,test,JPYIDR_RET
2024-12-05,-0.8226548717642109,-0.010867811400579172,test,JPYIDR_RET
2024-12-06,-0.18145160477095656,0.14705389028646138,test,JPYIDR_RET
2024-12-09,0.02948413051545381,0.03676153028233097,test,JPYIDR_RET
2024-12-10,-0.6732061362664682,4.788080138721038e-4,test,JPYIDR_RET
2024-12-11,0.01379251011851761,0.12134744962066155,test,JPYIDR_RET
2024-12-12,0.05704059165027961,0.0031778988247822266,test,JPYIDR_RET
2024-12-13,-0.19683048317949897,-0.004261135290181601,test,JPYIDR_RET
2024-12-16,-0.20086451327317975,0.03940682683836451,test,JPYIDR_RET
2024-12-17,-0.8544179926384923,0.040100713975661985,test,JPYIDR_RET
2024-12-18,0.1534629997556201,0.15251741448019854,test,JPYIDR_RET
2024-12-19,0.6519724582851721,-0.020846601233123024,test,JPYIDR_RET
2024-12-20,-2.9235767683624907,-0.10659442488883733,test,JPYIDR_RET
2024-12-23,1.8148874419045964,0.5084301434779717,test,JPYIDR_RET
2024-12-24,-0.04279604497154515,-0.30662559227354796,test,JPYIDR_RET
2024-12-25,-1.4965907020395366,0.012911606700872054,test,JPYIDR_RET
2024-12-26,-5.826130393787354,0.26297652673988847,test,JPYIDR_RET
2024-12-27,6.7759498199262875,1.0076938027038702,test,JPYIDR_RET
2024-12-30,-0.1471793945786588,-1.1599700868602731,test,JPYIDR_RET
2024-12-31,-0.01508643571348954,0.03086642160268992,test,JPYIDR_RET
2025-01-01,0,0.008145320630318696,test,JPYIDR_RET
2025-01-02,0.43667457711671614,0.005550326679813975,test,JPYIDR_RET
2025-01-03,0.04529797387539404,-0.06956137680518237,test,JPYIDR_RET
2025-01-06,-0.21333391745089583,-0.002241306175629997,test,JPYIDR_RET
2025-01-07,-0.16437380005742933,0.04224555647007825,test,JPYIDR_RET
2025-01-08,-0.4443972622221461,0.03382400409913329,test,JPYIDR_RET
2025-01-09,0.21268126206370053,0.0819903970177128,test,JPYIDR_RET
2025-01-10,0.39577787137468146,-0.03103264088935975,test,JPYIDR_RET
2025-01-13,0.292666452535854,-0.06252679912151793,test,JPYIDR_RET
2025-01-14,0.4988572298060312,-0.04479076701981581,test,JPYIDR_RET
2025-01-15,-0.28291232443430575,-0.08025731656322777,test,JPYIDR_RET
2025-01-16,1.3919006877671714,0.05421362822915255,test,JPYIDR_RET
2025-01-17,0.6258897864239786,-0.23386830957430949,test,JPYIDR_RET
2025-01-20,-0.6200220658263539,-0.10210798574719986,test,JPYIDR_RET
2025-01-21,-0.07026404924542243,0.11219934176560936,test,JPYIDR_RET
2025-01-22,0.18916960394688545,0.017636334680153135,test,JPYIDR_RET
2025-01-23,-1.0285322050209462,-0.026988437756282003,test,JPYIDR_RET
2025-01-24,0.17064518825798666,0.18246652482077835,test,JPYIDR_RET
2025-01-27,-0.1439166723370595,-0.023802082306774164,test,JPYIDR_RET
2025-01-28,0.4800294635052567,0.03030520590933984,test,JPYIDR_RET
2025-01-29,-2.131797468827379,-0.07701878225466738,test,JPYIDR_RET
2025-01-30,2.4721981893212734,0.37223743822610744,test,JPYIDR_RET
2025-01-31,0.9184294460589444,-0.41968857451413416,test,JPYIDR_RET
2025-02-03,-0.4085913701777253,-0.15242727000044878,test,JPYIDR_RET
2025-02-04,-0.07504997213885425,0.07583148214793901,test,JPYIDR_RET
2025-02-05,0.6113252869086747,0.01845955370894817,test,JPYIDR_RET
2025-02-06,0.9895027627267516,-0.09960276921679379,test,JPYIDR_RET
2025-02-07,1.1074000300964957,-0.16465247881039674,test,JPYIDR_RET
2025-02-10,-0.5063307656002842,-0.18493180133665554,test,JPYIDR_RET
2025-02-11,0.1516502468300102,0.09264348099672892,test,JPYIDR_RET
2025-02-12,-0.5628809293128044,-0.020534792468942145,test,JPYIDR_RET
2025-02-13,-0.7938770802936491,0.10237058523267693,test,JPYIDR_RET
2025-02-14,-0.1331291200864818,0.14210386788267912,test,JPYIDR_RET
2025-02-17,0.349401137556338,0.02844965610535452,test,JPYIDR_RET
2025-02-18,0.6717734551185848,-0.05454961047415834,test,JPYIDR_RET
2025-02-19,0.2751912881258497,-0.11000036304232208,test,JPYIDR_RET
2025-02-20,0.6490935003995963,-0.041784891623582315,test,JPYIDR_RET
2025-02-21,0.58384748367777894,-0.10609921989551031,test,JPYIDR_RET
2025-02-24,0.21638426992744647,-0.09487635573441129,test,JPYIDR_RET
2025-02-25,-0.31081483036949437,-0.031669589416340176,test,JPYIDR_RET
2025-02-26,0.7387811781405872,0.05901309415210703,test,JPYIDR_RET
2025-02-27,0.48791702740567766,-0.121526255518284,test,JPYIDR_RET
2025-02-28,0.3461221046207458,-0.07837550964836915,test,JPYIDR_RET
2025-03-03,-0.696362498055975,-0.05398558920412707,test,JPYIDR_RET
2025-03-04,0.5476508182170171,0.1253305387943183,test,JPYIDR_RET
2025-03-05,-0.7701572944596363,-0.08865022454723284,test,JPYIDR_RET
2025-03-06,-0.07117981924269715,0.13802386503008396,test,JPYIDR_RET
2025-03-07,0.8584385180926536,0.017793854829253476,test,JPYIDR_RET
2025-03-10,0.15726253191465817,-0.14210832534617956,test,JPYIDR_RET
2025-03-11,0.5583681271673505,-0.021500152751500277,test,JPYIDR_RET
2025-03-12,0.01156792490653055,-0.09049369191222069,test,JPYIDR_RET
2025-03-13,-0.9437328777972128,0.0035605462093017486,test,JPYIDR_RET
2025-03-14,-0.06155156353127104,0.1678803266404025,test,JPYIDR_RET
2025-03-17,-0.05894858550872407,0.01613771378974189,test,JPYIDR_RET
2025-03-18,-0.22441949358890703,0.01568997965624034,test,JPYIDR_RET
2025-03-19,0.8299834083052654,0.0441523688916681,test,JPYIDR_RET
2025-03-20,-0.475892655733274,-0.13721380690845505,test,JPYIDR_RET
2025-03-21,0.5281851228262494,0.08740786985107817,test,JPYIDR_RET
2025-03-24,-0.17548827594583571,-0.08530196106467657,test,JPYIDR_RET
2025-03-25,-0.3869774697201375,0.035735787521088684,test,JPYIDR_RET
2025-03-26,0.8203264426012842,0.07211370930885148,test,JPYIDR_RET
2025-03-27,-0.30006261045188126,-0.1355527275085239,test,JPYIDR_RET
2025-03-28,-0.658600515895495,0.057163621806843014,test,JPYIDR_RET
2025-03-31,0.9038371269847252,0.11883515995689727,test,JPYIDR_RET
2025-04-01,0.26584297059955436,-0.14991726827170546,test,JPYIDR_RET
2025-04-02,0.5624364113300622,-0.04017690230862155,test,JPYIDR_RET
2025-04-03,1.329472681132195,-0.09119347103776532,test,JPYIDR_RET
2025-04-04,1.1207250003778468,-0.22313016687205547,test,JPYIDR_RET
2025-04-07,0.5364511499145059,-0.18722380840362918,test,JPYIDR_RET
2025-04-08,-0.9062851965953482,-0.08672378731284425,test,JPYIDR_RET
2025-04-09,2.4813993659691578,0.16143901021386065,test,JPYIDR_RET
2025-04-10,-2.5154230845769785,-0.42127125435927715,test,JPYIDR_RET
2025-04-11,2.6771043893594784,0.43822427375404643,test,JPYIDR_RET
2025-04-14,-0.2369653637991911,-0.4549341659592099,test,JPYIDR_RET
2025-04-15,0.28344633126345187,0.046310364187428656,test,JPYIDR_RET
2025-04-16,0.22737148910072116,-0.043204828539767155,test,JPYIDR_RET
2025-04-17,0.7664967322714297,-0.033559483611960116,test,JPYIDR_RET
2025-04-18,0,-0.12629356415700463,test,JPYIDR_RET
2025-04-21,0,0.005550326679813975,test,JPYIDR_RET
2025-04-22,0.864776023489853,0.005550326679813975,test,JPYIDR_RET
2025-04-23,-1.0214523217135678,-0.14319842962788995,test,JPYIDR_RET
2025-04-24,-0.4460443581032224,0.18124872528867955,test,JPYIDR_RET
2025-04-25,-0.16101313875221673,0.08227371137562124,test,JPYIDR_RET
2025-04-28,-0.4061750958170597,0.033245942062324674,test,JPYIDR_RET
2025-04-29,0.9963022018495744,0.07541586261607831,test,JPYIDR_RET
2025-04-30,-0.5810858594394808,-0.16582203958178382,test,JPYIDR_RET
2025-05-01,-1.495983805053312,0.10550198647583771,test,JPYIDR_RET
2025-05-02,-1.3285321629033384,0.26287213534898995,test,JPYIDR_RET
2025-05-05,-0.3149481703265547,0.2340690431784037,test,JPYIDR_RET
2025-05-06,0.43877997825363974,0.05972406342196316,test,JPYIDR_RET
2025-05-07,0.49574990958519366,-0.0699235235254191,test,JPYIDR_RET
2025-05-08,-0.19867368496568455,-0.07972283132572766,test,JPYIDR_RET
2025-05-09,-1.218493673821447,0.03972387306290344,test,JPYIDR_RET
2025-05-12,0.16753567500519723,0.21514149667814822,test,JPYIDR_RET
2025-05-13,-0.8211733920101407,-0.023267219849315922,test,JPYIDR_RET
2025-05-14,-0.00846350503576343,0.14679906329666617,test,JPYIDR_RET
2025-05-15,0.34840601931766296,0.007006120797455317,test,JPYIDR_RET
2025-05-16,0.42902149656889627,-0.05437844175953017,test,JPYIDR_RET
2025-05-19,0.06624957808579503,-0.0682449825221669,test,JPYIDR_RET
2025-05-20,-0.13595169264349394,-0.005845158484545184,test,JPYIDR_RET
2025-05-21,0.29498972496923315,0.028935162347478886,test,JPYIDR_RET
2025-05-22,0.05948405544383138,-0.04519038943723032,test,JPYIDR_RET
2025-05-23,-0.01474413040383422,-0.004681431633397682,test,JPYIDR_RET
2025-05-26,-0.20472708780239784,0.00808644123530116,test,JPYIDR_RET
2025-05-27,0.34878435890921256,0.040765109312443364,test,JPYIDR_RET
2025-05-28,-0.8429500798622274,-0.05444351935439439,test,JPYIDR_RET
2025-05-29,-1.005753106384537,0.15054483693806153,test,JPYIDR_RET
2025-05-30,1.3681443285725228,0.1785483280855099,test,JPYIDR_RET
2025-06-02,0.15280018145884877,-0.22978201579578578,test,JPYIDR_RET
2025-06-03,0.7468142938547983,-0.020732590906027176,test,JPYIDR_RET
2025-06-04,-0.698412978650379,-0.12290801904931092,test,JPYIDR_RET
2025-06-05,0.5204655189692853,0.1256832387188835,test,JPYIDR_RET
2025-06-06,-0.843114838590075,-0.08397412421245024,test,JPYIDR_RET
2025-06-09,-0.4126934362054473,0.15057317682630134,test,JPYIDR_RET
2025-06-10,-0.08093118930738866,0.07653707203866392,test,JPYIDR_RET
2025-06-11,-0.3965752169817916,0.019471172573986322,test,JPYIDR_RET
2025-06-12,-2.494712892746833,0.07376460263816158,test,JPYIDR_RET
2025-06-13,3.122260847907614,0.43466194640690736,test,JPYIDR_RET
2025-06-16,0.10348370808698788,-0.5315048244566054,test,JPYIDR_RET
2025-06-17,-3.444178687255648,-0.012249742306753561,test,JPYIDR_RET
2025-06-18,2.50964758446486,0.5979780563054484,test,JPYIDR_RET
2025-06-19,-3.9555256087494985,-0.4261301857530813,test,JPYIDR_RET
2025-06-20,4.768392140644222,0.6859340316654381,test,JPYIDR_RET
2025-06-23,-0.4405206516366395,-0.8146532650500632,test,JPYIDR_RET
2025-06-24,-0.16930239579165965,0.08132358736108482,test,JPYIDR_RET
2025-06-25,0.17771861845220033,0.03467176405766181,test,JPYIDR_RET
2025-06-26,0.03656495602960372,-0.02501877184908198,test,JPYIDR_RET
2025-06-27,-0.2683441633266449,-7.39153585723535e-4,test,JPYIDR_RET
2025-06-30,0.1606150695776452,0.05170778187403533,test,JPYIDR_RET
2025-07-01,0.5035285549518409,-0.0220768174534558,test,JPYIDR_RET
2025-07-02,0.316591947828981,-0.08106082381467071,test,JPYIDR_RET
2025-07-03,-0.0950639201582828,-0.04890615363117949,test,JPYIDR_RET
2025-07-04,-0.9951849865657788,0.021902121259194274,test,JPYIDR_RET
2025-07-07,-0.03147250619565921,0.17673052250712765,test,JPYIDR_RET
2025-07-08,-0.0929261360481731,0.010963862702237872,test,JPYIDR_RET
2025-07-09,-1.0092597463940178,0.021534404394947842,test,JPYIDR_RET
2025-07-10,0.3417515930314049,0.17915149968839977,test,JPYIDR_RET
2025-07-11,-0.27867316856339464,-0.05323382441684803,test,JPYIDR_RET
2025-07-14,-0.6064566268472351,0.05348445773128441,test,JPYIDR_RET
2025-07-15,-0.12625232673793974,0.10986597205819211,test,JPYIDR_RET
2025-07-16,-0.6787351029746541,0.027266789755923723,test,JPYIDR_RET
2025-07-17,0.6282996428353572,0.12229847844103796,test,JPYIDR_RET
2025-07-18,0.0627127423929481,-0.10252250133775256,test,JPYIDR_RET
2025-07-21,-0.04588090564731578,-0.005236792969908724,test,JPYIDR_RET
2025-07-22,0.7429854954252508,0.013442228707541054,test,JPYIDR_RET
2025-07-23,-0.09276068945952076,-0.12224943348602288,test,JPYIDR_RET
2025-07-24,0.4254321920452108,0.02150594618885874,test,JPYIDR_RET
2025-07-25,-0.19611595388581032,-0.06762759192690823,test,JPYIDR_RET
2025-07-28,-0.266444900169809,0.03928392178446086,test,JPYIDR_RET
2025-07-29,-0.1698732804266606,0.05138109262178214,test,JPYIDR_RET
2025-07-30,-0.16368436828623684,0.03476996102097362,test,JPYIDR_RET
2025-07-31,-0.1675531418363968,0.033705416030386834,test,JPYIDR_RET
2025-08-01,-0.6891509793521179,0.034370877650957754,test,JPYIDR_RET
2025-08-04,2.3005565133716397,0.12409009686582967,test,JPYIDR_RET
2025-08-05,-0.3628181929934886,-0.39016476125547767,test,JPYIDR_RET
2025-08-06,-0.42645615206029946,0.06795811032279235,test,JPYIDR_RET
2025-08-07,-0.0126498446416804,0.07890437502951703,test,JPYIDR_RET
2025-08-08,0.02948545577670046,0.0077262064531015496,test,JPYIDR_RET
2025-08-11,-0.8750005574642233,4.7858005778073694e-4,test,JPYIDR_RET
2025-08-12,-0.01060469686717825,0.15605778890812821,test,JPYIDR_RET
2025-08-13,-0.05795141735133612,0.0073744238184547265,test,JPYIDR_RET
2025-08-14,-0.4276799926037289,0.015518458338335941,test,JPYIDR_RET
2025-08-15,-0.01559606591511465,0.07911488590610148,test,JPYIDR_RET
2025-08-18,0.4563738113944854,0.008232981315408757,test,JPYIDR_RET
2025-08-19,-0.3837355775706429,-0.07294981094239067,test,JPYIDR_RET
2025-08-20,0.5549420796723731,0.07155607656670517,test,JPYIDR_RET
2025-08-21,0.2086571231686242,-0.08990438290030751,test,JPYIDR_RET
2025-08-22,-0.2555244608014844,-0.030340455121493016,test,JPYIDR_RET
2025-08-25,0.10016991477464884,0.049502685114811026,test,JPYIDR_RET
2025-08-26,-0.1652816721507932,-0.01167974195928555,test,JPYIDR_RET
2025-08-27,0.441585885295385,0.033980165742271085,test,JPYIDR_RET
2025-08-28,0.18982491063901769,-0.07040616315861602,test,JPYIDR_RET
2025-08-29,0.5432518131362173,-0.02710115602414218,test,JPYIDR_RET
2025-09-01,0.18614783278155647,-0.08789355863954544,test,JPYIDR_RET
2025-09-02,-0.01432703888311313,-0.02646866767653899,test,JPYIDR_RET
2025-09-03,-0.7548015215182202,0.00801469798237958,test,JPYIDR_RET
2025-09-04,0.4991892791050343,0.13538254280891354,test,JPYIDR_RET
2025-09-05,-0.33280860753041447,-0.0803144318380711,test,JPYIDR_RET
2025-09-08,-0.3450702554975289,0.06279620898222586,test,JPYIDR_RET
2025-09-09,0.9923088096024604,0.06490531565938683,test,JPYIDR_RET
2025-09-10,0.00410918023908391,-0.1651351424962126,test,JPYIDR_RET
2025-09-11,-0.02557173472412886,0.004843513084842586,test,JPYIDR_RET
2025-09-12,-0.081300613997777,0.009948880332463118,test,JPYIDR_RET
2025-09-15,-0.3765666414449621,0.01953471673079916,test,JPYIDR_RET
2025-09-16,-0.04527902313173422,0.07032295920015169,test,JPYIDR_RET
2025-09-17,0.8797544416088874,0.013338699847808324,test,JPYIDR_RET
2025-09-18,-0.2010138049619743,-0.14577484364278345,test,JPYIDR_RET
2025-09-19,0.19613922188836075,0.04012639340297271,test,JPYIDR_RET
2025-09-22,0.30898149425160737,-0.02818727071715731,test,JPYIDR_RET
2025-09-23,-0.08098715578319801,-0.047597091545943354,test,JPYIDR_RET
2025-09-24,0.38293538382351944,0.019480799278989047,test,JPYIDR_RET
2025-09-25,-0.3953219875438039,-0.060317783146001655,test,JPYIDR_RET
2025-09-26,-0.36082013945819746,0.07354903662429757,test,JPYIDR_RET
2025-09-29,0.08910625148082518,0.06761442829376087,test,JPYIDR_RET
2025-09-30,-0.02607573952166023,-0.009776698731373053,test,JPYIDR_RET
2025-10-01,0.7334745167772608,0.010035573400690612,test,JPYIDR_RET
2025-10-02,0.3860499141920228,-0.12061346508873966,test,JPYIDR_RET
2025-10-03,-0.30181536184079333,-0.06085350858960016,test,JPYIDR_RET
2025-10-06,-1.9176441262753832,0.057465109801578484,test,JPYIDR_RET
2025-10-07,-0.25118359287519293,0.3354012604199812,test,JPYIDR_RET
2025-10-08,-1.1949043476286094,0.04875601928713682,test,JPYIDR_RET
2025-10-09,-0.5998904876347732,0.2110839339821324,test,JPYIDR_RET
2025-10-10,-0.05551354861634085,0.108736540835463,test,JPYIDR_RET
2025-10-13,0.7184075238979639,0.015099124392294553,test,JPYIDR_RET
2025-10-14,-0.549983825505673,-0.11802181546939895,test,JPYIDR_RET
2025-10-15,0.6910230229174167,0.10015217480133748,test,JPYIDR_RET
2025-10-16,0.43441802740596747,-0.11331145075955765,test,JPYIDR_RET
2025-10-17,0.4882052538663252,-0.06917323125777715,test,JPYIDR_RET
2025-10-20,-0.4934881670467272,-0.07842508702608514,test,JPYIDR_RET
2025-10-21,-0.06145162593755839,0.09043444592786622,test,JPYIDR_RET
2025-10-22,-0.3960469902099374,0.01612052368228129,test,JPYIDR_RET
2025-10-23,-0.05400680392540044,0.07367374318643366,test,JPYIDR_RET
2025-10-24,-0.4424101669111099,0.014839951620660406,test,JPYIDR_RET
2025-10-27,-0.27622825033028975,0.0816485998955069,test,JPYIDR_RET
2025-10-28,-2.4428794976965493,0.05306391121222074,test,JPYIDR_RET
2025-10-29,3.0983510475352105,0.42574616608980187,test,JPYIDR_RET
2025-10-30,-0.6496715356172319,-0.5273921375037366,test,JPYIDR_RET
2025-10-31,-3.2874590135957296,0.11729930017886166,test,JPYIDR_RET
2025-11-03,2.7373162040334167,0.5710209530640961,test,JPYIDR_RET
2025-11-04,0.05969663290207318,-0.4652911049867677,test,JPYIDR_RET
2025-11-05,0.816873830204752,-0.004717996745835599,test,JPYIDR_RET
2025-11-06,-0.5631711589469213,-0.13495884910990208,test,JPYIDR_RET
2025-11-07,0.8833155050119735,0.10242050717309371,test,JPYIDR_RET
2025-11-10,-0.8130571091556142,-0.14638737652754627,test,JPYIDR_RET
2025-11-11,0.00827702474101725,0.14540299431734796,test,JPYIDR_RET
2025-11-12,0.07542721461776238,0.004126608742785789,test,JPYIDR_RET
2025-11-13,-0.2091860660345549,-0.007423789231573879,test,JPYIDR_RET
2025-11-14,-0.00807110322037407,0.04153209110705861,test,JPYIDR_RET
2025-11-17,-0.20549880603408976,0.006938624381705375,test,JPYIDR_RET
2025-11-18,-0.08857205536127087,0.04089785134513861,test,JPYIDR_RET
2025-11-19,-0.2438960693017076,0.02078546586121466,test,JPYIDR_RET
2025-11-20,-1.16945174277884,0.047502503881211904,test,JPYIDR_RET
2025-11-21,0.0252827500897213,0.2067058716707887,test,JPYIDR_RET
2025-11-24,-0.11771511284628504,0.0012014808171503678,test,JPYIDR_RET
2025-11-25,-0.12400420950294044,0.02579831709453825,test,JPYIDR_RET
2025-11-26,0.3836775235697585,0.026880094665337667,test,JPYIDR_RET
2025-11-27,-0.11885583356175508,-0.060445437430187376,test,JPYIDR_RET
2025-11-28,-0.09381346882787844,0.02599453066095496,test,JPYIDR_RET
2025-12-01,0.41517991713450025,0.021687033103222588,test,JPYIDR_RET
2025-12-02,0.0817862083523109,-0.0658641143317055,test,JPYIDR_RET
2025-12-03,-0.15516282769764447,-0.008517589688211626,test,JPYIDR_RET
2025-12-04,0.35451965768707117,0.032239639309076515,test,JPYIDR_RET
2025-12-05,0.3407636154468282,-0.05543003902779694,test,JPYIDR_RET
2025-12-08,0.04403437688187586,-0.05306388395483961,test,JPYIDR_RET
2025-12-09,-0.3059422295211405,-0.002023956854933678,test,JPYIDR_RET
2025-12-10,-0.7797306757971881,0.05817496578535195,test,JPYIDR_RET
2025-12-11,0.5323165601005391,0.1396705672153197,test,JPYIDR_RET
2025-12-12,0.20332049371208225,-0.08601260305707807,test,JPYIDR_RET
2025-12-15,-0.3618171959424587,-0.029422509927623994,test,JPYIDR_RET
2025-12-16,0.698062981155245,0.06778593040294732,test,JPYIDR_RET
2025-12-17,0.14578878310869203,-0.1145223828435777,test,JPYIDR_RET
2025-12-18,-0.3876981489779428,-0.019526571363123024,test,JPYIDR_RET
2025-12-19,0.11064249995600996,0.07223767220835774,test,JPYIDR_RET
2025-12-22,-1.3745225478857055,-0.013481114775760538,test,JPYIDR_RET
2025-12-23,0.9740043696144798,0.24197977657343045,test,JPYIDR_RET
2025-12-24,0.32005447066673826,-0.16198662471916642,test,JPYIDR_RET
2025-12-25,0,-0.049501736709124826,test,JPYIDR_RET
2025-12-26,0.1631760889639182,0.005550326679813975,test,JPYIDR_RET
2025-12-29,-0.3103345426065461,-0.022517334348282146,test,JPYIDR_RET
2025-12-30,0.46050290722269094,0.05893048061349381,test,JPYIDR_RET
2025-12-31,-0.6204648143994654,-0.07366005018635383,test,JPYIDR_RET
2026-01-01,0,0.11227549824754046,test,JPYIDR_RET
2026-01-02,-0.44878518489671737,0.005550326679813975,test,JPYIDR_RET
2026-01-05,-0.07452278190548509,0.08274515665822972,test,JPYIDR_RET
2026-01-06,0.4960739410849845,0.01836887255056595,test,JPYIDR_RET
2026-01-07,0.05398229932269871,-0.07977856747160726,test,JPYIDR_RET
2026-01-08,0.03312985661664453,-0.003735083263071496,test,JPYIDR_RET
2026-01-09,0.2190486326559759,-1.4828756771234283e-4,test,JPYIDR_RET
2026-01-12,-0.6807630705519527,-0.032127882236048545,test,JPYIDR_RET
2026-01-13,0.29727899467386315,0.12264730593713129,test,JPYIDR_RET
2026-01-14,-0.862681483600583,-0.04558416309904209,test,JPYIDR_RET
2026-01-15,0.5148530551092587,0.1539388044933149,test,JPYIDR_RET
2026-01-16,0.07805699456126577,-0.08300873317902194,test,JPYIDR_RET
2026-01-19,0.6576044905048903,-0.007876133521116574,test,JPYIDR_RET
2026-01-20,-0.03763608059369375,-0.10756318184487224,test,JPYIDR_RET
2026-01-21,0.13396790477619966,0.012024049387823518,test,JPYIDR_RET
2026-01-22,-0.5584483945132138,-0.017493280773812927,test,JPYIDR_RET
2026-01-23,-0.48514717528510665,0.10160815193108176,test,JPYIDR_RET
2026-01-26,1.8288354460511385,0.08899972512477677,test,JPYIDR_RET
2026-01-27,0.3214481587474042,-0.30902476641045346,test,JPYIDR_RET
2026-01-28,0.8725639264048568,-0.04974146279200502,test,JPYIDR_RET
2026-01-29,-0.13282084327704374,-0.1445380144930866,test,JPYIDR_RET
2026-01-30,0.288225557524024,0.028396629898849203,test,JPYIDR_RET
2026-02-02,-1.44180489945523,-0.044026895691333556,test,JPYIDR_RET
2026-02-03,-0.15515934351120778,0.25355290747157433,test,JPYIDR_RET
2026-02-04,-0.22518491271583152,0.03223903999967717,test,JPYIDR_RET
2026-02-05,-0.4706902508948794,0.04428402742531323,test,JPYIDR_RET
2026-02-06,0.5592712209251094,0.0865130124215238,test,JPYIDR_RET
2026-02-09,-0.5088482339686667,-0.09064903164140718,test,JPYIDR_RET
2026-02-10,0.4272869587133269,0.0930765067498363,test,JPYIDR_RET
2026-02-11,0.9552019220747268,-0.06794662740850017,test,JPYIDR_RET
2026-02-12,0.8830264762419058,-0.15875244545065212,test,JPYIDR_RET
2026-02-13,0.38259417398639345,-0.1463376611458556,test,JPYIDR_RET
2026-02-16,0.12915898047133,-0.060259092181481594,test,JPYIDR_RET
2026-02-17,-0.6577478270623561,-0.016666105308609198,test,JPYIDR_RET
2026-02-18,0.4984419020064354,0.11868849029908805,test,JPYIDR_RET
2026-02-19,-0.5569571049968033,-0.08018587668518792,test,JPYIDR_RET
2026-02-20,-0.4677094429812574,0.10135163757957882,test,JPYIDR_RET
2026-02-23,0.27083747203522507,0.08600028836593064,test,JPYIDR_RET
2026-02-24,-0.4240013955328394,-0.04103599860263643,test,JPYIDR_RET
2026-02-25,-0.7275465433850079,0.07848213624099887,test,JPYIDR_RET
2026-02-26,-0.604277472858624,0.13069445711922448,test,JPYIDR_RET
2026-02-27,0.21376974504530444,0.10949113922656391,test,JPYIDR_RET
2026-03-02,-0.2211082331545006,-0.031219869125779027,test,JPYIDR_RET
2026-03-03,0.00646771368091332,0.04358280422052797,test,JPYIDR_RET
2026-03-04,-0.11965318629199904,0.004437825477123696,test,JPYIDR_RET
2026-03-05,0.305903132804023,0.026131682043209644,test,JPYIDR_RET
2026-03-06,-0.06557781939884734,-0.04706758746123727,test,JPYIDR_RET
2026-03-09,-0.5026131698886208,0.01683026369470072,test,JPYIDR_RET
2026-03-10,0.14312574495286687,0.09200402323709635,test,JPYIDR_RET
2026-03-11,-0.3699223644370061,-0.019068506381070934,test,JPYIDR_RET
2026-03-12,-0.41624043228742574,0.06918008761878099,test,JPYIDR_RET
2026-03-13,0.05973034471592774,0.07714718522576801,test,JPYIDR_RET
2026-03-16,0.03336146625120011,-0.004723795461627355,test,JPYIDR_RET
2026-03-17,0.29647740499973124,-1.8812637470191733e-4,test,JPYIDR_RET
2026-03-18,0.24314851239097915,-0.04544628292676923,test,JPYIDR_RET
2026-03-19,-0.15463317021373696,-0.036273264439500706,test,JPYIDR_RET
2026-03-20,0.43686484176261714,0.032148533762830715,test,JPYIDR_RET
2026-03-23,-0.5698527808422099,-0.06959410392605338,test,JPYIDR_RET
2026-03-24,-0.08173664767629955,0.10356980238948009,test,JPYIDR_RET
2026-03-25,-0.5535109245306478,0.019609718194330446,test,JPYIDR_RET
2026-03-26,-0.70311961429674,0.10075886552713009,test,JPYIDR_RET
2026-03-27,0.8411797483786563,0.1264928196736889,test,JPYIDR_RET
2026-03-30,-0.13652573589117994,-0.13913967165941565,test,JPYIDR_RET
2026-03-31,0.3481175286412732,0.02903390261876386,test,JPYIDR_RET
2026-04-01,0.5626648464460653,-0.054328818934482166,test,JPYIDR_RET
2026-04-02,-0.14137302740577778,-0.09123276380083864,test,JPYIDR_RET
2026-04-03,-0.04986650376479619,0.029867677567041867,test,JPYIDR_RET
2023-01-04,-0.1681113116225606,0.022286126030221346,val,SGDIDR_RET
2023-01-05,0.2145088651421379,0.04984217917990499,val,SGDIDR_RET
2023-01-06,0.0811691499658761,-0.023528556667517367,val,SGDIDR_RET
2023-01-09,0.762227999558624,0.00204048964596148,val,SGDIDR_RET
2023-01-10,0.11145445467596354,-0.1285584488955075,val,SGDIDR_RET
2023-01-11,-0.4224358708723415,-0.003766980076966981,val,SGDIDR_RET
2023-01-12,-0.6284520500924925,0.0986111181679375,val,SGDIDR_RET
2023-01-13,-1.0049058129751858,0.13811650649760887,val,SGDIDR_RET
2023-01-16,-0.18320816486904928,0.21030477902621697,val,SGDIDR_RET
2023-01-17,-0.22405904930734472,0.05273713166526911,val,SGDIDR_RET
2023-01-18,0.5358504794096018,0.060570642894602386,val,SGDIDR_RET
2023-01-19,-0.452911038032591,-0.0851485969292772,val,SGDIDR_RET
2023-01-20,0.2234391789139629,0.10445499566161126,val,SGDIDR_RET
2023-01-23,-0.3787694090090737,-0.025241021750586193,val,SGDIDR_RET
2023-01-24,-0.2980157156064265,0.09023769555898908,val,SGDIDR_RET
2023-01-25,-0.45520620383819954,0.07475247479136328,val,SGDIDR_RET
2023-01-26,0.4948536673117431,0.10489511360173992,val,SGDIDR_RET
2023-01-27,0.07728184263812646,-0.07728710280616871,val,SGDIDR_RET
2023-01-30,0.11182428975167144,0.00278591452531244,val,SGDIDR_RET
2023-01-31,0.00274030483915805,-0.003837899158852104,val,SGDIDR_RET
2023-02-01,-0.00584506523532917,0.017079900602455872,val,SGDIDR_RET
2023-02-02,-0.24270497677167271,0.018726219741226614,val,SGDIDR_RET
2023-02-03,-0.23495269336390273,0.06414616112833299,val,SGDIDR_RET
2023-02-06,0.237461914313641,0.06265959357997383,val,SGDIDR_RET
2023-02-07,0.6195671152175668,-0.027930002827244893,val,SGDIDR_RET
2023-02-08,-0.04744696540230798,-0.10120198758901347,val,SGDIDR_RET
2023-02-09,-0.39908416237684574,0.026703744747126557,val,SGDIDR_RET
2023-02-10,0.18900017471997216,0.09413322562683743,val,SGDIDR_RET
2023-02-13,-0.04105737463317846,-0.018637044142997848,val,SGDIDR_RET
2023-02-14,0.30766332549686554,0.025478485325475,val,SGDIDR_RET
2023-02-15,-0.24221428948976603,-0.0413917320010522,val,SGDIDR_RET
2023-02-16,-0.3222687977384511,0.06405206758823564,val,SGDIDR_RET
2023-02-17,-0.5633302803335811,0.07940321354131932,val,SGDIDR_RET
2023-02-20,0.11070963435327363,0.12562884260257046,val,SGDIDR_RET
2023-02-21,0.1046468731244242,-0.00362415432320784,val,SGDIDR_RET
2023-02-22,0.1432787207418041,-0.0024615672992060605,val,SGDIDR_RET
2023-02-23,-0.26727387770457045,-0.009869558981191417,val,SGDIDR_RET
2023-02-24,-0.0776334543425027,0.0688574608712049,val,SGDIDR_RET
2023-02-27,-0.18903162711743815,0.032492265689539404,val,SGDIDR_RET
2023-02-28,-0.09048098362906262,0.05385383103527315,val,SGDIDR_RET
2023-03-01,0.06780495210851906,0.03495589080608914,val,SGDIDR_RET
2023-03-02,0.4962198362912693,0.0046031904399863564,val,SGDIDR_RET
2023-03-03,0.11459235090557476,-0.07754907755137774,val,SGDIDR_RET
2023-03-06,-0.2771433978961822,-0.004368698881568895,val,SGDIDR_RET
2023-03-07,0.6354243486393555,0.07075002692729365,val,SGDIDR_RET
2023-03-08,-0.13833029296688384,-0.10424274956476384,val,SGDIDR_RET
2023-03-09,0.17725023119454375,0.044131410679589936,val,SGDIDR_RET
2023-03-10,0.25062914782549306,-0.01638389061116905,val,SGDIDR_RET
2023-03-13,0.32655278406597066,-0.03045493400052577,val,SGDIDR_RET
2023-03-14,-0.3688326671026537,-0.045013949435306726,val,SGDIDR_RET
2023-03-15,-0.1126200063364704,0.08833223915633756,val,SGDIDR_RET
2023-03-16,0.25376632160843493,0.039201240334491655,val,SGDIDR_RET
2023-03-17,0.00482613269273249,-0.03105651426971591,val,SGDIDR_RET
2023-03-20,0.06568636451203905,0.016679925029390575,val,SGDIDR_RET
2023-03-21,0.05489296475366268,0.0050094479777495916,val,SGDIDR_RET
2023-03-22,-0.26889928785658335,0.007079175949922042,val,SGDIDR_RET
2023-03-23,0.25625225487417097,0.06916914735861249,val,SGDIDR_RET
2023-03-24,-1.1878243536352675,-0.03153321352409633,val,SGDIDR_RET
2023-03-27,0.3583588227351852,0.24538099492745086,val,SGDIDR_RET
2023-03-28,-0.1925924200668909,-0.051113033078213944,val,SGDIDR_RET
2023-03-29,-0.06523336675512786,0.05453664395201677,val,SGDIDR_RET
2023-03-30,-0.3338293869008706,0.030114441397702106,val,SGDIDR_RET
2023-03-31,0.02131184843351546,0.08162005673251904,val,SGDIDR_RET
2023-04-03,-0.6625916718647142,0.013518646120629488,val,SGDIDR_RET
2023-04-04,0.09897097754710488,0.14466307493046232,val,SGDIDR_RET
2023-04-05,0.3655847325433862,-0.0013731651176421972,val,SGDIDR_RET
2023-04-06,-0.24930397171239385,-0.052498663925697596,val,SGDIDR_RET
2023-04-07,-0.32911149708730675,0.06541157561522212,val,SGDIDR_RET
2023-04-10,-0.18554568007888955,0.08071536046115352,val,SGDIDR_RET
2023-04-11,0.21476660764403668,0.053185370470788224,val,SGDIDR_RET
2023-04-12,-0.30000186862135825,-0.023577981026638654,val,SGDIDR_RET
2023-04-13,-0.22822751784109369,0.07513333685003284,val,SGDIDR_RET
2023-04-14,-0.22643355011879993,0.06136998287260379,val,SGDIDR_RET
2023-04-17,-0.985757727215182,0.061025974009861136,val,SGDIDR_RET
2023-04-18,0.9628802054879496,0.20663296758605598,val,SGDIDR_RET
2023-04-19,0.3404614521697672,-0.16703524884611962,val,SGDIDR_RET
2023-04-20,0.5742915306515619,-0.04768105711912524,val,SGDIDR_RET
2023-04-21,-0.1673739134379063,-0.0925200017522528,val,SGDIDR_RET
2023-04-24,-0.8707981237811601,0.049700776685457054,val,SGDIDR_RET
2023-04-25,0.8190635742214203,0.18458846703722803,val,SGDIDR_RET
2023-04-26,-0.4811470373745138,-0.13945716304744038,val,SGDIDR_RET
2023-04-27,-0.37505086102572727,0.10986949331466694,val,SGDIDR_RET
2023-04-28,-1.104343403804778,0.08952463174691033,val,SGDIDR_RET
2023-05-01,-0.1168936297188207,0.2293727990970686,val,SGDIDR_RET
2023-05-02,-0.10227039014477064,0.04002074466630483,val,SGDIDR_RET
2023-05-03,0.7550102728336916,0.03721661170841062,val,SGDIDR_RET
2023-05-04,-0.18292999934478676,-0.12717438722518015,val,SGDIDR_RET
2023-05-05,0.3532909412733115,0.0526837910145614,val,SGDIDR_RET
2023-05-08,-0.14253447603182567,-0.05014122287419052,val,SGDIDR_RET
2023-05-09,0.6133006482237063,0.04493759922855857,val,SGDIDR_RET
2023-05-10,-0.01978336166889315,-0.10000033821863571,val,SGDIDR_RET
2023-05-11,-0.2934485238216412,0.02139900891412745,val,SGDIDR_RET
2023-05-12,0.01993664004165193,0.07387667617342455,val,SGDIDR_RET
2023-05-15,-0.756483909298328,0.013782354251517286,val,SGDIDR_RET
2023-05-16,0.5315436074817672,0.1626677254146987,val,SGDIDR_RET
2023-05-17,0.3381617078860944,-0.08432271690063414,val,SGDIDR_RET
2023-05-18,-0.2360947702281604,-0.04724006121613671,val,SGDIDR_RET
2023-05-19,-0.16379988295797193,0.06287859671941473,val,SGDIDR_RET
2023-05-22,0.2733937549311166,0.04901542535748679,val,SGDIDR_RET
2023-05-23,-0.3136125406607809,-0.034820244760507525,val,SGDIDR_RET
2023-05-24,-0.00640453115054189,0.0777433012051654,val,SGDIDR_RET
2023-05-25,0.1719861117990579,0.018833502180505692,val,SGDIDR_RET
2023-05-26,-0.27013509224555776,-0.015374450082179365,val,SGDIDR_RET
2023-05-29,-0.01042419040055936,0.06940612356344626,val,SGDIDR_RET
2023-05-30,0.00266891308930678,0.01960430668831671,val,SGDIDR_RET
2023-05-31,0.36501731279671545,0.01709359058938838,val,SGDIDR_RET
2023-06-01,-0.00437238500858852,-0.05238985627028429,val,SGDIDR_RET
2023-06-02,-0.18163567317744111,0.01844382054101308,val,SGDIDR_RET
2023-06-05,0.21937175831180997,0.05243559275139682,val,SGDIDR_RET
2023-06-06,-0.789073362989327,-0.024461058589457733,val,SGDIDR_RET
2023-06-07,0.27228086030220994,0.16891703567949576,val,SGDIDR_RET
2023-06-08,0.05416329947769117,-0.03460683756767738,val,SGDIDR_RET
2023-06-09,0.09306955184394052,0.0072190955920930985,val,SGDIDR_RET
2023-06-12,-0.09097417203125996,-2.4151557931599565e-4,val,SGDIDR_RET
2023-06-13,0.2607109768455364,0.035050463957684554,val,SGDIDR_RET
2023-06-14,0.07107185003592471,-0.03238821211498177,val,SGDIDR_RET
2023-06-15,0.3789853090461016,0.003976734441510411,val,SGDIDR_RET
2023-06-16,0.2317473617975174,-0.05506834064033817,val,SGDIDR_RET
2023-06-19,0.15476846232035257,-0.026834187842546445,val,SGDIDR_RET
2023-06-20,0.27009832496665137,-0.012072816534002741,val,SGDIDR_RET
2023-06-21,-0.12481238905852624,-0.034188317496579794,val,SGDIDR_RET
2023-06-22,-0.23462246390658476,0.041539235417800524,val,SGDIDR_RET
2023-06-23,-0.42457348995346605,0.062596269218758,val,SGDIDR_RET
2023-06-26,-0.16941769028932613,0.09902102515786618,val,SGDIDR_RET
2023-06-27,0.21772344319303227,0.05009268861431704,val,SGDIDR_RET
2023-06-28,-0.09671568235105288,-0.024144979876108738,val,SGDIDR_RET
2023-06-29,-0.23056630461030983,0.0361514483349351,val,SGDIDR_RET
2023-06-30,0.29040302880017244,0.061818465510656444,val,SGDIDR_RET
2023-07-03,-0.24741738103200803,-0.03808192047911563,val,SGDIDR_RET
2023-07-04,0.5984448862734115,0.06504980549731242,val,SGDIDR_RET
2023-07-05,-0.19116755644001793,-0.09715161707934886,val,SGDIDR_RET
2023-07-06,0.14489748674248648,0.05426341399935228,val,SGDIDR_RET
2023-07-07,0.7590761894107906,-0.010179971394982903,val,SGDIDR_RET
2023-07-10,0.1284429794356044,-0.12795406197646605,val,SGDIDR_RET
2023-07-11,0.6870778675625618,-0.007024676973969735,val,SGDIDR_RET
2023-07-12,-0.0888568477178868,-0.11414775960513887,val,SGDIDR_RET
2023-07-13,-0.7075097785256237,0.03464444866540852,val,SGDIDR_RET
2023-07-14,0.6989164362735567,0.15327651127992772,val,SGDIDR_RET
2023-07-17,0.06163608158038064,-0.11641790778459604,val,SGDIDR_RET
2023-07-18,0.17414442453418558,0.005786124841993437,val,SGDIDR_RET
2023-07-19,-0.04319106167780488,-0.015788325259657433,val,SGDIDR_RET
2023-07-20,-0.11105123434782044,0.025887638313318154,val,SGDIDR_RET
2023-07-21,0.2814197505778237,0.038900414705907896,val,SGDIDR_RET
2023-07-24,-0.5848224052252754,-0.03635929900350749,val,SGDIDR_RET
2023-07-25,-0.03227845166895447,0.1297501438668215,val,SGDIDR_RET
2023-07-26,0.3721747600443497,0.023795050742177887,val,SGDIDR_RET
2023-07-27,-0.01345118533742427,-0.05376235882827402,val,SGDIDR_RET
2023-07-28,0.20449716238345308,0.02018475920862586,val,SGDIDR_RET
2023-07-31,-0.07868777739407044,-0.02160872587160481,val,SGDIDR_RET
2023-08-01,0.2217293641152725,0.03269444127465497,val,SGDIDR_RET
2023-08-02,-0.189213196048062,-0.024913149940470246,val,SGDIDR_RET
2023-08-03,0.07901741157901407,0.05388864845175011,val,SGDIDR_RET
2023-08-04,-0.31905169298421693,0.00245310413516627,val,SGDIDR_RET
2023-08-07,0.09379299727401803,0.07878630581545844,val,SGDIDR_RET
2023-08-08,0.38088211696793817,-3.802425121167338e-4,val,SGDIDR_RET
2023-08-09,-0.7112759658177303,-0.05543207000286982,val,SGDIDR_RET
2023-08-10,0.12043731054957448,0.15399871034244872,val,SGDIDR_RET
2023-08-11,0.09355266749657516,-0.005489520563543283,val,SGDIDR_RET
2023-08-14,0.10557513286420364,-3.3415719386161585e-4,val,SGDIDR_RET
2023-08-15,0.0147774189697306,-0.002639569151437284,val,SGDIDR_RET
2023-08-16,-0.418038479557433,0.014771679617594843,val,SGDIDR_RET
2023-08-17,0.16668410703666883,0.09776788026210609,val,SGDIDR_RET
2023-08-18,0.1849905635457794,-0.014357744705655907,val,SGDIDR_RET
2023-08-21,-0.46683199190367664,-0.017868166440833465,val,SGDIDR_RET
2023-08-22,0.2275553528068353,0.10712445924781339,val,SGDIDR_RET
2023-08-23,-0.0345017714205451,-0.026030333777854756,val,SGDIDR_RET
2023-08-24,0.2770436721337881,0.02422139157861169,val,SGDIDR_RET
2023-08-25,-0.7301121216506317,-0.035520148025428286,val,SGDIDR_RET
2023-08-28,0.42130922680393745,0.15761070651495215,val,SGDIDR_RET
2023-08-29,-0.1906721595222862,-0.06318431877849032,val,SGDIDR_RET
2023-08-30,0.02956832127566092,0.05416841734575741,val,SGDIDR_RET
2023-08-31,0.11563202407418056,0.011935395877386273,val,SGDIDR_RET
2023-09-01,0.05187196490120927,-0.004568065224625967,val,SGDIDR_RET
2023-09-04,-0.2546017180650935,0.007658478860823607,val,SGDIDR_RET
2023-09-05,-0.11913517769324224,0.06642746440477126,val,SGDIDR_RET
2023-09-06,0.03659017980482623,0.04045058092248781,val,SGDIDR_RET
2023-09-07,0.01028253028829435,0.010588893631588107,val,SGDIDR_RET
2023-09-08,-0.06419906406415504,0.01563361348866731,val,SGDIDR_RET
2023-09-11,-0.01217510275204724,0.02991610489028809,val,SGDIDR_RET
2023-09-12,0.3549710156388963,0.019940059310458252,val,SGDIDR_RET
2023-09-13,0.06279171236735208,-0.050463391698437214,val,SGDIDR_RET
2023-09-14,-0.00968853210560175,0.0055645226203725594,val,SGDIDR_RET
2023-09-15,0.03395290271264874,0.0194632378328013,val,SGDIDR_RET
2023-09-18,-0.2043858265937058,0.011094614376695622,val,SGDIDR_RET
2023-09-19,0.15265328310683085,0.056798131891144285,val,SGDIDR_RET
2023-09-20,-0.01868782646467604,-0.011667212583219195,val,SGDIDR_RET
2023-09-21,-0.29203815613058154,0.021188930541471227,val,SGDIDR_RET
2023-09-22,0.23339855530273185,0.07360622594211821,val,SGDIDR_RET
2023-09-25,-0.15709483489112774,-0.027150818511447558,val,SGDIDR_RET
2023-09-26,0.21192532133379197,0.0477296742642839,val,SGDIDR_RET
2023-09-27,0.3729193144395681,-0.023033139745400985,val,SGDIDR_RET
2023-09-28,0.19537249563805187,-0.053905133588135166,val,SGDIDR_RET
2023-09-29,-0.10894199852436028,-0.01985899192099743,val,SGDIDR_RET
2023-10-02,-0.2340294799686211,0.038495950451692185,val,SGDIDR_RET
2023-10-03,-0.0271560131303032,0.062482559408047075,val,SGDIDR_RET
2023-10-04,0.6735602468335931,0.02281277874572442,val,SGDIDR_RET
2023-10-05,-0.07842761903264399,-0.11155563864545215,val,SGDIDR_RET
2023-10-06,0.5782297724110874,0.032644553653526046,val,SGDIDR_RET
2023-10-09,-0.07905270932190535,-0.09327519375044985,val,SGDIDR_RET
2023-10-10,0.7048900754668251,0.03276442013542982,val,SGDIDR_RET
2023-10-11,0.2708304574813152,-0.11756340488567193,val,SGDIDR_RET
2023-10-12,-0.14987720702354343,-0.03432871025315871,val,SGDIDR_RET
2023-10-13,-0.21023055504956045,0.046345631550710045,val,SGDIDR_RET
2023-10-16,-0.3704107471151854,0.05791890924078767,val,SGDIDR_RET
2023-10-17,0.03818719975374139,0.08863484967919236,val,SGDIDR_RET
2023-10-18,0.3622048182591736,0.01028265121174056,val,SGDIDR_RET
2023-10-19,0.14952407680064117,-0.05185053606105967,val,SGDIDR_RET
2023-10-20,0.3299082819100469,-0.011067160146766727,val,SGDIDR_RET
2023-10-23,0.08075061352431892,-0.045657395235881214,val,SGDIDR_RET
2023-10-24,0.4627372454400091,0.002120747636942694,val,SGDIDR_RET
2023-10-25,-0.12702825582213895,-0.07112850049345143,val,SGDIDR_RET
2023-10-26,-0.2591027499607263,0.041964147079179254,val,SGDIDR_RET
2023-10-27,0.5321858609523411,0.06729057629042173,val,SGDIDR_RET
2023-10-30,-0.2037391922357757,-0.08444587457134306,val,SGDIDR_RET
2023-10-31,0.00498557941712469,0.0566741341473067,val,SGDIDR_RET
2023-11-01,-0.9057237208172182,0.016649349737737015,val,SGDIDR_RET
2023-11-02,1.1520785721579183,0.19128575304057965,val,SGDIDR_RET
2023-11-03,-0.28818224521734326,-0.20331567582486432,val,SGDIDR_RET
2023-11-06,-0.7931624792291123,0.07286682159742686,val,SGDIDR_RET
2023-11-07,0.14123871739462315,0.16970115916722076,val,SGDIDR_RET
2023-11-08,0.1869359530389716,-0.00947837065448193,val,SGDIDR_RET
2023-11-09,-0.2835851219128524,-0.018241211740828538,val,SGDIDR_RET
2023-11-10,0.27692681965552507,0.07198528335110678,val,SGDIDR_RET
2023-11-13,-0.14924822406809984,-0.035497740549721574,val,SGDIDR_RET
2023-11-14,-0.01380072181533699,0.04622501861632011,val,SGDIDR_RET
2023-11-15,-1.7915378692406607,0.02025178585841423,val,SGDIDR_RET
2023-11-16,1.2894041569011534,0.3611482951664088,val,SGDIDR_RET
2023-11-17,0.13534100819010828,-0.22964904718150606,val,SGDIDR_RET
2023-11-20,-0.22733539704412453,-0.008347433786990273,val,SGDIDR_RET
2023-11-21,0.3321920717231723,0.06119891097594668,val,SGDIDR_RET
2023-11-22,0.7599722378792637,-0.0460953317308322,val,SGDIDR_RET
2023-11-23,0.39281985807594993,-0.12812588703818323,val,SGDIDR_RET
2023-11-24,-0.6477786240104538,-0.05772123534918528,val,SGDIDR_RET
2023-11-27,0.4685995971932024,0.14182254458938065,val,SGDIDR_RET
2023-11-28,-0.3321813232409914,-0.0722526572631367,val,SGDIDR_RET
2023-11-29,-0.8916542442203508,0.08130402623859376,val,SGDIDR_RET
2023-11-30,0.7969858595497039,0.18858780893415822,val,SGDIDR_RET
2023-12-01,0.5814546011143861,-0.13522356986636402,val,SGDIDR_RET
2023-12-04,-0.39108814150248666,-0.09389358261050312,val,SGDIDR_RET
2023-12-05,0.14949246628215754,0.09259991930628794,val,SGDIDR_RET
2023-12-06,-0.6122281402439258,-0.011061098555814379,val,SGDIDR_RET
2023-12-07,0.05696761422243004,0.13500543113828817,val,SGDIDR_RET
2023-12-08,0.2827734092458286,0.00668134392904946,val,SGDIDR_RET
2023-12-11,0.2578295212320657,-0.036618874788029804,val,SGDIDR_RET
2023-12-12,0.3685848927167088,-0.03183566802162088,val,SGDIDR_RET
2023-12-13,-0.30011981851276454,-0.05307397064746564,val,SGDIDR_RET
2023-12-14,-1.2803752912143611,0.07515595476422332,val,SGDIDR_RET
2023-12-15,1.590031340760805,0.26312843953678977,val,SGDIDR_RET
2023-12-18,-1.5712391007798026,-0.28729691583817024,val,SGDIDR_RET
2023-12-19,1.1991152409776666,0.31890409653337587,val,SGDIDR_RET
2023-12-20,0.2903056112190895,-0.21233536483420473,val,SGDIDR_RET
2023-12-21,0.15041770669963517,-0.038063239813425256,val,SGDIDR_RET
2023-12-22,-0.1119217923513139,-0.011238521426819578,val,SGDIDR_RET
2023-12-25,0.14316772788944915,0.03906735174998714,val,SGDIDR_RET
2023-12-26,0.1296246777466966,-0.009848275139549958,val,SGDIDR_RET
2023-12-27,-0.2604360234036085,-0.007251277869321393,val,SGDIDR_RET
2023-12-28,0.0765669436605177,0.06754624303130627,val,SGDIDR_RET
2023-12-29,0.3202505823403115,0.002923002601762684,val,SGDIDR_RET
2024-01-01,-0.21440208106055253,-0.04380544762032045,val,SGDIDR_RET
2024-01-02,-0.0203655822000066,0.058718835516555865,val,SGDIDR_RET
2024-01-03,0.2126075677917206,0.02151065474826636,val,SGDIDR_RET
2024-01-04,0.21267017429910884,-0.02316396641813629,val,SGDIDR_RET
2024-01-05,-0.3585223624730195,-0.02317597175866682,val,SGDIDR_RET
2024-01-08,-0.23350558870592683,0.08635514886307641,val,SGDIDR_RET
2024-01-09,0.1884568641479709,0.06238209871678679,val,SGDIDR_RET
2024-01-10,0.07991561508384552,-0.01853285963083101,val,SGDIDR_RET
2024-01-11,0.14239314668915729,0.002280865826545275,val,SGDIDR_RET
2024-01-12,0.10738333785097298,-0.00969974247951216,val,SGDIDR_RET
2024-01-15,-0.5243202207650632,-0.0029863081330666653,val,SGDIDR_RET
2024-01-16,0.12264193132317464,0.1181483255002167,val,SGDIDR_RET
2024-01-17,-0.1268078815047873,-0.0059122757088450745,val,SGDIDR_RET
2024-01-18,-0.1515556783103568,0.04192188839339148,val,SGDIDR_RET
2024-01-19,-0.020681395450135,0.04666749297070515,val,SGDIDR_RET
2024-01-22,0.16985287032753352,0.021571214676778798,val,SGDIDR_RET
2024-01-23,0.2108038042698399,-0.014965382536841217,val,SGDIDR_RET
2024-01-24,0.4836941860344832,-0.022818079125902585,val,SGDIDR_RET
2024-01-25,0.08486483847426786,-0.075147175529172,val,SGDIDR_RET
2024-01-26,0.5469588889762623,0.0013318093363751948,val,SGDIDR_RET
2024-01-29,-0.3826575177267485,-0.08727873076302337,val,SGDIDR_RET
2024-01-30,0.5583466912079672,0.09098327411180548,val,SGDIDR_RET
2024-01-31,-0.24740559127746756,-0.0894624405623603,val,SGDIDR_RET
2024-02-01,-0.18425509045612223,0.06504754470967333,val,SGDIDR_RET
2024-02-02,0.01307979491995718,0.05293788872243882,val,SGDIDR_RET
2024-02-05,-0.5080251791910492,0.015097213745923772,val,SGDIDR_RET
2024-02-06,-0.3615405866988098,0.11502361001589712,val,SGDIDR_RET
2024-02-07,0.38575908108047535,0.08693391952350327,val,SGDIDR_RET
2024-02-08,-0.5183512593071373,-0.05636727015008625,val,SGDIDR_RET
2024-02-09,-0.1789658856413576,0.11700372539544426,val,SGDIDR_RET
2024-02-12,-0.2775172081813892,0.051923637846835714,val,SGDIDR_RET
2024-02-13,-0.08744092329564444,0.07082170829006151,val,SGDIDR_RET
2024-02-14,0.0575544736773214,0.034372932882726345,val,SGDIDR_RET
2024-02-15,-0.4499953974783074,0.006568808541061084,val,SGDIDR_RET
2024-02-16,0.9249407479792902,0.10389589630949861,val,SGDIDR_RET
2024-02-19,-0.2594779801986684,-0.1597600289698447,val,SGDIDR_RET
2024-02-20,-0.03975904603970926,0.0673625299414362,val,SGDIDR_RET
2024-02-21,0.3695800572725915,0.025229519562404,val,SGDIDR_RET
2024-02-22,-0.13925170506757897,-0.053264802078185756,val,SGDIDR_RET
2024-02-23,-0.22595601374617175,0.04430809943766423,val,SGDIDR_RET
2024-02-26,-0.08889428507071959,0.06093440227062381,val,SGDIDR_RET
2024-02-27,0.26494241613440056,0.03465162760236043,val,SGDIDR_RET
2024-02-28,0.11946155015800428,-0.033199627281173025,val,SGDIDR_RET
2024-02-29,0.22580833642077977,-0.005302410049545736,val,SGDIDR_RET
2024-03-01,-0.04922767455010615,-0.025695328240859176,val,SGDIDR_RET
2024-03-04,0.07981579363960946,0.027045211163270456,val,SGDIDR_RET
2024-03-05,0.5031070017262299,0.002300007453834463,val,SGDIDR_RET
2024-03-06,-0.06074498072364664,-0.07886975122870121,val,SGDIDR_RET
2024-03-07,-0.19214070878545508,0.029253754466130304,val,SGDIDR_RET
2024-03-08,0.10835760543371664,0.054450024397894536,val,SGDIDR_RET
2024-03-11,-0.4190827915582091,-0.003173132388030492,val,SGDIDR_RET
2024-03-12,-0.03369465498039784,0.09796813614144609,val,SGDIDR_RET
2024-03-13,0.01877458698146368,0.024066620004282054,val,SGDIDR_RET
2024-03-14,0.21373114143169908,0.014005187999702485,val,SGDIDR_RET
2024-03-15,0.0268614510266138,-0.023379421403916315,val,SGDIDR_RET
2024-03-18,-0.07587157069122377,0.012454461713629978,val,SGDIDR_RET
2024-03-19,0.5802047420127275,0.032154409225552204,val,SGDIDR_RET
2024-03-20,-0.3990793826323739,-0.0936539112926712,val,SGDIDR_RET
2024-03-21,0.05766956123618332,0.09413230906939912,val,SGDIDR_RET
2024-03-22,-0.07406960409896403,0.006546739503949706,val,SGDIDR_RET
2024-03-25,0.02790317550629631,0.03180886651015098,val,SGDIDR_RET
2024-03-26,0.15158905375810114,0.01225470201389103,val,SGDIDR_RET
2024-03-27,0.32073237965223705,-0.01146313737974465,val,SGDIDR_RET
2024-03-28,0.05446692323119173,-0.043897836431606344,val,SGDIDR_RET
2024-03-29,-0.08153086931158898,0.007160873105230382,val,SGDIDR_RET
2024-04-01,-0.02563722556721035,0.03323962879674029,val,SGDIDR_RET
2024-04-02,0.25524338939100444,0.02252153806405863,val,SGDIDR_RET
2024-04-03,0.14644662756900947,-0.03133975482179555,val,SGDIDR_RET
2024-04-04,0.1372075582690624,-0.010477032578045331,val,SGDIDR_RET
2024-04-05,-0.24013617854554084,-0.008705360945842507,val,SGDIDR_RET
2024-04-08,-0.1730758427050906,0.06365357179943631,val,SGDIDR_RET
2024-04-09,0.3417547826243436,0.05079417105273984,val,SGDIDR_RET
2024-04-10,0.03157316825867773,-0.047929064445734436,val,SGDIDR_RET
2024-04-11,-0.01914744816907197,0.011550949088277477,val,SGDIDR_RET
2024-04-12,0.13922328098961934,0.0212770669877719,val,SGDIDR_RET
2024-04-15,0.13224550101831756,-0.009091893251906916,val,SGDIDR_RET
2024-04-16,-0.4572867215220962,-0.007753843451698231,val,SGDIDR_RET
2024-04-17,1.3452879186059947,0.10529407090373538,val,SGDIDR_RET
2024-04-18,-0.08811662452222087,-0.24036524294743855,val,SGDIDR_RET
2024-04-19,-0.28726486482991886,0.03450250445060894,val,SGDIDR_RET
2024-04-22,-0.00841381116624872,0.07269090595532333,val,SGDIDR_RET
2024-04-23,0.17151354171914476,0.019218799042062973,val,SGDIDR_RET
2024-04-24,-0.5387526057633883,-0.01528383067262317,val,SGDIDR_RET
2024-04-25,0.4344082788453945,0.12091586043868813,val,SGDIDR_RET
2024-04-26,0.04335836785678303,-0.06569617556375448,val,SGDIDR_RET
2024-04-29,-0.16512306759869155,0.009291034898876291,val,SGDIDR_RET
2024-04-30,0.3657169027081128,0.049269157483096335,val,SGDIDR_RET
2024-05-01,-0.21189369502483416,-0.052524008700573464,val,SGDIDR_RET
2024-05-02,-0.12431116003920543,0.05823783074888717,val,SGDIDR_RET
2024-05-03,-0.1186675992673471,0.04144312040816719,val,SGDIDR_RET
2024-05-06,0.08716391672598252,0.04036091870586246,val,SGDIDR_RET
2024-05-07,-0.3262848901093345,8.909411507885059e-4,val,SGDIDR_RET
2024-05-08,0.04042740112918906,0.08017333406913493,val,SGDIDR_RET
2024-05-09,-0.07348078147532193,0.009853073177584552,val,SGDIDR_RET
2024-05-10,-0.00225024485804267,0.031695954667535844,val,SGDIDR_RET
2024-05-13,-0.1274926668315819,0.01803688177021046,val,SGDIDR_RET
2024-05-14,0.6418038129278899,0.04205320191624141,val,SGDIDR_RET
2024-05-15,-0.08243675713226133,-0.10546606714597434,val,SGDIDR_RET
2024-05-16,-0.5467266787491992,0.033413340639539484,val,SGDIDR_RET
2024-05-17,-0.06107649826912016,0.1224449580613412,val,SGDIDR_RET
2024-05-20,0.2426965963457945,0.029317325829416464,val,SGDIDR_RET
2024-05-21,0.2699445467246457,-0.028933798486621677,val,SGDIDR_RET
2024-05-22,-0.15340734620526544,-0.0341588291855642,val,SGDIDR_RET
2024-05-23,0.0240728570777032,0.047022566341752295,val,SGDIDR_RET
2024-05-24,0.1987646573890016,0.012989198777789205,val,SGDIDR_RET
2024-05-27,-0.1933694480833041,-0.020509468343556082,val,SGDIDR_RET
2024-05-28,0.2818956141519645,0.05468564581025741,val,SGDIDR_RET
2024-05-29,0.29842717748614545,-0.0364505499691333,val,SGDIDR_RET
2024-05-30,0.4442442865423336,-0.03962062055138345,val,SGDIDR_RET
2024-05-31,0.14574625972118724,-0.06758231530846834,val,SGDIDR_RET
2024-06-03,0.02498722974092183,-0.01034273097170272,val,SGDIDR_RET
2024-06-04,0.169668462596229,0.012813859892876256,val,SGDIDR_RET
2024-06-05,0.3269223937548235,-0.014930020755724048,val,SGDIDR_RET
2024-06-06,0.15100550430805826,-0.0450848252973085,val,SGDIDR_RET
2024-06-07,-0.23936681761803336,-0.011351236713880563,val,SGDIDR_RET
2024-06-10,-0.34500417370289443,0.06350604017195972,val,SGDIDR_RET
2024-06-11,0.20604968042879468,0.08376291897657359,val,SGDIDR_RET
2024-06-12,-0.05968543750498708,-0.02190643466565298,val,SGDIDR_RET
2024-06-13,-0.09548267030441727,0.029050577868721,val,SGDIDR_RET
2024-06-14,0.11621768289637135,0.035915007585951744,val,SGDIDR_RET
2024-06-17,1.004610452865178,-0.004680370380885666,val,SGDIDR_RET
2024-06-18,0.18607239733102757,-0.17503738554223308,val,SGDIDR_RET
2024-06-19,-0.6271847799119036,-0.018075617447624134,val,SGDIDR_RET
2024-06-20,0.05157721281726201,0.13787349645445454,val,SGDIDR_RET
2024-06-21,0.4076623265502197,0.007715000128140546,val,SGDIDR_RET
2024-06-24,-0.3685542419745292,-0.06056740734920255,val,SGDIDR_RET
2024-06-25,-0.1228014374345492,0.08827884872433878,val,SGDIDR_RET
2024-06-26,-0.09530614739093136,0.04115361801086618,val,SGDIDR_RET
2024-06-27,-0.1056091381262539,0.03588115778700515,val,SGDIDR_RET
2024-06-28,-0.3007499170462288,0.03785684557762753,val,SGDIDR_RET
2024-07-01,0.05135613214623782,0.0752767816203697,val,SGDIDR_RET
2024-07-02,0.06375161671577985,0.007757394263368449,val,SGDIDR_RET
2024-07-03,0.135075272070054,0.005380452640104378,val,SGDIDR_RET
2024-07-04,-0.10935723775493993,-0.008296476582290605,val,SGDIDR_RET
2024-07-05,0.05085710615750302,0.03857557617388478,val,SGDIDR_RET
2024-07-08,-0.299372540796227,0.007853086822788746,val,SGDIDR_RET
2024-07-09,0.14020496099569557,0.07501265778389063,val,SGDIDR_RET
2024-07-10,-0.0849373072084576,-0.009280138903303418,val,SGDIDR_RET
2024-07-11,-0.34278824529649127,0.03389284279403949,val,SGDIDR_RET
2024-07-12,-0.09740212713037544,0.08333799549465543,val,SGDIDR_RET
2024-07-15,-0.03698961798903339,0.03628308007219315,val,SGDIDR_RET
2024-07-16,0.500685176533511,0.02469845772538138,val,SGDIDR_RET
2024-07-17,-0.17239802186314152,-0.0784053452530778,val,SGDIDR_RET
2024-07-18,0.13366662956445377,0.050664193030234485,val,SGDIDR_RET
2024-07-19,-0.03121567919306535,-0.008026357170251849,val,SGDIDR_RET
2024-07-22,0.09394350564095444,0.023591254906700224,val,SGDIDR_RET
2024-07-23,-0.044760764055958,-4.0910379624109136e-4,val,SGDIDR_RET
2024-07-24,0.01703891163744717,0.02618864235215474,val,SGDIDR_RET
2024-07-25,0.304000099103201,0.014338018793571033,val,SGDIDR_RET
2024-07-26,0.623026321669744,-0.0406892765833805,val,SGDIDR_RET
2024-07-29,-0.3389548228719045,-0.10186532041424626,val,SGDIDR_RET
2024-07-30,0.10882289004818516,0.08260290351261676,val,SGDIDR_RET
2024-07-31,0.24843686725201175,-0.0032623547464296215,val,SGDIDR_RET
2024-08-01,0.01120323735357376,-0.030034545195574552,val,SGDIDR_RET
2024-08-02,0.08049466314657984,0.015457059927245966,val,SGDIDR_RET
2024-08-05,-0.8329528928841405,0.002169828340720348,val,SGDIDR_RET
2024-08-06,1.2468246257198938,0.17733131593059012,val,SGDIDR_RET
2024-08-07,-0.3608450926548558,-0.2214840529534873,val,SGDIDR_RET
2024-08-08,-0.8912036906889931,0.08680055251130364,val,SGDIDR_RET
2024-08-09,-0.23653461109346932,0.18850141138865004,val,SGDIDR_RET
2024-08-12,-0.2436370373909665,0.06296294001833942,val,SGDIDR_RET
2024-08-13,0.2321960098562234,0.06432489183216111,val,SGDIDR_RET
2024-08-14,-0.7543963543888877,-0.026920219997155007,val,SGDIDR_RET
2024-08-15,-0.7975758409320635,0.1622674186636992,val,SGDIDR_RET
2024-08-16,0.4461784652529049,0.1705474595334074,val,SGDIDR_RET
2024-08-19,0.03323542861137323,-0.06795321084370903,val,SGDIDR_RET
2024-08-20,-0.4247609498068906,0.011232196255432838,test,SGDIDR_RET
2024-08-21,-0.2667027270767132,0.09905697220985885,test,SGDIDR_RET
2024-08-22,0.2118435462991036,0.0687479377869809,test,SGDIDR_RET
2024-08-23,1.1996606927830789,-0.023017458673587766,test,SGDIDR_RET
2024-08-26,-1.571813066142072,-0.21243995994644058,test,SGDIDR_RET
2024-08-27,0.35342829360815203,0.31901415936732447,test,SGDIDR_RET
2024-08-28,0.2118164374658792,-0.05016756137511021,test,SGDIDR_RET
2024-08-29,-0.34043130103969577,-0.0230122603198092,test,SGDIDR_RET
2024-08-30,0.10014281690190886,0.0828860310009513,test,SGDIDR_RET
2024-09-02,0.25419868454542344,-0.0015978754726578247,test,SGDIDR_RET
2024-09-03,-0.05759744687899774,-0.031139423611058634,test,SGDIDR_RET
2024-09-04,0.04417259128381686,0.028650187565295963,test,SGDIDR_RET
2024-09-05,-0.27252151896327254,0.00913490049820034,test,SGDIDR_RET
2024-09-06,0.07062470538500606,0.06986374157461654,test,SGDIDR_RET
2024-09-09,-0.3467817986708425,0.004062478304642635,test,SGDIDR_RET
2024-09-10,0.13332594466072778,0.08410379397449436,test,SGDIDR_RET
2024-09-11,0.3437382286347507,-0.007961027886548507,test,SGDIDR_RET
2024-09-12,-0.3684849159646256,-0.04830940741281926,test,SGDIDR_RET
2024-09-13,0.17923873802681978,0.08826555486094925,test,SGDIDR_RET
2024-09-16,0.08336115356502284,-0.016765204034719747,test,SGDIDR_RET
2024-09-17,0.0845330046417807,0.0016201539532400243,test,SGDIDR_RET
2024-09-18,-0.27653312228559546,0.0013954413504381237,test,SGDIDR_RET
2024-09-19,-0.30858513521620873,0.0706330012884549,test,SGDIDR_RET
2024-09-20,-0.3908299585395034,0.07677925262834809,test,SGDIDR_RET
2024-09-23,-0.1146011941029216,0.09255041048493534,test,SGDIDR_RET
2024-09-24,0.07753187862384986,0.03958115026372111,test,SGDIDR_RET
2024-09-25,0.31463952508108356,0.0027379679574759414,test,SGDIDR_RET
2024-09-26,-0.04665663339343157,-0.04272947874833712,test,SGDIDR_RET
2024-09-27,-0.410315663304398,0.026552191732998148,test,SGDIDR_RET
2024-09-30,0.5660034835582641,0.09628696329611955,test,SGDIDR_RET
2024-10-01,0.00668636267712842,-0.09093069687263242,test,SGDIDR_RET
2024-10-02,0.3404597363354688,0.01632320980345908,test,SGDIDR_RET
2024-10-03,0.12471004829602228,-0.047680728093023865,test,SGDIDR_RET
2024-10-04,0.550433436121436,-0.006308855066994527,test,SGDIDR_RET
2024-10-07,0.5810920838433763,-0.08794500529912744,test,SGDIDR_RET
2024-10-08,0.6571080102421665,-0.09382406678110727,test,SGDIDR_RET
2024-10-09,-0.4196312654786828,-0.1084007796538125,test,SGDIDR_RET
2024-10-10,-0.34407878282761495,0.09807331077044382,test,SGDIDR_RET
2024-10-11,0.14352972998636696,0.08358546725398058,test,SGDIDR_RET
2024-10-14,-0.8121415845391065,-0.009917692179847611,test,SGDIDR_RET
2024-10-15,0.03242744177173264,0.1733405671411927,test,SGDIDR_RET
2024-10-16,-0.09164977544814187,0.011387134736410856,test,SGDIDR_RET
2024-10-17,-0.2511503606009573,0.03518001676971031,test,SGDIDR_RET
2024-10-18,-0.64742398126188,0.0657656366910386,test,SGDIDR_RET
2024-10-21,0.151380641457547,0.1417545387679265,test,SGDIDR_RET
2024-10-22,0.06589337468624094,-0.011423172514377095,test,SGDIDR_RET
2024-10-23,0.23216719378670608,0.00496975198226518,test,SGDIDR_RET
2024-10-24,-0.02856074842457297,-0.026914694266017163,test,SGDIDR_RET
2024-10-25,0.05871970481759691,0.023082148916118757,test,SGDIDR_RET
2024-10-28,0.07872305532544259,0.006345365368468223,test,SGDIDR_RET
2024-10-29,0.437488557440336,0.0025095494985771793,test,SGDIDR_RET
2024-10-30,0.0539054512905645,-0.06628684568741841,test,SGDIDR_RET
2024-10-31,-0.34064575536277786,0.007268540217273023,test,SGDIDR_RET
2024-11-01,0.2825396915597483,0.08292715447651716,test,SGDIDR_RET
2024-11-04,0.6442472579262253,-0.03657405739561399,test,SGDIDR_RET
2024-11-05,-0.15692151752090763,-0.10593461890674782,test,SGDIDR_RET
2024-11-06,-0.3132184388730999,0.04769643915604754,test,SGDIDR_RET
2024-11-07,-0.5223600514279257,0.07766772877089015,test,SGDIDR_RET
2024-11-08,-0.718081765555464,0.11777244603701795,test,SGDIDR_RET
2024-11-11,0.04307043434984126,0.15530378144196574,test,SGDIDR_RET
2024-11-12,0.3531274897797023,0.009346248644941853,test,SGDIDR_RET
2024-11-13,-0.29314586162184036,-0.050109879633322064,test,SGDIDR_RET
2024-11-14,0.06578579388195237,0.0738186380728195,test,SGDIDR_RET
2024-11-15,0.3372739551885169,0.004990381534110702,test,SGDIDR_RET
2024-11-18,-0.01766899560964494,-0.047069826940405214,test,SGDIDR_RET
2024-11-19,-0.24141358344543307,0.020993560892725124,test,SGDIDR_RET
2024-11-20,0.19292310632878637,0.06389852526287543,test,SGDIDR_RET
2024-11-21,0.16557615685300228,-0.019389300287071552,test,SGDIDR_RET
2024-11-22,-0.9002343385490743,-0.014145285653064193,test,SGDIDR_RET
2024-11-25,1.0362607141447615,0.19023311640294308,test,SGDIDR_RET
2024-11-26,-0.6894442795723904,-0.18110659752023683,test,SGDIDR_RET
2024-11-27,0.4199134689205225,0.14981229524496234,test,SGDIDR_RET
2024-11-28,-0.05134805327252701,-0.06291667010445301,test,SGDIDR_RET
2024-11-29,0.0637725649801045,0.027451812164960208,test,SGDIDR_RET
2024-12-02,-0.29863694846135574,0.005376435628818612,test,SGDIDR_RET
2024-12-03,0.234916198388949,0.0748716015767936,test,SGDIDR_RET
2024-12-04,0.18912767456093885,-0.027441839729750908,test,SGDIDR_RET
2024-12-05,-0.11900269029026612,-0.018661493342805487,test,SGDIDR_RET
2024-12-06,-0.04054832944678887,0.04042517531442744,test,SGDIDR_RET
2024-12-09,-0.2847121902053022,0.02538087149804749,test,SGDIDR_RET
2024-12-10,0.3007561630864877,0.07220140846679349,test,SGDIDR_RET
2024-12-11,0.21581259992595717,-0.04006722373033773,test,SGDIDR_RET
2024-12-12,0.215492788981137,-0.023778559114454513,test,SGDIDR_RET
2024-12-13,-0.2148956517320219,-0.023717232593328724,test,SGDIDR_RET
2024-12-16,0.2195822936580183,0.0588134819715981,test,SGDIDR_RET
2024-12-17,-0.5176496719368638,-0.024501430567234264,test,SGDIDR_RET
2024-12-18,-0.1977211071171933,0.11686918993509954,test,SGDIDR_RET
2024-12-19,0.3928874341111208,0.05552011415474799,test,SGDIDR_RET
2024-12-20,-0.9402131849767734,-0.05773419363974921,test,SGDIDR_RET
2024-12-23,1.5588985308953276,0.19789940678400486,test,SGDIDR_RET
2024-12-24,0.2311003089364557,-0.28132692965463263,test,SGDIDR_RET
2024-12-25,-1.730778710705492,-0.026710109847105354,test,SGDIDR_RET
2024-12-26,-5.749257738953644,0.34949719979321037,test,SGDIDR_RET
2024-12-27,7.181289242172875,1.1200753898485662,test,SGDIDR_RET
2024-12-30,-0.00318528812262995,-1.3594690893187176,test,SGDIDR_RET
2024-12-31,-0.6736224779939434,0.01821618442213029,test,SGDIDR_RET
2025-01-01,0,0.1467783276323331,test,SGDIDR_RET
2025-01-02,0.4424128214551175,0.017605377811199426,test,SGDIDR_RET
2025-01-03,-0.47892629075102794,-0.06723111600093534,test,SGDIDR_RET
2025-01-06,-0.21949165153227276,0.1094436458978538,test,SGDIDR_RET
2025-01-07,0.5102031585096378,0.059694804776240444,test,SGDIDR_RET
2025-01-08,-0.20125716180126416,-0.08023050080884556,test,SGDIDR_RET
2025-01-09,-0.06396130744446259,0.05619818329464741,test,SGDIDR_RET
2025-01-10,0.31494018122646844,0.029870512997338443,test,SGDIDR_RET
2025-01-13,-0.05386302169260751,-0.04278713217061732,test,SGDIDR_RET
2025-01-14,0.3955865002152036,0.02793407916189334,test,SGDIDR_RET
2025-01-15,0.2303082109464285,-0.05825176296354149,test,SGDIDR_RET
2025-01-16,0.30603509193949185,-0.026558218190781913,test,SGDIDR_RET
2025-01-17,0.00497290488678221,-0.04107950410119045,test,SGDIDR_RET
2025-01-20,-0.04549301146320445,0.016651780188806302,test,SGDIDR_RET
2025-01-21,0.16366262301254447,0.026329057140382386,test,SGDIDR_RET
2025-01-22,0.5393271385086097,-0.013778348950639133,test,SGDIDR_RET
2025-01-23,-0.6277320727002689,-0.08581527645083759,test,SGDIDR_RET
2025-01-24,-0.07957363118909941,0.1379784445911312,test,SGDIDR_RET
2025-01-27,0.16198486993161332,0.03286431141936111,test,SGDIDR_RET
2025-01-28,-0.11019771224177448,-0.013456625252848096,test,SGDIDR_RET
2025-01-29,-1.8723083278988344,0.03873674444284922,test,SGDIDR_RET
2025-01-30,2.414417798170735,0.37663673081712057,test,SGDIDR_RET
2025-01-31,-0.01172733651568172,-0.44538016569253824,test,SGDIDR_RET
2025-02-03,-0.7999469418352301,0.019854196252928034,test,SGDIDR_RET
2025-02-04,0.4956896314395009,0.17100213868677783,test,SGDIDR_RET
2025-02-05,0.40056645939326174,-0.07744740617467968,test,SGDIDR_RET
2025-02-06,0.28856465925376784,-0.05920671330744077,test,SGDIDR_RET
2025-02-07,0.05784735574436826,-0.03772939718167816,test,SGDIDR_RET
2025-02-10,-0.5821653563811546,0.006512645865696064,test,SGDIDR_RET
2025-02-11,0.17764955524974357,0.12924063171687658,test,SGDIDR_RET
2025-02-12,0.3163508847182613,-0.016460464460513136,test,SGDIDR_RET
2025-02-13,0.19008415471859855,-0.043057646794625294,test,SGDIDR_RET
2025-02-14,-0.28821799186950936,-0.018844906704809414,test,SGDIDR_RET
2025-02-17,0.02828245046929379,0.07287367632786915,test,SGDIDR_RET
2025-02-18,0.18871497580538865,0.012181972751783293,test,SGDIDR_RET
2025-02-19,0.5209473533054254,-0.018582354778723296,test,SGDIDR_RET
2025-02-20,0.10999814420352336,-0.08229079330288142,test,SGDIDR_RET
2025-02-21,0.10707578094838936,-0.003487719919050756,test,SGDIDR_RET
2025-02-24,0.01345924949120298,-0.0029273314307706154,test,SGDIDR_RET
2025-02-25,-0.262677033475304,0.015024450042377386,test,SGDIDR_RET
2025-02-26,0.4843399663466107,0.06797597613997844,test,SGDIDR_RET
2025-02-27,0.17940956257931742,-0.07527100950232316,test,SGDIDR_RET
2025-02-28,0.3632154200437109,-0.016797961123547464,test,SGDIDR_RET
2025-03-03,-0.30289996516556805,-0.05204432771420036,test,SGDIDR_RET
2025-03-04,-0.19870248268620663,0.07568907198612398,test,SGDIDR_RET
2025-03-05,0.17932688219830245,0.0557083014276985,test,SGDIDR_RET
2025-03-06,-0.12888043619515124,-0.01678210644372763,test,SGDIDR_RET
2025-03-07,0.16802808281801385,0.04231931872234547,test,SGDIDR_RET
2025-03-10,0.06024003859129289,-0.014615463712719774,test,SGDIDR_RET
2025-03-11,-0.11534388901014016,0.00605382818751511,test,SGDIDR_RET
2025-03-12,0.8751401269711162,0.039723568450638284,test,SGDIDR_RET
2025-03-13,-0.886655689660097,-0.15021032816753865,test,SGDIDR_RET
2025-03-14,-0.5130091725707207,0.18762929276451865,test,SGDIDR_RET
2025-03-17,0.5196339102351342,0.11597933395292845,test,SGDIDR_RET
2025-03-18,0.5520620848922712,-0.08203892920785164,test,SGDIDR_RET
2025-03-19,0.8232273190982514,-0.08825731281976992,test,SGDIDR_RET
2025-03-20,-1.0111413475598958,-0.14025559722327818,test,SGDIDR_RET
2025-03-21,0.21290383910638547,0.21150049683898559,test,SGDIDR_RET
2025-03-24,0.5253797383556126,-0.023220779011113614,test,SGDIDR_RET
2025-03-25,0.04556118293578216,-0.08314074156081486,test,SGDIDR_RET
2025-03-26,0.4809094837527435,0.008868626011167901,test,SGDIDR_RET
2025-03-27,-0.3358511664508321,-0.07461318472592982,test,SGDIDR_RET
2025-03-28,-0.270092139776068,0.08200775048812872,test,SGDIDR_RET
2025-03-31,-0.1676918518045037,0.06939788705506457,test,SGDIDR_RET
2025-04-01,0.42625166608512893,0.04976174412347516,test,SGDIDR_RET
2025-04-02,0.4250799458088493,-0.0641320743569036,test,SGDIDR_RET
2025-04-03,-0.10107176485695868,-0.06390738683622732,test,SGDIDR_RET
2025-04-04,0.7977321311111953,0.036986764918532165,test,SGDIDR_RET
2025-04-07,-0.8594120306773728,-0.1353666739077442,test,SGDIDR_RET
2025-04-08,0.29534867048009655,0.1824050849779858,test,SGDIDR_RET
2025-04-09,1.1484134766118008,-0.039030290145247656,test,SGDIDR_RET
2025-04-10,-0.7155159767448808,-0.20261286198100598,test,SGDIDR_RET
2025-04-11,1.184383180427027,0.1548117691945893,test,SGDIDR_RET
2025-04-14,0.36403394651392984,-0.20951036451067517,test,SGDIDR_RET
2025-04-15,0.2816041541114445,-0.05220128726071035,test,SGDIDR_RET
2025-04-16,0.01343579251831133,-0.03639465997968242,test,SGDIDR_RET
2025-04-17,0.501524821014547,0.015028948120278992,test,SGDIDR_RET
2025-04-18,0,-0.07856635436123499,test,SGDIDR_RET
2025-04-21,0,0.017605377811199426,test,SGDIDR_RET
2025-04-22,0.5230458297912849,0.017605377811199426,test,SGDIDR_RET
2025-04-23,-0.41926856940884505,-0.08269319436083897,test,SGDIDR_RET
2025-04-24,-0.23454510276921176,0.09800376065482269,test,SGDIDR_RET
2025-04-25,-0.1168953668195406,0.0625814345500193,test,SGDIDR_RET
2025-04-28,0.04336364496036055,0.04002107777042688,test,SGDIDR_RET
2025-04-29,0.2929594237295479,0.009290022968517836,test,SGDIDR_RET
2025-04-30,-0.42800953064117936,-0.038572131368334484,test,SGDIDR_RET
2025-05-01,-0.7962741043319198,0.09967991574693788,test,SGDIDR_RET
2025-05-02,-0.02880942060651059,0.1702978402555124,test,SGDIDR_RET
2025-05-05,0.21851027779052284,0.02312983396275645,test,SGDIDR_RET
2025-05-06,0.2421125247650308,-0.02429586223128468,test,SGDIDR_RET
2025-05-07,0.18413111657858808,-0.028821797697665498,test,SGDIDR_RET
2025-05-08,-0.07322186509662398,-0.017703360034287262,test,SGDIDR_RET
2025-05-09,-0.1949840924221683,0.031646305207361926,test,SGDIDR_RET
2025-05-12,0.2454847088264465,0.05499526785966437,test,SGDIDR_RET
2025-05-13,0.30043468816298347,-0.029468443225068447,test,SGDIDR_RET
2025-05-14,-0.20713570564609263,-0.04000557812687415,test,SGDIDR_RET
2025-05-15,-0.23313963930710677,0.05732544503827377,test,SGDIDR_RET
2025-05-16,0.03355786683278115,0.06231192474713003,test,SGDIDR_RET
2025-05-19,-0.27363702580930416,0.011170365931245353,test,SGDIDR_RET
2025-05-20,-0.11324619624975346,0.07007764968272583,test,SGDIDR_RET
2025-05-21,-0.1198604089130241,0.03932131767883429,test,SGDIDR_RET
2025-05-22,0.05795283303979597,0.040589650295945454,test,SGDIDR_RET
2025-05-23,-0.1399035497074088,0.006492419679910034,test,SGDIDR_RET
2025-05-26,-0.32705197405275693,0.04443309629822426,test,SGDIDR_RET
2025-05-27,0.29451680193538854,0.08032042906517395,test,SGDIDR_RET
2025-05-28,-0.15031194746694634,-0.038870772140291304,test,SGDIDR_RET
2025-05-29,-0.3784012749427621,0.04642899679951845,test,SGDIDR_RET
2025-05-30,0.6189553881420216,0.09016710266040182,test,SGDIDR_RET
2025-06-02,-0.09003296571451785,-0.10108468361918613,test,SGDIDR_RET
2025-06-03,0.1720916292654995,0.03486997948708624,test,SGDIDR_RET
2025-06-04,-0.05564559926457805,-0.015394683971105556,test,SGDIDR_RET
2025-06-05,0.02270192002512036,0.028275903864569754,test,SGDIDR_RET
2025-06-06,-0.333199218700015,0.013252087842341486,test,SGDIDR_RET
2025-06-09,0.22298329233280095,0.08149921651704642,test,SGDIDR_RET
2025-06-10,0.02290098037623423,-0.025153601546545605,test,SGDIDR_RET
2025-06-11,-0.22172699668474136,0.013213916294351605,test,SGDIDR_RET
2025-06-12,-2.754305432426027,0.06012345158754138,test,SGDIDR_RET
2025-06-13,2.8533715356691034,0.5457673216857059,test,SGDIDR_RET
2025-06-16,0.4747871149280808,-0.5295533501690005,test,SGDIDR_RET
2025-06-17,-2.985995967747579,-0.07343916742868972,test,SGDIDR_RET
2025-06-18,2.5591962436483997,0.5901959903700539,test,SGDIDR_RET
2025-06-19,-4.166207584107163,-0.47314268770421647,test,SGDIDR_RET
2025-06-20,4.9776784562708984,0.8165117991185059,test,SGDIDR_RET
2025-06-23,-0.15017432479883758,-0.936907617913685,test,SGDIDR_RET
2025-06-24,0.18852166232109305,0.04640260645985104,test,SGDIDR_RET
2025-06-25,-0.27686010627687074,-0.01854528524226568,test,SGDIDR_RET
2025-06-26,0.264393723530876,0.07069570330342195,test,SGDIDR_RET
2025-06-27,-0.3005312170865321,-0.03309441071780451,test,SGDIDR_RET
2025-06-30,-0.00569376851852775,0.07523484400717734,test,SGDIDR_RET
2025-07-01,0.4082731360506745,0.018697207284181394,test,SGDIDR_RET
2025-07-02,-0.10369201104956524,-0.06068453536605182,test,SGDIDR_RET
2025-07-03,-0.02669413415353693,0.03748921984100526,test,SGDIDR_RET
2025-07-04,-0.27779871786023,0.02272420944787833,test,SGDIDR_RET
2025-07-07,-0.183070364888147,0.07087569021140025,test,SGDIDR_RET
2025-07-08,0.4974168211982593,0.05271070732433641,test,SGDIDR_RET
2025-07-09,-0.4390697267828737,-0.07777860978401305,test,SGDIDR_RET
2025-07-10,-0.1357923377887778,0.10180080423848228,test,SGDIDR_RET
2025-07-11,-0.13777652715747876,0.0436447357725321,test,SGDIDR_RET
2025-07-14,-1.4506724744343e-4,0.044025221285013974,test,SGDIDR_RET
2025-07-15,0.05998238025778731,0.017633195713491676,test,SGDIDR_RET
2025-07-16,-0.2028725364365927,0.006103236406617342,test,SGDIDR_RET
2025-07-17,0.2202667710161781,0.05650794538473239,test,SGDIDR_RET
2025-07-18,0.200821607786349,-0.024632685034428677,test,SGDIDR_RET
2025-07-21,-0.00893085901883705,-0.020903906414049787,test,SGDIDR_RET
2025-07-22,0.3802970744446232,0.01931794745010959,test,SGDIDR_RET
2025-07-23,-0.3653508009032333,-0.05531988302726228,test,SGDIDR_RET
2025-07-24,0.3009517907653126,0.08766456112813245,test,SGDIDR_RET
2025-07-25,0.19473447819721787,-0.04010473703365819,test,SGDIDR_RET
2025-07-28,0.01580908444766994,-0.0197366465457135,test,SGDIDR_RET
2025-07-29,-0.1776817161321831,0.014573848818642121,test,SGDIDR_RET
2025-07-30,-0.2841808752277925,0.051677387210924006,test,SGDIDR_RET
2025-07-31,-0.26943874517259386,0.0720995242138608,test,SGDIDR_RET
2025-08-01,0.18883591146004977,0.06927259297553903,test,SGDIDR_RET
2025-08-04,0.7200095123669362,-0.018605545238901594,test,SGDIDR_RET
2025-08-05,-0.6125320905770054,-0.12046268798239693,test,SGDIDR_RET
2025-08-06,0.057396610420097,0.1350637162496163,test,SGDIDR_RET
2025-08-07,-0.09685751712551262,0.0065990801891580644,test,SGDIDR_RET
2025-08-08,-0.00702289286915373,0.03617864638251027,test,SGDIDR_RET
2025-08-11,-0.5112266153009682,0.018952078400657116,test,SGDIDR_RET
2025-08-12,0.1836652077864245,0.11563751314337836,test,SGDIDR_RET
2025-08-13,-0.01957305255892979,-0.017614017984404082,test,SGDIDR_RET
2025-08-14,-0.6083094871189796,0.021358680319112148,test,SGDIDR_RET
2025-08-15,0.00748956812317446,0.13425399543058655,test,SGDIDR_RET
2025-08-18,0.28994496986914725,0.016169188196152946,test,SGDIDR_RET
2025-08-19,-0.07286064268003346,-0.03799408370815655,test,SGDIDR_RET
2025-08-20,0.3628624638882136,0.03157703767752612,test,SGDIDR_RET
2025-08-21,-0.06507940342782402,-0.051976645311589804,test,SGDIDR_RET
2025-08-22,0.20728327761394025,0.030084917594976078,test,SGDIDR_RET
2025-08-25,-0.20823758635985576,-0.022142987620018213,test,SGDIDR_RET
2025-08-26,-0.03959003839862614,0.05753674021739497,test,SGDIDR_RET
2025-08-27,0.2436392983985795,0.02519711088209091,test,SGDIDR_RET
2025-08-28,0.114105239755646,-0.029114569777572832,test,SGDIDR_RET
2025-08-29,0.4021134201788194,-0.004275291095779971,test,SGDIDR_RET
2025-09-01,0.29609111775806046,-0.05950335644874922,test,SGDIDR_RET
2025-09-02,-0.02628591038923244,-0.03917266084710855,test,SGDIDR_RET
2025-09-03,-0.18338813222707745,0.022645929002161416,test,SGDIDR_RET
2025-09-04,0.200673460249045,0.05277164196631673,test,SGDIDR_RET
2025-09-05,-0.14307395196177716,-0.020875497839473588,test,SGDIDR_RET
2025-09-08,-0.10727985683103512,0.04504104841486966,test,SGDIDR_RET
2025-09-09,0.5623427231315952,0.038177220372810475,test,SGDIDR_RET
2025-09-10,-0.01742585967624141,-0.09022871432550972,test,SGDIDR_RET
2025-09-11,0.01792195866148394,0.020946937469737848,test,SGDIDR_RET
2025-09-12,-0.12108750801385086,0.014168686871534684,test,SGDIDR_RET
2025-09-15,-0.1594676937448612,0.04082495718631035,test,SGDIDR_RET
2025-09-16,-0.04036414180970577,0.048184690519915294,test,SGDIDR_RET
2025-09-17,0.5832337820740199,0.025345551921905282,test,SGDIDR_RET
2025-09-18,-4.1876430310736e-4,-0.09423475598331857,test,SGDIDR_RET
2025-09-19,0.5482417514916549,0.01768567949660823,test,SGDIDR_RET
2025-09-22,0.1230497776490463,-0.08752473077154699,test,SGDIDR_RET
2025-09-23,-0.05146234336791747,-0.005990483777470461,test,SGDIDR_RET
2025-09-24,0.19091899838753665,0.027473728281537685,test,SGDIDR_RET
2025-09-25,-0.0146521595062238,-0.01900499521562838,test,SGDIDR_RET
2025-09-26,-0.08589439157127027,0.02041505641679624,test,SGDIDR_RET
2025-09-29,0.02105349597808453,0.034076372017619386,test,SGDIDR_RET
2025-09-30,-0.4449381080939615,0.013568187443628282,test,SGDIDR_RET
2025-10-01,0.28991061201805973,0.10292611722816436,test,SGDIDR_RET
2025-10-02,-0.03560783474289148,-0.03798749529236065,test,SGDIDR_RET
2025-10-03,-0.3261444585489972,0.02443348880918797,test,SGDIDR_RET
2025-10-06,-0.5080783734856211,0.08014640510003229,test,SGDIDR_RET
2025-10-07,0.27948027749120746,0.11503381048302522,test,SGDIDR_RET
2025-10-08,-0.24528623681021397,-0.03598738822576297,test,SGDIDR_RET
2025-10-09,-0.3392413043498033,0.06464114011779122,test,SGDIDR_RET
2025-10-10,-0.15036957554462693,0.08265783881952563,test,SGDIDR_RET
2025-10-13,0.28184836463248225,0.046440047482994296,test,SGDIDR_RET
2025-10-14,-0.4688588683254348,-0.03644148946416421,test,SGDIDR_RET
2025-10-15,0.2972959273527647,0.1075131303727751,test,SGDIDR_RET
2025-10-16,0.15940891053244977,-0.03940369353144565,test,SGDIDR_RET
2025-10-17,0.12570821511533894,-0.012962662706942043,test,SGDIDR_RET
2025-10-20,-0.17847564298276347,-0.006500262207754862,test,SGDIDR_RET
2025-10-21,-0.00593909000761132,0.05182962956711301,test,SGDIDR_RET
2025-10-22,-0.02312450030324607,0.018744249806417007,test,SGDIDR_RET
2025-10-23,0.03005268650982203,0.02203970121175681,test,SGDIDR_RET
2025-10-24,-0.07694697063667409,0.011842514644750272,test,SGDIDR_RET
2025-10-27,0.06645801467760214,0.03236062648778637,test,SGDIDR_RET
2025-10-28,-2.534685403230762,0.004861477369030316,test,SGDIDR_RET
2025-10-29,2.6871267361148203,0.503653277190874,test,SGDIDR_RET
2025-10-30,-0.3051754468501098,-0.49767446867027043,test,SGDIDR_RET
2025-10-31,-2.6708374021990173,0.07612541532539549,test,SGDIDR_RET
2025-11-03,2.7281354691471513,0.5297616033012915,test,SGDIDR_RET
2025-11-04,-0.17461767844417692,-0.505538248735907,test,SGDIDR_RET
2025-11-05,0.19202305954565735,0.05108983142195812,test,SGDIDR_RET
2025-11-06,-0.1121622080116796,-0.019216708513857532,test,SGDIDR_RET
2025-11-07,0.3014119453330653,0.039113453537037234,test,SGDIDR_RET
2025-11-10,-0.13065019436126638,-0.04019297566112695,test,SGDIDR_RET
2025-11-11,0.22808572766258045,0.042658685192817056,test,SGDIDR_RET
2025-11-12,0.14919261242720255,-0.02613203775428912,test,SGDIDR_RET
2025-11-13,0.1441075463641246,-0.01100359897967921,test,SGDIDR_RET
2025-11-14,-0.01523291252532139,-0.010028493479400723,test,SGDIDR_RET
2025-11-17,-0.06577493889748565,0.020526420842784172,test,SGDIDR_RET
2025-11-18,0.05186748951309144,0.03021829255091427,test,SGDIDR_RET
2025-11-19,0.07976086704987824,0.007659337055292557,test,SGDIDR_RET
2025-11-20,-0.6274525966406607,0.0023105401035766818,test,SGDIDR_RET
2025-11-21,0.1610471235897151,0.13792485263390988,test,SGDIDR_RET
2025-11-24,-0.5368589810767554,-0.013276804262420783,test,SGDIDR_RET
2025-11-25,0.2159935054687361,0.12055274148910242,test,SGDIDR_RET
2025-11-26,0.1541594310073866,-0.023813249320561267,test,SGDIDR_RET
2025-11-27,0.3141230871400595,-0.01195602950001965,test,SGDIDR_RET
2025-11-28,-0.09432878584095591,-0.042630447296120304,test,SGDIDR_RET
2025-12-01,0.2704523967308541,0.035693740237002884,test,SGDIDR_RET
2025-12-02,-0.22122709190393444,-0.03425621382683089,test,SGDIDR_RET
2025-12-03,0.04321889933320081,0.06002759051212297,test,SGDIDR_RET
2025-12-04,0.07798570092929305,0.009317779197332548,test,SGDIDR_RET
2025-12-05,0.15485093113858828,0.002650943596199726,test,SGDIDR_RET
2025-12-08,0.2078397192581791,-0.012088630644825606,test,SGDIDR_RET
2025-12-09,-0.1030896488206828,-0.0222496901291205,test,SGDIDR_RET
2025-12-10,-0.09768616206252737,0.0373737116617098,test,SGDIDR_RET
2025-12-11,0.23265156343086807,0.03633754623274582,test,SGDIDR_RET
2025-12-12,0.09027284368879722,-0.02700757634430906,test,SGDIDR_RET
2025-12-15,-0.15414720326099943,2.9477745423079835e-4,test,SGDIDR_RET
2025-12-16,0.31468719975288956,0.04716444034604583,test,SGDIDR_RET
2025-12-17,0.02381509469048653,-0.04273862077994996,test,SGDIDR_RET
2025-12-18,-0.09063336310431572,0.013038626950092586,test,SGDIDR_RET
2025-12-19,0.28228755849329273,0.03498511089145395,test,SGDIDR_RET
2025-12-22,-0.2887406042165354,-0.03652570869436741,test,SGDIDR_RET
2025-12-23,0.8557897479774004,0.07297389177596308,test,SGDIDR_RET
2025-12-24,0.14043873476185928,-0.1464997252461236,test,SGDIDR_RET
2025-12-25,0,-0.00932496704956138,test,SGDIDR_RET
2025-12-26,0.13301864973074767,0.017605377811199426,test,SGDIDR_RET
2025-12-29,-0.08878992228796362,-0.007902101419770234,test,SGDIDR_RET
2025-12-30,0.1281159679569025,0.03463161513404096,test,SGDIDR_RET
2025-12-31,-0.2865562152831578,-0.006961969688050344,test,SGDIDR_RET
2026-01-01,0,0.07255501626141475,test,SGDIDR_RET
2026-01-02,-0.3079700822527753,0.017605377811199426,test,SGDIDR_RET
2026-01-05,-0.15493991720547717,0.07666131089068587,test,SGDIDR_RET
2026-01-06,0.6528039870888729,0.04731645011697491,test,SGDIDR_RET
2026-01-07,0.2686758568961658,-0.10757544590238388,test,SGDIDR_RET
2026-01-08,-0.09037759615088432,-0.03391554691261978,test,SGDIDR_RET
2026-01-09,0.11544640710292578,0.03493606536087741,test,SGDIDR_RET
2026-01-12,-0.04150941690886831,-0.004532471561265374,test,SGDIDR_RET
2026-01-13,0.3224139408160339,0.02556516835061485,test,SGDIDR_RET
2026-01-14,-0.3651877695814571,-0.04422029036229933,test,SGDIDR_RET
2026-01-15,0.12954659383041825,0.08763329845885545,test,SGDIDR_RET
2026-01-16,0.1724978754236073,-0.007236304601461779,test,SGDIDR_RET
2026-01-19,0.07492391937901124,-0.01547258519369029,test,SGDIDR_RET
2026-01-20,0.4880328449307787,0.003238066751198393,test,SGDIDR_RET
2026-01-21,0.2358144322631292,-0.07597915098458016,test,SGDIDR_RET
2026-01-22,-0.48951536601680506,-0.027614083861957794,test,SGDIDR_RET
2026-01-23,-0.0521251311420253,0.11147419287727145,test,SGDIDR_RET
2026-01-26,0.4062747788452301,0.027600823582962085,test,SGDIDR_RET
2026-01-27,-0.1346269542805188,-0.06030133304805272,test,SGDIDR_RET
2026-01-28,0.3878499215650517,0.04342126338205751,test,SGDIDR_RET
2026-01-29,0.23888753366056983,-0.056768206938600914,test,SGDIDR_RET
2026-01-30,0.1293671537273119,-0.02820337769578147,test,SGDIDR_RET
2026-02-02,-0.7748144986908264,-0.007201895406116213,test,SGDIDR_RET
2026-02-03,0.04559739008877486,0.16618277483947502,test,SGDIDR_RET
2026-02-04,0.13106093898183543,0.008861682975699992,test,SGDIDR_RET
2026-02-05,0.02490211043430611,-0.007526693412177279,test,SGDIDR_RET
2026-02-06,0.25471251214241153,0.0128301822578232,test,SGDIDR_RET
2026-02-09,0.13360110562943295,-0.031237954507177354,test,SGDIDR_RET
2026-02-10,0.1306744959786446,-0.008013792387681452,test,SGDIDR_RET
2026-02-11,-0.06614029933850424,-0.007452589616222381,test,SGDIDR_RET
2026-02-12,0.36616012148850474,0.030288353582806894,test,SGDIDR_RET
2026-02-13,0.05738960309112045,-0.05260899974399864,test,SGDIDR_RET
2026-02-16,0.08662546865320198,0.006600423905236191,test,SGDIDR_RET
2026-02-17,-0.10645946749771024,9.941932365765231e-4,test,SGDIDR_RET
2026-02-18,0.17794368182071388,0.03801990360615067,test,SGDIDR_RET
2026-02-19,0.08883273246130413,-0.01651686578029414,test,SGDIDR_RET
2026-02-20,-0.26328660692770695,5.709312664963807e-4,test,SGDIDR_RET
2026-02-23,0.07908736933724413,0.0680928671338984,test,SGDIDR_RET
2026-02-24,-0.39444349764898706,0.0024396891285584713,test,SGDIDR_RET
2026-02-25,0.06567799583109354,0.09324333793512388,test,SGDIDR_RET
2026-02-26,-0.11847411801119603,0.00501105274486939,test,SGDIDR_RET
2026-02-27,-0.04041230607041574,0.04032381699769713,test,SGDIDR_RET
2026-03-02,-0.22715927195749455,0.025354787836434724,test,SGDIDR_RET
2026-03-03,0.1813971668469799,0.0611651374637485,test,SGDIDR_RET
2026-03-04,-0.15529278707776187,-0.01717910147250913,test,SGDIDR_RET
2026-03-05,-0.01736839524738393,0.04738411597403147,test,SGDIDR_RET
2026-03-06,-0.10433636975760573,0.02093591816734252,test,SGDIDR_RET
2026-03-09,-0.2938279922117138,0.03761278120924878,test,SGDIDR_RET
2026-03-10,0.49515222821583016,0.07394944252685076,test,SGDIDR_RET
2026-03-11,-0.03829584495004979,-0.0773443544477663,test,SGDIDR_RET
2026-03-12,-0.05116364885039275,0.024948938068900882,test,SGDIDR_RET
2026-03-13,-0.04664175596622075,0.02741645101840512,test,SGDIDR_RET
2026-03-16,-0.04331780832925019,0.026549338857357337,test,SGDIDR_RET
2026-03-17,0.32926232047794696,0.025911943082505634,test,SGDIDR_RET
2026-03-18,0.26623576120759357,-0.045533526531405195,test,SGDIDR_RET
2026-03-19,-0.1423966975485426,-0.033447637411028686,test,SGDIDR_RET
2026-03-20,-0.2863842854956511,0.04491117900998071,test,SGDIDR_RET
2026-03-23,-0.09305359996611,0.07252204723419271,test,SGDIDR_RET
2026-03-24,-0.02672349198964189,0.035449212290853245,test,SGDIDR_RET
2026-03-25,-0.5767599547460766,0.022729839067455956,test,SGDIDR_RET
2026-03-26,-0.5681448887764288,0.12820409909366254,test,SGDIDR_RET
2026-03-27,0.6693023435762979,0.1265520855095596,test,SGDIDR_RET
2026-03-30,-0.1158106602935786,-0.11073914878389685,test,SGDIDR_RET
2026-03-31,-0.06632473054317434,0.039813075890700406,test,SGDIDR_RET
2026-04-01,0.3646376469746838,0.030323719865145406,test,SGDIDR_RET
2026-04-02,0.06291270106932265,-0.052317052057568376,test,SGDIDR_RET
2026-04-03,0.2244441959845391,0.005541321987912804,test,SGDIDR_RET
