Date,USDEUR_RET,CNYEUR_RET,GBPEUR_RET,CHFEUR_RET,TRYEUR_RET
2010-01-04,-0.23627630442169187,0,-0.35559416474326827,0.21650693277755786,0
2010-01-05,0.4030522106968651,0.40157636046183415,-0.36263605454031295,-0.04967401225787718,0.3488788158821206
2010-01-06,-0.2646804798315741,-0.25292592362505417,-0.0581851290825802,0.3180915640182071,-0.3810915641018365
2010-01-07,0.5988525735909788,0.5867698632575671,0.03639539632648746,0.015815884808822123,0.5263538710144576
2010-01-08,-0.6478351153559637,-0.5984009851639668,-0.08377102025062357,0.3224507098172503,0.008185934577510642
2010-01-11,-0.6926876198316203,-0.7239469723383132,-0.13994003824771653,-0.010440254003523252,-0.39994824890967634
2010-01-12,0.23914361899112033,0.182118404683276,0.4795159780704553,0.03660280706500218,-0.04717185364961689
2010-01-13,-0.3262416567525702,-0.3152019568302299,0.5025367126367312,-0.20498995379724314,-0.37647187065769494
2010-01-14,0.1654336194823328,0.13831087770209805,0.45901949377530227,0.06339203515405076,-0.06161555207294217
2010-01-15,0.754040432829725,0.7646558441701552,0.3611576150091468,0.13449436510461735,0.60236607766184
2010-01-18,-0.1094329243972248,-0.047814429485115086,0.399490093592246,0.01736421844634831,0.05493577399577221
2010-01-19,0.8764058934729403,0.8727361182142963,0.8992931418040112,1.7902884908322533e-4,0.4300406980962812
2010-01-20,1.202345550187968,1.2619978501731755,0.8431486261202917,0.1407469738616554,-0.1871814761035855
2010-01-21,0.09448887352586978,0.18547945111082706,-0.4775664513517393,0.2872011011470565,-0.9956721255943244
2010-01-22,-0.31202553669437655,-0.28752204505782863,-0.9001505986748348,-0.32347150432146077,-0.40054807875126563
2010-01-25,-0.06365998603517653,-0.08425848613744252,0.8019560653447055,0.10597092294451713,0.0871686542209077
2010-01-26,0.4799559136350755,0.477888949297464,-0.15664356564678725,-0.08691859925131615,0.19835260261452736
2010-01-27,0.3654736000310128,0.3962829250518438,0.5578085067909936,-0.001881501938132152,-0.18705539086871223
2010-01-28,0.449367812987633,0.48125159884107577,0.2328219361920499,0.24400635279757296,0.7498236732533132
2010-01-29,0.7264974338785335,0.7634336732026819,-0.25821894976998894,-0.12478769395745373,0.7950050451800628
2010-02-01,-0.4321987427387526,-0.3750738480507187,-0.6349977905000342,-0.02058745928634493,0.266057817208011
2010-02-02,-0.3529727554191665,-0.3524192163103535,-0.105400758509118,-0.19731348363314927,-0.951887827598625
2010-02-03,0.5394201396022196,0.48450016091039283,0.08786572220763567,0.20593720452210926,0.1271757048150547
2010-02-04,1.1293223003581458,1.1665078680301482,0.18180725753188703,0.41710570835062294,-0.9826571798097086
2010-02-05,0.47307332202859215,0.5391310152194427,-0.2387660023244228,-0.13907785616451687,0.03975607454453467
2010-02-08,0.1858784015432831,0.2492602035832409,-0.3388418110096074,0.129575974197169,0.5209929817809984
2010-02-09,-0.9287239831575876,-0.9037243400631199,-0.17512835405224025,-0.21559549764600816,-0.07745645133004436
2010-02-10,0.20927069825137432,0.10470869874106487,-0.31353666275029063,0.09134048743180334,-0.1798244741548491
2010-02-11,0.5212626465916881,0.45892760135309646,1.0958681999307365,0.115433478566837,0.8796171396853073
2010-02-12,0.3428251752621496,0.3824434959667838,0.3177078076245586,-0.06826572111261266,-0.026055233346830686
2010-02-15,0.23424364887808297,0.26506385405299865,0.03664589962863592,0.0536442775553843,-0.04002902003693487
2010-02-16,-1.1987830695040438,-1.1784393200535286,-0.4170881660473174,-0.15669625535338702,-0.7057524319771009
2010-02-17,1.1702183600792886,1.0797727036714897,0.4841367009098004,0.06241246407505602,0.7760085421144861
2010-02-18,1.074595306545133,1.1574682634236895,-0.5910080966202285,0.13266046418246044,-0.0788630795825509
2010-02-19,-1.1344846050983954,-0.982608460769003,-0.8688496101580006,-0.038295799898270276,-0.476328534316896
2010-02-22,0.06941288237529232,0.011592423055020035,0.2148720697832776,0.0915076964204055,-1.0814101432426892
2010-02-23,0.5792763300923539,0.5757669861911024,0.3163510564823025,-0.04557604841330594,-0.5900764839881996
2010-02-24,-0.11911152884734712,-0.057316775575945306,-0.30583384645857337,0.004418282549864214,0.5110371006913649
2010-02-25,0.05280938935949676,0.049879229368178894,-1.0770252314864897,0.018661471742072503,0.135630860264886
2010-02-26,-0.6995482680619858,-0.6927891013095293,-0.7315533591156083,0.01812122345582229,-0.46269605521920143
2010-03-01,0.5071458325896265,0.45837404601587806,-1.2151804559541763,-0.028994838127468673,1.674574934453871
2010-03-02,-0.4308478211709144,-0.4118046199148053,-0.10227906917270072,0.01646059523560136,-0.32874425788121053
2010-03-03,-0.5928833785703079,-0.6010138734904164,-0.0957191190031468,0.015683264166602907,-0.6267131100420353
2010-03-04,0.8622155066121757,0.8058179362882679,0.4176611106012793,-0.03155672164869634,0.20702292432986702
2010-03-05,-0.3306393455641423,-0.26733050430225336,0.3119615397021117,-0.16315503028207703,0.5674440297669902
2010-03-08,0.08855623903916204,0.0607076788981199,-0.5149422227063608,0.17690546140920768,0.44900119833427055
2010-03-09,0.07350346069986674,0.07229431236166504,-0.09631817938991168,0.03675689155358281,-0.3382438081415988
2010-03-10,-0.26706168401980757,-0.24244447894867122,-0.5759219160967852,0.07919329861654999,-0.1481914682135209
2010-03-11,-0.30743866417601046,-0.327508468721077,0.37150928550654255,-0.09859493606556001,-0.1780059872445807
2010-03-12,-0.6163676066468603,-0.6297716181606449,0.33466538401140034,0.45643442538149975,-0.38226675291863954
2010-03-15,0.6738314588262927,0.6152259679419713,-0.3947077918290752,0.22369845135451386,0.727147161443745
2010-03-16,-0.6655721326008134,-0.6168841928052382,0.5399992838032615,-0.05289786224874555,-0.4711489866768393
2010-03-17,0.22143784452944895,0.1594225309556205,0.7515571386718285,0.31123084696494446,0.9397485387751756
2010-03-18,0.9094421161701568,0.9143405533770452,0.4890917334667862,0.6558512899964356,-0.23613098884469386
2010-03-19,0.5674542232874589,0.652298346878509,-0.9899653154238232,0.27422562258209915,-0.08214148434898727
2010-03-22,-0.22225100965765623,-0.17658683892040378,0.37575261592835085,0.07675213288636824,-0.40470734958263255
2010-03-23,0.7326482010404728,0.7220330508491974,0.157177420504822,0.8067268598070966,0.5698014150403259
2010-03-24,1.022363230813212,1.0704418042047832,0.204052440318486,-0.30091040527784896,-0.032035246998032285
2010-03-25,0.1798023411005361,0.2575595649736339,-0.18306995368124612,0.22307522582396655,0.3995108632610287
2010-03-26,-0.7707804989096066,-0.7451442211509708,-0.4138692821309384,-0.08906046751634107,-0.4685937004889413
2010-03-29,-0.5284100879331978,-0.5812003430349286,0.03333582031877277,-0.28362379587469105,-0.12014429999061343
2010-03-30,0.4237636731491576,0.387956593711137,1.0369057844360356,0.12074968542780848,0.2952079724486406
2010-03-31,-0.6234800130961451,-0.5907659429948298,0.10119150119016404,0.5392175870992565,-0.1523348440401412
2010-04-01,-0.5608017460515231,-0.613481737599161,0.14926281609011488,-0.606215635705536,-0.6465380481236647
2010-04-02,0.5837583715019437,0.5366734198144586,0.0469357154694691,-0.02722524237900147,0.6695027518549015
2010-04-05,0.11742507574594722,0.15861496045679688,0.6940128360466769,0.009889389680605992,0.3984289565786121
2010-04-06,0.648069665084883,0.6661127685204857,0.4707740852703323,0.04765846568259296,0.5444362270549546
2010-04-07,0.3999225824925793,0.45984815241243926,0.21074539424542812,-0.031381381443321005,0.3698626987892242
2010-04-08,-0.0948154873594455,-0.060984221235486157,0.1738060891007914,-0.07947614977531202,-0.34405035354776914
2010-04-09,-1.0408942663759797,-1.014758094098821,-0.4738153583191301,-0.39336788972042963,-0.8818423247175616
2010-04-12,-0.7017983271068924,-0.8163678993942141,-0.6756640407754313,-0.07629955255661772,-0.8713709672904082
2010-04-13,-0.09249428923987645,-0.15808908649927766,-0.06790172746649162,0.36431563113197263,-0.09858488147733602
2010-04-14,-0.347625660301226,-0.35682079938432903,0.2647455852309502,-0.06443478788672194,0.2592224065626198
2010-04-15,0.6017827303584117,0.5758587660953167,0.5584727431537607,0.11554821247388604,0.6389724386724654
2010-04-16,0.5171809284392276,0.5569778810257366,-0.14102999962015841,0.04927061548966034,-0.2452703077567061
2010-04-19,0.12416783781396414,0.16838521525983635,-0.06309956705328207,-0.030889585324226736,-0.39700167779556395
2010-04-20,0.38767138891544206,0.4020641562200253,0.5734102639874047,-0.1251424135628936,0.8148035306941434
2010-04-21,0.3366569931284088,0.3499083029234815,0.6582735492180496,0.1674571981457082,0.34952757742819796
2010-04-22,0.8997571964234872,0.9368815671876949,0.6442262780876143,-0.01758983239839405,0.16564224034487685
2010-04-23,-0.8555801171260566,-0.8071410547878373,-0.8033010259047062,-0.12803903895670976,-0.8364984138520981
2010-04-26,-0.12856772942976927,-0.184648136836143,0.4282759044189696,-0.06575757475439545,0.41597542946406224
2010-04-27,1.7350595323902362,1.7355556505506542,0.30069018967659494,0.1815021899075419,-0.5507374554779163
2010-04-28,-0.31923755003050786,-0.16256124106543773,-0.6039678002196804,-0.056267329541912256,-0.04373724464792794
2010-04-29,-0.3786042540338844,-0.4028209598920786,0.6145917275146635,-0.10212913237168592,0.436973473244601
2010-04-30,-0.26427934941215014,-0.29812731226186295,-0.6290921133979486,0.28840394639285205,-1.0234085559470494
2010-05-03,0.7406060624911582,0.7323960546769187,0.4076243986907876,-0.17097172617796136,0.8575439197201729
2010-05-04,1.8039068609863749,1.8410468633574646,1.0050000050725654,0.019442529795271894,-0.46357883847920056
2010-05-05,1.1561530236906623,1.2857162242356677,0.9581747598177062,-0.020752880706799554,0.19890532121219823
2010-05-06,1.430129892644341,1.5332088679450244,-0.13232747909108036,1.786970429659988,-2.122063579756613
2010-05-07,-0.9698510652536108,-0.8360378794197494,-1.5153518226971836,-0.5971889925725444,1.2948501223034312
2010-05-10,-0.18130244848812063,-0.2586695460600216,0.3508199812168413,-0.1183955832502299,2.270364168885348
2010-05-11,1.1751436422304105,1.1391539538671547,1.5712589657440177,0.9931157699094773,0.0230266311579288
2010-05-12,-0.07200971762974646,0.016889545347706814,-0.6359231249473208,0.10490343562086935,0.35734104579826886
2010-05-13,0.7780520819727055,0.7793483608641237,-0.73713044406756,0.1760131376769335,0.42984905043543087
2010-05-14,1.4541713473336442,1.5286545554745177,0.9338064206666116,0.06799843827042601,-0.3798221817888703
2010-05-17,-0.2660914259433621,-0.16490332430431082,-0.6650855731065086,-0.09970073945700479,-0.904259538075824
2010-05-18,1.7420541411739308,1.7396656243912703,0.4672633893411857,0.180262158192868,-0.13910109568075651
2010-05-19,-1.7457670512705736,-1.6195843685047533,-0.910209848098006,-1.937518510163123,-3.0580463917530634
2010-05-20,-0.6877180708703395,-0.8178898286608346,-1.1623408082959323,-0.5177636915357815,-1.510963000634436
2010-05-21,-0.7037874568230316,-0.7430865203379693,0.21585617477646943,-0.5653622774236283,1.3446323090754309
2010-05-24,1.7428508509895726,1.6858186839903182,1.2444983028931265,0.7077682185483831,2.006936853186073
2010-05-25,0.03210974880905534,0.08816859329341731,0.0739057153747735,0.17034798386550856,-0.15432411742842977
2010-05-26,1.4110199104891803,1.4661792500119297,1.195028075432493,1.152099932327615,1.304023171201242
2010-05-27,-1.4270760736886778,-1.351208033907165,-0.20709480202862016,-0.8222915418266828,0.52810401029456
2010-05-28,0.6007743200723119,0.4999979708363282,-0.14051509328552933,0.05595054286663099,-0.0942301023928937
2010-05-31,-0.11297805807935755,-0.04233932150858704,0.3636548934928121,0.11381347914153088,-0.9640702808200852
2010-06-01,0.44750543297383893,0.4339896561390766,1.4413808982113407,0.5051475134775064,-0.5646845842290904
2010-06-02,-0.04894631085020672,-0.052294905378351055,-0.16475163424647463,-0.020270320353204002,0.22309668676053107
2010-06-03,0.5699372486833656,0.5849812814940023,0.4601236764547841,0.49273465213138307,-0.1285142032114082
2010-06-04,1.6438877880181613,1.7078536310803125,0.43369196540958704,1.1396405935587055,0.26128074881496144
2010-06-07,0.40262069806114265,0.5058355569415435,0.5140094065632528,0.39418558046222,-0.0036072367319133214
2010-06-08,-0.4109951497747057,-0.3560422399762714,-0.584530970776637,0.5277632471157795,0.3659496770781794
2010-06-09,-0.16655661095445282,-0.18948475722002706,0.516306825594633,0.28435338897184526,-0.41338746360131456
2010-06-10,-0.9712600726572576,-0.984334648363038,0.1258368944931441,-0.5106227639160629,0.4184499485605872
2010-06-11,-0.04117173657362781,-0.163636588397269,-1.110617072963949,-0.49389459316624595,-0.10939540152634564
2010-06-14,-0.8552695671447483,-0.8824844132618882,0.4011488386210329,-0.3006505128668066,-1.0127731883671396
2010-06-15,-0.8232084215862636,-0.8909394287487683,-0.39049963011039446,-0.028838399606439403,0.0020589245070101736
2010-06-16,0.05788409597696987,-0.010495836770955898,-0.3748246954989004,0.34502501650658834,0.3878243436197074
2010-06-17,-0.5679618852154669,-0.5101318446327398,-0.0271606363588839,1.148485607533104,-0.65428001405916
2010-06-18,-0.08794776975883663,-0.11683511362070478,0.00691820017853391,0.2702120011125606,0.6159810164434795
2010-06-21,0.622665762313672,1.0767456667141717,0.1492263978799264,0.44234318735523115,0.3762921111858559
2010-06-22,0.3332092183001417,0.19655330073113558,0.7399397568763394,0.6647364673893357,-0.2012405817108727
2010-06-23,-0.35784942161648703,-0.31923471820822236,0.6355678890555485,-0.031107703898585883,-0.5453881456151028
2010-06-24,-0.14916322559753695,-0.03534342612584341,-0.3898616203820112,0.16987825446292598,-0.36321165446811954
2010-06-25,-0.28788196091727875,-0.1609268374949334,0.6181064213987613,0.6050365586156429,0.1322050316748985
2010-06-28,0.7789398795184045,0.7385752088107413,0.9840787592051472,1.3301768682972945,0.7783956555398995
2010-06-29,0.7412309622866203,0.7257155624490378,0.4397000786957193,1.3074403391613532,-0.4157617228807873
2010-06-30,-0.3577106199264035,-0.051289647634868464,-1.0851432003215105,0.1518742685508427,0.41562649324797796
2010-07-01,-2.2434959929625538,-2.2326657858482353,-0.772674553789017,-0.5408547552233685,-1.9177144214124033
2010-07-02,-0.5065846928549164,-0.5390204281343658,-0.24842822057556113,-0.5156193382535589,1.1263502901079565
2010-07-05,0.27116938579534994,0.15883776059270738,-0.20967694335626516,0.1440232946841101,0.32870669651253437
2010-07-06,-0.6919288695354942,-0.7403179506193223,-0.6132119108814452,-0.24783618662849238,-0.20588878472075103
2010-07-07,-0.07197730453447389,-0.0918644246384841,0.15544630774573873,0.7013371568321258,0.4305076950895642
2010-07-08,-0.4812213760013924,-0.45280588514250264,-0.6359286171943064,-0.194405869521047,-0.16997021977289076
2010-07-09,0.3952752093029967,0.38713179833500744,-0.18046511844036836,-0.34640124103965414,0.4554625909507729
2010-07-12,0.42771603033141103,0.48848086059658685,0.13582494405396248,0.15992479927879405,0.17661110368375343
2010-07-13,-1.033933500313662,-1.0053134733578462,0.03242423410453676,-0.3829429442662645,-0.45390784992078037
2010-07-14,-0.15403690622999386,-0.24302664702546162,0.3910828825016787,0.0990772011644872,0.2553687583775015
2010-07-15,-1.4656530180525538,-1.5197846314327892,-0.32629795244798093,-0.494702771036283,-1.0815401821459336
2010-07-16,-0.02586043942033177,-0.12919683455926403,-0.9114507643483584,-0.8201730748291021,-0.2230468844583091
2010-07-19,-0.05821452256835277,-0.13315752320971824,-0.591002674535897,-0.529973450140224,0.3720756924885648
2010-07-20,0.35907910792182557,0.35624909373212044,0.7633771419420847,0.6428709385858137,1.0526918608344795
2010-07-21,0.9750962757509924,1.0024385262843687,0.29711023073760484,1.0996987309788266,0.695686370481303
2010-07-22,-1.0524922553194362,-0.9696438409708328,-0.47382349605611507,-0.2933133843186315,-0.2716103852747463
2010-07-23,-0.07744690481291933,-0.17255047544167168,1.0096941116882838,-1.1055014427501504,-0.18437828888658903
2010-07-26,-0.6633442012646301,-0.678066723661545,-0.3339482070515254,-0.25654216471892516,-0.20940054559180415
2010-07-27,0.06237988062238366,0.03988407375811507,0.6932590948056774,-1.129050079585549,0.15080208011344265
2010-07-28,-0.0103962909284082,-0.01767799426081747,0.02858313969626147,0.29274024059373477,-0.4395234883486825
2010-07-29,-0.6582753168812039,-0.6404251754620147,-0.5412448515402914,0.8828705434016686,-0.6599021495165519
2010-07-30,0.2990430175223809,0.2764942503204795,0.782625120397098,0.20895706574155257,0.8938118922930454
2010-08-02,-1.0446432862118091,-1.0101140186092978,0.23422933263573795,-0.9066291963260978,-0.3177411327183068
2010-08-03,-0.3722536109771824,-0.4409117997849062,-0.0204723428597711,-0.4355562634198792,-0.21700452961043482
2010-08-04,0,-0.03384014473284751,0,-0.04776919412037352,0.11406305474659151
2010-08-05,0.5078681511794964,0.5156207629156616,0.16879479891048182,-0.8783082623770737,0.15196710045952644
2010-08-06,-0.17646474237552898,-0.11470677259297919,-0.17964532068445624,0.45892465708503744,-0.2716553098356068
2010-08-09,-0.7887125187317376,-0.7501775246217322,-0.2453362536291707,-0.06225036411227811,0.16846399555589736
2010-08-10,0.420268878135328,0.40413141636157685,-0.03088917877529363,-0.6161197193071937,0.2188652704415306
2010-08-11,0.34075531868808406,0.26081094693840984,0.03741019335272964,0.32572203208696093,-0.06033125786017629
2010-08-12,2.6195188179466267,2.6291862997541506,1.1898792053722178,1.4245762051343105,0.8871514672068057
2010-08-13,0.11039674017040516,0.14821364905523782,-0.17838114282006146,1.0519713212906765,0.22531215137382432
2010-08-16,0.46081427912335293,0.30700841437846,0.5590610302091528,0.43387810002952554,0.4176489731799592
2010-08-17,-0.3210556860275023,-0.4167853765434197,-0.04606879781859163,0.7591795185825763,-0.23785430798176677
2010-08-18,-0.5292525997281573,-0.38741269127043654,-0.9648185765827192,-0.8832036461257825,-0.022911265021582417
2010-08-19,0.18272053315097175,0.18690085407881732,0.31677723695096555,0.32744352740888455,-0.3396413339931201
2010-08-20,0.3772696330060448,0.391614343117694,0.23698368029383063,1.3472789534222869,-0.6486108792322975
2010-08-23,0.7680836874902012,0.7863465948988863,0.5626762449874052,0.5658099545144857,0.24578495892665725
2010-08-24,0.5918087112024446,0.5165744387015825,0.2767386701071189,0.07407015103004728,-0.5959547287269371
2010-08-25,0.01642736980887279,0.10173924846267396,-0.5352663111238906,1.005619975854518,-0.22503875393680162
2010-08-26,-0.2453840014940128,-0.27588007843987156,0.151464295031975,0.07164048237851542,0.276883055384522
2010-08-27,-0.33488892934487746,-0.36637228885016326,-0.02652057770286306,0.21901110453334144,-0.09791167102380725
2010-08-30,-0.37299821012287465,-0.36871067041783345,-0.28294049800634097,-0.7079467288989079,0.2894827030312465
2010-08-31,0.6926953201296895,0.5863474804496739,0.25405015846222667,1.0753091968344364,-0.11181138006733549
2010-09-01,-0.16860217365178665,-0.20452679573633978,-0.922045463786222,0.964934295563117,-0.2203636933134719
2010-09-02,-0.90744720938959,-0.9540276169331007,-0.26992754111604556,-0.8827705392898794,-0.09330032263774946
2010-09-03,-0.17940314883815991,-0.1805501820925139,-0.5171496207478896,0.08836647443984978,0.1641656696347145
2010-09-06,-0.529824123792068,-0.5039464495956296,-0.1797238588335648,-0.8241352291974833,0.26019592366253835
2010-09-07,0.19965677967686848,0.4012122876990793,-0.15659926578795536,0.8129266184283382,-0.0840955139924219
2010-09-08,1.4905775134682249,1.4608925254821523,1.1892868690354603,1.462245301648821,0.6200131349887701
2010-09-09,-0.4256166238409761,-0.39604061284618286,0.3865512632467674,-0.3484444077622799,-0.5755629236620854
2010-09-10,0.3063653161283122,0.4809885331827197,-0.0041752370630073,-0.049665179534160234,0.7189506529672383
2010-09-13,-0.1880320797689399,0.029176902863414927,-0.5452715761413066,-0.5742264485379663,0.6084080191995085
2010-09-14,-1.2116094124892314,-1.0480113652657306,-0.8404839136834121,-0.02573449199172005,-1.7752621087466836
2010-09-15,-0.9259067637498456,-0.803163652359022,-0.2416584197025844,0.3452152612892042,-0.37495190551488045
2010-09-16,-0.17944556937578576,-0.14454202673692776,0.4626142437200516,-0.8197946386707679,0.010842027226090623
2010-09-17,-0.4670317385591539,-0.2549794100235617,-0.5045460695076728,-1.7882783258419774,-0.7908332609328308
2010-09-20,0.2455299340798378,0.19022418550572304,0.35967648194568475,0.7872588731907332,0.7652331295760155
2010-09-21,-0.17624675229668427,0.033568989611389016,-0.8032446638837775,0.2715291393885473,0.0724297719936296
2010-09-22,-1.4438189232467982,-1.3352747165770884,-1.0028324182317578,-0.7095706170137874,-0.8953978801248239
2010-09-23,-1.0059428719971988,-1.0680942959744564,-0.8199314654251502,0.02786594437763436,-0.19414150922531048
2010-09-24,0.5382034059724411,0.45622677123112293,0.7480884755435867,0.6382158004942927,0.8251751781482364
2010-09-27,-1.1938324449518418,-1.1588168704605433,-0.2280729807168815,-1.1315303167760637,-0.2782775668627324
2010-09-28,0.29744172808687713,0.3834335796214151,0.16455274496055683,0.14897319819428123,0.9984935760255894
2010-09-29,-0.9763951553616964,-0.9260135118503949,-1.0206578353641431,-0.06489703746451023,-0.4587298139799124
2010-09-30,-0.4202116302138858,-0.45385554449900006,-0.46602592001813115,-0.4971827668507945,0.8329712526838301
2010-10-01,0.04358874551977149,-0.061598972869417505,-0.4590356070543595,-0.7386381992986143,0.434635751867674
2010-10-04,-1.130180400287456,-1.0885058089017052,-0.4742225146628109,-0.3892046221371131,-1.1301369025310186
2010-10-05,0.7494084714141447,0.6658652454588883,0.7763060120637167,1.130234039267339,0.17841100809330412
2010-10-06,-1.1621940993247912,-1.1110886939128828,-0.7387929804843891,-0.6173603763527731,0.7512157978408971
2010-10-07,-0.620300228284109,-0.7325200797697045,-0.7870170602188691,-0.2643855289397768,-0.02522933779783565
2010-10-08,-0.05707906624241286,-0.0863568742946158,0.03816059907767983,-0.47274322849665507,-0.7843255544746046
2010-10-11,-0.3557968270295674,-0.09260523259201939,0.07547855804171553,-5.729997635970719e-4,0.921078323521857
2010-10-12,0.6992247269975546,0.7371627994889219,0.34896794000146253,0.37002875712353184,0.21388489470359207
2010-10-13,-0.2640717118050501,-0.2900598377656181,-0.7808499563002509,0.4244641224548939,-0.14378094504681863
2010-10-14,-0.3610974358284118,-0.25573529644501164,0.23199449414338888,-0.45305350166595076,-0.16443648750577222
2010-10-15,-0.7472404310015982,-0.5773867519837707,-0.11221211587221457,-0.2844545765802492,-0.9946184341284705
2010-10-18,0.7681872905857146,0.9107007279228988,0.5970738526664707,0.15912689914276937,0.7721754466774365
2010-10-19,0.203670896512113,0.2253201593704201,-0.3302047178925753,0.11512787703264646,-0.20176875160542057
2010-10-20,1.4224451459383776,1.433708370430344,0.21388730776612871,0.16967296334689205,-0.3838188003246546
2010-10-21,-1.6177411923509153,-1.5965903511244193,-0.7170487003863756,-0.7207495630672044,-0.32532330010064825
2010-10-22,0.33177572614474216,0.23483944386267852,-0.5123685926664903,-0.32314341557870374,0.23185240094092097
2010-10-25,-0.19503246474671837,-0.33053311799385926,-0.4053428833127556,-1.2510765461131403,0.2440659838120125
2010-10-26,-0.03486567540383512,-0.048199610345761576,0.16130880036443188,0.4512297618913762,0.36120832653542617
2010-10-27,0.6811838912406836,0.6278565168594126,1.5711628091718548,-0.6156794278691609,0.02387849666531816
2010-10-28,0.551259894392634,0.33069750182967733,0.07057290386143528,-0.10461332353966481,-0.6099848275012587
2010-10-29,0,-0.08101300346360618,0,-0.07112641867851278,1.1544558540626944
2010-11-01,-1.4195311128467976,-1.188817496148309,0.3019551005496602,-0.7079267262084504,-1.8763751639601112
2010-11-02,0.4601149220226114,0.03612702498580575,0.533969401320244,-0.6147988637367633,1.3348098359406975
2010-11-03,-0.8956863160489534,-0.6787072849500781,-1.0673894993118829,0.27996975091894094,0.020655611614702862
2010-11-04,-0.6477529785477356,-0.6488480661614194,-0.18333722139797232,0.03394318094623393,-0.23036141100153856
2010-11-05,-0.7102992808711088,-0.5663632046110118,0.334031428563967,0.6825576009426201,0.18323952681262165
2010-11-08,1.075522245155086,1.1298084929164307,0.666206676875712,0.7693686026770166,0.6955903998830846
2010-11-09,1.47547016301077,1.1807203550226666,0.8984554901336218,0.7401072802168561,0.4163299679127106
2010-11-10,0.706237171788867,1.3635719257023007,-0.01797544582609966,0.6051329943429861,-0.045803707457602705
2010-11-11,-0.0261720338427642,0.2142542709895377,0.7351139561568215,-0.2392703381490195,-0.31016261333738177
2010-11-12,1.1287233725628576,1.2886778515697657,1.0256042030173809,0.5452281821209479,-0.44349375891929765
2010-11-15,-0.5285352456961032,-0.6289806739774588,-0.38348567128417455,-0.7932261034285247,-0.9120756812407591
2010-11-16,0.8684748826313841,0.746301460457583,0.3344206702160581,0.25343492270241325,0.3868203203112954
2010-11-17,0.6224990968142474,0.7340678288609713,-0.35455388893605255,-0.5057333134124343,-0.7086753565669565
2010-11-18,-0.4692205558127859,-0.4701824359597981,-0.2561005300977172,0.08099012096048482,0.3719347076539754
2010-11-19,-0.7591922973236451,-0.6459262989868122,0.05930318868848319,-1.2435071727477953,0.16466046659312528
2010-11-22,-0.6357057443670384,-0.7547009863107343,-0.9322320825327084,-0.36209736692687905,-0.2974410486167231
2010-11-23,1.0418692601628436,0.9190886580525958,0.6808274353694856,1.4330250800843503,0.2693925478112851
2010-11-24,1.5976469224680565,1.638031410611208,0.7054402144869322,0.7041343761443208,-0.35452367963540393
2010-11-25,0.21260816094959173,0.1922273072286665,0.11781447875207438,0.4445943176940566,0.8396034644871371
2010-11-26,0.1361606285769732,0.2186660542303353,-0.05629122029686834,-0.40407875025485684,0.36370313510583896
2010-11-29,0.765429658306826,0.5039666293032848,-0.3161238619193928,0.4924209807404238,-0.35439579797619264
2010-11-30,1.0181003400475397,1.1694924818849926,0.8000768810461334,1.2064950044883338,-0.04946316238127585
2010-12-01,0.8572467909573661,0.8478086165743439,0.9335041787594848,0.7574161934459761,0.8316050375371205
2010-12-02,-1.0172388768412108,-0.8935672481327799,-0.7459877144206292,-0.9818825026872089,-0.37253005210310797
2010-12-03,-0.6914477075128928,-0.731464614081489,-0.8162456396491071,0.360669719269345,-0.34815318710514576
2010-12-06,-1.501982086632793,-1.5881848793139517,-0.3730876542667465,0.35359841973711464,-1.1827188144547645
2010-12-07,0.9666231231328968,1.0749521803948727,0.5904744181336914,0.2618096279048477,0.6559049892714678
2010-12-08,0.31839074494860464,0.4355454888245903,0.60154291391842,-0.22699005356106608,0.7656795087686212
2010-12-09,-0.04636903254455092,-0.24775274465845998,0.2281129120476511,0.15743580679454555,-1.4703187442765917
2010-12-10,0.06622619605450424,0.14197387991847954,-0.06953014066006684,0.4229786890216825,-0.4560450795246067
2010-12-13,0.33974819413855845,0.3160414654682453,0.49130574646282726,0.5013284109920361,1.0162073117737767
2010-12-14,-1.4917942056763407,-1.6043485462874347,-1.0944466292314157,-0.01731776353120367,-1.5829400010988737
2010-12-15,0.2581966069253943,0.30647617639327784,-0.36166934008089585,1.0157710155226156,0.5944906121611673
2010-12-16,1.0301564827892984,1.0536786433923435,-0.26664916961738017,0.45268330885126284,0.2966366835175059
2010-12-17,-0.12041670711858694,-0.20494996472091473,0.34123996774783383,0.22994457307874902,0.6022042254413316
2010-12-20,0.5677107403228935,0.7023375537015522,-0.20158105802521847,0.08890886120570261,-0.9405425090916402
2010-12-21,0.3574420366381766,0.12886524614657452,0.32643039395810197,0.9380887920328911,0.48127541706978394
2010-12-22,0.21359203069992705,0.4683535460462044,-0.0589859636482285,1.021533539365125,0.4402038877071792
2010-12-23,-0.19391577993920872,0.03021695440331081,-0.5952267309125285,0.5821851415240867,-0.07311944603890874
2010-12-24,-0.0892255268533232,-0.10950255786716774,0.18534229895945503,-0.6205586580334903,0.6877628444283036
2010-12-27,0.3616551633095866,0.35325080123842023,0.1502703873557463,-0.17421477149739975,0.3217582179915772
2010-12-28,-0.8366758006946581,-0.5818091735394858,-0.6530937190333692,-0.27258267701851646,-0.6462191930365262
2010-12-29,0.7869529179463036,0.8389817094249336,0.22643605030538075,1.534549126972431,-0.16755279898097175
2010-12-30,-1.0510944369789923,-0.9322721044981324,-0.10377173918735756,-0.19445724562746494,-0.33509035196405623
2010-12-31,-0.5782565559017131,-0.6498087868966842,-0.9974828946126028,0.5715232460271409,-0.6468488329989921
2011-01-03,-0.42521493810058686,-0.16002997814659334,0.44769529565728394,-0.07774169032312209,0.5811835822056697
2011-01-04,0.00801429364872842,0.17186878323908672,-0.5246997069948787,-0.1636481884139539,-0.7137779673104199
2011-01-05,0.26811686131298273,0.023279354168505205,0.9644710434376488,-1.0537178033508081,1.8397229506127553
2011-01-06,1.240456526589203,1.5382737367849042,0.6882605171856748,-0.6859063373752642,0.8484940172612556
2011-01-07,1.3538462981196655,0.8807293192162406,0.95906857341856,1.3413271930234483,0.5735017745699711
2011-01-10,0.6559274229663671,0.7084122322322425,1.2308086446946909,0.6174268382057349,-0.8080549159341062
2011-01-11,-0.5404806830928399,-0.6144761566598889,-0.21983628329669352,-0.42110929904492145,-1.0366825449587218
2011-01-12,-0.1466036118525887,0.047997002091473236,-0.03117661088653416,-0.8980705638338449,-0.06970157152221723
2011-01-13,-1.1058331339293237,-0.8628314555207772,-0.20432515761537456,-0.4496348739832757,-0.34779393849302165
2011-01-14,-1.6987137040285545,-1.7876757517680193,-1.1063730741567237,-1.3794101005358108,-0.8458577612129325
2011-01-17,-0.20183984990294052,-0.0885682636750448,0.04085378926949029,-0.2362620579188679,-0.1481564941380915
2011-01-18,0.7225863458861689,0.6534855969081054,0.840185168207086,0.5734633743869098,1.8315926176917263
2011-01-19,-0.7065304177615553,-0.5241368038975476,-0.3114401627261545,-0.6587934154069915,-0.6209840244013535
2011-01-20,-0.5513552064375575,-0.5626766458809686,-0.4810923404113686,0.23052055333999427,-0.974574722951391
2011-01-21,-0.1184472759885504,-0.22095244376433895,-0.5217784070492515,-1.3039663109625341,-1.7752309084624351
2011-01-24,-1.1187004268384264,-1.0900279802966968,-0.5922968916475887,-0.3005151956858057,0.44560621578080917
2011-01-25,-0.17993609499580876,-0.24534386912569406,-0.2262997975582716,0.6861227216032794,0.9316281418406174
2011-01-26,-0.30746547986904055,-0.3293355726971363,-1.3538820401847602,0.3915786425398005,-0.5028468245946185
2011-01-27,-0.17533191205945337,-0.19148142833330944,0.5168144372063117,-0.26516747651822703,0.16851052414896117
2011-01-28,-0.09464381911932852,-0.10781640520009277,-0.113765639655711,-0.5007930050079298,0.4652158238667118
2011-01-31,1.101358980163175,1.0839495253355125,0.4868894906047117,1.497404668447987,-0.29244769592887
2011-02-01,-1.0341441443834087,-1.2896652713568835,0.22585165654350073,-1.1893594333589796,-0.1259405537805256
2011-02-02,-0.8428214648801071,-0.7900505755705808,-0.18341512000791235,-0.03194375053156029,1.329842729296333
2011-02-03,0.08708792191564241,0.57924145761786,0.512367255784866,-0.42129411385717647,0.331722096810692
2011-02-04,1.4091146651487647,1.453571662604075,0.9741495127030072,0.6534475203218647,0.5260256206592502
2011-02-07,0.36448069825925333,0.47604286435704035,0.14851163946824253,-0.5151416057001276,1.0818231032159598
2011-02-08,-0.12497118689011193,-0.15102253357263754,0.05712337643369933,-0.20841413037075732,0.10920995292545532
2011-02-09,-0.2572171414704737,-0.14511615409359144,-0.6467846494389194,-1.1861809307624689,-0.38255978659963896
2011-02-10,-0.6877982506283958,-1.2429546374176528,-0.46905637303538633,-0.230248756023923,-1.9373161071387905
2011-02-11,0.8715887067008913,0.862854214085578,0.8442212108218186,-0.28174293768025,0.8812300495677646
2011-02-14,0.6778061147924732,0.6634477944080117,0.09198114910100304,0.07998958607146682,0.8288070788412707
2011-02-15,0.21456781922527787,0.18193586840334983,0.3715248083452438,0.47344100690377755,-0.7015246278952714
2011-02-16,-0.12949713556189624,-0.05629235489321895,0.5443452915144874,0.29720716454880003,-0.06313175232171919
2011-02-17,-0.5671923890932944,-0.5289598411746598,-0.8379121539968849,0.104973429594297,0.2971178418032131
2011-02-18,-0.3726598987332451,-0.33874640176882237,0.15496300275354669,0.6107085299295092,0.138085355193737
2011-02-21,-0.6397415525529612,-0.5409205392386384,-0.19059872459695051,-0.07062971782746223,-0.8977659165008318
2011-02-22,0.22738538732484337,0.27119990322876597,0.08609841790384413,0.0018083379688730488,-0.6870678058505373
2011-02-23,0.06291640435711694,-0.05489379956674981,-0.3565027839779265,0.9412465404453497,-0.21412662583432407
2011-02-24,-0.6584959722761738,-0.6170329186823572,-0.1952459701778736,-0.04622276508512751,-0.8779191029861824
2011-02-25,-0.4054861981698998,-0.42999415976243593,-0.9656477725998908,0.3665183076409651,0.5191280347194607
2011-02-28,0.6213410842523079,0.6111863736929323,0.34886454496214686,0.2957298514872919,1.6492191724654661
2011-03-01,-0.6323988320142853,-0.5321467893620712,0.4180212927627676,-0.6976166369114851,-0.9437972786885053
2011-03-02,0.36009073180751655,0.2963885769700913,0.312917495635487,0.4159725520406199,-0.2347536501356846
2011-03-03,-0.6854273404183246,-0.6885855845327117,-0.2551638325936248,-0.14568203913596164,-0.3198323452243137
2011-03-04,-0.663631357558669,-0.7119102215239256,-1.0223119699565413,-1.575785603815226,0.9523281395271824
2011-03-07,-0.22778490595248024,-0.2306028429869773,-0.2652076706537934,0.3544376872134239,-0.22002125704879283
2011-03-08,0.19148780882222205,0.3645457034058727,-0.23869874305968403,0.128901607153515,0.33719270165850446
2011-03-09,0.47364782961905755,0.33679089209793234,0.25682236483785786,-0.47310785620697066,1.3380565068407309
2011-03-10,-0.03058256639182816,0.09902395106441284,0.19596401673186867,0.4899884475708259,0.368091233596352
2011-03-11,0.7285940264144686,0.5409765838784205,-0.10225820172162275,0.5164492290733835,0.42511916105397873
2011-03-14,-0.9610277810928431,-0.9530163991882562,-0.9272727318887252,-0.612749437366009,-1.4854880006438753
2011-03-15,-0.4119090114892891,-0.40734786518851135,0.21199458884399233,-0.046984991845047154,0.5899619257613382
2011-03-16,0.0419601461467789,-0.019783045104957687,-0.5787317541632993,0.7604410849926654,-0.9310688514452624
2011-03-17,0.7274305353067471,0.7380983406291838,0.22404334419097444,2.2685901205041903,-0.528265223421891
2011-03-18,-1.0608528143582288,-1.0895117571699937,-0.11449896468483715,-0.49329392001576444,-0.3339052171696013
2011-03-21,-0.9758236005273982,-0.9405998087711867,-0.4838672768592514,-1.4090647204459916,-0.2575771731451574
2011-03-22,-0.32788511749045174,-0.33297082529323213,0.19912402137964832,-0.48745022727208304,0.2680309514110696
2011-03-23,0.34488818653910525,0.5102058208046547,0.6601416425398448,0.4371513784494758,1.2872480467158516
2011-03-24,0.4396579999944031,0.3947885250154694,-0.2418601535262501,0.0038751499925258337,0.8649454983429423
2011-03-25,-0.4665873036686944,-0.47446032206141986,-1.2515861798806376,-0.5142913603823277,-0.2100047377221338
2011-03-28,1.0348458425385196,1.006059939520412,0.3007686922733309,-0.47459890783091696,0.4534714077867533
2011-03-29,-0.38223155090462346,-0.3736934363742652,-0.4654156828314988,0.15198100634314662,-0.8934442252804013
2011-03-30,-0.22271443473863808,-0.22697780366204875,-0.10271083967547782,-0.6766342883262083,-0.05444018722481614
2011-03-31,-0.07198385926760696,-0.023768634760496104,0.32745846543667784,0.10060287043957793,-0.1613424877986568
2011-04-01,-0.2644273378995729,-0.06600623245756103,-0.5132551507743136,-0.39030096131693737,-0.07184197246094487
2011-04-04,-0.4555258551591813,-0.5171863442663353,0.08305732299601505,-1.1521955826700716,0.7139150367003302
2011-04-05,0.02275767640283276,0.12384665950946472,0.08404170962438276,0.21571919126803504,-0.578445157943273
2011-04-06,0.00710078448877409,0.008953593011655454,1.0578582455156589,-0.34798844110018506,0.22447731547784291
2011-04-07,-0.8137852341283796,-0.8942234619465492,-0.66696001391641,-0.03741384732932696,-0.0686597857594875
2011-04-08,0.2319553553933112,0.1847460571506353,0.20909659490028187,0.35304202049986805,0.2611482166074735
2011-04-11,-1.1131454677568622,-0.9764637203108538,-0.7894620166329094,-0.3622756419813647,-1.1565102118406518
2011-04-12,0.16761853499485413,0.07582041015979195,-0.0107050841410784,0.36521217476379353,-0.31320372612743475
2011-04-13,-0.2660144134212359,-0.32451735908639656,-0.8055703097593375,0.7697403579606771,-0.48132824413607167
2011-04-14,0.23713673931143545,0.33478299694556907,0.3103206470446612,0.319928835250954,0.557713372357308
2011-04-15,0,0.025694719615717423,0,-0.007002246652337117,0.10599392728014789
2011-04-18,0.2019882217216453,0.25456080193660596,0.4789405320675012,0.5633131918350374,0.7976105013556707
2011-04-19,1.3201218389951237,1.3626688348437321,0.9959990181088784,0.9544653130370225,-0.37709018386237014
2011-04-20,-0.7983030985188093,-0.7458578849188878,-0.4105331474921197,-1.1174540451984907,0.14474037205896217
2011-04-21,-1.2204045850335052,-1.1687385567003048,-0.7901467718457604,-0.0488558611628126,-0.477142282797066
2011-04-22,-0.28197058735336344,-0.3716717065633546,0.44696231565489697,-0.0022714373109306634,-0.2548964026951933
2011-04-25,-0.01454486848794149,0.43695859433983136,0.0664123649741513,0.021082378945295747,0.3384654432909916
2011-04-26,-0.15005875301566854,-0.11652201827205286,-0.30860014795018276,0.3872260559549952,-0.865109755619326
2011-04-27,-0.7448325364390498,-1.2752357450627954,-0.7019169543114588,0.4838320706867682,-0.1669594582660746
2011-04-28,-0.6247150367585613,-0.47527328140930114,0.09268341735380804,-1.163013850470074,0.17169508231285113
2011-04-29,-0.43251571974726066,-0.4566860370750091,-0.2993997464946537,-0.20932802006887205,-0.5735199998465954
2011-05-02,0.337870594790225,0.6047659375439195,0.5662406536621298,1.1888956330330793,1.0711032631739918
2011-05-03,-0.20139894463206293,-0.3183956443264563,-0.36981009113324487,-0.12287656593982738,-0.08124929341442533
2011-05-04,-0.06375870341182835,-0.24210909458788954,-1.0501521372510292,0.36969093351633064,-0.4997377352962975
2011-05-05,0.02372689773264288,0.15136108185942593,0.02702928437935326,0.03487259964110999,-0.3255745854659533
2011-05-06,1.9429831623228409,2.084063442492469,1.2672462253099497,0.9288860178134833,2.207052297663165
2011-05-09,1.324906040964515,1.5095342165149677,1.1546328393714609,0.3986867485952329,1.4732213124983469
2011-05-10,-0.16089019789558404,-0.2068756876093239,0.16681595139708846,0.6944214029561602,-0.8585477951058397
2011-05-11,-0.24324576723163688,-0.23601708454889223,-0.4973096751146629,-1.207352224996534,-1.1233924681283554
2011-05-12,1.3981429050206775,1.356922037238145,1.3817713189204206,0.7503986787900088,-0.13912811182125373
2011-05-13,-0.18918337014444733,-0.16970738423227388,-0.7001668347584667,0.04855938231604208,0.24137736121968606
2011-05-16,1.1297770355658905,1.301581929229466,0.4643470637635842,0.15943650574651774,-0.4813615293853822
2011-05-17,-0.5675407039250067,-0.7939462993506842,-0.361892182517676,0.4428352006664741,-0.29040545202056023
2011-05-18,-0.7803155959080553,-0.6613000758839577,-0.5108835141608674,-0.11446820955653239,-0.13839238061115317
2011-05-19,0.09698341247315304,-0.09222716172583736,-0.4460082472087142,-0.10458407918335734,1.2655688886001828
2011-05-20,-0.4271393752962323,-0.4188449870381015,-0.01408367967248382,-0.43247167843180806,-0.7050624760265871
2011-05-23,1.480729582503444,1.7534783050690783,1.372036211921736,1.8403707450135576,0.4803999890569887
2011-05-24,0.49108054694584824,0.32076542826537924,-0.1618407373991583,-0.1313786025407547,-0.4866222344901527
2011-05-25,-0.4431343904392082,-0.318523298656938,0.02834868326220497,0.08092494861571789,0.096988172058951
2011-05-26,0.10005764215389472,0.14489091048843097,0.68441699625999,1.0118120788963805,-0.3626884718556197
2011-05-27,-0.35557552337790743,-0.29823681434492433,0.2911869213814966,0.5025401406712764,-0.19703701471286778
2011-05-30,-1.141539751214064,-1.028751199940097,-0.3766978923145674,0.6960478620704319,-1.0072370123693624
2011-05-31,-0.17457562225028947,-0.13929049169743604,-0.3164680664012856,-0.13644998113920828,0.4382564507308361
2011-06-01,-0.7345661044578559,-0.8255468222768362,-0.8729676114666516,-0.923436771885749,0.0933127158384689
2011-06-02,0.5768888070189846,0.5289623339536538,-0.22012074676489624,1.938444331195719,0.5019946654443102
2011-06-03,-0.9787892775456916,-1.0122583005923873,-0.8120497492050541,-1.0338126552816664,0.22799887086598636
2011-06-06,-1.1597947006652078,-1.036753758519554,-0.5953667861095863,-0.061924300752805944,-0.25521004212315934
2011-06-07,0.4926573458887498,0.42081774707917274,-0.09794513612890954,0.42550136636987784,-0.043053929862035156
2011-06-08,-0.703911262053738,-0.8523065592439056,-0.18075297317715583,-0.8513669480151337,0.010870058554124595
2011-06-09,0.5740449916636955,0.6012519808467446,0.3605198650344332,0.7148099754728874,0.43679766413735993
2011-06-10,0.5925429655855539,0.6232475748822327,0.3336350175963421,-0.028576879783289225,1.2119784203643336
2011-06-13,1.26928086650952,1.3742623057231593,0.4137632932059686,1.1562139558198479,0.9209492695546753
2011-06-14,-0.5864798918182336,-0.646184274071684,0.3214189532292534,0.12683099316829552,-0.9964972123636366
2011-06-15,-0.22949095577443493,-0.07372406857808511,-0.20984322231824223,-1.0905666793418862,-0.9057638961179628
2011-06-16,1.8724290470387543,1.8281356082887998,0.7584540220663145,0.9587211127525245,0.41848935960119193
2011-06-17,-0.1206244643593536,-0.008122695045551659,-0.33580326424122897,0.3914310267605539,-0.5330170712849103
2011-06-20,-0.6038618382886298,-0.41895514860452865,-0.49876036766217846,-0.6270517077873343,0.4643036883415203
2011-06-21,-0.28181401155565916,-0.5612684948783344,-0.10369767854566936,0.22615616285635767,-1.239700680889738
2011-06-22,-0.3918490776311364,-0.24951120569926563,-0.2783379951364891,-0.03313704454074627,-0.7251541622944773
2011-06-23,0.4691776021184485,0.4979808437867325,-0.5558510936361858,0.6373587170810335,0.4530699234424731
2011-06-24,0.31013901197991084,0.28494271233619617,0.09997171257788984,0.7245725350161348,0.027382344468339995
2011-06-27,0.6939573877147331,0.7637727501863784,0.29888962832876254,1.1195769393746167,0.5041862224787192
2011-06-28,-1.021275507759787,-1.2345680048974819,-0.8519208358714319,-0.873881318175914,-0.8886612284224393
2011-06-29,-0.28675385374913365,-0.18846018976638151,-0.29954039007318967,-0.07447162331615409,0.007130614962135962
2011-06-30,-0.839134125521396,-0.7608047858876683,-0.2908508398100126,-0.8625375550369956,0.9803478951196625
2011-07-01,-0.12459111671489904,-0.1907223415252599,-0.2980619585002281,-1.0788136063976017,-0.15517978001884802
2011-07-04,-0.2961830688701069,-0.18387167576829624,-0.1709240371823409,-1.0851510380708795,0.9886941249437131
2011-07-05,-0.09018643223210018,-0.03611782934949004,0.08993270853971395,-0.09401263385932394,-0.756764824655546
2011-07-06,0.8621839124782694,0.6256094884601314,0.6804548379551978,1.5876604465054505,0.4773567926975598
2011-07-07,0.6715271964029419,0.7040797623081968,0.3042456775402212,0.8222545460075186,0.42606154477898717
2011-07-08,-0.22956118798977632,-0.144594022364017,-0.4039069132136086,-0.8524264801396666,0.36129054996955656
2011-07-11,1.1383380227067157,1.263451115495755,1.4184040754026828,2.0692895348921496,0.23606014596300107
2011-07-12,1.1423944125107122,1.0722252362148912,0.40472276940507945,1.3235585089421713,-0.173973198008295
2011-07-13,0.5111737197767049,0.6692650847285349,0.5748267041752472,1.1081230753368425,0.09140306257567407
2011-07-14,-1.8810520333179968,-2.3328962784228877,-0.3233234956295276,0.7127586721182759,-1.7180102858752666
2011-07-15,0.5422794293077735,1.3053362722824753,0.4243288574852276,0.13179625743235687,0.7204892640622903
2011-07-18,0.24179610702392695,0.10018504472010907,0.01112224825155752,0.8892292821439053,-0.43557767548278997
2011-07-19,0.07905338338718453,-0.21398653598403503,-0.2539081801894787,-0.6165292973086813,-0.32326734371423327
2011-07-20,-0.4313475947415,-0.3642558667540277,0.05802153060904038,-1.1590693108852075,-0.03411144149173734
2011-07-21,-0.6826186504122967,-0.45186634651070046,-0.5453538057871006,-0.49332693380847314,-0.8694673946753804
2011-07-22,-1.0457339302562902,-1.1548413968372644,-0.03554414686459106,-0.3437808786512663,-0.5671241519470878
2011-07-25,0.21894102326817896,0.3615234861699717,0.16834765313446967,0.7029016464814131,-1.3630988070689178
2011-07-26,0.117915978310463,0.030768395005922943,-0.09232852656722668,0.990431168737861,0.2815711780680694
2011-07-27,-0.9457845483739524,-0.8425067411758497,-0.05780046935791413,-0.2519151623418178,0.8959717928785428
2011-07-28,0.9357234372762472,0.7872095922729684,0.3330684939060537,0.9955121256666001,2.0219190409798853
2011-07-29,0.28562109861998985,0.34449293688696814,0.5373709519325677,0.36230138759626024,1.584796378824708
2011-08-01,-0.2209568691415851,0.027674032281118227,0.04457269904552102,1.1589489372835706,-1.0735305198477243
2011-08-02,0.7099090803476722,0.7602646903752853,0.08166271787088221,1.5613215845133162,0.8927724144047352
2011-08-03,0.6241573077217472,0.6264958233960406,0.43677561930839726,3.2915804507193616,-0.8162107593175655
2011-08-04,-1.259402458406625,-1.1770919687778154,-0.3091119078702375,-1.7628906942847364,-0.32567360921487265
2011-08-05,2.0120007800489113,1.9092097556429357,0.7983425743168315,2.7497400002863874,-0.9162410117435916
2011-08-08,-1.6009126384070176,-1.4994809354451302,-0.4940143014275407,-0.8103195423612611,-1.6141267245526065
2011-08-09,0.8667356908595146,0.8356528384308509,0.27748111943632536,2.006563510662113,-0.01100546804365976
2011-08-10,-1.4876011691912243,-1.356517325641228,-1.5202426872268713,2.9195594883141203,0.2575397648062735
2011-08-11,1.812998575949098,1.9162321234278212,0.6000402354110366,1.600645956232301,1.2331421885019358
2011-08-12,-0.717275517513314,-0.17144666185848714,-0.03801832718462254,-5.227229829820861,-0.5395436525153541
2011-08-15,-0.33488515448093,-0.33394429822150307,0.06676046906242611,-2.9419379043205534,0.5195682604139296
2011-08-16,-1.1441583538398057,-1.154117822853569,-0.5771838900195561,-1.3304626478439985,0.12360970346056799
2011-08-17,0.2797143102523067,0.2962018586262053,0.6145427268811249,-1.197774880787362,0.029442984734633026
2011-08-18,-0.2162104171317937,-0.25935164905699326,0.3906551694282258,0.49377297413999555,0.47192721703451834
2011-08-19,0.7288930040973023,0.5570159405684412,0.5289463364138847,0.09486690220258516,-0.0243436116136536
2011-08-22,-0.312754980947323,-0.1838635407027823,-0.4941751133894676,0.4685010207394027,0.04103845354909921
2011-08-23,0.05745892309913456,-0.2383008913360831,-0.0150203947921959,-0.2080619613206424,0.14549926614540473
2011-08-24,-0.5284477204432796,-0.46858008069021706,-0.33396144809637546,-0.9874228355858989,0.5462006237608572
2011-08-25,0.1716565105416769,0.24521280534965978,-0.6073086071605904,-0.17983131932405022,-0.5289299647808965
2011-08-26,0.27345999796553605,0.2609786369492854,-0.25878536122716383,0.374379361847716,2.0055980846271675
2011-08-29,-0.8458165568050011,-0.6095955852033245,-0.4362703625826459,-2.6289146291362218,-1.0044589099023327
2011-08-30,-0.20169063278352223,-0.08837897784295844,0.19476228405602855,-1.3870177986184187,0.814312428857753
2011-08-31,0.6298246965419014,0.398664694562861,-0.02625759125070253,0.18901656534842623,0.20272052969799303
2011-09-01,0.4061876891663146,0.47284442823102724,0.06106366031560284,1.8073005731947867,0.8315548996874743
2011-09-02,0.7860681137063554,0.7753294029355684,0.3951769235681857,2.1849506851710014,0.002702953172433409
2011-09-05,0.7346438675037602,0.9431415274622039,0.6359392024714436,1.3449957700528894,-1.7003826354195435
2011-09-06,0.6702420858780233,0.6453700970833037,0.22328065230870336,1.3080194035829986,-0.5958018326377896
2011-09-07,0.42660176991076176,0.28346017409220675,-0.5204094962684184,-8.735804450801727,0.6930215723751448
2011-09-08,-0.5870477632930666,-0.5965912896337188,-0.3507280042770753,-0.4327584703994345,-0.9305439317647465
2011-09-09,1.2972900658711954,1.4394138826547354,1.24453928530218,-0.6943043296909456,0.6923385774484141
2011-09-12,2.2057223422151098,2.353821292625287,1.448082591922519,0.6055051770520289,0.3660960887779112
2011-09-13,-0.4361773914953985,-0.6373759811638398,-0.4250817135888341,0.008495596930083529,-0.0700523372617673
2011-09-14,-0.1886941802666394,-0.18292789687569183,-0.6475444005697322,-0.13460246161271205,0.9333212055731325
2011-09-15,-0.43754225559737214,-0.41250185254588984,-0.5400995788934885,-0.12753140953729591,-1.7011938688692705
2011-09-16,-0.8905725369258038,-0.7970773562961576,-0.7438031068406128,-0.40124282254794563,-1.0487269751628827
2011-09-19,1.2158241542317507,1.2486190774816304,0.7777338335593129,0.04072441216689846,1.2760716327901618
2011-09-20,0.7017934770640311,0.8211338552537775,0.2938057524972591,-0.08556429443921243,-1.355936027789331
2011-09-21,-0.6470001854692142,-0.6388172143892945,-0.1745159467835359,-0.9057746082657168,1.2193351085033526
2011-09-22,0.7911123281651629,0.7875137206415429,-0.6553571668661972,-0.6677223799103017,-1.5876281749427548
2011-09-23,0.7768149485341681,0.8466654261767078,-0.17242105408178512,-0.248377372229795,0.502076531762503
2011-09-26,-0.4891980751379475,-0.4179458503682861,0.3639291560598278,-0.16967717280610936,0.32753789145810425
2011-09-27,0.2138140757906434,-0.14531302738927396,0.5956803341782797,0.2637436031290068,-0.9227385695561023
2011-09-28,-0.47426171708671816,-0.42290185506141664,0.08563852782962512,0.04216822006315913,0.542729255118467
2011-09-29,0.3295049128505838,0.3595913731106196,-0.0794184844413936,-0.2855950836041047,-0.517786336732405
2011-09-30,-0.3553141037423241,-0.24164175137460545,-0.20567292359175343,-0.04781394578827408,0.7599467747071513
2011-10-03,1.6692734873779842,1.7290302570297413,1.5648075099622805,0.283367772044694,1.6025467102138227
2011-10-04,1.249433640377097,1.1864838542068195,0.3002572237352331,0.011513753217850914,-0.805330369557114
2011-10-05,-1.018554722220657,-0.45726804499111073,-0.7960213091131367,-0.961297363849474,-0.6014802860294606
2011-10-06,-0.07334911524802148,-0.1084446078879423,-0.10119364339054372,-0.66814137964703,1.0017630385558025
2011-10-07,-0.6651891750708931,-0.7363392141750066,-0.869130468526293,-0.3385745711303611,0.5432397926165913
2011-10-10,0.3204324606318675,0.3267450269794583,0.9568103775545732,-0.48156839735658574,-0.38114520127405277
2011-10-11,-1.8468128899092051,-1.4045305832492734,-1.0436486440639343,0.4648914968793364,-0.8555155518885876
2011-10-12,-0.07502681894220935,-0.607887895647583,-0.5187391483492431,-0.6238019907050087,-0.5477139834821029
2011-10-13,-1.0659367654543792,-1.010430923157962,-0.05220872314479175,0.36287330370113546,0.3214789006258374
2011-10-14,0.4101649642825529,-0.02842182462670259,0.392851083067871,-0.20642885999046875,-0.6370050085400969
2011-10-17,-1.0396739799124544,-0.8662083850700307,-0.5250746714185162,-0.21997661363959942,-0.8255896457856813
2011-10-18,0.9778471612249616,0.9239255103998808,0.4632478527310099,0.1776936852279194,-0.16367014852098505
2011-10-19,0.02886106177471451,-0.1041011633677928,-0.20232818491944632,-0.1784658818493902,1.1713858154785874
2011-10-20,-0.1815376900514936,-0.15819162552840327,0.25295914040480677,-0.6316064885568438,-0.5388267497896927
2011-10-21,-0.10191461677499428,0.01609973593830747,0.01806816099877481,0.834245583787009,0.8330764410036777
2011-10-24,-0.497277962742686,-0.508589663741555,0.4294909811185694,0.5933388810741547,0.8387933051460011
2011-10-25,-0.5373474888955699,-0.6469604953784343,-0.20197644613535068,-0.20027496640507664,1.6808429818887953
2011-10-26,0.12800483196723653,0.26666818031530054,0.13919730503332167,0.33674900322744383,0.9295183178269424
2011-10-27,0.19862878480351137,0.40777628373902536,-0.04425032347082124,-0.18374320230470192,0.5349280729543482
2011-10-28,-2.1176794586202057,-2.1964881806642875,-1.3181091034148047,0.293131810633189,-2.1986799824434
2011-10-31,0.23925220063531172,0.2626469055496531,0.3889836642290953,0.004786524696553777,0.19570410028573426
2011-11-01,2.0004690410207338,2.077348898538011,1.8024872904726623,0.2737121145261261,-0.10009411939439516
2011-11-02,1.483064592287466,1.625166459283977,0.608939179265388,0.1074315724846885,-0.6646769130754828
2011-11-03,-0.24885501711642993,-0.13672244094317731,-0.42564062880991305,0.08579604611217719,0.2106825167819682
2011-11-04,-1.016833908380336,-0.9122496326052117,-0.23248947264771172,-0.05940856750496337,0.17917497400325816
2011-11-07,0.29413867830760515,0.37408298535109424,0.2668770695499935,-1.2094926452248107,-0.37077971093114737
2011-11-08,0.21213249233896803,-0.06987575008809983,0.3934641923397423,-0.9543602351383861,-0.7092810275320791
2011-11-09,-0.481391718617896,-0.43950287554199535,-0.25143050087045526,0.17532749730729547,-0.1326345989464427
2011-11-10,2.192187602172321,2.2215003058171043,1.042906701236313,0.36926540385613654,0.390877972140492
2011-11-11,-0.6146491362933182,-0.5071928739374432,-0.44420817813583985,-0.11104369344615948,-0.3037782185434603
2011-11-14,-1.2917312303638904,-1.1066767616069433,-0.4496478130396408,-0.6034370772328166,-0.10333996852742505
2011-11-15,1.188245813153161,0.9029642983492452,0.08187517968975272,0.11622211538811822,0.7602628688588453
2011-11-16,0.8627619080228238,1.0692621906327482,0.26827405581663066,-0.20248957623079192,-0.29256956453869454
2011-11-17,0.4904600520091177,0.593048800458675,-0.1303554059031703,0.02820645707752921,-0.04599401303050943
2011-11-18,-0.1264282060011482,-0.16611203996549057,0.15356639613086093,-0.21442454108183845,-1.1418591427453788
2011-11-21,-0.533015102049458,-0.6513723264769676,-0.373800152591124,0.045157311231779955,-0.34893692244961594
2011-11-22,0.3376779108307555,0.23256132823232278,-0.5419546061594951,0.13679112451275122,-1.0989742333941743
2011-11-23,-0.2781611528772375,-0.26975653448026526,-0.21402230535672728,0.15678627761889902,0.6533123542667514
2011-11-24,1.2643902231597008,1.3098319234175058,0.4927478465846059,0.5456870564561758,0.5777292266868103
2011-11-25,0.15742945900412925,0.17921758167144897,-0.1758805504644461,0.04875060077403854,0.5368640232510025
2011-11-28,0.13188670609157174,-0.1639933361410511,0.2154992725259584,-0.6578372728662697,0.16434797717545468
2011-11-29,-0.02662579405180238,-0.10510164660870283,0.04465143649171801,0.48442099592737964,1.2010887615919903
2011-11-30,-0.05328401093880099,0.11602396240536093,0.5702460500597419,0.09654381005847375,0.2879685842345596
2011-12-01,-0.8953751721584767,-1.0889309212878093,-0.19727905891347336,-0.09109916914075995,0.1905331580843448
2011-12-02,-0.1708834052709287,-0.12895097100381536,-0.32468818922867465,-0.38359757234449493,-0.537000090367543
2011-12-05,0.35622765220723634,0.6214327583210417,-0.11159786510262588,-0.16938920762978538,0.2643792240627995
2011-12-06,0.24125830984946453,0.4859172743889811,0.4537778925318546,0.053603016020972984,-0.48796411520847205
2011-12-07,-0.1889380174821399,-0.05696099235145757,-0.4201847512047759,-0.5929421899016262,-0.5127033694502199
2011-12-08,0.06168565991605129,-0.4780348926975396,0.6580828882684697,0.12177661394539954,0.274898512418994
2011-12-09,0.4360036407616388,0.6036688539974295,0.03801070498858271,0.24713879961876928,-0.32966937935231144
2011-12-12,-0.19636871984335327,-0.14216559883928942,-0.09310650340494914,-0.21280201014979325,0.2971365996790968
2011-12-13,1.5115494136825942,1.327679671087861,1.0414636308445495,0.07834889014900696,-0.45837280146943643
2011-12-14,1.1602076165823312,1.3249689559382152,0.512592589505204,0.32893509753426,0.534970503212992
2011-12-15,0.23926060770597213,0.19172759069124018,0.206757945590462,-0.5770023931321051,-0.028456803560376165
2011-12-16,-0.32001549220220515,-0.3366928565340122,-0.01158142749316745,1.1380692855183303,-0.035911609809103184
2011-12-19,-0.05604067527002075,0.46093682970583505,-0.04206481371028876,0.30932177018606155,-0.4619701866476139
2011-12-20,0.22397563803204432,0.8686014447403403,0.12621116838762783,0.19144530756442812,-0.5914602053213804
2011-12-21,-0.6145455045773215,-1.2911416088387155,0.4190824382220835,-0.02296264772447498,0.5639638269915392
2011-12-22,0.36710010387116593,0.5172513555342372,0.36710010387116593,-0.1580796886381865,0.2628360179363425
2011-12-23,-0.1226534574592088,0.062465079894905184,-0.06621796377839871,-0.02289497135878778,-0.3460101651372287
2011-12-26,0.08482269087011067,-0.1947005409392046,-0.4453244783336816,-0.03130165579598419,0.18144621256939364
2011-12-27,-0.04305061547006923,0.14094108929171376,0.09741500628973908,-0.05453837235250245,0.020200347417483083
2011-12-28,-0.16457621879671652,-0.03673826185584009,0.12950141620178254,0.08854071097063182,-0.4348116339441122
2011-12-29,1.1140426244685948,1.1587066784984885,-0.30602767701039646,0.1322561392667682,0.13334043404155754
2011-12-30,-0.22259091925653732,-0.006938728419995613,-0.40466555755830785,0.1191864029297137,-0.046542960546337525
2012-01-02,-0.03109471355130707,0.3495097407742019,0.590547538242603,0.1944886698789711,2.0003800017285847
2012-01-03,0.14762947781102406,0.1903654923730262,0.19882884953984253,0.01620732620043559,-0.7186344963979947
2012-01-04,-0.8851823260751127,-1.0772327993785877,-0.08894399910412093,-0.07795414670812319,-0.11456918472550054
2012-01-05,0.9589221588583486,0.892124828707947,0.7370151505365027,-0.12797285126498437,0.6074102648576707
2012-01-06,1.0522396330770074,0.9223716422356544,0.3600351831175409,-0.006911976467871679,0.5306969958767285
2012-01-09,0.9082195049580682,1.123365208166624,0.37636961483352654,0.2339166047390284,0.3919748791665074
2012-01-10,-0.7509521425102101,-0.8803998466176195,-0.49466309692280647,0.3626268498491409,-0.9104130224815948
2012-01-11,0.18890205884630495,0.13717903281102473,0.28943759395189683,-0.09348835366717172,-0.018771979295991253
2012-01-12,0.21909506003975973,0.16626935538203155,-0.6805535805630523,-0.04002517377783821,0.6446960326386275
2012-01-13,-0.7561179282910552,-0.77185263728208,-0.7162417932483585,0.2376575378812661,-1.3942442798703765
2012-01-16,1.3624806787234958,1.6488948710923066,1.088225815807946,0.2536272495331141,0.6597992770943093
2012-01-17,-0.15822010941942644,-0.19195581532032596,0.00409878304642604,-0.249717176300317,-0.02938423234918086
2012-01-18,-0.6213452606059845,-0.8087775705658765,-0.5324190893160525,0.05444580751392199,-0.40604698086707486
2012-01-19,-0.9373893106578802,-0.904435692547226,-0.34356027766754044,0.14690526877337912,-0.5524077545291847
2012-01-20,-0.7658858192625247,-0.7750724741501753,-0.3886888907680084,-0.054105610949190176,-0.70308447267138785
2012-01-23,0.6203948598389815,0.2854082180597139,0.989702458131348,0.11507953147110009,0.46977983170156273
2012-01-24,-1.0973357237505543,-0.9076889796678538,-0.8825759118898842,-0.07458345198011722,-0.43398513873281014
2012-01-25,-0.10817927973259,-0.30446548072963503,0.19920007023670896,-0.11153068492279083,-0.18168670453740515
2012-01-26,-0.5072846961054633,-0.3961093750006617,-0.2898361052793111,0.116534653292261,0.5321502906893192
2012-01-27,0.11135545992721176,-0.2432239985640004,0.24613172118961552,-0.0010246107218004354,0.820261553627232
2012-01-30,-0.875802714628226,-0.7364637536237244,-0.6088560171525123,0.1708506897904161,0.1023211054493477
2012-01-31,0.5190425851082768,0.6271040950989267,0.42003418178657903,0.0017248114785165221,-0.4119498060031195
2012-02-01,0.4771364838780998,0.6044942655630626,0.8075555052929928,0.20029871505952038,1.1233436836505721
2012-02-02,-0.7086626342989176,-0.6337299677747493,-0.18721264585543249,-0.04976733988495168,-0.04624787960675336
2012-02-03,0.24991788451785285,0.24250821643650977,-0.00324022730724467,-0.06493773993098789,-0.2810659186439025
2012-02-06,0.07617070612132695,0.08844503759072342,0.07774729850702147,-0.1212778489330548,-0.014185956115463305
2012-02-07,0.04199085772778568,-0.06060992863093765,0.1036470508531932,0.0034577913078656583,-0.5967097773336967
2012-02-08,-0.9624903949070904,-0.919594535618244,-0.45519710376532185,-0.18599072090619195,-0.5147023249055909
2012-02-09,0,0.08964875099585662,-0.5072932911417688,-0.1294616820644294,-0.3991630335959209
2012-02-10,-0.22548533864812936,-0.17096572534193832,-0.22548533864812936,-0.10990697060680558,-0.28008398968528714
2012-02-13,0.3142081581408068,0.33444958351436455,0.11990307026291076,0.10936197534580425,0.01754600010929591
2012-02-14,0.5978392592412967,0.5949096756356183,0.24021658621071737,0.062305642372253875,0.2401991537339273
2012-02-15,0.18404004398633375,0.19634601304684504,-0.03587745590377788,0.06998864249671051,0.2837464140177359
2012-02-16,0.5775290821672993,0.5783109741771674,0.561847214947495,0.04606249058029138,0.9174326202069109
2012-02-17,-0.5250071880237004,-0.5282402269114542,0.23089723345178303,0.029550857979734765,-0.5916466459553484
2012-02-20,-0.7616250294251755,-0.7481966646169621,-0.37358582324587614,-0.26890721472930623,0.4643567221590958
2012-02-21,0.16917171206938864,0.0847581990964475,-0.08916794023897653,0.2506807658806037,-0.2070547220887799
2012-02-22,-0.29092800055834583,-0.24314499146128551,-0.5312197537818629,-0.08113983210486017,-0.9067298585402945
2012-02-23,-0.09407535629054715,-0.09843856388854234,-0.8460195636802283,0.0037431605396249998,-0.28105049508260527
2012-02-24,-0.8854252024843164,-0.9342716565266078,-0.4173076367411631,0.18477568943682965,-1.203933976150698
2012-02-27,-0.6965051810768255,-0.7475711669352573,0.1970983326635247,0.032234763757278705,-0.10807801526739302
2012-02-28,0.450129687363388,0.31973845675040746,0.10913934493221972,-0.03585225930379001,0.7392970010990665
2012-02-29,-0.5309678317946315,-0.45246278406987567,0.03109749537214753,-0.04790555226135367,0.4998303661204223
2012-03-01,1.1724316253571403,1.2028195845382994,1.1819846558387188,0.009656138867945837,1.6371672404796334
2012-03-02,-0.01332423517035734,0.0011750298475463883,0.20984898084545217,-0.13562105496281213,-0.338608701523328
2012-03-05,1.0298493213170006,1.0426424448011762,0.2366464087387127,0.004177099736847215,0.3165246012476993
2012-03-06,-0.2997753502724844,-0.36730347592792106,-0.03183374309044286,0.01094023594376679,-0.6147229264256578
2012-03-07,0.777292426849047,0.6429381250137829,-0.18645287671254085,0.02779792500761538,-0.5490324995111178
2012-03-08,-0.12606650839609815,-0.01018429623650257,-0.04742960854287381,0.02527755236115939,0.5286698283838039
2012-03-09,-1.0222320142698298,-1.1228017761866942,-0.4541371300144265,-0.060495574437941804,-1.0157880778912476
2012-03-12,1.1351733684889775,1.1361143972390142,0.16819344739790976,-0.04938854208326608,0.8423530348556763
2012-03-13,-0.3286656132597958,-0.4662229506216249,-0.4477099575183475,0.049457514168747725,-0.86005006158512
2012-03-14,0.6693415503811537,0.6098448620004574,0.998631168617851,-0.2354749528317836,1.4024438731014381
2012-03-15,0.44374672328107695,0.4115593398399,0.1144571050443834,-0.43831861582388154,-0.8017159590851762
2012-03-16,-0.4306770378691382,-0.3595971365202618,-0.11709247671966896,0.42247940968984615,0.1477801921867361
2012-03-19,-0.7495963026750387,-0.677607728950454,0.0972551870500693,0.07066579698083093,-0.49588156652632764
2012-03-20,-0.3947674646959165,-0.3787498910834467,-0.07275962925965426,0.006385777168567356,-0.8921593602116992
2012-03-21,-0.06351659930329694,-0.12581533728593913,-0.2222716663903004,0.009933925667693346,-0.5001714428796904
2012-03-22,0.1428631599636387,0.14745097810263788,0.2222121255423817,-0.013585314046601883,0.9044872205573337
2012-03-23,0.10569483511522818,0.4292181368684386,-0.19548591808614552,0.0258854890396308,0.6635164732789767
2012-03-26,-0.5906870993770905,-0.6275642513661883,-0.27363359485097344,0.011576778582971712,-0.01905566613999099
2012-03-27,-0.5781443740594272,-0.6501019194703074,-0.05279444215625437,-0.1157296562365248,0.5405433224641505
2012-03-28,0.2348563891279425,0.23096130972001255,0.18698702674915707,0.04188387088457891,0.17440727083233243
2012-03-29,0.01865849872298171,0.0601875688975728,-0.3635034230195187,0.015358922398661427,0.4753626124575778
2012-03-30,0.0932462583469866,0.028062488099062116,0.5073161646366181,-0.030962952454924624,-0.4255600978752931
2012-04-02,-0.33340279933282135,-0.1614216227603543,0.01031207955691283,0.11713597998817064,-0.21962510016049214
2012-04-03,0.18683789688872252,0.16968448366086952,0.3390936620841855,-0.0014228997170151376,0.4248104374719747
2012-04-04,0.814010686970715,0.8333889343619606,-0.01175809577764687,-0.08583816719746064,0.23567231570171565
2012-04-05,0.6157205126725377,0.6638007171210838,0.5950415183085,0.09403422239961466,-0.22041897216622258
2012-04-06,0.602808927392511,0.42372077428367394,0.1426742617056546,0.11258390578089246,0.50059884260345755
2012-04-09,-0.10718930789401464,-0.008093082579745899,0.20991167564024096,0.03741314373331508,-0.5000826610725623
2012-04-10,-0.24618935286470903,-0.24998608749980095,-0.07293684934293773,-0.08981933803527817,-0.612845502080731
2012-04-11,0.28803367999995744,0.2244599741394879,-0.04389173521855063,0.08182035552707415,-0.5749060370329186
2012-04-12,-0.3536116219130335,-0.2919970547533479,0.07539888894768874,-0.17640741261625206,0.01989149777846444
2012-04-13,-0.526181332402497,-0.5343164006783512,-0.30300811638668057,0.1168160968844304,0.33367119732355555
2012-04-16,1.010443471229231,1.0741533097142826,0.32654907771140745,-0.14537617407866582,0.7711077120068939
2012-04-17,-0.5367571161522146,-0.662064753035913,-0.2510475176948105,0.10212489787599772,-0.6209699465714006
2012-04-18,-0.06565486513048782,0.07381870651435449,0.22567173644506788,0.021515631087934074,0.6258473927582875
2012-04-19,0.11814984245596898,0.11112391468614646,0.6247830331647325,-0.04545283176982571,0.12230886624262827
2012-04-20,-0.19699308353271677,-0.21861631363960535,0.04364931803066663,-0.03427211450101022,-0.7589668428871866
2012-04-23,-0.44795521114855347,-0.5345217841866565,-0.01334268740240257,0.06744062441629774,-0.29574381338934175
2012-04-24,0.40061201397658736,0.38654973267288456,0.33610056838717817,-0.040440200557107966,0.12452296911153732
2012-04-25,-0.3478129990540084,-0.311808004584742,-0.2026155072073987,-0.020219011014651886,0.5368730381314655
2012-04-26,-0.2643023055214971,-0.22794253762044864,-0.05743708986278575,-0.00661243471349348,0.20847877249531382
2012-04-27,0.31707498898220227,0.39960608624710836,0.3203171048934297,-0.010365803269258235,0.48405338081816673
2012-04-30,-0.3832576245760934,-0.4954564621779808,0.24970043919250945,0.02160287267470431,-0.2229921893653814
2012-05-01,0.01323482424509787,0.2579644276631313,-0.27940003463661656,-0.032292189326771706,0.0751748304569779
2012-05-02,0,0.0023012978704693952,-0.06491373852039273,-0.021052533581263945,-0.1083740691149778
2012-05-03,0.6992582137937592,0.6437845647639752,0.5128627039546694,-0.009681628518591702,0.08566995002536221
2012-05-04,-0.06575988363033074,0.021806588968956295,-0.07223845098577907,-0.024948217905889532,-0.4039124114957191
2012-05-07,1.4225414648115151,1.3860593609821386,0.995984702563236,0.0044318901720941245,0.8850182775145244
2012-05-08,-0.7015575721021386,-0.7159164731132532,-0.2604246234884355,-0.01791893690339655,-0.6352487674608587
2012-05-09,0.5081105594241498,0.3008699024759408,0.2170387705398157,0.0023964913063845477,-0.6151876407430188
2012-05-10,0.45381510388319896,0.4515421765075688,0.397314633321387,-0.002892181747408235,-0.44536132919083343
2012-05-11,0.01292931037292589,-0.025291327248175018,0.00486259538533419,-0.022612060205157936,0.44180961345154546
2012-05-14,0.2712647526723567,0.3326939366147926,-0.0991968965383412,-0.012048284205429916,0.23568972124459908
2012-05-15,0.5275033838975829,0.37887163060396306,0.6562010889560475,-0.022622058786873896,-1.036162482559747
2012-05-16,0.7542386821841363,0.8292056155203857,0.06441035216846015,0.004876858668371429,0.434373046528019
2012-05-17,0.03819737284097326,0.10817107980589648,-0.3765967032901022,-0.008154004003551953,0.165314197022223
2012-05-18,0.2542998417569855,0.2214558113169026,-0.601764907658646,-0.014336586444166044,-0.014439832037122013
2012-05-21,-0.5858493118947707,-0.6890174329625625,-0.4120573110757921,-0.038546278880574956,-0.8406612864857745
2012-05-22,-0.29420628171232843,-0.27437208667712576,-0.19928514287856505,0.020442393848641775,0.5034173325680433
2012-05-23,1.146364331481223,1.2044068928652956,0.7230725977389746,-0.05609292191249004,0.25820917178877495
2012-05-24,0.8198335999706055,0.7256945867760738,0.32929835207956704,-0.013030931298105794,0.5474293062445919
2012-05-25,0.20076839053989295,0.10178000075068175,0.04405429978096602,-0.05750000105556172,0.3506272792113031
2012-05-28,-0.26360258467292524,-0.26525156864862764,-0.12257774342765998,-0.030133403026771505,-0.26909048402467006
2012-05-29,0.3513170149624427,0.36092312032242035,0.27294794237484454,-0.03160634504170572,0.8869119832016712
2012-05-30,0.37505140697333533,0.36332838684941254,0.15593117085613617,0.055407593410994604,0.2900474779554658
2012-05-31,0.8325603736317179,0.7154734919890761,-0.14296502742949557,-0.018078421974980097,-0.9572739320432978
2012-06-01,0.098954060750004,-0.12759514703054897,-0.4615108669452016,-0.012742708806428709,-0.5160393075833274
2012-06-04,-0.3219473991748618,-0.34901211909262186,-0.614062237133188,-0.024486112271421164,-0.12722601943540746
2012-06-05,-0.8594494112404724,-0.7982817069008371,-0.6442873346315138,0.07559029707938401,-0.5267047205077923
2012-06-06,0.3745846231973078,0.25990816414697226,0.3745846231973078,-0.08734267434043189,0.7732151075681626
2012-06-07,-0.8887825815465095,-0.8122870396240653,-0.25601541999119043,-0.008391646282313531,-0.11564708044506122
2012-06-08,0.02514601675504036,-0.11416416099665104,0.28868352465603286,-0.043056129901994554,0.26501852469761067
2012-06-11,-0.5925750663966372,-0.6813794856136607,-0.4993821453683521,0.010040395286707266,0.4235996950649221
2012-06-12,1.331509384024416,1.2964736178726164,0.999553610180126,-0.023257547831266892,-0.04351245636727047
2012-06-13,-0.21234780766652156,-0.07988513914922259,0.3217912907692608,-0.031010597954486744,-0.049179268389407116
2012-06-14,-0.5517325267162984,-0.2670516714567059,-0.8626224907182363,0.005746186096429596,-0.5152622358862204
2012-06-15,-0.4284340363286168,-0.7852549037079042,-0.21090888131382124,-0.011191088958906794,-0.18318348315447786
2012-06-18,-0.6079744649679271,-0.5614932760137638,0.4239241470624696,-0.037629042887658934,-0.09001414833810034
2012-06-19,0.8476266814864692,0.9491299721646084,0.6592204000656808,0.010309673438049581,0.40446373636872757
2012-06-20,-0.657234119757593,-0.5387609936724775,-0.44367060454570273,-0.020643987456495767,-0.17098028204127125
2012-06-21,0,0.034218111879156826,-0.08799073531737377,-0.03095332574648929,0.3226225882139031
2012-06-22,1.021895564280969,0.7885707927466027,0.3488111792347098,-0.04085376929451102,0.42801133348351944
2012-06-25,0.11290236798988446,0.18442384263123185,0.00374776394894091,0.022426873621232777,-0.6267469780564678
2012-06-26,0.262950534013119,0.28967832384958947,0.1539217089520853,-0.02643677233232421,-0.06989878400008626
2012-06-27,0.13745783998500508,0.17069172489646872,0.5899167887956396,-0.01228832708691304,0.6301380562981935
2012-06-28,0.11231776588812604,0.20560164770093792,-0.30900092513626715,-0.03508251990419844,-0.44293008359962227
2012-06-29,0.2616018276440401,0.2805319934899805,-0.08038468886959142,0.015326232909792889,-0.5693454111357161
2012-07-02,-1.707707509451755,-1.6342595991216362,-0.6578291397438629,-0.09747922013844572,-0.41786750343424583
2012-07-03,0.5817033089813695,0.5412967520483212,0.6397400258812492,0.023395596595146544,0.782158105622102
2012-07-04,-0.18889965824750476,-0.21034305779693682,-0.18889965824750476,-0.013188206003373056,0.11846270631140088
2012-07-05,0.7109355155824874,0.7751086147884869,0.02601652544021365,0.003627700819408792,0.1022711923434006
2012-07-06,1.001280679138244,0.9285251328289225,0.6559102353627938,-0.04169765865378362,0.7318944325574466
2012-07-09,0.9741754197162412,0.9070835002872613,0.6485644332172465,-0.008058970779943888,0.24829587446120338
2012-07-10,-0.3811347180471564,-0.41359162579856046,-0.05552373154816029,0.003204142733601986,-0.8767051197378822
2012-07-11,0.503785756851165,0.559982349683976,0.4261601041611121,-0.016013448891042344,0.826973509580281
2012-07-12,0.07472579485057342,0.025057330018225323,0.02818602077227994,-0.023315039240926882,0.0969970948486989
2012-07-13,0.4460309563896484,0.3742210736338324,-0.09538681322438308,0.0019779780117218137,-0.6967017780342458
2012-07-16,-0.45950129266621265,-0.6876572201540442,0.5483313348145504,-0.027870488924089366,-0.11679792338753836
2012-07-17,-0.15936500109216342,0.005533680807665808,0.10590963685914773,-0.022797043314661494,-0.2767846474214666
2012-07-18,-0.22107384342475112,-0.1343913365267371,0.02923822471280325,-0.033309285950421694,-0.068661220627838
2012-07-19,0.147438286937033,0.19833602274797013,0.03785051994945223,0.0033390538428145354,0.08725598281463712
2012-07-20,0.00491317659687442,-0.03793437805570406,0.4597097928648408,-0.007644582080246373,-0.2223978569346364
2012-07-23,1.2274862527051764,1.212020718919688,0.5226526810820165,-0.0285323145177908,0.6013905450841076
2012-07-24,0.02425354611857141,-0.0739441437586577,-0.5515835214159553,-0.002648313648692143,-0.4173535841123587
2012-07-25,0.5151551233425236,0.48599209562042284,0.40659012696629027,-0.024925176088232085,0.04357046609935433
2012-07-26,-0.6486094519982025,-0.6269623502943271,-0.7415732291740121,-0.010295405148380008,-0.4245377293947499
2012-07-27,-1.147760909505818,-1.1254190893286031,0.1303091570273437,-0.03572501989308845,-0.5555016420550207
2012-07-30,-0.19667842852277895,-0.23134750093483675,0.07034120483801823,-0.019337278453085978,-0.17644163126587287
2012-07-31,0.3684591031758311,0.3695069318455877,0.2741353869032404,-0.006641303575970433,1.1425783658259578
2012-08-01,-0.2823623134604074,0.02539951728439704,-0.5726398230168572,-0.03345768607684683,0.014406151353511865
2012-08-02,0.42936929554297726,0.32134793901281533,-0.3587385304020131,-0.016940066380543274,-0.2178906731062718
2012-08-03,0.5006360772785413,0.5441464072471277,0.31426566813319207,-0.02496048336482127,0.9166324222805498
2012-08-06,-2.0177824330586387,-2.0372486135359016,-1.131000549377598,-0.04853711270063866,-1.0981681229028453
2012-08-07,0.3102311736323269,0.11464115419904769,-0.11310207368137871,0.023309585970868008,0.5783406458008826
2012-08-08,0.0247781264394928,0.14816870880643002,0.20576092815381652,-0.03355539346709137,-0.8138522136442335
2012-08-09,0.11018543184399876,0.20483844661624578,0.4559045787816828,-0.010415639839318466,0.5094107595954942
2012-08-10,0.6425823283213,0.6441602009340088,0.3921701250406857,-8.351210105283272e-5,0.4161923412030858
2012-08-13,0.13760045967251977,0.23263333081569262,0.38017679501684354,-0.009114174815147862,-0.24366381467919157
2012-08-14,-0.40843432268956514,-0.4408870375797154,-0.3457341520203876,-0.019362432191440602,-0.8455881947211974
2012-08-15,0.01232066733541628,0.036648199758571476,-0.0033582944726512,-0.042349601270357,-0.2557718231770537
2012-08-16,0.2953957235042478,0.24475678346335936,0.32674358723073793,0.00844688756197867,0.6905646139679884
2012-08-17,-0.5545735654529559,-0.5986419186222414,-0.2089849848129849,-0.027418981496837847,-0.5222030261034629
2012-08-20,0.2049260590764719,0.2815769372366028,-0.09359455726865024,-0.017661865373863286,-0.03791940179632247
2012-08-21,-0.16785766138068126,-0.1588294064513026,-0.02656650357526407,-0.010176846780690115,0.02415805708973512
2012-08-22,-0.9931792186990072,-0.9581792203461014,-0.5601942029129722,-0.007268152341177294,-0.3503134463821274
2012-08-23,-0.4626998126816228,-0.46699731147486967,0.19746098869042256,-0.0210917902557432,-0.09929830563595421
2012-08-24,-0.21331197630722032,-0.2948013495606091,-0.3751870307849491,-0.017944848390664948,0.0023870155130819026
2012-08-27,0.4536841412042125,0.43105802790573305,0.10699315561137848,-0.011855900079988374,0.4682549104052368
2012-08-28,0.02250136853091849,0.02097723349018469,-0.04226498683158476,-0.018113099251151524,-0.04850401973012408
2012-08-29,-0.5641499164331961,-0.531075855061733,-0.3538858892808403,-0.027611271495056218,-0.6864489742859086
2012-08-30,0.32633973706507413,0.3343705715427678,0.3374193972343843,-0.00426841594251769,0.09347196139426972
2012-08-31,0.1627744809899717,0.21520358457705213,-0.07436156373923378,-0.01032643442338708,0.214249638082654
2012-09-03,-0.5268450913912494,-0.48512472325224487,-0.00440356462771552,-0.021079146507235687,0.10938320920506521
2012-09-04,-0.07549483439737081,-0.010294778334770549,-0.02786907301390397,0.002114003114327508,0.20078267792688925
2012-09-05,0.4145020907388758,0.33017762037126647,0.31927295760896657,-0.04102183397852122,0.6248592079743643
2012-09-06,-0.5404462387742763,-0.5450295976066567,-0.286285925964985,-0.2751875661736941,-0.3338484648173978
2012-09-07,-0.2397315974133548,-0.18544777216825545,-0.06461423619071538,-0.08591306513683404,0.4537391293880685
2012-09-10,-1.2841104350352506,-1.2920364100236894,-0.8177507587690906,-0.43552101493016643,-0.8233128521752917
2012-09-11,0.2683590425237614,0.24963718675370603,0.16755351368939655,0.13666002847687067,0.4140910877531458
2012-09-12,-0.7043651361941111,-0.6441771048457469,-0.20577115943826996,0.03978140615743015,-0.7525219144420416
2012-09-13,-0.3992063028549771,-0.3270287006896503,-0.17394759250428088,-0.22401824444097695,-0.2952263561553541
2012-09-14,-0.6992120632000726,-0.7653898401053933,-0.4088456824831823,-0.48247648020189526,0.20020432938134347
2012-09-17,-0.9399574000485738,-0.7662048127475236,-0.5028050255270808,-0.07795566856966965,-0.593860848979096
2012-09-18,0.04852626786235019,0.11330729231101416,0.17841531950926556,-0.0872771343746735,0.6698336985255606
2012-09-19,0.4878140489867096,0.32067948818173087,0.4715678773312737,0.34835179065257843,0.7524858268276894
2012-09-20,-0.09135958493319651,0.06945521325126772,-0.1725492681652593,0.07317796581484057,0.31804122096203236
2012-09-21,0.6507866478759323,0.7671134803894601,0.5939903143151678,-0.024962190512416667,0.5618025984298093
2012-09-24,0.03891232295926631,0.058131872165946064,0.09570865652001834,-0.06773353107855382,0.07998450938065316
2012-09-25,0.2072788097304621,0.1499079971802007,0.17482561297107096,0.01656706207797446,0.048618312680377
2012-09-26,0.3217335184896944,0.3887269488503364,0.12720507888875585,-0.024855291224525223,0.506872690986351
2012-09-27,0.14308808636272083,0.23796776543321274,0.04597651082532122,-0.023252027674813183,-0.30873611148629954
2012-09-28,-0.24505655757170347,-0.2363184420878294,0.09039792599578088,-0.07837741216198803,-0.24470586438556569
2012-10-01,0.8102511267693072,1.071763889933432,0.14207223321368098,0.11820548306842107,0.1290403496405335
2012-10-02,-0.6167365293188706,-0.5344782518754448,-0.5909386960754954,-0.0890802607854673,-0.5630903699880656
2012-10-03,-0.21934118690764232,-0.8853166451306596,-0.20320798799004797,-0.08615139013501591,-0.21427214382816034
2012-10-04,-0.051679299227045,-0.09274439266859597,-0.24507947873296784,-0.07785983271625499,-0.8869010045066642
2012-10-05,-0.7263336344346569,-0.7271239399714347,-0.1935945952573286,-0.10048348112738659,-0.069090367811102
2012-10-08,0.01301387820671166,-0.07442091697728684,-0.28115404816954287,-0.026739475155982604,-0.2498030900416004
2012-10-09,0.2989240774478264,0.879996783169164,-0.35256555640624215,0.09021333595016229,0.18088929158820394
2012-10-10,0.917133380550784,0.9624082183431193,0.6849079499609165,-0.04648997349021947,0.4927571776471852
2012-10-11,0,-0.0929663022480328,0.06720200316862525,0.12596824843212748,0.5662979483988542
2012-10-12,-0.580312607095978,-0.25032352076127423,-0.34151188334697924,-0.046129978007267786,0.23416619863803195
2012-10-15,-0.0776252946875216,0.09130770437694138,0.00424857504650532,-0.06679620014274307,-0.28117062515905955
2012-10-16,-0.19433776831410007,-0.24636536665305744,-0.05774841019305674,0.09704174118642708,-0.011815215612680507
2012-10-17,-1.0691118378915898,-0.9922756234384135,-0.7647147466263468,-0.10469074302840348,-0.5501786797152011
2012-10-18,-0.06556786485945564,0.006863196337293098,-0.02201036067409913,-0.03961637645709761,0.1817220783512437
2012-10-19,0.36137535535061704,0.40827456974605586,-0.13602634156225957,0.09439909231979958,0.4492086696851102
2012-10-22,0.35744974300148136,0.3551988181719708,-0.01117548950096548,-0.019859382851818527,0.48351844787185816
2012-10-23,-0.3652938553196827,-0.354020565618111,-0.20999041136105423,-0.19021941247916074,-0.32203949741062465
2012-10-24,0.7422361367593819,0.7678430564835735,0.2802495503377904,-0.002665279265550703,0.33099173952420946
2012-10-25,0.0648469618392963,0.17978299300081524,0.5813239255049908,0.05547592107906449,-0.0759018698508688
2012-10-26,0.20722206519755915,0.24343077808278646,0.7457286844578758,-0.04608637612011783,0.22548528499075174
2012-10-29,0.10991515847129718,-0.12722581086020882,-0.03182570791874767,0.005899079937821023,-0.17234148827767798
2012-10-30,0.12270591915615768,0.40719391952029793,-0.27886355200122454,0.06334397218722275,-0.231646460252456
2012-10-31,-0.42040384243883616,-0.3555137600962821,-0.14751572257059742,-0.015081778782723265,-0.04892334773180898
2012-11-01,-0.0194393003861787,0.023787516390955308,0.35096358370713665,0.06490270558734218,0.132363344891204
2012-11-02,0.1295624307819194,0.08971799938070876,0.1295624307819194,0.0894335501334239,0.2970298817186563
2012-11-05,0.9343773012860866,0.8659692906370211,0.2301795329983591,-0.07174388939071466,0.46603731412901883
2012-11-06,0.198629713289955,0.32916998806872444,-0.02860259794409536,-0.037127631604052566,0.531158965245947
2012-11-07,-0.04353080305895455,-0.09515565669454426,0.00443328705083281,-0.06792879466413199,-0.007145560864265099
2012-11-08,0.3758488662225794,0.3973710417645946,0.3118941186799742,0.10613039466242201,-0.6561250764395425
2012-11-09,0.11477221809471393,-0.23836891567239574,0.08600646489795279,0.03700880082584102,-0.1846922543694441
2012-11-12,0.16810527694880484,0.5190399585715842,-0.3545858109945762,-0.009903986121723694,-0.42662165256991147
2012-11-13,0.11190848708213452,0.5609244048854846,0.01023699203559657,0.03709469098345494,-0.7018896413913125
2012-11-14,0,-0.19464001137167491,0,0.12664913989362725,-0.3681663931844804
2012-11-15,-0.1781059360276108,-0.13688538166678663,-0.41123944216635794,-0.026678765221725857,0.03824047343573922
2012-11-16,-0.4082684996178518,-0.5118179578151153,-0.25448638771733895,-0.06485141157544144,0.04742546055746946
2012-11-19,0.1954095812079285,0.09841554933342855,0.44798850227629977,-0.05048955919747371,0.5967959123819495
2012-11-20,-0.0778605125875385,-0.05587843003120483,-0.14941654437112423,0.09548115019682792,-0.199788482039812
2012-11-21,-0.35177764975564785,-0.2566446476636309,-0.15131162195556802,-0.0903194796671615,0.20501790931501016
2012-11-22,-0.3941790057651492,-0.3914123380061935,-0.1230678839097906,-0.0013896220522246771,-0.7965314086645673
2012-11-23,-0.07849969751178079,-0.2063870321355503,-0.2540112642126662,0.016088369206941212,0.39759701223328514
2012-11-26,-0.7028737624003789,-0.6192607838666319,-0.16099317141304822,0.02794587392580851,-0.483187494498895
2012-11-27,-0.16220712497158404,-0.11821827760612248,-0.12854283599060698,-0.013700298867972145,0.03365622853275041
2012-11-28,0.37591118197991774,0.4182449772985313,0.3117927753059122,-0.035074727658335414,0.8474741883309936
2012-11-29,-0.11650365884300969,-0.16632793359009657,-0.1645543278091186,0.03331062515978733,-0.1213949678706025
2012-11-30,-0.1555653681938433,-0.2309377697700055,0.00471942574569217,-0.02713773085610409,0.3499396369005672
2012-12-03,-0.1791926548470288,-0.11986081710924588,-0.2914267798204509,-0.12691254705305696,-0.23905326765882237
2012-12-04,0,-0.00919936232315164,0,-0.01597492284117876,0.08478382580020288
2012-12-05,-0.7854869799820913,-0.768524315093691,-0.3004041033577732,-0.7152147033204875,-0.7039101491379028
2012-12-06,0.22244349806975605,0.1618581650297573,0.17415133167784383,0.18651119053399315,0.22842599785354173
2012-12-07,0.8200391470385892,0.787488886192572,0.55164155076822,0.11933973376122609,0.7338749643491312
2012-12-10,0.4436687582816595,0.5683544062231514,0.35382450690842865,0.07567928263788991,0.30094545137407513
2012-12-11,-0.24940274152400968,-0.13185053006213926,-0.01018756648750698,-0.015929483897371973,-0.25241719753198355
2012-12-12,-0.5774099182791634,-0.9950737649065442,-0.3005518998238091,-0.3751727032258662,-0.19745823195223344
2012-12-13,-0.4107610164108576,-0.6247404580741415,-0.2978621682511896,0.07950703195442017,-0.08971500040675137
2012-12-14,-0.0915174116556778,-0.024273920337843785,-0.22053288593994452,0.20277291644408613,-0.41912873189156963
2012-12-17,-0.6639781311162816,-0.6434265576702554,-0.29261741064827085,-0.08095671415576258,-0.545760091863061
2012-12-18,0.00789576789967923,0.02098082445880975,0.18599099178043316,0.021422077332272558,-0.09615494311431327
2012-12-19,-0.5015087219366834,-0.41975298048393644,-0.22564919361633085,0.013881004364305668,0.04909287345567656
2012-12-20,0.11900064672992522,0.13489798251591412,0.13525621123394968,0.026752652363088488,0.11204227279183007
2012-12-21,-0.16928992825086775,-0.18139385050903217,-0.03918661855826894,-0.001695675019946142,-0.05782599747249284
2012-12-24,0.4213894903889046,0.40907356229217184,-0.29693551224342984,-0.04330457903221948,0.32846886837183076
2012-12-25,0.01186556103700478,0.022415180861573673,-0.14473428784299566,-0.005059099765738141,0.1368998139981652
2012-12-26,0,0.02737816030336033,0.0322659789308076,-0.012228539223491262,0.3277340073345882
2012-12-27,-0.34328757995703957,-0.3620342271309929,-0.4078151677758068,-0.04705797041577361,-0.35321331893130314
2012-12-28,-0.1853332297544437,-0.280451710963591,-0.24982111621994185,-0.1260450938097861,0.291747423015119
2012-12-31,0.1707866372815935,0.22942659519604142,0.46129317283091065,0.12841640233550683,0.20878047633785873
2013-01-01,0.1995376539259266,0.2845324665613856,0.653139239934529,-0.03537628973833016,0.5487318644317161
2013-01-02,0.02639847707948258,-0.0640487296227302,0.0913622954874738,-0.08857017701558802,-0.08736133881577068
2013-01-03,0.11871216201707668,0.18435765597460088,0.15283226945339626,-0.14870616121896318,0.21648564020819916
2013-01-04,1.1403246248573078,1.1657049118453846,0.08784671029934889,0.010670225874873209,0.6615839002138918
2013-01-07,-0.26622341079406825,-0.14466245046449322,-0.35624344798005525,0.08743908662082313,-0.4781851766681436
2013-01-08,-0.44003564194081474,-0.4399029036942644,-0.10365576750517048,-0.0642341306455213,-0.5699428555942558
2013-01-09,0.32628667624203245,0.38246218213712774,-0.04865032224453969,-0.007016548957290399,0.29853207989028724
2013-01-10,0.21039497190685008,0.22367755936081546,-0.07829809862261813,-0.029688059133578026,0.05473817752499166
2013-01-11,-1.6585816427728206,-1.6317701682715513,-0.741519008301341,-0.3945293000895826,-1.395604920522699
2013-01-14,-0.6672030251265408,-0.6574030106516148,-0.8899987408809781,-0.6799783453069572,-0.646071241168702
2013-01-15,-0.11899556887179506,-0.26753692757505454,-0.42815256359307574,-1.0807114715483315,0.2895811903736001
2013-01-16,0.5203845231899906,0.6429899452734581,0.504307905912919,-0.5676584075748073,0.6996498375626431
2013-01-17,0.13298913070807353,0.08420923611089148,-0.31608560911389266,0.1456051384804602,0.42361253723527803
2013-01-18,-0.6132487581617245,-0.5874864488327854,-0.7731435525934309,-0.9382404200012034,0.002652682245996296
2013-01-21,0.393714992922339,0.5562908674457077,-0.3702568346769977,0.20490712035224976,0.309594588848286
2013-01-22,0.06391188095332566,-0.1396453150750016,-0.04701786088364237,-0.046813011354237044,-0.23054375665515736
2013-01-23,-0.01863436607827099,-0.05989387102618689,-0.01070888128641746,0.45539836040295095,-0.26891335649702997
2013-01-24,0.04126711965623803,0.05274082214637424,0.00166352991372747,-0.054979681674990066,-0.16819812125445094
2013-01-25,-0.4561876596430501,-0.41516074494229915,-0.7723360185509182,-0.49272452930718913,-0.3160722709556137
2013-01-28,-0.7205266662089078,-0.7556105193039111,-0.7694449553979055,-0.5052201475079093,-0.4626582783504408
2013-01-29,0.14667117329917462,0.02438926471063503,-0.33959505593324635,0.157757141800848,0.08495588859072567
2013-01-30,-0.3367240033374569,-0.37180620415879834,-0.02225789431590947,0.023614252871797806,0.255145553821643
2013-01-31,-0.5669026242172108,-0.49419628279330596,-0.2514452473888854,0.5988824516707425,-0.4228551285810425
2013-02-01,-0.3139169718749418,-0.3245108123705072,0.14368471164741237,-0.17297183593483306,0.7817497677188976
2013-02-04,-0.27668590739763343,-0.5040303227524392,-1.3233884513430716,-0.18216283986555679,0.2595620591449589
2013-02-05,1.0089889790595743,0.9703044641974019,1.3298870650299397,0.9038653191699911,0.3710603149779529
2013-02-06,-0.5147642770956476,-0.3985503717714941,-1.080353868840446,-0.4197820227172988,-0.4319978886537572
2013-02-07,0.4241963829092727,0.37273014969881774,0.4085279592899409,0.1715981826071388,0.039781748026885166
2013-02-08,0.999816580855136,0.9658408167203772,1.2931671132352451,0.05334476633251747,0.8660920530251095
2013-02-11,0.15786369380713872,-0.08836644503560676,0.7424181303004794,0.2718488006016996,-0.01673245165950732
2013-02-12,-0.26369420998444265,0.05308790003432785,-1.1885811155788355,-0.6380547270857755,-0.6734121966522779
2013-02-13,-0.3612108450319154,-0.3523240810166127,-0.23587330682162777,0.04484135747497938,-0.14014171850861057
2013-02-14,0.05647434735791248,0.024621095081944676,-0.8626323286184431,-0.05425795130124338,0.5855526962684652
2013-02-15,0.683334092792118,0.6884293603271417,0.3839925262927132,0.14516227433295956,0.22792667534837607
2013-02-18,0.06674703230669483,0.2512398512420533,0.0249404226041476,-0.057026990762698404,-0.20554490537909997
2013-02-19,-0.02402834820687893,-0.2999234260819361,-0.0410485669585604,-0.05772263781267468,-0.017186183246730477
2013-02-20,-0.363703125740955,-0.39793459969657285,-0.6882029898699785,-0.25089795463869885,-0.9594762457081978
2013-02-21,0.9200664271603995,0.9343889416374146,-0.367509081033377,0.2553912472648674,0.577376741185329
2013-02-22,0.5955186733272585,0.6944764075681508,0.8089676785670467,0.2793217063855681,-0.04141384474790877
2013-02-25,-0.01188015142041109,0.3094477992280416,-1.1002672911561229,0.007526162735231682,-0.4810652418689837
2013-02-26,0.9965896210080752,0.8501283379759738,1.438415632309789,0.8784516276824581,0.5679257334616836
2013-02-27,-0.00653277042251667,0.12933703255687864,-0.2322245117162584,-0.011909825262268409,0.22446267963175648
2013-02-28,-0.6488650933249662,-0.6020080218850703,-0.4004333230880709,-0.3046124931469612,-0.15623165723837903
2013-03-01,0.6945851952969542,0.7094305373330293,0.6794231303612921,-0.225280360037189,0.502158212726294
2013-03-04,0.3298765151000149,0.41647801266045076,-0.5263221010464492,-0.2004294897963042,0.10992940678809027
2013-03-05,-0.1472074372125815,-0.14899663783822437,0.4666365525034998,0.022676908492108568,-0.27258095767935553
2013-03-06,-0.0952042401963808,-0.10181957372612058,-0.03466680855099578,-0.20196383962373815,0.13469377538681937
2013-03-07,0.537459881918329,0.5859109743764835,-0.3981972130881934,-0.2540844292209787,-0.09593058728004009
2013-03-08,-1.017490711917579,-0.9837775160518252,-0.8208432473121356,-0.3755783002851446,-1.1315523501754992
2013-03-11,0.9447805340505288,0.020713914728393984,0.16794131001509838,-0.1554098460058152,0.6644238230300721
2013-03-12,-0.3434709688478995,0.46970171893908164,-0.37477726320801275,0.0486316214966882,-0.19756144166716216
2013-03-13,0.02605384763192094,0.1859401187845483,0.02605384763192094,0.10228378721057092,-0.1735570636500793
2013-03-14,0.5457516704327752,0.5728997638144319,0.6799837674187893,-0.04818804950199524,0.129516490630457
2013-03-15,-0.41554541678630663,-0.38284079899497747,0.6815026483231386,0.1540448602212332,-0.29756142492025706
2013-03-18,0.9235076987730204,-0.2833542495787632,1.0397658269899068,1.0615627961077991,0.8090627002834381
2013-03-19,-0.4043603955159149,0.7449327929111093,-0.4617501484464592,-0.5851012568866856,-0.42436906291612797
2013-03-20,0.6284440059350378,0.6936674107682569,0.6133392884851341,0.5738317835747202,-0.03250340578699132
2013-03-21,-0.60255438867355815,-0.47042765368634093,-0.6025543886735694,-0.27554127205527895,-0.03855609112815554
2013-03-22,0.28431453016187647,0.18380311701713542,0.849009140329414,0.11216675270109254,0.2287460423462652
2013-03-25,-0.9191736350872788,-0.24782363359903864,-0.4992621881114323,-0.10268763143501586,-0.6019073414903864
2013-03-26,1.2798559652925434,0.6454526434275273,0.840210599482359,0.23532930048959858,0.8475472050059315
2013-03-27,-0.01285792032280552,0.007699932433921343,-0.11905445217268826,0.010570727870435665,0.30253241585255464
2013-03-28,0.6409461970659078,0.5996890188284753,0.4167895865493891,0.0313227181187563,0.5226432961655706
2013-03-29,-0.2968842584348177,-0.21706149050087342,0.15498303948141445,0.19276685651422523,-0.37178530367807705
2013-04-01,0.07942122216492742,0.0064406616142796,0.06877638715318397,-0.009014824875329397,-0.13998131195517055
2013-04-02,-0.34635721258691415,-0.015526169436018282,-0.16839933382984298,0.0588654963483516,-0.1737678047881253
2013-04-03,0.2310380161701844,0.17982469863011977,-0.5272333111976737,-0.01226259883264501,0.016847774005416483
2013-04-04,-0.2310380161701906,-0.24949369184607928,-0.01930083803734042,0.17433661282197216,-0.682946849757101
2013-04-05,-0.6057776525567625,-0.6587876501314076,-0.03793017968900601,-0.15043798482674475,-0.33474977495635905
2013-04-08,-0.4924874541507344,0.029293743729904995,0.3116402147965894,0.21566327734458865,-0.35543810473839116
2013-04-09,-0.28624295571098035,-0.8515025219789988,-0.8525601508431859,-0.3254001776971454,0.8273298540953159
2013-04-10,-0.39033371703685193,-0.4814838559139328,0.00727746358607417,-0.18314108100532878,-0.3258219133032758
2013-04-11,0.190794288694842,0.3103156087281703,0.20612670162076985,0.06866012409514057,-0.07097955398624256
2013-04-12,-0.45405123233506056,-0.4366927024702733,-0.02401465049098409,-0.11922627421373552,0.08149388608009421
2013-04-15,0.11796306732327044,0.024732919658162718,-0.12800371032452207,0.2920155724184411,-0.0780868322602162
2013-04-16,0.34130214430326333,0.545070328308811,-0.02804190635769461,0.1579299712433494,0.27680644385509456
2013-04-17,-0.9456885713222152,-0.8407879236865446,-0.5302751939330667,-0.10537800643460453,-0.6465270403586476
2013-04-18,1.0970123494506083,1.1927434696420807,0.33190060844722474,-0.019607258630381767,0.744059251164964
2013-04-19,-0.1395707822538435,-0.6811220037441523,0.11991606234019038,-0.12519810262065587,0.028012362596453844
2013-04-22,-0.01957842828732512,0.25388772134229026,-0.40093802473754137,-0.14219482352301072,-0.3160021427587546
2013-04-23,-0.04570764704049614,0.08528630222395132,0.4426945656047224,-0.17018290400244557,-0.02882240063356728
2013-04-24,0.5159080449683275,0.6017177574530442,0.05795859546952076,-0.6996338980863431,0.6707837178273797
2013-04-25,-0.1768808181376562,-0.14687907530834582,0.14957045261488758,-0.40695400385888264,-0.24171336947447764
2013-04-26,0.07808119108683793,0.20119114817007713,1.1009262724493245,0.2712741611832901,0.26003559366047047
2013-04-29,-0.2709293837502492,-0.023533441874004985,0.08475555181124614,0.021038338185940707,-0.17726842517913466
2013-04-30,-0.4077536101587824,-0.5296610276356671,-0.3922571624998859,0.0833908329910995,-0.3104283161440584
2013-05-01,-0.551545409131274,-0.5921970901325277,-0.27225964581340356,0.2508877686402119,-0.32761736878875475
2013-05-02,-0.10539995886263112,-0.1330066060596486,0.1154718999999902,0.14796448288490216,-0.12627992330531146
2013-05-03,0.8923937204134234,1.0266768538330684,0.668406855368855,0.028289913804828128,0.9762688929714559
2013-05-06,-0.44520299411403086,-0.3339093876754806,-0.1776052719231835,-0.5096752301184938,-0.6416258655290632
2013-05-07,0.4060036509057859,0.16283863970461,0.14152093489686707,0.022108902953661688,0.42421974787740196
2013-05-08,-0.05230267281387184,0.1728583301102398,-0.4245184533899458,-0.32329050562017003,-0.025201162365718816
2013-05-09,-0.6428270664547326,-0.17349813624017463,-0.23642164766005624,-0.058413249630073966,-0.2732214330135322
2013-05-10,0.9692264624365068,0.8775827182772858,0.34325025273160686,-0.5915869421394102,0.7074841945597052
2013-05-13,0.5316899434552117,0.5762100692132792,-0.14409405048507576,-0.4923317182728755,-0.18375792518552048
2013-05-14,-0.17518545012308084,-0.21084143654713253,-0.389740341701292,0.02734050467534405,-0.6165160176692208
2013-05-15,0.3927706249768545,0.43852980646466194,-0.1431379616919614,-0.6014459298764123,0.2575092953002238
2013-05-16,0.42343630491652817,0.40655985946461193,0.5072153928420411,0.3509590953131201,-0.04035510933697528
2013-05-17,-0.00644956613011856,-0.025754193190048996,0.23616512134425516,0.01509447670448575,-0.04564610399702252
2013-05-20,0.3703525452062226,0.4938816753485614,-0.2586085060033255,-0.26558036850015587,-0.7146145946702683
2013-05-21,-0.43091375529538833,-0.3538583601830113,0.10184218292503056,-0.11008640533178275,-0.11557427447994528
2013-05-22,-0.21681104975851767,-0.1901089419362583,-0.8891392980333183,-0.5149662639930715,-0.01924583331760582
2013-05-23,0.5976506282108347,0.6565474526071867,-0.22968181220720932,-0.6124905905614366,0.4695421749748264
2013-05-24,-0.6441735568135363,-0.6411512001079919,-0.24645174399209616,0.33846876073900106,-0.43199622193030424
2013-05-27,-0.09826997708504726,-0.10828210131455232,0.14051048873273078,0.7166160933498973,0.24220045223042064
2013-05-28,0.02974735779144471,0.19147619531102483,-0.1169145573387993,-0.1312587391148408,0.41678300736145213
2013-05-29,0.6793025706257995,0.6890906767612365,0.12933644086025697,-0.8093765536633433,-0.16925193291769527
2013-05-30,-0.7867125813207693,-0.8188802471226395,-0.08857976901056332,0.7779282358827373,-0.6562682227951926
2013-05-31,-0.7394543733595039,-0.8709443486937057,-0.095808658888565,0.01465395098937082,-1.0284062058169257
2013-06-03,0.3645628601557459,0.23402089418069577,0.23367539323934797,-0.007992069083389657,0.21123286225536408
2013-06-04,-0.5865508342304138,-0.5179564786809294,0.14923301115816376,0.3852150666721202,-0.07223324686109661
2013-06-05,-0.00393012385731973,0.005330978421239328,-0.11877474398769013,-0.10194059906478481,1.1181759354657297
2013-06-06,-0.15176148155458077,-0.13664564287913922,0.4961603153994403,0.5196829912320383,-0.9836154976554883
2013-06-07,-1.1562487392139245,-1.3039458236977937,0.12890774465796104,0.15930776646134803,-0.4549308957507705
2013-06-10,0.16278842001214525,0.06271009273843232,-0.29643394952776936,-0.652508620197157,1.7353059557272552
2013-06-11,0,0.004813022957231108,0,0.3468849958502484,-1.1216903878870494
2013-06-12,0,3.6940130328712984e-4,0,1.004566395773665,1.0718121138988952
2013-06-13,-0.8699546948617043,-0.8258382617462477,0.0929257532675741,-0.448130102316351,0.10818963316315777
2013-06-14,-0.21232073000732335,-0.2904049062252796,-0.00510802195417837,-0.3985235409397316,0.7796147973247786
2013-06-17,0.1442743824339033,0.1807862172168178,0.2024363469764389,0.20769748756111847,-0.6542512660665112
2013-06-18,-0.10818738294116129,4.958482626800115e-4,-0.14119653605790403,-0.17591948856652795,0.3406531531639185
2013-06-19,-0.2006501235949029,-0.2578395436215457,-0.7164385068252579,0.0078607391492661,-0.9423596903391133
2013-06-20,0.7350838923890838,0.7414525709133587,-0.25761084779063087,-0.1811404018154315,0.016289270975718306
2013-06-21,0.4244322372818018,0.46009098013565297,0.6476256198622099,0.6895463710180244,-1.246462471352956
2013-06-24,0.989086743048616,0.9394363701418703,0.16080977454765222,-0.11137926893792532,1.6091434178541166
2013-06-25,-0.2059727722364086,-0.3247534151501438,0.1717680263584285,0.2174391722786364,-0.45220232124276505
2013-06-26,0.4010504055475839,0.37286115563256367,0.2035283653669841,-0.2507382717948098,1.381189360684347
2013-06-27,0.5088159965167006,-0.5325943313650231,-0.08298272434689571,0.1280632102964699,0.4458817567189375
2013-06-28,-0.17323101231719626,-0.6722008800706719,-0.615172789257652,-0.46411916345270554,0.4831811516574882
2013-07-01,0.1680188128195786,1.7701292655788496,-0.1838210846981859,0.13101981642074043,-0.48113527512702403
2013-07-02,-0.41077993174109095,-0.19492415809165245,-0.3332148156162075,-0.40782593436040504,-0.46881530456789133
2013-07-03,0.6811097394825802,0.661250692781626,0.2620198748686935,0.0646010697021922,0.16208189053218383
2013-07-04,-0.2456037988637517,-0.15891393776654744,0.5530991912759086,0.15643316810653654,-1.1879706648424704
2013-07-05,0.7956968242132246,0.8652240428560471,-0.7578005133320717,-0.25918279123954713,1.1076293781467652
2013-07-08,0.6112411572627233,0.5665189204754751,-0.4553284958456389,-0.32615593676491916,-0.7240473392577418
2013-07-09,-0.3263916264117601,-0.3025041493279639,0.17182255066516422,-0.1924719194477875,0.6300862723757966
2013-07-10,0.6951877016797703,0.7422070286632834,0.07652523724306526,-0.3029097945568884,0.9858858751867147
2013-07-11,-3.1262324758573024,-3.144409894904395,-1.0054623336443134,0.0469543434631581,-2.5047209321440977
2013-07-12,0.6847415305516189,0.4254534424320475,0.675639452864557,0.11846159385058541,-0.23409853400668545
2013-07-15,0.2890353105866094,0.2841419900912108,-0.20607904877624275,0.3326552007029267,0.3240363917113276
2013-07-16,0.00914652932297592,0.029320342948212716,-0.01501602916194603,-0.18936795095295,1.1694517149564465
2013-07-17,-0.7050460937519792,-0.6603526238870496,-0.4510511608856775,0.1290171754965807,-0.16264494451221556
2013-07-18,0.2600554850148513,0.20447646957723123,0.7304631398657613,0.1135346427001164,0.8056675677939934
2013-07-19,0.04852436221772575,-0.03368912003883687,0.12916479875085113,-0.28048650692843263,-0.34443847716796255
2013-07-22,-0.37567130208615346,-0.3227908719967245,0.03616733622987741,0.12820210091794626,-0.07377427503477096
2013-07-23,-0.2305620772716971,-0.30427728199194526,0.29355308651994216,0.11824626818486465,-0.12107358183143527
2013-07-24,-0.24961438919359197,-0.21586386427559612,-0.1865896642133662,-0.13972576085630123,0.0758728197172063
2013-07-25,0.24564695522858632,0.251930024658498,-0.18699421869958263,-0.1150319551385234,-0.9850078137631229
2013-07-26,-0.6298609757837081,-0.589304292217573,-0.15263166311188384,0.22221750501947385,-0.43649384940847435
2013-07-29,-0.09960712248312062,-0.09583821836856476,-0.03036129261398267,0.08502078319769195,0.10005333059979793
2013-07-30,0.17922410988431817,0.15879891076618086,-0.15116657493750488,-0.1404668504956832,0.2754146338798143
2013-07-31,-0.00928382732333868,0.01597362836913613,-0.6607105894238829,0.1122336448648581,0.40802459523897944
2013-08-01,-0.2749601650184224,-0.22798498900546219,-0.716008052685719,0.10367148288311746,-0.7486073676491356
2013-08-02,0.6747556043127432,0.6311082602466541,0.3142390169721349,-0.4539507723962636,0.5731492644659094
2013-08-05,-0.5059723804918574,-0.44119590194594355,0.5917286454805316,0.24724344064220072,0.665684300524713
2013-08-06,0.1618658624429683,0.20647769801589957,0.5969640508995021,0.332169908665014,-0.01705043146982127
2013-08-07,-0.38120974119780127,-0.3162919218328878,-0.43953514672556615,-0.11668767458225322,-0.19529735427210304
2013-08-08,-0.24650535425876455,-0.2298664231596245,0.7388756259044352,0.13506715580766143,-0.4178948530869628
2013-08-09,-0.29259569074284664,-0.3462448757960002,-0.04123776959997554,-0.14762182575611266,0.38548147951378475
2013-08-12,0.30460581894126415,0.26985479309288807,0.16333555964468302,0.07982090106678902,0.3372331804980415
2013-08-13,0.3488778221920228,0.3630437963565615,-0.01194413518748737,-0.13174161879494387,-0.003378716279220817
2013-08-14,0.20582714775906316,0.24186696181030395,0.15791788179168528,-0.48065232912087397,-0.17644753462411003
2013-08-15,0.01061344690569668,0.06518132040490364,0.43330550992792194,-0.142466713306769,0.015625911836384537
2013-08-16,-0.6747681335261835,-0.5534855882113309,0.13378532695307185,0.2124266399486527,-0.5986375127654768
2013-08-19,0.1867905236093056,0.10335093341976676,0.07735335761384267,-0.026062254296357026,-0.2394111672248781
2013-08-20,-0.03600028474277039,-0.15738263224421006,0.11724070073330913,0.2567216489298732,-0.4325264982415522
2013-08-21,-0.6514746622381419,-0.6913665767038176,-0.555963707575714,0.13561095935683334,-0.10610061337645749
2013-08-22,0.583443946768279,0.5500116467751482,0.28158495078591417,-0.12726599438310446,-0.6726343796439684
2013-08-23,-0.0907666035522249,-0.010927161652805377,-0.21562084448208968,-0.1347057540912856,0.05746649734378284
2013-08-26,-0.23532870359534663,-0.23452876509668477,-0.3397787519782034,0.02809269533021097,0.2779285238595247
2013-08-27,0.05487091265873523,0.033601367731404375,0.07979467079779579,-0.05681421628723886,0.2070961971424765
2013-08-28,-0.09637821041913967,-0.10198396568964721,-0.33298339938463445,0.40922245706453386,-2.138104255374484
2013-08-29,0.4276320369498188,0.44107534712658925,0.2955619557127769,-0.1757710294950519,2.4861038313342902
2013-08-30,0.7426567270852563,0.7748784646240389,0.607659835665366,-0.20496290118152352,0.9469492702418774
2013-09-02,0.2115555516732973,0.28739318841792744,0.2922206693770394,0.09882281108537741,0.22774845497780882
2013-09-03,0.13858975849494398,0.15900828810622827,0.31877333381253953,-0.14217396632797374,0.9780613253815655
2013-09-04,0.12127109859999284,0.117109885909011,0.2286067315949649,-0.055968300938999176,-1.9559289802164077
2013-09-05,-0.20175692327032657,-0.1845825496814739,0.17246368899090456,-0.16633717562816522,0.9191539333287352
2013-09-06,0.6250685890698154,0.614171773230715,0.4190837442609665,-0.38183979304781085,-0.6826194656804561
2013-09-09,-0.4246146872347384,-0.3872941485057098,-0.12953387149779197,0.20701073493945513,0.3608355353319039
2013-09-10,-0.6343786989198126,-0.6722892792795766,-0.24115061819961892,-0.0012346042692254696,0.8134683317050528
2013-09-11,-0.06232749244093422,-0.09756185831522315,0.16240286854924457,-0.33594322861382836,0.16651003823273658
2013-09-12,-0.3708237075121046,-0.35375656156645996,0.21932879454289364,0.12428568348998209,-0.042013171280589345
2013-09-13,0.125092554691003,0.10613056755112914,-0.0109234565429783,0.013064334260934224,-0.7521239168080451
2013-09-16,-0.4531864098348207,-0.4581397421098399,0.3768310120781443,0.1356926797231779,0.8322215156371572
2013-09-17,0.16018532300555924,0.10046907786419548,-0.04836064109708104,-0.043748951681004754,-0.1069895708936478
2013-09-18,-0.14950357158973512,-0.16142503027925598,-0.13678367028262264,-0.08186382953689454,-0.44293287639175777
2013-09-19,-1.2284229802837494,-1.2359046483184977,0.19562607203206123,0.22978736158496216,1.9746462779859408
2013-09-20,-0.08252112037366528,-0.17737726211336202,-0.6744641352207178,0.12737694925460893,-1.852352432719031
2013-09-23,-0.00271283249941008,-0.016326603383202798,-0.13413916684788604,-0.030441688544243194,-0.8885881590877589
2013-09-24,0.2635763183095995,0.26559262034230224,0.417455036475022,0.26884956917350433,0.21580899960055144
2013-09-25,0.2009397574604005,0.22296271899343978,-0.084187983662765975,-0.13501228178158017,-0.49208244621215125
2013-09-26,-0.33466681106382046,-0.30282888194716123,0.151185991961937,0.040924807501181965,-1.0180913133340883
2013-09-27,0.22817528947717625,0.18202252818189216,0.00179419632676927,0.1986632963455331,0.2852808109695322
2013-09-30,-0.06880848622561665,-0.030288760299898645,0.7476100836561345,0.4686922538231636,-0.4547124990296004
2013-10-01,-0.22021855863759177,-0.24872335406908996,-0.10859129262106935,-0.22129288614967038,1.407029717780026
2013-10-02,0.0135301865499035,-0.005559423445209665,0.04591406434498639,-0.11298226518428214,0.6793642896627965
2013-10-03,-0.49890172633642776,-0.49932841415497503,-0.23138152594621583,-0.018647800932016755,0.3568877003803975
2013-10-04,-0.2435770321331251,-0.2819006737604772,-0.7294531939576923,0.11737268155220132,-0.5254638009551448
2013-10-07,0.3983941347518329,0.3767581531224105,-0.3533060434289773,-0.3240421778281499,1.3288078276653992
2013-10-08,0,0.028916328474680012,0,-0.012041814705095629,-0.2934009604542076
2013-10-09,-0.2064747861684476,-0.19771691138082584,0.3225020721291406,0.15075759310391368,-0.5671328008787794
2013-10-10,0.5735428865251366,0.5583680399900184,-0.4608906324074974,-0.3824069565175134,0.7654279402083748
2013-10-11,-0.04732768160448883,0.08229306811535059,0.10916121239774662,-0.09519765218241878,-0.10280668127443182
2013-10-14,-0.22208516091870087,-0.29434945596492595,-0.2780051229588174,-0.1390406810675724,-0.9777522693648542
2013-10-15,-0.01355843264486557,0.1719033057189015,-0.00876662654280544,-0.18177991070366586,0.21863426629016325
2013-10-16,0.2721533076508059,0.37065710013801617,0.3520500765371071,0.00598609573414526,-0.0262020108472181
2013-10-17,-0.0054041371107065,0.0706552393012472,-0.26083675247741006,-0.12606351899613705,0.46459658890693
2013-10-18,-1.0630852170054803,-1.0313889788806208,0.2173988160871458,0.1298253221881348,-0.9328798206778466
2013-10-21,-0.10939784639558456,-0.1655594882990078,0.03119804655041214,-0.02753364041716712,-0.15071640925843544
2013-10-22,0.04377441492426411,0.10009295194349573,-0.18398539559819385,0.00408440926871839,-0.23952484456940693
2013-10-23,-0.7467540975660142,-0.7407103398862208,-0.14471721311988178,0.043711497012064504,-0.046568447453207706
2013-10-24,-0.01791638193191935,0.0765906804007705,-0.4439239206486337,0.26005697060321364,-0.21102634657295388
2013-10-25,-0.16688072258380146,-0.1362997174781798,0.06289984652986036,-0.1627486003872756,-0.2716046864616714
2013-10-28,-0.00967171689358895,-0.05306303727537575,-0.17640013524974826,-0.0595152486973764,0.32767670791127096
2013-10-29,0.11589761458218668,0.08713049714536683,-0.08283814007128164,-0.25058100549112866,0.32405580630545594
2013-10-30,0.33588796437009966,0.2652422578112422,-0.24514579479324783,-0.117138470714801,0.1466431083880248
2013-10-31,0.1387089786459471,0.0998812216675543,7.916610756985e-4,0.02579897279606277,0.16166341680013643
2013-11-01,1.056643273899885,1.0528039399086868,1.1720952838947574,0.2348416241495736,1.0394731953296554
2013-11-04,0.6335155973691239,0.6321745350314524,-0.1225276550055186,0.07433802151865035,-0.5131842205553634
2013-11-05,-0.1701616645900577,-0.11343535254406648,0.13444505349684432,0.11244589247489664,-0.12158646886066166
2013-11-06,0.3252256010600125,0.35265873115747626,0.7975229454572642,-0.10203610949592579,-0.39698003046087876
2013-11-07,-0.33333013812804135,-0.23887657352879066,-0.10036088853836808,-0.16600503642116823,-0.5752762952288877
2013-11-08,0.8091529839222471,0.8204087699588302,0.8300646480756119,0.26826984882846067,0.99380544914986
2013-11-11,0.4575455846821811,0.5254525650590294,-0.06557177956669183,-0.23074818309519296,0.0051546303459110154
2013-11-12,-0.4588879886957562,-0.4317172231229716,-0.5708615917683594,-0.09879029050884722,-0.5795711233784054
2013-11-13,-0.22822211669794057,-0.27121995390497466,-0.830712153593117,-0.010893120646813713,-0.5205526292998283
2013-11-14,-0.36893952113762457,-0.4045568381257392,0.6211784047404814,0.019943898472362286,0.47125714671101704
2013-11-15,0.30172041273950023,0.2821788058024091,0.3579182990899829,-0.1896510476113588,0.7388685994568517
2013-11-18,-0.25990333413625183,-0.23824600576909552,0.08754225463563203,-0.01814861720682534,-0.27058256733708347
2013-11-19,-0.15114296273465153,-0.16778204408894237,-0.1430795872622557,0.1136978620794834,0.40106071465748405
2013-11-20,-0.465630234684071,-0.49330840992880415,-0.3188794897564517,-0.030854247828839488,0.08272304335776026
2013-11-21,0.9895853774490512,0.9550161438826704,0.7494075643672039,0.07438007139309898,0.6843772330690445
2013-11-22,-0.2825068525748379,-0.21085520688987064,0.2550719597311389,0.0157508471512122,-0.6711019383808013
2013-11-25,-0.5958858383495887,-0.6252219929462954,-0.3235711811439317,0.16393547207374798,-0.384918028542491
2013-11-26,0.18278517193041052,0.15288292859709368,-0.21247454298664903,-0.24604225061637117,0.2192170747649002
2013-11-27,-0.2966928314919401,-0.28659742345652517,-0.03281673144168949,0.11670716055650987,-0.7446288403079149
2013-11-28,-0.04342076453013538,-0.06048622276581713,0.4066018738240745,-0.21184821761254372,-0.5885787612539872
2013-11-29,-0.22285924427150128,-0.22750158438065018,0.13273876767135315,0.019446060350368423,0.5243085920822005
2013-12-02,0.1386628254187022,0.10804797355863247,0.3644182764859922,0.06683713107367212,-0.08236007992470595
2013-12-03,0.3173857804059332,0.3289629261021011,0.20771600837618784,0.04974950637931581,-0.4377997347998398
2013-12-04,-0.35814610221003584,-0.323028478122826,-0.18130211440281052,0.12141813734470183,-0.2480978924628161
2013-12-05,0.03124867885278369,0.01960403337547585,-0.0342878471168673,0.21831514421886447,0.15439022264470037
2013-12-06,-0.6132633494046063,-0.6068189992521557,-0.8831304699511849,0.029745579966315015,0.31390785241062263
2013-12-09,-0.2669185814046397,-0.15716082957621208,-0.29795547446079707,0.21995120318682032,0.42305499896339266
2013-12-10,-0.24564817499182068,-0.10112634809232304,0.3422812091821007,-0.0017827176927092672,-0.47036896528250743
2013-12-11,-0.17603581154417167,-0.16234546517504406,0.00974830254593229,0.16731913466757828,0.4661111953950112
2013-12-12,-0.15703322134573194,-0.18104182854648332,-0.6412998185316675,-0.11956145391086553,-0.8261223427667506
2013-12-13,0.25609975726137774,0.24550080269388866,0.03362707740751423,-0.04248658098295996,0.6207953273914444
2013-12-16,0.0838408505805918,0.10598717726906826,-0.12998111353955186,0.05105145693983871,0.20397985006213737
2013-12-17,-0.17189040283474386,-0.16705989624362794,-0.20449646908769295,0.1065799852800303,0.604187144392077
2013-12-18,-0.06057839562805412,-0.06679996542107863,-0.19414823861563657,0.20271922724821737,-0.4196858907584643
2013-12-19,0.6287464919849289,0.6120712282335737,1.296739253851808,-0.44104316037887337,-0.2655981537959988
2013-12-20,0.21326298229232335,0.2684917276950538,0.07734608388251502,-0.24214767633657783,-0.33580314090518215
2013-12-23,-0.16537596963130888,-0.14642116760428758,-0.3680983042675445,0.14626933894816307,-0.9309863518016441
2013-12-24,-0.15742855027452107,-0.14887164521295543,-0.04304090847390273,0.03340791077705229,-0.0670748376661845
2013-12-25,0.1314346278958045,0.09856187883841722,0.25740864512167416,-0.10155364725699627,1.4734146817529048
2013-12-26,0.09846052395807142,0.10602518484185935,-0.00461521151207658,-0.004281864461612604,-0.7661584408605663
2013-12-27,-0.20249925521882403,-0.1943617828215651,0.1776354365027707,-0.2002028483129187,-0.9879679084189938
2013-12-30,-0.3938549209401402,-0.36256860329749685,0.00750235463901232,0.11771352448125527,-1.1935345903155676
2013-12-31,-0.4340717996860025,-0.34794322928412247,-0.3565689378886466,0.02242095867843601,2.0879396416053932
2014-01-01,0.47257229936735035,0.5748317381929557,0.8891101598996198,-0.15911279058866906,-0.6632977610919939
2014-01-02,-0.15819955860336202,-0.11408100875514146,-0.05711258639759407,-0.04384145759042215,0.32427469542988097
2014-01-03,0.7297207137206508,0.7755826112841362,-0.07451588142264327,-0.14320989869352965,0.3479088342097475
2014-01-06,0.5179913046636553,0.5642727399246487,0.30604743991040184,-0.15786646041402583,0.7026642766514769
2014-01-07,-0.2641189577018819,-0.24066686335020532,-0.23456991659071005,-0.1500292066531965,0.3467538596623614
2014-01-08,0.1144479138039064,0.1207973191285176,0.00614351849525098,-0.528064001728962,0.16223460623269104
2014-01-09,0.3262645920922661,0.3338861898087652,0.6120352626719936,0.04433237268090052,-0.36869411315934975
2014-01-10,-0.2582075036617538,-0.2938122059069669,-0.06394579324344979,0.21720324273205177,0.16758330281934342
2014-01-13,-0.4746537900696646,-0.45087418602473206,-0.38233299596294806,0.02987124736566181,0.18751251409473946
2014-01-14,0.01367283591569043,0.12647674744688603,-0.6209859746583832,0.29760806459950045,-0.7511750495614095
2014-01-15,0.01093612631809339,0.0554559935206393,0.28009359024881436,-0.427842252635584,0.09011206967969698
2014-01-16,0.5071816273284452,0.43188599935353006,0.06608068853240003,-0.20578645366863424,0.28128975728119254
2014-01-17,-0.13744992602880918,-0.26653721951998943,-0.19142337045193417,0.3169663357092564,-0.8249986804593902
2014-01-20,0.6664171796130666,0.7369792375118508,1.0629441296795057,-0.08448367857290551,-0.17935671157210986
2014-01-21,-0.15839029216534,-0.14320791905193667,-0.12063338586365208,-0.12244507154329722,-0.0719185665435298
2014-01-22,-0.07454711611054655,-0.04912268767834073,0.2363521481533153,-0.03874278509823494,-0.24051183755942768
2014-01-23,0.1246663406276743,0.10930862480476775,0.6499669309558822,-0.11148733447725177,0.2829919858579452
2014-01-24,-1.078340753675806,-1.0782306445090122,-0.6401466807026779,0.4632335176493025,-2.156917124902309
2014-01-27,0.00821231883992339,-0.02652977404047508,-0.8629764024940243,0.4665576116999063,-0.5427901248251485
2014-01-28,0.09713591007094058,0.10835026210411153,0.6079941501373175,-0.19162387871927924,3.3605591253802007
2014-01-29,0.1434802143903099,0.1054269895359927,0.1136499814260334,-0.21895271448783296,4.2856534977866865
2014-01-30,-0.0259510826606064,-0.09562739857924062,-0.09221077318926547,0.47271305924017337,-4.198563039254485
2014-01-31,0.7335049649193148,0.6368812457719079,0.3665737616859989,-0.09707308337969012,1.4157445243396496
2014-02-03,0.5219984416259427,0.5708793142745575,0.15476020071080462,0.07413865766399402,0.7420306280024005
2014-02-04,-0.2728295026256922,-0.22901430278421794,-1.0603892170664426,0.29365397053226155,-1.600371568230941
2014-02-05,0.06760842601349681,0.05003149303984815,0.1998071980344013,-0.20970775329102914,1.722976878584823
2014-02-06,-0.1420235819443883,-0.13818364623277893,-0.16325359711875187,-0.14447031865374046,-1.2922041007491964
2014-02-07,-0.4204705929538292,-0.43107623923162475,-0.4514914556088701,-0.07108685433691557,1.2984447603405491
2014-02-10,-0.2000032822120423,-0.27274224708461087,0.3400826400784756,-0.0010112639101841655,-1.1348355727045718
2014-02-11,-0.19631073408210944,-0.1511403046686685,-0.20616155087970403,0.03856559169299557,-0.12336219249125313
2014-02-12,0.05184279490139524,0.020404717942548584,0.2949961484768422,-0.13573577325920583,0.9288350287576329
2014-02-13,0.3594259837032723,0.3312463661965702,1.3346318572834308,0.0713946764139876,-0.17012797841520377
2014-02-14,-0.6503604597205188,-0.6447574702358083,-0.3659247625662323,0.1488290615079095,-0.6757293808029416
2014-02-17,-0.1546920297079526,-0.2586787075605041,0.46856319689936293,0.028647289885573718,-0.10213900376060603
2014-02-18,-0.03288604857310456,-0.006500980328240679,-0.2806455932478336,-0.03968686040488991,0.02635320166765316
2014-02-19,-0.41886294120282846,-0.4738586941247743,-0.6209755243475622,0.005390457741126029,-0.6704536467238388
2014-02-20,0.2295610086648078,0.04307609729657553,0.16784454439695493,0.11171564325249735,-1.3823137908279486
2014-02-21,0.06725703844720296,-0.04475761387067527,-0.01774761954253618,0.006318160040005007,1.032038670099495
2014-02-24,-0.1221911568621382,-0.257257715204821,-0.29200187530302313,0.09782065666845301,0.9688610707345615
2014-02-25,0.013737209631598,-0.1210439023713781,0.15521844736616414,-0.15135435429933033,-1.1962119073220645
2014-02-26,-0.07282994530442695,-0.5098835151079729,0.04884628908744809,0.11287582526086867,-0.16237217543722626
2014-02-27,0.4676494630947012,0.42524826351502226,0.41429665398209525,0.05637717391615092,-0.1771561344603123
2014-02-28,-0.18624739877314267,-0.21246763571647087,-0.04446256953638255,0.06713309071091006,1.1789827910752704
2014-03-03,-0.5057092159680578,-0.7945881257718046,-0.2834706927586267,0.4745362369146159,-1.4337818758852532
2014-03-04,0.2902725952262225,0.2097267446712696,-0.07375075721995507,-0.06306986609982061,0.682419234860185
2014-03-05,-0.03022944204061028,0.029874889282090297,-0.03856883741354115,-0.5349621698087317,1.305841904081299
2014-03-06,0.05083304076548058,0.14447541144488482,0.3629998302173173,0.03660261210543495,0.029117699637616345
2014-03-07,-0.9341556042900728,-0.6059910886304767,-0.7986463501438337,-0.13946246492810377,0.15123521967581244
2014-03-10,-0.11236074046603192,-0.28156820254220877,-0.17595269198791982,0.1684454443627208,-1.46974294852914
2014-03-11,-0.00138288166860098,-0.22716805818213123,-0.54700645466599,-0.0067847982333822604,-0.28715832435625965
2014-03-12,0.14978010486166557,0.106244622705358,0.03336898589520214,0.1576567291006854,-0.859478532815047
2014-03-13,-0.33453626005332376,-0.4062818092267803,-0.3312083467715582,0.03507582461901694,0.476128460522259
2014-03-14,0.28186201318329845,0.39584688864395956,0.30513996479426614,0.19386154771210393,0.4903279622450515
2014-03-17,-0.3430660233264505,-0.5425726009610545,-0.2382819635899838,-0.04851650685333584,0.45444679570628543
2014-03-18,-0.09743256101405992,-0.5924248005587978,-0.11739763616808337,-0.2210211502139819,0.3725420431942267
2014-03-19,-0.03064803063323515,-0.30120951168190485,-0.27826802594101696,-0.027313983253796154,0.21002342449542044
2014-03-20,0.80474816120973,0.5893248533378196,0.4485276236320317,-0.17761962253538408,-0.0370427961281759
2014-03-21,0.2691068308819547,-0.0659537785407561,0.08568885894385629,0.08266369477760277,0.5324299912138858
2014-03-24,-0.0978913498108498,-0.06273587902649325,-0.21008169209840089,0.0073747668779239346,-0.5418187123512928
2014-03-25,-0.3136642784463995,0.15244490510335093,-0.26418617529154803,-0.1488581031473241,-0.37913431335594694
2014-03-26,0.1438290216428066,0.061815246543301866,0.35357509468600357,-0.1604915022696708,1.1781768646554065
2014-03-27,0.2677266066144605,0.14818872359210303,0.532601901333741,0.01440574255668331,1.0452743697480318
2014-03-28,0.2958725815120616,0.25080522124346805,0.4833752543196842,0.1188388351313808,0.10547986647023277
2014-03-31,-0.0783498852669995,-0.04781485937241628,0.13778487004434392,-0.12251292533860762,-0.19883631619285763
2014-04-01,-0.16653768207834652,-0.25079341256810056,-0.03162592273021273,0.10802075624718101,1.2244013402651546
2014-04-02,-0.143363174621185,0.003465068229866041,-0.34316522905757574,-0.05118420797799464,-0.9825590448707952
2014-04-03,0.1929369103343802,0.21256476978566313,0.15801327782706806,-0.19193022615018343,0.011307077400590781
2014-04-04,0.3230338286028957,0.25868551485638597,0.15191679515833476,-0.16995542799858396,-0.6950203196573677
2014-04-07,0.14399224816909764,0.1380419664189783,0.02456004134837795,0.017631005079116746,0.5933319107889662
2014-04-08,-0.28408233964541785,-0.27348756734606217,-0.0949036256953371,0.13748998550156719,-0.8284166052245188
2014-04-09,-0.3648447142524764,-0.13723232433747976,0.4724901600521996,0.05581432310729466,-0.022224944555723936
2014-04-10,-0.446521724639904,-0.5168366972033538,-0.14960406272888305,-0.02511876148303487,-1.120174008965497
2014-04-11,-0.22609095764308823,-0.45941436738953334,-0.36039843013495215,0.20036850085022936,-0.7414446342443486
2014-04-14,0.28980703209830494,0.273898616699379,0.00499596428975148,0.1766139361423363,0.15583961882980468
2014-04-15,0.21023318900519572,0.10716705709550124,0.20688409330704263,-0.17104110620433166,-0.1245573963837048
2014-04-16,0.03730430009616656,-0.0011673177841137524,0.01556095324478742,0.009133911602000161,-0.7305381588120822
2014-04-17,-0.10917269907321991,-0.09960533493438889,0.3703266351631237,-0.23707662291746373,0.6236340405799504
2014-04-18,0.1077831383595108,0.13717816501676924,-0.00642760776341083,-0.07892768522291647,0.7537846986001391
2014-04-21,-0.0220922843940837,-0.011563809173816476,0.00812677704837114,-0.06761394840199772,-0.11595183637040551
2014-04-22,0.14633142640695507,0.1454438997490251,0.15304711094751497,-0.11298657069044221,0.15869628538791758
2014-04-23,-0.1090392327515079,-0.3953884309650495,0.09267528077860536,-0.08235409002400244,-0.4952050927223613
2014-04-24,-0.06630679110029572,-0.09826092307397252,-0.3150334681271203,0.0575681449435632,-0.2647770606406825
2014-04-25,-0.09263849724541828,-0.27985942387523194,0.05349467613457613,0.09551913810435754,0.8550513748613984
2014-04-28,-0.0622654592046538,-0.16064931309558048,-0.08579159763657794,0.023165590959084822,-0.30499652435863156
2014-04-29,-0.08861423143385401,-0.08973224543216711,-0.06171956326023379,-0.04845025451501981,0.3985551584279966
2014-04-30,0.28357831743950873,0.1950368160620944,0.36766259209949625,-0.07422032007579292,0.5902606034019041
2014-05-01,-0.4014023231827696,-0.40724269592209694,-0.0913587108426611,-0.057546084044129225,-0.10090702904017956
2014-05-02,-0.01247949200805058,-0.04373552048839914,0.0989648088536383,0.06750842876338431,0.16508667966074436
2014-05-05,-0.01248652790768658,-0.015843245382736813,-0.1087381202513606,0.14319280067236678,-0.23463850116267676
2014-05-06,-0.02358522898551017,0.19626647193693605,-0.07757890612108888,-0.04776710513726644,0.03856691936120471
2014-05-07,-0.39345988528963793,-0.06035657126055861,0.23777506456737407,0.003461058985110295,-0.13818527494764038
2014-05-08,0.13641967029600588,-0.006477963264916394,0.01087351616221539,-0.10933157393908677,0.3286828647008167
2014-05-09,0.485737699437411,0.5865059023689911,0.3671082449453498,0.05100054002051683,0.4616626396789625
2014-05-12,0.6059261029613315,0.6573747568064181,0.1615138020382118,-0.17882634150859505,0.2524408597579515
2014-05-13,0.02888680965536105,-0.07975716614548248,0.10817137279089264,-0.10909587056141085,-0.6178054897107473
2014-05-14,0.3433289915365219,0.47379160053822406,0.10905384158069084,0.10191505309020824,0.7646469029071581
2014-05-15,-0.07680273626978035,-0.03882890827781641,-0.4582105177153217,-0.07018935456017394,-0.7741041777534792
2014-05-16,0.02606077197300143,-0.004249996612887328,0.1771149299401264,-0.11931283526110203,-1.6037423427703925
2014-05-19,0.09596808304641163,0.050641204123909433,0.26742260931458506,-0.09002524811476763,0.340686920386441
2014-05-20,-0.07676792472735984,-0.13713606684452204,-0.12050248858892372,-0.10834932319608823,-0.15804789531242547
2014-05-21,0.07128751744299189,0.051130281946422385,0.19244437823810095,0.09047383229759219,-0.6187928312711612
2014-05-22,0.16294851819115894,0.2359327824180827,0.5171598024125063,-0.045944942397760084,1.3083846343006247
2014-05-23,0.1995525732119552,0.19677740276688613,0.02397485620596009,0.05212534969383618,0.6707423787563784
2014-05-26,0.1882563429881021,0.17926390321150037,-0.00890042395052928,0.038987454044039326,0.23290905849831767
2014-05-27,-0.1650482167218442,-0.19784750566763581,-0.107790332535332,-0.08008572527001122,-0.5076513985204105
2014-05-28,0.10506273560638156,-0.06411158855845217,-0.08341437725451027,-0.10875929233952573,-0.893315962423738
2014-05-29,0.31995622877516877,0.2365298380245734,-0.2533708675907925,0.10415011237657291,0.6349981040089248
2014-05-30,-0.08158566795988574,0.19313964746950701,-0.03142844522916284,-0.07282595182717533,0.04019136104939225
2014-06-02,-0.1729268886111931,-0.3169305231846778,0.01959706828647898,0.07638004306363788,-0.7908234079175873
2014-06-03,0.21372455139652935,0.18940001578630433,0.15006802830535723,-0.14175203625681113,-0.1484252785990514
2014-06-04,-0.16195314257280655,-0.25476754846210037,-0.19041064267772653,0.02176838193607634,-0.4475098331009989
2014-06-05,0.12387188529966855,0.17159882908695662,0.11716393458819356,0.09398181382367209,0.5705198061060526
2014-06-06,-0.4239865486853982,-0.5133229857010191,-0.00628280123615533,0.1297756030390161,0.37846540487643565
2014-06-09,0.13925347277598354,0.2007578288454686,0.09050865440560006,-0.03801041342519614,1.0622343419851021
2014-06-10,0.36903965755663537,0.5480304402822628,0.3808095362230565,-0.07029647816720838,-0.20342903049109196
2014-06-11,0.38122565265357333,0.6772086356562131,0.0792121480933149,0.0950687661277293,0.6615491095200926
2014-06-12,0.02843088437308901,0.022492695596619972,0.24645702113497897,0.011288357568858938,-1.9157690079454457
2014-06-13,-0.1286800991146527,0.02755613676425383,0.8736427712640658,0.02690581826877843,0.10265200873316438
2014-06-16,0.12190843048792643,0.26908826959372795,0.23389968634778485,-0.13341010090387556,-0.500478030384268
2014-06-17,-0.288773300125181,-0.5500026092350379,-0.28538200835129124,0.05278166436036525,-1.2231381591128345
2014-06-18,0.21565264484264737,0.17665347608198495,0.10535214825974788,-0.031004081221790616,0.5474812746976611
2014-06-19,-0.31481006072270185,-0.37521063599124505,-0.08559220946636666,0.005791013699909891,1.1343644391636003
2014-06-20,-0.15233119144289808,-0.145766307517124,0.0910547058752427,0.09135010594712258,-0.6888128075875165
2014-06-23,0.13465834249289016,0.19907467244565846,0.03246050636389518,-0.0693107800013458,0.46371919116830984
2014-06-24,-0.0652703739826739,-0.06608025742439388,-0.04994909270706087,0.04827398595955698,0.5182648933794286
2014-06-25,-0.02856703980686588,-0.12369510749972967,-0.292100550105296,0.030611056312756006,-0.19965035506881845
2014-06-26,-0.17021645773802152,-0.23274437392110278,-0.13795611509148015,-0.06093091086376087,0.5342583290109386
2014-06-27,0.1171437420997176,0.2665017207402591,0.348416909751627,0.0241422268916047,0.13142960228239853
2014-06-30,-0.23032375150730663,-0.12131553907196937,-0.17922310550520307,0.029242087716480066,-0.12949461699560613
2014-07-01,-0.3594946985580637,-0.1317538267983226,0.08436573752987936,0.1100041762120278,-0.07670830801602896
2014-07-02,0.09307023737835822,0.14432721638882656,0.31917524495075233,6.383520259644005e-4,-0.4977148889527374
2014-07-03,0.20363496989737315,0.04361320056900081,0.2756898414525933,0.0028581681550091695,0.2580399696771185
2014-07-04,0.3148855031068836,0.2956570198323954,0.266845424779661,-0.1514850858929341,0.31974011996863366
2014-07-07,0.15911811686180996,0.30927320337987213,0.15225832873902115,-0.025230567341028482,-0.17741921380231632
2014-07-08,-0.13053373433098042,-0.10195458577470647,-0.22996661217620945,0.034619059055530796,0.10193157906411798
2014-07-09,-0.0803098373753274,-0.05099754775537402,-0.04603017495863455,-0.014580815856786916,0.11924576052809657
2014-07-10,-0.1894576370462572,-0.1675222097185844,-0.08313190705593364,-0.006216230095137342,0.1926742189401708
2014-07-11,0.2779246762342696,0.21822574476948664,0.11676532892768682,0.0584568503013643,-0.2436843208633029
2014-07-14,0.00953364193379201,0.013363012505277525,-0.03671080393644509,0.007137830588154414,0.09032319917651174
2014-07-15,-0.13204939369169855,-0.17138080263583627,-0.33731695256398453,-0.04126790603074891,-0.07645135975839654
2014-07-16,0.3657586727388714,0.3219499137532745,0.6926747973815559,-0.07760155963425183,-0.061657197653293264
2014-07-17,0.3103087294461247,0.39957930484395604,0.28630939833574837,0.0135242193098004,0.38656101442430824
2014-07-18,0.08250272105525329,0.11639625140800476,-0.17767973998028902,0.08742221624269958,-1.0344010563778636
2014-07-21,-0.09873963019308032,-0.15759264426014696,-0.1226747443889703,-0.11677224284282553,0.8035799185276179
2014-07-22,0.03788728560366998,0.004821971862150524,-0.06459911754086989,0.019816994152704794,0.19746894538508952
2014-07-23,0.4373228328383075,0.5393685300819925,0.3895190190553416,-0.04547423159411423,0.8132476190709494
2014-07-24,0.03770475223252478,0.1469427054633608,-0.10554315016071016,0.02489530725273503,0.5897448662990625
2014-07-25,-0.01346698260478799,0.0640790958889333,-0.30274067366032736,-0.07293246408081987,-0.6820810551734137
2014-07-28,0.2662493665614939,0.3196825108716855,0.20849343883305096,0.0035581484873376257,-0.0030189915730324535
2014-07-29,-0.07524010479308607,0.017268633628170233,-0.05995224016913952,-0.00995801302593122,-0.7635303593307384
2014-07-30,0.20809331720279484,0.3227968978444714,-0.01077103753465834,-0.1165472534310462,-0.6951276504866044
2014-07-31,0.11258718991287474,0.28332088021917873,-0.1074833338385166,-0.11398955651100633,-0.889682342413626
2014-08-01,0.04553690365800661,0.026714652027415256,-0.06432737536556095,0.04655972119393988,-0.21658069296818883
2014-08-04,-0.29097730598057486,-0.38297372621236564,-0.6568474444642152,-0.03973375742846327,0.4823648232628306
2014-08-05,0.05101160018484625,0.042688519490952086,0.27509166228682064,-0.026725252688010202,0.24394225271083192
2014-08-06,0.3711024465589055,0.500909374510353,0.4335368865101854,0.06319734655814771,-0.40912935019029767
2014-08-07,-0.07893427558935528,0.08457413237734848,-0.21723693246636452,0.07156992885846572,0.0034311741864690992
2014-08-08,0.1845209133046278,0.2056367052466065,0.03630906812835922,0.03586899308182663,0.10789231552227302
2014-08-11,-0.35059792325814493,-0.23886852991708385,-0.6648333826298881,-0.019827970928617863,1.3011038389960872
2014-08-12,0.15136281010067962,0.17697414704965225,0.2134666475359963,0.037391164653451436,-0.5932317333777002
2014-08-13,0.14044318999147287,0.08080611188443078,0.25633629800559515,0.02667165072137209,-0.3768926698962194
2014-08-14,-0.01336833121029605,0.06442354380406616,-0.7134430112067307,0.008115485971315688,0.680504059477149
2014-08-15,0.029405551867674,0.0522575283989457,0.011054366198477,0.08085216291284703,0.08107100925281285
2014-08-18,-0.1979838065135201,-0.10928256186326206,0.00246082703514949,0.1596655510181445,-0.8705986191134338
2014-08-19,0.2193677949122305,0.28107017197565054,0.23942867054049716,-0.14797979492799845,0.45440568601087566
2014-08-20,0.29350345805902467,0.34279720710351413,-0.31837083146713674,0.008325181075442485,0.37611416018232635
2014-08-21,0.462533191557392,0.5100456193354891,0.3346250779123078,-0.018018255279181244,-0.4739887635003047
2014-08-22,-0.14198311120055712,-0.2902611959634692,-0.2647486865432373,0.05457639159753321,0.24437769018979016
2014-08-25,0.6089958184837614,0.5867181636636251,0.4400250100226216,0.05175740702801377,0.4681403917886827
2014-08-26,0.07388106821833773,0.07170130450610844,0.18484060161953195,0.13247142239991566,0.05112968174103483
2014-08-27,0.14233214340228334,0.17713548544391017,0.00655092658462182,-0.031371166186894256,0.6586791227678108
2014-08-28,-0.15684702945563514,0.008268379806973465,0.01539474320285567,0.11957314044888441,0.03207658982224504
2014-08-29,0.04484387901749674,0.05362655249183287,0.12444409791752208,0.03266465717942751,-0.358075201717294
2014-09-01,0.43416450752909064,0.42849964858794465,0.4524076315152605,0.008761460543911493,0.11476615488373837
2014-09-02,-0.03151396575497765,0.024201886695428415,0.1096265820962676,-0.07791641576292703,-0.3052059246620551
2014-09-03,0,-0.10082903414131855,-0.889969173854013,-0.014588344683221503,-0.855687377710186
2014-09-04,-0.1445590855692808,-0.03493642967695898,-0.1857257103426413,0.018461459548699183,0.5456466058598929
2014-09-05,1.6731998034019149,1.7113033847025678,0.6479550852125407,0.04321380071306709,1.2329410787239228
2014-09-08,-0.1591997779094396,-0.05884940764071811,-0.6614223020892815,0.017303679482170056,-0.3696022486032615
2014-09-09,0.481995865220893,0.47747915128178825,-0.24491247462359592,-0.060559640658687755,-0.4049189418055281
2014-09-10,-0.39395844298819305,-0.29204764259764254,-0.2103103757564583,0.00359985274467701,-1.6029545776071226
2014-09-11,0.1926506182545212,0.2861947615537408,0.6645986368748714,-0.2982615230328622,0.6508320034528325
2014-09-12,-0.0503859202083457,-0.03822249901566693,0.2644093180315534,0.016936859418748396,-0.5225383375751997
2014-09-15,-0.2821289480735129,-0.36183345413189505,-0.24474176737797715,-0.05528487282817866,-1.307958233313635
2014-09-16,0.1566850660939706,0.00979730804918015,-0.02199458635304807,-0.05723613802382303,1.151388893660937
2014-09-17,-0.14892149301411303,-0.21500705318071892,0.0785428802491518,0.13702060604910582,0.4461752508749607
2014-09-18,0.8452434002087256,0.9445111392149855,0.8582510832242131,-0.1922878039971602,0.14730950825427397
2014-09-19,-0.5437460413247004,-0.4957196153192994,0.48972018454078786,0.2826643283154866,-0.3625553783651299
2014-09-22,0.6105440917241417,0.5627052628926935,-0.10518130582673144,-0.021435851327651675,0.4072212880516658
2014-09-23,-0.07836578289512082,-0.025385780681581344,0.24037102857234852,-0.04435524777150976,-0.15891504710131743
2014-09-24,-0.0192734896715007,0.022827514008132516,0.11343483356260362,0.0070813805938000855,0.1490378155801072
2014-09-25,0.5920938697456085,0.6134339424441355,0.16675908894088667,-0.11550032554739909,0.6319724306464715
2014-09-26,0.1647026439872101,0.22157550074921484,0.20878627861191396,0.07794754328458135,-0.9580501981694955
2014-09-29,0.659909421668895,0.8223061720986944,0.08831805950470592,0.0766483261175927,0.7924523528806722
2014-09-30,-0.13950373588496784,-0.45005456289645934,-0.11514104242504426,-0.03495556195030314,-0.9430922698555896
2014-10-01,0.49371869922216854,0.6466469544936827,0.31845260296625977,0.05132108174623683,0.7997049341269377
2014-10-02,0.03282766144667535,0.08245805587430571,-0.1000293348892525,-0.09508190677449356,-0.2706760742651828
2014-10-03,-0.366769675559637,-0.36044098908188366,-0.5657375537580828,-0.14783793067488743,0.3059668022373542
2014-10-06,1.2465922856609548,1.2107667364012513,0.02590409814320141,-0.21352081437864529,0.2248231937436601
2014-10-07,-1.0529220519758704,-0.9599952543316961,-0.3592830033658052,-0.16775261653393558,-0.034532769892624826
2014-10-08,-0.17339317370273444,-0.24707316676549496,-0.08654771231279616,0.009645661688323388,-0.4506191850121789
2014-10-09,-0.5908154794018388,-0.6097784369072425,-0.13284269380412864,-0.028989432309258864,-0.07243349518298692
2014-10-10,0.424721203399659,0.521603840681349,0.17613171826108548,0.10100197461362588,0.12114369684226615
2014-10-13,0.3887912595195383,0.41412363085157333,0.20355206489140193,0.16622356731495985,-0.3031767262069964
2014-10-14,-0.6632452542419003,-0.5399328108956567,-0.8256541693994128,-0.019280153291190635,0.07914116872082916
2014-10-15,0.6695738180943466,0.6281337739049289,-0.4281770375312357,0.11571879811603662,0.6156192926800405
2014-10-16,-1.434664226771319,-1.3929963543650254,-0.8033708657967856,-0.008855722565752016,-1.3153538787504644
2014-10-17,0.13454146966292238,0.07015281763862499,0.7827174866387713,-0.015411359501403708,0.8981706363837134
2014-10-20,0.4293015532822411,0.4232360691723294,0.40515470179210544,-0.02763922607585054,1.0939889324952548
2014-10-21,-0.3576260554283455,-0.3185988679106044,0.05680848382451613,0.03133729348368973,-0.6107045683509039
2014-10-22,0.6313681308307306,0.6494480861592395,0.35864264334471735,-0.025517551898254668,0.6797099955678635
2014-10-23,0.5781229284117215,0.6721582720935413,0.14236228500661974,0.05558166200843126,0.18366924699362341
2014-10-24,-0.0999180408409297,-0.06796856814183591,-0.19613459853615936,-0.08389304510126329,0.15033402703584975
2014-10-27,-0.17858754404350824,-0.14451464170106185,0.21651784961283707,0.03233728386024589,-0.3956286956450146
2014-10-28,-0.19540850857832073,-0.19667722202197363,0.00273209883155579,0.04975517210125837,-0.5284967237357818
2014-10-29,-0.29001232904505503,-0.252689580574927,-0.17869313873129267,-0.026886237078478255,0.6794686521563004
2014-10-30,0.8321572566706077,0.8471766230550319,-0.02137524966335918,-0.042383638725138166,-0.006845687557118674
2014-10-31,0.1540087766793983,0.16496149965090384,0.12520337491992864,0.00472543047060172,0.5236752753128782
2014-11-03,0.8778067643115524,0.9199515883110312,0.7067402504225501,4.6237419334085763e-4,-0.8686656180694986
2014-11-04,0.05749917841321238,0.036385622163973015,0.08945003674315173,0.0135168043048449,-0.33795770322537844
2014-11-05,-0.45212843103986033,-0.40020600798856387,-0.27941100382762446,0.09678257468119698,-0.013864528218946154
2014-11-06,0.579509188475238,0.5700861460048176,0.31894339338076316,0.0323699647122212,-0.7664820593378155
2014-11-07,0.804208271928094,0.880730988496006,0.0281578934904378,-0.0647388729403169,-0.1453696949946215
2014-11-10,-0.6545693217500702,-0.7638057047840074,-0.37854981568642143,0.10620688236144106,-0.19580729981770867
2014-11-11,0.2526493617772965,0.24802975571785793,0.05269579422426564,0.008538018414074667,0.37142062874048926
2014-11-12,-0.3686118333005536,-0.43138361707251405,0.08900542625017775,-0.04568908437124092,-0.146071487754187
2014-11-13,0.3686118333005467,0.3077053156090902,-0.623419377056759,0.0893714597714892,0.7247183227171702
2014-11-14,-0.36984444905883257,-0.323335401343369,-0.7931339860212725,-0.02529578150151333,-0.029737901146314583
2014-11-17,-0.33992720813102434,-0.44157949500338123,-0.5689162537440826,0.06930067894889971,0.23066562260325113
2014-11-18,0.5567667430865105,0.6078920503094899,0.3939714074291266,0.007068684078460933,0.46763685540787503
2014-11-19,-0.6757674595803383,-0.5800377277396862,-0.7539503690161706,-0.028110773958840082,-0.5444732173559096
2014-11-20,-0.05892448114632299,-0.07398363255217366,0.22750108304069735,-0.016507127137867995,-0.5560894330680545
2014-11-21,-0.03386324802193862,-0.1049949603562352,0.10258277585002162,-0.07364540113628884,0.43273285483901747
2014-11-24,1.3643255446288594,1.333369725246019,1.069698545019637,-0.025865148435775,1.1650804590852557
2014-11-25,-0.4688673935398403,-0.6408916071666794,-0.16011391069283218,-0.00691428121568431,-1.288956707231438
2014-11-26,-0.38118193271207224,-0.34553091191429114,-0.2288035988934179,-0.03652810332808385,0.15274752242281753
2014-11-27,-0.2023924518213483,-0.27133703027076955,0.2292949949405142,0.034305063601182496,0.1543889676528048
2014-11-28,0.35204305292647214,0.33121783486648093,-0.05606471670856897,-0.024050751881724026,0.36338776223590247
2014-12-01,0.19048392626284708,0.14902812134662752,-0.5286819425975493,-0.13946158902286895,-0.7029873388856506
2014-12-02,-0.255300111348465,-0.38724117192949653,0.5252150970015733,0.03915443047126715,-0.12677823549273182
2014-12-03,0.6562569049886844,0.6672485716290713,0.0961173288480074,-0.09354138805545906,0.043340618242311404
2014-12-04,0.581795636822099,0.6216063329932877,0.8857997038253238,0.01498440663427087,0.1200530720820507
2014-12-05,-0.5669276550895582,-0.5908487389451977,-0.6657595582880896,0.08883375825879784,-0.4097271693326857
2014-12-08,0.7502847978101441,0.776566538456399,0.02698241956253682,-0.043520597413079155,-0.36152691744997434
2014-12-09,-0.1710353722030518,-0.4820687916441305,0.3799497758925736,0.014640701587735581,-0.3183657495466039
2014-12-10,-0.6461619859937214,-0.9230170074933501,-0.4142451401942497,-0.060359337071366245,-0.30740892044317203
2014-12-11,-0.6353909840219506,-0.5247748310189619,-0.2597385751844098,-0.057839244465449274,-0.30529118529194055
2014-12-12,0.6353909840219565,0.4007130826177564,0.4796098933190907,0.14370344572703356,0.34595317915528223
2014-12-15,-0.5518596409306878,-0.4935878752444836,-0.5172686457444383,0.001652883102983752,-1.1876482673178028
2014-12-16,0.16065229248347343,0.06450260294791076,-0.36640672048532535,0.011421501440692615,-1.3264532030535814
2014-12-17,-0.5490248721144888,-0.5278942165009236,0.08819375008677335,6.015420537223805e-5,0.3461399065442956
2014-12-18,1.3928575040830735,1.2310509109270704,0.29516257143159336,-0.02632487054698958,3.2158339913911314
2014-12-19,0.3940731288586547,0.20609841117275696,1.0126889643010544,-0.26390162062582473,0.9474701477518077
2014-12-22,0.5258723454903521,0.45469949258536463,0.26764633709330204,0.03720443053650572,0.9299135778218235
2014-12-23,0.01834234455312801,0.025870019701899477,-0.314012368385838,-0.012188773303785235,0.01590341884653146
2014-12-24,0.4001355799416146,0.3329178507619682,0.04248370249672716,0.049385978909605686,-0.0017216888385881701
2014-12-25,-0.19376947736993505,0.002459526483347959,0.06268018455864187,-0.04771488760810014,-0.38215828341856634
2014-12-26,-0.0939762801783179,-0.09378751060531879,-0.093976280178329,5.985321654317346e-4,-1.0433212669781549
2014-12-29,0.3327864293304785,0.3255882029855139,0.2783300692164232,-0.028381891236832296,0.021254861298456662
2014-12-30,0.13133994044786612,0.04036248992299314,-0.11100422313770852,-0.006918627023077524,0.010656531098105992
2014-12-31,-0.07051900888287163,0.2631072928204129,0.2714132970532589,0.009906632897789565,-0.4322445027725054
2015-01-01,0.5228171444292562,0.4768129594711964,0.5991417496537685,-0.05497143501840286,0.2233148067580712
2015-01-02,0.07619367162766515,0.11278924372819438,0.0683970279831437,0.06010345238923535,0.026446261052663345
2015-01-05,1.1897438565102607,1.1984004729445277,-0.7206596752128378,0.004764755037634804,0.6810747720249911
2015-01-06,0.06210645277235414,-0.04422360293500409,-0.11198942259155471,0.00785641729152415,0.2909865913884767
2015-01-07,0.5346276174007046,0.6343668132308851,-0.25718713232399737,0.015012663558787994,0.5347105757515923
2015-01-08,0.3319573046693883,0.34840506734759563,0.13082846420038882,-0.021045071602442383,0.22784954605710883
2015-01-09,0.3379439382005705,0.3727470572559306,0.20810499397540885,-0.02518219392019197,0.6768472240510555
2015-01-12,-0.6307137852062287,-0.5505150326630098,0.03992496261078275,-0.00772610459417608,-1.098843171354405
2015-01-13,0.3306367396404856,0.3997364212546375,0.20464178585826576,0.012278561341795724,0.28382483154370464
2015-01-14,0.45094985166055446,0.5753180150084102,0.45094985166055446,-0.015119739255986675,-0.054785083827430636
2015-01-15,-0.06480468848151387,0.03755094083626954,0.356299774454224,-0.022973600505493633,-0.6501817362058003
2015-01-16,1.268343230793827,1.3763944717628025,0.9185643096744788,-0.014555168168353472,-0.08276017748422917
2015-01-19,0.6148873386060708,0.4053574806600321,0.3571447909036724,19.03561424268493,-0.9210087390511703
2015-01-20,-0.2756573846945354,-0.421896455889939,-0.6203033568350061,-2.2215568312222125,-0.2752103638556326
2015-01-21,0.4409093556812304,0.4584830523649717,0.8203859601915853,1.4603547235096643,-0.19841090216767598
2015-01-22,-0.5906263803163805,-0.5038590014091423,-0.6072884709152234,1.4120934235697333,-0.7496859277247242
2015-01-23,2.339614797820333,2.3444946645183893,1.4665509491208584,1.4545470128944993,3.6530801078433357
2015-01-26,1.9695673188945395,1.8450854317547043,1.8540328746850792,1.3050917678369671,-0.4523286767514332
2015-01-27,-1.0929156718122022,-1.3990090673521425,-0.49731398905613594,-2.9557510128916697,-1.082625855602715
2015-01-28,-1.058356411852328,-0.9942652211106912,-0.38023634234336967,-0.5458061237516865,-1.2972382559379847
2015-01-29,0.7587187178921407,0.6599575804588993,0.4569382638035404,0.13024846173588553,-0.23853591774080218
2015-01-30,-0.47834515392340454,-0.4292987921998882,-0.8969075804215095,-1.9581871774362773,-1.623752013920079
2015-02-02,0.23436960437511803,0.130890316636027,0.28715718538441504,0.5014405922724547,-0.6498025717188138
2015-02-03,-0.28879821752689466,-0.4148497498453441,-0.6802971894336688,-0.7798743644133246,0.8007414513345694
2015-02-04,-1.0145404662095756,-0.9855583348109054,-0.25877819585250017,-0.6609232925386395,0.7644332317302124
2015-02-05,1.217360434096817,1.2698870438920578,1.4675093886992954,1.152377362468195,-0.5954862174977772
2015-02-06,-1.3446211575507303,-1.3176672267459462,-0.3882725889426756,-0.8170210629993421,0.33015407555316245
2015-02-09,1.3830915005197375,1.4214317448920766,0.8145892434977183,0.9788611224465582,0.5370286724757766
2015-02-10,-0.11094651160070164,-0.08844658355499325,-0.26169269289524455,0.1543752539556159,0.06638008277298821
2015-02-11,0.04417010023454786,0.14964535826672834,0.3459042116395417,-0.08430649884329185,-0.4610980224820623
2015-02-12,0.08827231337113116,0.09173901524606691,-0.03833544265108761,-0.08319720014525245,0.3490339694258948
2015-02-13,-0.8098083044709962,-0.8380630739585128,0.1643670530122972,-0.8875354957136699,0.8356416199777498
2015-02-16,0.0341987344991994,0.03726656064992165,0.0896214256790448,-0.13098567422503207,0.5741564087354964
2015-02-17,0.5808611242167672,0.4505928592067608,0.2932866197245163,0.5148996291030074,0.5967393346844982
2015-02-18,-0.621906564478426,-0.6754504351783462,-0.6403296443873838,-0.9862844486642031,-0.6465475120922434
2015-02-19,0.04104544026167307,-0.010795632028637064,0.5968378495348753,-0.5758688639665693,0.4786505889587868
2015-02-20,0.292562500688886,0.29173393191275016,0.16913851161943388,-0.5243750012274659,-0.35315649441628527
2015-02-23,-0.1296679510852592,-0.10727726323290111,-0.32993479016779875,0.7700238002463587,-0.30420752072503204
2015-02-24,0.4270333604374766,0.40278711538772155,0.8372271543635894,-0.641162659367389,-0.43125468001421763
2015-02-25,-0.05328450956548329,-0.02237044854943412,-0.01001480310663554,-0.02963626266097694,0.3076832197322958
2015-02-26,-0.21680953305267253,-0.2889533249729173,0.23406959418129292,-0.07746892700329486,-1.1696285444868173
2015-02-27,1.4026140340517967,1.3804367588169728,0.6861913299536445,0.9435643728242081,1.0371613984671417
2015-03-02,0.3880713298083374,0.3485076371292419,0.3110175016332983,0.20937981878739836,0.30732671314440774
2015-03-03,-0.15303346959355948,-0.20773644746600922,-0.45915061823734576,-0.587792694870034,-0.7913689650903948
2015-03-04,-0.02794546526248674,-0.04388931492123198,0.02121917527134401,-0.2814983862488387,-0.13911179897242687
2015-03-05,0.8994636203198347,0.9455975607500535,0.23629328525756788,0.6075303666623597,-0.10504308696619957
2015-03-06,0.45222209703512434,0.5759243058251332,0.3377975445029135,-0.6075736257647752,-0.923651956892803
2015-03-09,1.7009420131539617,1.8026947833727685,0.4478448672789388,0.5690986844823755,1.4699494280401064
2015-03-10,0.1159793377558315,0.23514715679377313,0.42816587106697607,-0.16141469323910676,0.8125514275881882
2015-03-11,1.1578674390493076,1.2238923550001746,1.0069349582370428,0.04892747443390194,-0.1323533645303805
2015-03-12,1.504971277688436,1.5989054714451614,0.5114927493127579,0.40517620007297955,2.62200128202017
2015-03-13,-0.7326527593731247,-0.6099361693561495,-0.9936449626964756,-0.09888887273849044,-0.5983026474878095
2015-03-16,1.3709205487791798,1.3769001757918071,0.43844624387883496,0.9759925310800539,-0.68128765108929
2015-03-17,-0.867433897907373,-0.8113530071519159,-0.39412742918201094,-0.9468019420990167,-1.0614315787856936
2015-03-18,-0.23712366367233417,-0.10245794666876423,-0.7355099147584403,-0.03707992396065493,-0.1580020316631061
2015-03-19,-2.3494185892415658,-2.0233635217995984,-0.9365641470670284,0.11281898260784476,-1.0072550818003896
2015-03-20,1.6827025546640353,2.0546303989340418,0.33478081918820746,0.8013665657367463,0.2409470594470957
2015-03-23,-1.467014201639408,-1.4708490804092311,-0.24469086681308533,-0.20519119913993564,-0.47242652398213597
2015-03-24,-1.087478598081707,-1.3455135923208206,-1.0291881478623317,0.10467928629663092,0.6118237445911219
2015-03-25,0.3932537500480685,0.44643006110641825,-0.3990439941401221,1.0707505334437155,-0.0556764808252071
2015-03-26,-0.5345387331017496,-0.5922397854536392,-0.2418770991205625,-0.5810656143143731,-1.6912423633449534
2015-03-27,0.6783444864340392,0.6264461171049768,0.5504831080290349,0.40370129943465005,0.7318521600698856
2015-03-30,0.0130536422749349,-1.304263249503959e-4,0.1974691941148209,0.2418720016773345,-0.18395532018709781
2015-03-31,0.5037992599711678,0.6440985976464983,-0.01289568196688528,-0.10461590451482584,1.2044871023754142
2015-04-01,0.8540873017487814,1.0488681397803343,0.9919082526452566,0.3764013244656937,1.134677871889852
2015-04-02,-0.2957276753665679,-0.20876072702837417,-0.24678433614848935,0.35211505740840787,-0.5264795917578158
2015-04-03,-0.931616387755452,-0.9460203770937301,-0.9731403373720684,-0.24998983991307144,-0.3448406866200755
2015-04-06,-1.1941951539813207,-1.26680257001485,-0.5215960671335989,-0.3521341885282697,-0.32624748598628905
2015-04-07,0.606532291782203,0.5093047230526776,0.33814415663329056,0.007812345789240947,0.42527792231747824
2015-04-08,1.017214620524234,1.036907103063079,0.5670396109119217,0.22952592642866607,-0.41354239950496097
2015-04-09,0.35980022818394203,0.38768440348311917,0.7281002898103814,0.315142332353941,0.44057049928350067
2015-04-10,1.0834236933769994,1.0598977078090948,-0.02186056037962313,-0.011441527667663884,0.28339759577923185
2015-04-13,0.5564370388898902,0.5667772471865412,0.0500456933647552,0.3561597153034358,0.20961028215303273
2015-04-14,0.3484641349417688,0.3016699775805436,0.5345715862445496,0.5635252922088823,-1.3386485582961907
2015-04-15,-0.6992003460704663,-0.6341314505270607,0.00735635014229938,-0.2063546283140982,-1.232393132983619
2015-04-16,-0.2782790278670326,-0.19141964263979763,0.10356512970536004,0.5662093087889819,-0.1938951290053721
2015-04-17,-0.7351252890400519,-0.6399724068725272,-0.107402323217891,0.17036821108130784,0.2242338896840116
2015-04-20,-0.506791614569835,-0.5510617847000691,-0.19593071207960572,0.060937660479342674,-0.13278108009018907
2015-04-21,0.5820546172887787,0.4541350454698305,0.19064885060157477,0.20714165203030013,0.599437402223975
2015-04-22,0.05372106117898354,0.08857609493960063,0.226830746320203,0.1625248898322007,1.02476825137813
2015-04-23,0.14813196868964665,0.25510856155896283,0.8285130041772134,-1.3549231538236148,-0.6173790670858788
2015-04-24,-0.8282392182623352,-0.8571509335183832,-0.7319516081846966,0.6293225635968875,-0.055727184123034235
2015-04-27,-0.4976411397304711,-0.5003890223491844,0.32608377131186905,-0.29298293899370176,-0.8170338038613076
2015-04-28,-0.08264150689745275,-0.5115642750395916,0.22743324545501092,-0.2687896292640965,1.9899431297944432
2015-04-29,-0.8345486175603094,-0.6722831665026832,-0.10725617251033952,-0.9569724881249633,-0.2644714983761496
2015-04-30,-1.3150357104829469,-1.2649121174855766,-0.7167262166480466,0.334383428472771,-1.2439986589123726
2015-05-01,-0.8987238741826741,-1.0087313130359834,-1.368134303558825,-0.1656875461689584,-0.8558399577043463
2015-05-04,0.25648492814610285,0.17906442443915765,-1.1068879203217177,0.21742240674273555,-0.5613741652414155
2015-05-05,0.3294406304732726,0.22372634354816673,0.17204428879398803,0.2702910636453703,0.9909032671757111
2015-05-06,-0.33279755195278793,-0.2639860405772331,0.00652871430241672,0.3504870840793741,0.1286712608519881
2015-05-07,-1.3775355917792236,-1.2976716658694023,-0.9319391770424436,-0.22550638341900922,-0.44021114415983453
2015-05-08,0.8368926256090756,0.5919850156661669,1.9141872383798797,0.2670445294378121,1.934760982838773
2015-05-11,0.47125985887043553,0.5166949291488963,0.6455139572728158,-0.5907377533041366,0.513015850588036
2015-05-12,0.44454158922763,0.46483569485315906,1.367114324213444,0.1052194191421696,0.4567227887312951
2015-05-13,-0.6888684738586132,-0.6483538301846783,-0.08735125519879557,-0.04153334760811782,0.37050638838985794
2015-05-14,-1.1432461064799857,-1.1236143941314467,-0.7034962527912835,0.06670253861238043,-0.31320158525136876
2015-05-15,-0.4789972708958807,-0.5167898972458596,-0.27573908645313605,-0.012602323591835761,0.9132437345267764
2015-05-18,-0.3507516848801995,-0.4630744985437793,-0.5162171499346004,-0.6608766599486577,-0.4453161680721873
2015-05-19,1.044041916491158,1.0375565005755343,0.5194999658975228,-0.15136919932499604,0.421286303761113
2015-05-20,1.5977564934619417,1.638652816227798,0.6514560217379042,0.3707808559949358,0.7469805588197981
2015-05-21,0.4126789020246811,0.5868748906358949,0.5850655597544798,0.49684201759596563,0.12706043847646642
2015-05-22,-0.09995019423017114,0.05655560945756534,0.6755313826623311,-0.19926791537815214,-1.2457811431795554
2015-05-25,1.075376600608237,1.0700219122251513,-0.137465184197156,0.3874041895904214,0.3348450354685897
2015-05-26,0.1987856530106626,0.20659244120163478,0.18021896576972893,-0.03663289182720523,-0.9767067986955387
2015-05-27,0.7530607610023567,0.7382335939842593,0.27610381826361385,0.09501908239317126,-0.46507049260251565
2015-05-28,-0.10240822139052722,-0.0037598050419004048,-0.41757598522830497,0.09597709419426745,-0.49001217255381024
2015-05-29,-0.5519651348569715,-0.5506363250656412,-0.7543811822531262,0.16476765096028853,-1.2036545857160026
2015-06-01,0.02191838288311516,0.026502784221630396,-0.17550466670436352,0.20518782389973525,0.34059867897357177
2015-06-02,0.3194544167416173,0.3021034501782255,-0.2643953971538391,-0.17143561117694056,-0.3670249798581414
2015-06-03,-2.057051999535357,-2.012862221922375,-1.140880254552489,-0.7168237261526262,-1.3301345134005702
2015-06-04,-0.9624022528996796,-1.1104249807792201,-1.048264827528962,-1.1045084417122157,-0.5836629559639097
2015-06-05,0.444815343773735,0.3062702123419148,0.6949515536598876,0.3868524063648644,1.9101118215939203
2015-06-08,0.8937435466511507,0.8801101580584353,0.25964480692660535,0.2532571519767798,-1.8507181840276061
2015-06-09,-1.543669179191789,-1.511637818614423,-1.0339544164164391,-0.19363730534964238,-0.39158880744398195
2015-06-10,-0.16031484815574754,-0.27794984087876573,0.1532284905219963,-0.4735545509695731,0.9459103356880744
2015-06-11,-0.11418484431850794,-0.13712610333725866,0.5515157670712197,-0.38349031344686657,1.3083387251574234
2015-06-12,0.6326003998796926,0.6091626386227371,0.7101179983368202,0.3923366060452961,2.2675866605925945
2015-06-15,0.1841699928259956,0.20349403349394057,0.5228316794684141,0.5884970366185249,-0.5993751139578192
2015-06-16,-0.5072973666452079,-0.5029718563225575,-0.2860769436537845,-0.5282748704567246,-0.7807925893268541
2015-06-17,0.3107624560232904,0.2786131116412786,0.5903174707720411,0.07973704467639661,0.8446716556103915
2015-06-18,-1.131710277577561,-1.1264645143114693,0.1923110331522719,0.007170812826145356,-0.570576391237316
2015-06-19,-0.00681474228218403,-0.06583995488327535,0.18672662928269423,-0.07563239001982203,-0.20832821078043817
2015-06-22,-0.01934085431280934,-0.05021024268256896,0.02036563643360383,0.3012772782998821,0.7133749063698812
2015-06-23,0.21018234919251763,0.20632869437929097,-0.1418480357245212,-0.14103415009039044,1.118213191043517
2015-06-24,1.570786946646899,1.6301817475885005,1.0119926808378854,0.22343524682376772,1.0312847095296762
2015-06-25,-0.31106374749242865,-0.19078666232049585,-0.5092063304450781,-0.3238567338725066,-0.9635285733168093
2015-06-26,0.03585326880844187,-0.01589346782534015,0.2591884737954411,-0.3101106368288051,0.7038038023657166
2015-06-29,2.0557530003985875,2.060986687109855,1.7256410944725231,1.6030084881364128,-0.23972347614031297
2015-06-30,-2.234041188051151,-2.0726366246317878,-1.987345910047664,-0.6520635071320969,-3.0810790368859995
2015-07-01,0.7869959238826927,0.753831980502293,0.5010810887215887,-0.16289272084906325,1.918369280632541
2015-07-02,0.9144421124812732,0.964219818507715,0.3902967211558331,-0.5858377755255338,-0.09497854859561938
2015-07-03,-0.48222508274719617,-0.45988443672476137,-0.430704514621657,0.05597724774259523,-0.3829362981895767
2015-07-06,0.8324825272776784,0.781038169595304,0.4662375936794326,0.7350467839656233,-0.31066000954332385
2015-07-07,-0.48938323759660773,-0.48591286167382436,-0.1933765907988332,-0.3667095774619703,0.8119897512495161
2015-07-08,0.35404637246153703,0.30385387122437557,-0.5421658078689432,-0.042974300287093405,0.09358254175317526
2015-07-09,-0.55312378423181785,-0.5136737221125759,-1.1558987275457775,-0.4655830204087383,-0.903235455541705
2015-07-10,0.07193255324843129,0.035730972018172734,0.0980668395798886,-0.19795886422445072,0.4797697170147312
2015-07-13,-0.5947458116812866,-0.6000647677108153,0.32420627121485607,0.20787208074285513,-0.5450452558613011
2015-07-14,1.2530463436316797,1.2215066116194526,1.036064896047049,0.13257884761636032,2.1754007955554187
2015-07-15,-0.1594915338093697,-0.07380998074688853,0.8347508396944521,0.4055795511622377,-0.3434226959593092
2015-07-16,0.5871975078522034,0.5766942332685812,0.5684341831967712,-0.19194338984928863,-0.36085524856182494
2015-07-17,0.5271865310069737,0.5666099310380446,0.39282797096052086,0.0015411006093611166,-0.026815884452300154
2015-07-20,0.5135896514216278,0.5570771745106908,0.43243235079823944,-0.03015606340577621,0.03530366610822799
2015-07-21,-0.04767126724508586,-0.009753249714291909,-0.2175699818905957,-0.18544465924497183,-1.8270887241935454
2015-07-22,-0.9602785990565372,-0.9578045124490839,-1.0754675173858748,-0.41647636560596385,-0.6828506338116762
2015-07-23,0.11808076001653792,0.04779935488590928,0.49056348644902553,-0.0887002760278371,-0.5286716822665656
2015-07-24,-0.565422696220993,-0.5633693148268256,-1.172514950155778,-0.5540289609613759,-1.2013227502331536
2015-07-27,0.15153177743710952,0.10667776205445378,0.17325967367970405,-0.22570263879501207,0.531924033172025
2015-07-28,-1.066703177972996,-1.0569004092379015,-0.8009054791165414,-1.0622056705672334,-1.454020302947551
2015-07-29,0.21713333881868663,0.13763107593390433,0.5179701793510554,0.18150696941090713,1.862285758231606
2015-07-30,0.7430784423021648,0.7600951948859851,0.6853321809708286,0.08508004815949767,0.9589562512669294
2015-07-31,0.408861573684784,0.4559077054152061,0.4229040109004352,0.2572910998258361,-0.041994879773448124
2015-08-03,-0.2716515269859521,-0.23827559965647216,-0.126422666421631,-0.19158049455889686,1.1332325568286117
2015-08-04,0.11838816679124858,0.1017155845774575,-0.11574318273020257,-0.14475718193812398,-0.2503742019234223
2015-08-05,0.6138438595033494,0.6232580618876835,0.47673546276413353,-0.3267916506538779,0.8384847018715248
2015-08-06,-0.12966808782204514,-0.08344029301816563,0.1072743640276244,-0.2990073169639231,-0.6161472121399436
2015-08-07,-0.21939166953535735,-0.22579574307946165,-0.8091231507381484,-0.47567475979599216,0.07019177252269504
2015-08-10,-0.3469867012575031,-0.3643166085759334,-0.47722091285306073,-0.6587119802116547,-0.49354809060001636
2015-08-11,-0.4726078634827307,-0.5005692987829408,0.1147921593105896,-0.5726509803969472,0.0038505696203744444
2015-08-12,-0.2272104075741752,-2.106731657896315,-0.23500486431195003,-0.7790442511063215,-0.5488655777515995
2015-08-13,-1.071277725580467,-2.2115538325486854,-0.8669182026658291,0.13486400556014683,-0.7948531393200907
2015-08-14,0,-0.35617099823798726,0.01248812541961224,-0.10123783003743865,-1.1944543516935897
2015-08-17,0.6108663255522029,0.6947162872079102,0.82819680185678,0.3506067906239339,1.027909881292434
2015-08-18,0.13524838126646144,0.14314224545030452,-0.2927033081139296,-0.04618670561370553,-0.7356176730897098
2015-08-19,0.4266964851350225,0.4517766358027289,0.9376388111429907,0.4438595344927343,0.3741534239804871
2015-08-20,-0.7873855973152228,-0.7840336979105105,-0.6714009466112775,0.36997558570324857,-1.2507338794798573
2015-08-21,-1.0640791683302857,-1.017715777443638,-1.0138862246170322,-0.4113106761285366,0.34875804477485417
2015-08-24,-1.2380699998706506,-1.3146102795475312,-1.3211889093045326,-0.04274175909429049,-1.5204816160457004
2015-08-25,-1.7953830837384814,-2.1389748469529284,-1.2546091624290296,-0.26155278851258074,-0.3588435829862311
2015-08-26,0.27761238762401735,-0.01939681508150823,-0.14864779774407433,-0.4731048475029514,1.951009613221831
2015-08-27,1.842617125377798,1.8708099323490115,0.4708245074355961,0.4332453132159136,2.97812920260007
2015-08-28,0.8154170208421319,1.0480923788124807,0.375149859467343,-0.6215072833623811,1.7278679635220282
2015-08-31,0.3021153701261521,0.6455942640598763,0.32832185954880555,0.6841650600452259,-0.08171475433589936
2015-09-01,-0.10547203374022626,0.13396094867471856,-0.462529045108248,-0.5512982877672215,0.1283895600267575
2015-09-02,-0.6001322367030134,-0.4027577584958412,-0.9773547173488002,-0.11460723603700582,-1.4281728100122604
2015-09-03,0.6876618169878193,0.7921750279696207,0.7060338558089689,-0.3724054894778574,0.12528615178981628
2015-09-04,0.8065322762655712,0.8673320044953831,0.5054255165764582,0.3431302228119828,-0.7264000303823606
2015-09-07,-0.23391370417215832,-0.16734565002193397,-0.6345123861161442,-0.07678303997790312,-2.548861770199954
2015-09-08,-0.1071261873494093,-0.27742415624275524,0.4309189068521207,-0.5146425130797825,0.9912388861677242
2015-09-09,-0.38812977792103925,-0.42987879982855637,0.38665597194584433,-0.673489615301046,0.6474079886328699
2015-09-10,-0.11886876448423608,-0.31846474964784877,-0.40494184957029966,0.09240324101831006,-0.9982751725976313
2015-09-11,-0.6235746284049486,-0.6385887582209917,-0.07687520885395316,-0.48594752631600535,1.0802008262536844
2015-09-14,-0.4696768975418475,-0.48412878208245086,-0.4310546999496134,-0.10391145374697568,-0.7893098385290576
2015-09-15,0.3216576379333307,0.39610451989254447,0.1858041830717144,0.33992281114503503,0.4980680501067898
2015-09-16,0.31724888166511833,0.31462587532858366,-0.21664418796427623,-0.3408699999163966,1.5679374222106788
2015-09-17,-0.1793859106660838,-0.16938492516600032,0.942458398671824,0.17757245533717694,0.6916826977585571
2015-09-18,-0.9599021060692629,-0.8958399873074512,-0.6319365896196154,-0.17496323894658486,-1.2347387079801564
2015-09-21,0.95990210606925,0.9178948240475426,0.7017950275710227,0.1633452022612066,1.3270281783408246
2015-09-22,0.899302066159814,0.8942424254240487,0.7658474595705734,0.601984792401401,0.70381001899604545
2015-09-23,0.6291828337582616,0.5893642971739166,-0.37073990141404456,0.23947391503792526,-0.6326392163557771
2015-09-24,-0.6202238453062332,-0.6958713682453207,-1.285900297682636,-1.0112345489754038,-1.233563420984543
2015-09-25,0.09842059939977615,0.05128924073088231,-0.06616250675330607,0.1698040229977644,-0.23903409673512843
2015-09-28,-0.20366200096588968,-0.05526751624877078,-0.3694966530860679,-0.36987920350321285,0.12354449909215118
2015-09-29,-0.26134625229994923,-0.1822730030486147,-0.5027657228396576,0.16771489389102445,-0.7288627038545048
2015-09-30,-0.22149734776488128,-0.1536784057205561,-0.2685001347522299,0.12471572016441368,0.47752563906427475
2015-10-01,0.7479690014691828,0.8385345446795343,0.5238872862832523,0.4008063841619214,1.4002341879951614
2015-10-02,-0.1912209736439214,-0.11110780875307552,-0.0913492497223,-0.42202575922974067,-0.3644447922389549
2015-10-05,-0.29931490057348814,-0.30784246624759315,0.0631562964650817,0.19740274592760398,0.6956631989499004
2015-10-06,0.2836394471725645,0.2600124233146925,0.02567578926021163,-0.17820141584164495,0.4949057448823967
2015-10-07,-0.6480564550660398,-0.6281004048047403,-0.18018810982392983,0.14500377649483123,-0.18762469692049
2015-10-08,0.24871492521570657,0.20050798537941322,0.8351064547018644,-0.3721025888956771,0.49482067453094913
2015-10-09,-0.4167448837163804,-0.3603818547402237,-0.18366641870035855,0.28654420251499824,0.43435259614150146
2015-10-12,-0.7329512343022969,-0.63125821838125,-0.9170054634783132,-0.21240451228127508,-2.738289647309019
2015-10-13,0.12726934624084515,0.4314332692378326,0.22385456010093263,-0.0739003814479463,0.46580466639241647
2015-10-14,-0.2592459398693962,-0.5313850037476133,-0.7809068648729656,0.17353733775154578,-1.6322895620163085
2015-10-15,-0.7921078428440044,-0.9181278976470266,0.6525358661355555,0.1218593870306367,1.1579275227262098
2015-10-16,0.9400012897170232,0.8931998470598141,0.8873832766666097,0.7251145947946701,2.0203354316381255
2015-10-19,0.062507066072948,0.03011036545949109,-0.156952079957986,-0.1133063699491301,-1.1261947790243183
2015-10-20,0.2824871024467399,0.16661719931626512,0.5019462484776751,-0.0560044578618549,0.32704125404492795
2015-10-21,-0.22002493549996752,-0.022815570902334388,-0.36844576243023497,-0.1979388070656884,-0.23604730247188915
2015-10-22,0.05221643768558082,0.036262938532403644,-0.10678076071187816,-0.27799157583503886,0.10146428038862226
2015-10-23,2.3817388268472106,2.2473786542925245,2.1167926017284735,0.8767775460713843,2.8310965060439517
2015-10-26,0.5481047552843709,0.8608945267988614,0.11675309741398648,0.0341049746700759,-2.1146173460542323
2015-10-27,-0.413010864198937,-0.41159902170289747,-0.14921062910114713,-0.7971765848841528,0.2928170671364994
2015-10-28,0.2619226557564932,0.23033227765112296,-0.03097308980107596,-0.21820681780417756,-0.646564195555806
2015-10-29,0.9840625188651024,0.9056255571887895,0.714913358558109,0.29484066986788227,0.011251225246462104
2015-10-30,-0.5919154238923504,-0.4814550140014411,-0.25230712218475815,-0.11088596919717543,-1.4838987225748443
2015-11-02,-0.2917677381930357,0.2813269760368992,0.4742880555998111,-0.06307805364365127,2.4599155399491144
2015-11-03,0.09037246235672183,-0.19352406569343308,-0.02383282904371894,0.0016841903590390447,0.30996704342939685
2015-11-04,0.4736716343411827,0.4793715586496385,0.44282117522203385,0.05005916108998072,-0.28083909781451677
2015-11-05,0.8787217746186456,0.9186720314149189,0.6892516977141683,0.671952056516598,-0.6462201439467808
2015-11-06,-0.14681930105341662,-0.2390036642325291,-1.3233618967453027,-0.369047379134239,-0.458695337789067
2015-11-09,1.3931956563694778,1.2660158355675832,0.3687338673201137,0.36055102867780103,-0.942568413377189
2015-11-10,-0.24287883395187407,-0.2890711869361693,0.1946745681825424,-0.009981539559591699,-0.659518814719972
2015-11-11,0.20422502320260943,0.18833697619933396,0.3222369405162542,-0.0076704594583852995,0.4101348823129383
2015-11-12,-0.23650527187023904,-0.31175019254710007,0.3312989667477628,-0.07043317809752384,1.126151638675681
2015-11-13,-0.4822630486339007,-0.5344999481253142,-0.4198243469161379,-0.17014145868811623,-0.31455282594639844
2015-11-16,1.069275037365291,0.9575158671879798,0.959650747513742,0.2985952450348456,0.5198004821230756
2015-11-17,0.11228693571086612,0.22664410961222603,0.02710856558344483,-0.0330662280327421,-0.18145877714690278
2015-11-18,0.4138275014857833,0.3149593146256825,0.5127056911988311,-0.059202727818937984,0.5875202806705521
2015-11-19,-0.2450988884636547,-0.31979915846889384,-0.1186932608482085,-0.713547618424837,-0.43582136813218514
2015-11-20,-0.5252744456065204,-0.5200147234156209,-0.20473711969702396,-0.016842656901047,-0.3608913686082259
2015-11-23,0.7969876742935642,0.7257011540704367,0.1523709775967424,0.17783077593895533,1.1302774877515778
2015-11-24,-0.00957794586280474,-0.02131019641761283,-0.4112940083539736,0.09946450355679418,-1.3580218365721408
2015-11-25,-0.01703639436058494,-0.026505198004500134,-0.3025710778165287,0.0829426167216597,-0.9088242403521742
2015-11-26,0.1775965349699681,0.18496520050725251,0.4268237927251366,-0.2967431864114303,-0.11960226139258634
2015-11-27,0.1931996870375981,0.20112461241117352,0.03604395048154044,-0.017074898174344603,-1.350009241917494
2015-11-30,0.2023368387284528,0.13316139452169823,-0.20152848081979335,-0.4585527263217949,0.7802598668459524
2015-12-01,0.09520531335438057,0.055327209935821964,0.22161969887188737,0.18824967592341227,0.6762682039762852
2015-12-02,-0.4992348211680491,-0.504385603762158,-0.36663906777928534,-0.2622909518173689,0.4341600454060385
2015-12-03,0.12105663794157022,0.08234485512967277,-0.7377071803806994,0.8560738794555196,0.3599533274595128
2015-12-04,-2.8145351066815345,-2.7878596856336255,-1.5781104855450727,-0.3688905164215957,-2.628997270875181
2015-12-07,0.2932119161395955,0.022896557914028087,0.14499437720563746,-0.03504612258953755,0.9457111259042261
2015-12-08,0.4604150170523311,0.35114036381446895,0.0471894267786621,0.0826009741593415,-0.1873717897021107
2015-12-09,-0.5518830791552617,-0.6654959080321265,-0.8194231139332211,0.19624631284731278,-0.32272665138708406
2015-12-10,-1.131732652958259,-1.3512338159778776,0.0201413544965648,-0.17890092349327785,-0.6541267562070923
2015-12-11,0.6359136923268307,0.37962758131009644,0.4841957545084667,0.14499382269424402,0.9407468616145207
2015-12-14,-0.3267869655122675,-0.56953416658202,-0.07631291111974292,0.08944609766791485,-1.1305758514286235
2015-12-15,-0.08241666465541471,-0.1835149049284891,-0.3344161381922454,-0.2625309939632805,0.14329573853050181
2015-12-16,0.517538295051523,0.4724405604344743,-0.2571892865229923,-0.023079181129644674,1.9390434381133415
2015-12-17,0.5659766499341446,0.41174984825669714,0.12766507468176638,0.3516275513407083,1.5646942948281453
2015-12-18,0.28018158381321295,0.15100715328215147,-0.04282259661196614,0.09966765111497751,0.6071897205858803
2015-12-21,-0.23778158541477223,-0.19220034072819803,-0.38100289013043015,0.018801474757655152,0.019064487313950274
2015-12-22,-0.3953527159131551,-0.3992869679302236,-0.4713615017785938,-0.4875904778709153,-0.534977529232887
2015-12-23,-0.3388767822637806,-0.33861158927530516,-0.8337118127246572,0.13773663027071226,-1.2201310711539266
2015-12-24,0.3737947804974784,0.3632651069245239,0.734653929715415,0.08712913866973387,0.6531830552094245
2015-12-25,-0.5557304914586128,-0.5201157305554349,-0.3054850594083007,-0.13681181653682867,-0.9957120052412941
2015-12-28,0.03619326066660165,-0.0037258152311470186,0.15557709775078818,-0.03258939029561688,0.11144073620119033
2015-12-29,-0.08447402008170711,-0.26087963849740964,-0.3394868009987124,-0.21765303596141133,0.3866780334046086
2015-12-30,0.4314956798066346,0.47168924605840123,-0.05139493609776582,-0.02128944029320815,0.46332344625053345
2015-12-31,-0.05465898145392292,-0.11725425885718183,-0.07540293164856865,0.3493598043361055,-0.5607092583435509
2016-01-01,0.6875676383504505,0.640009137275269,0.140756133448973,-0.6660015884063335,0.9528823569677708
2016-01-04,0.04668877623842392,0.09580971572406613,0.03783972980232768,0.2031776288429634,-0.3272246915145798
2016-01-05,0.24391094133951727,-0.3898331069623385,0.08781580966446809,-0.06978609622151047,-1.5288380955704837
2016-01-06,0.7002590122124698,0.8682292768182744,0.4269557320860672,0.08248499973592714,0.3488711353133134
2016-01-07,-0.25084301533167946,-0.7079789171465698,-0.5512027295567885,-0.17022250257980906,-0.8064536735520845
2016-01-08,-1.35434529329646,-1.9601108288783855,-1.374824098924792,-0.009743473621159226,-0.9213452001704728
2016-01-11,-0.1377608849560642,-0.342874146366509,-0.8374091645525729,5.718460524559257e-4,-0.7117862778583501
2016-01-12,0.7618612402873693,1.1463166703135539,0.8926805114370912,-0.20291135832522028,1.5737573343855886
2016-01-13,0.12912976103600723,0.17138856909373085,-0.6142185327841806,-0.037114211373244166,0.6588864587205832
2016-01-14,-0.38679156615932214,-0.4178200273073951,-0.5829290469015478,-0.7216082824714287,0.061576141645375504
2016-01-15,0.2489778430947812,-0.00826157951107253,0.38162704481560306,0.2832764166201995,0.846724042772444
2016-01-18,-0.5608046878191,-0.4808609659499541,-1.6270332139548995,-0.2459845292820785,-1.284918570719106
2016-01-19,0.2290629757254857,0.2834551588691231,0.08214505545735765,-0.13863205647498625,1.2840736824780357
2016-01-20,-0.16465618643456256,-0.13833487555683655,-0.6622792757712339,-0.025508206899769573,-0.47828278666074286
2016-01-21,0.3301209627305102,0.3225526797091874,0.4436477097387793,0.05606939134086466,0.27908460615546365
2016-01-22,0.13803457266921998,0.13843048329936977,0.3370126564190753,-0.12734901206850335,1.0979503447465904
2016-01-25,0.5816008700090712,0.6059291174010147,0.8151918844744807,-0.26605821257606516,0.6895071047152368
2016-01-26,-0.4990796058909801,-0.4571399952132895,-0.6187948398308363,-0.17298440350645522,-1.3521642445233841
2016-01-27,-0.10966944054516985,-0.19193846914408713,0.5906831131988274,-0.6293719599569548,0.3691902310953602
2016-01-28,-0.3951831818423251,-0.3383760732021179,-1.0527925245623222,-0.16333973454604853,-0.3686456338298537
2016-01-29,-0.2654208220369748,-0.2517934576666694,0.5242339007480723,-0.27388128138639223,0.5158890433905624
2016-02-01,1.020669107372121,0.9876320694191291,0.20963669490678857,-0.09028077025483036,1.1842443726469045
2016-02-02,-0.6571266280479856,-0.6163445045521468,0.611664093671858,-0.22669317568905134,-1.0374416039483485
2016-02-03,-0.2269200208206291,-0.295536498071121,-0.356690751809655,-0.20808227179057,-0.4151058928857827
2016-02-04,-1.5353470236526667,-1.5154014027057294,-0.31758350993053563,-0.2640368960445842,-0.39728569924372825
2016-02-05,-0.9774485442781018,-0.9078078622283197,-1.0095326718325668,0.1400070230282921,-1.0186562819688358
2016-02-08,0.4915944830655777,0.2831872160073253,0.01737372218643684,0.4957140180980999,0.5017929898429552
2016-02-09,-0.4009114545849889,-0.3791767303592822,-0.926315226079348,0.13787048726946877,-1.6512939737696546
2016-02-10,-0.8913151031064458,-0.9204170582842062,-0.6846639602379267,0.5270386371639132,0.03292915956511511
2016-02-11,0.08012091767714379,0.009478565891335361,0.4976120481416856,0.014842888369094934,1.3204666512858592
2016-02-12,-0.3276830852963383,-0.32695560183642836,-0.6322826924149338,-0.22791217766639715,-0.6539027781993465
2016-02-15,0.8160901062795162,0.7909961421516395,1.0625963821254512,0.1914709019010389,1.243890390458659
2016-02-16,0.463681403340466,1.715202326075075,0.05800136715763951,-0.3135828696387594,0.10158266113401848
2016-02-17,0.2421775900273372,0.05518941248866749,-0.8378528136271022,-0.04347680064042286,-0.6011341186286976
2016-02-18,0.2160220446332699,0.04520908886991164,0.06022086409215584,-0.2305148701068442,1.2726278327756626
2016-02-19,0.10783221427478674,0.2571522689256553,0.46838269433151536,0.020423654027001043,-0.7153473591912523
2016-02-22,-0.11673797064114844,-0.15229773335691188,-0.5871874509831244,0.10643948689168879,0.5775682885009455
2016-02-23,0.8661347569662821,0.8636646570729793,0.03644833945837113,-0.04775686986919368,1.2186914922418304
2016-02-24,0.00882107138321663,-0.006250639616193127,-0.947238592620894,0.8409663962086888,-0.7644034995694684
2016-02-25,0.11901997880273016,0.04798085804477037,-0.48175153793711617,0.313815399653255,0.2569720583672429
2016-02-26,-0.10027261813617096,-0.12418735120440054,0.16473490271237634,-0.18091758048334447,-0.22829051821858407
2016-02-29,0.9207485427379962,0.8055041204924605,0.169388148671759,0.24924475556585615,-1.4529722199332555
2016-03-01,0.32064723483806046,0.17442441530705488,0.7958483673006934,0.2289343809800326,1.259241621570259
2016-03-02,0.11970813592380374,0.16213671676634647,0.37771098523582014,0.2430506317044462,0.5346031953930959
2016-03-03,0.06415231696557396,0.09341292511142996,0.8984853927950808,0.10167111816690304,0.0023676076393384093
2016-03-04,-0.7330846721414498,-0.42735376788979984,-0.06767430696533175,-0.3033184262670556,-0.4569184092205305
2016-03-07,-0.41033255348682873,-0.0836689655537177,-0.1278495146335456,-0.5655082951576023,-0.4476040543328379
2016-03-08,-0.20028926766375985,-0.3405123375325098,0.12433886608490968,-0.35290855406041366,-0.5892250429184118
2016-03-09,0.1089990349758906,0.26900038758289296,-0.2611090645920098,-0.024350919921297263,0.050812376977822926
2016-03-10,0.13636455184837082,0.029298161520159897,0.12500391409662395,-0.06473433961257555,0.5845486406079727
2016-03-11,-1.7090344189194666,-1.6391052317513635,-1.1419936202304155,-0.34957541191585334,-1.8617790583218436
2016-03-14,0.09385721430363364,0.17292356223496896,0.7374402751037121,0.24545451140939134,1.3146415058921976
2016-03-15,0.59237805074355665,0.5332091717569691,-0.09120320303533055,0.13118050876985865,0.5683011765281352
2016-03-16,-0.06329992917970785,-0.24554953894702025,-0.9477196214451497,-0.0790805597428793,-1.1313168249053527
2016-03-17,-0.9846507020469988,-1.1187377222576842,-0.28857844171907987,-0.08094927467410404,0.28015512259162656
2016-03-18,-0.8789321158289456,-0.24043507620999294,0.6726036371234735,0.21879590498310442,0.005726069766634992
2016-03-21,0.34461334408439537,0.37876961075514815,0.27514547388593813,0.09514247679408996,-0.4174184285187658
2016-03-22,0.3827515405122491,0.21083562000802955,-0.29638369970235406,0.22629602401889212,0.7721473869380582
2016-03-23,0.11565874563951944,0.046924296963361284,-0.8994471940575954,-0.1011087061171061,-0.19073797919944724
2016-03-24,0.3741546480633494,0.12807092976292478,-0.3882334163162307,0.10912719396638684,0.2909490459008986
2016-03-25,0.11732641801255483,-0.002064370233211047,0.21053478646991908,0.04096512169806293,0.13222645803868077
2016-03-28,0.07144684537660893,-0.26329414923909944,0.07851643358024066,-0.17006735869297565,0.015141533466607043
2016-03-29,-0.3823944772183075,-0.011117775322311922,0.5489302105643632,0.10397410288629835,-0.17006328775182022
2016-03-30,-0.794059446678336,-0.854886309944009,0.06541785536887323,-0.07501594981612934,0.07732037340942197
2016-03-31,-0.3767316237481874,0.32617658456834264,-0.4630119976889554,-0.23694157515866154,-0.18528263148503113
2016-04-01,-0.39636544882740105,-0.12160561801949733,-0.4452171547620023,-0.0034281945765382137,0.15358904206730847
2016-04-04,-0.09107559348322002,-0.5590490300033121,-1.087484736172455,0.14213837347388586,-0.3704872631136002
2016-04-05,0.00910592102152656,-0.03380130009911291,0.29257753743364584,-0.024107779966103565,0.4772348854314743
2016-04-06,0.06148142788690369,0.07898407604927994,-0.7030398112420584,0.2980576434512731,-0.6780817267967607
2016-04-07,-0.20166256500931493,-0.2512515355573394,-0.3304090131215841,-0.1119902488299217,-0.4125892002138889
2016-04-08,0.27220544688354453,0.5299279857979758,-0.29593759061331515,0.20208717825053144,-0.3494119112801667
2016-04-11,-0.2551038747934321,-0.2578127750824419,0.2565048780636335,0.029905652197376065,0.4724185336746911
2016-04-12,-0.08669027018344032,-0.008843610296940899,0.6465195069000509,-0.16420988552825524,0.8508488603702329
2016-04-13,0.2450709661607087,0.14986057411799672,0.4901975946303589,0.10657696196535937,-0.04321568565410405
2016-04-14,0.9348813403846672,0.7482986846729708,0.39412702295695456,-0.23664071984523888,0.6867582940889292
2016-04-15,0.08005065896721089,0.07257316610339394,-0.24442738685700585,0.08749713929919074,-0.23870529362241721
2016-04-18,-0.26520823752125544,-0.1514319754486904,-0.06554396434315961,-0.2758621188408289,-0.4184881289154083
2016-04-19,-0.08026036804260772,-0.08569502301439497,0.7309529147092588,0.08239136294427346,0.36511118509563745
2016-04-20,-0.44656517299040766,-0.18830112986786962,0.2489081269414317,-0.18188674698489798,-0.46938806105235337
2016-04-21,0.48162041117914406,0.27040344365206737,0.1296998129088166,-0.5062191731278614,1.163651737654784
2016-04-22,0.1152469821155393,-0.03565452820797674,0.00345730307805036,-0.2712809141070338,-1.0350086263270213
2016-04-25,0.5147167740070061,0.21729000124911077,1.374920753695353,0.10445829010876075,0.06578874817355196
2016-04-26,-0.3105379013688498,-0.1705314639189701,-0.00669498624204422,-0.0013698200596118642,-0.23093537265327088
2016-04-27,-0.26630825328958424,-0.2871119066057344,0.32958589537082905,-0.16464147267814092,0.43683729508673963
2016-04-28,-0.26474861804814953,-0.30991953988034615,-0.5064396633660655,-0.01331560290757558,-0.3178064858364137
2016-04-29,-0.2370534440148937,0.034123445796903046,0.23814230493841465,0.20728191419073802,-0.1745627437443738
2016-05-02,-0.9389838457966364,-0.9085216984190009,-0.9974170906209852,-0.18451305803502882,-0.14262006060619536
2016-05-03,-0.5390668042069995,-0.6087961826959167,-0.10735337004387668,-0.20210088393772083,-0.906931451008774
2016-05-04,0.18193263221849823,-0.13824153679972817,-0.605449268569707,0.29573531027334665,-0.9460831045965291
2016-05-05,0.09543129523783202,0.038551827135824425,-0.20678069773251576,-0.2609108781374521,-3.232418430046145
2016-05-06,0.7602457630280198,0.6291289494961233,0.6616548924056936,-0.3990677910581409,3.1192641220773822
2016-05-09,0.15841240747149696,0.25753418231626046,-0.26965787933841295,-0.35732020579270224,0.5721450738830867
2016-05-10,0,-0.23721148603875591,-0.1067359716971248,0.09493674351958338,-0.18043698794186036
2016-05-11,0.11951133129710016,0.07979204708813498,0.36922083960734015,-0.3387282417179229,0.8141302531099387
2016-05-12,-0.461731340473866,-0.05068990976661836,-0.5527418855913545,-0.04610204094152932,-0.12951368939372776
2016-05-13,0.4389807118385391,0.05321769616167096,0.4866420114442984,0.36742577426629297,0.8513355451561475
2016-05-16,0.5287602378223825,0.2995205702546832,-0.1378324450858519,0.016768661384936295,-0.0042956556251242395
2016-05-17,0.00792164899649942,0.041643397747379976,0.6860754181266339,-0.26248734805946294,-0.06701850437241907
2016-05-18,0,0.0446052378233526,0.0578018843569678,-0.2389041891889163,0.4408218147801218
2016-05-19,0.8260434177257251,0.6731135020409621,1.7963456817393233,-0.005896120264656167,0.17477260443601444
2016-05-20,0.15140235000182034,0.077542936927778,0.18497185832700525,-0.13805007321742102,0.07797925092885011
2016-05-23,-0.14018498908453375,-0.12963794085178976,-0.8994680135472907,-0.25004152820516456,0.21380188103388267
2016-05-24,0.05049370131428468,-0.09705012248562844,-0.0103443006040791,0.14005490390849723,-0.8415987546013828
2016-05-25,0.6985559794362832,0.66819218362275,1.5975630341302167,0.3198687940210075,2.3898621323057103
2016-05-26,-0.1884086903243683,-0.08975895615971205,0.3963383511608348,-0.001081904782912682,-0.6135424043451427
2016-05-27,-0.29614821769575334,-0.3473440502855104,-0.523717252904707,-0.1375320010262593,-0.5866915350944911
2016-05-30,0.735953564240893,0.6131141863094032,0.4737952044493709,0.158512355615365,-0.10805914900313052
2016-05-31,-0.34500379850849106,-0.602671763978668,-0.286477895867608,-0.025762787643952862,-0.5156624920646451
2016-06-01,0.1114291715511548,0.07126030802150105,-0.9367854522608894,-0.08805579625712484,0.2691317573108421
2016-06-02,-0.4755235777335742,-0.3513204771419607,-0.9119340065035504,-0.035056737615653824,-0.8320212953574001
2016-06-03,0.33176414112727187,0.161722866039486,0.23519699810328068,0.12093345406540912,0.21620930767697358
2016-06-06,-1.768643268221706,-1.4561378282083814,-1.9183473352621276,-0.3470364564283526,-0.32446589113121005
2016-06-07,-0.11471163366166934,-0.2112147004629695,0.40734752860828694,0.47297591812170625,0.025000389110062138
2016-06-08,0.054531707309719,-0.0790987119303994,0.6360299459972517,0.5737861789933546,0.4669930789014793
2016-06-09,-0.4325389924927379,-0.3013473365344958,-0.6054587060337157,0.2788698321546058,-0.3884724726134057
2016-06-10,0.8100387014143706,0.7945369559364326,0.43327069760828496,0.18405332614522646,0.8505468026639406
2016-06-13,0.665374936437837,0.7263559435181682,-1.2542295478444838,0.681056947497281,-0.7289912263312253
2016-06-14,-0.452880509496146,-0.7581977472718645,-0.3265242081806382,-0.2315196697674703,-0.07805599177083822
2016-06-15,0.6931253741881315,0.4708215782956801,0.1066975859378548,0.6359336940119122,0.3371045524998675
2016-06-16,-0.441647802452403,-0.18207984075510833,0.06809859789238534,-0.14722101983326277,-0.21228143336975314
2016-06-17,0.09456404670405592,-0.07449205269149606,0.7954564879130358,-0.3147717164932759,-0.0653819402462745
2016-06-20,-0.8588304743647768,-0.8098435967340106,1.1511906694377647,-0.30637576832147656,-0.2566085617903747
2016-06-21,0.23012116407545388,0.33988868031469066,0.8387540956034664,0.06557079621081763,0.7432307627640059
2016-06-22,0.6410844372746648,0.4663737407323285,0.6088054437983663,0.5915710239997496,0.17363967103619227
2016-06-23,-0.6875235761559053,-0.45702373247143313,0.12112986842988392,-0.4303053138556004,-0.07873754111575837
2016-06-24,0.03737486607473948,0.005347605388575566,-1.5399778995296718,-0.18373871403890635,0.8569293349438878
2016-06-27,2.576700717478968,1.9017915899329854,-5.331776511330025,1.4508924258831746,-0.4427260163493234
2016-06-28,0.18964523546686693,-0.11408729349471167,-1.4287955655843323,-0.3839023584787783,0.19206351109651504
2016-06-29,-0.5334508808740767,-0.4894953186477322,0.338559071607404,-0.7016092508082913,0.15754824594355205
2016-06-30,-0.4873297031417797,-0.3545228542754345,0.3694580574351899,-0.37438649584404116,-0.2685869939761254
2016-07-01,0.19788422459704091,2.98666830615104e-4,-0.8256467288970982,0.4938268275520289,0.1723261978153532
2016-07-04,-0.2245976431180323,-0.33899727087840714,-0.5160710187507064,-0.03571517017232267,-1.3315330135845875
2016-07-05,-0.13477567694009543,-0.3051463598172021,-0.21050135012052745,0.21688793428541764,-0.1421273142225722
2016-07-06,0.7296200089325063,0.49006466816215033,-1.724679560777646,0.12288291616313075,0.03981049492107025
2016-07-07,-0.3069620985244139,-0.4685592932928232,-0.5541515465780227,-0.08661956289915981,-0.8019380291059459
2016-07-08,0.3003258186911727,0.44258540427615045,0.2215161123646416,-0.0979581134250032,0.7765709887709815
2016-07-11,0.19677597091128585,0.1258698164591427,0.4321166171415705,-0.24468255312295475,1.6168249125791077
2016-07-12,-0.12708383822000857,-0.20423320249953902,0.14256090476474462,-0.10439512526515805,-0.8145542334010081
2016-07-13,-0.04424348430596182,0.019408694315880357,2.2191211520362986,-0.7063680745919305,0.6262176745914351
2016-07-14,-0.2891533329213887,-0.2532226319974579,-1.4902373761707413,0.15946878646677015,-0.9794653460920848
2016-07-15,-0.09990572450505784,-0.07889313215074538,1.6991557945306202,0.17106372737913345,0.4497448021424687
2016-07-18,0.477522469142353,0.43401965272649035,-0.4875917399844656,0.20938592913691212,-2.608235102925725
2016-07-19,-0.16924751736727114,-0.5619248829943497,0.12753261811461702,-0.07242874321227806,-0.24630226454111614
2016-07-20,0.5278364506678717,0.6220162780002456,-0.6894477276900126,0.17567665841745544,-0.983114909703924
2016-07-21,-0.05398559400755064,0.2749430006237258,1.130132812290897,-0.09697740876546256,-0.5940045047333629
2016-07-22,-0.12128279705788846,-0.06722258865413805,-0.26045449220854094,0.007307487130289994,1.604740491587451
2016-07-25,0.5676765339448323,0.2707782185760943,-0.3145905541882704,0.23020130927735769,1.2469590485925353
2016-07-26,-0.1888643576762447,0.050269342982211924,-0.35547271740886405,0.0315958077781856,1.1563050541494504
2016-07-27,0.03076370375862467,0.17844820872616207,0.373465019867142,-0.5921952997527863,0.08316525864269797
2016-07-28,-0.7765382015010042,-0.719350710222158,-0.1326155749388688,-0.05941136155512287,0.35354208099797535
2016-07-29,-0.09860471480389518,0.006813966890126907,-0.674104237491953,0.40170679837587914,0.011603713531759638
2016-08-01,-0.7521339022459549,-0.544072090158795,-0.3393193156238618,0.27177838579326524,-0.2180967586467179
2016-08-02,0,-0.02971099058295737,-0.2336523929741295,0.12825383872562576,-0.29339231842198743
2016-08-03,-0.4555674861185217,-0.26493104186403915,0.6928576064716758,-0.11724886732267206,-0.6294289703377163
2016-08-04,0.6039944627668572,0.5519856409133371,0.5306693724264292,-0.20762419974316978,0.09530369492043139
2016-08-05,0.15043550709452289,0.07372695883213173,-1.352283258975672,0.02645129138560431,0.3034208404797018
2016-08-08,0.406703635760509,-0.11346226330936247,0.07508146372151751,-0.2902336365317889,0.8810878205903117
2016-08-09,0.05321441129649879,0.2439938696702298,-0.35552265388920457,-0.202682999671616,0.3575620755630802
2016-08-10,-0.2897073921605638,-0.19287825290687696,-0.483705614287912,-0.17274874771899626,-0.08285566291659846
2016-08-11,-0.6333835466558888,-0.40748715866186846,-0.5331786077837614,0.118867406371013,-0.32604779179889914
2016-08-12,0.42418899444098057,0.5919355112917697,-0.0784317504662635,0.28081474784601335,0.11705527257495996
2016-08-15,-0.2498230611289278,-0.4892244799617778,-0.5977066017622821,-0.23020109721493093,-0.5663101877556391
2016-08-16,-0.15310376736967982,-0.04758244094096292,-0.36073220143099927,-1.056353311212534e-4,0.273728708734407
2016-08-17,-0.8186617742293081,-0.6624426197367156,0.34368230875338757,0.3288129627534317,-0.5622162726880862
2016-08-18,-0.2031767571488209,-0.3927895104957492,-0.11972494873923845,-0.1889117011930061,0.15578123969307905
2016-08-19,-0.4461649861066549,-0.14413814263952035,0.4843149292204955,0.259911814734324,-0.7477275425951797
2016-08-22,0.4529491868557668,0.10368258253835716,-0.39009443665942833,-0.32170973380568685,0.4123104474678527
2016-08-23,-0.1866033854521661,-0.3759089249904195,0.43286586603729144,-0.2640247455852198,-0.4109267982821871
2016-08-24,0.16287651923311203,0.2348665523116312,0.6105383004022767,0.03905244853247364,-0.016848154046123276
2016-08-25,0.32830789730671106,0.08165536972595991,0.6190493714726562,-0.08822978701244823,0.5123024021541291
2016-08-26,-0.23681928133100727,-0.24556860821671062,-0.5407598328816561,-0.23849174301726553,0.34100708007512265
2016-08-29,0.8096322643500378,0.4983968017471697,0.3095051646191753,-0.32496878437682025,0.19814833935279863
2016-08-30,0.05933771387030633,0.15300024732505518,-0.09808193460530425,0.023774449645989865,0.062118878801381644
2016-08-31,0.3541916776530833,0.28806590135108084,0.22320002476871756,-0.2260317694510653,-0.10985224651416547
2016-09-01,-0.06693982424095372,-0.0029083971506313165,0.2608625814031075,-0.15357050535416686,0.07091312044202527
2016-09-02,-0.3577972791365497,-0.21715382241884298,0.7117307635025155,0.007000735650630915,-0.6531762919213557
2016-09-05,0.3466254170083468,0.1561496639733162,0.4927584745033793,0.2690538489439334,0.7435815743443444
2016-09-06,0.07811168636915884,0.14849902884889532,0.2244523366858586,0.04732827830322484,0.03686138998610855
2016-09-07,-0.8962688331043719,-0.8609049652248051,-0.09423285696664588,0.10850654237310596,-0.24585074053594408
2016-09-08,0.11246487850704474,0.22184550989460683,-0.5030045802863589,0.12267085392721618,-0.28294654036105277
2016-09-09,-0.2701434912708402,-0.25611547161701914,-0.4833242731582781,-0.5060521127769708,-0.9483687600940157
2016-09-12,0.2690299874225954,-0.006952054839813081,-0.0101028297110573,-0.06456421166557004,0.06490883445128404
2016-09-13,-0.02136626736841431,-0.003930904529575344,0.4709473316526641,0.3025374202982017,0.004833113310072967
2016-09-14,0.22125315318557304,0.255392014736957,-0.8665791191627698,-0.36062229846003496,-0.027642630041832816
2016-09-15,-0.2549845355210391,-0.18744078065444408,0.2741947513861864,0.082308147974068,0.11806706792778855
2016-09-16,0.01236967916569032,0.02796362457369337,-0.11356616686058756,0.19939766640906825,0.7354534883429716
2016-09-19,0.7807775057992287,0.7904147915846141,-0.9814411395321831,-0.10038560000321232,0.5030530543695917
2016-09-20,-0.19881070230172268,-0.07066543863385778,0.01879625506286938,-0.25883589757348985,-0.18696952558556335
2016-09-21,0.23897728248439176,0.1840667697947438,-0.2165478704643347,0.31839281225763605,0.21325291860215617
2016-09-22,-0.3508451907177939,-0.3981778207690766,0.03948233029223245,0.2239718021241349,0.2859438421523938
2016-09-23,-0.15122434449736624,-0.034822925166772795,0.2406188130679295,0.2851362085087604,0.050220004092415005
2016-09-26,-0.25929422921410106,-0.16287668572392544,-1.093393028501331,-0.295054468057837,-2.0889419001997354
2016-09-27,-0.09444893031245596,-0.2645488077618965,-0.16450967285335744,-0.08387342627225025,0.5718392212532417
2016-09-28,0.26963119030767374,0.21783694765178474,0.5996129782851546,0.09623311659904858,0.5704985423042048
2016-09-29,-0.04825829145964035,-0.11247112718232849,0.16015314497252078,-0.05173912936264759,-0.3257993893891995
2016-09-30,0.04825829145964665,0.1370454015591635,-0.5368019430805929,0.49036395402379523,-0.3927841261600842
2016-10-03,-0.1347207821855389,0.3357145991852847,-0.3807258124462331,-0.7512111705689885,-0.021020498382877117
2016-10-04,0.2165889889443398,-0.28501723108268334,-0.4279082769194534,0.02597702100176039,0.04613584980772614
2016-10-05,-0.00336023256242972,0.010734633568757292,-0.9114694426176756,-0.4940678104963731,-1.109080669656082
2016-10-06,0.02241786462214315,-0.009727114988673282,0.20082398575630864,0.4343223814359525,0.7243468848739735
2016-10-07,0.5699907005050778,0.5587547020141072,-2.2346929420776176,-0.1298304021757471,1.146872731628245
2016-10-10,-0.46916518378047706,-0.47421928607442415,-0.2083805331895655,-0.18727513641889587,-0.6637349483548619
2016-10-11,0.5025978007065853,0.005972063238924255,-0.25305443092524954,0.021630480462378022,0.254874054397248
2016-10-12,0.7104769738430415,0.4756621314027245,0.20576044581964784,0.10286950075343597,0.5288679915803944
2016-10-13,0.4536195589890984,0.5600509586236455,-0.29259827411016703,0.22147944637369354,0.38121140028615
2016-10-14,-0.3430560306891822,-0.45622714926673585,-0.06235071280854069,-0.015843764337629653,-0.36705950876767646
2016-10-17,0.7441761541419813,0.6839022059934583,0.426912101586597,0.3526806854372729,0.34372775309157955
2016-10-18,-0.4352579694611381,-0.3901992650072732,-0.14243968770432153,-0.1865721226593695,-0.5751529455525501
2016-10-19,0.3518729751554336,0.15123396233481434,1.0507997753395395,0.12323298595943713,0.4589786045925848
2016-10-20,0.01646506380020752,0.1408428529146067,-0.10651425373783756,0.10948032598201428,1.0016400338913103
2016-10-21,0.4085401957879465,0.30657941094961555,0.13853372305650224,0.06993113241041159,-0.0528964906732996
2016-10-24,0.4384409358858284,0.11702059891946831,0.13372918562912878,0.2538506072543591,-0.4251348423391966
2016-10-25,0.06527512292520861,-0.07194424821995901,0.05184025108043839,0.1003321753209047,-0.18016342709509464
2016-10-26,-0.10881930929809344,-0.17925687039359955,-0.450330912405569,-0.17306908104823035,0.11635950418936958
2016-10-27,-0.22671236725507304,-0.07958801457815595,0.2615093539289333,-0.0983799447204881,-0.8792490928104512
2016-10-28,0.10687761345710955,-0.1220351552880215,-0.4178699359081342,0.05328261053955831,-0.9835587078812047
2016-10-31,-0.77033911845105,-0.7590689638434758,-0.40451854777222374,-0.12970198234487126,-0.35251861745743795
2016-11-01,0.10320470217807798,0.17475898973858958,0.2743681093312863,-0.08881020885050699,0.8598765121155355
2016-11-02,-0.7600509088301929,-0.6240490688252719,-0.7465886704857756,0.6741487032534015,-1.3240532212813632
2016-11-03,-0.3655498277958567,-0.12927843931581107,0.1731737996873507,-0.1569530656008431,0.23331023499760084
2016-11-04,-0.04439735815215988,-0.3370069827007964,1.2809443436519905,-0.16253667485491055,0.42082766730394444
2016-11-07,0.01110286093090063,0.14350494758008694,0.17332905746913524,-0.008154604810278446,-0.7597579517863817
2016-11-08,0.44306816262320226,0.1791295361836407,-0.2786857759342625,0.4721486652804349,0.613364946654242
2016-11-09,0.30016218881542195,0.15607716966438973,0.21340421885775185,-0.2519087661229569,0.7433594554418913
2016-11-10,0.8973283929279099,0.999257286551597,1.1578183082693425,0.3779499866123111,-0.2579729392965724
2016-11-11,0.2835297276728489,0.02149577850929703,1.344921942256233,0.01631473003584176,-0.5058705407153914
2016-11-14,0.5971422941238493,0.5488193102724521,0.7604671388588379,0.3746665431708673,1.419803205767756
2016-11-15,0.6904091630366751,0.13769514525440887,0.2638069371487418,-0.05870021869282378,-0.943455723963206
2016-11-16,0.2147775207191983,0.04437172651616066,-0.29724117709761533,-0.20385973422056153,0.6464301028482357
2016-11-17,0.19290221275353295,1.2060414782496385,0.08085947522754616,0.25350602095877905,-0.7360650728794269
2016-11-18,0.7838573896080968,-0.40270086637579644,0.5228989002598474,0.16574535098465215,-0.5499278968442627
2016-11-21,0.3658246034824937,0.10396317906119151,-0.3267316626117996,-0.014529852039741407,0.9206065087466218
2016-11-22,-0.5146602943733055,-0.45443500077118293,0.8502900510917116,-0.18627531527515617,-0.010425370880264295
2016-11-23,0.04786833844083837,0.007183045691741934,-0.5127661085830804,-0.2611032578432921,-0.29698720528238154
2016-11-24,0.8365597792199345,0.534197707272178,0.9111247110884516,0.18709077873518837,0.6713213955040287
2016-11-25,-0.1583088364381505,-0.23301139940698282,-2.7965078859461e-4,-0.07647459797997952,-1.9861433958275552
2016-11-28,-0.4764163866232244,-0.5448782788958214,-0.2482683165860095,-0.07811023643037775,0.8328843479758885
2016-11-29,-0.08493102559908042,0.0959849603404952,-0.6450228122231185,-0.07775971875299449,1.2096474048811459
2016-11-30,-0.25523434536833384,-0.1174623124635482,0.39226862390036654,-0.1992291530988164,-0.29941383734436444
2016-12-01,0.5310066148516398,0.6162721735080479,0.7310790477856016,-0.012370799082722315,0.180711575510611
2016-12-02,-0.6684755681079092,-0.41343964488222135,-0.09102362294813286,-0.05299537959463114,-2.3113649199346087
2016-12-05,0.7637569407832273,0.6012328838743483,1.382565159770937,0.42877633938977716,0.5381426608723356
2016-12-06,-1.6430543065025944,-1.386097889687917,-1.1656027520166226,-0.9751703989121335,-0.5683574651001038
2016-12-07,0.34364582995455867,0.22270355320593754,-0.10846677835580576,0.01965134399819234,2.897057644935904
2016-12-08,-0.3866778746451167,-0.34775331773814744,-0.7282062335413197,-0.10409222501020025,1.2229782523073407
2016-12-09,1.3150327090345275,1.2970738613641002,0.9746546930896228,0.381331134259626,-0.6870416380442383
2016-12-12,0.6985527551627375,0.2638645230750947,0.7992785545890968,0.46798340198971367,-0.5977851832415324
2016-12-13,-0.8899219392906623,-0.7276788931899263,-0.2707214681579307,-0.4284389147578505,0.3667708000518306
2016-12-14,0.11699590234879752,0.13657650587482356,0.01564013335361781,0.2451334871227802,-0.6048184412518872
2016-12-15,1.088858567353851,0.9239181111628181,0.09847022084931534,0.06553747813040228,-0.5491463917444489
2016-12-16,0.9105718970210088,0.5406712168172811,-0.00552879665427599,0.15708926978129076,1.6409956212951218
2016-12-19,-0.29842312480277955,-0.6024368466160024,0.22474432728474705,-0.005493464349399181,-0.09152783497274264
2016-12-20,0.4233759574618611,0.45333640354778815,-0.37274284399116847,0.37108856803580026,-0.760742814051559
2016-12-21,0.14765094812918164,0.22847935806476788,-0.05039912721976677,-0.022142739614997946,0.5286773472314394
2016-12-22,-0.3664160924965154,-0.2279408542109123,-0.4529380369827552,-0.1337393089754263,-0.23110188409823865
2016-12-23,-0.08659788395229796,-0.08968612022572531,-0.6533116000418704,0.008740781630533993,-0.170176276688432
2016-12-26,-0.16400925651977397,-0.24146859801698103,-0.12715193502244787,-0.2174679728113959,-0.4725609824500528
2016-12-27,-0.02090975691761077,-0.030798386187824118,-0.1314448139880516,-0.10273862492064685,-0.03803597202837555
2016-12-28,-0.05125259245785264,-0.021937570100095127,-0.05125259245784153,-0.1302545957540232,-0.201601667238292
2016-12-29,0.4342951339742453,0.20816449805999204,0.01777802681948647,0.3527926444868984,0.10878939240270541
2016-12-30,-1.508250693397221,-1.308150056909807,-0.9934795599132088,-0.4335012691751343,-0.9296121327141875
2017-01-02,0.4579297436805555,0.37913027924314546,0.9531340423556578,0.2821290081625357,0.35318334977501764
2017-01-03,0.6379961365256634,0.6642172562531555,0.09365262695508186,0.08868034672986896,0.6794212510731655
2017-01-04,0.3841886281496043,0.2078914588093277,0.08740445118363942,0.18939366290331727,-1.0138249003033382
2017-01-05,-0.7740590997296821,-0.2582799470479711,-0.11307024335823544,-0.19302271533474605,0.3732497689018127
2017-01-06,-0.9951694252328742,-0.4763685337125666,-0.19814914483771892,0.012848505611057038,-1.4071411988664209
2017-01-09,0.7007159987028708,0.23533408912187428,-0.6323074170271825,-0.061698873223388885,0.12048791486616461
2017-01-10,-0.5375146244714082,-0.7966228989580366,-1.2534361420818865,-0.21637467431385604,-1.871279512107456
2017-01-11,0.3424761684181286,0.5050352715665933,0.3497811558574956,0.049908639682059615,-1.0224983626138737
2017-01-12,-0.42828346244112,-0.6045740060784006,-0.09903654345578032,-0.06971739945926085,-0.9325518920959803
2017-01-13,-0.18032093237317423,0.3690450248125128,-0.5825927551151603,0.072086832078781235,4.250719071392669
2017-01-16,-0.11154729925587474,-0.13977125429872683,-1.1535350041489807,-0.07988969498065313,1.0229019154503485
2017-01-17,0.2420493946028293,0.34445049010693557,0.24926743114259153,0.09948896644637228,-1.0889165250206636
2017-01-18,-0.8807419508532999,-0.17869195267179033,1.9672087738946016,-0.08301048341045401,1.5507555222401426
2017-01-19,0.6471944983549041,0.7299582780723982,-0.39415581903148,0.14700854317141343,-0.35427076113070166
2017-01-20,-0.3001470395594714,-0.5842886637206437,0.3393999617519038,-0.16544267824502426,-0.4528999232828199
2017-01-23,-0.5054843962894665,-0.7570758339342138,-0.1123517171272496,0.01852583648265657,1.0899260723295467
2017-01-24,-0.4380785936045949,-0.03697828340448964,0.6078766853343235,-0.09688387216882367,-0.3380661822946023
2017-01-25,0.2987018745254285,0.22283208655022504,0.4252003968679311,-0.0911691343848629,-0.059149034992350025
2017-01-26,-0.21694517720202972,-0.558376178257674,0.5858832340499691,-0.033574100470072775,-1.3922250052550351
2017-01-27,0.6441063406207297,0.5314450153399216,0.33756712856469945,0.5382297719670757,0.5107721709906987
2017-01-30,-0.289931885299318,-0.3159976479976511,-0.3176383212594087,-0.04341349275401551,-0.18976988151185448
2017-01-31,0.05034903875597171,0.05951423245709145,-0.6823290368087465,0.34974000954052664,2.6453400131913143
2017-02-01,-0.8852261972059896,-0.8515825981770965,-0.17017746205986756,-0.34128897617408044,-1.135805369411589
2017-02-02,0.33759205059841485,0.24025325360533628,0.9057407678366644,-0.08487568197903204,0.6238740339427123
2017-02-03,0.05274662699758273,0.08426366625553919,-1.0703236652519272,0.10863545533775222,1.1658595795701097
2017-02-06,-0.1971341935095689,-0.07722903221155539,-0.4834357381685768,-0.19471637699716685,0.06297588756668149
2017-02-07,0.3691664651780735,0.48846277543297045,0.2419052725552481,0.45637174967946403,0.3436207375270245
2017-02-08,0.6083672000636697,0.3418110189153131,0.8318052211426458,-0.0406844549597253,-1.7139985016547188
2017-02-09,-0.13249525748667812,0.06819677040347741,0.12149821906067124,0.12258127894232831,0.7118680954316884
2017-02-10,0.3149242070710789,0.37692309531582247,0.07592586428753118,-0.3033726059720817,0.5375062143724646
2017-02-13,0.3670492466827803,0.009458264866822271,0.2583790344943969,0.057897600483624745,-0.3974602275519237
2017-02-14,0.19838218610778632,0.42706038029466903,0.5059733400523567,0.07040276242525703,0.2562866535596259
2017-02-15,0.19059474091680711,0.408150011235608,-0.23054531036373985,0.11804732269641245,0.19765082369320064
2017-02-16,-0.274355417851098,-0.26633142301383617,-0.2793455456204431,-0.12130676997485856,-0.7902782584781154
2017-02-17,-0.609660633392935,-0.3997976681160784,-0.4536601361711893,0.12531634768046016,-1.2456479107401623
2017-02-20,0.4281128670700731,0.35220136436922445,-0.01551763116441197,-0.039232931189557195,1.3552354863523992
2017-02-21,0.1624556551442831,-0.13671413541906227,0.4787707122664204,0.015882847127055164,-0.18327479058928287
2017-02-22,0.6366536572582896,0.5607584186317066,0.7464811871310724,0.04925654357133632,0.2756045603913647
2017-02-23,-0.1139192733998856,0.05850989551891393,-0.3807789684019686,-0.28834240345765116,0.7640963653309064
2017-02-24,-0.2874866640944639,-0.16362705601224278,0.5315791951378412,0.16173612485067912,-0.40377219139102594
2017-02-27,0.30014925084968436,-0.22380950864155125,-0.9550928990482778,0.01718966574022352,-0.8082674596559964
2017-02-28,-0.298031849266272,0.12921107086118302,0.02238848980437051,-0.3672048723929311,-0.8874064107972593
2017-03-01,0.14279149782229034,0.20658330351702564,-0.351071346165605,0.40614391383422477,-0.9342020820591554
2017-03-02,0.3155193618452034,0.10153302545291965,-0.5435279948212035,-0.05941862095439397,0.21665998912204665
2017-03-03,0.24833612858004284,0.1776936823882907,0.2691991263615693,-0.05038094448090335,-1.8196816077341333
2017-03-06,-1.0480388215962322,-1.159188356906965,-0.8416152891547503,-0.5353382171007238,0.1706690410068028
2017-03-07,0.38901142100584263,0.2927971588897405,-0.07730555618783705,-0.048822675412513956,0.9860032965247237
2017-03-08,0.08565289773518402,0.026960234960623202,-0.22848873514783563,-0.03801222530047376,1.3629166985218855
2017-03-09,0.21539184439742812,0.07847125784654856,-0.00770579153629287,0.06359481812690324,-1.37163604620478
2017-03-10,-0.2936412224148072,-0.2630213289881821,-0.4578964575464085,-0.11956607707514916,-0.4678134613777911
2017-03-13,-1.049575232523439,-0.2910688041585827,-0.9340246637994196,-0.7952103763750802,0.6133478717617572
2017-03-14,0.36172570315181146,-0.4798187761107354,0.6457270575080943,0.5231661804613748,0.5692672600583188
2017-03-15,0.3668131172200585,0.3082890762000909,-0.03152292385255213,0.1389230911497929,0.5077670802753702
2017-03-16,-1.1753139512603528,-1.1386317932226682,-0.13778865040733831,-0.26172498698931385,0.6301901381135299
2017-03-17,-0.34204682168346445,-0.18469134083102137,0.20116397720138407,0.019353590509517356,1.0854609499947634
2017-03-20,0.29478685547740835,0.1733710352165067,0.5644089596578058,0.14726815569525742,0.05395700305872886
2017-03-21,0.04940262165231515,0.03518998022482982,-0.09168409098232493,-0.10233401798663792,-0.12903341637702206
2017-03-22,-0.6939018931952202,-0.38520129040106077,0.2317104197018852,-0.19224447436735528,-1.3429154323256263
2017-03-23,0.20629550517317968,0.20433444415456115,0.15015173782739047,0.316518082011034,0.610177590162614
2017-03-24,0.05825075184239385,0.03326200911898833,0.4081547615654461,-0.08193434167976359,-0.7963199121907087
2017-03-27,-0.6068102164538289,-0.13407246705758585,-0.6406015361397208,-0.10401525561579134,0.16696983171323332
2017-03-28,-0.10529288766615882,-0.38660938416755514,0.24070837781650145,0.10437624059925388,-0.4939665607803218
2017-03-29,0.3988814539129435,0.2790252784669851,-0.6939507004567436,-0.2566744565008673,-0.6354424860227753
2017-03-30,0.5383655395307395,0.4232140432113216,0.6912641696589686,0.052529650086244654,1.3348917163409153
2017-03-31,0.6766263018980224,0.6902377532418091,0.9818864090467864,0.2775250962737026,0.11634302839172095
2017-04-03,0.17084365768493884,0.35164162782925784,0.6687278939893246,-0.017687193037621902,0.8694777232934411
2017-04-04,-0.01173159715979606,-0.03850974747990526,-0.3997380618954418,0.05492728218200264,-0.7242213441276356
2017-04-05,-0.09608024846292525,-0.11791668537517701,-0.5149457506000706,-0.1275878716759619,-0.9968931984779699
2017-04-06,0.07367113708814635,-0.06165569439842554,0.4675507211128672,-0.14101393495120265,-0.3815542866363779
2017-04-07,0.2611329354407546,0.19984434015571167,0.09766385512917322,0.07198714515607865,0.21997502258148632
2017-04-10,0.5900993777431659,0.4909703222778316,-0.16266843110534554,0.16690657867575778,-0.0037252168745090797
2017-04-11,-0.14719638399647994,-0.07474852150852107,0.25829800744716314,0.0013747865938949094,-0.05714721427018282
2017-04-12,-0.12937764913873465,0.046119566325868624,0.4075913104071127,-0.05413737246680881,1.0966368607603276
2017-04-13,-0.5575782110680544,-0.5554916877290353,-0.0980532488191291,-0.08451652824060714,0.7547778121387549
2017-04-14,0.5098219512770186,0.5310641556614536,0.17405450059446806,0.15501442616864142,-0.2581942103013274
2017-04-17,0.0551823178546522,0.030619061577067966,0.27304724481031323,0.08358494609691987,0.7699485347325419
2017-04-18,-0.3198762931699671,0.008063467003276531,-0.13920617422419831,-0.24047792733995155,-2.5679017422052928
2017-04-19,-0.7876039331510845,-0.9804317908826341,1.4704757335027947,-0.018204249369427404,0.8134482977732118
2017-04-20,0.1275941780431824,-0.0072178455353121285,-0.3580285192407321,-0.039436540475041956,-0.5269254285937616
2017-04-21,0.00106804848407801,0.06298082908187674,0.15456968968373236,-0.10044505748630317,0.8107768579816976
2017-04-24,-1.4733870775102915,-0.15799777943377352,-1.2837367740128198,-0.9097311139270358,-0.69272783575222
2017-04-25,0.08370344334141029,-1.250604728655739,-0.3041771514823511,-0.25989876853272803,1.2368742162253423
2017-04-26,-0.5818837615714043,-0.6662418523305623,-0.14653990435375974,-0.38373419111324386,-0.5892803961303402
2017-04-27,0.17688276041054335,-0.025260283329597958,0.3014363342641476,0.1646771158370151,0.3120639404668218
2017-04-28,0.41042132773795575,0.33885724017173807,0.7617987961445958,0.22597093529214204,0.558419953339866
2017-05-01,-0.3973291140565188,-0.5914631586789593,-0.10291965815241012,-0.4160160535847282,-0.5599685107825022
2017-05-02,-0.01309221368143899,0.21821811110236855,-0.27783683073886883,-0.20801095221828886,0.03121520502719885
2017-05-03,-0.24465527570568588,-0.2351564426254819,0.09770624920193252,0.17374162301041945,0.3601010760130414
2017-05-04,0.4277630513799425,0.36330415036739755,-0.114314832859884,0.07021340626969916,-0.08631473789855326
2017-05-05,-0.8463877857979535,-0.7996547432817303,-0.4336464898991864,-0.06679726935089281,-1.6316244078364397
2017-05-08,0.1492432846503981,0.24316920149067703,0.46382248360222,-0.26638566016252596,0.7758498471534175
2017-05-09,0.341528314944787,0.07300746838058969,0.16922674575040111,-0.5368262886245917,-0.9905444636814887
2017-05-10,0.3752144975260991,0.34316554091979296,0.4153441025062404,-0.5205397309484541,-0.3979657000200725
2017-05-11,0.1479542762311205,0.23367386725130618,0.00950448250990612,-0.14877618588377367,1.592913463744599
2017-05-12,0.05325441349085925,0.061049009297649615,-0.24886194492089503,0.1055504089596575,0.0677318151955093
2017-05-15,-0.5720486460083133,-0.5441875091427422,-0.6107180973696424,0.04718495794815102,-0.20723028739241955
2017-05-16,-0.49733891475483166,-0.42168053119477905,-0.36967833749961887,-0.006699884252791497,0.31503321123400624
2017-05-17,-1.0165609234827426,-0.9705627620341611,-0.9094108635480872,0.08615247708510922,-0.8849096604325821
2017-05-18,-0.5607107178077674,-0.5291748453209141,-0.1491081950457399,-0.07617523560291319,-1.4945419799424988
2017-05-19,0.3841584496626286,0.23025611724359338,0.2934017505407833,0.31406470946322806,-0.25234280481162874
2017-05-22,-0.817959291220474,-0.288023410084955,-0.4037239393653159,-0.17279858478960247,0.9484071425000518
2017-05-23,-0.30299874646010705,-0.7691186200721741,-0.4330278819890237,-0.34552681571947746,0.2933377947264041
2017-05-24,0.5313076821422813,0.37354971452610813,0.2328598091671192,0.1617741107734393,0.6829548224091339
2017-05-25,-0.46052410952720807,-0.41443611077059384,-0.2776712271643229,-0.1065215418657644,0.29745572734375986
2017-05-26,0.17953372916784574,0.47190458863371076,-0.1832532535495747,0.07561976876799716,0.23691502594865083
2017-05-29,0.3100630064578654,0.5022084444522323,-0.6142628289439791,0.09340348474327834,0.11340989478515556
2017-05-30,0.4215523296100866,0.47175958660661055,0.4202685274718633,-0.03893259573705928,0.1970224812327754
2017-05-31,-0.3824519994262682,-0.3404090018712685,-0.4221742826650727,-0.05902791737268549,0.26838822748862623
2017-06-01,-0.641072189216106,-0.014529250724231606,-0.1235204244843768,0.14175679855283313,-0.16413947586736838
2017-06-02,0.2470563084127212,0.2841237266315042,0.3462410729998739,-0.09330100279781667,0.11455453245968666
2017-06-05,-0.5781635295709755,-0.6180243314464741,-0.7198359015754102,0.25455262752797536,-0.041017069839832915
2017-06-06,0.2129806388517598,0.31243375608309487,0.5029781098944759,-0.024461488234532976,-0.507182571570099
2017-06-07,-0.1295371377476589,-0.0011328926615652365,-0.13470004955163367,0.1138538241591934,0.1366639855568657
2017-06-08,0.14417352935043448,0.11760186271514178,0.5722965076195499,-0.09569610839602677,-1.0584986036018726
2017-06-09,0.6272006430604941,0.6112216733859515,-1.2348522834342588,0.1556642318480169,1.4376594476663995
2017-06-12,-0.15335964397460852,0.10556613753986208,-0.02605147597788615,-0.16014657535521337,-0.6467274964098421
2017-06-13,0.05151964433407967,-0.12885355077524382,-0.49476518456189655,0.04400193843167186,0.7531169480764239
2017-06-14,-0.11314867284345526,-0.1406928916057386,0.5223500045010232,-0.09862209547895621,-0.2514795619867235
2017-06-15,-0.06166547146008531,0.04232979126010905,-0.0310510491172638,-0.33652193256042906,0.6159103537269788
2017-06-16,0.6160839863208531,0.3619713848526237,0.6466890391034902,0.18798009816504543,-0.24863108103999165
2017-06-19,-0.5488135775370101,-0.44610103167930987,-0.38282177832845543,-0.33255856886772156,-0.5551148804738975
2017-06-20,0.5699907005050778,0.2964567808624906,0.20008143167910597,0.23137053786308337,-0.030150328129892823
2017-06-21,0.06795750515412581,-0.0074864621808347215,-0.7196174067620864,0.19076342989494313,-0.7490952705103785
2017-06-22,-0.2709982698690277,-0.2994049767292619,0.07066858079689356,-0.057647828787584614,0.2608210536125257
2017-06-23,0.1573337331533306,0.0421341462430558,0.17633850118802777,0.2089622560430114,0.5912070439941044
2017-06-26,-0.4402570472360409,-0.4311695196380988,0.07326048689086123,-0.18972111444944043,-0.33563322314821986
2017-06-27,0.13652747414869867,0.021528135001510074,-0.01118766559360288,-0.18943410255281354,0.3987174485666337
2017-06-28,-1.381720022109233,-0.9816061972186491,-0.689658099180718,-0.1662319767916354,-2.138486610226925
2017-06-29,-0.3828564481944195,-0.2730732408138451,0.6151071095114962,-0.28820907826881,0.5661267354122708
2017-06-30,-0.5169753787889622,-0.3274132068728387,0.02024450116558378,-0.13242889741468267,-0.699640531419633
2017-07-03,0.1623434279563816,0.2492748491474708,0.20268503876762503,-0.24594556357377076,0.6326642520501559
2017-07-04,0.4536078735857476,0.1531038735475175,-0.06828607280694908,-0.024750471197575705,-0.1622783579152578
2017-07-05,0.09888509651569288,0.12681506238825468,-0.00723691690301021,-0.025763258835305104,0.4003150319017198
2017-07-06,0.11693597201416372,0.09578572060731472,0.09236291039950928,0.0623438779430416,-0.6828212393118919
2017-07-07,-0.684278010958612,-0.6636948710327729,-0.3617605456428267,-0.291212221698374,-0.5712783905082455
2017-07-10,0.18377017154897593,0.0887259731904475,-0.4524964310879984,-0.19268043433641627,0.9160600441384288
2017-07-11,0,0.006809751464561,0,-0.03951997297979274,0.1862514549312202
2017-07-12,-0.6131251207802713,-0.5949654603193892,-0.8590448663775785,-0.6199316864569885,-0.08039414679119106
2017-07-13,0.4807464986444382,0.6367061548748612,0.7460097308083243,0.24103917444189704,2.21508377258209
2017-07-14,0.1312392011759594,0.2596931105398462,0.5446840783110222,-0.10761662132326259,0.05442189589239188
2017-07-17,-0.6246082259973491,0.017962933872982808,0.6352854672478242,-0.3031395762102421,0.24975182842599675
2017-07-18,0.00918363891741558,-0.41874710741080695,-0.43560732074113234,-0.005475628697815355,-0.1109295897822887
2017-07-19,-0.6550297833051995,-0.33052754904590864,-0.765924769014853,0.12420751102660522,-0.8836451320315969
2017-07-20,0.18462368588923964,0.07182817838269365,0.13900006605478238,0.17298417407897546,0.26089793327976935
2017-07-21,-0.866067281245772,-0.9730665919462889,-1.3834272850483147,-0.5376388946997478,-1.4800834009011719
2017-07-24,-0.4545528853919482,0.05243285402644289,-0.1520012380286406,0.20832114652920788,-0.34771903741679067
2017-07-25,0.3673012811363573,-0.0800594695786557,0.569074414142355,0.07347447376614032,-0.029118274637935593
2017-07-26,-0.04889523241933146,-0.050596377814220043,-0.07494332638732536,-0.6657626779468864,-0.22075084194112726
2017-07-27,-0.7140275713109651,-0.7801153038951134,-0.04740744086455801,-0.6198034960676873,0.8188911635295967
2017-07-28,0.3360330911062169,0.48366481852412446,0.04530377507482281,-1.0122882417178243,0.41633623538208653
2017-07-31,-0.5003595982651367,-0.4469224723779165,0.02013879738952807,-1.1528868679864208,-0.13749190441858167
2017-08-01,-0.6517456509259806,-0.48700249633033776,-0.26848790041242493,-0.5695810483021503,0.04498563371929809
2017-08-02,0.1087216597842418,0.2469540770132748,0.20377000605464793,0.18689020779253654,-0.05135486227304392
2017-08-03,-0.33718824872048536,-0.4373283888607558,-0.18252834403058135,-0.958638423901779,-0.45983230343449605
2017-08-04,-0.28482358366717125,-0.2275940005869047,-0.924355645973036,-0.12533544505710978,-0.12145197812750941
2017-08-07,0.9003661780450544,0.1396452916323187,0.15916483467700757,0.26985793637682814,1.3166584633534348
2017-08-08,-0.19098271986156443,0.4751728935190906,-0.2614165866000147,-0.35949480229019026,-0.1916756453906302
2017-08-09,0.3933743568074446,0.6040663040004263,-0.00348384424828972,0.34309150376455627,0.4493860920443233
2017-08-10,-0.05879322590373562,0.5555091306628825,0.1557083572191618,0.8346179519113103,-0.3470550777397539
2017-08-11,-0.0741240683957017,0.3589730402834785,-0.3613186596525283,0.07199092514662828,-0.15351151788266865
2017-08-14,-0.46837570243781584,-0.6842917268240191,-0.24363545332493225,-0.6168450698219128,-0.20540089839985481
2017-08-15,0.4212813668356405,0.26824128021924165,0.10703485423598648,-0.6525215311198977,0.5084387228892486
2017-08-16,0.2939654885911804,0.07940366100015639,-0.46548978562615023,0.2570301578155283,-0.14354314773277
2017-08-17,-0.2810170102040641,-0.35418109540270676,-0.09040141257360636,0.38284745321176356,0.23852387977914702
2017-08-18,0.5003297987145635,0.6526888414699854,0.29427800720006764,0.7641507072613082,0.09400504974095869
2017-08-21,-0.34737246775047365,-0.1624131384806765,-0.2804562832366823,-0.6938379104921756,-0.12556661566511992
2017-08-22,-0.47254430749639587,-0.44301374982670744,-0.28183263170167355,-0.1833537297720322,0.037112868050801454
2017-08-23,0.4219784667659891,0.4510109811730789,-0.1554806785369102,-0.26989585817533035,0.20723855124283672
2017-08-24,-0.4609572631678832,-0.375293217373903,-0.6185712098065036,-0.1348132136689439,-0.25775318812899095
2017-08-25,0.12162816868651898,0.047773981377155814,0.12291300724704445,0.054091361608489326,-0.08874888409843706
2017-08-28,-1.260117373047947,-0.07252038625830587,-0.4721377385029945,-0.2637436539315679,-0.09130709941860082
2017-08-29,-0.10044878799235818,-0.4774986691123009,0.06874597979298028,0.14228167010020276,-0.5941053343111047
2017-08-30,-0.05504650901481586,0.09008623706592686,-0.05891968678892743,-0.4329183913109956,0.25594795601143316
2017-08-31,0.645515690239182,0.6478823736287207,0.5989889467155495,-0.23709813859058076,0.3871122107373455
2017-09-01,-0.14281759693641635,-0.0036015535412923863,0.02011561235447192,0.25320468614002667,-0.11124426679112115
2017-09-04,0.23197286450904647,0.8909358266637414,0.41331703535946346,0.042872022693314464,0.8994774896274209
2017-09-05,-0.08915526757262017,0.23311904703666625,-0.4062924912414689,0.08406202744749049,-0.45458655413085103
2017-09-06,-0.2572329179822688,-0.35412664206100597,0.6450443622975605,0.278197482660107,-0.47454261265269626
2017-09-07,-0.03100702690846727,0.1899198066942938,0.03421992782418114,-0.2842018151618269,0.18929468901244795
2017-09-08,-0.8456670882772072,-0.2682616448181697,-0.4245814782964992,-0.23196456730158485,-0.32199952935538095
2017-09-11,0.09498391490403964,-0.6370666690066206,0.8012021794891204,0.2636805318879966,-0.10912019208554835
2017-09-12,0.4855372589840366,0.444301456738565,0.2732716880062543,-0.44730258987793214,0.34729437662480267
2017-09-13,-0.12684952800509605,-0.1631649556239027,0.7767162247347668,-0.5361689516371047,-0.7995591711887821
2017-09-14,0.7040230737258695,0.5813810886188251,0.0760936436707131,0.25414949451912966,0.21739173628005892
2017-09-15,-0.26074388715420793,-0.4085323666289863,1.190506111662167,-0.06576343785007913,0.5500751423256358
2017-09-18,-0.13003754213914306,-0.09882575387930526,1.1754826294330376,-0.10573472856555872,-0.5066808892571255
2017-09-19,-0.18519597279448388,-0.5341442660259034,-0.6173141848230567,-0.2831755631470631,-1.3869506079258482
2017-09-20,-0.27783834456707096,-0.4738921185325947,-0.2872932540490747,-0.4363824006032238,0.20773403440557114
2017-09-21,1.0094523826527118,1.100757482228998,0.8190704250963305,0.02318947761548665,0.8992725920677179
2017-09-22,-0.6168672724767775,-0.7617817246998334,0.04903106530734157,-0.5256761529970148,-0.6010444101584768
2017-09-25,0.15397038475802902,-0.12579635892154867,-0.3809948119499038,0.04422825133412268,0.7249720696965829
2017-09-26,0.601701171679176,0.35159222897259873,0.3831185859692463,1.0016130377386816,-0.45738155245829637
2017-09-27,0.5886836853223865,0.3275903643499037,0.3678937257364675,0.25777447404086734,1.1081411068109848
2017-09-28,0.30949455631941925,0.32107907928051893,-0.05697456202156199,0.03400393511911299,-0.7462245736881571
2017-09-29,-0.27296467229847,-0.6165893043397592,-0.03954119579523196,-0.1539317157438982,0.3780452247013193
2017-10-02,-0.21702076480589988,-0.15626236573349134,-0.4866079744269345,0.022690427946164663,-0.18826756846173492
2017-10-03,0.6250154855581865,0.7046888161298641,-0.26307665516829887,-0.03667510077573395,0.5163163940412208
2017-10-04,-0.11741541657487174,-0.05431171807953314,-0.37727099197188607,-0.0059102924724234165,-0.2570421313897697
2017-10-05,-0.08226295598222173,-0.12701572652029394,-0.14580776977575416,-0.30936353661814464,-0.09979943453777951
2017-10-06,0.3825538074332701,0.37130037289081685,-0.5289839951663539,0.051334393793848056,0.17474200820922575
2017-10-09,-0.2568295091329667,-0.16970187380367327,-0.47556499195306734,-0.24758925237704416,-3.6055974765299603
2017-10-10,0.00704572390839591,0.36614360413076164,0.4647197487686078,-0.18396734302854997,1.1871826836408794
2017-10-11,-0.6218846333423521,0.2230888840289147,-0.11323291637004738,-0.14852811050170056,-0.284276526259549
2017-10-12,-0.4274356681467323,-0.68536759167756,-0.210540313210768,-0.31108529271895174,1.891082937646027
2017-10-13,0.28436443420641166,0.25453026400307943,0.4698971914005025,0.07056969643507696,0.25548071849525233
2017-10-16,0.15015449311428722,0.24105263140324673,0.3346977812259876,0.14747510514926726,0.9697065772019806
2017-10-17,0.16526703470598125,0.10481273043779986,-0.10545557366286232,0.07262594559176407,0.4209472377250234
2017-10-18,0.1920586429746577,-0.3070732893133383,-0.24698412788477572,-0.11897764711069023,-0.5654033738730411
2017-10-19,-0.1979610503095973,-0.3090740686961991,-0.06063138562522579,-0.548998058933133,-0.3670967411593517
2017-10-20,-0.4468522795391424,-0.26365468157170985,-0.9200886008595826,0.0031901981174035352,-0.06346627080285394
2017-10-23,0.8000833040873139,0.4070961881387539,1.0977395449174374,-0.23825305316202933,-0.18540580576284105
2017-10-24,-0.04702904875672092,-0.008249454099974223,0.07966628122721679,0.06865729699349808,-0.693583455149652
2017-10-25,0.0011759635881415,0.03519301296710841,-0.5650968377899616,-0.6542208953227541,-0.3077621206622365
2017-10-26,-0.5234651900610782,-0.5448689327283723,0.5485825827940674,-0.3933081890020171,-0.6970594509547385
2017-10-27,1.5645817944643834,1.470047125367515,0.4794066791972637,0.5686295501610549,0.5717012412895471
2017-10-30,0.28122811584411794,0.12488385493610814,0.31011325585692573,0.24933865706899117,1.421582393697033
2017-10-31,-0.41398120970837105,-0.1547964210150898,0.18144873461859343,-0.11589096724341157,-0.1584222826230186
2017-11-01,0.0081640194520842,0.0956929524820954,0.6098186457592196,-0.2925239885450391,0.05700532651885992
2017-11-02,0.19787939054159792,0.755271207931396,-0.0795464806435724,-0.35613833877418016,-0.20310348257813232
2017-11-03,-0.2841408152380942,-0.3579152099459702,-1.8205024327194672,4.596144774077214e-6,0.23215714398882498
2017-11-06,0.4026851354010419,-0.07624051147695976,0.6104436888240986,0.2663836092975066,-1.7515344420449266
2017-11-07,0.01973854897280852,0.08170023086877115,0.7404503307835363,0.23824396524495764,1.8687458508704986
2017-11-08,0.0998198980407614,0.011163418445332189,0.0774233324129876,0.026633305239181008,-1.488637736801887
2017-11-09,0.03596121387037797,0.23582132019318294,-0.41351761441686385,-0.14545111237594738,1.0068447718624731
2017-11-10,-0.430007866306541,-0.4677323498296819,-0.1910574342288851,0.1383937357055916,-0.0718535293980071
2017-11-13,-0.12237010803180816,-0.293914516200653,-0.30622667875481224,-0.39393398774124444,0.05923768227231274
2017-11-14,-0.03265648913710683,-0.04467074739991625,-0.00903595544306792,-0.05642604231241421,0.1231367311765234
2017-11-15,-1.0907609447217173,-1.0489922523511752,-0.8279504207085389,-0.433563021826134,-1.643122024087337
2017-11-16,0,-0.080510545783798,0,-0.04022353727184295,0.7894304022509967
2017-11-17,0.13080981138201045,0.24375990882827997,0.453699429115874,-0.3112171442643334,0.8886574679853757
2017-11-20,0.38790094132601377,-0.1080825943520603,0.4050668281729275,0.738414572216078,0.30635424280283696
2017-11-21,-0.07980439055144761,0.3391154653791899,0.24020880602622172,-0.4535427066324864,-1.4301310934118465
2017-11-22,0.03403883384464176,0.12491135416424061,0.03800788800291458,0.25339454013899054,-0.2212326804750373
2017-11-23,-0.6582660069541395,-0.37224502577532415,-0.12170043377450011,0.18102439731653575,1.0139882056118608
2017-11-24,-0.3313668861567524,0.058426567560683165,-0.40724412235133334,-0.2956523278531949,-0.4167967492702206
2017-11-27,-0.6099630596335025,-0.8770097751181686,-0.4768108180004236,-0.5056170176447465,-1.0882817803964442
2017-11-28,0.1811195790979299,0.20322498276625822,0.16513062441625598,0.0409878124476585,2.0238078446125685
2017-11-29,0.4786254653440335,0.28066874370602013,0.8015500336789825,0.15924158693387822,-0.9235351399257548
2017-11-30,-0.03318739060527705,0.004992131114306051,0.35381776845039375,-0.09649543228051935,0.6686549518876806
2017-12-01,-0.38949725055719553,-0.44659973578699247,0.447209178548676,-0.3523987758516831,0.7405446441168746
2017-12-04,0.32310523571199723,-0.05087960334924736,0.05692189579760761,0.4658996200779025,0.006444177438651555
2017-12-05,-0.0664383684499185,0.16658039878272055,-0.20533840381252683,-0.34941102776705735,1.3772675931420983
2017-12-06,0.29389064537555065,0.33840797594249383,-0.1524822437217733,-0.02066316939142557,0.5267246496429825
2017-12-07,0.24227979883405185,0.30452943883046507,0.07070208080120033,0.028772142081850624,-0.41705152934560685
2017-12-08,0.2723113181448717,0.24127034430102307,0.9576673897212876,-0.3079816412413562,-0.5004295725240857
2017-12-11,0.01882666154518473,0.032812310483701985,-0.6678646226318417,0.16985499203121693,0.318618406993348
2017-12-12,-0.06474925079878616,-0.04409469605085154,-0.38431495014965233,0.057271265693128084,-0.47495748225036294
2017-12-13,0.29752428021696653,0.24427876662417053,0.07351535099252615,0.2724622389391986,-0.5487045091465461
2017-12-14,-0.791043208308208,-0.7466143588721752,-0.11614234892315942,-0.21234995555903777,-0.20013328506238265
2017-12-15,0.5158903947455192,0.6113002585655175,0.689020312042259,0.1738809422002102,-1.4775006074172576
2017-12-18,0.26694029385095536,0.21857331678340297,-0.5970764510157642,0.015456872530416214,1.3399389781336324
2017-12-19,-0.3458558497040773,-0.3184975821053423,0.12936330322681272,0.19630852435066645,0.06276367498882629
2017-12-20,-0.483143721251934,-0.36839557469190104,-0.4376291542462955,-0.47751273044116316,-0.6693145040667181
2017-12-21,-0.3107248732338743,0.04477966059092198,-0.42177760635643824,-0.418385355309186,0.2173842590709268
2017-12-22,0.1756435204418239,0.09248609719883917,0.2385089545721286,-0.09058483975949368,0.27952501695322846
2017-12-25,0.01066747583650481,0.12108054474916358,-0.10433654896426288,-0.07772824654437323,0.28758511448910207
2017-12-26,-0.138819442301985,0.47730553102948414,-0.05592051076480272,-0.15447720871877219,-0.2827392465123437
2017-12-27,0.1234067632668474,0.09429865386131261,0.11270277457700024,0.006437515490246429,0.06562787647598421
2017-12-28,-0.3611301394254282,-0.5310219834001806,-0.14288311091786166,1.4082662716992373e-4,-0.5520728638185414
2017-12-29,-0.3433308269990686,-0.031047165010413186,-0.06817681579675573,0.34805157106756146,0.7695145708013368
2018-01-01,-0.528029933456293,-0.1330924964744995,0.02998405164167704,-0.03861612748330873,-1.2206374392297734
2018-01-02,-0.05523534177722952,-0.06698210018602052,-0.09037085003621478,-0.1768935134785993,0.28018940263692316
2018-01-03,-0.4309459786959988,-0.2545484591610873,0.1952370280005121,-0.120205163281711,0.37751731383257203
2018-01-04,0.44055338609389194,0.28098604565175717,-0.1856296206026307,-0.16892247889360026,-0.010012185046659655
2018-01-05,-0.4851896369631773,-0.31281348706949197,-0.17801557997211198,-0.23424831650753902,0.4892099965907708
2018-01-08,0.26034254630771636,0.3256932125705608,0.4299059835987602,0.15786925088958115,0.5794417269269851
2018-01-09,0.5581836821075138,0.42761954222470266,0.5242395278629045,0.2934872940417373,0.1278997102592524
2018-01-10,0.3441541320087688,-0.11124048681465173,0.05685845539837471,-0.32772619975193096,-0.5466436295844181
2018-01-11,-0.22451934756694503,0.1075244917129905,-0.36920952074878194,0.37366861670948703,-1.1419570354571
2018-01-12,-0.7163443657419549,-0.44650517329620415,-0.5012581595875231,-0.5284438812987378,0.10497573416280681
2018-01-15,-1.2395577440172552,-0.7485846805146334,0.16232608152106529,-0.46953585036851364,-0.6699166648897072
2018-01-16,-0.6225229844712759,-0.35417968361176505,-0.14898953552159624,-0.16339433444989107,-1.7081086063710975
2018-01-17,-0.02330776436482414,-0.16075527754402527,-0.01916091187709902,0.3468425401202317,0.8412890385919138
2018-01-18,0.7140809171959783,0.8601972807461137,0.9254289027413762,0.0655595455486426,0.7438310780333273
2018-01-19,-0.4310183172470643,-0.186048918518985,0.04996182027988205,0.19540585941836827,1.3054150234163406
2018-01-22,-0.15430167694838354,0.10591400560720013,-0.1765336132807063,-0.4477359932733342,-1.5738781026111313
2018-01-23,-0.00612782288566258,-0.019861149560600533,0.6629091526411207,-0.105184816052692,1.9332189914370241
2018-01-24,-0.43973515595031015,-0.41784078664146307,-0.2073209317211134,0.09792216023580996,-0.1696373711244532
2018-01-25,-0.6545840132911362,-0.1605043506096456,0.7869222921370131,0.3960137176957404,-0.24196527510520105
2018-01-26,-0.009918292422582,0.7105012096640295,-0.5078295268253794,0.453861515172688,-0.19244246403502863
2018-01-29,-0.2879131984989109,-0.12418859669163226,-0.2949816214680293,0.5782935971518885,-0.10918533794507823
2018-01-30,0.37833976858987634,0.046333651986054394,-0.13677354772168754,0.013429891763008791,-0.2935577160780281
2018-01-31,-0.22931395926108664,0.014412633697369063,0.3325057192175009,0.06096287605551512,0.07855825988032661
2018-02-01,-0.07324958037121398,0.44970011822179357,0.2415015216259556,0.322433210260393,0.6059527273762759
2018-02-02,-0.7328950679841693,-0.8604579597110033,-0.2674518619080106,-0.1745195534133296,-0.14702329345370968
2018-02-05,0.5053840607735465,0.29337980022964677,-0.5899891587860916,-0.03403612257278978,-0.36994505914145415
2018-02-06,0.6377383172320084,0.9444432402319877,-0.5573842492793224,0.6315667749034435,0.4320280631402152
2018-02-07,-0.10890581283255092,0.07812283283009343,-0.00148131985390008,-0.6066792717293864,0.5033942740214699
2018-02-08,0.9181762489920624,1.1616163351944402,0.3475034772587636,0.21347993466906348,-0.23715950996402022
2018-02-09,0.06009818550333805,-0.7829527425834233,0.460617436582928,0.8785126424653206,-0.5074819909524914
2018-02-12,0.06496959447372477,0.629623633096302,-0.7095876507301182,-0.37674743498700247,0.35995905929840577
2018-02-13,-0.4150100441697559,-0.9945902605442403,-0.23509203712268695,-0.2934555078759087,0.0742530756494208
2018-02-14,-0.4056140127369268,-0.6951133371003747,-0.1559556085727872,-0.052503144927260235,-0.6812393176388328
2018-02-15,-0.914642543320094,-1.062585880792705,0.0089263710180318,-0.08259093846518299,-0.10598055227293035
2018-02-16,-0.29091421930714156,-0.3913714669315574,0.3375568755304614,0.30014056946940515,0.2758326948743604
2018-02-19,0.7362497093656392,0.8181364239674087,0.2199691873784747,0.17771884548106875,1.3186463702376412
2018-02-20,0.10668553718263706,0.03864586763439519,-0.1707557423986947,-0.12091757172922249,-0.5042105454613295
2018-02-21,0.5119839002357167,0.5496123871109325,0.5721639447963276,-0.23547857854782045,-0.54019950320331
2018-02-22,0.4345012256307569,0.4703803492061239,-0.21722380789894832,0.18818041511660352,0.7784677041439468
2018-02-23,-0.3642091607172598,-0.3848163949631333,-0.05631946197696655,0.2335802027033106,-0.38488064380886067
2018-02-26,0.32121050091227077,0.652947700670805,0.428716752435071,-0.10167562092657961,0.08452811864724477
2018-02-27,-0.2312601329923085,0.027696031156885775,-0.2424408624108311,-0.39512358460881075,-0.3826072811141509
2018-02-28,0.6946405230548325,0.6555939405928018,0.2612231978570016,0.60162517460098,-0.06596761438208598
2018-03-01,0.31992132841513726,0.14568645531960567,-0.7781741754931939,-0.1996127355817291,0.7358363056479859
2018-03-02,-0.650694664057441,-1.0572174607427167,-0.4965216483467375,-0.3550339967801637,-1.0811127021661444
2018-03-05,-0.3626378761999363,-0.33203476538857035,-0.22065264245107455,0.08815870259438487,-0.22031005977906393
2018-03-06,-0.17133826052289097,-0.17477351483246448,0.24336947547681265,-0.455961065897298,-0.029063009162290876
2018-03-07,-0.6472901653150801,-0.03660942263553363,-0.3031636874209062,-0.5156078760867568,-0.2208274140008762
2018-03-08,0.01614017704025683,-0.23361027482246385,0.06063194634684758,-0.5717135586058283,0.0745350077376205
2018-03-09,0.8738819743631089,0.5938434168960689,0.14783281715313304,-0.01838121175725066,0.5665571207650433
2018-03-12,-0.01722127139275204,0.2351448895669463,0.34237551310446646,-0.0028977507672754478,0.43690972126610417
2018-03-13,-0.2501775781071881,-0.24161593099346165,0.12601249891858818,0.08592555156656309,-1.0105288516050548
2018-03-14,-0.42663350397813776,-0.3076244316008641,0.03756588156147505,-0.05487007233702044,-0.7817120690383426
2018-03-15,0.13499625381386351,0.18103006213835907,0.12939923060966596,-0.021312909046132766,0.3213789713564684
2018-03-16,0.5381152570823331,0.4744590505009863,0.3022865706528614,-0.22242712832114667,0.4210847006483345
2018-03-19,0.2311469013001153,-0.005761564175072634,0.2659919887326969,0.033863789476011,-0.26207978082137945
2018-03-20,-0.4554221061101592,-0.3516810764148114,0.12912764563056958,-0.29187792090455983,-0.7261367293700141
2018-03-21,0.6909380265738552,0.6434187869265547,0.5451823308559504,0.12032981372630519,1.6834071030417737
2018-03-22,-0.7785708051778207,-0.534775271578084,0.22639868464285604,-0.040257478231278225,-0.11322787456095385
2018-03-23,0.1838148771145098,-0.08006213629041856,-0.03944377314103181,0.38153925021799845,-1.3394446689967396
2018-03-26,-0.2381543956155582,-0.011975358951892605,-0.00499462218115928,-0.315607381619914,0.13940253340691022
2018-03-27,-0.8311881723687478,-0.07608784914165728,-0.18823541492162543,-0.6386580916131558,-0.08448858180808694
2018-03-28,0.39908817594509854,0.24349943061206136,-0.04133854375115411,0.1734319845271033,0.5302736173595705
2018-03-29,0.789738293156227,0.5889833594240473,0.11016328672134934,-0.3135362549548408,0.09668678374642006
2018-03-30,0.06029938609046161,0.21198490185154542,-0.3023112109469097,0.08318977966120668,2.099487081833445
2018-04-02,-0.09230866886203784,0.030555577495750552,-0.02916102972883341,0.015696111004216903,-0.4099774964024341
2018-04-03,0.1747039447716651,0.22162921229435115,0.2350875621112788,0.09730348514623587,-0.4631373977762103
2018-04-04,0.1154869778581993,-0.010730874942295316,0.27152762621130294,-0.2724400371250814,-0.1110582742987144
2018-04-05,-0.06755016584395575,-0.31931490602765855,0.07042013324472814,-0.280103501792842,-0.4825480201993674
2018-04-06,0.28709250823022525,0.29114239652005947,-0.2776516087888698,0.05889903476920304,-0.6765491166487028
2018-04-09,-0.16185565833017676,-0.23783464667859888,0.4282449997526503,0.07981339205727124,-0.3134802244474689
2018-04-10,-0.41440012111587826,-0.3819158821397542,-0.08410938011712492,-0.12434468057038077,-0.7555960409689975
2018-04-11,-0.32954948055089484,0.019305089620861967,-0.01944169284095599,-0.38562034605745804,-0.5395657023998448
2018-04-12,-0.06925638918779566,0.13939355359161257,-0.02102847417331868,-0.22291679311996776,-0.10831381856347444
2018-04-13,0.3396366739049793,-0.00636290353924612,0.6850306395284125,-0.21911984442923746,1.6900179759381966
2018-04-16,-0.02343362335431841,0.24507823843925816,0.03780953426896821,-0.15038155209938886,0.8225115239318396
2018-04-17,-0.4251329582255065,-0.43182575802136614,0.24098281443183425,-0.0961442123921656,-0.2920832701841233
2018-04-18,0.09655845061456104,-0.013038089882810383,-0.2213266342771117,-0.6760161307513638,0.5581993889975966
2018-04-19,-0.04826680511257902,0.06384646808700142,-0.6952333991611277,-0.32962196144231065,1.9412177997166884
2018-04-20,0.27196968051805726,0.20197553921115072,-0.56118615917184,-0.10684863901046195,-1.004830886898513
2018-04-23,0.5859248577879733,0.3246593725246792,-0.01797141544506981,0.06906176639599869,-0.47223758759212575
2018-04-24,0.5263702839749863,0.22459929083122443,0.07234911623748955,0.23731677381479188,-0.3269067617267637
2018-04-25,-0.26528923546066685,-0.08642818536142254,0.1327457006677939,-0.3587421457367898,0.14865246219794154
2018-04-26,0.5712650234150901,0.2669451251023294,0.1802002711094546,0.10818100222488998,0.5366798467849989
2018-04-27,0.5111108742018194,0.3625604041193402,0.36902844010531194,-0.18709150258373766,0.3859947719972674
2018-04-30,-0.10903377604619424,-0.10645552304889874,-1.1806252160574269,-0.06481671873430517,0.0012189602993160076
2018-05-01,0.343689036787496,0.4128717645952712,0.3519469981941012,0.055029915803876145,-0.011118630113612776
2018-05-02,0.7450468811979586,0.7735721935935742,-0.44465958325137234,0.0899965608570089,-0.8356482322903531
2018-05-03,0.33877940587111866,-0.06191027336798272,0.07783015278092924,0.03062817946535186,-1.5999291384247556
2018-05-04,-0.3195912401978948,-0.18592198812733982,-0.33044671198550113,-0.15658683043851654,-1.0691596528540117
2018-05-07,0.2861312622824542,0.13029265921812513,-0.01202003924358124,-0.0698876258236096,0.23297949152900777
2018-05-08,0.17797005116397216,0.11883357778728451,0.4611887623277625,0.01178005709455661,-0.03590053082379929
2018-05-09,0.5533851088539518,0.5059701836426724,0.42861085865513354,0.5915474368361076,-0.8425819186657578
2018-05-10,0.17430672818786827,0.3435267984980763,0.109269245759876,-0.2642419117846253,2.64886387611648
2018-05-11,-0.5917355120421529,-0.35764817180781183,-0.7487228605309694,-0.37698121909873467,0.6173823046556159
2018-05-14,-0.2900218350496355,-0.07932537939820614,-0.06527923149596897,-0.004521986112857101,-1.9423673929863727
2018-05-15,0.1755447289883163,0.08737578605631226,0.23926368194885783,0.10423557412232788,0.04786642130160068
2018-05-16,0.9286940649968908,0.32982179903759634,0.46863263541548394,0.8001128913821702,-1.0816286442174714
2018-05-17,0.03309314358127453,0.15725112656342877,0.3887844568066337,0.12426447523702636,1.3261316389391125
2018-05-18,0.1841740156775002,0.2637663598674151,-0.0594014407654549,0.07392594961546052,-0.5156189358625651
2018-05-21,0.2426900758167486,0.0025194444678177733,-0.04072798664220775,0.6071976998133821,0.00788777169667787
2018-05-22,-0.21910868273041792,-0.19227887193569307,-0.5554689644709212,-0.09062917948981657,-1.2226253943499001
2018-05-23,0.0330212728343407,0.28346072655879273,0.10154043175619012,0.5354282891541291,-2.3993939639211046
2018-05-24,0.6673574838505936,0.3033206963458578,0.14720294692915128,0.4691983794502933,5.781810272506532
2018-05-25,-0.1066193256761584,0.11094125833108101,-0.01565327750453309,0.21548351026272172,-4.704552201755279
2018-05-28,0.2879570425188523,0.41887438761116336,-0.2699130863778392,0.2639442307852077,3.027305422416735
2018-05-29,0.5315985270053064,0.09847643283859188,0.5808590051994447,0.4217151987080426,3.633557623646892
2018-05-30,0.7563750116088724,0.47832701020503887,0.2914068955257196,1.0726568313488607,0.5594681774987977
2018-05-31,-1.1022910220799995,-1.0873951787836482,-0.8780528683196485,-0.8172491486720731,0.9459528924438789
2018-06-01,-0.22192132434977443,-0.16972531989548434,-0.17806507846098615,0.21085084694609926,-2.9217868924636528
2018-06-04,0.21025370239608457,0.03976205734047424,0.7138477048228845,-0.14458993446824478,-2.036423747390003
2018-06-05,-0.2734209840494918,-0.0770156186198097,-0.573489696685343,-0.18152602090636832,1.061243116831949
2018-06-06,-0.21903341397492135,-0.1937259240734898,0.4516982809163532,0.20843053326626224,-1.2245523818918613
2018-06-07,-0.5043244345701691,-0.25185180181850714,-0.3889616326429364,-0.6728516273423284,0.43948213978129086
2018-06-08,-0.08253392859988165,-0.16759106484415834,-0.09997955341201532,0.4357841629263886,1.9348525775402732
2018-06-11,0.0954919657697473,-0.12991278021877611,0.05523283360685249,-0.297766988490805,0.1305355421990566
2018-06-12,0.08363539989250074,0.2940247794667379,-0.21102195319001876,-0.05556411816908728,-0.8748245751527818
2018-06-13,0.21992704386691897,0.1033500182591419,0.2065473185520729,0.15800186946123512,-1.3295230389314292
2018-06-14,-0.5052684987134968,-0.4473269019332058,-0.4290164526568675,-0.27977707546910907,-1.9118959990287951
2018-06-15,2.06381076983804,1.9169903013861465,1.1167927801156372,0.8142673824267747,1.0656406548061876
2018-06-18,-0.2536267703775218,-0.5505107100069664,-0.11433211463407052,-0.29725553754337203,-0.21142322538990377
2018-06-19,-0.29962096356119544,-0.43198878974589744,-0.4230092690991456,0.03716499383910247,0.926710626871465
2018-06-20,0.36336856020981234,-0.3924596126804808,-0.28288460202933724,0.3722290760515404,0.14328333496860757
2018-06-21,0.0822459783448526,0.26667578506217204,0.0967328523439416,-0.09586435864435425,0.5881367771690479
2018-06-22,-0.23068753656377292,-0.5264835394723391,0.3189121871164107,0.22171598390257152,0.3357190291421165
2018-06-25,-0.4781358516060546,-0.706293485726284,-0.3681190367083624,-0.08724142267001325,2.1893734010086665
2018-06-26,-0.3539625505008614,-0.9402447506660639,-0.23319411304600604,-0.24855470656641881,-2.695532153797597
2018-06-27,0.4495379783145276,-0.22183609111706262,0.01626395533873555,0.06346227646192727,2.347491200123903
2018-06-28,0.7463204842131768,0.37117963493418327,-0.01757560776983918,0.13450731657731663,0.05793682854467752
2018-06-29,0.00578350545437435,-0.35123401128331566,-0.3400003948839319,-0.07470761259869602,0.0658856975088209
2018-07-02,-0.9947147128229528,-0.9748868348125549,0.0145326838257393,-0.2539174853211264,-1.330879123505572
2018-07-03,0.31249124484685936,-0.4003578274203386,-0.1710541446215049,-0.00903065195733031,-0.6666864738488957
2018-07-04,-0.14679804760209267,0.20871876830374153,0.2351024945930617,-0.02523966537470278,-1.2001748387269509
2018-07-05,-0.02681516744495085,0.13537050307092788,0.23742165609604177,-0.059285204289703616,0.08764801879822492
2018-07-06,-0.2873078600661575,-0.35982133031548924,-0.31375873223172995,-0.38095683429303573,1.2704831473672626
2018-07-09,-0.4806882998706877,-0.5444661893519537,0.0630432099003505,-0.12103911539593497,-0.1216607299650787
2018-07-10,-0.0399676187495038,0.2803912119867351,-0.3586082793963326,-0.2861511606186455,-2.61835266225446
2018-07-11,0.2547944863579535,0.031722441570762205,0.26804950896529434,0.10607038788941826,1.1658110696997996
2018-07-12,0.4294710183780123,-0.34020169810484396,0.07215846244784309,0.09288413131303504,-2.8777515481974754
2018-07-13,0.09336480898712844,0.32045630702088,-0.13095608677126297,-0.6408265299834163,1.6719170126093306
2018-07-16,-0.11321950635472858,-0.5182477823277744,0.2446146660751578,-0.10196931855108113,0.6115439780460776
2018-07-17,-0.25961604110458714,-0.25456559508102167,-0.19345304800128785,0.24095068990138535,0.25676514781189763
2018-07-18,0.4812627760435344,0.23482984701850304,-0.50788550870242255,0.09866633129561496,2.6674863581674755
2018-07-19,0.06524588597065231,-0.07912083928272072,-0.14815684088377207,0.2069222373569644,-0.12049413586255353
2018-07-20,-0.08155070803001237,-0.888254715214905,-0.5043904987109452,-0.11472032170774861,0.15012919266687597
2018-07-23,-0.7416802719636999,-0.6088182573811435,0.2069738277193172,0.02772559431118437,-0.4661145643607276
2018-07-24,0.4077814856736012,-0.13930871574672632,0.06916184826059635,0.15292869232790407,1.0781148040955988
2018-07-25,0.07364777587128415,0.08503791328664508,0.450397194247074,0.048704356347578616,-3.4156524276808127
2018-07-26,-0.4438682606524594,-0.11578779723490584,-0.08416486913429783,-0.22325240181831232,1.7922485652099376
2018-07-27,0.8089604616353866,0.5919774866345098,0.1183786092581045,0.4832281392982738,-0.8629769892614247
2018-07-30,-0.15031493557779796,-0.5447266479883098,-0.12671910021052576,-0.1513142913189558,0.4414239822981144
2018-07-31,-0.4019211446705363,-0.4760183940048983,-0.2221301589546093,0.18341111026879123,-0.7467430086679414
2018-08-01,0.15207742859468654,0.1625105980026837,0.04705618542099151,-0.07735947717805164,-0.3628664023993764
2018-08-02,0.2031950545646614,0.05577660085536979,0.2373122665929078,0.05603631352532065,-0.2478348606869486
2018-08-03,0.6870946208576403,0.5419836698168563,-0.13905067211007566,0.30595171145738653,-1.2181235647079838
2018-08-06,0.2048593670917912,0.240601899923236,0.09296013855896418,0.3067897855192688,0.9630753007454428
2018-08-07,0.03698943193171908,-0.24994075113592998,-0.4145067695294243,-0.14711603345064436,-2.618796596319754
2018-08-08,-0.387939481100799,-0.10758063110266106,-0.3750017894201717,-0.2527948205502925,1.2016094261814962
2018-08-09,-0.0673237510490793,-0.09898849237915548,-0.570972664843621,0.1177797014914646,-0.06409732180603056
2018-08-10,0.7507102373803648,1.0067977456318282,0.3367834924518311,0.6598527349470614,-2.698570630529365
2018-08-13,1.127574201647269,0.780356811280297,0.5838474499043594,1.07875583973544,-17.2879112464055
2018-08-14,-0.0683968230299916,-0.6375288492782853,-0.03777428471476598,0.11496913362162481,4.864506500620475
2018-08-15,0.49932518594057895,0.5186413059619663,0.14642046531185612,0.44815397383879285,13.275588171134098
2018-08-16,0.0124830800838358,-0.6583613016746146,-0.175555820796932,0.16209205041230287,7.004388616720851
2018-08-17,-0.2385164188543446,0.46809587051075285,-0.07590148287845533,-0.6188945876808816,2.535080939397634
2018-08-20,-0.5816255822276964,-0.4744685893039802,-0.32574048418328116,-0.3414677493132736,-2.3422601384176924
2018-08-21,-0.4677486716083189,-0.21582022824235758,-0.02059989376186596,0.014834049150369625,0.5572164770847579
2018-08-22,-0.7404847816651844,-0.5921119447869843,0.04751170584374728,-0.10414591663465517,-1.3445494463947747
2018-08-23,-0.06948261978871112,-0.08132620460264788,-0.07593028924018816,0.036644517653346205,-1.2873607027033493
2018-08-24,0.3584816089941397,-0.14773355073717956,-0.3731215469682737,0.059866604509301966,-1.6436876769620654
2018-08-27,-0.9102781442062352,0.20282034320570258,-0.518782398693523,-0.4976351433876128,1.5129706315504388
2018-08-28,-0.29749579591032027,-0.4685045150122689,-0.01931826548282213,-0.021369786708213604,-2.557445485983708
2018-08-29,-0.06544181771758527,0.03225127192388206,-0.2908827058410112,0.2078678620788564,-0.6189152718270194
2018-08-30,-0.15796090309270633,-0.3683576049161311,1.1410722582604609,0.4822120556365257,-2.4407725518463534
2018-08-31,0.3856823497033665,2.0658642717533843e-4,0.1942385671056864,0.56720288386070306,-2.2112912686346045
2018-09-03,0.5467329671144611,0.6710401911292445,-0.13143767372089205,0.49493398408146905,5.081838679230695
2018-09-04,-0.124207678651916,0.11035249116846405,-0.5433251222312424,-0.09190171696561307,-0.5125807386588197
2018-09-05,0.24942377449274095,-0.04068927351242038,0.16709494272435715,-0.18009520046647293,1.4689715044480298
2018-09-06,-0.41915226612393885,-0.23942216471553587,0.01899367545697633,-0.13192172404697486,2.092341434598602
2018-09-07,0.13023413584010846,0.04745376142242691,0.21162214488861775,0.718888375783466,0.4875072772468201
2018-09-10,0.5088212679201349,0.4437215298280811,0.5463236295468729,0.21062197845713013,3.4486267857661126
2018-09-11,-0.3010369502897648,-0.503575289148213,0.44001383289098667,-0.902297629541317,-2.4609986377433657
2018-09-12,-0.0011616617293707,-0.31804313540988555,-0.0845010232139326,0.18568769253022624,0.5258146184569592
2018-09-13,-0.2856773630731256,-0.09893497435478232,-0.05633435162382708,0.017903153653917654,0.6540485909362099
2018-09-14,-0.5363777321440684,-0.29584353112052164,-0.03286503017905597,-0.1201948839602013,2.0012121322465717
2018-09-17,0.5387046922890435,0.18481238328354518,0.2480631391198559,0.43331391462085994,-1.244576401369067
2018-09-18,-0.3448137952106441,-0.18341247023927532,0.21234339471442495,0.11228957536726765,-3.966767263247585
2018-09-19,-0.09222619268813032,-0.17483349699242806,0.07618591197317229,-0.18354088320135023,-0.7169523512905482
2018-09-20,0.04554085818945302,0.22618155099541148,-0.16229714889312805,-0.3181119521285675,2.4479098925469542
2018-09-21,-0.8641386999916192,-0.8321740240359973,0.11836662056925969,-0.0024684154466447675,-1.268050981732322
2018-09-24,0.2117367607173722,-0.009765574047384692,-1.2335847437672125,0.2694634227728022,-1.148710901730146
2018-09-25,-0.01645317275556524,-0.26046785836445996,0.26516871938731645,-0.6735923665507313,3.0099428231752614
2018-09-26,-0.08700869206254021,-0.0036480118180541032,0.3889816054166565,-0.18363481638677395,-0.9863371245045638
2018-09-27,0.12461557398679672,-0.018288099782682157,0.07058563798963463,0.11899813469636739,1.6225014619152236
2018-09-28,0.9506265183163162,0.8881606773677723,0.23397457927948315,-0.2986364780618338,1.7669189627850765
2018-10-01,0.27542106030114977,0.5239772097025607,-0.02885395579757844,-0.18385734585605343,-1.4837002703170943
2018-10-02,0.23995177924754987,0.28016722510701275,0.27516255798525857,-0.015903053759431802,1.7486129301067779
2018-10-03,0.22319051793338396,0.24469345673349485,-0.2504677992585117,0.15517126774158085,-2.1108077629231095
2018-10-04,0.6551444394988831,0.6753758474586641,0.33629111326847677,-0.1769532767062628,-0.8884234395566923
2018-10-05,-0.36331443329517255,-0.3129301797251551,0.2806098191174331,-0.3510066984662205,-3.061431148494286
2018-10-08,-0.03916613335416211,0.06794416487763902,0.7479790289407094,-0.08164002682789312,0.38478787139153736
2018-10-09,0.24743353677267607,-0.7757385573910722,-0.01214195636666362,0.1415139063933379,1.2078537296297887
2018-10-10,-0.1115539847432245,-0.05558356188727238,0.37538125869199274,-0.09109866926107121,-0.2436229020385462
2018-10-11,-0.22925758813271369,-0.2551869486722463,0.14774507222798555,0.08038662004300401,0.6047428094491925
2018-10-12,-0.4936896711930614,-0.010810233762282856,-0.28613535444959154,-0.6791084460627146,2.343735744757128
2018-10-15,0.3378712769678036,-0.1350867174230297,-0.6511024269435077,0.20248731484635402,0.5506270903620023
2018-10-16,-0.2776130660951905,-0.2113816127474625,0.10970503161881832,0.05794013014387639,0.6719658309575767
2018-10-17,0.07063381347118641,0.12529312246299146,0.31692680582470034,-0.3038597778628112,0.5967586813789882
2018-10-18,0.6449661883067768,0.433437022703577,0.0152850193766247,0.1402456929061544,1.3037658587544319
2018-10-19,0.3559014359028966,0.23913080533546696,-0.2581166710180588,0.2558093028075439,-2.0411667996343352
2018-10-22,-0.430679461238813,-0.2954871555040815,-0.11500084886038266,-0.5004731368684638,-1.782842433690854
2018-10-23,0.3618821551799376,0.08118724106099932,-0.4021291181651558,0.335162864504576,-0.5064639800405786
2018-10-24,-0.04587322421733236,0.09144446344786335,0.07218178926726528,0.07586523877225164,-2.2445970129146597
2018-10-25,0.6461454314165991,0.5724748563882959,-0.07301538946035557,0.4035864085952948,1.4839637569358037
2018-10-26,0.1879014398737767,0.1598483886275431,-0.30706633603911093,-0.10093651924366864,0.7393482452984006
2018-10-29,-0.18334180682724024,-0.0918848727564566,-0.1333174836296493,0.03241864610312684,0.36153055876417906
2018-10-30,0.19813685457874655,0.055779896886723454,-0.02486532248234246,-0.24575980800028943,0.6093265445733433
2018-10-31,0.2624516859612171,0.05980935442226323,-0.4709930262952041,-0.08126682103300897,1.1341012047430363
2018-11-01,0.2617518194803194,0.14583486581963265,0.7369178534725294,-0.050900948901577925,-2.371176447832031
2018-11-02,-0.7622510096302975,0.0016201036836203282,1.0559405288753103,-0.190463823646875,-0.009457598968759084
2018-11-05,0.05016012498705569,0.5208773413705635,0.0644692777863319,-0.014622581064458238,1.2299722141766456
2018-11-06,-0.1345714104309272,-0.5998496666044009,0.26810416925038444,-0.3379997830916711,1.0206442180760498
2018-11-07,-0.22395351045813935,-0.17897382528929442,0.19216335035735368,0.00485336934603958,-1.8679456637188483
2018-11-08,0.03889112093648429,0.14809078429859016,0.16091223800421098,-0.013369738716938449,-0.319955738149307
2018-11-09,0.5757617992678802,0.24761846653993333,0.1042445435131158,0.16826172183113566,-1.2552883323669992
2018-11-12,0.38237886881900446,0.07882980851951135,-0.6045021582007171,0.33006537110762096,0.19406575954832406
2018-11-13,0.8120992837308166,0.7233124008482933,0.1878336386620218,0.37243482967109465,0.2775737831464201
2018-11-14,-0.6898682860815024,-0.5294528284324631,0.5170303712581634,-0.2539169236615296,-1.1809120889791767
2018-11-15,-0.0056593122496344,0.03569325762068796,-0.22016089537251815,-0.025384917657315074,0.9159017705190415
2018-11-16,-0.1154348514317342,0.05003983691437553,-1.8214689324244395,-0.20566453811661717,1.0290122090336946
2018-11-19,-0.7833541738012993,-0.7622136791641173,-0.2624019358338639,-0.07025796020768675,0.06469236066690343
2018-11-20,-0.3590412454561652,-0.47518931910805245,-0.15221879872521288,0.2631691944627319,-0.10534581555855566
2018-11-21,0.723621489434707,0.6381804047146368,0.17345942055399288,0.5403845060240863,-0.8717713126696596
2018-11-22,-0.1399771088484501,0.17142804802255446,-0.233296820752166,-0.07267378761308459,1.2368699504674119
2018-11-23,-0.1299133025405343,-0.18603881672625516,0.6396807958639279,-0.14881244692222262,-0.3854137060633408
2018-11-26,0.5787459882789294,0.32668953286852387,0.08296073512512604,0.27117212769295074,0.339669695217905
2018-11-27,0.03514642433935869,0.300887421426256,0.0351464243393365,-0.052440852211003704,0.603543377542712
2018-11-28,0.3055218223715267,0.04333835095182502,-0.2311446603393944,0.3072146336119771,-0.5653548376173352
2018-11-29,-0.6154085648589374,-0.6451644408663356,0.0135510400473575,-0.08586886699946804,6.909659244915267e-4
2018-11-30,-0.2128256323034332,-0.0982509777011352,-0.522684749293263,-0.5015384267409582,0.20791057787852968
2018-12-03,0.44447533170768994,0.19951587010910685,0.2018641851592751,0.1909916327747308,-0.44912912401768534
2018-12-04,-0.11120969434071258,0.9980251392815581,-0.32778499265586813,-0.07041817059918692,-1.626956445428258
2018-12-05,0.10553434393096942,0.8527580904699243,0.06354054681510782,0.1579216119295795,-2.275516912034478
2018-12-06,-0.05445647806004032,-0.27384668335286205,0.00153133349963223,-0.04192481885160686,1.7223858596827164
2018-12-07,-0.22610298793407135,-0.6241896841321202,0.17307152565099942,0.15041982008581514,-0.46053864873572925
2018-12-10,-0.23003685026896217,-0.17617326441026898,-0.6813757172227485,0.11740548192803016,0.39722073916865064
2018-12-11,0.39029163917545784,-0.14985934512243812,-0.8737963350928324,0.41145482000860734,0.7420566707033804
2018-12-12,0.2948323360812584,0.45711204053274535,-0.2500899722373137,-0.06485968762963117,-0.026392531561257537
2018-12-13,-0.44371549881774813,-0.11831416191327661,0.636502235410619,-0.3817624906844348,0.2930413117967911
2018-12-14,0.0864037021114766,0.05261430336096853,0.2949896709947899,-0.021289524908271466,0.09350346398203149
2018-12-17,0.5089346754259938,0.13726596262543794,-0.04131489040166857,0.10808421697227735,0.050221402291382444
2018-12-18,-0.3874133037778146,-0.22618663247180998,-0.14799492650275414,0.0995917167502019,-0.48389923746697994
2018-12-19,-0.22498726790910087,-0.21333667769151307,0.0858439206435295,-0.20709394166737757,0.6037852725526499
2018-12-20,-0.1240639854155608,-0.09401026444967941,-0.3389652372999915,-0.28510046970690606,0.5565339812601976
2018-12-21,-0.5894325669240182,-0.4964695334101553,-0.2580371342463245,0.0889368581398872,-0.1292675809653388
2018-12-24,0.7362502855146554,0.3892174396471532,0.5716747074465259,0.05462086335051746,-0.23438792551152443
2018-12-25,-0.27332043883629215,-0.13767901577146777,0.2148505286768789,0.5014877315487821,0.07937604939165113
2018-12-26,-0.10155491676086909,-0.11502507686643629,-0.2755376535236943,-0.13096052923129076,-0.09084194055536217
2018-12-27,0.4760354329909361,0.47011045993467004,0.1605843182319357,-0.35606223290200084,0.5087730650649684
2018-12-28,-0.6119700433588411,-0.09926563367590768,-0.6322160627241052,0.12019157678646067,-1.2904640150998197
2018-12-31,-0.07775629855240263,-0.2585596311339588,0.29601105270924244,0.2459899966286228,0.4904413322095703
2019-01-01,-0.4632498101396504,-0.4889114745076839,-0.1135567696359106,-0.45840575162326647,-0.4077902653232238
2019-01-02,0.2731637394770508,0.23709558255582872,0.4006204522719239,0.4087515596019327,-0.037600638565838895
2019-01-03,1.2608298115566847,1.5177684567749796,-0.5779148516524979,0.574973980895014,-2.7939015559898324
2019-01-04,-0.6426636088957309,-0.6718138149027931,0.2074237386865648,-0.4709132346357099,1.0182428887129327
2019-01-07,-0.16987238668559823,-0.18213376088866465,0.6671241425556802,-0.03972738356846402,3.0543327800428304
2019-01-08,-0.6054385516065693,-0.3511615642671898,-0.2047673881125474,0.06501784192074994,-2.1602513720675915
2019-01-09,0.2064143633074767,0.14734910184073727,-0.17133485268657436,0.029926023322154646,-0.816290331799038
2019-01-10,-0.8594450913368619,-0.312567715163369,-0.3755125930380587,-0.16746008341824095,-0.0019684054884021585
2019-01-11,0.3886426449364702,0.777794873640124,0.03089733003850412,-0.650137419681748,2.034152505261488
2019-01-14,0.4352834272258503,0.87137492454742,1.1841826358433123,0.4370987478493857,-0.7599244614631657
2019-01-15,-0.11121961372727916,-0.119730959809069,0.08428968616328954,0.14601447654749444,0.32237010158085183
2019-01-16,0.48983272870117034,0.7188415661308625,0.4679513515131292,-0.17659315802091838,1.222789018248379
2019-01-17,0.16427589079668423,0.1454098652450856,0.26988824813144446,-0.1088248987761073,2.1829791561614997
2019-01-18,0.04784957874559045,-0.22773259286667308,0.8071137177304196,-0.3430663761580192,-0.9624147683874571
2019-01-21,0.2378193408744571,0.18492594918349556,-0.7724031826900177,0.04296422284169562,0.21777297393458317
2019-01-22,-0.03296032683529503,-0.3060548318410032,0.26439149601384965,-0.2528473645192543,-0.4578457453194584
2019-01-23,0.0466069636134783,-0.1194892395249057,0.5571292534933651,0.04564217032975298,-0.77723921595433
2019-01-24,-0.21273227108371257,0.013429701452846611,0.7429219506968515,0.0033903220475488536,0.4140590458608733
2019-01-25,0.6583448410776002,0.7094521524318618,0.9596916296760996,0.5285832582854308,0.28965831087992655
2019-01-28,-0.8760988515929519,-0.21280686849794767,-0.2165317949262596,-0.5640529194541877,-1.279675975478305
2019-01-29,-0.1484802653481487,-0.13368084866431204,-0.5150063075391719,-0.09392384450002435,-1.196977952869008
2019-01-30,-0.04686962359195913,0.12541327660229643,-0.6543436288520594,-0.3662797315004206,0.4763496504898269
2019-01-31,-0.4561711164055715,-0.20114675680302016,-0.17584880538408643,-0.3918313693955126,1.0236325604775336
2019-02-01,0.332590733016301,0.5512118266546743,0.273573772745746,0.2674604946390332,0.8975846881194409
2019-02-04,-0.05039053289247002,-0.6626759311263722,-0.2952389556563582,-0.2625400501547037,-1.0993052623709878
2019-02-05,0.16595470915367028,0.11509408480378731,-0.18912055788017265,-0.10729670102918996,0.3882827970090055
2019-02-06,0.2307461857327272,0.3731292178059153,-0.33708591025208245,-3.1579460579891206e-4,0.40673740758955723
2019-02-07,0.3860612972666192,0.2811495853765773,0.2099982831234519,0.1101703537663379,-0.5152677918101618
2019-02-08,0.23953462937973435,0.261112964696151,0.3534216645467025,0.17706407309622332,-1.0474899197681977
2019-02-11,0.12804083569811392,0.14808135292004185,0.0322624410884761,0.415173722375619,0.497440507776566
2019-02-12,0.4000844109966615,-0.2919013789622471,-0.1636664724700023,-0.07180268577319479,-0.0614561031977634
2019-02-13,-0.49184735004053887,-0.24294948395864274,-0.27420210294031794,-0.7254342974557789,-0.14864111527213925
2019-02-14,0.6169579882622116,0.7993087983805011,0.34273186167190084,0.3257535665920968,-0.049627914721487115
2019-02-15,-0.26959144978667415,-0.382667983435352,-0.7249688210450994,0.08015301508694299,-0.02098131688079366
2019-02-18,-0.02372221132947084,-0.06637975017876152,0.8103607087501932,0.0016697142174997338,-0.09793574719922336
2019-02-19,-0.12322692836782297,-0.033769915581269246,0.02013090415620553,-0.13887105258188756,-0.35833219237246994
2019-02-20,-0.2741160867764784,-0.15839600642932372,0.7821684089661045,0.022043816997958005,0.20298311689232335
2019-02-21,-0.02949579291274804,0.5133237254313784,-0.15349771129696846,0.07807650179231268,-0.7073045414961201
2019-02-22,0.02949579291273987,0.08675448309751219,7.9764576611263e-4,-0.07378439192549094,0.44319179075070825
2019-02-25,0.0067998723499846,0.10130486762100384,0.1921506603103451,0.10386506838897328,0.14620224823816208
2019-02-26,-0.22255802146591572,0.15532713860069078,0.24760379910316196,-0.2768495942415721,0.23481190279024722
2019-02-27,-0.2253283839685971,-0.37475573908441095,0.7667419627704183,-0.2101490640155463,-0.0797206752455647
2019-02-28,0.11386297452060716,0.2793420468434779,0.5669854690491756,0.00715022150224234,0.13085539562357396
2019-03-01,0.05916024068003979,-0.021045968714453078,-0.3422476455937502,0.3575314038788077,-0.3889460181395715
2019-03-04,-0.02161022375306267,-0.20832453638869433,-0.21111523912792224,-0.14034069096684182,-0.4212776818264148
2019-03-05,0.33956403273074215,0.31015703537899253,-0.12407431906602338,0.2912805781542397,0.2914981437379942
2019-03-06,0.26719963826244203,0.2865249257099489,0.10128115988168492,-0.3213140615893012,0.4375418154232756
2019-03-07,-0.06107727107340107,-0.10317641993460785,0.13251728021672116,-0.04995340397810693,-0.7847366297246628
2019-03-08,1.0276757477315701,0.9720838569409853,0.34453813277521717,0.3530019813100061,0.8954102052260857
2019-03-11,-0.3039391473069928,-0.32609934047276407,-1.1019996725605683,-0.025380850795426967,0.28326232633129633
2019-03-12,-0.23841175775366719,-0.33632327477096596,1.744968258904016,-0.49005753448054235,-0.27382124639862654
2019-03-13,-0.2502654830630955,-0.009572544110459498,-1.631775965822245,0.007301888315587906,-0.4935804831753584
2019-03-14,-0.38564850230345976,-0.36401607107264095,1.275799900370252,5.912517267439279e-4,-0.3074569571635891
2019-03-15,0.2003650966053685,-0.06439221681451261,-0.00402785870424076,0.1628915363017282,0.3487910095846208
2019-03-18,-0.1006960990779424,0.031320976792027284,0.19008519257848375,-0.011990301228837626,0.366745419678714
2019-03-19,-0.145002407648607,0.0020033866621551604,-0.39201550427626736,-0.021186725015308133,-0.4796257725780891
2019-03-20,-0.16450012745674183,-0.2821293267004506,-0.11142689454034845,0.059382598586452714,0.03605160642091221
2019-03-21,-0.6413410807152173,-0.40338526118410445,-1.1404260548739025,0.10854899179184262,0.50856599880423
2019-03-22,0.4640417885864979,0.3643823452412078,-0.09036392474623718,0.3624468327797678,-0.15227499633854602
2019-03-25,0.6982574004310288,0.44445709854158943,1.2618976780674722,0.487105755324652,-2.9969193165903265
2019-03-26,-0.1763704313313003,-0.012648529420163403,-0.11030904670649104,0.0048057808519049085,2.91410357287063
2019-03-27,0.36257832363157927,0.2677328084024272,0.33350983321017436,0.24244653478287453,3.8114720683114944
2019-03-28,0.20498839618826847,0.05441921742340221,-0.24056623636073737,0.10885098808724923,-1.384077776100885
2019-03-29,0.19334983338959597,0.020763517046109254,-0.5405055439760023,0.19526625272624884,-3.0683957805416076
2019-04-01,0.05500201511864137,0.45810629067718384,-0.2031872355115327,0.05577761435157537,0.3060139849523349
2019-04-02,0.1614962556493532,0.20560193227108708,0.5150510234981153,-0.24322110743121034,1.7496191129630312
2019-04-03,0.01680982685153646,-0.14459345369050952,0.464767036236963,0.12774829992924708,-2.632796449327972
2019-04-04,-0.383909673086117,-0.08212415002670101,-0.00906885813084169,-0.28814340130070853,-0.31183909003372734
2019-04-05,0.18764497341418032,-0.045221580725247366,-0.5737110159680735,-0.0773481563824369,1.1405105332384964
2019-04-08,0.05611678088361478,0.048180595490767114,-0.2415965531223409,0.053273545952619135,-0.07899813976637204
2019-04-09,-0.3281492073481816,-0.3021222732468696,-0.13500471066147016,-0.25315808582738963,-0.9058311966709449
2019-04-10,-0.09346878341710615,-0.04813332452880463,-0.14048513754935912,-0.15951764810789867,0.4505212632395431
2019-04-11,-0.0845441346072565,-0.1567618409836228,0.2371818821001339,-0.35685185818445636,0.3971757341485146
2019-04-12,0.13973625671127796,0.08155404352827705,-0.1911290702529691,0.060644487326921515,-0.43562923591539715
2019-04-15,-0.3926453887287959,-0.15839290252433846,-0.1795999997638607,-0.38185198205062953,-0.8903396925366552
2019-04-16,0.00112829749557545,-0.07813670255026435,0.1451540607448181,-0.15834129581520323,0.37119211673285124
2019-04-17,0.1762021818926615,0.11803305059292603,-0.25525621524367326,-0.2399901115149726,1.0464474323423576
2019-04-18,-0.10726753274142112,0.2600461598159222,-0.16074470885446834,-0.43453226937099937,0.5507463454684156
2019-04-19,0.5430513022733331,0.25096333232502716,0.1981039404544567,0.05515726763971657,-0.3340946562967717
2019-04-22,-0.07643436363330494,0.01291190223230311,-0.08162690890090875,-0.07628701554438835,0.2300671138426228
2019-04-23,-0.1282703101207169,-0.20332780564185457,-0.2230862449047365,-0.26116193162809376,0.12220812925148844
2019-04-24,0.3080215272999756,0.04825047129974752,-0.02634068281006983,-0.21609155534853552,0.2639112099336041
2019-04-25,0.6332891714611213,0.6964862364751864,0.37615167376040143,0.5683651662495093,-0.3103208421566654
2019-04-26,0.1493489459486897,-0.11212856718628406,0.08097710824901061,0.1582028181527685,-1.0079562260648003
2019-04-29,-0.12035870718228822,0.06849727178550374,0.06681104781860243,-0.08756748281608413,0.5998500218710221
2019-04-30,-0.3126975986935389,-0.3609292599118548,-0.21833596625564955,-0.3361274376392596,-0.2487456493545857
2019-05-01,-0.2755288572088439,-0.324023021607579,0.551679961833139,-0.28068786234876886,-0.2762379346779165
2019-05-02,0.13562607830761544,0.10778311033964882,0.23738786702946552,0.2542775076876468,0.5617716368078873
2019-05-03,0.24387022843649217,0.2536296514455831,0.09125728532139774,0.022815328696875924,0.38671310000384107
2019-05-06,-0.10956263111556024,-0.08564232222360812,0.7872226196416011,0.14124391268027087,-0.1544597015897642
2019-05-07,-0.1432791484107606,-0.5943856479821039,-0.5343963158750211,-0.22204027685351307,-1.6722888550069381
2019-05-08,0.09629197866598,-0.1324960293542,-0.1366043914630197,-0.17628283198599481,-0.37067848308156215
2019-05-09,-0.06492528629151736,-0.16360365964874904,-0.5004737487151621,-0.16415727350634107,0.5134530413315381
2019-05-10,-0.21187176311265493,-0.8784318985063078,-0.23008642904760304,0.2557965492943859,0.17502156426355395
2019-05-13,-0.12801764504051938,-0.14562152299645903,-0.12021095338236218,0.3218174781328084,3.132639635600744
2019-05-14,0.03482529293694339,-0.767568678800063,-0.3314069917244535,0.5191012881907378,-1.9799457652317973
2019-05-15,0.2501708789448138,0.22616206192377497,-0.18702533326554724,-0.08238323868350916,1.9478192192781776
2019-05-16,-0.02464851805685638,-0.011653090520961924,-0.4830717982137127,0.021387412787293007,0.13696686356143384
2019-05-17,0.301016841480143,0.18963680617805614,-0.08750620865336413,0.12670524445190853,-0.8550431502035851
2019-05-20,0.07372774880439859,-0.4174932336996212,-0.4445056052147898,0.022064393683695647,-0.02510389607562713
2019-05-21,-0.02903652249120286,0.03147450859815348,-0.04813946521713196,0.18818110320598616,0.02313711356326076
2019-05-22,0,0.002415680249148163,0,0.003484030343336466,0.007540568453229923
2019-05-23,0.11720120537773383,0.20279605427921832,-0.39446509020096016,0.04787065034114383,-1.7305849240822728
2019-05-24,-0.260264386567819,-0.3040605904728991,-0.2564709700088721,0.3501299844821557,0.1744387033518957
2019-05-27,-0.22393750608959784,-0.09954202139379098,0.2495783504917471,-0.10064222086706655,0.6292541166129211
2019-05-28,0.1411348422980239,0.16393732570361083,-0.19297163269114215,-0.07075743761376588,0.33559052277189616
2019-05-29,0.2068792377401026,0.04707712880783066,0.02822033398875713,-0.08775473660306168,0.8121115258617322
2019-05-30,0.29892075171090665,0.24031483870256598,0.05993754501638929,0.1608674401285674,0.37023319349686146
2019-05-31,0.05567402489158818,0.25509436037183214,-0.10080523665165024,0.19610181239075122,1.744583904832982
2019-06-03,-0.3847588852660214,-0.4115410988296451,-0.14868397595722577,0.35558579025995146,-0.32608318793959623
2019-06-04,-0.6445830078432042,-0.6573398317876727,-0.44973934331402576,0.09543087820782371,-0.8006485900163388
2019-06-05,-0.06863168436885704,-0.1842511870520433,0.2357673611441815,-0.0715865819768294,0.5369826006253176
2019-06-06,0.22258578473965243,0.1968612369967735,0.11086646670337412,0.08818025718068777,0.36412626758205646
2019-06-07,-0.4219828344535591,-0.41989798206096757,-0.3445604074972278,-0.12992196551196145,-2.5360178332809675
2019-06-10,-0.386401225670324,-0.4157367057772793,-0.19319132702938,-0.26114772804657216,-1.3410648124152638
2019-06-11,0.0181144615402973,-0.32161933425587674,-0.23221732297924289,0.1142935734229418,1.1105548666102614
2019-06-12,-0.1007779504454317,0.15921036487757728,0.16100284401895046,-0.4161239301109689,-0.5630717168716729
2019-06-13,0.2997789838162912,0.2179779922739304,0.05576834817391019,0.012858991674813145,0.2614652075350413
2019-06-14,0.13432139022486578,0.09468279447913143,0.02901624059833293,0.24058598607725837,-0.8877712113667443
2019-06-17,0.5635586181714489,0.5173810020339,-0.10119474153126976,0.02411020332428938,0.498637838216617
2019-06-18,-0.0673132274655874,-0.03338142504637101,-0.5009283083582255,-0.05947567009560432,1.053731052548033
2019-06-19,0.2354328538464312,0.5597655488892157,0.43504130937203744,0.022021628511016893,0.7081119225882714
2019-06-20,-0.35898806005276385,-0.3218218093442964,0.3548180079545397,0.43367295259983124,0.07750299981933773
2019-06-21,-0.5070115747243875,0.22009140801980367,-0.10244906042392156,0.6764865486088302,-0.21320205525337443
2019-06-24,-0.7858698550878902,-1.029912614116084,-0.4485373215973018,-0.18760017723307473,-0.8339848843330345
2019-06-25,-0.13669948473347013,-0.32051454888522657,-0.22464780713399565,0.2452094154349142,-0.7363862177596735
2019-06-26,0.26640390021478466,0.20254770395604152,-0.11885819358816244,-0.027153296807453552,0.4039973293674379
2019-06-27,-0.04207623533654833,-0.030890745171005134,0.01884992682145667,-0.2922393630157644,0.19399409024806058
2019-06-28,0.01592063874155375,0.1881447388230918,-0.14901694575982946,0.09402780497468856,0.019130993906880334
2019-07-01,0.07048372340149786,0.10385447220316711,0.20495347622801063,-0.2070802546914242,0.873883079307076
2019-07-02,0.6841027998014665,0.9107849027246507,0.2900871129947157,-0.09268632750520944,2.026333575089941
2019-07-03,-0.04967823546674056,-0.2887528642156917,-0.41696556525302575,0.12561929763104435,-0.7675997556844683
2019-07-04,0.04516869284606941,-0.0962423740810554,-0.07822083030757257,4.1900887822959155e-4,0.18270279564352487
2019-07-05,0.01918016422030775,0.15141721551417117,0.02170022690369928,0.10358208622552552,-0.08675516397333749
2019-07-08,0.5189307743699247,0.21086112531631396,0.06069581581603807,-0.13965870911190292,-2.7336548141617665
2019-07-09,0.10099377256191268,0.28707116868386107,0.02836934863724396,-0.19772672489714224,0.47753979984781636
2019-07-10,0.06951303941730967,-0.01594094763560497,-0.3937596143158883,0.10620292894961028,-0.2604825915181003
2019-07-11,-0.4504651940732202,-0.2176864554677861,-0.05350313931746579,0.1133865059536719,0.2606707132179591
2019-07-12,0.05740370210267568,0.08435669412078564,0.1800627963914648,-0.21284050767734544,0.06809998204580148
2019-07-15,-0.1745659265438975,-0.3222789540877082,0.2119040832721301,0.4699225745084,-0.8035723987659393
2019-07-16,0.0912672079438217,0.1086883173710569,-0.33902772320585056,0.08070255973839634,0.9711788549722786
2019-07-17,0.4404812806241517,0.47209601479995694,-0.40962439928241545,0.04670474306634739,0.16564024021562795
2019-07-18,-0.15484200315145455,-0.08223896312633526,0.0277808437307355,-0.013251547747397096,0.27438349271075535
2019-07-19,-0.28339516693956224,-0.38133034970650376,0.5745382898459391,0.11794281832310168,0.6756309452273704
2019-07-22,0.3844110215074166,0.3260696064184384,0.15265999454701618,0.36545735785775335,-0.47439599822275413
2019-07-23,0.1087557053357708,0.14832116209985735,-0.19484328325611044,0.16396324322560632,-0.1853077694624532
2019-07-24,0.49074675498688974,0.5282902374086316,0.20299571886259749,0.20073372169121922,-0.5420198610183623
2019-07-25,0.07913887906004603,0.21859842891595832,0.4555010591168805,0.16630830597600743,0.1381558597125354
2019-07-26,-0.03342777468418136,-0.018107515938641277,-0.2940502763798092,-0.6531424918649207,0.014862544188467913
2019-07-29,0.12586424965777404,0.02847449812409646,-0.49239950147412515,-0.11139151093480787,0.7193004542220092
2019-07-30,-0.0980103298086309,-0.3020575845849403,-1.3928513200061352,0.06585970441642061,0.4009276110671728
2019-07-31,-0.13379691883316952,-0.029228004011517546,-0.5921303414151066,0.05197259787187919,0.657887062487156
2019-08-01,0.7758017936413368,0.7764679778306375,0.7113616120379065,0.3572509277091229,0.030536993838274906
2019-08-02,-0.0642367170864275,-0.2136230154340889,-0.30700515922167676,0.31609625882259534,-1.0992049791948746
2019-08-05,-0.2629099284466266,-0.8777023309973097,-0.03350144934710782,0.5162673596574702,0.5461544856679446
2019-08-06,-1.2147950516988255,-2.8620139100349435,-1.1649544141898152,0.025691845595731493,-2.569056790574848
2019-08-07,0.32778523360135997,0.4505663364672224,0.4226609108124816,-0.17616042063857423,1.756511795408605
2019-08-08,0.02353191249881605,-0.41758409245169914,-0.19406783822493248,0.14204140486168612,0.22041759818640605
2019-08-09,0.1533802647823076,0.3312100899118841,0.1570222626728065,0.2468703986032442,-0.03129710736731206
2019-08-12,-0.19035649861257525,-0.4088073371706335,-1.1980473242611152,0.08655002485136691,-0.18401743511960758
2019-08-13,-0.08747157439385302,-0.057933899914482966,0.38369344405600025,0.15649553520095374,-1.6808813144287948
2019-08-14,0.3684014354080585,0.7003439887648513,0.24768582930919403,-0.2874412793664266,0.9526082452178362
2019-08-15,0.30244087332919795,0.49847368266276804,0.2710827258218598,0.5509841516935385,-0.9098487030275803
2019-08-16,0.26708564106833366,0.29822209889999957,0.5255041495811743,-0.0021744919185401603,1.2019836334264986
2019-08-19,0.17765905116158173,-0.053968523634941354,0.7500197247407654,-0.11051120482843368,-0.19799017069759417
2019-08-20,0.09646611520011052,-0.01979534989449563,-0.14645234954507688,-0.08995957596854821,-0.9116450917481393
2019-08-21,-0.1319737727376763,-0.2724069744856884,0.12189357441153428,0.22776747559475785,-1.017176157811138
2019-08-22,0.06323495735885916,0.0026733524327336826,-0.1845696717068986,-0.34313220802473593,0.6135755472695346
2019-08-23,0.06098411473301086,-0.22583484643280374,1.0424292033154496,-0.11813530178258819,-0.4269582362553258
2019-08-26,-0.5312309309738498,-0.7220760164767985,-0.44543090666736623,0.569237691188785,-1.2248715984233751
2019-08-27,0.3537256893122475,-0.47809755917222607,0.02318309011759331,-0.27583022878906166,1.3003269108481084
2019-08-28,0.1231746731771632,-0.06863478547117587,0.623078153433333,-0.05973868465348042,0.5654922607710327
2019-08-29,0.0377046242301822,0.11764787451575934,-0.49030322712350904,-0.008316680781188874,0.6806361909961227
2019-08-30,0.21593289853707265,0.388613548707254,-0.04642030236210952,-0.24194472902323974,0.24740839749044752
2019-09-02,0.636250279123811,0.49683434860983205,0.4122737812112465,0.2707254488656541,0.7974317362305708
2019-09-03,0.21191385919893396,0.036461617099726756,-0.5524084848130756,0.10432002000877025,0.7310880245970033
2019-09-04,-0.05485905007385552,-0.1496279646826536,0.1420179266603978,0.2977623138211922,1.017386106067308
2019-09-05,-0.5491346018406956,-0.10122204550571047,0.7529846158883419,0.06567712964302538,-0.27604180787329846
2019-09-06,-0.01214168264904507,-0.05628849597564395,0.5984890964970917,-0.5541055514451615,-0.8397895816614593
2019-09-09,0.14227119813050845,0.6007069810348549,-0.18991872720747785,-0.04846281427643272,-0.36386325351835114
2019-09-10,-0.2515879513087518,-0.29539915644701104,0.2545162799213675,-0.70780318511431894,-1.3295926072396624
2019-09-11,-0.01767205143778939,0.09174369803420676,0.05890118942168635,0.029111542319591475,-0.42114749731176393
2019-09-12,0.3342692532724993,0.2836779188502303,0.17131305039298522,0.09070698478791407,0.678380460977652
2019-09-13,-0.406122843276582,0.14262331040269516,-0.4492843107037585,-0.11328568092712547,1.03630288939691
2019-09-16,-0.2269543528952703,-0.21600796074006026,1.1260655783117357,0.11972629584288365,-1.5502608332564782
2019-09-17,0.7013239349717617,0.8544201296885863,0.14922486753891084,0.06649451443925175,1.109249289999044
2019-09-18,-0.622658385213596,-0.9031913524758856,-0.02806358960216349,-0.6041015956629163,-0.20433099486569378
2019-09-19,0.3912760857539548,0.40519435909118134,0.13406121986650937,-0.07310214020290476,0.6958746091515946
2019-09-20,-0.1545621897768915,-0.27296468887683417,0.28161164705499236,0.21776342148003133,-1.095805699827729
2019-09-23,0.2670111427786461,0.3165536575294154,-0.15794073662811728,0.3777895693107246,-0.1564789227735066
2019-09-24,0.23003809903159375,-0.12572826754920105,-0.07009010638725781,0.37139798035189314,0.8934997804044723
2019-09-25,-0.21019503659985683,-0.19033617576166847,0.2022458418022484,0.18233333667876572,-0.13478896211334523
2019-09-26,0.5821856335969264,0.3527874110537587,-0.4352240733543119,0.0804635583663664,0.9592774118182882
2019-09-27,0.27564192221067263,0.2914983172037687,0.05218543523505049,0.02182256043819898,-0.029516947396256543
2019-09-30,-0.18257472434581137,-0.022691646389820914,-0.4977794470561252,0.06890822912865358,-0.42178702478421254
2019-10-01,0.3942544389598539,0.03229727709034229,0.3684468621834501,-0.27840368989088593,0.5875581061804688
2019-10-02,-0.32315709581628765,-0.3192772673714402,-0.30471966197358547,0.16327215149927934,-2.095165284721569
2019-10-03,-0.26277761845697134,-0.2900842487445919,-0.16439220707616584,-0.6736879767720221,0.19847755887881213
2019-10-04,-0.1064125616801425,-0.12727565495542234,0.20166782075056897,-0.2724393261843721,-0.05050509083185157
2019-10-07,-0.10212211758438108,-0.11048957106418901,-0.1662756306338608,0.2852650414499149,-0.43796116059599294
2019-10-08,0.1317567235469338,0.12327660784556985,-0.2449696765775472,0.03393671068045132,-1.739746845779993
2019-10-09,0.10965267988038348,0.17369511047952885,-0.4491163352755598,0.30840945874483167,0.922233890386724
2019-10-10,-0.25240028453328434,-0.06954434840557396,-0.30614863290454597,-0.2898335202445772,-0.4660721150926699
2019-10-11,-0.21118508038714143,0.006685804027523252,1.575558009542688,-0.5557100425305912,0.920916373277487
2019-10-14,-0.17214227218683567,0.22688446782496902,1.311395840470816,-0.3725783862374632,-0.6746678766144504
2019-10-15,0.00904647798911471,0.31755256271926224,-0.04822704594018787,-0.014355995137134309,0.09055170998846518
2019-10-16,-0.05185753331739583,-0.22823190109345287,1.1215865000464806,-0.1810070807237808,0.8527649584727826
2019-10-17,-0.3636940737031767,-0.5491292674946404,0.13008701241084236,0.0264064155792379,0.43156855914223285
2019-10-18,-0.4706823401558062,-0.28274714040233717,-0.1219126272471084,0.18994106408285474,0.9738756540541862
2019-10-21,-0.2562558558288218,-0.33870537136250667,-0.01080394388091204,-0.04381997740357129,-0.035493647297593744
2019-10-22,0.0356866561505762,0.21326777105679992,0.5880465827611768,-0.09622996562773346,-0.8778983945766469
2019-10-23,0.2016512323627525,0.07801473780215663,-0.47060684835925454,-0.17508205953166525,1.4989045172143638
2019-10-24,-0.02782411876380604,0.14222809432630903,0.2702546656800177,-0.13822762864263524,0.6620514524756587
2019-10-25,0.2557096840000641,0.21709543656514874,-0.3883701156082052,-0.006697523602384505,-0.7805009784128051
2019-10-28,0.17751204828272718,0.24228708987591555,0.11332959890612208,-0.042063249889254854,-0.05704656440285555
2019-10-29,-0.13421613323952006,-0.14675144729079692,0.06358545084325598,-0.2229576407874166,0.3958439422575211
2019-10-30,-0.1410615264959022,-0.124021847808387,-0.06902842819640985,-0.11346311873364948,-0.8153771682748198
2019-10-31,-0.3563011187457169,-0.2170878756621299,-0.08443908892100954,0.11138330360290791,0.295690882939853
2019-11-01,-0.02342340812747743,0.18982394612151562,0.2698698266116574,0.21801976520915212,-0.5502359489639799
2019-11-04,-0.08483186461447004,-0.04468395746669851,-0.1003565237239042,-0.050807917156323316,0.04738371510283726
2019-11-05,0.3411098080933666,0.4372120727142775,-0.01532957789842009,0.06882766836493695,-0.22740648014282225
2019-11-06,0.4895684739123903,0.8166075456630253,0.40452405961011134,0.05361592423727476,0.06516240191852332
2019-11-07,0.03432343040611037,0.2626419471432217,-0.15099308371885545,0.00870678577903466,0.1352643005433307
2019-11-08,0.4590274687228715,0.020157867193800073,-0.13997886439836196,0.2269648704235423,0.07784982007265634
2019-11-11,-0.02491037604672459,0.467112118633374,0.10335793107364054,-0.29366889444985594,-0.041851697900568335
2019-11-12,-0.1179992664819658,-0.29065518790662637,0.3655983333154623,0.2808923381236506,-0.2091619976211713
2019-11-13,0.20945065673949867,0.22709578596189264,0.16059959234860569,0.23419676793925606,0.20256669191657475
2019-11-14,-0.00770712993249713,-0.215518801620891,0.00513852426357575,0.28993420121976343,0.21282089036327848
2019-11-15,-0.06610320661624661,-0.04276530628172794,0.15137304114003702,0.02827509621863731,-0.12401779116783646
2019-11-18,-0.3134730585158419,-0.13852475320602317,-0.00771363807212006,-0.33263571800241404,-0.28556634922186475
2019-11-19,-0.15599736293654468,-0.4189072150833788,0.07297487778040126,-0.17571742674032545,0.20099000234579828
2019-11-20,-0.06901025558301986,-0.1267818913784003,-0.2339940574118658,-0.20483325709238628,0.28018641719245585
2019-11-21,0.01030761451726111,-0.1160465998325347,-0.00844751000202446,-0.015981641268706336,-0.09959628328912576
2019-11-22,0.117375126118841,0.20517051457338517,0.06180833094011925,-0.13558131198996937,0.05319585249700226
2019-11-25,0.39206455924227457,0.26420944722679746,-0.12339735249901244,-0.1224743233355286,-0.018411870445429135
2019-11-26,0.07381815159192047,0.13388640035483934,0.4137246083957628,0.1354338994535137,-0.4728945376725362
2019-11-27,-0.07381815159192959,-0.02088864582505511,-0.35586857872620004,-0.1786258686308679,-0.3638660842355579
2019-11-28,0.16079721459086538,0.22461989993947631,0.695951944653364,0.048728565243594445,-0.11866475619670103
2019-11-29,-0.06275423045721432,-0.13795702449111372,-0.194552914758575,-0.07309024056385313,0.3903292411225421
2019-12-02,-0.06609029720222381,-0.03544231689747987,-0.06609029720223492,-0.2637496652064072,0.11311103043330734
2019-12-03,-0.5436089218695336,-0.642992557962166,-0.3290244311718171,0.2991148068266207,-0.3759215732942742
2019-12-04,-0.05540853176036007,-0.4154325531761281,0.3855459234029098,0.3837152579680807,0.13544323798648694
2019-12-05,0.01995041870499362,0.1482473880573135,0.8893679793260756,-0.12405597863580367,0.07199691883488085
2019-12-06,-0.201912308926477,-0.11815281440368969,0.1566725894830717,-0.08663341143875754,-0.14798128038567113
2019-12-09,0.4200130717519841,0.5459065956605833,0.27668801248392055,0.05422248590030498,-0.08251169160525537
2019-12-10,-0.05519736322187447,-0.06872680943614068,-0.00788617691755241,0.20767514965206088,-0.488914580045681
2019-12-11,-0.25049428665646845,-0.18612507827494398,-0.36085229355125326,0.07690685691292232,0.16547326519257932
2019-12-12,-0.3878867315365556,-0.46613154114486804,0.1347786949740554,-0.18202647146600434,-0.1796691330901506
2019-12-13,-0.4497849743317942,-0.22519684302213056,1.6134135984477018,-0.7235982664466643,0.3504895814248015
2019-12-16,0.552177125044864,1.215310824694134,-0.3572991131866943,0.6256196381330204,0.1337617103286722
2019-12-17,-0.11242222757144849,-0.15817735248257941,-0.7194815715800602,-0.046737709138056305,-0.6523085523983952
2019-12-18,-0.12927328987956438,-0.3503201893556671,-1.268174482870137,0.21438476078753457,-0.31625739166940703
2019-12-19,0.31842980116768466,0.18011414680636,0.05239764592695543,0.2800024399512047,0.004732071046446351
2019-12-20,-0.0900854800990742,-0.15332652187482104,-0.625225678630124,0.09539263153758999,0.04222137068674375
2019-12-23,0.41525618246867296,0.4562853636872842,0.3228768644121013,0.0011068802133308068,0.8349643418009832
2019-12-24,-0.12639349687980952,-0.17840322879767662,-0.5921990373999647,-0.04317942174137581,-0.16377194798397637
2019-12-25,0.03327368246872292,0.09661965076299286,-0.04436920580415081,0.15078633138557565,0.4027551088570642
2019-12-26,-0.04770388220483256,0.21838495023626328,0.25024052149630627,0.04564440473934858,0.3954258246685252
2019-12-27,-0.05104234111590015,-0.14869814030590728,0.16974676711450856,-0.2607199547655493,-0.011875621795500002
2019-12-30,-0.7286623560670612,-0.7186309374985618,-0.04108298604506429,0.057863958049784836,-0.9591610533793847
2019-12-31,-0.17862810709917673,-0.10360252624751011,-0.01747119273512443,0.338352036844385,0.07590657031868053
2020-01-01,-0.16526425861243332,0.16232089854032963,0.9688699295051482,-0.014619002867310195,0.02048600737564521
2020-01-02,0,0.013889608330202278,-0.09279413646539508,-0.029996440918941325,0.17934430023802672
2020-01-03,0.44112100539008314,0.4249565805889517,-0.29815780411676557,0.05829762556588408,0.4531425756298821
2020-01-06,0.084869657051758,0.10168869001937936,-0.4686435961796277,0.055494340239290355,-0.05937690224242187
2020-01-07,-0.32231383954304177,-0.45799481787391455,0.36281422279870984,-0.01520213868873408,-0.09628927515958496
2020-01-08,0.38703397583200183,0.7843937852486447,-0.04139676321574353,0.3512542516631323,0.4305681444821873
2020-01-09,0.3729826682040043,0.42166386125095723,0.30744651223953684,-0.06984449244995376,1.4179448499179692
2020-01-10,0.0188916948069646,-0.0422950087783464,-0.2481067172936124,0.03046354571455972,0.0866712578262614
2020-01-13,-0.05000532657699422,0.5585440885482778,-0.23803198724445868,-0.04936930596909205,-0.374785282870027
2020-01-14,-0.1713428868236565,0.1120655465244309,-0.6126141183347859,0.07954734708043253,-0.20736471160294573
2020-01-15,0.0434186606944436,-0.05817864687081186,0.30742269755337026,0.41900679817365194,-0.5977839881597319
2020-01-16,-0.20736147906197144,-0.05954418775606572,-0.06401066572999385,0.15324497852769586,-0.21329733430978387
2020-01-17,0.129414083342037,0.29480687389932475,0.41674030787919175,0.020594485167712177,0.17323656291200284
2020-01-20,0.4046570453323199,0.7097384932194248,-0.14316012191487207,0.071748002269311,-0.42061944542737706
2020-01-21,-0.02107909503067772,-0.07007255436016331,-0.03407564124889459,-0.02731171797390419,-0.29290179412280903
2020-01-22,0.10204176837493675,-0.4697624667559385,0.427710569809982,0.0669271750560741,-0.15273479601219503
2020-01-23,-0.09760499881297403,-0.14669689341360773,0.6410173842146655,0.05515863865423623,0.25875714696284696
2020-01-24,0.3721530948800107,-0.0711411402693233,0.1830497007968917,0.16304010235821087,0.22735335733989537
2020-01-27,0.27048154401574304,0.26357765102146924,-0.17329617790572188,0.23551066805579718,-0.05296587137770878
2020-01-28,0.05070083082549663,0.07093051364020417,0.03763989331911792,0.07485097044310353,0.16812431135726946
2020-01-29,-0.02534281360652997,-0.019898870285607762,-0.2979304727355967,-0.3332096050790146,0.032947251648726625
2020-01-30,0.05179574936314245,0.0502685036627243,0.0322712384196565,0.033551857739340205,-0.2201452477512623
2020-01-31,-0.11133636077493532,-0.10747823440978696,0.4017330775946032,0.27864916241382903,-0.39710353145982213
2020-02-03,-0.5485525052044302,-0.5568014996968262,0.15681403983312708,0.08586683079181719,-0.47087053840431115
2020-02-04,0.24257602777896653,-1.0168271663838973,-1.1645001927696226,0.008773649794848109,0.33105258904385276
2020-02-05,0.14150782738121523,0.3930387384786741,0.41221138690738446,-0.22049579218145754,0.3363656665685091
2020-02-06,0.4079147164799839,0.7916906161642498,0.1346063535126973,-0.008125567395902582,0.4178976305552615
2020-02-07,0.17588635635341565,0.2796793686559718,-0.340062850587186,0.05023471754860596,0.09537120577765984
2020-02-10,0.30704229891578066,-0.11242325881577918,0.00750734129026135,0.08367585569334009,0.3547741296794172
2020-02-11,0.32794255111968174,0.5638755764745811,0.5344196208854309,0.28231925807063496,-0.06934349990534844
2020-02-12,-0.05457899073717789,0.2553958969350152,0.24168929231690095,0.10534548864669549,-0.3801671385518102
2020-02-13,0.3988568387689992,0.3309123313246405,0.4066311210882056,0.2056298836395918,-0.12814299463591902
2020-02-14,0.27586935935610774,0.22383745846348724,0.9623741528209322,0.15230931206288437,0.265693185749189
2020-02-17,0.03903700347406307,-0.0827312816196094,0.08601773424592253,-0.23422199096395507,-0.3256973108742458
2020-02-18,0.015174787186236,0.10621117237650773,-0.32232839712792877,0.15091629174435506,0.1422701252250824
2020-02-19,0.41324230737163753,0.17954123094558327,0.36121607896671415,0.16549489480798826,0.10483946259847998
2020-02-20,-0.13601848487573687,-0.1365300447538748,-0.7064859614925562,-0.18729203254707746,-0.4933399884450006
2020-02-21,0.2046496764517286,-0.16532458198784108,-0.14379439866580537,0.1805147591638273,0.006948814543638437
2020-02-24,-0.4721186336458277,-0.5389040708530505,0.0730336420345514,0.03525981719415536,-0.579957216048937
2020-02-25,-0.09358327590465387,-0.16625264309816012,-0.30321070653811116,-0.18434735126508328,0.04977813085118876
2020-02-26,-0.301841513666154,-0.42835918713079885,0.2906581544182188,0.09325388442473224,-0.6489640909586784
2020-02-27,-0.03581554049379946,-0.11700538953042858,-0.7807331383425168,-0.08609180933339416,0.13468452688600308
2020-02-28,-1.0175447527352983,-0.509548710786101,-1.1568481916342672,-0.2356903283638292,-1.3806062549764668
2020-03-02,-0.4905810422639403,-0.3496178033581535,-1.1278358743879138,-0.008182144342273845,-0.397073058219767
2020-03-03,-0.835643346081307,-0.989706396699291,-1.147643746473841,-0.23532703061753624,1.2906134355397014
2020-03-04,-0.3281729195869601,0.15171367447981143,0.09146424942032408,-0.09037525876693409,0.9894316829935992
2020-03-05,0.37273637898381606,0.3211874828283648,0.7941476864433087,0.25316515547231877,1.272122083163684
2020-03-06,-0.7580987646460693,-0.3104628810924386,-0.17185641327948423,0.3650848487668404,-1.0921104451516441
2020-03-09,-1.4345408615899058,-1.3876984387501097,-0.2935778549573408,0.5228084159224955,-1.1653309376081151
2020-03-10,-0.10481051458757024,-0.4203024015283429,-0.28803356080021175,-0.19094000097336372,-0.045653254860502646
2020-03-11,0.7172069563950378,0.5410796598995612,-0.5573226010987489,-0.184717592904177,0.7328994947105268
2020-03-12,0.4871123222760212,0.47114660952184745,-0.22425612225524005,0.25627638510956596,-0.08436367803441647
2020-03-13,0.6823700781210464,-0.2680265262504569,-1.2711535381851495,0.08081960955046943,-0.6891302687424069
2020-03-16,0.2647330876833911,0.5491031491751251,-1.0998443502305488,0.09463135304923136,1.5909709924037267
2020-03-17,-0.0703016789136799,0.1789818093167709,-1.1506650501933435,-0.19471205031728842,-2.1610720458899566
2020-03-18,1.3317896271767418,1.152657950384638,0.1428833690808883,0.059020451949235074,2.6461414918665698
2020-03-19,0.4911892531991792,0.0075151755628724,-3.689431802474335,-0.23463302047007928,-0.8949229937365545
2020-03-20,2.8144080771163025,1.9488021467559005,1.681564186893452,0.5460329697037964,1.9741542838081272
2020-03-23,-0.3469689454375622,-0.01574119615737915,0.7661130261022131,0.029200255467032914,-0.7169448690638487
2020-03-24,-0.6544952365580989,-0.606359517121258,-0.8913265409545512,-0.3064611997935125,-0.6690688948938583
2020-03-25,-0.3526219061154703,0.01488109587152052,1.3277032025243964,-0.18129535498432772,1.7743576184083307
2020-03-26,-0.801521441819401,-1.5269927977864908,-0.3014735595403871,-0.43105754357823467,-1.4087496095777559
2020-03-27,-1.4467411219748436,-0.9943849096316925,1.459496953913841,0.034780794101096885,-1.0564561873721274
2020-03-30,-0.8187089303251363,-1.2084035333836611,1.2302555548500318,0.3305867222073918,-1.6657147832941397
2020-03-31,0.979877568790403,0.832187283490565,0.32289199914916816,-0.02868061223552488,0.02649801650206207
2020-04-01,0.03529198097441933,0.3502079521672752,0.33265958901168546,-0.13369932002676704,-0.12639586351544485
2020-04-02,0.6638045995333919,0.43822739028794866,0.4530724584419039,0.16261542042904223,-0.29269171846407727
2020-04-03,0.9744816047908904,1.235155196285866,1.0760754669373769,0.13613525157911374,3.0030198347974153
2020-04-06,0.37354318739070047,0.35405158731174136,-1.0466993027479847,0.06116246220573057,-1.2079738132341467
2020-04-07,0.02916967182406153,0.056343262921801696,0.1955026307037704,-0.05430838963342959,0.38819598038589576
2020-04-08,-0.8419050808379239,-0.17968533563103609,-0.04308446875133352,0.051006384591421844,-0.35887341912412907
2020-04-09,0.28938347371023143,-0.009319676341317192,0.7295929096955209,0.011526821099168319,0.30607356135656355
2020-04-10,-0.5850777165835963,-0.26397133396798184,-0.0881178358056938,-0.08043935911237542,0.9467662259494488
2020-04-13,-0.04809800306058073,0.03251521867914482,0.00173698178496675,0.04762868586405602,-0.9647982548789924
2020-04-14,0.08851384596624672,-0.14325417766448514,0.5919562560103283,0.021845493800796683,-0.07472752655526005
2020-04-15,-0.5696039300323961,-0.5337872025902006,0.24400294720929144,0.09477355592463936,-0.9873014114929316
2020-04-16,0.7335406043470776,0.43468112204382275,-0.10385584524433172,0.189272988564156,0.0987849859057921
2020-04-17,0.4285139918145029,0.28796633064718025,0.16341889521705424,0.0032697522827466676,0.4285629582416559
2020-04-20,-0.07820191746307513,0.037184608936890434,-0.08070301169194369,0.06097241736863355,0.3656510836034303
2020-04-21,0.01956120482851362,0.019583362625245397,-0.33943068027174955,0.010815256542769068,-0.12147999637342521
2020-04-22,0.07709720633414424,0.10122970554769373,-1.0881919806208915,-0.11816994359012273,0.03719635494103679
2020-04-23,0.43224633114355754,0.26621180946338313,0.6378443357157364,0.12400570177935416,0.8052022913876781
2020-04-24,0.3022167885164714,0.5756825776518567,0.5317063418695047,-0.07386748085189658,0.6923999788099299
2020-04-27,-0.4320208971249445,-0.609811252318616,-0.31584420503366006,-0.14826329746878597,-0.7171048871654254
2020-04-28,-0.01082592622059827,-0.1197457054621566,0.4415776691384138,-0.2611540135317813,-0.13677760016950768
2020-04-29,-0.1083048570305036,-0.015828203111380414,-0.00389613548939729,0.08735076941240545,0.03629742997521729
2020-04-30,-0.3745622317448897,-0.33761929839153937,-0.08688549308705344,-0.4066222730371532,0.20849768985098627
2020-05-01,-0.625210162486058,-0.4516406567335661,0.25288189467300803,0.11382332830551029,-1.210796562453209
2020-05-04,-0.12924943262924174,-0.1667491670496774,-1.1456825622842737,0.2602360027162322,-0.17972248708360095
2020-05-05,0.5061517445937898,0.4933536839617186,0.436435240699634,0.19152953914608747,0.5588533415414584
2020-05-06,0.6044457194208602,0.642310798282194,0.5936118874508501,-0.14677517406498305,0.24516625959116
2020-05-07,0.3699948420920573,-0.1751273202413266,-0.5877084248601685,0.09029765143504927,-0.9791056398504179
2020-05-08,-0.3569826442106425,-0.09130001296085175,0.05059200098097089,-0.136099477558736,1.7092403711370263
2020-05-11,-0.02167872414405905,0.12247348645238562,0.31302404825432056,0.1728157017852254,-0.05999197112733112
2020-05-12,0.2781873024230769,-0.06383203757493133,-0.39997770984103687,0.06663582633716036,0.8111536812516693
2020-05-13,-0.3454153486910616,-0.1260545431890699,-0.9847098450809222,-0.03683178584618245,0.5270273143644464
2020-05-14,0.21344971862723905,0.07395296016434585,0.1044425749709479,5.274659671399039e-4,0.16746532814752402
2020-05-15,0.15466442661769703,0.11240788881994467,0.09225302926660443,0.01172319796412437,0.6137621717848317
2020-05-18,-0.1330200736522736,-0.21597190923566184,-1.35140768068265,-0.01986199561427051,-0.24075982491110648
2020-05-19,-0.8629270343230213,-0.9836569426132773,0.07812764864060624,-0.8544584536709888,-1.2350749439233497
2020-05-20,-0.11576615920099752,-0.044849250757408546,0.341564573349042,-0.09156405970046849,1.108257381329111
2020-05-21,-0.5039383759406835,-0.42705141569136124,-0.6594715741726979,0.12859520130206725,-1.2525371463912929
2020-05-22,0.2741895715827032,-0.06547618148206372,0.164124805317259,-0.3727751019348619,0.019265028844676735
2020-05-25,0.4126281178358785,0.19557911698961936,0.10628158523867208,0.31910753189394003,-0.06473261530987576
2020-05-26,0.04405280636237473,-0.029270186157099337,0.16964882831912706,-0.006979131804924607,-0.27030289865378054
2020-05-27,-0.7198964933553503,-0.6997142886195785,0.3694996142183869,-0.11377922935130767,0.6724416683851749
2020-05-28,-0.3189700644398371,-0.8495214610337707,-0.88967764180529,-0.623590044056732,-1.4780701686632596
2020-05-29,-0.5634519843012606,-0.3072722622213243,-0.10246535766778717,-0.18955635594154216,-0.7579883026852248
2020-06-01,-0.35516384955550895,-0.25411468406044113,-0.14029266272799384,-0.049520560776799755,0.1007220041287259
2020-06-02,-0.06673092775854955,0.04838201091009854,1.0530542570924248,-0.16039862751016665,0.11569967978089662
2020-06-03,-0.5690338279647633,-0.18855881995269297,0.18427267471247183,-0.6672455475248196,1.326415115059678
2020-06-04,-0.4148682561719062,-0.6375779076073571,-0.4651836477295036,-0.4496892576022362,-0.9295445948652357
2020-06-05,-0.902938836116302,-0.8745407989624681,-0.6334608536499894,-0.37182407868883316,-0.7657894766745088
2020-06-08,0.16199817594840327,0.4923368792974007,1.0828998842350694,-0.4742288343094402,0.6108014150956266
2020-06-09,0.12330280426618773,0.31230918067823976,0.1984026287548814,0.4049243522134027,0.03554642371108892
2020-06-10,-0.23542992666616452,-0.29628671360044273,-0.4237261177699545,0.3744037367059876,-0.2055511600573217
2020-06-11,-0.2928021090883331,-0.0849273036125618,-0.2978852198256385,0.4377960826177087,0.21145777686246542
2020-06-12,0.683004994336144,0.6184321751827688,-0.37400457802955306,0.6081193550713344,0.08994508345453978
2020-06-15,0.32006583701402636,0.10880854896087436,-0.22429398471039527,-0.46141423450945696,1.0335158801259563
2020-06-16,-0.7590147436824163,-0.8691967174633559,0.26695277937651274,-0.5181122302537002,-0.9639521322308208
2020-06-17,0.6374216046632221,0.6384244883768068,0.21998056753835135,0.3639350506048199,0.80101322243702
2020-06-18,0.20257840155297183,0.2727502916152237,-0.05508590302948709,0.4315070411308295,0.20376086167100516
2020-06-19,0.2841521093135946,0.2500504636078721,-0.7237510520413275,-0.04275918815318323,-0.12973697961474448
2020-06-22,0.2987721329605691,0.5594922436905945,-0.3367092848427575,0.23280068750925892,0.4638430922848419
2020-06-23,-0.9095057230980156,-0.8113960295960448,0.32549570666366384,-0.3538378404828633,-1.0980800017311498
2020-06-24,-0.2891795009184151,-0.20986301226234058,-0.10273315224791069,-0.06430596192607778,-0.01918674267414544
2020-06-25,0.5448939665650071,0.2486272650219884,-0.3528536454209666,0.14696070570152564,0.5032711406082861
2020-06-26,0.25620007730021105,0.2752823124252187,0.35679539306978425,0.2487445204913708,0.10430251501112475
2020-06-29,-0.03367903676441564,-0.01255101683069703,-0.7061211777587075,0.01249756745318633,0.019090474749917874
2020-06-30,-0.18989199031385612,-0.22476014362018443,-0.4462723572272254,-0.5600649889852035,-0.17943248681977025
2020-07-01,0.10005176272755446,0.29772875672632265,0.7373016053540101,0.5247693029467335,0.2816568559261883
2020-07-02,-0.13717322924297914,-0.19497098918901382,0.4705001007772183,-0.035528740601101276,-0.15616981679107433
2020-07-03,0.12031595278195524,0.1704364425725742,0.1332834683130737,0.13595234372775908,0.008469505970113006
2020-07-06,-0.08319448626654197,-0.06870291462119602,-0.01011630642806956,-0.02806191322683725,-0.2742300595501137
2020-07-07,-0.5820437088329782,0.0957935278879409,-0.4222322023270847,-0.25478854167808007,-0.47866894054191245
2020-07-08,0.33317075936468254,0.4032484039246192,0.7112488034761897,0.26781782100890367,0.6023221737804774
2020-07-09,-0.5653583667688071,-0.40028184477404133,-0.00311480936576546,-0.12522441708468093,-0.6873412620988841
2020-07-10,0.4525481756836044,0.5704313452078885,0.3857173492016156,0.2001822082543817,0.7159809571046931
2020-07-13,-0.195478422418557,-0.1359656710254874,-0.01784035663522141,-0.215501230069908,-0.2258248430231672
2020-07-14,-0.312983635573911,-0.38632512516656486,-0.914512403856432,-0.45773729882019676,-0.13153304027386437
2020-07-15,-0.5731084189124878,-0.5941847939889335,-0.4336887881047517,-0.35138090265478594,-0.4573822589906807
2020-07-16,-0.05684764957307871,0.011966733423486628,0.11575749512268986,-0.575753348421081,0.2773658225403935
2020-07-17,0.21988281362380332,0.21507621668531832,-0.0306177138317535,0.03126639111258668,0.37079363354286055
2020-07-20,-0.4452839784056554,-0.4716939850790921,-0.3523004163048152,0.25663659492595037,-0.4089319621230224
2020-07-21,-0.13740876996342052,-0.04622509318541177,0.5804596351063291,-0.22164192859277806,0.11571853945747113
2020-07-22,-0.6552908037431692,-0.6215987137887556,-0.11189132122678194,-0.022491787358942115,-0.08228231592400062
2020-07-23,-0.30033068005974317,-0.6198875337938531,-0.30669832761784477,3.9739965269360353e-4,-0.2615433392809959
2020-07-24,-0.23627992504544848,-0.3467023950003338,-0.22991227748734017,0.17375227778399444,0.06127253866595761
2020-07-27,-0.4859005509410985,-0.6979702478763734,0.02463356437286339,-0.036506780805074954,-0.3895051669071107
2020-07-28,-0.9965846353996995,-0.723226637522594,-0.2658427965922182,-0.8681075156099457,-1.1742251545118307
2020-07-29,0.42983898977794704,0.2814233207130156,0.6931447429284567,0.5636272592508194,0.2735929639233856
2020-07-30,-0.5452413254519475,-0.5322114257806863,-0.09188428751433445,0.013183375867545909,-0.49781376590577586
2020-07-31,-0.7557730482728866,-0.8965657908193693,0.28169177853222566,-0.35263405830188116,-0.006246423237555865
2020-08-03,0.7604877620557431,1.1651615496730168,0.6372572188986463,0.2085826271771401,1.512896898213628
2020-08-04,0.1612839227539103,0.17617223114451408,-0.01412119149867966,-0.3470312014599169,0.5888158081708788
2020-08-05,-0.44209923295387993,-0.33253449580397854,-0.385849755705763,0.07161021009582037,0.47095567044857267
2020-08-06,-0.484421731319171,0.037974667963291325,-0.17380215432767954,-0.01727528906417522,-2.0622543599218077
2020-08-07,-0.03086983850074217,-0.28431504042862626,0.05449486019448038,-0.27666481599509307,-1.6657942525811098
2020-08-10,0.7925657651976418,0.560968121302585,0.13780714853281803,0.45513089604826146,0.7730854930625315
2020-08-11,0.3822121048823877,0.5142948491574362,0.5729600289404877,0.05876237664565381,0.4052028432052681
2020-08-12,0.01056283455459745,0.2729599840108957,-0.19193110021189683,-0.19339679711681557,2.052408292310842
2020-08-13,-0.48672043753428634,-0.3346614619015582,-0.507594475126249,0.07938014587582151,-1.5572237171775856
2020-08-14,-0.19277181561498283,-0.3250875102408492,-0.02039247860073117,0.024447482214807862,0.7535602998693434
2020-08-17,-0.30415396512394277,-0.4125965361094897,-0.02549285820842072,-0.19613572212814404,-0.0803320489157674
2020-08-18,-0.20169448636143705,0.020219954306316436,-0.1950098226373392,0.028375523711709233,-0.03700508371724465
2020-08-19,-0.599181950385018,-0.43881970374817986,0.5093069779022648,-0.23814178300008226,-0.1016264103240942
2020-08-20,0.8772937668035531,0.8667394150990345,-0.20890708329898763,-0.4651017390388631,2.2997243651637107
2020-08-21,-0.2543704941241685,-0.1242397593386815,0.5776817321088946,0.5839677837792028,-0.5349594558200619
2020-08-24,0.6391340754740035,0.5761077098717683,-0.32002041585130897,0.058402584950916006,0.9663895948564039
2020-08-25,0.02949844927155874,0.06793253810723784,-0.14450309518317073,0.0033125084446763747,-1.3102579220576076
2020-08-26,-0.3426312925561887,-0.23619452147589234,0.2736198023285651,0.07027708089589807,-0.5445908238494641
2020-08-27,-0.06511822732342648,0.3081486382528848,0.4478191065577497,-0.014459945978482927,0.7501241803154421
2020-08-28,0.19521980310364703,0.15643259790239994,0.04198586074061159,0.0023080369342484757,-0.3174463591239274
2020-08-31,-0.8308183307316376,-0.4581744592313512,0.35089808521318305,-0.2492184658618178,-0.27899396408908134
2020-09-01,-0.17415756438502394,0.034254933500546654,-0.11403764394754372,-0.22844422536176567,-0.4095194280382318
2020-09-02,0.13243685869993638,0.4304951415032531,0.39339373290598906,-0.4975720097169972,0.4489559693229072
2020-09-03,0.6382304050645534,0.5278374397164314,0.2784285966315248,0.40003543374670464,0.7241656797590738
2020-09-04,0.06395501907555678,-0.0197755808128465,-0.6053666796535364,0.16380532733934006,-0.9011691484841613
2020-09-07,0.04498626544599982,0.1063021707066659,-0.0796016580874449,-0.3615533212515501,0.186080736886156
2020-09-08,0.10763825397821244,0.2913453746463773,-0.5248313179803766,-0.2294975602538159,0.05140515731272932
2020-09-09,0.4364450442230658,0.23064955815293126,-1.0464177566433683,0.2489136696919343,0.1715214655048175
2020-09-10,-0.30650000384234966,-0.09430983259334974,-0.07019903387323426,0.2874993843171628,-0.10094535355382629
2020-09-11,-0.15241955964890652,-0.18161350875424886,-1.6316462071773243,0.03758056637739189,0.23930708800687764
2020-09-14,-0.1550161909830642,-0.17041351572185431,-0.16858700047195407,-0.020454945932630128,-0.359421749891214
2020-09-15,-0.23001587836136492,0.1131393441056666,0.10607765980902688,-0.17824649198633602,-0.27980203776639356
2020-09-16,0.21580365093012568,0.6483476934459866,0.48858984703717967,0.17358534227518968,0.4165603470996858
2020-09-17,0.3464392505716891,0.7892901031652921,0.9285859105824956,0.1075602518122389,0.2672146024870855
2020-09-18,-0.3784194404350522,-0.471716723762526,-0.25846347210482706,-0.13693046904270545,-1.0257358494191167
2020-09-21,0.02250984815356816,-0.07133606314490454,-0.30782885056074166,-0.30294412417379246,0.22018317845627433
2020-09-22,0.6566912063438954,0.12512247959420464,-0.21503768466616985,0.20234795850259954,0.13310767273982432
2020-09-23,0.5080188782394747,0.8901720543014099,-0.09018923794436744,-0.035358700184711184,0.02841487799674372
2020-09-24,0.4264457091039669,0.045818289679362946,0.21765921496692597,-0.0294326471186697,0.2249046158037796
2020-09-25,-0.12599555256341732,-0.3982115034263745,0.1847922896173753,-0.44447491309945253,1.06943886960186
2020-09-28,0.3251529101752279,0.3663819596518965,0.4017210939010355,0.14833780306676284,-0.26792434061628656
2020-09-29,-0.3730263732286265,-0.16886947134975808,0.4589968630426456,0.07571073661710877,-1.9297449919634504
2020-09-30,-0.5398432735944403,-0.6203217647601598,-0.5938995820202236,-0.09323578643351915,-0.3687229781302799
2020-10-01,0.13611364287140204,0.46630502035936994,0.531901959462636,-0.02269087805632176,1.9005994393188348
2020-10-02,-0.1607706364541045,-0.1205640202121924,-0.40333031122525514,0.004679508662832493,-0.9654614573523481
2020-10-05,0.20883766317107869,0.19369198899223317,0.556085630071439,0.3059442932803562,0.7275523739361297
2020-10-06,-0.6125130992924307,-0.5976471670486511,-0.13811540041337916,-0.3125269934272986,-0.6913637804971042
2020-10-07,0.4659031443226137,0.4200335018182196,-0.37892791309865315,0.16330952049667696,0.6341341798039073
2020-10-08,-0.2538556036391189,-0.2201430676689542,0.01188946277388986,-0.17421596748513535,-1.1414331775673798
2020-10-09,0.00400159030344396,-0.005527127379454327,0.18113271522820312,-0.006961650572465476,-0.640510164527647
2020-10-12,-0.4226242406377291,0.993584349587859,0.27991611812197054,0.2427578371107312,1.4520383245723203
2020-10-13,0.00591179322212184,-0.6724075783073481,0.26688255541939343,0.15298331689169478,-0.5093097503775924
2020-10-14,0.6278180816363005,0.5599011135389618,-0.3758015087113315,-0.05561966521721587,0.7297788215420947
2020-10-15,-0.0152677738400291,0.5017333936634416,0.5789327355456594,0.1791331848797169,0.3575377201038231
2020-10-16,0.3142504739649299,0.19946106689947024,-0.5370332730797753,0.2027355911482515,0.19397127179692353
2020-10-19,-0.07144627498971612,0.350701511278822,0.12744048842626018,-0.1592874642260311,0.29561434745564136
2020-10-20,-0.45441448826108066,-0.18977975098600836,-0.2926856827436295,0.03786864102795719,-0.15050463901860425
2020-10-21,-0.5168120008133467,-0.44901945603420207,-0.47537384781343206,-0.09557700272189663,-0.31465644045551344
2020-10-22,-0.2036803587023338,0.14008675132355136,1.1605794503095077,-0.11137864628059181,0.4605254984400983
2020-10-23,0.32899579374844656,-0.16274304127504285,-0.08249245724840054,0.11770281183138248,-1.523242983082548
2020-10-26,-0.2827654564092696,-0.32816940907617814,-0.4617752866158802,0.044369300155618435,-0.31202246829871494
2020-10-27,0.3300162903845648,-0.07734576836078919,0.0315082648004476,-0.04601831454924999,-0.7746395080414025
2020-10-28,0.2147061278548577,0.3116318954532758,0.33842972646252106,0.09813367265723517,-0.5273704583288774
2020-10-29,0.30121498000328206,-0.024769845600070423,-0.02145341535814489,0.10595999969697253,0.20222826221563395
2020-10-30,0.5973974709475438,0.8023095178818923,0.15024589601226254,0.07612701285311588,0.7907711861953057
2020-11-02,0.3136651044231727,0.7468054316686935,0.2735854886398979,0.10888524472303666,0.17124874023630354
2020-11-03,-0.00582609555462544,0.04251703240964076,-0.02780432539032196,-0.18223426108633253,-0.22717545959613017
2020-11-04,-1.020435676102074,-0.8211548615285255,0.49797107176937705,-0.1382687895148467,-0.2797620959271646
2020-11-05,0.25139863424372866,0.5575065906397031,-0.935606759614193,0.15657567909455103,0.8355257555115413
2020-11-06,-0.7206380695062504,0.028187214055148346,0.6016050950342139,0.06878597997025211,-0.15189328196670832
2020-11-09,-0.6366183456068122,-0.7131556884685051,-0.3234130021956071,-0.10435133522202755,-0.453210115974212
2020-11-10,0.5538645671401877,0.23173180282231043,0.47085781063355137,-0.931043914076754,5.199761011270031
2020-11-11,0.07212212938897719,0.29076917382169487,0.7672683240861436,-0.21432258306469637,-1.450401817005103
2020-11-12,0.3262523015631955,0.10698227216174773,0.04417253920539204,0.11117824336727505,4.874720844607502
2020-11-13,-0.1958609025456664,0.11745057076565342,-0.9743636924721616,-0.03664380713966011,-0.652739217903429
2020-11-16,-0.35401928593615845,-0.2663137873240925,0.3967240442623486,-0.08671670719790381,-1.0250207558673792
2020-11-17,-0.11970869835477745,0.1873963660339937,-0.1078159954066475,-0.18460587381609808,-2.0235688277201733
2020-11-18,-0.03558725515354167,0.4156649489402358,0.2437950590889856,0.07841058978655786,-1.4015016701250285
2020-11-19,0.13516014389545314,0.09995793059843966,0.1152705955627116,0.009124845707411271,-0.6714589522805201
2020-11-20,-0.1588812953917968,-0.499707813027601,-0.21322006671264376,-0.087766294028358,0.7883399434919238
2020-11-23,0,0.2735653014013121,0.4208860447595859,0.0150662332515622,-1.6832414192246388
2020-11-24,0.2003346887705005,-0.12248516543553646,0.38010966806980234,-0.03728800205512749,-3.011338049957022
2020-11-25,-0.4867342357784183,-0.5826662001326208,-0.23048110134610633,-0.334393468096772,-0.9106177563106606
2020-11-26,-0.16364653286421374,-0.015468835997250834,0.00219385203536608,0.08449909292634017,1.2696711734714907
2020-11-27,0.03360825786522831,0.07803815132943177,-0.19768665438266853,0.20116528816990822,1.2959088321428798
2020-11-30,-0.4643726768977816,-0.48119801267102347,-0.633834230444182,-0.24576158839435072,0.37377470806161484
2020-12-01,0.278548490096307,0.21425418005781938,0.3158818515176164,-0.19640413198032314,0.8549440893551659
2020-12-02,-1.1345699845260138,-1.0116511334702027,-0.49368627525894754,-0.1984724836518317,-0.5274163083027859
2020-12-03,-0.33258801250090553,-0.282313070347768,-0.7197491493601734,0.17702456155629584,-0.2920574685289905
2020-12-04,-0.2559485522245,0.04290040842257552,0.3717725836123294,0.14501057714086807,0.7337654744327256
2020-12-07,0.20020007037436868,0.3687296454315343,-0.07927608786781387,0.06795294035782976,-0.29009616854064857
2020-12-08,0.06786241721560973,0.12526359532460038,-0.3806180825341632,0.17889534808129756,0.2687796292471949
2020-12-09,0.01815889033994104,-0.018171455166079042,0.07963051397733052,0.23310597116743834,-0.04326823204010166
2020-12-10,0.26608815922072976,0.10406879364719618,0.27678161179224986,0.16483999767743704,0.3781984591204468
2020-12-11,-0.5411394685255565,-0.5667762633650507,-1.0012410647294645,-0.1500106011805526,-1.3706083627564412
2020-12-14,0.08971006575493398,0.026349606409727055,0.1842217677392536,-0.22111326495124162,0.7895587427319801
2020-12-15,-0.12760274826384332,-0.18666613475966803,-0.03300143908532449,0.07809335982024461,-0.015478729302064231
2020-12-16,-0.04447932579342235,0.11539552198521735,0.8042946853049145,0.071560099158071,0.22738429800587312
2020-12-17,-0.37188384181150713,-0.2559088401092383,0.06195658673881996,-0.3767831469944432,0.24421933478393343
2020-12-18,-0.5161492684537529,-0.548040359307701,-0.0193487168888786,-0.46183189623600973,0.7238780724971947
2020-12-21,0.38064083361427103,0.2788977153785276,-0.8667885345596593,0.26122048393408964,0.8660404542430638
2020-12-22,-0.16994360559736338,-0.33502805420444975,0.18448607293647187,-0.19399346070112725,-0.46144800344002623
2020-12-23,0.4115299835438277,0.4774873333046987,0.03833915885264025,0.11473216696531041,0.010679911258051622
2020-12-24,-0.0390028345569345,0.03739732909962059,0.7479452785930325,-0.06703484314592706,-0.055528667224332834
2020-12-25,0.0548508594664084,0.21994343132734723,0.40010788387904744,-0.3067643792663901,0.47072409138237536
2020-12-28,-0.16708003921990872,-0.33077271942159425,-0.01680924492617339,-0.03374268106051706,-0.6604323357675574
2020-12-29,-0.15023320296795292,-0.09608892533893121,-0.9370472822592876,-0.05393378038949358,1.2746932899608086
2020-12-30,-0.24109354771882788,-0.1627474961900345,0.01022556714615821,0.20232009965446582,-0.1971562260838009
2020-12-31,-0.3824067102786875,-0.2753759824161241,0.5815281082526287,-0.1199387146693485,-0.7060156949015622
2021-01-01,0.9773517884413933,0.8106657752650421,1.2875252170690938,-0.9045275887277113,-0.11568216577630785
2021-01-04,-0.5765555261007933,-0.5189284426637746,-0.4947563440110403,1.0580955796935145,-1.0717866452879434
2021-01-05,-0.00735622664048855,1.0534665687411113,-0.8336097039360305,0.18750599504425663,0.10714248813618954
2021-01-06,-0.3965123188171512,-0.2335943913300647,0.02959975781654969,-0.058954510971144285,-0.20778086350586733
2021-01-07,-0.3314261048349612,-0.4345184293634985,-0.3627780629226641,-0.33102796782179095,0.7234722870315519
2021-01-08,0.5660827653219374,0.27766865842962274,0.1568020804061478,-0.258511368758841,0.03482238790876535
2021-01-11,0.6970396164783081,0.7631351565463859,0.3029416254639859,0.38821262673490975,0.10686246994284077
2021-01-12,0.20950213174321655,0.184698311056316,0.2676423244236201,-0.028674252919974285,-1.4475133171677277
2021-01-13,-0.39551580445298445,-0.12173332457704343,0.681367754004267,0.007661700962708259,0.11551675930673899
2021-01-14,0.3808028393292601,0.30804324661727206,0.2250791247176205,0.25272002608809496,1.0963223831213256
2021-01-15,0.09239134183000496,0.02175045287198067,0.3438601595434466,-0.0675015808984868,0.05477900322569451
2021-01-18,0.6866108748783553,0.5863732519981415,-0.10798864421344452,0.2350096677735062,-0.5384898601432548
2021-01-19,-0.07605172831767604,-0.2114434715480505,-0.03259366703264513,0.06385832527705596,-0.36321515842617047
2021-01-20,-0.5085373313111897,-0.3165857348982345,-0.04570169705753837,-0.18517318084377177,-0.17911600639334552
2021-01-21,0.1916137148526484,0.36046287499441276,0.3691397499775906,0.03871870599536655,0.9708155514882
2021-01-22,-0.4172884115166984,-0.3277329263762864,0.02792691964098473,0.01641934603077016,-0.1970959997848507
2021-01-25,-0.02591320931275029,-0.35086337549463154,-0.32696194114244626,-0.029736885407801453,-0.8322450761234772
2021-01-26,0.19087660606735585,0.1963562273654801,0.12356023414359256,-0.12254320099064772,0.6314913128058997
2021-01-27,-0.1378281562258939,0.10904393341059045,0.31843697073593397,-0.002074229039740804,0.6038123175180568
2021-01-28,0.4773378169334242,0.20144173668247542,-0.04894013811153897,0.21656040734687085,-0.36068472770403337
2021-01-29,-0.12354407583350664,0.41316587777891806,0.28230306718328574,-0.09755206893083102,0.35782671568225527
2021-02-01,-0.03151851458536436,0.33572503690323613,-0.2307549858409796,-0.35066385702568975,0.6716269523472465
2021-02-02,0.4560329224879322,-0.1494956030009858,0.3177879735515971,-0.13691198585982167,1.4041655003680125
2021-02-03,0.24589779925830724,0.4062032924490144,0.10374370332951575,0.10892046725394494,-0.6638268530469669
2021-02-04,-0.0276917273947407,-0.03987370503946336,-0.10279225710837724,-0.14032812743919165,-0.07105359484464024
2021-02-05,0.6302406474781508,0.4492998309521439,0.8283467729574797,-0.02353468774401243,0.43857231597820934
2021-02-08,-0.6832463888964386,-0.5714667996954442,-0.22679113937105175,-0.14510712091666478,-0.4716216760945438
2021-02-09,-0.04001279473608462,0.19025758707275642,0.01082951137280121,-0.022798294405617866,-0.9566477055187355
2021-02-10,-0.5493380213142861,-0.3204842371990848,-0.02479982360775057,0.11836571959901807,-0.8827607607609751
2021-02-11,-0.01006147186412455,-0.39148989927849975,0.0955647596098624,0.21164422489929038,-0.016364798409575
2021-02-12,-0.08488716587742846,-0.11028915212052157,-0.2465966761455511,-0.08393243235392403,0.14637495700667286
2021-02-15,0.07761953783182345,0.06450979512700424,0.5205263784923464,-0.12180315716529942,-0.2549609767434708
2021-02-16,-0.08330887385099169,-0.07835772306562118,0.227894834775618,0.11420140725069095,0.9139235629227246
2021-02-17,0.3278756967447935,0.3234124863385911,0.136037320284661,-0.0664123951549872,-0.28829281422933195
2021-02-18,0.3684948582775768,0.3855706415621448,0.2116793376681988,-0.22965892666870055,0.5462565239813001
2021-02-19,-0.36365439849998255,-0.791383851699666,0.36280487678102014,-0.09404448098761968,-0.7493968401878291
2021-02-22,-0.2845676683702087,-0.3237234784597674,0.17040952634053516,-0.40684067500358373,-0.6952391309639062
2021-02-23,-0.3329382255763835,-0.00717740563094656,-0.04769985244871153,-0.25579751458793737,-0.6969323042841369
2021-02-24,0.12049879187212184,0.12149728167038013,0.4686694270970521,-0.9641034212098056,-1.1214745708839093
2021-02-25,-0.15809613593238553,-0.04040411272720794,0.03978357510128775,-0.38782560785651377,-0.5426345827960215
2021-02-26,0.09002015062181146,0.12099632985202814,-0.9053002518916742,0.1336740589130739,-1.5694024496044523
2021-03-01,0.5844176882910154,0.22097897162125135,0.32978964399066396,0.3219809610738761,0.5142583437710875
2021-03-02,0.3186665840816576,0.5628090681801767,0.01035989466183849,-0.5511465922704157,3.2049857190215283
2021-03-03,-0.28480970486245094,-0.33904093252910616,-0.10216842039403018,-0.3546444173673266,-1.2843241588717147
2021-03-04,0.2884203454503354,0.3041395413598569,0.08766862010923847,-0.2882901922502271,-0.31575060680050293
2021-03-05,0.6905197758631003,0.679853881667414,0.4540386438047187,-0.41313912037690376,0.8253944036444238
2021-03-08,0.35242896042219096,-0.007280561742778309,0.06107938521031694,0.17978566055032005,0.731917081855028
2021-03-09,0.6217744884170904,0.17729053739841194,0.40450624466426216,-0.040998297083834234,-2.5015336443274463
2021-03-10,-0.38901553143101464,-0.08377717750045098,0.09320718478751222,0.37414218704000873,2.22612157360496
2021-03-11,-0.23633748120306888,-0.23200691805634388,0.05857214734016492,-0.44786043138249315,1.490651377115182
2021-03-12,-0.5021504926535035,-0.33685135539423083,-0.08332420020014591,-0.011754346864727186,-0.4499403588375468
2021-03-15,0.3015981177183908,0.19107636535434766,-0.13115112760096093,-0.24467630051662298,-0.5758179361414856
2021-03-16,0.2029413754968633,0.2114504590209169,-0.01551839626116705,0.3295186172419417,0.6130721849279999
2021-03-17,0.2025227169367519,0.12493086938350838,0.2247683340244744,0.4654100826510928,0.8475101409032243
2021-03-18,-0.6794990677772829,-0.6330102820315875,-0.1512202890331009,-0.42585903499976474,-1.367843999048562
2021-03-19,0.5401606379240053,0.4577553488806162,0.1760581590920404,-0.04366157782477276,2.890229963732593
2021-03-22,0.2951415708669256,0.41947563280569916,-0.3710377694688876,-0.031289723768854014,-10.603482026750061
2021-03-23,-0.419162617059729,-0.49922810451672955,-0.20313609886418155,0.28668064051096265,5.686456795591189
2021-03-24,0.7809316347712011,0.6105197850095396,-0.176528357256949,-0.45999709078362067,-0.788668961901652
2021-03-25,0.2294449520728146,0.28091376140014485,-0.07354246204066717,0.03801010684144482,0.8737903914829386
2021-03-26,0.3090186251485919,-0.13192415342160502,0.7480232686605337,-0.09735986798457134,0.9759702573892661
2021-03-29,-0.0966134234852638,-0.04102153642142784,0.20771115969270573,-0.1327849318859876,-2.2245641324267953
2021-03-30,0.1443019436362226,-0.28907434802031706,0.02851791999139592,0.17977235326262478,0.9602998241040606
2021-03-31,0.4035176121666453,0.3463186434287887,0.19710590511995585,0.08028180176913935,-0.48364126589771783
2021-04-01,-0.04456795588998318,0.2837938600881885,0.24315826875530053,-0.301800244064106,1.6178676806407557
2021-04-02,-0.4348963077613046,-0.6144064228982931,-0.0813509973921077,-0.2754076398418254,1.415879635083274
2021-04-05,0.10007294698472942,0.020931543761360326,0.07241032462960433,0.07540622557988878,-0.772478638459069
2021-04-06,-0.430470340840254,-0.41972098456467144,0.16604897817747727,0.1724041686629734,1.1320740293628218
2021-04-07,-0.46675183324910735,-0.08078454603876369,-1.0632711522668452,0.005175940345374654,-0.8489659431639113
2021-04-08,0.00474871540059201,-0.03968016581796409,-0.6294753805920211,0.20687387883111796,0.11867347666856198
2021-04-09,-0.3532683872178623,-0.4938175247775502,-0.4219614036000973,0.18476783912430042,-0.2935724375149057
2021-04-12,0.12741715630537695,0.05898900044812562,-0.03451951687759507,-0.005705230929962762,-0.4649602695595355
2021-04-13,-0.11907313782124997,-0.051952164433719264,0.18443216904165635,0.21507462429313975,0.4863611003257075
2021-04-14,-0.33057627086526287,-0.2535881761812078,-0.2879420028230663,-0.11863564991174791,0.2910162100797705
2021-04-15,-0.2669386634617802,-0.06452911247265702,-0.12511129538984286,-0.5583547089630782,0.21071468792167197
2021-04-16,0.1197872792266246,0.21905668523816277,0.16527451826307235,0.18194284664491206,0.7823313035060127
2021-04-19,0.01915020593817859,0.1924962357825658,0.2579234375437486,0.14605010519835315,-0.7770428056899396
2021-04-20,-0.6315822590865117,-0.5891655797653866,0.6296683437228178,-0.008143810148320751,-0.7053118957720872
2021-04-21,0.1071402645653848,0.22798139777564674,-0.28670395065668763,-0.03808408163429684,0.1306346747834669
2021-04-22,-0.04452368864991359,0.10386053167468384,-0.09469558511744788,-0.15010252946359776,-1.1260392744003989
2021-04-23,0.19122059613187617,0.19456326390743534,-0.4683623483823699,0.1384406814074284,-0.7249529775325474
2021-04-26,-0.6231051392350143,-0.6713212108910611,-0.4347046926638369,-0.29339054767750566,-1.328110627270836
2021-04-27,0.0676841207452624,0.16871673366717446,0.27868146878786226,-0.03681427377141165,2.4874945640272594
2021-04-28,-0.07143095577936343,-0.021464909982952793,-0.01444900603984562,-0.028303440417821346,1.195584970312858
2021-04-29,-0.3765990541328321,-0.3134319596399908,0.00508955219214003,0.18706372354468842,-0.06466652313137278
2021-04-30,0.07279412418515203,0.15222080997136228,0.04488565370637674,0.02381222798120219,0.5101776728419818
2021-05-03,0.8224575158544644,0.7986080518667499,-0.13567508910227427,0.3794139290545154,-0.20278438172069813
2021-05-04,-0.2782257454785264,-0.20611842653456872,0.3275242773899715,-0.13302793098861465,0.04407054626410678
2021-05-05,0.3840141391094431,0.3681944731594061,0.27145280817874445,0.17170407312082583,-0.6537462897154634
2021-05-06,0.05886274199682274,0.0840278035628359,0.21453287015978428,0.08665946347303344,-0.09908370887606394
2021-05-07,-0.5031983176310405,-0.3452369766387022,-0.5838420727881549,0.10087049766545039,0.25526965006893715
2021-05-10,-0.8459516107695239,-0.3807707317770663,0.17523050791416292,-0.05654511724924012,-0.3443281909275978
2021-05-11,0.24798007411300335,0.4740742166056598,0.8874836648601963,0.25259991209026145,0.07140910071755768
2021-05-12,-0.02938332780895627,-0.19854805660735667,0.0200891036213647,-0.40979809684155316,-0.10503999255018692
2021-05-13,0.5448904780959077,0.11205832469352336,0.01611059382538735,0.009654433771939383,-0.9857354241214829
2021-05-14,0.01002795490668287,0.08526545183826931,-0.08134673501576513,0.29329861763952236,-0.3063047015102558
2021-05-17,-0.603269718440564,-0.36703551708050214,-0.24150848688649432,-0.08049841729114282,0.4812606219227597
2021-05-18,-0.05347615740199415,-0.11426926090607296,0.2784649138701125,-0.2946587696297784,1.987003502076977
2021-05-19,-0.5506328258970435,-0.34171513095336603,-0.27292757868888556,0.09050677057368621,-1.3651522914561314
2021-05-20,0.41926102829908474,0.24060298956808035,-0.15935734842992955,-0.3303874120886537,0.23075974230519547
2021-05-21,-0.43063129681446927,-0.41060856191363043,0.13095455493514274,0.3013109934714546,0.4082140762618346
2021-05-24,0.34538002924195427,0.3247460846461029,0.04368368448352783,0.3228152357652444,-0.22247050606756166
2021-05-25,-0.2573974062547327,-5.975642110409678e-4,-0.1640063240224805,-0.21514975598449126,0.3080644134590117
2021-05-26,-0.2817025025208228,-0.15234220018383957,-0.36801353296460126,-0.13489790055995404,-1.3636659133972793
2021-05-27,0.4623097322663048,0.7521634058878437,0.2658969080555972,0.21128410061263372,1.0791858354487678
2021-05-28,-0.00486892092587216,0.18908631160132822,0.6139216007460867,0.0635452314837938,-0.325349047285565
2021-05-31,0.02559870725841083,0.2691384997291755,-0.13903582455024122,-0.32095915156796495,-0.8874791259273002
2021-06-01,-0.3504687261542916,-0.3549337664698793,-0.02378290057016738,-0.1760272253473649,1.191692125034518
2021-06-02,0.12347715654755605,-0.08730032841564325,-0.3675589408063173,0.2613129468404482,-1.2497527541114062
2021-06-03,0.06473941004049734,0.06744817376389926,0.1695529564886722,-0.08331332637493777,0.9563279847553885
2021-06-04,0.6314430298984683,0.28301645434254785,0.19306958509980623,0.028610376512204473,-0.7244941655809927
2021-06-07,-0.2913738766637141,-0.13837204230887398,0.0931673716652172,0.18336526109412468,0.509382609973425
2021-06-08,-0.2070721242316441,-0.24896293010937404,-0.1206332937092994,-0.03707281332144369,1.0503191014593527
2021-06-09,0.17056678831236602,0.1014415303786798,-0.01781019783949536,0.2390317276162888,-0.047153052350521474
2021-06-10,-0.07514316319796611,0.13599017590413692,-0.3408082452165085,0.0557171879351839,0.34154934742073545
2021-06-11,0.07757186750588342,-0.0027700574952501857,0.4862544335149715,0.18136222943139632,1.8096234572904395
2021-06-14,0.5135737081496746,0.42892475936689034,0.1542948822399789,0.1737390278597918,0.4819202125629256
2021-06-15,-0.09934254397854685,-0.05861108823011964,-0.16568429475879237,-0.24844441748187607,-1.6995451107813775
2021-06-16,-0.04001609742681814,-0.16637018578396312,-0.24158306628013385,0.023374443885833682,-1.393597354360508
2021-06-17,1.0903186645947922,1.2072247419055289,0.4432574160707915,-0.023356215517151,0.35549435702455945
2021-06-18,0.6873769574630287,-0.009442654926405808,0.3145283447053095,-0.3164942561440042,-0.6607651226890995
2021-06-21,0.3342081870940893,0.2606169568006779,-0.5414752949300299,-0.20656138939310692,-0.23882140427766319
2021-06-22,-0.3270534209435644,-0.5207086551001308,0.4536101778353105,0.06976574101208018,-0.45106162187301535
2021-06-23,-0.20271682179380376,-0.46514068090741734,-0.02682364625419684,-0.2137234166735147,1.917590570957382
2021-06-24,0.02983489797234786,0.10684623698862653,0.15546052319321668,0.05904339503658705,0.0011774116482612396
2021-06-25,0.02385834151086849,0.06295893842851684,-0.3386388095438117,0.0013732648859040863,-0.8314020499782234
2021-06-28,-0.09907275906233472,0.28819523526402735,-0.2562069658054057,0.03842368003324787,-0.4143936277343574
2021-06-29,0.11100406473404312,-0.003296628504953221,-0.00425597862961645,-0.22468486290171397,0.9753840736145667
2021-06-30,0.226394792925333,0.10228708957707436,-0.03558211131917221,0.06274217600032375,-0.41936537568168036
2021-07-01,0.3801363527533607,0.4948012924884989,0.28189774688856245,-0.0792718852402097,0.5148768943127584
2021-07-02,0.08888767430042856,-0.049550956952301814,-0.4159733884057564,-0.03576381091804257,0.47592904431807603
2021-07-05,-0.08414202119711016,-0.15749711412000542,0.435941056260908,0.3593116011026099,-0.5139504976610806
2021-07-06,-0.06404732242417609,0.06765796994086068,0.1159156046580172,-0.12917024841549843,0.33372288830216074
2021-07-07,0.33164595271549274,0.10038215350729439,-0.03349153279197684,0.03866239388420935,-0.2432147276648659
2021-07-08,0.2635657052069894,0.37320223769091504,0.2304457398568172,0.17133029169578043,0.15151967914213335
2021-07-09,-0.46194470706965873,-0.7048947483458295,-0.5364464123377837,0.6883347224576616,-0.7442915506865784
2021-07-12,-0.21040698794468984,-0.09330822519685364,0.574603972376667,-0.12305291827401318,0.10396783055256292
2021-07-13,0.06528392208573176,0.11062662468493523,-0.02501605344398474,-0.03680464030278688,0.34382437119230386
2021-07-14,0.760029837547524,0.878234183762005,0.17570362314403465,0.3501127017288183,0.7383393314576615
2021-07-15,-0.49105290983783073,-0.43601156444415157,-0.11481951238040795,-0.03188397204342727,-0.3737754993213812
2021-07-16,0.1820621353158265,0.2754458446159363,-0.02282699540180322,-0.14967594941406812,0.31867546841602584
2021-07-19,-0.01854806967645339,-0.2771938147562711,-0.49592019868239234,-0.09654603816670385,0.1228419322910842
2021-07-20,0.17080651561059,-0.02320571353409364,-0.51365616465897,0.17150515085956156,-0.7444037089588225
2021-07-21,0.08252343591270639,0.16552945328095098,-0.18641235566284176,-0.21290073081245947,0.08889835340037017
2021-07-22,-0.07308234638374188,0.20060893646145475,0.5176193705489422,0.31901134399144976,-0.17736111719038825
2021-07-23,0.1696669209777611,0.14332430713782413,0.6052110602119898,0.0033306962583845375,0.03733300856517044
2021-07-26,-0.00589308605493319,-0.1601461073352059,-0.12276552534598724,-0.049372043223871974,-0.03308185787421511
2021-07-27,-0.29122406895439434,-0.32357163093290003,0.2260182921845971,0.15079274541293414,-0.4858337157616667
2021-07-28,-0.12997004508067603,-0.5858574739955116,0.2566192610504851,-0.012452648233222176,-0.024661794251852664
2021-07-29,-0.19290801555135503,0.07445541907891975,-0.01922606561843488,0.3443584825515082,-0.13178167569532223
2021-07-30,-0.39632109781917735,0.13625202343979043,0.01616798257711176,0.028693389413252113,0.8111756853508555
2021-08-02,0.21847985485023833,0.1484171157309104,-0.27046624085274057,0.20482539010740916,0.22368824537398257
2021-08-03,-0.06409929936696065,-0.060450399589669426,-0.08910886683652273,0.01779968888495643,0.8160712654484744
2021-08-04,0.04392010828315155,-0.08755695814740351,0.2246803697141379,0.21366110818965298,-0.8836098376760393
2021-08-05,0.27026069039768313,0.32539412215928387,0.0728267691356852,-0.0014111882223433417,-0.6792981116302831
2021-08-06,0.01420050123105607,0.11499341204060098,0.28125372605956317,0.014014732265493886,-0.5430394232894072
2021-08-09,0.7311433587731867,0.39691927623054435,0.3058652970024257,-0.25872681246564294,-0.5137938837072736
2021-08-10,0.09394444773048918,0.082768506365247907,-0.0460227733186347,-0.45107387564184087,0.040765761902420206
2021-08-11,0.12903698326558274,0.14001445085536912,0.03490143292973789,-0.14133424167576142,0.8464172458882733
2021-08-12,-0.15827021925637225,-0.04415311237349441,0.0647348811366903,-0.013748177072886097,-0.34789530368899185
2021-08-13,0.04802256350494081,0.043088072657687465,-0.35192764751562755,-0.14339722923951387,1.1305612620046166
2021-08-16,-0.4965058651887353,-0.46386282886024605,-0.11873749445082264,0.3153794827479997,9.591824203925015e-5
2021-08-17,0.12495051770468368,0.13259192897676886,-0.02743754167048965,0.43068619698100197,0.7161083996644416
2021-08-18,0.5978019159776162,0.43049323105786064,-0.1441704561119889,0.35212074567993273,0.6275637498658476
2021-08-19,0.05501958639484896,0.11735799421476462,0.07975127137888305,-0.24237600068082588,-0.8789885376818586
2021-08-20,0.22842612773610055,0.07560805499993666,-0.596913230328297,0.08066660826053625,-0.7972057484181758
2021-08-23,-0.1792871865722767,-0.14114011488984757,-0.22017224990571624,0.01820172954931426,0.13475694479270772
2021-08-24,-0.400862103364352,-0.23284208038474505,0.3266435889784596,0.12668535239559353,0.11687364283396001
2021-08-25,-0.07284170260269449,0.06527163930057815,-0.06734380046786421,-0.15754664431177193,-0.1811632469511999
2021-08-26,-0.18114856517437167,-0.25338444486664524,0.11713463612435242,-0.2432656992315133,0.13769511187222308
2021-08-27,0.15294540875913243,0.04704063088659481,-0.31402557645363305,-0.32737728069737687,0.054858696965791376
2021-08-30,-0.36169593109243825,-0.20828899940895249,0.07967470146468257,0.35507885475062984,-0.06819842059827588
2021-08-31,0.01781376236573952,0.08995607463077109,-6.2844145280113e-4,-0.6456539382123675,-0.3501972955044153
2021-09-01,-0.11331536380009244,-0.021305315855904415,-0.16463186450665335,0.06396547235782565,0.5665669625425067
2021-09-02,-0.25898130775566874,-0.2513297161832066,-0.12644585855799403,-0.30722343960868015,-0.24830737074745002
2021-09-03,-0.30001647486993216,-0.263552537284516,0.17208146873448635,-0.21980627924268853,-0.36139351601935454
2021-09-06,-0.0796052169305312,-0.04560033137527204,0.08242203361392789,-0.04480691512136117,-0.44994776653463786
2021-09-07,0.0914801928218852,0.013613755896546264,-0.05117295656234926,-0.057457735956761846,0.6181192991634732
2021-09-08,0.2656530503864481,0.13049770844265748,-0.1665852351678109,-0.2671849770477794,-0.6580148018138632
2021-09-09,0.20680434220565416,0.29108542831676054,0.1186548817585831,-0.09273040237778939,-1.2308416326197866
2021-09-10,-0.05769633095642053,0.0637558326324896,0.4640782120739439,0.482346922342029,0.843450823222696
2021-09-13,0.1181912103602457,0.2921072399356495,0.12649436294460029,-0.08293756997219812,-0.07198874902450147
2021-09-14,0,-0.09236151957355308,-0.0193722237287098,-0.4442094492738603,0.816739775999183
2021-09-15,0.05904704860358671,0.2459177079241559,-0.14278842342842366,0.23147276018674434,-0.033335679441534594
2021-09-16,-0.12710625809981935,-9.985395708954521e-4,0.1522558571025797,-0.11400556936724707,0.09088431047120393
2021-09-17,0.44533233508377534,0.05418805142331012,0.07004058072686181,-0.4118948302294319,-0.5452283593373701
2021-09-20,0.3195570363319336,0.19061132404417594,-0.1697332283116966,-0.22273971258204547,-0.8002276459189761
2021-09-21,-0.00233742355364989,0.015382425014594215,-0.4912850490646037,0.4250334485763914,-0.014620331573946821
2021-09-22,0.06215340073655387,0.047868420933113755,0.02389495539887192,0.4851256055572528,0.835552942877636
2021-09-23,0.3008212978931117,0.3849468274636131,0.00489780468177872,-0.014201272570886367,-0.016611197928473098
2021-09-24,-0.44864929118665264,-0.3742064071842657,0.3223189237705146,-0.26681111019636117,-1.3433667285066426
2021-09-27,0.14664840661053194,-0.002783069217298949,-0.2436784297708201,0.12971259533084004,-0.25762326483336206
2021-09-28,0.2242493734972976,0.37417546142829233,0.46237470354198745,0.08756849080806657,1.350991034398906
2021-09-29,0.08944087511728686,0.07169735561156865,-1.080661275439066,-0.3084962064963638,-0.4178291593657214
2021-09-30,0.7277304997338794,0.5692543348171419,-0.13119867323554243,0.1598770924699889,0.5172416765138061
2021-10-01,0.23408694678413508,0.6509891181333657,0.5568304190796721,0.4076412225303101,0.879784792478929
2021-10-04,-0.2828208273794766,-0.23596427598329583,0.4648565402765771,0.025594145499706674,0.22529498160720762
2021-10-05,-0.09638080038769369,-0.10673059943206165,0.17268509277229244,0.39658616159768395,0.06297345400611265
2021-10-06,0.19267982057976096,0.18448820735018368,0.34110509794405164,-0.17226457476990173,-0.15271191819273064
2021-10-07,0.35190085597075726,0.36606039454804057,0.09059325646471596,0.42691220394154056,0.2732614514838265
2021-10-08,-0.0381426691021831,-0.010047397579608344,0.16867017019457647,-0.10303093587279487,-0.29578030709359937
2021-10-11,-0.05434209268922374,-0.010106465027958355,-0.08157434894402246,0.01031106615669975,-1.124128093771149
2021-10-12,0.10635092731746518,-0.007680010815588268,-0.08410562469417335,0.14266029172160294,-0.06722824847930764
2021-10-13,0.1708435836084029,0.19506907431947404,0.08389857102377934,-0.1359516793486956,-0.1255066197325761
2021-10-14,-0.566767966320039,-0.21935891288071668,0.09672380315595525,0.15234584312342164,-1.548895699334325
2021-10-15,0.06956887472967621,-0.14003149224598763,0.0668391663935987,0.011708363520245632,0.33618341642653315
2021-10-18,-0.04753248849681438,0.006968558689438915,0.6286185237915102,0.04597405631485092,-0.013124612112296985
2021-10-19,-0.14506924609901453,-0.05279744992932139,-0.3279276567346054,-0.115324851882603,-0.5629063260694669
2021-10-20,-0.15574351739560038,0.5755239952033508,0.2565021331833679,-0.12787283823597617,1.09888681471166
2021-10-21,-0.19794696195469463,-0.3275534210218227,0.01787668676846409,0.2512923370082053,1.2317262823377941
2021-10-22,0.2549239246291588,0.24699313745192458,0.02462284897671693,0.3298190173404835,-2.7739933323885495
2021-10-25,-0.12679558513761743,0.015829790710087655,-0.33345041246697715,0.050889277378500256,-0.4178275513854244
2021-10-26,0.2441424235212561,0.23283201591067904,0.2565366154853578,-0.11184530606525794,2.1424606037729585
2021-10-27,0.11605601944854142,0.1840591954353827,0.12844001584236509,0.14992662799523965,0.9583674593015763
2021-10-28,-0.01623827764362613,-0.16026226159416265,-0.258228966069539,0.16307990239414027,0.4557963500792124
2021-10-29,-0.7171410218519065,-0.7106616900535174,-0.22429351179109316,-0.0028461584242170123,-0.7405367962783895
2021-11-01,1.0922804040502303,0.8142157289913007,0.23753642097414868,0.594943083473658,1.24742897332494
2021-11-02,-0.3705045477995701,-0.17521590603266715,-0.5741731103622973,0.39563036849482813,0.08339069071499083
2021-11-03,0.1738431516367715,0.11819392316859577,-0.10501768411071911,-0.3738543848535351,-0.7890480297924308
2021-11-04,-0.31313349393209955,-0.418077589313231,0.2542762568784596,0.06167493029444649,-0.6377165714465628
2021-11-05,0.5213485594809342,0.6423542152789301,-0.8481772449089979,0.38471768736090034,0.19263957906579354
2021-11-08,-0.11677502279926504,-0.09092406678838685,-0.24515079833959968,-0.016988856520902998,0.20705235585198353
2021-11-09,-0.195714319656655,-0.10417488317636407,0.3456591445725239,-0.32111105240533594,-0.07734134133760173
2021-11-10,-0.03477506623747645,-0.044329732923540636,-0.06800044961068968,0.25419695130552306,-0.27567233121097223
2021-11-11,0.949787977827717,1.0027189900581415,-0.14217870648937592,0.18251413330910943,0.11072704903728686
2021-11-12,0.3062046147157822,0.3612504179784154,-0.03924565841418021,-0.04811518617232282,-0.18348595759114844
2021-11-15,0.0801204275838266,0.2785849033989435,0.4577659004059668,0.102454154049032,-0.7445659194463984
2021-11-16,0.6591516828806703,0.625677491817148,0.594768696108948,0.20990127478633788,0.8833157329489905
2021-11-17,0.39930088007713616,0.306404533716811,0.5200515962626922,-0.12051517741819628,-2.2215825026372005
2021-11-18,0,0.24594365837337062,0.49795062736655216,0.20023506216403245,-2.689233234878019
2021-11-19,-0.4163420943211497,-0.5244066998278325,-0.3569655288296797,-0.08794489572367031,-1.5819117045848294
2021-11-22,0.8185652960956873,0.7595289532863606,0.3351004666929575,0.42707544151341803,2.0079516247377533
2021-11-23,0.2983585201136427,0.3864043311805546,0.02333294076199824,-0.00629900065673619,-1.1074947257018795
2021-11-24,-0.02473557046469624,-0.0968357140897001,-0.18671732892951684,-0.12704243645832855,1.8522763893154273
2021-11-25,0.3737631248588261,0.35068581252215725,0.03458714571618936,0.3381812355682491,-2.3406177056265127
2021-11-26,-0.05939027964335099,0.05830384900932151,-0.18328464401738337,-0.20185071300419397,1.8516994996370228
2021-11-29,-0.7425897335294737,-0.8320269627294279,-0.5413459690117502,0.44361800066279644,-1.891492192059121
2021-11-30,-0.00225892923596628,0.012137869510830582,-0.19685041171184536,0.17283432986653863,-1.159493236453983
2021-12-01,-0.325785330087555,0.04847253119422051,-0.469485302801695,0.060080468589920465,-3.901509411486082
2021-12-02,0.0951366790363728,0.03444714558737015,-0.02471887708744911,-0.005838691169832673,3.762977628222554
2021-12-03,0.11765121921122004,-0.009970883012209674,0.2680935778165674,0.21999806262460658,0.463792029720715
2021-12-06,0.01244234477381279,0.016381537084031197,-0.4599158892378655,0.17390947722365585,2.830652398698722
2021-12-07,0.16039171174724598,0.1694877681462681,0.3644561660755135,-0.5790902910728777,1.1523020830576896
2021-12-08,0.09025026753299337,0.23668656048072576,-0.04760031971499207,0.21035950335045944,3.583382753648878
2021-12-09,-0.6107903876598292,-0.2369960033557125,-0.8832998201423091,-0.1278319859684343,-0.8497331323485369
2021-12-10,0.4618329536852752,-0.0720759869048482,0.567567070352593,0.051185552456081446,0.20411810660763718
2021-12-13,-0.1638913322155167,0.08967475698636794,0.08635628860117155,0.13165923377306502,-0.22212536696949192
2021-12-14,0.2338898530564731,0.1543343260541794,-0.09566366051877792,0.09492115997449915,0.6743619543509314
2021-12-15,0.21418552396565135,0.21032342813314062,0.3425729194989502,0.0430498296466626,-3.6573869548789433
2021-12-16,-0.2615922006829089,-0.24544979929514532,-0.01534098454266634,-0.305245097585419,-2.22284957417831
2021-12-17,-0.3834951506340189,-0.41332791413872155,0.0724687791894841,0.21785097340096754,-4.045912586535899
2021-12-20,0.8026219874793831,0.664155824930771,0.09233339113391396,0.31881282910499203,2.6215209509819024
2021-12-21,-0.3017783123517573,-0.2602147255155362,-0.4487821819176114,-0.1243456324903244,17.307328292300536
2021-12-22,-0.08913322339794315,-0.0463406199528644,0.3612848324972952,-0.22824923880795292,5.947924340648992
2021-12-23,-0.3652534250632453,-0.3452596140130314,0.2536935555462921,0.01734890353315808,-0.9665248738756631
2021-12-24,0.01359612870219822,-0.00819341279015558,0.4216730063382975,0.09887389413365101,3.3773838817059403
2021-12-27,0.02717675050996352,0.061099258075514376,0.00987177074099716,0.00357623867905726,1.1864920234472862
2021-12-28,-0.05096876276717811,-0.09652990122498578,0.2348196679129383,0.12101139403544445,-12.150221562496789
2021-12-29,0.134734762083619,0.16815502792889253,0.06486615409052018,0.16117521163179252,-5.748107063445374
2021-12-30,-0.4002085556977368,-0.38887526429888786,0.08631305189113213,-0.037999162881011586,-9.242545607797863
2021-12-31,0.309652939397833,0.20445231423063018,0.3065443412269754,0.297942712645747,-3.3533745231758676
2022-01-03,-0.4267353279425429,-0.14075196872831033,-0.24975217402339653,-0.23120544626873132,1.1241204357425696
2022-01-04,0.6281143232397708,0.6141601551167011,0.3391572283187389,-0.06812809437493582,4.44103583757851
2022-01-05,0.1648756778474567,0.22460389447613388,0.5214708958040547,0.3912375332016322,-0.022374003624062055
2022-01-06,-0.2643830565772856,-0.24242439289711062,-0.08560700624497254,-0.3874828291672485,0.2338361575398693
2022-01-07,0.14697139139754786,-0.30976300565341525,-0.01556950623470021,-0.2963001392020243,2.2327537639485175
2022-01-10,-0.5039876404767365,-0.4384127916112065,-0.07133269070309105,-0.24176059021204033,0.9417511359524787
2022-01-11,0.20756708987674888,0.2100010102140124,0.1192633382051184,-0.7206344189874009,0.4651395110410704
2022-01-12,-0.3177601119399677,-0.2859533809179482,0.0713959071306021,0.04021316559566695,0.2904427481886749
2022-01-13,-0.6591516828806667,-0.4407341669554857,-0.09793058691330277,0.32173993243241805,4.03035079599031
2022-01-14,-0.13509382484208432,-0.17678030986231125,-0.10836007238164594,0.17842200584395695,-3.0728263601186634
2022-01-17,0.40590335060410354,0.49619238152824413,0.11285934015312256,0.007974656172453928,2.1307639586309977
2022-01-18,0.00113874530222731,0.11482048843702883,-0.18573712890052296,0.046043519258768664,-0.5379665554939213
2022-01-19,0.711760432953966,0.6339537917116185,0.361345549617595,0.34978651971542507,-0.23248376228863588
2022-01-20,-0.12130690311103667,0.06440191357947361,-0.06009181235475819,0.03268375635617973,0.5908912833394142
2022-01-21,0.26169374328444006,0.3297161225200749,0.1814387809459683,0.1202953645892546,-0.030391388887270443
2022-01-24,-0.24467800968055792,-0.19097378521884908,-0.552861466627906,0.21123279563525024,-0.7858941867571209
2022-01-25,0.15299833108573235,0.2630659039691163,-0.33923008706055185,-0.003879128586306428,-0.05170571613055086
2022-01-26,0.17310860305211823,0.24544995413745543,0.33241613611314114,-0.22566243954695564,-0.27010523615229937
2022-01-27,0.5411465673909795,0.6691068750140531,0.22413609557767697,-0.13970114446943446,-0.3173728569044881
2022-01-28,0.8620280849588186,0.16770647682677717,0.2685172837908977,0.10408815313552401,0.5640650127936534
2022-01-31,-0.04794159172371132,0.21497348103689437,0.06457700231005209,-0.08462559158148007,0.7269422361530737
2022-02-01,-0.6904807091364789,-0.8077306864365547,-0.37768932699344615,-0.26605908686458873,0.5328770922333723
2022-02-02,-0.3938049490606744,-0.45579857986735667,0.1995388626621629,0.2516059431051707,-1.1679654916967563
2022-02-03,-0.230266084196098,-0.26524879484085134,0.06231823717936692,-0.026305403016337967,-1.0729530949628394
2022-02-04,-1.1947232126998315,-1.2150811564246575,-0.9488916166928908,-1.3601372378786036,-1.765059863007542
2022-02-07,-0.16939655604671855,-0.2626544870334157,-0.6482757627781938,-0.7348157368292754,0.37857868063002553
2022-02-08,0.1064746932719022,0.1995927397022403,0.13868216710210848,0.262787522831459,0.25515742781330053
2022-02-09,0.18977167042882676,-0.00562827346893606,0.26182881152973697,-0.07605565344662937,0.4840095117847929
2022-02-10,-0.0022753465781715,0.06485938316990165,-0.10788767010740936,0.029324417928837943,0.849864224233491
2022-02-11,0.05251315768384937,0.19592170427872105,0.18928779621466169,-0.15002828422475106,0.7007076224767158
2022-02-14,0.4430837226841902,0.4502546264121206,0.5746202908197485,0.4949303492485452,0.5994465707219672
2022-02-15,0.5180328358145263,0.5085269738311297,0.2470085397601769,0.5096848696976998,-0.3049274047685602
2022-02-16,-0.4453168998675242,-0.12426200179605706,-0.38439582740342454,-0.5606139480608092,-0.6475002802273229
2022-02-17,-0.16253575664351222,-0.1342001445343194,0.16025954212494972,0.2228861314676001,-0.08748202672346095
2022-02-18,0.07731758795135062,0.06385667488561869,0.3262295870198523,0.2722931033474248,0.5663783594333118
2022-02-21,0.4343921841760469,0.6225478759356512,0.2479921120868098,0.2795727860246597,-0.4102276406600338
2022-02-22,0.06675169193646553,-0.043461492605134655,0.08577998127260987,0.6264374156865694,-0.3967100214439323
2022-02-23,-0.17205181805230813,-0.034786530587182805,-0.22098024999431515,-0.7972526280768234,-0.6165696652493429
2022-02-24,0.20710507537800912,0.4101707092098329,-0.11444952942772528,0.6440445853603283,0.11231124261101022
2022-02-25,1.0224378977160415,0.8244771480565389,-0.2588700165257384,0.11390012897079872,-0.45105727041992927
2022-02-28,0.08614158561598471,0.32026696449053904,0.08614158561598471,0.011023942428157343,0.5393887477076267
2022-03-01,-0.3113275910922217,-0.16634789073943654,0.05845346031018197,0.6803726859848179,1.6385401554138292
2022-03-02,0.7442014791289245,0.6823067532765977,0.08863986419864057,0.6514205959203273,0.2332411047616838
2022-03-03,0.1835316587916292,0.10764355782049831,0.6460007604362666,0.008119212586938745,-0.909624585743185
2022-03-04,0.410304052814814,0.42489650106541116,0.06658830874918331,0.7284057012258475,-0.3759066208521189
2022-03-07,1.753028836151016,1.825210504044399,0.7104321816781384,1.5564099021219995,0.9398027403450994
2022-03-08,0.08479603892523642,0.18372630583581073,-0.6763693080636369,-0.40108060398988604,-1.2742087280170318
2022-03-09,-0.302521211506164,-0.26150846474696104,-0.4017395433452853,-0.6793916208241072,-1.0188968293673981
2022-03-10,-1.5983954438480077,-1.6026374140877742,-0.9412780207742666,-1.2282768022624722,-2.3017641619605063
2022-03-11,0.5422450974016709,0.3527729963173798,-0.08473621888517897,0.23025262527000184,0.4709252610405268
2022-03-14,0.7461665202687092,0.4904503598931508,0.3413103434613216,0.17273027490235135,2.145414434971313
2022-03-15,-0.10172042215487365,-0.4702791926872146,-0.3967461222324226,-0.4705678415759543,-0.211659677731455
2022-03-16,-0.2388587321219592,-0.34720338829140046,0.02694110458535674,-0.5100549476925977,1.019711009219792
2022-03-17,-0.4782947654196424,-0.22350282609193317,0.24447672178640825,-0.5833428797470133,0.9243916896008944
2022-03-18,-0.7012538465957543,-0.6286189016770719,-0.5546213231856543,-0.1488555551845775,-1.4780157990483818
2022-03-21,0.5092770992904787,0.22963905893284567,0.51256516346835,0.8005213877424944,0.28182348187151063
2022-03-22,0.23494562473918976,0.3422322677581096,0.29155040360867757,0.11911483547905255,0.06318086286574909
2022-03-23,-0.1135375310259676,-0.2570907949091662,0.6292725072757493,-0.07368640622991697,0.0033212972979959066
2022-03-24,0.2126461945392822,0.09869705048436792,-0.24399972308731677,0.48852046555895146,0.37741085849185285
2022-03-25,-0.02972667240241786,0.05635788703481554,-0.10761387698041674,0.10369086347913181,-0.03035785544632394
2022-03-28,0.2518027616757975,0.2734092199482995,0.10411567012489104,0.06329016811955102,0.6545687717225486
2022-03-29,-0.10877383591928096,-0.17415709130161283,-0.6619583720748148,-0.3630113521970472,-0.12817407825289
2022-03-30,-0.8845097393777146,-0.7785116533411902,-0.9591731409718512,-0.622888958670076,0.7816271043828512
2022-03-31,-0.6319893943473284,-0.4257923294035825,-0.28833968266950394,0.2237407565944467,-1.4544521842716804
2022-04-01,0.8048664804752144,0.8872808603427182,0.8666346576792975,0.7621635925098625,0.9040519691530332
2022-04-04,0.22672778283931044,-0.07049959862215976,-0.10271667925319848,-0.06299104615062852,0.008927688391617394
2022-04-05,0.6485770491402103,0.6384519570350756,0.7311649560253883,0.6162733935549369,0.3193259221575245
2022-04-06,0.6345887741704507,0.6725887151809544,0.3504009313052377,0.2845287033162862,0.33175540417910165
2022-04-07,0.07521699867265372,0.19915713879821095,0.03468951722636336,-0.2735867424062768,-0.17904130215971603
2022-04-08,0.3068660384801383,0.30327769698697205,0.28595308730879176,0.16428872910133205,-0.10105595484159338
2022-04-11,-0.18488313653010163,-0.22919121647268798,-0.46938856248996824,-0.1461919961056226,-0.3908322668570053
2022-04-12,0.06420885703543404,-0.02721020784563466,0.00297647384322938,0.38579486170427096,0.4261206547249226
2022-04-13,0.4774839201849788,0.5335130652682245,0.3109091254755404,0.3492146960833919,0.6994189305373051
2022-04-14,-0.6484154387127292,-0.6420281527135013,0.25281091902970204,-0.7553637102046616,-1.1904872255739236
2022-04-15,0.6960393910240715,0.4866952903305349,0.3123520047618382,-0.2715848957211135,0.49719611759183535
2022-04-18,0.05300335180194577,0.20331614906867507,-0.0423638196928032,0.10267537521990187,-0.18997000193570152
2022-04-19,0.3099206141872139,0.38834023855777655,-0.05632278808574969,0.06236733594323962,-0.044913341325391404
2022-04-20,-0.11758350863038214,-0.4984793462263951,-0.08765239531721881,-0.9108817011815267,-0.4033364771739357
2022-04-21,-0.5118923643180077,-0.9451525901921372,-0.08936150687222054,-0.22296918311863595,-0.7919280911375706
2022-04-22,0.13553055318443777,-0.42819022294065245,-0.19065310779449815,-0.39577609203260994,0.15392273100856402
2022-04-25,0.222952123962858,-0.5975866667066168,-1.2883438340732654,-0.022094310368113653,-0.07172248572723458
2022-04-26,0.8997500540048843,-0.028325287417981286,0.18888842236902667,0.5753340334062035,0.8330130457579483
2022-04-27,0.6610226151395531,0.6832464466551765,-0.5709578107561095,0.2267639398496764,0.35884349279530814
2022-04-28,0.8352179109846822,0.8388603959883193,0.4997823923001094,0.15181240638305596,0.6644898142069208
2022-04-29,0.4833072313007731,-0.4504328910275902,-0.1405794866601789,0.15935745381442906,0.40129642841588553
2022-05-02,-0.30193049237596764,-0.06747495001653532,0.5768854877982543,-0.5629698283420286,-1.1745747424213207
2022-05-03,0.25570647412530656,0.25052774659860994,-0.34727042221946935,-0.14392155124614872,-0.024109981204023856
2022-05-04,-0.18513560381258504,-0.16439200755772884,-0.1681497724442956,-0.30573376096782123,0.039340186951088985
2022-05-05,-0.888334727382584,-0.9024673736079033,0.04908548067516073,-0.35142742758894685,-0.751495541775304
2022-05-06,0.7819372198253651,0.0023737762546152397,-1.2514912121012471,-0.4862300622113937,-0.06221725192433614
2022-05-09,0.07164347743802835,-0.09333224629647002,-0.2320432688212072,-0.3992054047766845,-0.4479027815649661
2022-05-10,-0.31857365372165874,-1.2842882716671642,-0.21991193904103276,-0.7184978055417103,-1.1070181011093532
2022-05-11,0.31120553998317213,0.1561878584727997,0.0708912631864838,-0.0660949796551095,-0.6708637733621998
2022-05-12,0.1946732396084909,0.39842627040663664,-0.416455847754248,0.24809117007711057,1.0136939684219204
2022-05-13,1.2722865261767229,0.33739958904137574,1.0425435569599044,0.353845015569445,0.7855537676545019
2022-05-16,-0.2026078804656744,-0.2076539350450226,0.22551944131234655,-0.1646303973573995,-0.4637141151827524
2022-05-17,-0.3678174850093977,-0.34102160087508426,0.1717823113241269,-0.3622635763551455,-0.6031420760285342
2022-05-18,-1.0377817305916173,-0.34064698604067967,0.24854479832751145,-0.2963633205711128,-2.3226086386048896
2022-05-19,0.7146940759466669,0.43353798307130104,-0.40140013685747383,1.3302923394804003,1.6690022133535583
2022-05-20,-1.0094047194697489,-0.3627117837571081,-0.07167620449312383,0.5029653208700556,-0.3586680352923578
2022-05-23,0.08670358678781627,0.35877552723587025,0.4224982601448917,-0.202127231717014,0.5550423374123492
2022-05-24,-1.0561954262868791,-0.3960575221345088,-0.5497562678849728,-0.13178400679770108,-0.24361667833462086
2022-05-25,-0.5086835283498279,-0.5871920792759757,-0.704541762222974,0.07703599458111328,-0.6629801381594529
2022-05-26,0.46595071167503943,-0.1591252313977997,0.8093416156233154,0.31831124883269135,0.18770974713829092
2022-05-27,-0.4326801286931792,-1.131446090770854,-0.18480588206223408,-0.123796429586816,0.11227492710778209
2022-05-30,0.01395117490927086,0.5255366288458788,0.10105260909947034,0.08291905003493079,0.9423078999097789
2022-05-31,-0.3913817743833714,0.20742748504796826,-0.24353129996068265,-0.43451404264594223,-0.18168579567594922
2022-06-01,0.3667019593145098,0.21160160775193454,0.0649016442403147,0.2155460703558688,1.2032767846526211
2022-06-02,0.7475100550259045,0.5616045801482856,-0.25490499077183254,0.36502395828138906,0.784362757429458
2022-06-03,-0.9054299007338876,-0.47264914745614167,-0.1385261309793147,-0.31593745413185614,-0.9971161071208956
2022-06-06,0.23302228184581417,0.19524973446964505,-0.4605768453322314,-0.27921527838095545,0.552973966972977
2022-06-07,0.3234063448417627,0.4345387068211039,0.5726921460154766,-0.6298516004597855,-0.15093649447387725
2022-06-08,-0.06737905923230816,-0.28623010244804914,0.4411085775374935,-0.3280392640242678,-1.3188303919078241
2022-06-09,-0.17775409484932442,-0.3944441384536208,-0.5521537975718019,-0.7682692668342478,-1.6091880478549014
2022-06-10,0.9228133182818664,0.7714040009945269,0.5448119339766552,0.7023152944930503,1.4668541393313155
2022-06-13,1.2242980524506644,1.0282569486499118,-0.5366052888279078,0.2689234944187806,1.744254538430917
2022-06-14,0.7159954992259995,0.11742025965607064,-0.34990237560606663,-0.03705727554919948,0.549012091005852
2022-06-15,-0.2440118174023176,-0.027485591686534996,-1.3383219851974522,-0.554194856457224,0.06939566433496669
2022-06-16,-0.1494166912702092,0.25288448051362933,1.1880855977719331,0.29954723634229674,0.21789143494046567
2022-06-17,-0.8632159944394936,-0.711131270061324,0.6084756278899458,1.9507045230913787,-1.0805359828857557
2022-06-20,0.527013010569697,0.2891123683974379,-0.5029952751194212,0.263503754315537,0.3635013414906858
2022-06-21,-0.2794688034567504,0.10521703728733378,-0.0873020194532505,0.00590379726033347,-0.35595874609468997
2022-06-22,-0.11263310547168597,-0.059710060306259666,0.0087331130562039,0.0263402700381184,-0.2493967445182
2022-06-23,-0.29852126267590673,-0.49280618668036463,-0.4272338869586373,0.16860076463620563,0.04539200975789903
2022-06-24,0.417465846638462,0.4363647173417858,0.4983535930444723,0.48337004823294133,0.622371664981527
2022-06-27,-0.43647817057432553,-0.27598810766400805,-0.2597761317793682,0.02314954750956681,3.7149620830445524
2022-06-28,-0.13957625433815407,-0.1891630349342671,-0.2623214319422196,0.009904056884742026,-0.6082684931801889
2022-06-29,0.543447518326746,0.2811289135313514,-0.091215784201523,0.5154186344558667,-0.32330947539522686
2022-06-30,0.7339457036861053,0.8674060414472458,0.2572462382352317,1.034775534612855,0.2561036805555817
2022-07-01,-0.29713085188301847,-0.2066761085819182,-0.05784518483524636,-0.3299307113138496,-1.5703917339975693
2022-07-04,0.4182325010529335,0.3680415442750842,-0.06097188170509857,0.11811493538434575,-0.2560160647872717
2022-07-05,0.00730092928356789,0.0639112957764364,0.10416605230731169,-0.20240957283794594,-1.0780532523922957
2022-07-06,1.6965678829353446,1.400367549598425,0.32258493276209443,0.9339925860042446,0.2690459794627522
2022-07-07,0.6971445470808423,0.9878596720669078,0.4799023794386559,0.5759952278923602,-0.6311565688082322
2022-07-08,0.16284792512088678,0.3281726363353939,1.038256466522456,-0.14329140366183357,-0.055010560833566924
2022-07-11,0.03660231172383742,0.15436048860483742,-0.05837968835208977,-0.31347516477668685,0.17985120635308885
2022-07-12,1.173373656711215,0.8437281332186167,0.20592816193941804,0.6997100534322525,0.7591423740434631
2022-07-13,0.14358094078835207,0.11756430347164865,-0.05140572825622655,0.28455915598362425,0.40225743093062705
2022-07-14,0.00401605805420134,0.09785657455019084,-0.1134983266776179,0.16720161003135112,-0.9911672044486175
2022-07-15,0.07020012314787796,-0.4804530362605316,-0.13365338801821278,-0.10146868592260856,-0.017322418082398316
2022-07-18,-0.7022493447528015,-0.758364776474608,-0.2917582450821634,0.096578077067186,0.01499587241149708
2022-07-19,-0.48276286445345945,-0.3305824360025661,0.02018844245936693,-0.6368294534673611,-1.2405873812500605
2022-07-20,-0.8456116811406469,-0.891746187590675,-0.3845368764679887,0.0656868100177948,-0.9878417690842629
2022-07-21,0.47564417898941,0.241259877806676,0.21071628150893304,0.21669126325939125,0.7270131136936357
2022-07-22,-0.3754269205399075,-0.5151916767714995,-0.1716939755909455,0.1881514975362789,-0.6965583199336851
2022-07-25,0.20420728121363857,0.38810348249333915,0.1274520483400453,0.5577953721165697,0.6933364539383295
2022-07-26,-0.2420351548135347,-0.19742726275762348,0.32536042751194205,-0.341580233609885,-0.18898211198786374
2022-07-27,0.9373056494817972,0.7326857430436204,0.785518414562005,1.1702156329499027,1.345082811365181
2022-07-28,-0.7840516682384671,-0.655331262345239,0.2589520136944238,-0.3121773162351442,-0.4734931985778509
2022-07-29,0.1662837950190076,0.2877983044613186,0.2514664267738586,0.5956626886028333,0.031087945309069775
2022-08-01,-0.15606629240479966,-0.09542487298527919,-0.20597186709975204,0.03287425833026642,0.39407505235805007
2022-08-02,-0.5189064513553943,-0.888906360697733,0.19175822211860483,-0.16430806006977966,-0.2911824894602148
2022-08-03,1.0351198843136151,1.2021138914105944,0.1238962856191276,0.18945129300132466,1.0832992175492253
2022-08-04,-0.01928397084881942,-0.004006794767362001,-0.05813787638335983,-0.2681501945419099,-0.1493041794683455
2022-08-05,-0.8835551723734535,-0.747613396437035,-0.7171208090556769,-0.11969675545607628,-0.8318972643481315
2022-08-08,0.7534415937540145,0.5021106603069758,-0.06389742098052566,-0.08347395120494715,1.178643797899194
2022-08-09,-0.2627481000036764,-0.06137587055140142,-0.05390693317048858,0.5147959959928411,-0.5870612998942368
2022-08-10,-0.10305181473466174,-0.13442683558109542,-0.19002502012575084,-0.006494441499361657,0.05752592225615655
2022-08-11,-0.9034052397915904,-0.48476130505921294,0.2392916765412187,0.3670339133116268,-0.6310794653156875
2022-08-12,-0.15463236906874325,-0.5007569294774175,-0.29255072081376005,-0.024560136035168312,-0.430610452796376
2022-08-15,0.5863386210464349,0.5746017723276945,0.02566849803056654,0.5569392337474341,1.04776844887212
2022-08-16,0.9249380579150256,0.5220876103553304,0.33725167991269656,0.5182653809665814,0.6679485335620909
2022-08-17,-0.08539974026697608,-0.2724771297526082,0.2563999471236828,-0.4315545446860968,0.06376975072074353
2022-08-18,-0.0936178442044975,-0.003975102188820287,-0.5330223342944796,-0.24390513925566637,-0.3513206077974237
2022-08-19,0.8908664203253893,0.821267109257837,-0.04666118770780997,0.3562995790122225,0.2093752266216315
2022-08-22,0.5433672462005376,0.1490521304790928,-0.4220958315142684,0.33573399048940866,0.35376353212449635
2022-08-23,0.9587811226055004,0.49889683729332457,0.5212898357334856,0.4056099318518882,0.5626607028762872
2022-08-24,-0.2757105900881246,-0.028380496244418026,0.2859554016678709,-0.2370041956172052,-0.9355502998365466
2022-08-25,-0.02192718431599839,-0.38781858916857403,-0.36921307580754265,-0.21223703984268927,-0.22289586818874174
2022-08-26,-0.0219403102486684,0.09712607849124612,0.2511798702463355,0.28470288620559203,-0.15205859241156533
2022-08-29,0.32752411283480865,0.006967870391024159,-0.7734772067895072,-0.15367904658717566,0.17735160654931556
2022-08-30,-0.7551984026927,-1.2801485210595356,-0.5163423540815,-0.5993602421817374,-1.006290802416387
2022-08-31,-0.11022011823749996,-0.2634722889066554,-0.6468455883762935,-0.817107257455064,0.17508225894150597
2022-09-01,-0.1394451024749323,0.15773434235274206,-0.6662408279378313,-0.6968100870194575,-0.1817985326841795
2022-09-02,0.8676090547837493,0.6390358135379197,0.4393861930974065,0.5931597438882965,0.947355848427225
2022-09-05,0.4319970965894187,0.575212158285894,-0.2138108128836149,0.19465762165872044,0.3417627145852077
2022-09-06,-0.4310029151858099,-0.8799129655753343,0.36620833511393,0.053057120961610145,-0.6137478293591472
2022-09-07,0.5468817444529205,0.19129241366990093,0.07377923845486323,-0.09493818752104197,0.707874258385536
2022-09-08,-0.9827376612398784,-1.1433617020559734,-0.9136395564213812,-0.23222752513461534,-1.199434277731764
2022-09-09,-0.16306906812630487,-0.12440162710708319,-0.14751693235367622,0.6650535797249358,-0.05739341089360095
2022-09-12,-0.591447362392074,-0.15437098738264934,0.2537635962563347,0.3080017233049733,-0.46900559914131645
2022-09-13,-0.5757313715473475,-0.5803634124175618,0.02797937170154374,0.17099296602939687,-0.4165852595406908
2022-09-14,1.4670914986609382,1.435549503444871,-0.1159705660790534,0.6855627069266367,1.802320434941881
2022-09-15,-0.01995970629735568,-0.44128762411996114,0.31658263327729175,-0.1593262569208677,-0.16683397607907202
2022-09-16,-0.04293896954672485,-0.5354595420679653,-0.84554401207634855,-0.017803142296544422,-0.10621696299214672
2022-09-19,-0.34017937018575,-0.18087609608614813,-0.5106763382507177,-0.4745087812447297,-0.09156337161314426
2022-09-20,-0.07219640016473539,-0.466495966619221,0.01586992144311711,-0.16718202772267948,-0.25833925440611405
2022-09-21,0.5880143867171845,0.3867655123146051,0.03911472240975112,0.6192424990349364,0.5956699310662676
2022-09-22,1.4147680973100734,1.0079073565014953,0.3135233306791285,0.9838026244782994,1.0789529474212343
2022-09-23,-0.1101604630896032,-0.43918804479337203,-0.03697311053081833,-0.8747248242891754,-0.6371645946111831
2022-09-26,1.552680660490544,0.8036804567016015,-2.679677859333263,0.8719599398947712,1.0270866072825735
2022-09-27,0.6856387846966314,0.4587151895171103,0.4580768193560989,-0.27119069237249344,0.14908034922819824
2022-09-28,0.286376825519889,-0.080517171641533,-0.13502941126131487,0.36399506926941005,-0.19510981396433036
2022-09-29,-1.1601697507511046,-1.4752036000654267,-0.15424639532670945,0.2753002594318196,-2.0705725492833817
2022-09-30,-1.2425726247878086,-0.3071158822989074,1.7882183082526475,-0.9390750195938684,-1.135597928891238
2022-10-03,0.3757705170284315,0.4772112596805294,0.11697254763122766,-0.720384318970043,0.6037183349697905
2022-10-04,-0.401332309708938,-0.3633054698553923,1.3212653841739812,-1.1238892520925259,-0.5536155325669047
2022-10-05,-1.5366962792935364,-1.5659808073843224,-0.507946267281904,-0.1840777861873371,-1.4410420281417204
2022-10-06,0.7371176040944689,0.6169279942981357,-0.10443460891263331,0.41307363633895844,1.7208459175591924
2022-10-07,1.2381194971008929,1.2854689502726584,-0.4787616191623302,0.32082044449905434,1.4627705519224623
2022-10-10,0.5535011240227741,0.6521613443843737,-0.2502707099684871,0.0630301445100919,0.5472769463638059
2022-10-11,0.2566746876105166,-0.23432741718002342,0.28989313450901544,-0.2643557690807389,0.14879819843196196
2022-10-12,0.10190096651592778,-0.06694122454971133,-0.883451007524698,0.26234519875541296,-0.024254480530117972
2022-10-13,-0.08054917847733188,-0.2209845388656527,1.16766356608499,-0.0810479209388331,0.27706902841715386
2022-10-14,-0.4456053379512714,-0.3984252059514025,1.3246427599238708,-0.8707765355321326,-1.184159139074177
2022-10-17,0.1227829163268176,-0.1933243741912165,-0.4070920818990011,-0.14918632978892415,-0.20731035593750713
2022-10-18,-1.09286474561628,-1.184166125560833,-0.12115756781923472,-0.32292012859962177,-0.9684676255513842
2022-10-19,-0.17739018816074523,-0.3391313808821435,-0.2625132036133536,-0.04748158716907499,-0.10384991825452983
2022-10-20,0.9923054996404078,0.5961601173898092,-0.1895630318527369,-0.1719537431262703,1.202786013566758
2022-10-21,-0.1270565200929619,0.07794958147959305,-0.03396340256295203,-0.07901755566644846,-0.22095362125936535
2022-10-24,-0.8267917654735604,-1.1942955923226752,0.2653882794184438,-0.2841806344489607,-0.4119689435597552
2022-10-25,-0.2675640869900294,-0.6225858110282347,-0.5937576360440945,-0.4740180796965454,-0.18116951748215193
2022-10-26,-0.7781101042108116,-1.401221770833348,0.5789399037007802,-0.3672420757957682,-0.5854455974251827
2022-10-27,-1.2785248640600666,0.4363499592296755,0.244888406757796,-0.37151330956121453,-0.8162181957724417
2022-10-28,1.2376571094321138,0.4933513882028179,0.6157838424496954,0.6140462923196408,1.5976465716722448
2022-10-31,0.12850891507329537,-0.15822731997178477,0.3867633475232653,-0.5228435976361243,0.36477884199623856
2022-11-01,0.6924464393830784,-0.01232850061604765,-0.4157556352951643,0.130439058255821,0.6725811735041807
2022-11-02,0.08498484807728388,0.4297544274022672,0.2709413378425082,0.20296833925254903,0.24239713195308288
2022-11-03,0.6449278651635506,0.5117603105293507,-0.27459262983886995,0.24429295377463503,0.5498690326418322
2022-11-04,0.6622268577274552,0.5356354213534975,-1.2278092005194172,-0.3765712389329258,0.5047818539593752
2022-11-07,-1.821134690851093,-0.043301242622226246,-0.3956271354212596,-0.20332332267318257,-2.404478169139121
2022-11-08,-0.9006146406171,-1.6495724771283706,0.7307603058513549,-0.1535636597906159,0.2104001068382262
2022-11-09,-0.6190521830417316,-1.0136706325790334,-0.3179727664245954,-0.21587014623903963,-1.1926807149752545
2022-11-10,0.6100333328057703,0.6343806953726719,-1.0000897251468472,0.6579609362441667,0.6995544286409384
2022-11-11,-1.708814571666535,-0.8990373973694706,1.131109559091471,0.1730834560720454,-1.0111961677472965
2022-11-14,-1.3286880929474274,-0.29503791975054916,-0.44764613586274216,0.8367989107385119,-0.8869563162061385
2022-11-15,0.0898233989768076,0.5495523055147791,-0.3061979194091007,0.18432570916785998,0.6237966056881057
2022-11-16,-0.37322089642766354,0.09258813067736697,0.7095074827717303,-0.3344470831388479,0.021687373892480655
2022-11-17,-0.35799229824580103,-0.9764977437935061,-0.06530538931405168,-0.5171969383081694,0.3829854927729308
2022-11-18,0.3206868811748411,-0.7231337814842898,-0.14293618033760813,-0.5732965939895679,0.8353243904275811
2022-11-21,0.2979798421446521,0.7650700759286775,0.518823105839102,0.19525825819004636,0.6642394916080332
2022-11-22,0.8282004908750633,0.25260158561362744,0.3325708499918192,0.26787426976695333,1.1964385649367717
2022-11-23,-0.6362364906543294,-0.2686828986345981,-0.07164061417439535,0.11479741624012987,-0.8395189975144208
2022-11-24,-1.0145862095391736,-1.405708528682741,0.4785672969611952,0.06991078583410364,-0.8447684918059031
2022-11-25,0.0780938813734163,0.18674569132291932,0.4082457165086726,-0.21711497086660633,0.2701674432769693
2022-11-28,0.3905934448185334,0.12282204335882471,-0.09518907964485616,-0.05154584440610533,0.5056182877313313
2022-11-29,0.21230044815689347,-0.2874009008542736,-0.5741814565236751,0.044727097292084184,0.0068056713673531055
2022-11-30,0.20359552381960327,0.8455836705454822,0.0912332329533918,-0.39343250928037776,0.07106656393434513
2022-12-01,-0.9721073718734806,0.2617049915557948,0.11544856944273751,0.09924290427745423,-0.7709074818698216
2022-12-02,-0.983765337881631,-0.5033383450752215,0.5099765165451364,-0.21032956578290363,-0.6341884741596227
2022-12-05,-0.14961831121075655,0.09325102105512864,0.15978762387960818,-0.1841607937445105,0.19643106666909538
2022-12-06,0.44923291025756784,1.3573771610080214,-0.4066657639227058,-0.20530513706072645,0.603000410464575
2022-12-07,0.2662687988950748,-0.1168112581993241,-0.2224297018425899,0.25925895019975675,0.3572461406907206
2022-12-08,-0.4217558881531005,-0.11140475408354386,0.23045165365844647,-0.26075771713600143,-0.29361623713799634
2022-12-09,-0.44040868037146425,-0.35856491714669647,-0.24727210031611577,-0.002322357937519801,-0.1438926871703733
2022-12-12,0.35522143897896935,0.4670376913363237,0.3809285890933144,0.4180816666436786,0.6747393772371186
2022-12-13,-0.18535661317022897,-0.43515997967467734,0.07322705099493176,-0.28206416994774947,-0.1697134833064654
2022-12-14,-0.802275589918921,-0.36009341116256355,-0.10532878075798488,-0.10131563766162122,-0.8759575083545534
2022-12-15,-0.4665415530993442,-0.5877526594610679,0.04012600756915618,0.007316254216771439,-0.02926312720713553
2022-12-16,0.3357472785711838,-0.029713845005191385,-1.5356262771942866,-0.043777995202865454,0.42734679214559956
2022-12-19,0.5232043416178098,0.5223600185865985,0.28579857281660925,-0.2464292430500134,0.8013312361949263
2022-12-20,-0.278774979471763,-0.33187244991249554,-0.33591440607746437,0.31907167817882376,-0.4893373681673885
2022-12-21,-0.11683215286930222,0.11308575082566534,0.1777130425376084,0.13776808794883735,0.130956745285786
2022-12-22,0.15928200295244724,-0.11608072207347217,-0.7619833462023953,0.13275158568284215,0.2461580768410741
2022-12-23,0.063635504463862555,0.020352300738781498,-0.24711440617194105,-0.45312140529643585,-0.042730950897733225
2022-12-26,-0.6062162914415451,-0.6862493523499763,-0.4395700892764664,-0.8315753540088191,-0.37835297961045034
2022-12-27,0.2588945631702715,0.6004885869365786,0.4589283127897789,0.306127442070943,0.11532840934796773
2022-12-28,0.02871907082002261,0.10641735371354236,-0.4426511799372991,0.29661375551868113,0.12090088970130114
2022-12-29,0.07444128462590194,-0.18431417811746367,0.08405501295804664,0.2114242521910318,-0.09299346646678618
2022-12-30,-0.29593483845725316,-0.10205493378068144,-0.06472083973111463,0.21292329746729435,-0.26807015356341635
2023-01-02,-0.4583966492703592,0.4890416252911692,0.071069575530516,-0.5712156065995289,-0.0016111156138249316
2023-01-03,0.299424584276072,0.3340618752002859,-0.17577292006812092,0.25143826140983305,-0.07303985621100359
